Target,Validation,Fold,Heldout_group,Feature,Fold_mean_Delta_RMSE,Fold_std_Delta_RMSE,Baseline_RMSE,Model,Feature_set,N_test
Pr,Repeated5x5,1,,Alg_mg_ml,0.14331744027485865,0.04256109276256842,0.08691508188936713,LinearRegression,core,8
Pr,Repeated5x5,1,,HA_mg_ml,0.13061472248526754,0.03439613035264931,0.08691508188936713,LinearRegression,core,8
Pr,Repeated5x5,1,,Pressure_kPa,0.12279058562008352,0.0370339619519891,0.08691508188936713,LinearRegression,core,8
Pr,Repeated5x5,2,,Alg_mg_ml,0.14217179352463763,0.055700193561135904,0.06150827877591779,LinearRegression,core,8
Pr,Repeated5x5,2,,HA_mg_ml,0.07739285811332725,0.03719587356498834,0.06150827877591779,LinearRegression,core,8
Pr,Repeated5x5,2,,Pressure_kPa,0.05426597044113015,0.029030523665749944,0.06150827877591779,LinearRegression,core,8
Pr,Repeated5x5,3,,Alg_mg_ml,0.11613070179619596,0.040322291803324174,0.06384913855584838,LinearRegression,core,8
Pr,Repeated5x5,3,,HA_mg_ml,0.06159412713950642,0.02748763081681948,0.06384913855584838,LinearRegression,core,8
Pr,Repeated5x5,3,,Pressure_kPa,0.07245086249835046,0.012063167195047105,0.06384913855584838,LinearRegression,core,8
Pr,Repeated5x5,4,,Alg_mg_ml,0.09981455548007609,0.043740861343070016,0.11059963504214841,LinearRegression,core,8
Pr,Repeated5x5,4,,HA_mg_ml,-0.010124556791418316,0.016311018604988296,0.11059963504214841,LinearRegression,core,8
Pr,Repeated5x5,4,,Pressure_kPa,0.05760073186317011,0.029233759398091256,0.11059963504214841,LinearRegression,core,8
Pr,Repeated5x5,5,,Alg_mg_ml,0.09258543603707046,0.01580932460438054,0.06545604946737686,LinearRegression,core,8
Pr,Repeated5x5,5,,HA_mg_ml,0.1402489612516446,0.018026798899166918,0.06545604946737686,LinearRegression,core,8
Pr,Repeated5x5,5,,Pressure_kPa,0.10696509315660818,0.039976145256544984,0.06545604946737686,LinearRegression,core,8
Pr,Repeated5x5,6,,Alg_mg_ml,0.10737319351616688,0.05442843362839445,0.08615061575851357,LinearRegression,core,8
Pr,Repeated5x5,6,,HA_mg_ml,0.10770864355035059,0.032889930465243626,0.08615061575851357,LinearRegression,core,8
Pr,Repeated5x5,6,,Pressure_kPa,0.027885262325217097,0.018498102924685227,0.08615061575851357,LinearRegression,core,8
Pr,Repeated5x5,7,,Alg_mg_ml,0.05124242224040264,0.020436002018345223,0.131018101009776,LinearRegression,core,8
Pr,Repeated5x5,7,,HA_mg_ml,-0.010685287317396281,0.014508330696728787,0.131018101009776,LinearRegression,core,8
Pr,Repeated5x5,7,,Pressure_kPa,0.032350576763906305,0.013071567213774431,0.131018101009776,LinearRegression,core,8
Pr,Repeated5x5,8,,Alg_mg_ml,0.1107756398469597,0.04912028519788267,0.055580061388537196,LinearRegression,core,8
Pr,Repeated5x5,8,,HA_mg_ml,0.07143035347994578,0.02201647467166819,0.055580061388537196,LinearRegression,core,8
Pr,Repeated5x5,8,,Pressure_kPa,0.11018042813493337,0.033776053519628944,0.055580061388537196,LinearRegression,core,8
Pr,Repeated5x5,9,,Alg_mg_ml,0.157373870774078,0.04324492856410755,0.05439453367589856,LinearRegression,core,8
Pr,Repeated5x5,9,,HA_mg_ml,0.1100884903705071,0.0321250035130391,0.05439453367589856,LinearRegression,core,8
Pr,Repeated5x5,9,,Pressure_kPa,0.07111117357366349,0.02476880255645394,0.05439453367589856,LinearRegression,core,8
Pr,Repeated5x5,10,,Alg_mg_ml,0.17075413878292237,0.026102593434027602,0.04891478647570995,LinearRegression,core,8
Pr,Repeated5x5,10,,HA_mg_ml,0.10546477398128765,0.02457106464949849,0.04891478647570995,LinearRegression,core,8
Pr,Repeated5x5,10,,Pressure_kPa,0.11962553016442179,0.051355368595007986,0.04891478647570995,LinearRegression,core,8
Pr,Repeated5x5,11,,Alg_mg_ml,0.12085177601656465,0.018828191150838336,0.057653988883566674,LinearRegression,core,8
Pr,Repeated5x5,11,,HA_mg_ml,0.017681313160298775,0.012385678864689567,0.057653988883566674,LinearRegression,core,8
Pr,Repeated5x5,11,,Pressure_kPa,0.08622217403122034,0.031749693810512236,0.057653988883566674,LinearRegression,core,8
Pr,Repeated5x5,12,,Alg_mg_ml,0.08246146346832157,0.03786372158921026,0.13939471815217144,LinearRegression,core,8
Pr,Repeated5x5,12,,HA_mg_ml,-0.003786013455375499,0.0202614240219366,0.13939471815217144,LinearRegression,core,8
Pr,Repeated5x5,12,,Pressure_kPa,0.02369118786720393,0.010220381666606942,0.13939471815217144,LinearRegression,core,8
Pr,Repeated5x5,13,,Alg_mg_ml,0.14813340863094066,0.05107158477615661,0.05464700555865104,LinearRegression,core,8
Pr,Repeated5x5,13,,HA_mg_ml,0.08743993576339179,0.019989199247178173,0.05464700555865104,LinearRegression,core,8
Pr,Repeated5x5,13,,Pressure_kPa,0.14738269502485424,0.012255182582410443,0.05464700555865104,LinearRegression,core,8
Pr,Repeated5x5,14,,Alg_mg_ml,0.11001039797853725,0.022303151132653014,0.05476705910867838,LinearRegression,core,8
Pr,Repeated5x5,14,,HA_mg_ml,0.1421436263964897,0.017644965638974868,0.05476705910867838,LinearRegression,core,8
Pr,Repeated5x5,14,,Pressure_kPa,0.15389760927118756,0.02108705347109069,0.05476705910867838,LinearRegression,core,8
Pr,Repeated5x5,15,,Alg_mg_ml,0.03586981403633078,0.023025219589622576,0.08982916867304343,LinearRegression,core,8
Pr,Repeated5x5,15,,HA_mg_ml,0.11051803099477117,0.024618403938451956,0.08982916867304343,LinearRegression,core,8
Pr,Repeated5x5,15,,Pressure_kPa,0.1066738400027966,0.02401074547344449,0.08982916867304343,LinearRegression,core,8
Pr,Repeated5x5,16,,Alg_mg_ml,0.07821941658398096,0.029166575088148565,0.12519249083243286,LinearRegression,core,8
Pr,Repeated5x5,16,,HA_mg_ml,-0.00403764477022998,0.013472683136165006,0.12519249083243286,LinearRegression,core,8
Pr,Repeated5x5,16,,Pressure_kPa,0.03888506191229348,0.015996036796808354,0.12519249083243286,LinearRegression,core,8
Pr,Repeated5x5,17,,Alg_mg_ml,0.12179338474556436,0.020650396472119994,0.0986435096553122,LinearRegression,core,8
Pr,Repeated5x5,17,,HA_mg_ml,0.09178352102344184,0.02772906622232485,0.0986435096553122,LinearRegression,core,8
Pr,Repeated5x5,17,,Pressure_kPa,0.11445407195390944,0.03497847124135785,0.0986435096553122,LinearRegression,core,8
Pr,Repeated5x5,18,,Alg_mg_ml,0.1283652065911512,0.035858179629701656,0.04091483382046226,LinearRegression,core,8
Pr,Repeated5x5,18,,HA_mg_ml,0.06668184970971949,0.025443513871978612,0.04091483382046226,LinearRegression,core,8
Pr,Repeated5x5,18,,Pressure_kPa,0.09925802409346673,0.02314627971958616,0.04091483382046226,LinearRegression,core,8
Pr,Repeated5x5,19,,Alg_mg_ml,0.19968481862652795,0.09071956700374656,0.08403922132487801,LinearRegression,core,8
Pr,Repeated5x5,19,,HA_mg_ml,0.13174923424353063,0.045039694592100006,0.08403922132487801,LinearRegression,core,8
Pr,Repeated5x5,19,,Pressure_kPa,0.07873944564897127,0.034870128422843136,0.08403922132487801,LinearRegression,core,8
Pr,Repeated5x5,20,,Alg_mg_ml,0.13798378466012426,0.021743104796375482,0.05098127901671562,LinearRegression,core,8
Pr,Repeated5x5,20,,HA_mg_ml,0.12115760031853624,0.02388541834826504,0.05098127901671562,LinearRegression,core,8
Pr,Repeated5x5,20,,Pressure_kPa,0.09284670629017205,0.026589175405430338,0.05098127901671562,LinearRegression,core,8
Pr,Repeated5x5,21,,Alg_mg_ml,0.1196244902812444,0.03080829240989392,0.09494526839828885,LinearRegression,core,8
Pr,Repeated5x5,21,,HA_mg_ml,0.0992760274537415,0.03955976321104869,0.09494526839828885,LinearRegression,core,8
Pr,Repeated5x5,21,,Pressure_kPa,0.041959852805594854,0.0240959421779436,0.09494526839828885,LinearRegression,core,8
Pr,Repeated5x5,22,,Alg_mg_ml,0.11139088434619368,0.03661137923654772,0.06474962308732855,LinearRegression,core,8
Pr,Repeated5x5,22,,HA_mg_ml,0.11615884566298722,0.021300236120752093,0.06474962308732855,LinearRegression,core,8
Pr,Repeated5x5,22,,Pressure_kPa,0.06114085332828597,0.024909393553281506,0.06474962308732855,LinearRegression,core,8
Pr,Repeated5x5,23,,Alg_mg_ml,0.19751899777713455,0.039133288059534616,0.06657666118339356,LinearRegression,core,8
Pr,Repeated5x5,23,,HA_mg_ml,0.08399140714132247,0.023277527458756848,0.06657666118339356,LinearRegression,core,8
Pr,Repeated5x5,23,,Pressure_kPa,0.08623795148782303,0.032797041682685046,0.06657666118339356,LinearRegression,core,8
Pr,Repeated5x5,24,,Alg_mg_ml,0.07159550864525037,0.03952319164986663,0.12496549227899911,LinearRegression,core,8
Pr,Repeated5x5,24,,HA_mg_ml,0.007299748762080829,0.019823366512052028,0.12496549227899911,LinearRegression,core,8
Pr,Repeated5x5,24,,Pressure_kPa,0.030731950255876626,0.03090413662822554,0.12496549227899911,LinearRegression,core,8
Pr,Repeated5x5,25,,Alg_mg_ml,0.05666288983603322,0.028087825625326693,0.066859022797303,LinearRegression,core,8
Pr,Repeated5x5,25,,HA_mg_ml,0.0597727511537399,0.013611447031326152,0.066859022797303,LinearRegression,core,8
Pr,Repeated5x5,25,,Pressure_kPa,0.09127919278408991,0.033344217128701954,0.066859022797303,LinearRegression,core,8
SR,Repeated5x5,1,,Alg_mg_ml,0.057349003890210824,0.04396180108075761,0.7264876902081328,SVR_RBF,rheology_enhanced,9
SR,Repeated5x5,1,,HA_mg_ml,0.07606716378837207,0.041171654711233824,0.7264876902081328,SVR_RBF,rheology_enhanced,9
SR,Repeated5x5,1,,Pressure_kPa,0.009333604499839044,0.04338799574834484,0.7264876902081328,SVR_RBF,rheology_enhanced,9
SR,Repeated5x5,1,,TP,0.1049247265162401,0.022089779167051855,0.7264876902081328,SVR_RBF,rheology_enhanced,9
SR,Repeated5x5,1,,HF,0.05106321874913461,0.04383501776126921,0.7264876902081328,SVR_RBF,rheology_enhanced,9
SR,Repeated5x5,1,,Alg_HA_ratio_safe,0.021804070926040853,0.015744145091021938,0.7264876902081328,SVR_RBF,rheology_enhanced,9
SR,Repeated5x5,1,,P_over_TP,0.06157006019176796,0.07236314779471334,0.7264876902081328,SVR_RBF,rheology_enhanced,9
SR,Repeated5x5,1,,P_over_Alg,0.001807939422397964,0.04099065870975533,0.7264876902081328,SVR_RBF,rheology_enhanced,9
SR,Repeated5x5,1,,P_over_HA,0.06405346772942486,0.04734846279234843,0.7264876902081328,SVR_RBF,rheology_enhanced,9
SR,Repeated5x5,1,,Alg_x_HA,0.10927655344278278,0.02448606011909501,0.7264876902081328,SVR_RBF,rheology_enhanced,9
SR,Repeated5x5,1,,Alg_x_P,0.024718245105195102,0.04384069734039791,0.7264876902081328,SVR_RBF,rheology_enhanced,9
SR,Repeated5x5,1,,HA_x_P,0.02446898520561732,0.04059652618181734,0.7264876902081328,SVR_RBF,rheology_enhanced,9
SR,Repeated5x5,1,,TP_x_P,0.01743049018632107,0.02789639117811792,0.7264876902081328,SVR_RBF,rheology_enhanced,9
SR,Repeated5x5,1,,HF_x_P,-0.021249764835787464,0.038403653001683,0.7264876902081328,SVR_RBF,rheology_enhanced,9
SR,Repeated5x5,1,,Eta0_mean_Pa_s,0.17495304822753585,0.04915354084785369,0.7264876902081328,SVR_RBF,rheology_enhanced,9
SR,Repeated5x5,1,,Cross_m_mean,0.13080463410500057,0.020352713992966887,0.7264876902081328,SVR_RBF,rheology_enhanced,9
SR,Repeated5x5,1,,Cross_k_mean_s,0.022787110881659633,0.013190751942827508,0.7264876902081328,SVR_RBF,rheology_enhanced,9
SR,Repeated5x5,1,,G_prime_mean_Pa,0.11185827354645683,0.01678398084531766,0.7264876902081328,SVR_RBF,rheology_enhanced,9
SR,Repeated5x5,1,,G_double_prime_mean_Pa,0.10131433075961707,0.014537487829007755,0.7264876902081328,SVR_RBF,rheology_enhanced,9
SR,Repeated5x5,1,,Yield_stress_mean_Pa,0.043107320134822213,0.023158910376285965,0.7264876902081328,SVR_RBF,rheology_enhanced,9
SR,Repeated5x5,2,,Alg_mg_ml,0.02092735736663247,0.04155592586205431,1.031209355156882,SVR_RBF,rheology_enhanced,9
SR,Repeated5x5,2,,HA_mg_ml,0.019675573453449002,0.06672394173575244,1.031209355156882,SVR_RBF,rheology_enhanced,9
SR,Repeated5x5,2,,Pressure_kPa,0.03179768538125164,0.07231519058833165,1.031209355156882,SVR_RBF,rheology_enhanced,9
SR,Repeated5x5,2,,TP,0.0025571020059910075,0.02773525809159028,1.031209355156882,SVR_RBF,rheology_enhanced,9
SR,Repeated5x5,2,,HF,0.019989789564054082,0.06145997081966124,1.031209355156882,SVR_RBF,rheology_enhanced,9
SR,Repeated5x5,2,,Alg_HA_ratio_safe,-0.02352538520848837,0.06399181189807038,1.031209355156882,SVR_RBF,rheology_enhanced,9
SR,Repeated5x5,2,,P_over_TP,0.10823357288931476,0.13010183197438802,1.031209355156882,SVR_RBF,rheology_enhanced,9
SR,Repeated5x5,2,,P_over_Alg,0.17054866788500375,0.07145336030978805,1.031209355156882,SVR_RBF,rheology_enhanced,9
SR,Repeated5x5,2,,P_over_HA,-0.04466813815338187,0.06332342369976802,1.031209355156882,SVR_RBF,rheology_enhanced,9
SR,Repeated5x5,2,,Alg_x_HA,0.03093147819398112,0.03226121770348816,1.031209355156882,SVR_RBF,rheology_enhanced,9
SR,Repeated5x5,2,,Alg_x_P,0.025447225311803302,0.04874321478603399,1.031209355156882,SVR_RBF,rheology_enhanced,9
SR,Repeated5x5,2,,HA_x_P,0.022547490427806748,0.025189727890488227,1.031209355156882,SVR_RBF,rheology_enhanced,9
SR,Repeated5x5,2,,TP_x_P,0.011762196051454132,0.047034736211601716,1.031209355156882,SVR_RBF,rheology_enhanced,9
SR,Repeated5x5,2,,HF_x_P,0.046066363367207305,0.031580806821400395,1.031209355156882,SVR_RBF,rheology_enhanced,9
SR,Repeated5x5,2,,Eta0_mean_Pa_s,-0.0001710453407197554,0.026857635831887043,1.031209355156882,SVR_RBF,rheology_enhanced,9
SR,Repeated5x5,2,,Cross_m_mean,0.02575807881615073,0.03893310284674881,1.031209355156882,SVR_RBF,rheology_enhanced,9
SR,Repeated5x5,2,,Cross_k_mean_s,-0.03950035044361366,0.034258353324423556,1.031209355156882,SVR_RBF,rheology_enhanced,9
SR,Repeated5x5,2,,G_prime_mean_Pa,0.020645904025105334,0.05258521012083403,1.031209355156882,SVR_RBF,rheology_enhanced,9
SR,Repeated5x5,2,,G_double_prime_mean_Pa,0.027720505044018063,0.05459521745167471,1.031209355156882,SVR_RBF,rheology_enhanced,9
SR,Repeated5x5,2,,Yield_stress_mean_Pa,0.014473263037622974,0.03817536830218524,1.031209355156882,SVR_RBF,rheology_enhanced,9
SR,Repeated5x5,3,,Alg_mg_ml,-0.15607347339785077,0.05501439111516273,1.4439301724750293,SVR_RBF,rheology_enhanced,9
SR,Repeated5x5,3,,HA_mg_ml,-0.09401145591339848,0.06853321571363391,1.4439301724750293,SVR_RBF,rheology_enhanced,9
SR,Repeated5x5,3,,Pressure_kPa,-0.05070715520291631,0.08066760832417753,1.4439301724750293,SVR_RBF,rheology_enhanced,9
SR,Repeated5x5,3,,TP,-0.045651144200035444,0.06073216924174616,1.4439301724750293,SVR_RBF,rheology_enhanced,9
SR,Repeated5x5,3,,HF,-0.14561574541832217,0.07390905057859778,1.4439301724750293,SVR_RBF,rheology_enhanced,9
SR,Repeated5x5,3,,Alg_HA_ratio_safe,-0.12159381848943593,0.11265221829692193,1.4439301724750293,SVR_RBF,rheology_enhanced,9
SR,Repeated5x5,3,,P_over_TP,0.18106030754458163,0.19433508668544616,1.4439301724750293,SVR_RBF,rheology_enhanced,9
SR,Repeated5x5,3,,P_over_Alg,-0.4351045129516608,0.10450700934241376,1.4439301724750293,SVR_RBF,rheology_enhanced,9
SR,Repeated5x5,3,,P_over_HA,0.0701797074271033,0.04638740665359821,1.4439301724750293,SVR_RBF,rheology_enhanced,9
SR,Repeated5x5,3,,Alg_x_HA,-0.09099448418592038,0.09128870663448012,1.4439301724750293,SVR_RBF,rheology_enhanced,9
SR,Repeated5x5,3,,Alg_x_P,-0.04240897114058904,0.07198489597370962,1.4439301724750293,SVR_RBF,rheology_enhanced,9
SR,Repeated5x5,3,,HA_x_P,-0.15547696731520042,0.08872906265197965,1.4439301724750293,SVR_RBF,rheology_enhanced,9
SR,Repeated5x5,3,,TP_x_P,-0.07077694184538141,0.020193749707993577,1.4439301724750293,SVR_RBF,rheology_enhanced,9
SR,Repeated5x5,3,,HF_x_P,-0.2254230073291658,0.14752314627341678,1.4439301724750293,SVR_RBF,rheology_enhanced,9
SR,Repeated5x5,3,,Eta0_mean_Pa_s,-0.039282033867167464,0.06585630455359766,1.4439301724750293,SVR_RBF,rheology_enhanced,9
SR,Repeated5x5,3,,Cross_m_mean,-0.07346898227103368,0.027471204897887846,1.4439301724750293,SVR_RBF,rheology_enhanced,9
SR,Repeated5x5,3,,Cross_k_mean_s,-0.05450671568667711,0.02562877810062252,1.4439301724750293,SVR_RBF,rheology_enhanced,9
SR,Repeated5x5,3,,G_prime_mean_Pa,-0.042298225860998254,0.0346638732633907,1.4439301724750293,SVR_RBF,rheology_enhanced,9
SR,Repeated5x5,3,,G_double_prime_mean_Pa,-0.0371564610842565,0.04240039456320992,1.4439301724750293,SVR_RBF,rheology_enhanced,9
SR,Repeated5x5,3,,Yield_stress_mean_Pa,-0.05497895728273876,0.05407033627873209,1.4439301724750293,SVR_RBF,rheology_enhanced,9
SR,Repeated5x5,4,,Alg_mg_ml,-0.06082104326426756,0.08286846101721926,1.459497886925235,SVR_RBF,rheology_enhanced,8
SR,Repeated5x5,4,,HA_mg_ml,-0.06327966373625979,0.05693129279434181,1.459497886925235,SVR_RBF,rheology_enhanced,8
SR,Repeated5x5,4,,Pressure_kPa,-0.024480913854124875,0.06599067545759765,1.459497886925235,SVR_RBF,rheology_enhanced,8
SR,Repeated5x5,4,,TP,-0.023334192134284316,0.06315088990482993,1.459497886925235,SVR_RBF,rheology_enhanced,8
SR,Repeated5x5,4,,HF,-0.07553333569875839,0.08520609703359448,1.459497886925235,SVR_RBF,rheology_enhanced,8
SR,Repeated5x5,4,,Alg_HA_ratio_safe,-0.0786617253197551,0.04982038449745536,1.459497886925235,SVR_RBF,rheology_enhanced,8
SR,Repeated5x5,4,,P_over_TP,0.11234512218631629,0.0773316543532974,1.459497886925235,SVR_RBF,rheology_enhanced,8
SR,Repeated5x5,4,,P_over_Alg,-0.032730531813127885,0.07533799345434268,1.459497886925235,SVR_RBF,rheology_enhanced,8
SR,Repeated5x5,4,,P_over_HA,-0.030145447858955454,0.10562851551487686,1.459497886925235,SVR_RBF,rheology_enhanced,8
SR,Repeated5x5,4,,Alg_x_HA,-0.028311573598737927,0.06481269406808368,1.459497886925235,SVR_RBF,rheology_enhanced,8
SR,Repeated5x5,4,,Alg_x_P,-0.05254512943815395,0.05077431741002983,1.459497886925235,SVR_RBF,rheology_enhanced,8
SR,Repeated5x5,4,,HA_x_P,-0.058753531097656485,0.049726978662136954,1.459497886925235,SVR_RBF,rheology_enhanced,8
SR,Repeated5x5,4,,TP_x_P,-0.04797949125139804,0.07125852261134319,1.459497886925235,SVR_RBF,rheology_enhanced,8
SR,Repeated5x5,4,,HF_x_P,-0.06930768536866745,0.043799302234640305,1.459497886925235,SVR_RBF,rheology_enhanced,8
SR,Repeated5x5,4,,Eta0_mean_Pa_s,-0.0020278293731206486,0.05489711367295616,1.459497886925235,SVR_RBF,rheology_enhanced,8
SR,Repeated5x5,4,,Cross_m_mean,-0.033662773308251646,0.07329601253842889,1.459497886925235,SVR_RBF,rheology_enhanced,8
SR,Repeated5x5,4,,Cross_k_mean_s,-0.02246226325288898,0.04646206996374868,1.459497886925235,SVR_RBF,rheology_enhanced,8
SR,Repeated5x5,4,,G_prime_mean_Pa,-0.04307147812546268,0.06538625127933402,1.459497886925235,SVR_RBF,rheology_enhanced,8
SR,Repeated5x5,4,,G_double_prime_mean_Pa,-0.04970462321859594,0.07083660884392913,1.459497886925235,SVR_RBF,rheology_enhanced,8
SR,Repeated5x5,4,,Yield_stress_mean_Pa,-0.0890571999542142,0.07540087931815563,1.459497886925235,SVR_RBF,rheology_enhanced,8
SR,Repeated5x5,5,,Alg_mg_ml,-0.030447783092809266,0.020388892979206815,1.3380653017264401,SVR_RBF,rheology_enhanced,8
SR,Repeated5x5,5,,HA_mg_ml,-0.028277361875658012,0.05842969317880261,1.3380653017264401,SVR_RBF,rheology_enhanced,8
SR,Repeated5x5,5,,Pressure_kPa,0.0057791602147688305,0.034895688174820284,1.3380653017264401,SVR_RBF,rheology_enhanced,8
SR,Repeated5x5,5,,TP,-0.0029939635019019086,0.08144472107972965,1.3380653017264401,SVR_RBF,rheology_enhanced,8
SR,Repeated5x5,5,,HF,-0.028181258649427533,0.027939576879612377,1.3380653017264401,SVR_RBF,rheology_enhanced,8
SR,Repeated5x5,5,,Alg_HA_ratio_safe,-0.02352551139082355,0.011435082457780868,1.3380653017264401,SVR_RBF,rheology_enhanced,8
SR,Repeated5x5,5,,P_over_TP,0.08503200534509707,0.06844364823774556,1.3380653017264401,SVR_RBF,rheology_enhanced,8
SR,Repeated5x5,5,,P_over_Alg,-0.033496414200828606,0.009945477573718449,1.3380653017264401,SVR_RBF,rheology_enhanced,8
SR,Repeated5x5,5,,P_over_HA,0.07251177762645171,0.0458540804399266,1.3380653017264401,SVR_RBF,rheology_enhanced,8
SR,Repeated5x5,5,,Alg_x_HA,-0.004357624154492768,0.04149981180016652,1.3380653017264401,SVR_RBF,rheology_enhanced,8
SR,Repeated5x5,5,,Alg_x_P,-0.0019179163836101853,0.030107916127635796,1.3380653017264401,SVR_RBF,rheology_enhanced,8
SR,Repeated5x5,5,,HA_x_P,-0.08143596277205012,0.048510582383936164,1.3380653017264401,SVR_RBF,rheology_enhanced,8
SR,Repeated5x5,5,,TP_x_P,-0.01529903869984912,0.01793844521053846,1.3380653017264401,SVR_RBF,rheology_enhanced,8
SR,Repeated5x5,5,,HF_x_P,-0.10267471923061189,0.03794014473267976,1.3380653017264401,SVR_RBF,rheology_enhanced,8
SR,Repeated5x5,5,,Eta0_mean_Pa_s,0.0026988680214576678,0.10171176495801629,1.3380653017264401,SVR_RBF,rheology_enhanced,8
SR,Repeated5x5,5,,Cross_m_mean,-0.0440438385806702,0.08973302898612884,1.3380653017264401,SVR_RBF,rheology_enhanced,8
SR,Repeated5x5,5,,Cross_k_mean_s,0.002757319580699402,0.015833258286334535,1.3380653017264401,SVR_RBF,rheology_enhanced,8
SR,Repeated5x5,5,,G_prime_mean_Pa,-0.002582651104707856,0.06161711867469453,1.3380653017264401,SVR_RBF,rheology_enhanced,8
SR,Repeated5x5,5,,G_double_prime_mean_Pa,0.003315572948536194,0.045218918266721204,1.3380653017264401,SVR_RBF,rheology_enhanced,8
SR,Repeated5x5,5,,Yield_stress_mean_Pa,-0.029405063188347746,0.025116393453042438,1.3380653017264401,SVR_RBF,rheology_enhanced,8
SR,Repeated5x5,6,,Alg_mg_ml,-0.0003959975956719042,0.026658094278809837,1.3314860011167844,SVR_RBF,rheology_enhanced,9
SR,Repeated5x5,6,,HA_mg_ml,-0.01482590816450211,0.02913353184270638,1.3314860011167844,SVR_RBF,rheology_enhanced,9
SR,Repeated5x5,6,,Pressure_kPa,0.05531940856347013,0.03497858206370908,1.3314860011167844,SVR_RBF,rheology_enhanced,9
SR,Repeated5x5,6,,TP,0.017830522425950936,0.03436752585458022,1.3314860011167844,SVR_RBF,rheology_enhanced,9
SR,Repeated5x5,6,,HF,-0.002933586260271981,0.03191068999692924,1.3314860011167844,SVR_RBF,rheology_enhanced,9
SR,Repeated5x5,6,,Alg_HA_ratio_safe,0.005663434728840455,0.01529841077626643,1.3314860011167844,SVR_RBF,rheology_enhanced,9
SR,Repeated5x5,6,,P_over_TP,0.19191002821774925,0.06620095405894519,1.3314860011167844,SVR_RBF,rheology_enhanced,9
SR,Repeated5x5,6,,P_over_Alg,0.008938637444938724,0.06230021213450258,1.3314860011167844,SVR_RBF,rheology_enhanced,9
SR,Repeated5x5,6,,P_over_HA,0.06657528700781626,0.03887952935807499,1.3314860011167844,SVR_RBF,rheology_enhanced,9
SR,Repeated5x5,6,,Alg_x_HA,0.031497238969678445,0.028646246967400035,1.3314860011167844,SVR_RBF,rheology_enhanced,9
SR,Repeated5x5,6,,Alg_x_P,0.009212108101177586,0.03428341966093024,1.3314860011167844,SVR_RBF,rheology_enhanced,9
SR,Repeated5x5,6,,HA_x_P,-0.023101291250030798,0.024773615082448564,1.3314860011167844,SVR_RBF,rheology_enhanced,9
SR,Repeated5x5,6,,TP_x_P,0.02113319203059305,0.025857756743334313,1.3314860011167844,SVR_RBF,rheology_enhanced,9
SR,Repeated5x5,6,,HF_x_P,-0.023754965896952963,0.020836283602604835,1.3314860011167844,SVR_RBF,rheology_enhanced,9
SR,Repeated5x5,6,,Eta0_mean_Pa_s,0.006501035317929648,0.028486192392003933,1.3314860011167844,SVR_RBF,rheology_enhanced,9
SR,Repeated5x5,6,,Cross_m_mean,0.0020447659431417574,0.05753331169691821,1.3314860011167844,SVR_RBF,rheology_enhanced,9
SR,Repeated5x5,6,,Cross_k_mean_s,0.0069050855219327635,0.022994902153351895,1.3314860011167844,SVR_RBF,rheology_enhanced,9
SR,Repeated5x5,6,,G_prime_mean_Pa,0.017986190090133757,0.03153895880066487,1.3314860011167844,SVR_RBF,rheology_enhanced,9
SR,Repeated5x5,6,,G_double_prime_mean_Pa,0.027875664744943362,0.03139681442960409,1.3314860011167844,SVR_RBF,rheology_enhanced,9
SR,Repeated5x5,6,,Yield_stress_mean_Pa,0.03402214597723889,0.035210028701578314,1.3314860011167844,SVR_RBF,rheology_enhanced,9
SR,Repeated5x5,7,,Alg_mg_ml,-0.009023451222395474,0.014213344867300986,1.475921033327951,SVR_RBF,rheology_enhanced,9
SR,Repeated5x5,7,,HA_mg_ml,-0.030363874461833484,0.09066581807114082,1.475921033327951,SVR_RBF,rheology_enhanced,9
SR,Repeated5x5,7,,Pressure_kPa,-0.034589717619092616,0.058951340334221634,1.475921033327951,SVR_RBF,rheology_enhanced,9
SR,Repeated5x5,7,,TP,-0.010309702172339886,0.12155300556770308,1.475921033327951,SVR_RBF,rheology_enhanced,9
SR,Repeated5x5,7,,HF,-0.02541580422950691,0.042265090331439006,1.475921033327951,SVR_RBF,rheology_enhanced,9
SR,Repeated5x5,7,,Alg_HA_ratio_safe,-0.04779489907175281,0.06618186873824855,1.475921033327951,SVR_RBF,rheology_enhanced,9
SR,Repeated5x5,7,,P_over_TP,0.03663062464049329,0.07809856881350012,1.475921033327951,SVR_RBF,rheology_enhanced,9
SR,Repeated5x5,7,,P_over_Alg,-0.0037213207624918975,0.005817564332450937,1.475921033327951,SVR_RBF,rheology_enhanced,9
SR,Repeated5x5,7,,P_over_HA,-0.01342866337114763,0.10244970550033501,1.475921033327951,SVR_RBF,rheology_enhanced,9
SR,Repeated5x5,7,,Alg_x_HA,-0.028940723665316415,0.0812458999120407,1.475921033327951,SVR_RBF,rheology_enhanced,9
SR,Repeated5x5,7,,Alg_x_P,-0.021237498687489476,0.03263571734587593,1.475921033327951,SVR_RBF,rheology_enhanced,9
SR,Repeated5x5,7,,HA_x_P,-0.05582754081065768,0.07996222581421643,1.475921033327951,SVR_RBF,rheology_enhanced,9
SR,Repeated5x5,7,,TP_x_P,-0.05097987086743396,0.06558291023602901,1.475921033327951,SVR_RBF,rheology_enhanced,9
SR,Repeated5x5,7,,HF_x_P,-0.052656821332746316,0.0608922110192615,1.475921033327951,SVR_RBF,rheology_enhanced,9
SR,Repeated5x5,7,,Eta0_mean_Pa_s,0.01756693796175508,0.14662660479625447,1.475921033327951,SVR_RBF,rheology_enhanced,9
SR,Repeated5x5,7,,Cross_m_mean,-0.007801728730517032,0.11256424661852348,1.475921033327951,SVR_RBF,rheology_enhanced,9
SR,Repeated5x5,7,,Cross_k_mean_s,-0.014135402884164571,0.04861410360619673,1.475921033327951,SVR_RBF,rheology_enhanced,9
SR,Repeated5x5,7,,G_prime_mean_Pa,-0.017848112016359764,0.13131628435739273,1.475921033327951,SVR_RBF,rheology_enhanced,9
SR,Repeated5x5,7,,G_double_prime_mean_Pa,-0.025611676243364488,0.12456934019974683,1.475921033327951,SVR_RBF,rheology_enhanced,9
SR,Repeated5x5,7,,Yield_stress_mean_Pa,-0.054153972816695276,0.1209885744760136,1.475921033327951,SVR_RBF,rheology_enhanced,9
SR,Repeated5x5,8,,Alg_mg_ml,-0.08648296659530294,0.09889191969098704,1.4293459039563243,SVR_RBF,rheology_enhanced,9
SR,Repeated5x5,8,,HA_mg_ml,-0.038166340643863816,0.07280940040624441,1.4293459039563243,SVR_RBF,rheology_enhanced,9
SR,Repeated5x5,8,,Pressure_kPa,0.029034618589855787,0.0822188414963851,1.4293459039563243,SVR_RBF,rheology_enhanced,9
SR,Repeated5x5,8,,TP,-0.04714017574200837,0.04303678170316876,1.4293459039563243,SVR_RBF,rheology_enhanced,9
SR,Repeated5x5,8,,HF,-0.06548518602312278,0.08916832521039098,1.4293459039563243,SVR_RBF,rheology_enhanced,9
SR,Repeated5x5,8,,Alg_HA_ratio_safe,-0.04290502785467365,0.09270217135098334,1.4293459039563243,SVR_RBF,rheology_enhanced,9
SR,Repeated5x5,8,,P_over_TP,0.1814898262100624,0.15834788025751648,1.4293459039563243,SVR_RBF,rheology_enhanced,9
SR,Repeated5x5,8,,P_over_Alg,-0.27480205547913183,0.24400862950159097,1.4293459039563243,SVR_RBF,rheology_enhanced,9
SR,Repeated5x5,8,,P_over_HA,0.05139581248937934,0.041742985969384715,1.4293459039563243,SVR_RBF,rheology_enhanced,9
SR,Repeated5x5,8,,Alg_x_HA,-0.09658611328365041,0.08006715207414232,1.4293459039563243,SVR_RBF,rheology_enhanced,9
SR,Repeated5x5,8,,Alg_x_P,-0.025860473588379774,0.09442769682372891,1.4293459039563243,SVR_RBF,rheology_enhanced,9
SR,Repeated5x5,8,,HA_x_P,-0.06115580694868914,0.09974899237535287,1.4293459039563243,SVR_RBF,rheology_enhanced,9
SR,Repeated5x5,8,,TP_x_P,-0.023275910732861414,0.05343356471510433,1.4293459039563243,SVR_RBF,rheology_enhanced,9
SR,Repeated5x5,8,,HF_x_P,-0.10048735072778921,0.15249995537000913,1.4293459039563243,SVR_RBF,rheology_enhanced,9
SR,Repeated5x5,8,,Eta0_mean_Pa_s,-0.024213752486687445,0.043292325628458944,1.4293459039563243,SVR_RBF,rheology_enhanced,9
SR,Repeated5x5,8,,Cross_m_mean,-0.05068951722925776,0.04110659064142808,1.4293459039563243,SVR_RBF,rheology_enhanced,9
SR,Repeated5x5,8,,Cross_k_mean_s,-0.026232703023283066,0.03596600039605379,1.4293459039563243,SVR_RBF,rheology_enhanced,9
SR,Repeated5x5,8,,G_prime_mean_Pa,-0.03502233728228297,0.03475989947856213,1.4293459039563243,SVR_RBF,rheology_enhanced,9
SR,Repeated5x5,8,,G_double_prime_mean_Pa,-0.03933144398998665,0.0328191610654865,1.4293459039563243,SVR_RBF,rheology_enhanced,9
SR,Repeated5x5,8,,Yield_stress_mean_Pa,-0.029402202211024676,0.057002618432210495,1.4293459039563243,SVR_RBF,rheology_enhanced,9
SR,Repeated5x5,9,,Alg_mg_ml,-0.054074679429807794,0.03848820947097792,0.7443921692432705,SVR_RBF,rheology_enhanced,8
SR,Repeated5x5,9,,HA_mg_ml,-0.04305619085582739,0.07672673678920201,0.7443921692432705,SVR_RBF,rheology_enhanced,8
SR,Repeated5x5,9,,Pressure_kPa,-0.15293723854350003,0.08712897234390418,0.7443921692432705,SVR_RBF,rheology_enhanced,8
SR,Repeated5x5,9,,TP,-0.00449455240806137,0.026416671674245558,0.7443921692432705,SVR_RBF,rheology_enhanced,8
SR,Repeated5x5,9,,HF,-0.04746368217073945,0.05607939465914727,0.7443921692432705,SVR_RBF,rheology_enhanced,8
SR,Repeated5x5,9,,Alg_HA_ratio_safe,-0.03873655573288326,0.05455613584772778,0.7443921692432705,SVR_RBF,rheology_enhanced,8
SR,Repeated5x5,9,,P_over_TP,0.06775102322419833,0.18979823207914776,0.7443921692432705,SVR_RBF,rheology_enhanced,8
SR,Repeated5x5,9,,P_over_Alg,0.036091566616408555,0.026982229682464443,0.7443921692432705,SVR_RBF,rheology_enhanced,8
SR,Repeated5x5,9,,P_over_HA,-0.07022526500219842,0.1335760735112472,0.7443921692432705,SVR_RBF,rheology_enhanced,8
SR,Repeated5x5,9,,Alg_x_HA,-0.0008828879465230921,0.023116738436353604,0.7443921692432705,SVR_RBF,rheology_enhanced,8
SR,Repeated5x5,9,,Alg_x_P,-0.1349443409761717,0.08111258409305339,0.7443921692432705,SVR_RBF,rheology_enhanced,8
SR,Repeated5x5,9,,HA_x_P,-0.05349213242561611,0.02207710595170434,0.7443921692432705,SVR_RBF,rheology_enhanced,8
SR,Repeated5x5,9,,TP_x_P,-0.1083306186559208,0.060064647737398835,0.7443921692432705,SVR_RBF,rheology_enhanced,8
SR,Repeated5x5,9,,HF_x_P,-0.04487299105734425,0.02525922861743413,0.7443921692432705,SVR_RBF,rheology_enhanced,8
SR,Repeated5x5,9,,Eta0_mean_Pa_s,0.0012662534118180857,0.019120827978048417,0.7443921692432705,SVR_RBF,rheology_enhanced,8
SR,Repeated5x5,9,,Cross_m_mean,0.024495272317661132,0.028638925565267644,0.7443921692432705,SVR_RBF,rheology_enhanced,8
SR,Repeated5x5,9,,Cross_k_mean_s,-0.0017410441482443417,0.03310662723771298,0.7443921692432705,SVR_RBF,rheology_enhanced,8
SR,Repeated5x5,9,,G_prime_mean_Pa,-0.012253709220920606,0.05880900782968629,0.7443921692432705,SVR_RBF,rheology_enhanced,8
SR,Repeated5x5,9,,G_double_prime_mean_Pa,-0.014553398332941536,0.061423650850482465,0.7443921692432705,SVR_RBF,rheology_enhanced,8
SR,Repeated5x5,9,,Yield_stress_mean_Pa,-0.03140985807610841,0.03970823765257812,0.7443921692432705,SVR_RBF,rheology_enhanced,8
SR,Repeated5x5,10,,Alg_mg_ml,-0.04311072212053697,0.04166963913920305,0.5928774236196129,SVR_RBF,rheology_enhanced,8
SR,Repeated5x5,10,,HA_mg_ml,-0.0024999203219063073,0.07499197081875665,0.5928774236196129,SVR_RBF,rheology_enhanced,8
SR,Repeated5x5,10,,Pressure_kPa,0.017892699257756807,0.06069805282430592,0.5928774236196129,SVR_RBF,rheology_enhanced,8
SR,Repeated5x5,10,,TP,0.0668985472339513,0.05932642161131948,0.5928774236196129,SVR_RBF,rheology_enhanced,8
SR,Repeated5x5,10,,HF,-0.03951497213455982,0.061451938135311135,0.5928774236196129,SVR_RBF,rheology_enhanced,8
SR,Repeated5x5,10,,Alg_HA_ratio_safe,-0.029423243824516648,0.051573310875894195,0.5928774236196129,SVR_RBF,rheology_enhanced,8
SR,Repeated5x5,10,,P_over_TP,0.14225098438728626,0.09753931465516867,0.5928774236196129,SVR_RBF,rheology_enhanced,8
SR,Repeated5x5,10,,P_over_Alg,0.01378745988461504,0.0823978397365578,0.5928774236196129,SVR_RBF,rheology_enhanced,8
SR,Repeated5x5,10,,P_over_HA,-0.021484752578200633,0.06836089907052416,0.5928774236196129,SVR_RBF,rheology_enhanced,8
SR,Repeated5x5,10,,Alg_x_HA,0.0437449974975721,0.0546723851127215,0.5928774236196129,SVR_RBF,rheology_enhanced,8
SR,Repeated5x5,10,,Alg_x_P,-0.0478586525668385,0.034995875254376134,0.5928774236196129,SVR_RBF,rheology_enhanced,8
SR,Repeated5x5,10,,HA_x_P,-0.01128126483410905,0.03620974376463244,0.5928774236196129,SVR_RBF,rheology_enhanced,8
SR,Repeated5x5,10,,TP_x_P,-0.010719415053629555,0.0472788133688425,0.5928774236196129,SVR_RBF,rheology_enhanced,8
SR,Repeated5x5,10,,HF_x_P,-0.018675596390920323,0.02805285275451431,0.5928774236196129,SVR_RBF,rheology_enhanced,8
SR,Repeated5x5,10,,Eta0_mean_Pa_s,0.12970048684786356,0.06483798165071916,0.5928774236196129,SVR_RBF,rheology_enhanced,8
SR,Repeated5x5,10,,Cross_m_mean,0.02156671756424382,0.045869433007586606,0.5928774236196129,SVR_RBF,rheology_enhanced,8
SR,Repeated5x5,10,,Cross_k_mean_s,-0.04172552135765415,0.0731380842326338,0.5928774236196129,SVR_RBF,rheology_enhanced,8
SR,Repeated5x5,10,,G_prime_mean_Pa,0.05528814997484457,0.0637476953832407,0.5928774236196129,SVR_RBF,rheology_enhanced,8
SR,Repeated5x5,10,,G_double_prime_mean_Pa,0.05361119622970858,0.06124952353377623,0.5928774236196129,SVR_RBF,rheology_enhanced,8
SR,Repeated5x5,10,,Yield_stress_mean_Pa,-0.023461305376594056,0.029395371278858353,0.5928774236196129,SVR_RBF,rheology_enhanced,8
SR,Repeated5x5,11,,Alg_mg_ml,-0.09329727494663367,0.09483345660156774,1.4843418825076984,SVR_RBF,rheology_enhanced,9
SR,Repeated5x5,11,,HA_mg_ml,-0.023787680689801416,0.05960982166267762,1.4843418825076984,SVR_RBF,rheology_enhanced,9
SR,Repeated5x5,11,,Pressure_kPa,-0.016058208681344822,0.07125511723113506,1.4843418825076984,SVR_RBF,rheology_enhanced,9
SR,Repeated5x5,11,,TP,-0.07865715856256386,0.08395221911953993,1.4843418825076984,SVR_RBF,rheology_enhanced,9
SR,Repeated5x5,11,,HF,-0.059135788572488315,0.07673085781826296,1.4843418825076984,SVR_RBF,rheology_enhanced,9
SR,Repeated5x5,11,,Alg_HA_ratio_safe,-0.0347050213662168,0.07748508496682499,1.4843418825076984,SVR_RBF,rheology_enhanced,9
SR,Repeated5x5,11,,P_over_TP,0.07581811323656584,0.09995856000551336,1.4843418825076984,SVR_RBF,rheology_enhanced,9
SR,Repeated5x5,11,,P_over_Alg,-0.203948832203183,0.2120115699284985,1.4843418825076984,SVR_RBF,rheology_enhanced,9
SR,Repeated5x5,11,,P_over_HA,0.0005135375279970323,0.03844250612760128,1.4843418825076984,SVR_RBF,rheology_enhanced,9
SR,Repeated5x5,11,,Alg_x_HA,-0.1253259342517162,0.12891930519728942,1.4843418825076984,SVR_RBF,rheology_enhanced,9
SR,Repeated5x5,11,,Alg_x_P,-0.08093213702215152,0.13523227967911922,1.4843418825076984,SVR_RBF,rheology_enhanced,9
SR,Repeated5x5,11,,HA_x_P,-0.039199294543536566,0.08493856035542986,1.4843418825076984,SVR_RBF,rheology_enhanced,9
SR,Repeated5x5,11,,TP_x_P,-0.05343653804776736,0.0578047950555335,1.4843418825076984,SVR_RBF,rheology_enhanced,9
SR,Repeated5x5,11,,HF_x_P,-0.07403541101382974,0.13066280229506175,1.4843418825076984,SVR_RBF,rheology_enhanced,9
SR,Repeated5x5,11,,Eta0_mean_Pa_s,-0.05422620643797349,0.08467402551367383,1.4843418825076984,SVR_RBF,rheology_enhanced,9
SR,Repeated5x5,11,,Cross_m_mean,-0.025596307028809263,0.03754406310119674,1.4843418825076984,SVR_RBF,rheology_enhanced,9
SR,Repeated5x5,11,,Cross_k_mean_s,-0.026578289246809206,0.04482185190616313,1.4843418825076984,SVR_RBF,rheology_enhanced,9
SR,Repeated5x5,11,,G_prime_mean_Pa,-0.047360333888775294,0.05095921855568423,1.4843418825076984,SVR_RBF,rheology_enhanced,9
SR,Repeated5x5,11,,G_double_prime_mean_Pa,-0.05588223689363871,0.05990541491713666,1.4843418825076984,SVR_RBF,rheology_enhanced,9
SR,Repeated5x5,11,,Yield_stress_mean_Pa,-0.05067020725679152,0.06255929009913597,1.4843418825076984,SVR_RBF,rheology_enhanced,9
SR,Repeated5x5,12,,Alg_mg_ml,-0.023554079100814994,0.02131271229748215,1.3901091374488521,SVR_RBF,rheology_enhanced,9
SR,Repeated5x5,12,,HA_mg_ml,-0.0444150575503941,0.05870354815553016,1.3901091374488521,SVR_RBF,rheology_enhanced,9
SR,Repeated5x5,12,,Pressure_kPa,-0.027809250735257463,0.052789904689606496,1.3901091374488521,SVR_RBF,rheology_enhanced,9
SR,Repeated5x5,12,,TP,-0.03556619439427182,0.06299928955371793,1.3901091374488521,SVR_RBF,rheology_enhanced,9
SR,Repeated5x5,12,,HF,-0.0378998958401223,0.03902535417976588,1.3901091374488521,SVR_RBF,rheology_enhanced,9
SR,Repeated5x5,12,,Alg_HA_ratio_safe,-0.05390884367242257,0.05876872793163573,1.3901091374488521,SVR_RBF,rheology_enhanced,9
SR,Repeated5x5,12,,P_over_TP,0.10963564317100058,0.08220683411721591,1.3901091374488521,SVR_RBF,rheology_enhanced,9
SR,Repeated5x5,12,,P_over_Alg,-0.026747083564879405,0.020937111370934056,1.3901091374488521,SVR_RBF,rheology_enhanced,9
SR,Repeated5x5,12,,P_over_HA,-0.0023039877076104663,0.11260359740418964,1.3901091374488521,SVR_RBF,rheology_enhanced,9
SR,Repeated5x5,12,,Alg_x_HA,-0.04754821955861597,0.04185403912432654,1.3901091374488521,SVR_RBF,rheology_enhanced,9
SR,Repeated5x5,12,,Alg_x_P,-0.023069453839331743,0.031603629208867265,1.3901091374488521,SVR_RBF,rheology_enhanced,9
SR,Repeated5x5,12,,HA_x_P,-0.06022448874841182,0.08731135407554953,1.3901091374488521,SVR_RBF,rheology_enhanced,9
SR,Repeated5x5,12,,TP_x_P,-0.05272466462211922,0.06330642037709641,1.3901091374488521,SVR_RBF,rheology_enhanced,9
SR,Repeated5x5,12,,HF_x_P,-0.05742267919204282,0.08068007484779406,1.3901091374488521,SVR_RBF,rheology_enhanced,9
SR,Repeated5x5,12,,Eta0_mean_Pa_s,-0.016056051508919533,0.07030243409184904,1.3901091374488521,SVR_RBF,rheology_enhanced,9
SR,Repeated5x5,12,,Cross_m_mean,-0.04151994606269045,0.08067699068946883,1.3901091374488521,SVR_RBF,rheology_enhanced,9
SR,Repeated5x5,12,,Cross_k_mean_s,-0.020068169242323818,0.030454363512463768,1.3901091374488521,SVR_RBF,rheology_enhanced,9
SR,Repeated5x5,12,,G_prime_mean_Pa,-0.04841771622637039,0.06732403290431103,1.3901091374488521,SVR_RBF,rheology_enhanced,9
SR,Repeated5x5,12,,G_double_prime_mean_Pa,-0.05267214228910453,0.06531117456023375,1.3901091374488521,SVR_RBF,rheology_enhanced,9
SR,Repeated5x5,12,,Yield_stress_mean_Pa,-0.07396939075358382,0.08729465575128614,1.3901091374488521,SVR_RBF,rheology_enhanced,9
SR,Repeated5x5,13,,Alg_mg_ml,0.10624235241633125,0.05527795280330757,0.9991914020447963,SVR_RBF,rheology_enhanced,9
SR,Repeated5x5,13,,HA_mg_ml,0.11788007401129175,0.03830194965743168,0.9991914020447963,SVR_RBF,rheology_enhanced,9
SR,Repeated5x5,13,,Pressure_kPa,0.01890250097952272,0.021245350195270837,0.9991914020447963,SVR_RBF,rheology_enhanced,9
SR,Repeated5x5,13,,TP,0.017480466157035534,0.023545075905066805,0.9991914020447963,SVR_RBF,rheology_enhanced,9
SR,Repeated5x5,13,,HF,0.11208788002029853,0.046752053514915036,0.9991914020447963,SVR_RBF,rheology_enhanced,9
SR,Repeated5x5,13,,Alg_HA_ratio_safe,0.05109581379016102,0.021728222944225634,0.9991914020447963,SVR_RBF,rheology_enhanced,9
SR,Repeated5x5,13,,P_over_TP,0.07300936760082859,0.05287573541209913,0.9991914020447963,SVR_RBF,rheology_enhanced,9
SR,Repeated5x5,13,,P_over_Alg,0.02417936995451736,0.06130201415782567,0.9991914020447963,SVR_RBF,rheology_enhanced,9
SR,Repeated5x5,13,,P_over_HA,0.10022940091173518,0.03647558542171527,0.9991914020447963,SVR_RBF,rheology_enhanced,9
SR,Repeated5x5,13,,Alg_x_HA,0.006094010886632617,0.03850436194844898,0.9991914020447963,SVR_RBF,rheology_enhanced,9
SR,Repeated5x5,13,,Alg_x_P,0.04918186854861519,0.032813292078736664,0.9991914020447963,SVR_RBF,rheology_enhanced,9
SR,Repeated5x5,13,,HA_x_P,0.06677472816267316,0.04653448275400937,0.9991914020447963,SVR_RBF,rheology_enhanced,9
SR,Repeated5x5,13,,TP_x_P,0.012748595756188441,0.016467114695481108,0.9991914020447963,SVR_RBF,rheology_enhanced,9
SR,Repeated5x5,13,,HF_x_P,0.06491504881423815,0.0416405610265999,0.9991914020447963,SVR_RBF,rheology_enhanced,9
SR,Repeated5x5,13,,Eta0_mean_Pa_s,0.046792764512112686,0.039182958061236985,0.9991914020447963,SVR_RBF,rheology_enhanced,9
SR,Repeated5x5,13,,Cross_m_mean,0.01989163734872105,0.02196592597116339,0.9991914020447963,SVR_RBF,rheology_enhanced,9
SR,Repeated5x5,13,,Cross_k_mean_s,-0.021417392562638637,0.018008464116980663,0.9991914020447963,SVR_RBF,rheology_enhanced,9
SR,Repeated5x5,13,,G_prime_mean_Pa,0.03468344022913452,0.040423933070844145,0.9991914020447963,SVR_RBF,rheology_enhanced,9
SR,Repeated5x5,13,,G_double_prime_mean_Pa,0.01606144013535681,0.04343359747082677,0.9991914020447963,SVR_RBF,rheology_enhanced,9
SR,Repeated5x5,13,,Yield_stress_mean_Pa,-0.009121267786191512,0.006019596977938134,0.9991914020447963,SVR_RBF,rheology_enhanced,9
SR,Repeated5x5,14,,Alg_mg_ml,-0.019782818649297606,0.01746397424426253,1.2653594344360626,SVR_RBF,rheology_enhanced,8
SR,Repeated5x5,14,,HA_mg_ml,-0.04172355928031464,0.04046106864830365,1.2653594344360626,SVR_RBF,rheology_enhanced,8
SR,Repeated5x5,14,,Pressure_kPa,-0.035184101858572146,0.01878779911071145,1.2653594344360626,SVR_RBF,rheology_enhanced,8
SR,Repeated5x5,14,,TP,0.0004185831808447782,0.045903044899845535,1.2653594344360626,SVR_RBF,rheology_enhanced,8
SR,Repeated5x5,14,,HF,-0.022273170552777177,0.02061760645286011,1.2653594344360626,SVR_RBF,rheology_enhanced,8
SR,Repeated5x5,14,,Alg_HA_ratio_safe,-0.007926760822398737,0.016323517491957387,1.2653594344360626,SVR_RBF,rheology_enhanced,8
SR,Repeated5x5,14,,P_over_TP,0.10115901693903373,0.055461491070770974,1.2653594344360626,SVR_RBF,rheology_enhanced,8
SR,Repeated5x5,14,,P_over_Alg,0.017597436521881192,0.02154279393798707,1.2653594344360626,SVR_RBF,rheology_enhanced,8
SR,Repeated5x5,14,,P_over_HA,0.03463072770758764,0.03490073166930726,1.2653594344360626,SVR_RBF,rheology_enhanced,8
SR,Repeated5x5,14,,Alg_x_HA,0.022069125523609224,0.03754997984850315,1.2653594344360626,SVR_RBF,rheology_enhanced,8
SR,Repeated5x5,14,,Alg_x_P,-0.03056623615680474,0.020075365563812578,1.2653594344360626,SVR_RBF,rheology_enhanced,8
SR,Repeated5x5,14,,HA_x_P,-0.10728143332011755,0.041476744755105044,1.2653594344360626,SVR_RBF,rheology_enhanced,8
SR,Repeated5x5,14,,TP_x_P,-0.04044899105900712,0.026849267198741495,1.2653594344360626,SVR_RBF,rheology_enhanced,8
SR,Repeated5x5,14,,HF_x_P,-0.10832011062628857,0.03531902835708336,1.2653594344360626,SVR_RBF,rheology_enhanced,8
SR,Repeated5x5,14,,Eta0_mean_Pa_s,-0.010709680898496688,0.035265375713723915,1.2653594344360626,SVR_RBF,rheology_enhanced,8
SR,Repeated5x5,14,,Cross_m_mean,0.0028177769614033286,0.03228139330386002,1.2653594344360626,SVR_RBF,rheology_enhanced,8
SR,Repeated5x5,14,,Cross_k_mean_s,0.02099600455892272,0.05052151059863808,1.2653594344360626,SVR_RBF,rheology_enhanced,8
SR,Repeated5x5,14,,G_prime_mean_Pa,-0.013784819829022332,0.048974145322249876,1.2653594344360626,SVR_RBF,rheology_enhanced,8
SR,Repeated5x5,14,,G_double_prime_mean_Pa,-0.0045730903628322436,0.05050453873777661,1.2653594344360626,SVR_RBF,rheology_enhanced,8
SR,Repeated5x5,14,,Yield_stress_mean_Pa,0.029585061843029715,0.03963336883328621,1.2653594344360626,SVR_RBF,rheology_enhanced,8
SR,Repeated5x5,15,,Alg_mg_ml,-0.053731245043461516,0.047741607400493324,0.7726682416096247,SVR_RBF,rheology_enhanced,8
SR,Repeated5x5,15,,HA_mg_ml,-0.03883297479898319,0.07374372333312315,0.7726682416096247,SVR_RBF,rheology_enhanced,8
SR,Repeated5x5,15,,Pressure_kPa,0.04490782725860759,0.057397857824205444,0.7726682416096247,SVR_RBF,rheology_enhanced,8
SR,Repeated5x5,15,,TP,0.0032886179874565546,0.08605456823193611,0.7726682416096247,SVR_RBF,rheology_enhanced,8
SR,Repeated5x5,15,,HF,-0.05490812037758348,0.06307364140140675,0.7726682416096247,SVR_RBF,rheology_enhanced,8
SR,Repeated5x5,15,,Alg_HA_ratio_safe,-0.034187365770753785,0.056971931107037424,0.7726682416096247,SVR_RBF,rheology_enhanced,8
SR,Repeated5x5,15,,P_over_TP,0.1924408458118162,0.15036004554099913,0.7726682416096247,SVR_RBF,rheology_enhanced,8
SR,Repeated5x5,15,,P_over_Alg,-0.07792298567174659,0.08673854530810932,0.7726682416096247,SVR_RBF,rheology_enhanced,8
SR,Repeated5x5,15,,P_over_HA,0.08681445342544045,0.10815961146813458,0.7726682416096247,SVR_RBF,rheology_enhanced,8
SR,Repeated5x5,15,,Alg_x_HA,-0.008298735748887887,0.07709989965197615,0.7726682416096247,SVR_RBF,rheology_enhanced,8
SR,Repeated5x5,15,,Alg_x_P,-0.008961061566425243,0.0423335992775122,0.7726682416096247,SVR_RBF,rheology_enhanced,8
SR,Repeated5x5,15,,HA_x_P,-0.023542041724585617,0.03454422522941394,0.7726682416096247,SVR_RBF,rheology_enhanced,8
SR,Repeated5x5,15,,TP_x_P,-0.008473364808979044,0.021958368017341533,0.7726682416096247,SVR_RBF,rheology_enhanced,8
SR,Repeated5x5,15,,HF_x_P,-0.01780744880509071,0.060318926195711164,0.7726682416096247,SVR_RBF,rheology_enhanced,8
SR,Repeated5x5,15,,Eta0_mean_Pa_s,0.060436670690200665,0.09426946564233496,0.7726682416096247,SVR_RBF,rheology_enhanced,8
SR,Repeated5x5,15,,Cross_m_mean,-0.03475509580128956,0.06227141524127893,0.7726682416096247,SVR_RBF,rheology_enhanced,8
SR,Repeated5x5,15,,Cross_k_mean_s,-0.0390187253271556,0.06940006321786368,0.7726682416096247,SVR_RBF,rheology_enhanced,8
SR,Repeated5x5,15,,G_prime_mean_Pa,-0.014742614090163465,0.08586517852319442,0.7726682416096247,SVR_RBF,rheology_enhanced,8
SR,Repeated5x5,15,,G_double_prime_mean_Pa,-0.023676577746076198,0.08649110871384201,0.7726682416096247,SVR_RBF,rheology_enhanced,8
SR,Repeated5x5,15,,Yield_stress_mean_Pa,-0.05732063091498596,0.05277816345161026,0.7726682416096247,SVR_RBF,rheology_enhanced,8
SR,Repeated5x5,16,,Alg_mg_ml,-0.029732000599580654,0.03773953524031042,1.3761313158544535,SVR_RBF,rheology_enhanced,9
SR,Repeated5x5,16,,HA_mg_ml,-0.04930949403060989,0.07202542569387319,1.3761313158544535,SVR_RBF,rheology_enhanced,9
SR,Repeated5x5,16,,Pressure_kPa,0.005845736508678012,0.023455145257537963,1.3761313158544535,SVR_RBF,rheology_enhanced,9
SR,Repeated5x5,16,,TP,-0.036772641749663174,0.06727008018550071,1.3761313158544535,SVR_RBF,rheology_enhanced,9
SR,Repeated5x5,16,,HF,-0.04633283933732779,0.05453641091577509,1.3761313158544535,SVR_RBF,rheology_enhanced,9
SR,Repeated5x5,16,,Alg_HA_ratio_safe,-0.06938751586834524,0.06313952296814089,1.3761313158544535,SVR_RBF,rheology_enhanced,9
SR,Repeated5x5,16,,P_over_TP,0.13547697404045383,0.10243030357555023,1.3761313158544535,SVR_RBF,rheology_enhanced,9
SR,Repeated5x5,16,,P_over_Alg,-0.022126425689107852,0.015161056640466079,1.3761313158544535,SVR_RBF,rheology_enhanced,9
SR,Repeated5x5,16,,P_over_HA,-0.0003318388026054997,0.1319401173066058,1.3761313158544535,SVR_RBF,rheology_enhanced,9
SR,Repeated5x5,16,,Alg_x_HA,-0.03928386747162371,0.04577009418473645,1.3761313158544535,SVR_RBF,rheology_enhanced,9
SR,Repeated5x5,16,,Alg_x_P,-0.0009590628223461239,0.02659143523312594,1.3761313158544535,SVR_RBF,rheology_enhanced,9
SR,Repeated5x5,16,,HA_x_P,-0.031232477284017856,0.05671454981748795,1.3761313158544535,SVR_RBF,rheology_enhanced,9
SR,Repeated5x5,16,,TP_x_P,-0.01411450228258473,0.028346079196661926,1.3761313158544535,SVR_RBF,rheology_enhanced,9
SR,Repeated5x5,16,,HF_x_P,-0.0390527940737684,0.048436432138330154,1.3761313158544535,SVR_RBF,rheology_enhanced,9
SR,Repeated5x5,16,,Eta0_mean_Pa_s,-0.025208209927774283,0.09121929064639868,1.3761313158544535,SVR_RBF,rheology_enhanced,9
SR,Repeated5x5,16,,Cross_m_mean,-0.01533828699419353,0.05506133623433617,1.3761313158544535,SVR_RBF,rheology_enhanced,9
SR,Repeated5x5,16,,Cross_k_mean_s,-0.05439618853893415,0.034336119036207764,1.3761313158544535,SVR_RBF,rheology_enhanced,9
SR,Repeated5x5,16,,G_prime_mean_Pa,-0.041852718982028136,0.07074391329679001,1.3761313158544535,SVR_RBF,rheology_enhanced,9
SR,Repeated5x5,16,,G_double_prime_mean_Pa,-0.046497613615519386,0.06421296756668109,1.3761313158544535,SVR_RBF,rheology_enhanced,9
SR,Repeated5x5,16,,Yield_stress_mean_Pa,-0.04542372925059912,0.03110406732024453,1.3761313158544535,SVR_RBF,rheology_enhanced,9
SR,Repeated5x5,17,,Alg_mg_ml,-0.09025680988430256,0.048567085005655486,1.4127923550716828,SVR_RBF,rheology_enhanced,9
SR,Repeated5x5,17,,HA_mg_ml,0.0024175347026349934,0.05994944545529733,1.4127923550716828,SVR_RBF,rheology_enhanced,9
SR,Repeated5x5,17,,Pressure_kPa,-0.0025025125358201007,0.032838125431156176,1.4127923550716828,SVR_RBF,rheology_enhanced,9
SR,Repeated5x5,17,,TP,-0.04162086909536653,0.05924089330098258,1.4127923550716828,SVR_RBF,rheology_enhanced,9
SR,Repeated5x5,17,,HF,-0.04830151076841784,0.06279032576565309,1.4127923550716828,SVR_RBF,rheology_enhanced,9
SR,Repeated5x5,17,,Alg_HA_ratio_safe,-0.04128956719293693,0.08512262494223954,1.4127923550716828,SVR_RBF,rheology_enhanced,9
SR,Repeated5x5,17,,P_over_TP,0.0722910145340604,0.07191764313297486,1.4127923550716828,SVR_RBF,rheology_enhanced,9
SR,Repeated5x5,17,,P_over_Alg,-0.2831615887421644,0.10695119337900152,1.4127923550716828,SVR_RBF,rheology_enhanced,9
SR,Repeated5x5,17,,P_over_HA,-0.0014212270709019537,0.0632732776007191,1.4127923550716828,SVR_RBF,rheology_enhanced,9
SR,Repeated5x5,17,,Alg_x_HA,-0.12835024564227843,0.08769870615021261,1.4127923550716828,SVR_RBF,rheology_enhanced,9
SR,Repeated5x5,17,,Alg_x_P,-0.06848705755772946,0.0617848893294628,1.4127923550716828,SVR_RBF,rheology_enhanced,9
SR,Repeated5x5,17,,HA_x_P,-0.022497892967127186,0.05624651384149958,1.4127923550716828,SVR_RBF,rheology_enhanced,9
SR,Repeated5x5,17,,TP_x_P,-0.028457814928653312,0.03272419584929243,1.4127923550716828,SVR_RBF,rheology_enhanced,9
SR,Repeated5x5,17,,HF_x_P,-0.06362629824955508,0.08454968597582177,1.4127923550716828,SVR_RBF,rheology_enhanced,9
SR,Repeated5x5,17,,Eta0_mean_Pa_s,-0.022512508226717243,0.07294423629430036,1.4127923550716828,SVR_RBF,rheology_enhanced,9
SR,Repeated5x5,17,,Cross_m_mean,-0.017170176372980527,0.02650670153112155,1.4127923550716828,SVR_RBF,rheology_enhanced,9
SR,Repeated5x5,17,,Cross_k_mean_s,-0.030431666347827725,0.019171534707590004,1.4127923550716828,SVR_RBF,rheology_enhanced,9
SR,Repeated5x5,17,,G_prime_mean_Pa,-0.015951480740421253,0.048445800503043854,1.4127923550716828,SVR_RBF,rheology_enhanced,9
SR,Repeated5x5,17,,G_double_prime_mean_Pa,-0.032127620559569525,0.05087205751278559,1.4127923550716828,SVR_RBF,rheology_enhanced,9
SR,Repeated5x5,17,,Yield_stress_mean_Pa,-0.025170738026509598,0.05552745407445865,1.4127923550716828,SVR_RBF,rheology_enhanced,9
SR,Repeated5x5,18,,Alg_mg_ml,0.016661592279326086,0.03153073546177749,1.2162772865901132,SVR_RBF,rheology_enhanced,9
SR,Repeated5x5,18,,HA_mg_ml,0.00040713598246089333,0.05647073952579099,1.2162772865901132,SVR_RBF,rheology_enhanced,9
SR,Repeated5x5,18,,Pressure_kPa,0.012565865729137538,0.025777983706259753,1.2162772865901132,SVR_RBF,rheology_enhanced,9
SR,Repeated5x5,18,,TP,0.06727432497730819,0.03640156366477177,1.2162772865901132,SVR_RBF,rheology_enhanced,9
SR,Repeated5x5,18,,HF,0.007404570130251175,0.04541888451924787,1.2162772865901132,SVR_RBF,rheology_enhanced,9
SR,Repeated5x5,18,,Alg_HA_ratio_safe,0.021369091899351055,0.033097356147911636,1.2162772865901132,SVR_RBF,rheology_enhanced,9
SR,Repeated5x5,18,,P_over_TP,0.09853021968875511,0.0651637982120834,1.2162772865901132,SVR_RBF,rheology_enhanced,9
SR,Repeated5x5,18,,P_over_Alg,0.027012582516259598,0.026436586208141606,1.2162772865901132,SVR_RBF,rheology_enhanced,9
SR,Repeated5x5,18,,P_over_HA,0.05644609995018231,0.08268567570950308,1.2162772865901132,SVR_RBF,rheology_enhanced,9
SR,Repeated5x5,18,,Alg_x_HA,0.08735916688603804,0.03658098962006227,1.2162772865901132,SVR_RBF,rheology_enhanced,9
SR,Repeated5x5,18,,Alg_x_P,-0.020055113234737167,0.020532583076001542,1.2162772865901132,SVR_RBF,rheology_enhanced,9
SR,Repeated5x5,18,,HA_x_P,-0.012699033015499217,0.021186224671831556,1.2162772865901132,SVR_RBF,rheology_enhanced,9
SR,Repeated5x5,18,,TP_x_P,0.011599376237439141,0.013242919541233775,1.2162772865901132,SVR_RBF,rheology_enhanced,9
SR,Repeated5x5,18,,HF_x_P,-0.013203573447422956,0.0269935022523434,1.2162772865901132,SVR_RBF,rheology_enhanced,9
SR,Repeated5x5,18,,Eta0_mean_Pa_s,0.07736910141928917,0.058937783464996826,1.2162772865901132,SVR_RBF,rheology_enhanced,9
SR,Repeated5x5,18,,Cross_m_mean,0.03677295087849051,0.05092959793545404,1.2162772865901132,SVR_RBF,rheology_enhanced,9
SR,Repeated5x5,18,,Cross_k_mean_s,0.012863090599328508,0.033218185126337486,1.2162772865901132,SVR_RBF,rheology_enhanced,9
SR,Repeated5x5,18,,G_prime_mean_Pa,0.06729120708129774,0.03601205269290942,1.2162772865901132,SVR_RBF,rheology_enhanced,9
SR,Repeated5x5,18,,G_double_prime_mean_Pa,0.07653678364735694,0.030743340966827497,1.2162772865901132,SVR_RBF,rheology_enhanced,9
SR,Repeated5x5,18,,Yield_stress_mean_Pa,0.05305517602467617,0.01947081210253842,1.2162772865901132,SVR_RBF,rheology_enhanced,9
SR,Repeated5x5,19,,Alg_mg_ml,-0.06654877661618776,0.04297219943370103,0.7797378185821044,SVR_RBF,rheology_enhanced,8
SR,Repeated5x5,19,,HA_mg_ml,-0.06550799619702932,0.04822266094503076,0.7797378185821044,SVR_RBF,rheology_enhanced,8
SR,Repeated5x5,19,,Pressure_kPa,0.021345376004258287,0.09829342681102698,0.7797378185821044,SVR_RBF,rheology_enhanced,8
SR,Repeated5x5,19,,TP,-0.03474131399588999,0.08021656742931159,0.7797378185821044,SVR_RBF,rheology_enhanced,8
SR,Repeated5x5,19,,HF,-0.07741933733282183,0.04832561607217384,0.7797378185821044,SVR_RBF,rheology_enhanced,8
SR,Repeated5x5,19,,Alg_HA_ratio_safe,-0.055586926163701936,0.03986861082196427,0.7797378185821044,SVR_RBF,rheology_enhanced,8
SR,Repeated5x5,19,,P_over_TP,0.12806554851370072,0.15174338889349578,0.7797378185821044,SVR_RBF,rheology_enhanced,8
SR,Repeated5x5,19,,P_over_Alg,-0.07933619659695319,0.07886765479572844,0.7797378185821044,SVR_RBF,rheology_enhanced,8
SR,Repeated5x5,19,,P_over_HA,0.002996416680724778,0.08959369852466961,0.7797378185821044,SVR_RBF,rheology_enhanced,8
SR,Repeated5x5,19,,Alg_x_HA,-0.024724971656724527,0.05010695118938607,0.7797378185821044,SVR_RBF,rheology_enhanced,8
SR,Repeated5x5,19,,Alg_x_P,0.026743225360302558,0.049715886130180104,0.7797378185821044,SVR_RBF,rheology_enhanced,8
SR,Repeated5x5,19,,HA_x_P,-0.0755768328633237,0.05283808817020208,0.7797378185821044,SVR_RBF,rheology_enhanced,8
SR,Repeated5x5,19,,TP_x_P,-0.007044975272801746,0.03934333434289007,0.7797378185821044,SVR_RBF,rheology_enhanced,8
SR,Repeated5x5,19,,HF_x_P,-0.0926417588975392,0.07437590466083954,0.7797378185821044,SVR_RBF,rheology_enhanced,8
SR,Repeated5x5,19,,Eta0_mean_Pa_s,-0.016827035530906996,0.05595276910385849,0.7797378185821044,SVR_RBF,rheology_enhanced,8
SR,Repeated5x5,19,,Cross_m_mean,-0.04717264858510475,0.03278839727049387,0.7797378185821044,SVR_RBF,rheology_enhanced,8
SR,Repeated5x5,19,,Cross_k_mean_s,-0.039402188677152596,0.045321718016000385,0.7797378185821044,SVR_RBF,rheology_enhanced,8
SR,Repeated5x5,19,,G_prime_mean_Pa,-0.03450717479646716,0.06814131321735742,0.7797378185821044,SVR_RBF,rheology_enhanced,8
SR,Repeated5x5,19,,G_double_prime_mean_Pa,-0.03312254961574328,0.07451721937622752,0.7797378185821044,SVR_RBF,rheology_enhanced,8
SR,Repeated5x5,19,,Yield_stress_mean_Pa,-0.0398490525685228,0.03407235336570409,0.7797378185821044,SVR_RBF,rheology_enhanced,8
SR,Repeated5x5,20,,Alg_mg_ml,-0.029582488457452684,0.01324070619609182,1.0295870980047566,SVR_RBF,rheology_enhanced,8
SR,Repeated5x5,20,,HA_mg_ml,-0.013649738887297902,0.00924346649108422,1.0295870980047566,SVR_RBF,rheology_enhanced,8
SR,Repeated5x5,20,,Pressure_kPa,-0.024928844080128375,0.04872478184193958,1.0295870980047566,SVR_RBF,rheology_enhanced,8
SR,Repeated5x5,20,,TP,0.02712250975116446,0.026309406656801274,1.0295870980047566,SVR_RBF,rheology_enhanced,8
SR,Repeated5x5,20,,HF,-0.024035844912560535,0.008810603671823786,1.0295870980047566,SVR_RBF,rheology_enhanced,8
SR,Repeated5x5,20,,Alg_HA_ratio_safe,-0.008294307037022653,0.002792587277742566,1.0295870980047566,SVR_RBF,rheology_enhanced,8
SR,Repeated5x5,20,,P_over_TP,0.08713215304370744,0.08902311347286312,1.0295870980047566,SVR_RBF,rheology_enhanced,8
SR,Repeated5x5,20,,P_over_Alg,-0.06249331100109131,0.02609914112937918,1.0295870980047566,SVR_RBF,rheology_enhanced,8
SR,Repeated5x5,20,,P_over_HA,-0.031176654269414017,0.012812797004419245,1.0295870980047566,SVR_RBF,rheology_enhanced,8
SR,Repeated5x5,20,,Alg_x_HA,0.02525431136016478,0.0351270778959991,1.0295870980047566,SVR_RBF,rheology_enhanced,8
SR,Repeated5x5,20,,Alg_x_P,-0.06450656982620243,0.015799217026821792,1.0295870980047566,SVR_RBF,rheology_enhanced,8
SR,Repeated5x5,20,,HA_x_P,-0.006140400384593114,0.044337970269058724,1.0295870980047566,SVR_RBF,rheology_enhanced,8
SR,Repeated5x5,20,,TP_x_P,-0.03913024750645133,0.032519572893583926,1.0295870980047566,SVR_RBF,rheology_enhanced,8
SR,Repeated5x5,20,,HF_x_P,-0.008838682083999627,0.04493467455867035,1.0295870980047566,SVR_RBF,rheology_enhanced,8
SR,Repeated5x5,20,,Eta0_mean_Pa_s,0.05778280885713838,0.03577830949691005,1.0295870980047566,SVR_RBF,rheology_enhanced,8
SR,Repeated5x5,20,,Cross_m_mean,0.013207449851833619,0.016364294689448666,1.0295870980047566,SVR_RBF,rheology_enhanced,8
SR,Repeated5x5,20,,Cross_k_mean_s,-0.011701940631485774,0.01697846898563416,1.0295870980047566,SVR_RBF,rheology_enhanced,8
SR,Repeated5x5,20,,G_prime_mean_Pa,0.01856240944630234,0.021526156140482013,1.0295870980047566,SVR_RBF,rheology_enhanced,8
SR,Repeated5x5,20,,G_double_prime_mean_Pa,0.01777755510414869,0.023778698364234175,1.0295870980047566,SVR_RBF,rheology_enhanced,8
SR,Repeated5x5,20,,Yield_stress_mean_Pa,-0.004244685246924118,0.004302714422985183,1.0295870980047566,SVR_RBF,rheology_enhanced,8
SR,Repeated5x5,21,,Alg_mg_ml,-0.004278456151353261,0.02584221753375261,0.7532460586350442,SVR_RBF,rheology_enhanced,9
SR,Repeated5x5,21,,HA_mg_ml,0.042657189040685585,0.047112656146701674,0.7532460586350442,SVR_RBF,rheology_enhanced,9
SR,Repeated5x5,21,,Pressure_kPa,-0.10652915504188401,0.04041076542731233,0.7532460586350442,SVR_RBF,rheology_enhanced,9
SR,Repeated5x5,21,,TP,0.07861439885632487,0.04001933517709959,0.7532460586350442,SVR_RBF,rheology_enhanced,9
SR,Repeated5x5,21,,HF,0.01401584450774197,0.02543135003321812,0.7532460586350442,SVR_RBF,rheology_enhanced,9
SR,Repeated5x5,21,,Alg_HA_ratio_safe,0.0019097440840006418,0.02151258814714721,0.7532460586350442,SVR_RBF,rheology_enhanced,9
SR,Repeated5x5,21,,P_over_TP,0.007323836281590468,0.07411617456446183,0.7532460586350442,SVR_RBF,rheology_enhanced,9
SR,Repeated5x5,21,,P_over_Alg,0.0364502306772133,0.03994049184274111,0.7532460586350442,SVR_RBF,rheology_enhanced,9
SR,Repeated5x5,21,,P_over_HA,-0.022738812688773046,0.04149906184330879,0.7532460586350442,SVR_RBF,rheology_enhanced,9
SR,Repeated5x5,21,,Alg_x_HA,0.10960301408908646,0.034901791056426656,0.7532460586350442,SVR_RBF,rheology_enhanced,9
SR,Repeated5x5,21,,Alg_x_P,-0.09693765536986204,0.020301880077793915,0.7532460586350442,SVR_RBF,rheology_enhanced,9
SR,Repeated5x5,21,,HA_x_P,0.0031388877230210666,0.04158396832356164,0.7532460586350442,SVR_RBF,rheology_enhanced,9
SR,Repeated5x5,21,,TP_x_P,-0.07316935743479477,0.03918630801823792,0.7532460586350442,SVR_RBF,rheology_enhanced,9
SR,Repeated5x5,21,,HF_x_P,-0.01233261879586416,0.03359345466649081,0.7532460586350442,SVR_RBF,rheology_enhanced,9
SR,Repeated5x5,21,,Eta0_mean_Pa_s,0.15109393606387705,0.07377654502140392,0.7532460586350442,SVR_RBF,rheology_enhanced,9
SR,Repeated5x5,21,,Cross_m_mean,0.07631074016599457,0.047964628277360394,0.7532460586350442,SVR_RBF,rheology_enhanced,9
SR,Repeated5x5,21,,Cross_k_mean_s,-0.01834971378603899,0.015790472982481638,0.7532460586350442,SVR_RBF,rheology_enhanced,9
SR,Repeated5x5,21,,G_prime_mean_Pa,0.1139916667927889,0.04601096419826739,0.7532460586350442,SVR_RBF,rheology_enhanced,9
SR,Repeated5x5,21,,G_double_prime_mean_Pa,0.11998162708650402,0.037857737538104244,0.7532460586350442,SVR_RBF,rheology_enhanced,9
SR,Repeated5x5,21,,Yield_stress_mean_Pa,0.016268417447113458,0.03300452040674173,0.7532460586350442,SVR_RBF,rheology_enhanced,9
SR,Repeated5x5,22,,Alg_mg_ml,-0.03679484542093756,0.04294359366092676,0.7615631312022572,SVR_RBF,rheology_enhanced,9
SR,Repeated5x5,22,,HA_mg_ml,0.00042500860666092597,0.029953492731761285,0.7615631312022572,SVR_RBF,rheology_enhanced,9
SR,Repeated5x5,22,,Pressure_kPa,0.04225767161883167,0.08212690500788632,0.7615631312022572,SVR_RBF,rheology_enhanced,9
SR,Repeated5x5,22,,TP,0.0020346066187793333,0.04486451722242473,0.7615631312022572,SVR_RBF,rheology_enhanced,9
SR,Repeated5x5,22,,HF,-0.018005849890580274,0.03569471728975887,0.7615631312022572,SVR_RBF,rheology_enhanced,9
SR,Repeated5x5,22,,Alg_HA_ratio_safe,-0.023726852389857778,0.028749183025367993,0.7615631312022572,SVR_RBF,rheology_enhanced,9
SR,Repeated5x5,22,,P_over_TP,0.1946533188234758,0.11478053539881623,0.7615631312022572,SVR_RBF,rheology_enhanced,9
SR,Repeated5x5,22,,P_over_Alg,0.04675575464041705,0.05378026154219771,0.7615631312022572,SVR_RBF,rheology_enhanced,9
SR,Repeated5x5,22,,P_over_HA,0.04140651973550504,0.04954459655079682,0.7615631312022572,SVR_RBF,rheology_enhanced,9
SR,Repeated5x5,22,,Alg_x_HA,-0.024132780571402713,0.03723067026855975,0.7615631312022572,SVR_RBF,rheology_enhanced,9
SR,Repeated5x5,22,,Alg_x_P,-0.009122420808403387,0.06069262111498987,0.7615631312022572,SVR_RBF,rheology_enhanced,9
SR,Repeated5x5,22,,HA_x_P,0.006577328721085218,0.02622402374387092,0.7615631312022572,SVR_RBF,rheology_enhanced,9
SR,Repeated5x5,22,,TP_x_P,0.0033242441512579602,0.06337116362720041,0.7615631312022572,SVR_RBF,rheology_enhanced,9
SR,Repeated5x5,22,,HF_x_P,0.013076035986479606,0.030157696490800724,0.7615631312022572,SVR_RBF,rheology_enhanced,9
SR,Repeated5x5,22,,Eta0_mean_Pa_s,-0.00935228019817318,0.03167679555714615,0.7615631312022572,SVR_RBF,rheology_enhanced,9
SR,Repeated5x5,22,,Cross_m_mean,0.006576018576077558,0.033338236426998506,0.7615631312022572,SVR_RBF,rheology_enhanced,9
SR,Repeated5x5,22,,Cross_k_mean_s,-0.030615404893641306,0.042579335531532446,0.7615631312022572,SVR_RBF,rheology_enhanced,9
SR,Repeated5x5,22,,G_prime_mean_Pa,0.014268033398925606,0.04381647780569065,0.7615631312022572,SVR_RBF,rheology_enhanced,9
SR,Repeated5x5,22,,G_double_prime_mean_Pa,0.0169821349557683,0.04797286717874521,0.7615631312022572,SVR_RBF,rheology_enhanced,9
SR,Repeated5x5,22,,Yield_stress_mean_Pa,0.005673286635441299,0.05755610771057309,0.7615631312022572,SVR_RBF,rheology_enhanced,9
SR,Repeated5x5,23,,Alg_mg_ml,-0.0221764813597221,0.01651365966456079,0.7218988943771091,SVR_RBF,rheology_enhanced,9
SR,Repeated5x5,23,,HA_mg_ml,0.02770788001175569,0.04750270837448283,0.7218988943771091,SVR_RBF,rheology_enhanced,9
SR,Repeated5x5,23,,Pressure_kPa,0.07677700507103681,0.049142875351567736,0.7218988943771091,SVR_RBF,rheology_enhanced,9
SR,Repeated5x5,23,,TP,0.06739193093206024,0.05150458118335944,0.7218988943771091,SVR_RBF,rheology_enhanced,9
SR,Repeated5x5,23,,HF,-0.011373758102304243,0.02609343544559923,0.7218988943771091,SVR_RBF,rheology_enhanced,9
SR,Repeated5x5,23,,Alg_HA_ratio_safe,-0.0018085880719773129,0.02392247061323133,0.7218988943771091,SVR_RBF,rheology_enhanced,9
SR,Repeated5x5,23,,P_over_TP,0.3858155332635245,0.1393109513184623,0.7218988943771091,SVR_RBF,rheology_enhanced,9
SR,Repeated5x5,23,,P_over_Alg,-0.0247767468034774,0.024484654934015995,0.7218988943771091,SVR_RBF,rheology_enhanced,9
SR,Repeated5x5,23,,P_over_HA,0.10685289026174132,0.07531895688142791,0.7218988943771091,SVR_RBF,rheology_enhanced,9
SR,Repeated5x5,23,,Alg_x_HA,0.012775811313087105,0.02482715682861238,0.7218988943771091,SVR_RBF,rheology_enhanced,9
SR,Repeated5x5,23,,Alg_x_P,0.009835942556128862,0.017490423186642134,0.7218988943771091,SVR_RBF,rheology_enhanced,9
SR,Repeated5x5,23,,HA_x_P,0.0011188244001325454,0.030417187552820548,0.7218988943771091,SVR_RBF,rheology_enhanced,9
SR,Repeated5x5,23,,TP_x_P,0.024009864504238265,0.017896383325320883,0.7218988943771091,SVR_RBF,rheology_enhanced,9
SR,Repeated5x5,23,,HF_x_P,-0.008836438124903812,0.029628608343898983,0.7218988943771091,SVR_RBF,rheology_enhanced,9
SR,Repeated5x5,23,,Eta0_mean_Pa_s,0.09112210124444993,0.06738771996847127,0.7218988943771091,SVR_RBF,rheology_enhanced,9
SR,Repeated5x5,23,,Cross_m_mean,0.004851661341760727,0.039633227958564284,0.7218988943771091,SVR_RBF,rheology_enhanced,9
SR,Repeated5x5,23,,Cross_k_mean_s,0.01877991679897194,0.016155893097940126,0.7218988943771091,SVR_RBF,rheology_enhanced,9
SR,Repeated5x5,23,,G_prime_mean_Pa,0.0832476867721335,0.05719519037407645,0.7218988943771091,SVR_RBF,rheology_enhanced,9
SR,Repeated5x5,23,,G_double_prime_mean_Pa,0.08302035391347067,0.05529922295947758,0.7218988943771091,SVR_RBF,rheology_enhanced,9
SR,Repeated5x5,23,,Yield_stress_mean_Pa,-0.0009946744096590797,0.014403008371836643,0.7218988943771091,SVR_RBF,rheology_enhanced,9
SR,Repeated5x5,24,,Alg_mg_ml,-0.13538852426822814,0.2014072104219222,1.6936688802236506,SVR_RBF,rheology_enhanced,8
SR,Repeated5x5,24,,HA_mg_ml,-0.07960039818561486,0.1505569843103726,1.6936688802236506,SVR_RBF,rheology_enhanced,8
SR,Repeated5x5,24,,Pressure_kPa,-0.0478632462737437,0.06486346702594316,1.6936688802236506,SVR_RBF,rheology_enhanced,8
SR,Repeated5x5,24,,TP,-0.009193604841955461,0.012193503869056823,1.6936688802236506,SVR_RBF,rheology_enhanced,8
SR,Repeated5x5,24,,HF,-0.11962596594747019,0.19985249476305522,1.6936688802236506,SVR_RBF,rheology_enhanced,8
SR,Repeated5x5,24,,Alg_HA_ratio_safe,-0.10542239170301608,0.1841709812538828,1.6936688802236506,SVR_RBF,rheology_enhanced,8
SR,Repeated5x5,24,,P_over_TP,-0.10721794057614335,0.12808358714991475,1.6936688802236506,SVR_RBF,rheology_enhanced,8
SR,Repeated5x5,24,,P_over_Alg,-0.15201286682737639,0.336397248139163,1.6936688802236506,SVR_RBF,rheology_enhanced,8
SR,Repeated5x5,24,,P_over_HA,0.05044446007061163,0.08103288266856178,1.6936688802236506,SVR_RBF,rheology_enhanced,8
SR,Repeated5x5,24,,Alg_x_HA,-0.029551288784403874,0.05112609760372584,1.6936688802236506,SVR_RBF,rheology_enhanced,8
SR,Repeated5x5,24,,Alg_x_P,-0.019180307820351784,0.074574311085248,1.6936688802236506,SVR_RBF,rheology_enhanced,8
SR,Repeated5x5,24,,HA_x_P,-0.11394909345494472,0.12946315897791774,1.6936688802236506,SVR_RBF,rheology_enhanced,8
SR,Repeated5x5,24,,TP_x_P,-0.020570599653669207,0.03487361360581233,1.6936688802236506,SVR_RBF,rheology_enhanced,8
SR,Repeated5x5,24,,HF_x_P,-0.20511725222097663,0.2304975614175912,1.6936688802236506,SVR_RBF,rheology_enhanced,8
SR,Repeated5x5,24,,Eta0_mean_Pa_s,-0.00647067957098828,0.020370510738499305,1.6936688802236506,SVR_RBF,rheology_enhanced,8
SR,Repeated5x5,24,,Cross_m_mean,-0.035951489003839064,0.05849515938157137,1.6936688802236506,SVR_RBF,rheology_enhanced,8
SR,Repeated5x5,24,,Cross_k_mean_s,-0.04752958826505031,0.05647675173693265,1.6936688802236506,SVR_RBF,rheology_enhanced,8
SR,Repeated5x5,24,,G_prime_mean_Pa,-0.014073151970426778,0.04216822096058718,1.6936688802236506,SVR_RBF,rheology_enhanced,8
SR,Repeated5x5,24,,G_double_prime_mean_Pa,-0.009894515525862558,0.034756673902685734,1.6936688802236506,SVR_RBF,rheology_enhanced,8
SR,Repeated5x5,24,,Yield_stress_mean_Pa,-0.03191261822873222,0.06065666735210452,1.6936688802236506,SVR_RBF,rheology_enhanced,8
SR,Repeated5x5,25,,Alg_mg_ml,-0.0838464317568312,0.06387381020107574,1.772127568503552,SVR_RBF,rheology_enhanced,8
SR,Repeated5x5,25,,HA_mg_ml,-0.11776220117392644,0.09750468152450996,1.772127568503552,SVR_RBF,rheology_enhanced,8
SR,Repeated5x5,25,,Pressure_kPa,-0.006189972838240232,0.047861434055486755,1.772127568503552,SVR_RBF,rheology_enhanced,8
SR,Repeated5x5,25,,TP,-0.06939500005133992,0.06137057386829029,1.772127568503552,SVR_RBF,rheology_enhanced,8
SR,Repeated5x5,25,,HF,-0.10931612792848897,0.08142306274874066,1.772127568503552,SVR_RBF,rheology_enhanced,8
SR,Repeated5x5,25,,Alg_HA_ratio_safe,-0.10165458232636138,0.06459607128915777,1.772127568503552,SVR_RBF,rheology_enhanced,8
SR,Repeated5x5,25,,P_over_TP,0.1494594658582699,0.09322222825403523,1.772127568503552,SVR_RBF,rheology_enhanced,8
SR,Repeated5x5,25,,P_over_Alg,-0.10752173811206316,0.061360241194233764,1.772127568503552,SVR_RBF,rheology_enhanced,8
SR,Repeated5x5,25,,P_over_HA,-0.04269244967933159,0.09394083970066579,1.772127568503552,SVR_RBF,rheology_enhanced,8
SR,Repeated5x5,25,,Alg_x_HA,-0.0666751163236631,0.0377061344041637,1.772127568503552,SVR_RBF,rheology_enhanced,8
SR,Repeated5x5,25,,Alg_x_P,-0.047508712272134955,0.04940632851255257,1.772127568503552,SVR_RBF,rheology_enhanced,8
SR,Repeated5x5,25,,HA_x_P,-0.10365511271180172,0.08864035045523785,1.772127568503552,SVR_RBF,rheology_enhanced,8
SR,Repeated5x5,25,,TP_x_P,-0.053254009801280255,0.04851938142261727,1.772127568503552,SVR_RBF,rheology_enhanced,8
SR,Repeated5x5,25,,HF_x_P,-0.09673693851648354,0.08389656741890876,1.772127568503552,SVR_RBF,rheology_enhanced,8
SR,Repeated5x5,25,,Eta0_mean_Pa_s,-0.06580532572876037,0.096277920413862,1.772127568503552,SVR_RBF,rheology_enhanced,8
SR,Repeated5x5,25,,Cross_m_mean,-0.0818878545422248,0.07924764234114735,1.772127568503552,SVR_RBF,rheology_enhanced,8
SR,Repeated5x5,25,,Cross_k_mean_s,-0.02508107174596852,0.03568388181607847,1.772127568503552,SVR_RBF,rheology_enhanced,8
SR,Repeated5x5,25,,G_prime_mean_Pa,-0.08655705969664626,0.06876592436707551,1.772127568503552,SVR_RBF,rheology_enhanced,8
SR,Repeated5x5,25,,G_double_prime_mean_Pa,-0.08132219282498995,0.05923492496575906,1.772127568503552,SVR_RBF,rheology_enhanced,8
SR,Repeated5x5,25,,Yield_stress_mean_Pa,-0.07717721024584365,0.07507240733390609,1.772127568503552,SVR_RBF,rheology_enhanced,8
Qm,Repeated5x5,1,,Alg_mg_ml,0.08839951848697314,0.03647672414019177,0.4059417982784171,SVR_RBF,engineered,8
Qm,Repeated5x5,1,,HA_mg_ml,0.028268468580522205,0.040626664812644944,0.4059417982784171,SVR_RBF,engineered,8
Qm,Repeated5x5,1,,Pressure_kPa,0.048425901998057776,0.020908945284576468,0.4059417982784171,SVR_RBF,engineered,8
Qm,Repeated5x5,1,,TP,0.09522649441287041,0.06350736911349282,0.4059417982784171,SVR_RBF,engineered,8
Qm,Repeated5x5,1,,HF,0.06838246968723873,0.03603273077742627,0.4059417982784171,SVR_RBF,engineered,8
Qm,Repeated5x5,1,,Alg_HA_ratio_safe,0.19843203233575069,0.07070141811864318,0.4059417982784171,SVR_RBF,engineered,8
Qm,Repeated5x5,1,,P_over_TP,0.5626590422278174,0.15813793289990755,0.4059417982784171,SVR_RBF,engineered,8
Qm,Repeated5x5,1,,P_over_Alg,0.16309557142714276,0.040624073929181416,0.4059417982784171,SVR_RBF,engineered,8
Qm,Repeated5x5,1,,P_over_HA,0.0773918279580776,0.039116369149525286,0.4059417982784171,SVR_RBF,engineered,8
Qm,Repeated5x5,1,,Alg_x_HA,0.036474498172791095,0.04330218416546883,0.4059417982784171,SVR_RBF,engineered,8
Qm,Repeated5x5,1,,Alg_x_P,0.029088985005974018,0.01706245300905139,0.4059417982784171,SVR_RBF,engineered,8
Qm,Repeated5x5,1,,HA_x_P,-0.0012511485373914665,0.013100885459948645,0.4059417982784171,SVR_RBF,engineered,8
Qm,Repeated5x5,1,,TP_x_P,-0.01218157981959057,0.019619366174874628,0.4059417982784171,SVR_RBF,engineered,8
Qm,Repeated5x5,1,,HF_x_P,0.06610830190007538,0.03847611067208902,0.4059417982784171,SVR_RBF,engineered,8
Qm,Repeated5x5,2,,Alg_mg_ml,0.22553355142117382,0.10931728288542325,0.2616293221393287,SVR_RBF,engineered,8
Qm,Repeated5x5,2,,HA_mg_ml,0.20566778816705922,0.11632893558749037,0.2616293221393287,SVR_RBF,engineered,8
Qm,Repeated5x5,2,,Pressure_kPa,-0.03029193089835904,0.04625764966069157,0.2616293221393287,SVR_RBF,engineered,8
Qm,Repeated5x5,2,,TP,0.23479788279841007,0.09741435710480667,0.2616293221393287,SVR_RBF,engineered,8
Qm,Repeated5x5,2,,HF,0.1434567787418496,0.0828193533810666,0.2616293221393287,SVR_RBF,engineered,8
Qm,Repeated5x5,2,,Alg_HA_ratio_safe,0.11763468946832097,0.07743437985222339,0.2616293221393287,SVR_RBF,engineered,8
Qm,Repeated5x5,2,,P_over_TP,0.47356429969784364,0.10371729207969602,0.2616293221393287,SVR_RBF,engineered,8
Qm,Repeated5x5,2,,P_over_Alg,-0.007217421075616773,0.03471668639384059,0.2616293221393287,SVR_RBF,engineered,8
Qm,Repeated5x5,2,,P_over_HA,0.15817155342260614,0.08991461232881166,0.2616293221393287,SVR_RBF,engineered,8
Qm,Repeated5x5,2,,Alg_x_HA,0.07907110406806934,0.0429168047447032,0.2616293221393287,SVR_RBF,engineered,8
Qm,Repeated5x5,2,,Alg_x_P,0.1739599565541706,0.0632469407847075,0.2616293221393287,SVR_RBF,engineered,8
Qm,Repeated5x5,2,,HA_x_P,0.06834508304677475,0.029167856183484372,0.2616293221393287,SVR_RBF,engineered,8
Qm,Repeated5x5,2,,TP_x_P,0.022537462554133858,0.018918110491152735,0.2616293221393287,SVR_RBF,engineered,8
Qm,Repeated5x5,2,,HF_x_P,0.07200247009085291,0.0827212820450112,0.2616293221393287,SVR_RBF,engineered,8
Qm,Repeated5x5,3,,Alg_mg_ml,0.03276626982223073,0.08606169371732014,0.22207272536637282,SVR_RBF,engineered,8
Qm,Repeated5x5,3,,HA_mg_ml,0.006670762683040038,0.06803008452928917,0.22207272536637282,SVR_RBF,engineered,8
Qm,Repeated5x5,3,,Pressure_kPa,0.02068901267572391,0.03312008099256622,0.22207272536637282,SVR_RBF,engineered,8
Qm,Repeated5x5,3,,TP,0.24002238378702398,0.07410168807778997,0.22207272536637282,SVR_RBF,engineered,8
Qm,Repeated5x5,3,,HF,-0.031090983062250083,0.027069471764477784,0.22207272536637282,SVR_RBF,engineered,8
Qm,Repeated5x5,3,,Alg_HA_ratio_safe,0.03135110365106551,0.0522460256439063,0.22207272536637282,SVR_RBF,engineered,8
Qm,Repeated5x5,3,,P_over_TP,0.49318457097636104,0.15253266785490627,0.22207272536637282,SVR_RBF,engineered,8
Qm,Repeated5x5,3,,P_over_Alg,0.06222019260141413,0.03174711318318898,0.22207272536637282,SVR_RBF,engineered,8
Qm,Repeated5x5,3,,P_over_HA,0.04306330211167989,0.041599201219451466,0.22207272536637282,SVR_RBF,engineered,8
Qm,Repeated5x5,3,,Alg_x_HA,0.08781834477237462,0.02224159915320482,0.22207272536637282,SVR_RBF,engineered,8
Qm,Repeated5x5,3,,Alg_x_P,-0.012575206496065866,0.04091362207710122,0.22207272536637282,SVR_RBF,engineered,8
Qm,Repeated5x5,3,,HA_x_P,-0.010184584127691656,0.007662589692305797,0.22207272536637282,SVR_RBF,engineered,8
Qm,Repeated5x5,3,,TP_x_P,0.0031883933035197045,0.012441460562067675,0.22207272536637282,SVR_RBF,engineered,8
Qm,Repeated5x5,3,,HF_x_P,0.005116634278879556,0.044814761872560296,0.22207272536637282,SVR_RBF,engineered,8
Qm,Repeated5x5,4,,Alg_mg_ml,0.2794925147493367,0.07178781729285183,0.06604624575471353,SVR_RBF,engineered,8
Qm,Repeated5x5,4,,HA_mg_ml,0.06225235570444532,0.02618880296060507,0.06604624575471353,SVR_RBF,engineered,8
Qm,Repeated5x5,4,,Pressure_kPa,0.07848846455558975,0.025080505459312574,0.06604624575471353,SVR_RBF,engineered,8
Qm,Repeated5x5,4,,TP,0.3720107227467322,0.1065767519760043,0.06604624575471353,SVR_RBF,engineered,8
Qm,Repeated5x5,4,,HF,0.1153819742259284,0.028829681547832883,0.06604624575471353,SVR_RBF,engineered,8
Qm,Repeated5x5,4,,Alg_HA_ratio_safe,0.09132197866316401,0.01914455028227944,0.06604624575471353,SVR_RBF,engineered,8
Qm,Repeated5x5,4,,P_over_TP,0.46364900185722757,0.12196481291409635,0.06604624575471353,SVR_RBF,engineered,8
Qm,Repeated5x5,4,,P_over_Alg,0.24750416054445518,0.07828917153808115,0.06604624575471353,SVR_RBF,engineered,8
Qm,Repeated5x5,4,,P_over_HA,0.10039388526348958,0.03306968790236523,0.06604624575471353,SVR_RBF,engineered,8
Qm,Repeated5x5,4,,Alg_x_HA,0.26480752887760256,0.06896258830540702,0.06604624575471353,SVR_RBF,engineered,8
Qm,Repeated5x5,4,,Alg_x_P,0.23637603521536033,0.061049012312554364,0.06604624575471353,SVR_RBF,engineered,8
Qm,Repeated5x5,4,,HA_x_P,0.04959840309718891,0.017966163098312372,0.06604624575471353,SVR_RBF,engineered,8
Qm,Repeated5x5,4,,TP_x_P,0.09906384304224439,0.043174238537349675,0.06604624575471353,SVR_RBF,engineered,8
Qm,Repeated5x5,4,,HF_x_P,0.13383429644133876,0.03403689313059605,0.06604624575471353,SVR_RBF,engineered,8
Qm,Repeated5x5,5,,Alg_mg_ml,0.09002341554951762,0.04054622811187066,0.24281097639795354,SVR_RBF,engineered,8
Qm,Repeated5x5,5,,HA_mg_ml,0.09788882288617992,0.09331725674785679,0.24281097639795354,SVR_RBF,engineered,8
Qm,Repeated5x5,5,,Pressure_kPa,0.10965868642091951,0.041665555243238915,0.24281097639795354,SVR_RBF,engineered,8
Qm,Repeated5x5,5,,TP,0.3943664526908682,0.25302745086818557,0.24281097639795354,SVR_RBF,engineered,8
Qm,Repeated5x5,5,,HF,0.06429956419558112,0.0258154382339037,0.24281097639795354,SVR_RBF,engineered,8
Qm,Repeated5x5,5,,Alg_HA_ratio_safe,0.17039569538233046,0.08080980994144878,0.24281097639795354,SVR_RBF,engineered,8
Qm,Repeated5x5,5,,P_over_TP,0.4760207860973608,0.10942446134335536,0.24281097639795354,SVR_RBF,engineered,8
Qm,Repeated5x5,5,,P_over_Alg,0.016508486341068628,0.009528254997393288,0.24281097639795354,SVR_RBF,engineered,8
Qm,Repeated5x5,5,,P_over_HA,0.052741194779501066,0.0713106553680135,0.24281097639795354,SVR_RBF,engineered,8
Qm,Repeated5x5,5,,Alg_x_HA,0.09106773057137049,0.11635203042304358,0.24281097639795354,SVR_RBF,engineered,8
Qm,Repeated5x5,5,,Alg_x_P,0.0991604661134088,0.0711371544775588,0.24281097639795354,SVR_RBF,engineered,8
Qm,Repeated5x5,5,,HA_x_P,0.07973271935153073,0.042806588430862345,0.24281097639795354,SVR_RBF,engineered,8
Qm,Repeated5x5,5,,TP_x_P,0.0736556730756598,0.06909858415438547,0.24281097639795354,SVR_RBF,engineered,8
Qm,Repeated5x5,5,,HF_x_P,0.11505925444727147,0.03617346885359687,0.24281097639795354,SVR_RBF,engineered,8
Qm,Repeated5x5,6,,Alg_mg_ml,0.12205858005322172,0.057395462672122255,0.22687646557530478,SVR_RBF,engineered,8
Qm,Repeated5x5,6,,HA_mg_ml,0.03502440919692039,0.06786641475626828,0.22687646557530478,SVR_RBF,engineered,8
Qm,Repeated5x5,6,,Pressure_kPa,0.09026967750994534,0.028719798280709124,0.22687646557530478,SVR_RBF,engineered,8
Qm,Repeated5x5,6,,TP,0.14088187393322854,0.04248906683390892,0.22687646557530478,SVR_RBF,engineered,8
Qm,Repeated5x5,6,,HF,0.06837728774679874,0.02669424776068072,0.22687646557530478,SVR_RBF,engineered,8
Qm,Repeated5x5,6,,Alg_HA_ratio_safe,0.11062240030847285,0.07301020655357193,0.22687646557530478,SVR_RBF,engineered,8
Qm,Repeated5x5,6,,P_over_TP,0.5752337858015878,0.16471019029171605,0.22687646557530478,SVR_RBF,engineered,8
Qm,Repeated5x5,6,,P_over_Alg,0.1850484485751148,0.06927163074273299,0.22687646557530478,SVR_RBF,engineered,8
Qm,Repeated5x5,6,,P_over_HA,0.07240386260910055,0.09459745674106491,0.22687646557530478,SVR_RBF,engineered,8
Qm,Repeated5x5,6,,Alg_x_HA,0.03725769199323133,0.048474566638404507,0.22687646557530478,SVR_RBF,engineered,8
Qm,Repeated5x5,6,,Alg_x_P,0.036861120119677175,0.021714691625631208,0.22687646557530478,SVR_RBF,engineered,8
Qm,Repeated5x5,6,,HA_x_P,0.013965901419254878,0.013393677043300752,0.22687646557530478,SVR_RBF,engineered,8
Qm,Repeated5x5,6,,TP_x_P,0.011118426052258375,0.005898813876341153,0.22687646557530478,SVR_RBF,engineered,8
Qm,Repeated5x5,6,,HF_x_P,0.08429320291495093,0.04416770120408706,0.22687646557530478,SVR_RBF,engineered,8
Qm,Repeated5x5,7,,Alg_mg_ml,0.1574289067422472,0.05427320403452446,0.16159939514111213,SVR_RBF,engineered,8
Qm,Repeated5x5,7,,HA_mg_ml,0.08277316767687753,0.08172826036516587,0.16159939514111213,SVR_RBF,engineered,8
Qm,Repeated5x5,7,,Pressure_kPa,-0.01078791633384477,0.04149884170118079,0.16159939514111213,SVR_RBF,engineered,8
Qm,Repeated5x5,7,,TP,0.28265893516896146,0.09672828097386169,0.16159939514111213,SVR_RBF,engineered,8
Qm,Repeated5x5,7,,HF,0.054812691992461714,0.025499392555403788,0.16159939514111213,SVR_RBF,engineered,8
Qm,Repeated5x5,7,,Alg_HA_ratio_safe,0.048340043241539885,0.01536055161529368,0.16159939514111213,SVR_RBF,engineered,8
Qm,Repeated5x5,7,,P_over_TP,0.5268909111739385,0.09626116851453612,0.16159939514111213,SVR_RBF,engineered,8
Qm,Repeated5x5,7,,P_over_Alg,0.00865655256712507,0.028656464949106463,0.16159939514111213,SVR_RBF,engineered,8
Qm,Repeated5x5,7,,P_over_HA,0.006950066856670189,0.04520397164116442,0.16159939514111213,SVR_RBF,engineered,8
Qm,Repeated5x5,7,,Alg_x_HA,0.049113294675110296,0.03861671269198865,0.16159939514111213,SVR_RBF,engineered,8
Qm,Repeated5x5,7,,Alg_x_P,0.04887482039090721,0.03127459618116503,0.16159939514111213,SVR_RBF,engineered,8
Qm,Repeated5x5,7,,HA_x_P,0.03544392221233912,0.04564129844242587,0.16159939514111213,SVR_RBF,engineered,8
Qm,Repeated5x5,7,,TP_x_P,-0.0023256704821369295,0.022809651185505556,0.16159939514111213,SVR_RBF,engineered,8
Qm,Repeated5x5,7,,HF_x_P,0.055120249116039056,0.05201676831861458,0.16159939514111213,SVR_RBF,engineered,8
Qm,Repeated5x5,8,,Alg_mg_ml,0.0977868348296272,0.05442927336120985,0.20761350697090336,SVR_RBF,engineered,8
Qm,Repeated5x5,8,,HA_mg_ml,0.029617346026284318,0.025075498197733477,0.20761350697090336,SVR_RBF,engineered,8
Qm,Repeated5x5,8,,Pressure_kPa,0.047867129021605614,0.034614983664809904,0.20761350697090336,SVR_RBF,engineered,8
Qm,Repeated5x5,8,,TP,0.3634366092099042,0.09429452031886028,0.20761350697090336,SVR_RBF,engineered,8
Qm,Repeated5x5,8,,HF,0.028406191184668455,0.03191972690599499,0.20761350697090336,SVR_RBF,engineered,8
Qm,Repeated5x5,8,,Alg_HA_ratio_safe,0.10840713995984053,0.04294566234179117,0.20761350697090336,SVR_RBF,engineered,8
Qm,Repeated5x5,8,,P_over_TP,0.2817351149532127,0.16933677486373147,0.20761350697090336,SVR_RBF,engineered,8
Qm,Repeated5x5,8,,P_over_Alg,0.06419376179358313,0.04577259682591199,0.20761350697090336,SVR_RBF,engineered,8
Qm,Repeated5x5,8,,P_over_HA,0.09720128493392341,0.05197464992986773,0.20761350697090336,SVR_RBF,engineered,8
Qm,Repeated5x5,8,,Alg_x_HA,0.265815273455554,0.08682571101820806,0.20761350697090336,SVR_RBF,engineered,8
Qm,Repeated5x5,8,,Alg_x_P,0.2304262139624596,0.06686216724777826,0.20761350697090336,SVR_RBF,engineered,8
Qm,Repeated5x5,8,,HA_x_P,0.027361320788188315,0.027033182669481733,0.20761350697090336,SVR_RBF,engineered,8
Qm,Repeated5x5,8,,TP_x_P,0.13154748220540066,0.046245634953465634,0.20761350697090336,SVR_RBF,engineered,8
Qm,Repeated5x5,8,,HF_x_P,0.026397095450765472,0.045776660519715885,0.20761350697090336,SVR_RBF,engineered,8
Qm,Repeated5x5,9,,Alg_mg_ml,0.03206250044397861,0.02224040144574403,0.43590179008383495,SVR_RBF,engineered,8
Qm,Repeated5x5,9,,HA_mg_ml,0.12732995711332287,0.08329535738050026,0.43590179008383495,SVR_RBF,engineered,8
Qm,Repeated5x5,9,,Pressure_kPa,0.055378886647395376,0.030248271019448894,0.43590179008383495,SVR_RBF,engineered,8
Qm,Repeated5x5,9,,TP,0.08337459977882397,0.17049297693171736,0.43590179008383495,SVR_RBF,engineered,8
Qm,Repeated5x5,9,,HF,0.07750248750787314,0.037924645638049974,0.43590179008383495,SVR_RBF,engineered,8
Qm,Repeated5x5,9,,Alg_HA_ratio_safe,0.07084943196758364,0.03330961234265986,0.43590179008383495,SVR_RBF,engineered,8
Qm,Repeated5x5,9,,P_over_TP,0.4738308190932082,0.10298738611353747,0.43590179008383495,SVR_RBF,engineered,8
Qm,Repeated5x5,9,,P_over_Alg,0.0379251173531506,0.014399154499974467,0.43590179008383495,SVR_RBF,engineered,8
Qm,Repeated5x5,9,,P_over_HA,0.1374259016484512,0.053071753213749386,0.43590179008383495,SVR_RBF,engineered,8
Qm,Repeated5x5,9,,Alg_x_HA,-0.012094328411729144,0.06278273827357692,0.43590179008383495,SVR_RBF,engineered,8
Qm,Repeated5x5,9,,Alg_x_P,0.006567084372604332,0.00912397000716113,0.43590179008383495,SVR_RBF,engineered,8
Qm,Repeated5x5,9,,HA_x_P,0.01811000265652754,0.021243187309355965,0.43590179008383495,SVR_RBF,engineered,8
Qm,Repeated5x5,9,,TP_x_P,-0.004065318387331751,0.01807784050037688,0.43590179008383495,SVR_RBF,engineered,8
Qm,Repeated5x5,9,,HF_x_P,0.03815655382857633,0.02157472554702804,0.43590179008383495,SVR_RBF,engineered,8
Qm,Repeated5x5,10,,Alg_mg_ml,0.06027568146787765,0.03861859490060836,0.1805904033449735,SVR_RBF,engineered,8
Qm,Repeated5x5,10,,HA_mg_ml,0.10221371936027737,0.09227794022212775,0.1805904033449735,SVR_RBF,engineered,8
Qm,Repeated5x5,10,,Pressure_kPa,0.06484151190337764,0.06626606959416373,0.1805904033449735,SVR_RBF,engineered,8
Qm,Repeated5x5,10,,TP,0.24409663775486629,0.07975210520145196,0.1805904033449735,SVR_RBF,engineered,8
Qm,Repeated5x5,10,,HF,0.0606459025930395,0.045863568669309476,0.1805904033449735,SVR_RBF,engineered,8
Qm,Repeated5x5,10,,Alg_HA_ratio_safe,0.06851997785770376,0.06929553490936878,0.1805904033449735,SVR_RBF,engineered,8
Qm,Repeated5x5,10,,P_over_TP,0.6272111595008018,0.19591124456553602,0.1805904033449735,SVR_RBF,engineered,8
Qm,Repeated5x5,10,,P_over_Alg,0.131918928538202,0.02577686607540841,0.1805904033449735,SVR_RBF,engineered,8
Qm,Repeated5x5,10,,P_over_HA,0.11076936480800097,0.06881180633934433,0.1805904033449735,SVR_RBF,engineered,8
Qm,Repeated5x5,10,,Alg_x_HA,0.06163606123134883,0.04807742904257024,0.1805904033449735,SVR_RBF,engineered,8
Qm,Repeated5x5,10,,Alg_x_P,0.14014623651062547,0.05585609199417894,0.1805904033449735,SVR_RBF,engineered,8
Qm,Repeated5x5,10,,HA_x_P,0.02646330971395689,0.049960947071613915,0.1805904033449735,SVR_RBF,engineered,8
Qm,Repeated5x5,10,,TP_x_P,0.02266033799338788,0.03976885753492799,0.1805904033449735,SVR_RBF,engineered,8
Qm,Repeated5x5,10,,HF_x_P,0.0604684913407359,0.04305682647275144,0.1805904033449735,SVR_RBF,engineered,8
Qm,Repeated5x5,11,,Alg_mg_ml,0.17827032294772716,0.0733519610620583,0.11521353780382097,SVR_RBF,engineered,8
Qm,Repeated5x5,11,,HA_mg_ml,0.07538363368174565,0.047226191981113455,0.11521353780382097,SVR_RBF,engineered,8
Qm,Repeated5x5,11,,Pressure_kPa,0.0780979121120879,0.045050093202968364,0.11521353780382097,SVR_RBF,engineered,8
Qm,Repeated5x5,11,,TP,0.1938252125507333,0.06791898822302327,0.11521353780382097,SVR_RBF,engineered,8
Qm,Repeated5x5,11,,HF,0.08235363945436872,0.0366617058910104,0.11521353780382097,SVR_RBF,engineered,8
Qm,Repeated5x5,11,,Alg_HA_ratio_safe,0.020788021630236235,0.007907725735233411,0.11521353780382097,SVR_RBF,engineered,8
Qm,Repeated5x5,11,,P_over_TP,0.6742155697957621,0.19593979724416852,0.11521353780382097,SVR_RBF,engineered,8
Qm,Repeated5x5,11,,P_over_Alg,0.17175872499190473,0.05795824327796373,0.11521353780382097,SVR_RBF,engineered,8
Qm,Repeated5x5,11,,P_over_HA,0.15560336003356096,0.06051775460922961,0.11521353780382097,SVR_RBF,engineered,8
Qm,Repeated5x5,11,,Alg_x_HA,0.19073451385544274,0.060389724794948814,0.11521353780382097,SVR_RBF,engineered,8
Qm,Repeated5x5,11,,Alg_x_P,0.22798692951637914,0.09261511029038784,0.11521353780382097,SVR_RBF,engineered,8
Qm,Repeated5x5,11,,HA_x_P,0.025798739771056744,0.01821943567766446,0.11521353780382097,SVR_RBF,engineered,8
Qm,Repeated5x5,11,,TP_x_P,0.058366215353143625,0.03578321769894468,0.11521353780382097,SVR_RBF,engineered,8
Qm,Repeated5x5,11,,HF_x_P,0.033420697918166556,0.01148819731963707,0.11521353780382097,SVR_RBF,engineered,8
Qm,Repeated5x5,12,,Alg_mg_ml,0.18362073323587555,0.08228464086254854,0.4403300948934878,SVR_RBF,engineered,8
Qm,Repeated5x5,12,,HA_mg_ml,0.020451617705039993,0.06507976324965205,0.4403300948934878,SVR_RBF,engineered,8
Qm,Repeated5x5,12,,Pressure_kPa,0.009740048443160464,0.01245085749167659,0.4403300948934878,SVR_RBF,engineered,8
Qm,Repeated5x5,12,,TP,0.0922410338384575,0.09642576999725426,0.4403300948934878,SVR_RBF,engineered,8
Qm,Repeated5x5,12,,HF,0.044103158910222595,0.03667300125108066,0.4403300948934878,SVR_RBF,engineered,8
Qm,Repeated5x5,12,,Alg_HA_ratio_safe,0.03651458191527726,0.019172808289434858,0.4403300948934878,SVR_RBF,engineered,8
Qm,Repeated5x5,12,,P_over_TP,0.2581098221757224,0.15081120456469918,0.4403300948934878,SVR_RBF,engineered,8
Qm,Repeated5x5,12,,P_over_Alg,0.1483592278899582,0.054126938998477106,0.4403300948934878,SVR_RBF,engineered,8
Qm,Repeated5x5,12,,P_over_HA,0.029470340184915893,0.05523821553374478,0.4403300948934878,SVR_RBF,engineered,8
Qm,Repeated5x5,12,,Alg_x_HA,0.07278913314971328,0.06138543633759136,0.4403300948934878,SVR_RBF,engineered,8
Qm,Repeated5x5,12,,Alg_x_P,0.051043681671651984,0.02771175815776672,0.4403300948934878,SVR_RBF,engineered,8
Qm,Repeated5x5,12,,HA_x_P,0.00046967151658321995,0.027405259252779875,0.4403300948934878,SVR_RBF,engineered,8
Qm,Repeated5x5,12,,TP_x_P,0.001440013561172565,0.0238178257749334,0.4403300948934878,SVR_RBF,engineered,8
Qm,Repeated5x5,12,,HF_x_P,0.02640514476992798,0.01089184608390545,0.4403300948934878,SVR_RBF,engineered,8
Qm,Repeated5x5,13,,Alg_mg_ml,0.14964638419161547,0.07207683600292551,0.22979408162052262,SVR_RBF,engineered,8
Qm,Repeated5x5,13,,HA_mg_ml,0.04233026443620598,0.053452390688995786,0.22979408162052262,SVR_RBF,engineered,8
Qm,Repeated5x5,13,,Pressure_kPa,0.11960494523434509,0.01834338227812665,0.22979408162052262,SVR_RBF,engineered,8
Qm,Repeated5x5,13,,TP,0.27277660118221303,0.07142482063854803,0.22979408162052262,SVR_RBF,engineered,8
Qm,Repeated5x5,13,,HF,0.06994753490426242,0.04886479888980145,0.22979408162052262,SVR_RBF,engineered,8
Qm,Repeated5x5,13,,Alg_HA_ratio_safe,0.11830757256010678,0.05550417034432986,0.22979408162052262,SVR_RBF,engineered,8
Qm,Repeated5x5,13,,P_over_TP,0.7530187362555313,0.18872907663339172,0.22979408162052262,SVR_RBF,engineered,8
Qm,Repeated5x5,13,,P_over_Alg,0.03492724235813927,0.020312119558317007,0.22979408162052262,SVR_RBF,engineered,8
Qm,Repeated5x5,13,,P_over_HA,0.10929261480083352,0.0589011041096248,0.22979408162052262,SVR_RBF,engineered,8
Qm,Repeated5x5,13,,Alg_x_HA,0.1684355911953977,0.04092855058594598,0.22979408162052262,SVR_RBF,engineered,8
Qm,Repeated5x5,13,,Alg_x_P,0.25726460412925184,0.04147254278875143,0.22979408162052262,SVR_RBF,engineered,8
Qm,Repeated5x5,13,,HA_x_P,0.0019053810210156647,0.02560477707717815,0.22979408162052262,SVR_RBF,engineered,8
Qm,Repeated5x5,13,,TP_x_P,0.1134233497151514,0.03090612134999369,0.22979408162052262,SVR_RBF,engineered,8
Qm,Repeated5x5,13,,HF_x_P,0.07133190807098018,0.021755283400162504,0.22979408162052262,SVR_RBF,engineered,8
Qm,Repeated5x5,14,,Alg_mg_ml,0.08621187028861384,0.0418125179325452,0.10166686118179447,SVR_RBF,engineered,8
Qm,Repeated5x5,14,,HA_mg_ml,0.17576698379735786,0.08166721464890125,0.10166686118179447,SVR_RBF,engineered,8
Qm,Repeated5x5,14,,Pressure_kPa,0.10944026622502312,0.0450711121193055,0.10166686118179447,SVR_RBF,engineered,8
Qm,Repeated5x5,14,,TP,0.24956571231882277,0.07188659681452962,0.10166686118179447,SVR_RBF,engineered,8
Qm,Repeated5x5,14,,HF,0.12465650234392411,0.04247250438530369,0.10166686118179447,SVR_RBF,engineered,8
Qm,Repeated5x5,14,,Alg_HA_ratio_safe,0.3576466647299492,0.09550134473378918,0.10166686118179447,SVR_RBF,engineered,8
Qm,Repeated5x5,14,,P_over_TP,0.4825960542732529,0.10753044064639865,0.10166686118179447,SVR_RBF,engineered,8
Qm,Repeated5x5,14,,P_over_Alg,0.019006711735800222,0.024968168606908134,0.10166686118179447,SVR_RBF,engineered,8
Qm,Repeated5x5,14,,P_over_HA,0.1624896977871449,0.06389926171006619,0.10166686118179447,SVR_RBF,engineered,8
Qm,Repeated5x5,14,,Alg_x_HA,0.09467698362540622,0.023374866687263723,0.10166686118179447,SVR_RBF,engineered,8
Qm,Repeated5x5,14,,Alg_x_P,0.11677897494065274,0.018716751722548226,0.10166686118179447,SVR_RBF,engineered,8
Qm,Repeated5x5,14,,HA_x_P,0.12324771119646358,0.03851602504126934,0.10166686118179447,SVR_RBF,engineered,8
Qm,Repeated5x5,14,,TP_x_P,0.0910879608077596,0.02368562046973672,0.10166686118179447,SVR_RBF,engineered,8
Qm,Repeated5x5,14,,HF_x_P,0.1763111525142365,0.046752088836721314,0.10166686118179447,SVR_RBF,engineered,8
Qm,Repeated5x5,15,,Alg_mg_ml,0.005148756339280325,0.006857833492574815,0.3047632001440892,SVR_RBF,engineered,8
Qm,Repeated5x5,15,,HA_mg_ml,0.1543351501903763,0.056833394918088156,0.3047632001440892,SVR_RBF,engineered,8
Qm,Repeated5x5,15,,Pressure_kPa,-0.011377310166148676,0.03825619017809894,0.3047632001440892,SVR_RBF,engineered,8
Qm,Repeated5x5,15,,TP,0.5960332073590223,0.1031051745173238,0.3047632001440892,SVR_RBF,engineered,8
Qm,Repeated5x5,15,,HF,0.01654769325373424,0.01750863409218237,0.3047632001440892,SVR_RBF,engineered,8
Qm,Repeated5x5,15,,Alg_HA_ratio_safe,-0.010564768767834808,0.004896471043836756,0.3047632001440892,SVR_RBF,engineered,8
Qm,Repeated5x5,15,,P_over_TP,0.26544039828129573,0.14671735083169077,0.3047632001440892,SVR_RBF,engineered,8
Qm,Repeated5x5,15,,P_over_Alg,-0.011614573199014688,0.006470177728495632,0.3047632001440892,SVR_RBF,engineered,8
Qm,Repeated5x5,15,,P_over_HA,0.03137026026718446,0.030785073476502608,0.3047632001440892,SVR_RBF,engineered,8
Qm,Repeated5x5,15,,Alg_x_HA,0.14781625497714895,0.044835745301895734,0.3047632001440892,SVR_RBF,engineered,8
Qm,Repeated5x5,15,,Alg_x_P,0.01774685764046043,0.01190114290267314,0.3047632001440892,SVR_RBF,engineered,8
Qm,Repeated5x5,15,,HA_x_P,0.04450965998338782,0.04791135667284368,0.3047632001440892,SVR_RBF,engineered,8
Qm,Repeated5x5,15,,TP_x_P,0.028496051685132185,0.04056076919785038,0.3047632001440892,SVR_RBF,engineered,8
Qm,Repeated5x5,15,,HF_x_P,-0.024297869979342256,0.042962151907911895,0.3047632001440892,SVR_RBF,engineered,8
Qm,Repeated5x5,16,,Alg_mg_ml,0.30104859951511276,0.09672708058658494,0.0694730523273789,SVR_RBF,engineered,8
Qm,Repeated5x5,16,,HA_mg_ml,0.16070391025637293,0.08006430240346696,0.0694730523273789,SVR_RBF,engineered,8
Qm,Repeated5x5,16,,Pressure_kPa,0.13876339746331326,0.034895455332038215,0.0694730523273789,SVR_RBF,engineered,8
Qm,Repeated5x5,16,,TP,0.3425048439882388,0.08207236152041887,0.0694730523273789,SVR_RBF,engineered,8
Qm,Repeated5x5,16,,HF,0.1934834410129715,0.057217628615828305,0.0694730523273789,SVR_RBF,engineered,8
Qm,Repeated5x5,16,,Alg_HA_ratio_safe,0.25172494972465903,0.045467902917699705,0.0694730523273789,SVR_RBF,engineered,8
Qm,Repeated5x5,16,,P_over_TP,0.62859027747984,0.13664670462752646,0.0694730523273789,SVR_RBF,engineered,8
Qm,Repeated5x5,16,,P_over_Alg,0.13743511435975891,0.03397324841219756,0.0694730523273789,SVR_RBF,engineered,8
Qm,Repeated5x5,16,,P_over_HA,0.19125062490932268,0.09477888864248371,0.0694730523273789,SVR_RBF,engineered,8
Qm,Repeated5x5,16,,Alg_x_HA,0.202676168841585,0.09092877389036087,0.0694730523273789,SVR_RBF,engineered,8
Qm,Repeated5x5,16,,Alg_x_P,0.22645208606923745,0.0938584439034793,0.0694730523273789,SVR_RBF,engineered,8
Qm,Repeated5x5,16,,HA_x_P,0.07434052002918709,0.02387556677447972,0.0694730523273789,SVR_RBF,engineered,8
Qm,Repeated5x5,16,,TP_x_P,0.0939663844600411,0.05515266321658586,0.0694730523273789,SVR_RBF,engineered,8
Qm,Repeated5x5,16,,HF_x_P,0.1444770714070682,0.024204931148353658,0.0694730523273789,SVR_RBF,engineered,8
Qm,Repeated5x5,17,,Alg_mg_ml,0.05517976518801754,0.04103987139868631,0.3122949768805764,SVR_RBF,engineered,8
Qm,Repeated5x5,17,,HA_mg_ml,-0.01192333425080623,0.04946134346450993,0.3122949768805764,SVR_RBF,engineered,8
Qm,Repeated5x5,17,,Pressure_kPa,0.032573372883296876,0.04686909418266087,0.3122949768805764,SVR_RBF,engineered,8
Qm,Repeated5x5,17,,TP,0.24781464509351894,0.1022235002549678,0.3122949768805764,SVR_RBF,engineered,8
Qm,Repeated5x5,17,,HF,-0.005725612554650944,0.03879034066106685,0.3122949768805764,SVR_RBF,engineered,8
Qm,Repeated5x5,17,,Alg_HA_ratio_safe,0.06257584203397473,0.10704140806535539,0.3122949768805764,SVR_RBF,engineered,8
Qm,Repeated5x5,17,,P_over_TP,0.7509303316242925,0.18374994861987462,0.3122949768805764,SVR_RBF,engineered,8
Qm,Repeated5x5,17,,P_over_Alg,-0.006224709005988166,0.008263078233458128,0.3122949768805764,SVR_RBF,engineered,8
Qm,Repeated5x5,17,,P_over_HA,0.03967829168497758,0.07645541364710451,0.3122949768805764,SVR_RBF,engineered,8
Qm,Repeated5x5,17,,Alg_x_HA,0.06458966118197818,0.05815998802302779,0.3122949768805764,SVR_RBF,engineered,8
Qm,Repeated5x5,17,,Alg_x_P,0.03080329422260012,0.021123436745964046,0.3122949768805764,SVR_RBF,engineered,8
Qm,Repeated5x5,17,,HA_x_P,-0.024501327198189603,0.01752634264529465,0.3122949768805764,SVR_RBF,engineered,8
Qm,Repeated5x5,17,,TP_x_P,-0.01569975633723586,0.014267648176676475,0.3122949768805764,SVR_RBF,engineered,8
Qm,Repeated5x5,17,,HF_x_P,0.022999527642261826,0.058653776963421056,0.3122949768805764,SVR_RBF,engineered,8
Qm,Repeated5x5,18,,Alg_mg_ml,0.10355147837396865,0.04283712859206931,0.24130882120011152,SVR_RBF,engineered,8
Qm,Repeated5x5,18,,HA_mg_ml,0.12819153307377795,0.06405367004255971,0.24130882120011152,SVR_RBF,engineered,8
Qm,Repeated5x5,18,,Pressure_kPa,0.007787927753590574,0.03933627913178115,0.24130882120011152,SVR_RBF,engineered,8
Qm,Repeated5x5,18,,TP,0.33798202054176507,0.12275965093293804,0.24130882120011152,SVR_RBF,engineered,8
Qm,Repeated5x5,18,,HF,0.0766925070523033,0.035490503096074766,0.24130882120011152,SVR_RBF,engineered,8
Qm,Repeated5x5,18,,Alg_HA_ratio_safe,0.11000166809946621,0.07192420702912984,0.24130882120011152,SVR_RBF,engineered,8
Qm,Repeated5x5,18,,P_over_TP,0.38931727768286084,0.09005074572709958,0.24130882120011152,SVR_RBF,engineered,8
Qm,Repeated5x5,18,,P_over_Alg,0.09868904455181311,0.052400231424180106,0.24130882120011152,SVR_RBF,engineered,8
Qm,Repeated5x5,18,,P_over_HA,0.09141596486654145,0.06403491506553252,0.24130882120011152,SVR_RBF,engineered,8
Qm,Repeated5x5,18,,Alg_x_HA,0.11497295690146417,0.07920146985166861,0.24130882120011152,SVR_RBF,engineered,8
Qm,Repeated5x5,18,,Alg_x_P,0.12332736790382712,0.06176216655599615,0.24130882120011152,SVR_RBF,engineered,8
Qm,Repeated5x5,18,,HA_x_P,0.05170714921502957,0.02013030819546688,0.24130882120011152,SVR_RBF,engineered,8
Qm,Repeated5x5,18,,TP_x_P,0.05703960803367423,0.039271187731393854,0.24130882120011152,SVR_RBF,engineered,8
Qm,Repeated5x5,18,,HF_x_P,0.03150266676869607,0.042220889927092733,0.24130882120011152,SVR_RBF,engineered,8
Qm,Repeated5x5,19,,Alg_mg_ml,0.3009204422864272,0.14173263559205793,0.13500135911511504,SVR_RBF,engineered,8
Qm,Repeated5x5,19,,HA_mg_ml,0.15084381847638612,0.0868303902135575,0.13500135911511504,SVR_RBF,engineered,8
Qm,Repeated5x5,19,,Pressure_kPa,0.05508669576314944,0.03909082655053109,0.13500135911511504,SVR_RBF,engineered,8
Qm,Repeated5x5,19,,TP,0.15649660365870405,0.04741391189921121,0.13500135911511504,SVR_RBF,engineered,8
Qm,Repeated5x5,19,,HF,0.1518009382590046,0.06897220078363861,0.13500135911511504,SVR_RBF,engineered,8
Qm,Repeated5x5,19,,Alg_HA_ratio_safe,0.13244860904364347,0.05049556013877876,0.13500135911511504,SVR_RBF,engineered,8
Qm,Repeated5x5,19,,P_over_TP,0.4501190262860889,0.10426431470434142,0.13500135911511504,SVR_RBF,engineered,8
Qm,Repeated5x5,19,,P_over_Alg,0.2786900034524383,0.0586239153409123,0.13500135911511504,SVR_RBF,engineered,8
Qm,Repeated5x5,19,,P_over_HA,0.1297185233909416,0.08158988951314437,0.13500135911511504,SVR_RBF,engineered,8
Qm,Repeated5x5,19,,Alg_x_HA,0.16443926707193923,0.03622575665149018,0.13500135911511504,SVR_RBF,engineered,8
Qm,Repeated5x5,19,,Alg_x_P,0.20119198763412677,0.05513991809542013,0.13500135911511504,SVR_RBF,engineered,8
Qm,Repeated5x5,19,,HA_x_P,0.052238645581028975,0.017057973864500735,0.13500135911511504,SVR_RBF,engineered,8
Qm,Repeated5x5,19,,TP_x_P,0.0440052831458948,0.021262481772942723,0.13500135911511504,SVR_RBF,engineered,8
Qm,Repeated5x5,19,,HF_x_P,0.10452460309576769,0.036011664140249734,0.13500135911511504,SVR_RBF,engineered,8
Qm,Repeated5x5,20,,Alg_mg_ml,0.1791400149493802,0.0881543016470073,0.17729981898423047,SVR_RBF,engineered,8
Qm,Repeated5x5,20,,HA_mg_ml,0.1300444942907307,0.04375365928387716,0.17729981898423047,SVR_RBF,engineered,8
Qm,Repeated5x5,20,,Pressure_kPa,0.03061104541963472,0.020970286016234657,0.17729981898423047,SVR_RBF,engineered,8
Qm,Repeated5x5,20,,TP,0.5016576590557927,0.14582883157264503,0.17729981898423047,SVR_RBF,engineered,8
Qm,Repeated5x5,20,,HF,0.09668906067811678,0.03779996279136404,0.17729981898423047,SVR_RBF,engineered,8
Qm,Repeated5x5,20,,Alg_HA_ratio_safe,0.16143436737392874,0.07050773914568506,0.17729981898423047,SVR_RBF,engineered,8
Qm,Repeated5x5,20,,P_over_TP,0.41040063992839465,0.1010408620255159,0.17729981898423047,SVR_RBF,engineered,8
Qm,Repeated5x5,20,,P_over_Alg,0.06417207539691516,0.03087253896947694,0.17729981898423047,SVR_RBF,engineered,8
Qm,Repeated5x5,20,,P_over_HA,0.07625147993113751,0.04004009453740951,0.17729981898423047,SVR_RBF,engineered,8
Qm,Repeated5x5,20,,Alg_x_HA,0.1942817448426309,0.0941607020662753,0.17729981898423047,SVR_RBF,engineered,8
Qm,Repeated5x5,20,,Alg_x_P,0.15736895391858827,0.06407111242674725,0.17729981898423047,SVR_RBF,engineered,8
Qm,Repeated5x5,20,,HA_x_P,0.07087264629875258,0.03641155571501839,0.17729981898423047,SVR_RBF,engineered,8
Qm,Repeated5x5,20,,TP_x_P,0.07956204879023206,0.040637814914128066,0.17729981898423047,SVR_RBF,engineered,8
Qm,Repeated5x5,20,,HF_x_P,0.09692379814372823,0.07153402902557796,0.17729981898423047,SVR_RBF,engineered,8
Qm,Repeated5x5,21,,Alg_mg_ml,-0.0038443325657833705,0.010722596415012334,0.39171310462729086,SVR_RBF,engineered,8
Qm,Repeated5x5,21,,HA_mg_ml,0.06857811795370417,0.05895197468514708,0.39171310462729086,SVR_RBF,engineered,8
Qm,Repeated5x5,21,,Pressure_kPa,-0.03343382644521275,0.030545267422551765,0.39171310462729086,SVR_RBF,engineered,8
Qm,Repeated5x5,21,,TP,0.2827434652489743,0.12582843583390904,0.39171310462729086,SVR_RBF,engineered,8
Qm,Repeated5x5,21,,HF,0.006296387890924538,0.03606026801645891,0.39171310462729086,SVR_RBF,engineered,8
Qm,Repeated5x5,21,,Alg_HA_ratio_safe,-0.016513861930079997,0.0104414627902076,0.39171310462729086,SVR_RBF,engineered,8
Qm,Repeated5x5,21,,P_over_TP,0.16185274200749578,0.09687669958931248,0.39171310462729086,SVR_RBF,engineered,8
Qm,Repeated5x5,21,,P_over_Alg,0.08847208007949584,0.05166619943524901,0.39171310462729086,SVR_RBF,engineered,8
Qm,Repeated5x5,21,,P_over_HA,0.05579484553865057,0.04435939856196516,0.39171310462729086,SVR_RBF,engineered,8
Qm,Repeated5x5,21,,Alg_x_HA,0.04692503038895642,0.03885834751974671,0.39171310462729086,SVR_RBF,engineered,8
Qm,Repeated5x5,21,,Alg_x_P,0.0018990684390411238,0.017350363413347586,0.39171310462729086,SVR_RBF,engineered,8
Qm,Repeated5x5,21,,HA_x_P,-0.011079015548627957,0.011989861597953703,0.39171310462729086,SVR_RBF,engineered,8
Qm,Repeated5x5,21,,TP_x_P,-0.005888576274902241,0.008443175080994559,0.39171310462729086,SVR_RBF,engineered,8
Qm,Repeated5x5,21,,HF_x_P,-0.04145605115911213,0.02999182892515197,0.39171310462729086,SVR_RBF,engineered,8
Qm,Repeated5x5,22,,Alg_mg_ml,0.14818307910652456,0.08270441964655531,0.22020981216324295,SVR_RBF,engineered,8
Qm,Repeated5x5,22,,HA_mg_ml,0.08713428018040233,0.09391230409547102,0.22020981216324295,SVR_RBF,engineered,8
Qm,Repeated5x5,22,,Pressure_kPa,0.09191409449675478,0.06910361370162117,0.22020981216324295,SVR_RBF,engineered,8
Qm,Repeated5x5,22,,TP,0.20816691696031314,0.1536013801359308,0.22020981216324295,SVR_RBF,engineered,8
Qm,Repeated5x5,22,,HF,0.08817622326374953,0.037117529786848465,0.22020981216324295,SVR_RBF,engineered,8
Qm,Repeated5x5,22,,Alg_HA_ratio_safe,0.21355005704707977,0.06859993599433503,0.22020981216324295,SVR_RBF,engineered,8
Qm,Repeated5x5,22,,P_over_TP,0.5623232519020966,0.23610443431552458,0.22020981216324295,SVR_RBF,engineered,8
Qm,Repeated5x5,22,,P_over_Alg,0.03403771590421627,0.021852516476483026,0.22020981216324295,SVR_RBF,engineered,8
Qm,Repeated5x5,22,,P_over_HA,0.09071334132161854,0.07265478211278155,0.22020981216324295,SVR_RBF,engineered,8
Qm,Repeated5x5,22,,Alg_x_HA,0.04767830938023672,0.07826757254093289,0.22020981216324295,SVR_RBF,engineered,8
Qm,Repeated5x5,22,,Alg_x_P,0.0681546354210685,0.03064569508954623,0.22020981216324295,SVR_RBF,engineered,8
Qm,Repeated5x5,22,,HA_x_P,0.06262913420884247,0.04198597266035138,0.22020981216324295,SVR_RBF,engineered,8
Qm,Repeated5x5,22,,TP_x_P,0.01928650355181342,0.033209520714501714,0.22020981216324295,SVR_RBF,engineered,8
Qm,Repeated5x5,22,,HF_x_P,0.16273331781409273,0.04752108626769923,0.22020981216324295,SVR_RBF,engineered,8
Qm,Repeated5x5,23,,Alg_mg_ml,0.2502455687291944,0.07268089488462688,0.14273847314817442,SVR_RBF,engineered,8
Qm,Repeated5x5,23,,HA_mg_ml,0.10393469194746814,0.07204114025636117,0.14273847314817442,SVR_RBF,engineered,8
Qm,Repeated5x5,23,,Pressure_kPa,0.03137132577355911,0.029108141688035744,0.14273847314817442,SVR_RBF,engineered,8
Qm,Repeated5x5,23,,TP,0.23438860553020885,0.11117796559872564,0.14273847314817442,SVR_RBF,engineered,8
Qm,Repeated5x5,23,,HF,0.09972895157862513,0.056665475169401146,0.14273847314817442,SVR_RBF,engineered,8
Qm,Repeated5x5,23,,Alg_HA_ratio_safe,0.05349556376356133,0.029740675836432726,0.14273847314817442,SVR_RBF,engineered,8
Qm,Repeated5x5,23,,P_over_TP,0.37177491754072467,0.14481724172629815,0.14273847314817442,SVR_RBF,engineered,8
Qm,Repeated5x5,23,,P_over_Alg,0.2616762503246798,0.04047709429375205,0.14273847314817442,SVR_RBF,engineered,8
Qm,Repeated5x5,23,,P_over_HA,0.08807787416451589,0.04946754112383345,0.14273847314817442,SVR_RBF,engineered,8
Qm,Repeated5x5,23,,Alg_x_HA,0.16646890630451028,0.048176638998900144,0.14273847314817442,SVR_RBF,engineered,8
Qm,Repeated5x5,23,,Alg_x_P,0.16508996423154307,0.03976352447100258,0.14273847314817442,SVR_RBF,engineered,8
Qm,Repeated5x5,23,,HA_x_P,0.037855758404420944,0.033111965503923355,0.14273847314817442,SVR_RBF,engineered,8
Qm,Repeated5x5,23,,TP_x_P,0.030682557852561788,0.026778270772507565,0.14273847314817442,SVR_RBF,engineered,8
Qm,Repeated5x5,23,,HF_x_P,0.06715272735972938,0.029123914601887572,0.14273847314817442,SVR_RBF,engineered,8
Qm,Repeated5x5,24,,Alg_mg_ml,0.34608017802190416,0.09417200668224397,0.07211445588974202,SVR_RBF,engineered,8
Qm,Repeated5x5,24,,HA_mg_ml,0.10047763499043816,0.07706109610357308,0.07211445588974202,SVR_RBF,engineered,8
Qm,Repeated5x5,24,,Pressure_kPa,0.035120420882616195,0.039837801507690264,0.07211445588974202,SVR_RBF,engineered,8
Qm,Repeated5x5,24,,TP,0.323199589464004,0.10710733867001651,0.07211445588974202,SVR_RBF,engineered,8
Qm,Repeated5x5,24,,HF,0.1531470798536449,0.04340783400528401,0.07211445588974202,SVR_RBF,engineered,8
Qm,Repeated5x5,24,,Alg_HA_ratio_safe,0.160343724331876,0.06780797308444955,0.07211445588974202,SVR_RBF,engineered,8
Qm,Repeated5x5,24,,P_over_TP,0.4491711272814092,0.13596277957615918,0.07211445588974202,SVR_RBF,engineered,8
Qm,Repeated5x5,24,,P_over_Alg,0.08925178372008738,0.05728999204056572,0.07211445588974202,SVR_RBF,engineered,8
Qm,Repeated5x5,24,,P_over_HA,0.15365491464933406,0.0589503522126151,0.07211445588974202,SVR_RBF,engineered,8
Qm,Repeated5x5,24,,Alg_x_HA,0.2597484572530496,0.08453388178027045,0.07211445588974202,SVR_RBF,engineered,8
Qm,Repeated5x5,24,,Alg_x_P,0.27665368087190106,0.09026768787276103,0.07211445588974202,SVR_RBF,engineered,8
Qm,Repeated5x5,24,,HA_x_P,0.011244138303694208,0.027473589811245303,0.07211445588974202,SVR_RBF,engineered,8
Qm,Repeated5x5,24,,TP_x_P,0.10293916768021957,0.051761567445707125,0.07211445588974202,SVR_RBF,engineered,8
Qm,Repeated5x5,24,,HF_x_P,0.07774077393004164,0.03082982210087164,0.07211445588974202,SVR_RBF,engineered,8
Qm,Repeated5x5,25,,Alg_mg_ml,0.05914792204920187,0.04151534470882953,0.37740930791801225,SVR_RBF,engineered,8
Qm,Repeated5x5,25,,HA_mg_ml,0.05746575313416262,0.0584857931986303,0.37740930791801225,SVR_RBF,engineered,8
Qm,Repeated5x5,25,,Pressure_kPa,0.08566077865922224,0.043571608814719505,0.37740930791801225,SVR_RBF,engineered,8
Qm,Repeated5x5,25,,TP,0.08393455246947659,0.1504772095835401,0.37740930791801225,SVR_RBF,engineered,8
Qm,Repeated5x5,25,,HF,0.057649144903362634,0.01835140148214231,0.37740930791801225,SVR_RBF,engineered,8
Qm,Repeated5x5,25,,Alg_HA_ratio_safe,0.1654899148768912,0.050029871958844445,0.37740930791801225,SVR_RBF,engineered,8
Qm,Repeated5x5,25,,P_over_TP,0.45138593541474775,0.31991917272658665,0.37740930791801225,SVR_RBF,engineered,8
Qm,Repeated5x5,25,,P_over_Alg,0.010809743633323515,0.010143532725449031,0.37740930791801225,SVR_RBF,engineered,8
Qm,Repeated5x5,25,,P_over_HA,0.12973258420488565,0.05666468718386914,0.37740930791801225,SVR_RBF,engineered,8
Qm,Repeated5x5,25,,Alg_x_HA,0.04195766105179528,0.07082447198590022,0.37740930791801225,SVR_RBF,engineered,8
Qm,Repeated5x5,25,,Alg_x_P,0.08147620103288467,0.07926885314596713,0.37740930791801225,SVR_RBF,engineered,8
Qm,Repeated5x5,25,,HA_x_P,0.05233900169217672,0.039984564079714645,0.37740930791801225,SVR_RBF,engineered,8
Qm,Repeated5x5,25,,TP_x_P,0.051911576235970605,0.06614623480339035,0.37740930791801225,SVR_RBF,engineered,8
Qm,Repeated5x5,25,,HF_x_P,0.0878026667018007,0.03481011426060037,0.37740930791801225,SVR_RBF,engineered,8
AF,Repeated5x5,1,,Alg_mg_ml,0.0009406859933772021,0.0006466524622052136,0.14798434511930766,XGBoost,angle_engineered,20
AF,Repeated5x5,1,,HA_mg_ml,4.656120232149341e-05,0.0003098807219269387,0.14798434511930766,XGBoost,angle_engineered,20
AF,Repeated5x5,1,,Pressure_kPa,0.009718970105300243,0.009718743864636418,0.14798434511930766,XGBoost,angle_engineered,20
AF,Repeated5x5,1,,TP,0.0,0.0,0.14798434511930766,XGBoost,angle_engineered,20
AF,Repeated5x5,1,,HF,0.00021485253031502117,0.0005566701600566819,0.14798434511930766,XGBoost,angle_engineered,20
AF,Repeated5x5,1,,Alg_HA_ratio_safe,0.0,0.0,0.14798434511930766,XGBoost,angle_engineered,20
AF,Repeated5x5,1,,P_over_TP,-0.021811976833082714,0.013911827085108242,0.14798434511930766,XGBoost,angle_engineered,20
AF,Repeated5x5,1,,P_over_Alg,0.0009186838961997207,0.009920542652199651,0.14798434511930766,XGBoost,angle_engineered,20
AF,Repeated5x5,1,,P_over_HA,-0.001788152174193844,0.005144047417702078,0.14798434511930766,XGBoost,angle_engineered,20
AF,Repeated5x5,1,,Alg_x_HA,-0.0005240166358511684,0.0005969561539694266,0.14798434511930766,XGBoost,angle_engineered,20
AF,Repeated5x5,1,,Alg_x_P,-0.004840291369045091,0.008627364165535788,0.14798434511930766,XGBoost,angle_engineered,20
AF,Repeated5x5,1,,HA_x_P,1.914554984908945e-05,0.0027513838767431156,0.14798434511930766,XGBoost,angle_engineered,20
AF,Repeated5x5,1,,TP_x_P,-0.001582849593130406,0.0013278786801198244,0.14798434511930766,XGBoost,angle_engineered,20
AF,Repeated5x5,1,,HF_x_P,0.00028775169492762656,0.0005731474478910526,0.14798434511930766,XGBoost,angle_engineered,20
AF,Repeated5x5,1,,Angle_deg,0.211641562918054,0.042561555885231896,0.14798434511930766,XGBoost,angle_engineered,20
AF,Repeated5x5,1,,P_x_Angle,0.004698421204513009,0.002337413107905803,0.14798434511930766,XGBoost,angle_engineered,20
AF,Repeated5x5,1,,Alg_x_Angle,0.002083885692426074,0.001876199736274647,0.14798434511930766,XGBoost,angle_engineered,20
AF,Repeated5x5,1,,HA_x_Angle,0.002548947501477994,0.0037680664948829923,0.14798434511930766,XGBoost,angle_engineered,20
AF,Repeated5x5,1,,TP_x_Angle,0.02395469929171217,0.011009090593191703,0.14798434511930766,XGBoost,angle_engineered,20
AF,Repeated5x5,2,,Alg_mg_ml,-0.00016964093576989913,6.768033115172108e-05,0.16444133324260243,XGBoost,angle_engineered,19
AF,Repeated5x5,2,,HA_mg_ml,0.0,0.0,0.16444133324260243,XGBoost,angle_engineered,19
AF,Repeated5x5,2,,Pressure_kPa,-0.004109911202432962,0.012057599167681938,0.16444133324260243,XGBoost,angle_engineered,19
AF,Repeated5x5,2,,TP,0.0,0.0,0.16444133324260243,XGBoost,angle_engineered,19
AF,Repeated5x5,2,,HF,-0.00011116454504301321,0.0003574821553598162,0.16444133324260243,XGBoost,angle_engineered,19
AF,Repeated5x5,2,,Alg_HA_ratio_safe,0.0,0.0,0.16444133324260243,XGBoost,angle_engineered,19
AF,Repeated5x5,2,,P_over_TP,-0.000714080478403531,0.0014927191418248392,0.16444133324260243,XGBoost,angle_engineered,19
AF,Repeated5x5,2,,P_over_Alg,-9.76703994432504e-06,0.0037291984156545364,0.16444133324260243,XGBoost,angle_engineered,19
AF,Repeated5x5,2,,P_over_HA,-0.005699282414585794,0.011208842251322742,0.16444133324260243,XGBoost,angle_engineered,19
AF,Repeated5x5,2,,Alg_x_HA,0.0,0.0,0.16444133324260243,XGBoost,angle_engineered,19
AF,Repeated5x5,2,,Alg_x_P,0.004079153442472616,0.0018172147269898465,0.16444133324260243,XGBoost,angle_engineered,19
AF,Repeated5x5,2,,HA_x_P,-3.5421938257904074e-05,0.001591420199518946,0.16444133324260243,XGBoost,angle_engineered,19
AF,Repeated5x5,2,,TP_x_P,-0.0013553884855329323,0.002341567395777095,0.16444133324260243,XGBoost,angle_engineered,19
AF,Repeated5x5,2,,HF_x_P,0.00035105785708253455,0.00035553326429160303,0.16444133324260243,XGBoost,angle_engineered,19
AF,Repeated5x5,2,,Angle_deg,0.15919709393851875,0.04013971716133273,0.16444133324260243,XGBoost,angle_engineered,19
AF,Repeated5x5,2,,P_x_Angle,0.004075809395182597,0.0017598586103247055,0.16444133324260243,XGBoost,angle_engineered,19
AF,Repeated5x5,2,,Alg_x_Angle,0.002906035497088433,0.006154562068162581,0.16444133324260243,XGBoost,angle_engineered,19
AF,Repeated5x5,2,,HA_x_Angle,-0.000239339499836283,0.0011492139958076699,0.16444133324260243,XGBoost,angle_engineered,19
AF,Repeated5x5,2,,TP_x_Angle,0.031380820882512594,0.011540249942389804,0.16444133324260243,XGBoost,angle_engineered,19
AF,Repeated5x5,3,,Alg_mg_ml,0.0006995676812831475,0.0005874108148115776,0.12582308248501517,XGBoost,angle_engineered,19
AF,Repeated5x5,3,,HA_mg_ml,0.0,0.0,0.12582308248501517,XGBoost,angle_engineered,19
AF,Repeated5x5,3,,Pressure_kPa,-0.0011928907455715967,0.011568797659057885,0.12582308248501517,XGBoost,angle_engineered,19
AF,Repeated5x5,3,,TP,0.0,0.0,0.12582308248501517,XGBoost,angle_engineered,19
AF,Repeated5x5,3,,HF,0.0,0.0,0.12582308248501517,XGBoost,angle_engineered,19
AF,Repeated5x5,3,,Alg_HA_ratio_safe,0.0,0.0,0.12582308248501517,XGBoost,angle_engineered,19
AF,Repeated5x5,3,,P_over_TP,-0.003704570304420035,0.005050763869831968,0.12582308248501517,XGBoost,angle_engineered,19
AF,Repeated5x5,3,,P_over_Alg,0.010335286472732895,0.015351509476572838,0.12582308248501517,XGBoost,angle_engineered,19
AF,Repeated5x5,3,,P_over_HA,-0.0014478436150627285,0.0011700453016601857,0.12582308248501517,XGBoost,angle_engineered,19
AF,Repeated5x5,3,,Alg_x_HA,-0.00011837459628099844,0.0024156940138793056,0.12582308248501517,XGBoost,angle_engineered,19
AF,Repeated5x5,3,,Alg_x_P,0.0021630859054617493,0.0034434058328024104,0.12582308248501517,XGBoost,angle_engineered,19
AF,Repeated5x5,3,,HA_x_P,0.00777212115298954,0.009120349954586474,0.12582308248501517,XGBoost,angle_engineered,19
AF,Repeated5x5,3,,TP_x_P,0.0015725859123410207,0.0006930369359233308,0.12582308248501517,XGBoost,angle_engineered,19
AF,Repeated5x5,3,,HF_x_P,0.0009315025193424254,0.002526566784709102,0.12582308248501517,XGBoost,angle_engineered,19
AF,Repeated5x5,3,,Angle_deg,0.24726490099761417,0.04783554334229371,0.12582308248501517,XGBoost,angle_engineered,19
AF,Repeated5x5,3,,P_x_Angle,0.016474733407883392,0.0065029164480851906,0.12582308248501517,XGBoost,angle_engineered,19
AF,Repeated5x5,3,,Alg_x_Angle,0.0006542237121104743,0.003315767159886838,0.12582308248501517,XGBoost,angle_engineered,19
AF,Repeated5x5,3,,HA_x_Angle,0.0014129035018940223,0.0009366113873600591,0.12582308248501517,XGBoost,angle_engineered,19
AF,Repeated5x5,3,,TP_x_Angle,0.02536401910668265,0.01155568440094619,0.12582308248501517,XGBoost,angle_engineered,19
AF,Repeated5x5,4,,Alg_mg_ml,0.0004807127263771499,0.00039005816144696304,0.14513591627809877,XGBoost,angle_engineered,19
AF,Repeated5x5,4,,HA_mg_ml,0.0012343396783454307,0.000488471486061535,0.14513591627809877,XGBoost,angle_engineered,19
AF,Repeated5x5,4,,Pressure_kPa,0.004370335432711173,0.004609245447764139,0.14513591627809877,XGBoost,angle_engineered,19
AF,Repeated5x5,4,,TP,0.0,0.0,0.14513591627809877,XGBoost,angle_engineered,19
AF,Repeated5x5,4,,HF,4.534979750450696e-05,0.0002645633660990547,0.14513591627809877,XGBoost,angle_engineered,19
AF,Repeated5x5,4,,Alg_HA_ratio_safe,0.0,0.0,0.14513591627809877,XGBoost,angle_engineered,19
AF,Repeated5x5,4,,P_over_TP,-0.0021579434006998325,0.0017805499027061487,0.14513591627809877,XGBoost,angle_engineered,19
AF,Repeated5x5,4,,P_over_Alg,-0.0124898869862879,0.006572278592322783,0.14513591627809877,XGBoost,angle_engineered,19
AF,Repeated5x5,4,,P_over_HA,-0.0032410775711534277,0.0034863367510794036,0.14513591627809877,XGBoost,angle_engineered,19
AF,Repeated5x5,4,,Alg_x_HA,-0.00031670147709030874,0.0005206424937568933,0.14513591627809877,XGBoost,angle_engineered,19
AF,Repeated5x5,4,,Alg_x_P,-0.01514902718810481,0.013969556824665247,0.14513591627809877,XGBoost,angle_engineered,19
AF,Repeated5x5,4,,HA_x_P,-0.011763701934870382,0.0055091000641946854,0.14513591627809877,XGBoost,angle_engineered,19
AF,Repeated5x5,4,,TP_x_P,0.009832513820200343,0.00491052656603117,0.14513591627809877,XGBoost,angle_engineered,19
AF,Repeated5x5,4,,HF_x_P,-0.00042491978444753054,0.00032657802824897066,0.14513591627809877,XGBoost,angle_engineered,19
AF,Repeated5x5,4,,Angle_deg,0.18469980123058266,0.05411875981658513,0.14513591627809877,XGBoost,angle_engineered,19
AF,Repeated5x5,4,,P_x_Angle,-0.009918822861370215,0.007835035964500112,0.14513591627809877,XGBoost,angle_engineered,19
AF,Repeated5x5,4,,Alg_x_Angle,-0.00043486710103816386,0.0005630847231845666,0.14513591627809877,XGBoost,angle_engineered,19
AF,Repeated5x5,4,,HA_x_Angle,-0.00017704648986154037,0.0014621497503385444,0.14513591627809877,XGBoost,angle_engineered,19
AF,Repeated5x5,4,,TP_x_Angle,-0.012255434443410807,0.009398163900124367,0.14513591627809877,XGBoost,angle_engineered,19
AF,Repeated5x5,5,,Alg_mg_ml,-0.0004788529971881006,0.0006231556767002634,0.18529319017500745,XGBoost,angle_engineered,19
AF,Repeated5x5,5,,HA_mg_ml,0.0001760803353745122,0.0002527979440524178,0.18529319017500745,XGBoost,angle_engineered,19
AF,Repeated5x5,5,,Pressure_kPa,0.005111916998199392,0.0031746510131834653,0.18529319017500745,XGBoost,angle_engineered,19
AF,Repeated5x5,5,,TP,-0.00012445892850052043,7.957359792353981e-05,0.18529319017500745,XGBoost,angle_engineered,19
AF,Repeated5x5,5,,HF,0.0001900121825409218,0.00020498299980551248,0.18529319017500745,XGBoost,angle_engineered,19
AF,Repeated5x5,5,,Alg_HA_ratio_safe,0.0,0.0,0.18529319017500745,XGBoost,angle_engineered,19
AF,Repeated5x5,5,,P_over_TP,0.0023327893987575067,0.001446101630490032,0.18529319017500745,XGBoost,angle_engineered,19
AF,Repeated5x5,5,,P_over_Alg,-0.011124766023354087,0.005702134582311022,0.18529319017500745,XGBoost,angle_engineered,19
AF,Repeated5x5,5,,P_over_HA,0.0035506881263852623,0.004221406804031097,0.18529319017500745,XGBoost,angle_engineered,19
AF,Repeated5x5,5,,Alg_x_HA,-1.394249384687185e-05,0.00014087595072026713,0.18529319017500745,XGBoost,angle_engineered,19
AF,Repeated5x5,5,,Alg_x_P,-0.0012657834898411214,0.0016173645261971295,0.18529319017500745,XGBoost,angle_engineered,19
AF,Repeated5x5,5,,HA_x_P,0.0005679415884506627,0.01352691364056506,0.18529319017500745,XGBoost,angle_engineered,19
AF,Repeated5x5,5,,TP_x_P,-0.0010378504997992726,0.0008920377621172203,0.18529319017500745,XGBoost,angle_engineered,19
AF,Repeated5x5,5,,HF_x_P,-0.0012891727211353592,0.00107010282716305,0.18529319017500745,XGBoost,angle_engineered,19
AF,Repeated5x5,5,,Angle_deg,0.16808674799484286,0.025225783791615,0.18529319017500745,XGBoost,angle_engineered,19
AF,Repeated5x5,5,,P_x_Angle,0.0035713957242587855,0.003906390013898332,0.18529319017500745,XGBoost,angle_engineered,19
AF,Repeated5x5,5,,Alg_x_Angle,0.002614529923844919,0.0023865414679115097,0.18529319017500745,XGBoost,angle_engineered,19
AF,Repeated5x5,5,,HA_x_Angle,-0.0004085966919229689,0.005084962808787944,0.18529319017500745,XGBoost,angle_engineered,19
AF,Repeated5x5,5,,TP_x_Angle,0.029219078772126466,0.014918558742438486,0.18529319017500745,XGBoost,angle_engineered,19
AF,Repeated5x5,6,,Alg_mg_ml,-0.0018921666981275924,0.0010369729064051453,0.1783702801103065,XGBoost,angle_engineered,20
AF,Repeated5x5,6,,HA_mg_ml,-0.0003852067798386039,8.847269730174055e-05,0.1783702801103065,XGBoost,angle_engineered,20
AF,Repeated5x5,6,,Pressure_kPa,-0.004249607698620203,0.008614724645484536,0.1783702801103065,XGBoost,angle_engineered,20
AF,Repeated5x5,6,,TP,0.0,0.0,0.1783702801103065,XGBoost,angle_engineered,20
AF,Repeated5x5,6,,HF,-0.00021843716703172922,0.00010535744578725386,0.1783702801103065,XGBoost,angle_engineered,20
AF,Repeated5x5,6,,Alg_HA_ratio_safe,0.0,0.0,0.1783702801103065,XGBoost,angle_engineered,20
AF,Repeated5x5,6,,P_over_TP,-0.0006604576942168594,0.001058068187261292,0.1783702801103065,XGBoost,angle_engineered,20
AF,Repeated5x5,6,,P_over_Alg,0.006589744601783354,0.00781334916068357,0.1783702801103065,XGBoost,angle_engineered,20
AF,Repeated5x5,6,,P_over_HA,0.0005975901633189478,0.0026434841468029155,0.1783702801103065,XGBoost,angle_engineered,20
AF,Repeated5x5,6,,Alg_x_HA,0.00014051741451763798,0.0001626943538591738,0.1783702801103065,XGBoost,angle_engineered,20
AF,Repeated5x5,6,,Alg_x_P,-0.02128005016330495,0.011875365260172188,0.1783702801103065,XGBoost,angle_engineered,20
AF,Repeated5x5,6,,HA_x_P,0.0009920335096495452,0.0020348981905903424,0.1783702801103065,XGBoost,angle_engineered,20
AF,Repeated5x5,6,,TP_x_P,-0.001662210163942446,0.0010543003929208295,0.1783702801103065,XGBoost,angle_engineered,20
AF,Repeated5x5,6,,HF_x_P,0.0008971737466888258,0.0005359483242361308,0.1783702801103065,XGBoost,angle_engineered,20
AF,Repeated5x5,6,,Angle_deg,0.14617894372367166,0.026994286281139986,0.1783702801103065,XGBoost,angle_engineered,20
AF,Repeated5x5,6,,P_x_Angle,-0.006245317751892868,0.0032908889235559223,0.1783702801103065,XGBoost,angle_engineered,20
AF,Repeated5x5,6,,Alg_x_Angle,-0.003560783232001033,0.007388000549588915,0.1783702801103065,XGBoost,angle_engineered,20
AF,Repeated5x5,6,,HA_x_Angle,0.0009169761235172963,0.00020967022232849244,0.1783702801103065,XGBoost,angle_engineered,20
AF,Repeated5x5,6,,TP_x_Angle,0.03897893726236279,0.008368869213885527,0.1783702801103065,XGBoost,angle_engineered,20
AF,Repeated5x5,7,,Alg_mg_ml,0.0,0.0,0.17571184730142902,XGBoost,angle_engineered,19
AF,Repeated5x5,7,,HA_mg_ml,0.0001758817594492479,0.00019510782242943995,0.17571184730142902,XGBoost,angle_engineered,19
AF,Repeated5x5,7,,Pressure_kPa,0.00679807242043147,0.00357586778911724,0.17571184730142902,XGBoost,angle_engineered,19
AF,Repeated5x5,7,,TP,0.0,0.0,0.17571184730142902,XGBoost,angle_engineered,19
AF,Repeated5x5,7,,HF,9.348969560247499e-05,0.0009420393300507943,0.17571184730142902,XGBoost,angle_engineered,19
AF,Repeated5x5,7,,Alg_HA_ratio_safe,0.0,0.0,0.17571184730142902,XGBoost,angle_engineered,19
AF,Repeated5x5,7,,P_over_TP,-0.00082360569895161,0.0011890550504904433,0.17571184730142902,XGBoost,angle_engineered,19
AF,Repeated5x5,7,,P_over_Alg,0.006193478135187386,0.012557262721012749,0.17571184730142902,XGBoost,angle_engineered,19
AF,Repeated5x5,7,,P_over_HA,-0.0031912036221225736,0.010094201072731467,0.17571184730142902,XGBoost,angle_engineered,19
AF,Repeated5x5,7,,Alg_x_HA,0.00038160670857419475,0.0003621510590477617,0.17571184730142902,XGBoost,angle_engineered,19
AF,Repeated5x5,7,,Alg_x_P,0.004044538366567779,0.004241603966645866,0.17571184730142902,XGBoost,angle_engineered,19
AF,Repeated5x5,7,,HA_x_P,0.0027977194558253316,0.006409638927979144,0.17571184730142902,XGBoost,angle_engineered,19
AF,Repeated5x5,7,,TP_x_P,0.0005884884631413179,0.0019256870528033792,0.17571184730142902,XGBoost,angle_engineered,19
AF,Repeated5x5,7,,HF_x_P,-0.0016713269269242354,0.00454739082707297,0.17571184730142902,XGBoost,angle_engineered,19
AF,Repeated5x5,7,,Angle_deg,0.2363339378265251,0.07837818807667954,0.17571184730142902,XGBoost,angle_engineered,19
AF,Repeated5x5,7,,P_x_Angle,0.006008566795021239,0.010260269968261237,0.17571184730142902,XGBoost,angle_engineered,19
AF,Repeated5x5,7,,Alg_x_Angle,0.00025577746220623585,0.001979515819063572,0.17571184730142902,XGBoost,angle_engineered,19
AF,Repeated5x5,7,,HA_x_Angle,0.004915741686387651,0.007612107931701541,0.17571184730142902,XGBoost,angle_engineered,19
AF,Repeated5x5,7,,TP_x_Angle,0.019506286055586696,0.02075604399250199,0.17571184730142902,XGBoost,angle_engineered,19
AF,Repeated5x5,8,,Alg_mg_ml,-0.0011265859866484984,0.001454416254786762,0.0996492489545711,XGBoost,angle_engineered,19
AF,Repeated5x5,8,,HA_mg_ml,0.0,0.0,0.0996492489545711,XGBoost,angle_engineered,19
AF,Repeated5x5,8,,Pressure_kPa,0.009536852906206058,0.005437658130304015,0.0996492489545711,XGBoost,angle_engineered,19
AF,Repeated5x5,8,,TP,0.0,0.0,0.0996492489545711,XGBoost,angle_engineered,19
AF,Repeated5x5,8,,HF,-0.0001872954156007356,0.0005162488074391182,0.0996492489545711,XGBoost,angle_engineered,19
AF,Repeated5x5,8,,Alg_HA_ratio_safe,0.0,0.0,0.0996492489545711,XGBoost,angle_engineered,19
AF,Repeated5x5,8,,P_over_TP,0.00016107524348147744,0.001304305451050971,0.0996492489545711,XGBoost,angle_engineered,19
AF,Repeated5x5,8,,P_over_Alg,0.003089504439797462,0.005489875556676472,0.0996492489545711,XGBoost,angle_engineered,19
AF,Repeated5x5,8,,P_over_HA,0.0054638621924644306,0.0031506884762816756,0.0996492489545711,XGBoost,angle_engineered,19
AF,Repeated5x5,8,,Alg_x_HA,-0.0002037917585390306,6.307422423583908e-05,0.0996492489545711,XGBoost,angle_engineered,19
AF,Repeated5x5,8,,Alg_x_P,0.0035013260369171004,0.004675052767324872,0.0996492489545711,XGBoost,angle_engineered,19
AF,Repeated5x5,8,,HA_x_P,-0.001009766600457794,0.0008028234418647953,0.0996492489545711,XGBoost,angle_engineered,19
AF,Repeated5x5,8,,TP_x_P,0.00034045937131834265,0.00418369829274415,0.0996492489545711,XGBoost,angle_engineered,19
AF,Repeated5x5,8,,HF_x_P,-0.008196221774739144,0.004878863968083818,0.0996492489545711,XGBoost,angle_engineered,19
AF,Repeated5x5,8,,Angle_deg,0.1701300280113971,0.035720949492124315,0.0996492489545711,XGBoost,angle_engineered,19
AF,Repeated5x5,8,,P_x_Angle,0.004022226462695576,0.009495240014339611,0.0996492489545711,XGBoost,angle_engineered,19
AF,Repeated5x5,8,,Alg_x_Angle,0.0012944169960653867,0.0015449153856944354,0.0996492489545711,XGBoost,angle_engineered,19
AF,Repeated5x5,8,,HA_x_Angle,0.0029617312362106587,0.003495016095520439,0.0996492489545711,XGBoost,angle_engineered,19
AF,Repeated5x5,8,,TP_x_Angle,0.04047534837825709,0.013963867173956465,0.0996492489545711,XGBoost,angle_engineered,19
AF,Repeated5x5,9,,Alg_mg_ml,-0.005431893748483485,0.002771138793758869,0.19809146889882448,XGBoost,angle_engineered,19
AF,Repeated5x5,9,,HA_mg_ml,0.00019982344678419196,0.00041401805062865117,0.19809146889882448,XGBoost,angle_engineered,19
AF,Repeated5x5,9,,Pressure_kPa,-0.0051007121340263945,0.0029809481039026267,0.19809146889882448,XGBoost,angle_engineered,19
AF,Repeated5x5,9,,TP,-0.0002799442714492034,0.0003968426438331923,0.19809146889882448,XGBoost,angle_engineered,19
AF,Repeated5x5,9,,HF,-0.0019890596699695673,0.0009969165213045458,0.19809146889882448,XGBoost,angle_engineered,19
AF,Repeated5x5,9,,Alg_HA_ratio_safe,0.0,0.0,0.19809146889882448,XGBoost,angle_engineered,19
AF,Repeated5x5,9,,P_over_TP,-0.02415522799784029,0.013533735278127623,0.19809146889882448,XGBoost,angle_engineered,19
AF,Repeated5x5,9,,P_over_Alg,0.001249579722355204,0.0037981698362076913,0.19809146889882448,XGBoost,angle_engineered,19
AF,Repeated5x5,9,,P_over_HA,-0.002886241899812364,0.0033030703161382913,0.19809146889882448,XGBoost,angle_engineered,19
AF,Repeated5x5,9,,Alg_x_HA,-0.003393795605040592,0.001895968396649067,0.19809146889882448,XGBoost,angle_engineered,19
AF,Repeated5x5,9,,Alg_x_P,-0.0068891742320281585,0.007119496073726112,0.19809146889882448,XGBoost,angle_engineered,19
AF,Repeated5x5,9,,HA_x_P,-0.0012644558275087924,0.0009090241851725613,0.19809146889882448,XGBoost,angle_engineered,19
AF,Repeated5x5,9,,TP_x_P,-0.005012921443156934,0.002402361775432359,0.19809146889882448,XGBoost,angle_engineered,19
AF,Repeated5x5,9,,HF_x_P,-0.0004226304453855606,0.00013351876958520275,0.19809146889882448,XGBoost,angle_engineered,19
AF,Repeated5x5,9,,Angle_deg,0.13491497342224373,0.03243225252453075,0.19809146889882448,XGBoost,angle_engineered,19
AF,Repeated5x5,9,,P_x_Angle,0.01328104697341348,0.009189221419032853,0.19809146889882448,XGBoost,angle_engineered,19
AF,Repeated5x5,9,,Alg_x_Angle,-0.0015707200712658438,0.0025304661535986376,0.19809146889882448,XGBoost,angle_engineered,19
AF,Repeated5x5,9,,HA_x_Angle,0.0024876060821380636,0.00410077843674666,0.19809146889882448,XGBoost,angle_engineered,19
AF,Repeated5x5,9,,TP_x_Angle,0.01602482832592572,0.008903655549194627,0.19809146889882448,XGBoost,angle_engineered,19
AF,Repeated5x5,10,,Alg_mg_ml,-0.0001531486744256655,0.00012728464264270768,0.1975650609436477,XGBoost,angle_engineered,19
AF,Repeated5x5,10,,HA_mg_ml,9.530377035514292e-05,3.3486331547098435e-05,0.1975650609436477,XGBoost,angle_engineered,19
AF,Repeated5x5,10,,Pressure_kPa,-0.0016397105646036524,0.0022255673037177787,0.1975650609436477,XGBoost,angle_engineered,19
AF,Repeated5x5,10,,TP,0.0,0.0,0.1975650609436477,XGBoost,angle_engineered,19
AF,Repeated5x5,10,,HF,0.0,0.0,0.1975650609436477,XGBoost,angle_engineered,19
AF,Repeated5x5,10,,Alg_HA_ratio_safe,0.0,0.0,0.1975650609436477,XGBoost,angle_engineered,19
AF,Repeated5x5,10,,P_over_TP,-0.00205416436345576,0.005217378155949639,0.1975650609436477,XGBoost,angle_engineered,19
AF,Repeated5x5,10,,P_over_Alg,-0.004165708211787333,0.00784353807039158,0.1975650609436477,XGBoost,angle_engineered,19
AF,Repeated5x5,10,,P_over_HA,0.005614997362602079,0.006478911445102169,0.1975650609436477,XGBoost,angle_engineered,19
AF,Repeated5x5,10,,Alg_x_HA,-0.0004274346786554362,0.000260954106483213,0.1975650609436477,XGBoost,angle_engineered,19
AF,Repeated5x5,10,,Alg_x_P,-0.0014186834801772686,0.002249080546940676,0.1975650609436477,XGBoost,angle_engineered,19
AF,Repeated5x5,10,,HA_x_P,-0.014574362219284534,0.014676554039845314,0.1975650609436477,XGBoost,angle_engineered,19
AF,Repeated5x5,10,,TP_x_P,-0.0029459146084469838,0.006947428025579074,0.1975650609436477,XGBoost,angle_engineered,19
AF,Repeated5x5,10,,HF_x_P,-0.006241988816774499,0.002725344298484467,0.1975650609436477,XGBoost,angle_engineered,19
AF,Repeated5x5,10,,Angle_deg,0.12463491382231458,0.043743041806464364,0.1975650609436477,XGBoost,angle_engineered,19
AF,Repeated5x5,10,,P_x_Angle,-0.0010045974537705171,0.0026626356132219598,0.1975650609436477,XGBoost,angle_engineered,19
AF,Repeated5x5,10,,Alg_x_Angle,0.0013997223621221467,0.001196208819594106,0.1975650609436477,XGBoost,angle_engineered,19
AF,Repeated5x5,10,,HA_x_Angle,-0.02061244074420915,0.005667330574718113,0.1975650609436477,XGBoost,angle_engineered,19
AF,Repeated5x5,10,,TP_x_Angle,-0.03455619327915727,0.017617701988281574,0.1975650609436477,XGBoost,angle_engineered,19
AF,Repeated5x5,11,,Alg_mg_ml,-0.00040641288099831085,0.00034403958231595243,0.14591534240235388,XGBoost,angle_engineered,20
AF,Repeated5x5,11,,HA_mg_ml,-3.901100368941257e-05,0.0005331252015849319,0.14591534240235388,XGBoost,angle_engineered,20
AF,Repeated5x5,11,,Pressure_kPa,0.0015250725065982184,0.00817927605242943,0.14591534240235388,XGBoost,angle_engineered,20
AF,Repeated5x5,11,,TP,0.0,0.0,0.14591534240235388,XGBoost,angle_engineered,20
AF,Repeated5x5,11,,HF,-0.00025200738394014487,0.0004557439435839061,0.14591534240235388,XGBoost,angle_engineered,20
AF,Repeated5x5,11,,Alg_HA_ratio_safe,-0.00015152314775593868,0.00024213617021030538,0.14591534240235388,XGBoost,angle_engineered,20
AF,Repeated5x5,11,,P_over_TP,0.0016125773679851658,0.002880670704399907,0.14591534240235388,XGBoost,angle_engineered,20
AF,Repeated5x5,11,,P_over_Alg,0.0038005831929859664,0.014768059620279902,0.14591534240235388,XGBoost,angle_engineered,20
AF,Repeated5x5,11,,P_over_HA,0.0009021222348373631,0.0029222023667666848,0.14591534240235388,XGBoost,angle_engineered,20
AF,Repeated5x5,11,,Alg_x_HA,5.5250402765782966e-05,0.0004234505884728995,0.14591534240235388,XGBoost,angle_engineered,20
AF,Repeated5x5,11,,Alg_x_P,0.015234060368391514,0.006619340787264132,0.14591534240235388,XGBoost,angle_engineered,20
AF,Repeated5x5,11,,HA_x_P,-0.0007112073338486846,0.0005422620903312817,0.14591534240235388,XGBoost,angle_engineered,20
AF,Repeated5x5,11,,TP_x_P,0.0008316866516506927,0.0001980573794828361,0.14591534240235388,XGBoost,angle_engineered,20
AF,Repeated5x5,11,,HF_x_P,0.0018839532373001843,0.0013982357984231504,0.14591534240235388,XGBoost,angle_engineered,20
AF,Repeated5x5,11,,Angle_deg,0.18116477490618837,0.04336636130241444,0.14591534240235388,XGBoost,angle_engineered,20
AF,Repeated5x5,11,,P_x_Angle,0.0067555985510521065,0.016600992263062084,0.14591534240235388,XGBoost,angle_engineered,20
AF,Repeated5x5,11,,Alg_x_Angle,0.001226028559997805,0.0007480342140495264,0.14591534240235388,XGBoost,angle_engineered,20
AF,Repeated5x5,11,,HA_x_Angle,0.0006441602390811124,0.002334022915150263,0.14591534240235388,XGBoost,angle_engineered,20
AF,Repeated5x5,11,,TP_x_Angle,0.002650651966279516,0.008371323312817263,0.14591534240235388,XGBoost,angle_engineered,20
AF,Repeated5x5,12,,Alg_mg_ml,0.00011155084694657314,0.00020132328162264252,0.17367085794520692,XGBoost,angle_engineered,19
AF,Repeated5x5,12,,HA_mg_ml,2.477250436009326e-05,4.1207567578590843e-05,0.17367085794520692,XGBoost,angle_engineered,19
AF,Repeated5x5,12,,Pressure_kPa,0.0014456295194885504,0.001202164130634694,0.17367085794520692,XGBoost,angle_engineered,19
AF,Repeated5x5,12,,TP,0.0,0.0,0.17367085794520692,XGBoost,angle_engineered,19
AF,Repeated5x5,12,,HF,0.0,0.0,0.17367085794520692,XGBoost,angle_engineered,19
AF,Repeated5x5,12,,Alg_HA_ratio_safe,0.0,0.0,0.17367085794520692,XGBoost,angle_engineered,19
AF,Repeated5x5,12,,P_over_TP,-0.0003929600019318552,0.0023386826331234355,0.17367085794520692,XGBoost,angle_engineered,19
AF,Repeated5x5,12,,P_over_Alg,-0.0016851866317396963,0.011390471876058779,0.17367085794520692,XGBoost,angle_engineered,19
AF,Repeated5x5,12,,P_over_HA,0.0024143884802971445,0.00425506622147243,0.17367085794520692,XGBoost,angle_engineered,19
AF,Repeated5x5,12,,Alg_x_HA,-1.7468266325121328e-06,3.970553223197925e-05,0.17367085794520692,XGBoost,angle_engineered,19
AF,Repeated5x5,12,,Alg_x_P,0.0015119875968045483,0.003373336922604451,0.17367085794520692,XGBoost,angle_engineered,19
AF,Repeated5x5,12,,HA_x_P,0.011870455728169488,0.012203254327957476,0.17367085794520692,XGBoost,angle_engineered,19
AF,Repeated5x5,12,,TP_x_P,-0.0008173897595909474,0.005662035182494492,0.17367085794520692,XGBoost,angle_engineered,19
AF,Repeated5x5,12,,HF_x_P,-0.00021952903609921692,0.000480998733613627,0.17367085794520692,XGBoost,angle_engineered,19
AF,Repeated5x5,12,,Angle_deg,0.18495922123068315,0.0417805842039776,0.17367085794520692,XGBoost,angle_engineered,19
AF,Repeated5x5,12,,P_x_Angle,0.006101370413498633,0.0033995177959165487,0.17367085794520692,XGBoost,angle_engineered,19
AF,Repeated5x5,12,,Alg_x_Angle,-0.001002340812127861,0.002880744855245447,0.17367085794520692,XGBoost,angle_engineered,19
AF,Repeated5x5,12,,HA_x_Angle,0.004836802486110953,0.006751647111948339,0.17367085794520692,XGBoost,angle_engineered,19
AF,Repeated5x5,12,,TP_x_Angle,-0.003894044569823818,0.014567850795569702,0.17367085794520692,XGBoost,angle_engineered,19
AF,Repeated5x5,13,,Alg_mg_ml,-0.0014721034383603977,0.0008304493048468949,0.20901633634198605,XGBoost,angle_engineered,19
AF,Repeated5x5,13,,HA_mg_ml,0.0,0.0,0.20901633634198605,XGBoost,angle_engineered,19
AF,Repeated5x5,13,,Pressure_kPa,-0.019592581167594294,0.0073516935768155,0.20901633634198605,XGBoost,angle_engineered,19
AF,Repeated5x5,13,,TP,0.0,0.0,0.20901633634198605,XGBoost,angle_engineered,19
AF,Repeated5x5,13,,HF,-0.00011569477259626426,0.0003400086133910497,0.20901633634198605,XGBoost,angle_engineered,19
AF,Repeated5x5,13,,Alg_HA_ratio_safe,0.0,0.0,0.20901633634198605,XGBoost,angle_engineered,19
AF,Repeated5x5,13,,P_over_TP,-0.0013485993117599653,0.002214357536771461,0.20901633634198605,XGBoost,angle_engineered,19
AF,Repeated5x5,13,,P_over_Alg,-0.0035152219812149945,0.008890051963338818,0.20901633634198605,XGBoost,angle_engineered,19
AF,Repeated5x5,13,,P_over_HA,-0.007070644340788518,0.004149488096140219,0.20901633634198605,XGBoost,angle_engineered,19
AF,Repeated5x5,13,,Alg_x_HA,-4.8507196116459594e-05,0.0009308579674121622,0.20901633634198605,XGBoost,angle_engineered,19
AF,Repeated5x5,13,,Alg_x_P,-0.0025908894983046995,0.001313997265681819,0.20901633634198605,XGBoost,angle_engineered,19
AF,Repeated5x5,13,,HA_x_P,-0.0024405308089631788,0.0023262127272480576,0.20901633634198605,XGBoost,angle_engineered,19
AF,Repeated5x5,13,,TP_x_P,-0.01650416141139109,0.007306905478356106,0.20901633634198605,XGBoost,angle_engineered,19
AF,Repeated5x5,13,,HF_x_P,-0.0004927156443895852,0.00035041063055593527,0.20901633634198605,XGBoost,angle_engineered,19
AF,Repeated5x5,13,,Angle_deg,0.1318705214930826,0.020848798338965663,0.20901633634198605,XGBoost,angle_engineered,19
AF,Repeated5x5,13,,P_x_Angle,-0.012393836195116258,0.007264715115198228,0.20901633634198605,XGBoost,angle_engineered,19
AF,Repeated5x5,13,,Alg_x_Angle,-0.0032422880201224357,0.007958208435707862,0.20901633634198605,XGBoost,angle_engineered,19
AF,Repeated5x5,13,,HA_x_Angle,-0.001108919168705369,0.0013691158558487555,0.20901633634198605,XGBoost,angle_engineered,19
AF,Repeated5x5,13,,TP_x_Angle,0.019247985678033964,0.013523521552266006,0.20901633634198605,XGBoost,angle_engineered,19
AF,Repeated5x5,14,,Alg_mg_ml,-0.00014138237299472222,8.256196343690051e-05,0.1457110270011192,XGBoost,angle_engineered,19
AF,Repeated5x5,14,,HA_mg_ml,0.0,0.0,0.1457110270011192,XGBoost,angle_engineered,19
AF,Repeated5x5,14,,Pressure_kPa,0.0066406388361141796,0.0048538774960637035,0.1457110270011192,XGBoost,angle_engineered,19
AF,Repeated5x5,14,,TP,0.0,0.0,0.1457110270011192,XGBoost,angle_engineered,19
AF,Repeated5x5,14,,HF,0.00016869818007348437,0.0003541346429254256,0.1457110270011192,XGBoost,angle_engineered,19
AF,Repeated5x5,14,,Alg_HA_ratio_safe,0.0,0.0,0.1457110270011192,XGBoost,angle_engineered,19
AF,Repeated5x5,14,,P_over_TP,0.0009283360478843066,0.0012033765724317582,0.1457110270011192,XGBoost,angle_engineered,19
AF,Repeated5x5,14,,P_over_Alg,0.0056604507351355445,0.0046998926363085655,0.1457110270011192,XGBoost,angle_engineered,19
AF,Repeated5x5,14,,P_over_HA,0.0003141074586795967,0.002092993034084644,0.1457110270011192,XGBoost,angle_engineered,19
AF,Repeated5x5,14,,Alg_x_HA,0.0006162924353033811,0.0010117947659782293,0.1457110270011192,XGBoost,angle_engineered,19
AF,Repeated5x5,14,,Alg_x_P,-0.009058138973439812,0.012259045994368275,0.1457110270011192,XGBoost,angle_engineered,19
AF,Repeated5x5,14,,HA_x_P,0.005072354584392755,0.004652242651260217,0.1457110270011192,XGBoost,angle_engineered,19
AF,Repeated5x5,14,,TP_x_P,-0.0009027582948557434,0.007558267575300581,0.1457110270011192,XGBoost,angle_engineered,19
AF,Repeated5x5,14,,HF_x_P,0.00033064165149973015,0.0015639456003090754,0.1457110270011192,XGBoost,angle_engineered,19
AF,Repeated5x5,14,,Angle_deg,0.23443569426299046,0.044522020176469064,0.1457110270011192,XGBoost,angle_engineered,19
AF,Repeated5x5,14,,P_x_Angle,0.02130745888553969,0.005560332788840873,0.1457110270011192,XGBoost,angle_engineered,19
AF,Repeated5x5,14,,Alg_x_Angle,0.0005028969231425067,0.0005191590704618692,0.1457110270011192,XGBoost,angle_engineered,19
AF,Repeated5x5,14,,HA_x_Angle,0.0004890788681102848,0.0007440445070405808,0.1457110270011192,XGBoost,angle_engineered,19
AF,Repeated5x5,14,,TP_x_Angle,0.03241658881887158,0.008483412180239295,0.1457110270011192,XGBoost,angle_engineered,19
AF,Repeated5x5,15,,Alg_mg_ml,0.0,0.0,0.1687129640241021,XGBoost,angle_engineered,19
AF,Repeated5x5,15,,HA_mg_ml,0.0,0.0,0.1687129640241021,XGBoost,angle_engineered,19
AF,Repeated5x5,15,,Pressure_kPa,-0.0022686682271975097,0.0111224545424532,0.1687129640241021,XGBoost,angle_engineered,19
AF,Repeated5x5,15,,TP,-0.00044991126198038747,0.0005113125981197978,0.1687129640241021,XGBoost,angle_engineered,19
AF,Repeated5x5,15,,HF,8.551578224477996e-05,0.00027706229128132167,0.1687129640241021,XGBoost,angle_engineered,19
AF,Repeated5x5,15,,Alg_HA_ratio_safe,0.0,0.0,0.1687129640241021,XGBoost,angle_engineered,19
AF,Repeated5x5,15,,P_over_TP,-0.015306082294437187,0.011512189666610982,0.1687129640241021,XGBoost,angle_engineered,19
AF,Repeated5x5,15,,P_over_Alg,-0.013242836353075885,0.012078459175807677,0.1687129640241021,XGBoost,angle_engineered,19
AF,Repeated5x5,15,,P_over_HA,-0.0025222288767257294,0.008325747282340082,0.1687129640241021,XGBoost,angle_engineered,19
AF,Repeated5x5,15,,Alg_x_HA,0.00014096587462653632,0.00024870767913130043,0.1687129640241021,XGBoost,angle_engineered,19
AF,Repeated5x5,15,,Alg_x_P,-0.0038297733304473057,0.009944487495339493,0.1687129640241021,XGBoost,angle_engineered,19
AF,Repeated5x5,15,,HA_x_P,-0.0020512649422287114,0.0018058208331144404,0.1687129640241021,XGBoost,angle_engineered,19
AF,Repeated5x5,15,,TP_x_P,-0.0023596911312190215,0.001194479789630807,0.1687129640241021,XGBoost,angle_engineered,19
AF,Repeated5x5,15,,HF_x_P,0.00010993436271893587,0.0010953501952851216,0.1687129640241021,XGBoost,angle_engineered,19
AF,Repeated5x5,15,,Angle_deg,0.16544998318281806,0.0691920042032957,0.1687129640241021,XGBoost,angle_engineered,19
AF,Repeated5x5,15,,P_x_Angle,-0.005182866785558851,0.014112280423678073,0.1687129640241021,XGBoost,angle_engineered,19
AF,Repeated5x5,15,,Alg_x_Angle,0.0007737502850695355,0.0017787242256713546,0.1687129640241021,XGBoost,angle_engineered,19
AF,Repeated5x5,15,,HA_x_Angle,-0.0012583722093457705,0.0024716221446496735,0.1687129640241021,XGBoost,angle_engineered,19
AF,Repeated5x5,15,,TP_x_Angle,0.011899150984897508,0.010952921991676157,0.1687129640241021,XGBoost,angle_engineered,19
AF,Repeated5x5,16,,Alg_mg_ml,0.0,0.0,0.15915656906589506,XGBoost,angle_engineered,20
AF,Repeated5x5,16,,HA_mg_ml,0.0,0.0,0.15915656906589506,XGBoost,angle_engineered,20
AF,Repeated5x5,16,,Pressure_kPa,-0.004415393023480485,0.006699631072199176,0.15915656906589506,XGBoost,angle_engineered,20
AF,Repeated5x5,16,,TP,0.0,0.0,0.15915656906589506,XGBoost,angle_engineered,20
AF,Repeated5x5,16,,HF,0.0,0.0,0.15915656906589506,XGBoost,angle_engineered,20
AF,Repeated5x5,16,,Alg_HA_ratio_safe,0.0,0.0,0.15915656906589506,XGBoost,angle_engineered,20
AF,Repeated5x5,16,,P_over_TP,0.002572919115709532,0.005494644549827171,0.15915656906589506,XGBoost,angle_engineered,20
AF,Repeated5x5,16,,P_over_Alg,0.001421409641910451,0.0018525940505747247,0.15915656906589506,XGBoost,angle_engineered,20
AF,Repeated5x5,16,,P_over_HA,0.0018700428991018842,0.0012707763125797127,0.15915656906589506,XGBoost,angle_engineered,20
AF,Repeated5x5,16,,Alg_x_HA,-0.00016120129041006793,0.00043228528788366507,0.15915656906589506,XGBoost,angle_engineered,20
AF,Repeated5x5,16,,Alg_x_P,-0.0073760150909062796,0.007702637357014292,0.15915656906589506,XGBoost,angle_engineered,20
AF,Repeated5x5,16,,HA_x_P,0.0019783754044124637,0.003124990294380158,0.15915656906589506,XGBoost,angle_engineered,20
AF,Repeated5x5,16,,TP_x_P,-0.0003097857561202344,0.0010506159772980226,0.15915656906589506,XGBoost,angle_engineered,20
AF,Repeated5x5,16,,HF_x_P,0.000526601224791165,0.00319671959234809,0.15915656906589506,XGBoost,angle_engineered,20
AF,Repeated5x5,16,,Angle_deg,0.2170345068405271,0.035729199179760154,0.15915656906589506,XGBoost,angle_engineered,20
AF,Repeated5x5,16,,P_x_Angle,0.00190436528899528,0.010734052378355445,0.15915656906589506,XGBoost,angle_engineered,20
AF,Repeated5x5,16,,Alg_x_Angle,-0.00025435502053720583,0.0009565256080631166,0.15915656906589506,XGBoost,angle_engineered,20
AF,Repeated5x5,16,,HA_x_Angle,0.0015378145675489369,0.0016543303200218093,0.15915656906589506,XGBoost,angle_engineered,20
AF,Repeated5x5,16,,TP_x_Angle,0.02476075219826838,0.012821193149745317,0.15915656906589506,XGBoost,angle_engineered,20
AF,Repeated5x5,17,,Alg_mg_ml,-0.0032658059169011376,0.0014705179409487687,0.23931482789722955,XGBoost,angle_engineered,19
AF,Repeated5x5,17,,HA_mg_ml,-0.00017266670269576733,0.00034089778842440904,0.23931482789722955,XGBoost,angle_engineered,19
AF,Repeated5x5,17,,Pressure_kPa,0.002489439059424753,0.001179513878043367,0.23931482789722955,XGBoost,angle_engineered,19
AF,Repeated5x5,17,,TP,-0.007271393365217235,0.00613262807998787,0.23931482789722955,XGBoost,angle_engineered,19
AF,Repeated5x5,17,,HF,-0.0011493336178518359,0.0012223988192603655,0.23931482789722955,XGBoost,angle_engineered,19
AF,Repeated5x5,17,,Alg_HA_ratio_safe,0.0,0.0,0.23931482789722955,XGBoost,angle_engineered,19
AF,Repeated5x5,17,,P_over_TP,-0.0009162843121217484,0.0012484403906476947,0.23931482789722955,XGBoost,angle_engineered,19
AF,Repeated5x5,17,,P_over_Alg,-0.012311958037339107,0.015270889334993362,0.23931482789722955,XGBoost,angle_engineered,19
AF,Repeated5x5,17,,P_over_HA,-0.007726051052572569,0.00788904392681361,0.23931482789722955,XGBoost,angle_engineered,19
AF,Repeated5x5,17,,Alg_x_HA,0.0,0.0,0.23931482789722955,XGBoost,angle_engineered,19
AF,Repeated5x5,17,,Alg_x_P,-0.019431724940679622,0.010338107772623673,0.23931482789722955,XGBoost,angle_engineered,19
AF,Repeated5x5,17,,HA_x_P,0.00018298363985944644,0.0009216743057491377,0.23931482789722955,XGBoost,angle_engineered,19
AF,Repeated5x5,17,,TP_x_P,0.00035891485507135443,0.0007872549429901312,0.23931482789722955,XGBoost,angle_engineered,19
AF,Repeated5x5,17,,HF_x_P,-1.7914517964706667e-05,0.00010872996166811697,0.23931482789722955,XGBoost,angle_engineered,19
AF,Repeated5x5,17,,Angle_deg,0.1740379241045268,0.047772050268221546,0.23931482789722955,XGBoost,angle_engineered,19
AF,Repeated5x5,17,,P_x_Angle,-0.006247790401991074,0.006911689669798441,0.23931482789722955,XGBoost,angle_engineered,19
AF,Repeated5x5,17,,Alg_x_Angle,-0.0044171632061454635,0.00835627260518339,0.23931482789722955,XGBoost,angle_engineered,19
AF,Repeated5x5,17,,HA_x_Angle,-0.0006205903216618735,0.0006281754711551031,0.23931482789722955,XGBoost,angle_engineered,19
AF,Repeated5x5,17,,TP_x_Angle,0.0002829408000711714,0.026062805083554845,0.23931482789722955,XGBoost,angle_engineered,19
AF,Repeated5x5,18,,Alg_mg_ml,-8.570676581153986e-05,0.00014944688707172306,0.07476138920198026,XGBoost,angle_engineered,19
AF,Repeated5x5,18,,HA_mg_ml,0.0,0.0,0.07476138920198026,XGBoost,angle_engineered,19
AF,Repeated5x5,18,,Pressure_kPa,0.00021554249097679724,0.003212965309498435,0.07476138920198026,XGBoost,angle_engineered,19
AF,Repeated5x5,18,,TP,0.0,0.0,0.07476138920198026,XGBoost,angle_engineered,19
AF,Repeated5x5,18,,HF,-0.0005711302507591428,0.0002563735826142865,0.07476138920198026,XGBoost,angle_engineered,19
AF,Repeated5x5,18,,Alg_HA_ratio_safe,-0.0004990817018644622,0.00022341488119492856,0.07476138920198026,XGBoost,angle_engineered,19
AF,Repeated5x5,18,,P_over_TP,-0.007475784855678342,0.0038475045629243945,0.07476138920198026,XGBoost,angle_engineered,19
AF,Repeated5x5,18,,P_over_Alg,-0.003966222663253911,0.00255290580032976,0.07476138920198026,XGBoost,angle_engineered,19
AF,Repeated5x5,18,,P_over_HA,0.012472835105679115,0.004019603082071296,0.07476138920198026,XGBoost,angle_engineered,19
AF,Repeated5x5,18,,Alg_x_HA,0.001046416876897642,0.0013706072003552435,0.07476138920198026,XGBoost,angle_engineered,19
AF,Repeated5x5,18,,Alg_x_P,0.011210919418142415,0.004119312050730727,0.07476138920198026,XGBoost,angle_engineered,19
AF,Repeated5x5,18,,HA_x_P,-0.00535697116937481,0.003300210936517098,0.07476138920198026,XGBoost,angle_engineered,19
AF,Repeated5x5,18,,TP_x_P,-0.004005464244654358,0.0028937321732240696,0.07476138920198026,XGBoost,angle_engineered,19
AF,Repeated5x5,18,,HF_x_P,-0.002624481912074687,0.0008811800926223098,0.07476138920198026,XGBoost,angle_engineered,19
AF,Repeated5x5,18,,Angle_deg,0.12559570237072673,0.024760013858827052,0.07476138920198026,XGBoost,angle_engineered,19
AF,Repeated5x5,18,,P_x_Angle,0.029042843158856368,0.011186002287276986,0.07476138920198026,XGBoost,angle_engineered,19
AF,Repeated5x5,18,,Alg_x_Angle,0.0006913167025059425,0.003093823345533461,0.07476138920198026,XGBoost,angle_engineered,19
AF,Repeated5x5,18,,HA_x_Angle,0.0029548380163053473,0.00311609908194601,0.07476138920198026,XGBoost,angle_engineered,19
AF,Repeated5x5,18,,TP_x_Angle,0.018668420948431352,0.008514539198139406,0.07476138920198026,XGBoost,angle_engineered,19
AF,Repeated5x5,19,,Alg_mg_ml,0.0,0.0,0.16448803246781177,XGBoost,angle_engineered,19
AF,Repeated5x5,19,,HA_mg_ml,0.0006996397470620779,0.0006873789632260036,0.16448803246781177,XGBoost,angle_engineered,19
AF,Repeated5x5,19,,Pressure_kPa,0.009071206285362062,0.005078579864327827,0.16448803246781177,XGBoost,angle_engineered,19
AF,Repeated5x5,19,,TP,0.00019384637975197738,0.00037091057237903106,0.16448803246781177,XGBoost,angle_engineered,19
AF,Repeated5x5,19,,HF,0.0003172501405068223,0.00028852204352145195,0.16448803246781177,XGBoost,angle_engineered,19
AF,Repeated5x5,19,,Alg_HA_ratio_safe,0.00021815721913475694,0.0002991386194197252,0.16448803246781177,XGBoost,angle_engineered,19
AF,Repeated5x5,19,,P_over_TP,8.341041203690225e-05,0.00011991311447129657,0.16448803246781177,XGBoost,angle_engineered,19
AF,Repeated5x5,19,,P_over_Alg,-0.00038721608675958694,0.002507799406624646,0.16448803246781177,XGBoost,angle_engineered,19
AF,Repeated5x5,19,,P_over_HA,0.004001738957929743,0.004413539609860387,0.16448803246781177,XGBoost,angle_engineered,19
AF,Repeated5x5,19,,Alg_x_HA,3.6470559028223272e-06,3.929594390845686e-06,0.16448803246781177,XGBoost,angle_engineered,19
AF,Repeated5x5,19,,Alg_x_P,0.0019614233132678933,0.0013771869640639206,0.16448803246781177,XGBoost,angle_engineered,19
AF,Repeated5x5,19,,HA_x_P,-0.005201113807726573,0.020916393584806934,0.16448803246781177,XGBoost,angle_engineered,19
AF,Repeated5x5,19,,TP_x_P,0.000381690825690803,0.0016907597908274725,0.16448803246781177,XGBoost,angle_engineered,19
AF,Repeated5x5,19,,HF_x_P,-0.0005009152624813107,0.0017857085157405236,0.16448803246781177,XGBoost,angle_engineered,19
AF,Repeated5x5,19,,Angle_deg,0.13294647806168944,0.03105163858316064,0.16448803246781177,XGBoost,angle_engineered,19
AF,Repeated5x5,19,,P_x_Angle,0.005823193738693467,0.008884015388420326,0.16448803246781177,XGBoost,angle_engineered,19
AF,Repeated5x5,19,,Alg_x_Angle,0.0018892345280355411,0.0015207094463145015,0.16448803246781177,XGBoost,angle_engineered,19
AF,Repeated5x5,19,,HA_x_Angle,-0.008555857004589195,0.005808497406966258,0.16448803246781177,XGBoost,angle_engineered,19
AF,Repeated5x5,19,,TP_x_Angle,-0.004030743766386546,0.015447094769622955,0.16448803246781177,XGBoost,angle_engineered,19
AF,Repeated5x5,20,,Alg_mg_ml,0.0,0.0,0.10583940399992477,XGBoost,angle_engineered,19
AF,Repeated5x5,20,,HA_mg_ml,0.0,0.0,0.10583940399992477,XGBoost,angle_engineered,19
AF,Repeated5x5,20,,Pressure_kPa,-0.003795936776542713,0.009164730481553657,0.10583940399992477,XGBoost,angle_engineered,19
AF,Repeated5x5,20,,TP,0.0,0.0,0.10583940399992477,XGBoost,angle_engineered,19
AF,Repeated5x5,20,,HF,-1.8945443144471885e-05,6.959081810217021e-05,0.10583940399992477,XGBoost,angle_engineered,19
AF,Repeated5x5,20,,Alg_HA_ratio_safe,0.0,0.0,0.10583940399992477,XGBoost,angle_engineered,19
AF,Repeated5x5,20,,P_over_TP,-0.002515819728052722,0.002948609816639282,0.10583940399992477,XGBoost,angle_engineered,19
AF,Repeated5x5,20,,P_over_Alg,0.008409391930436157,0.007410884960731216,0.10583940399992477,XGBoost,angle_engineered,19
AF,Repeated5x5,20,,P_over_HA,-0.00021590276530019658,0.003724988041002911,0.10583940399992477,XGBoost,angle_engineered,19
AF,Repeated5x5,20,,Alg_x_HA,-0.0003865899786155355,0.00033681269079679783,0.10583940399992477,XGBoost,angle_engineered,19
AF,Repeated5x5,20,,Alg_x_P,0.0032098933648416635,0.0025634332042354002,0.10583940399992477,XGBoost,angle_engineered,19
AF,Repeated5x5,20,,HA_x_P,0.0006704618493054676,0.00393733465230059,0.10583940399992477,XGBoost,angle_engineered,19
AF,Repeated5x5,20,,TP_x_P,0.0003284773428642668,0.008253075845727664,0.10583940399992477,XGBoost,angle_engineered,19
AF,Repeated5x5,20,,HF_x_P,0.001162250874414128,0.0027466295208451114,0.10583940399992477,XGBoost,angle_engineered,19
AF,Repeated5x5,20,,Angle_deg,0.22158099325922764,0.0576887827013195,0.10583940399992477,XGBoost,angle_engineered,19
AF,Repeated5x5,20,,P_x_Angle,0.009251367879763134,0.006314784392384642,0.10583940399992477,XGBoost,angle_engineered,19
AF,Repeated5x5,20,,Alg_x_Angle,0.0012595244519814294,0.006843422596247208,0.10583940399992477,XGBoost,angle_engineered,19
AF,Repeated5x5,20,,HA_x_Angle,0.00593586767516618,0.007589966613228789,0.10583940399992477,XGBoost,angle_engineered,19
AF,Repeated5x5,20,,TP_x_Angle,0.027820733372931304,0.01593075460637534,0.10583940399992477,XGBoost,angle_engineered,19
AF,Repeated5x5,21,,Alg_mg_ml,-0.0076442928571088505,0.0038929238591341245,0.19369852830218515,XGBoost,angle_engineered,20
AF,Repeated5x5,21,,HA_mg_ml,-0.0006483342494015609,0.0007772935347675082,0.19369852830218515,XGBoost,angle_engineered,20
AF,Repeated5x5,21,,Pressure_kPa,-0.007012143014348863,0.012744964766214707,0.19369852830218515,XGBoost,angle_engineered,20
AF,Repeated5x5,21,,TP,0.0,0.0,0.19369852830218515,XGBoost,angle_engineered,20
AF,Repeated5x5,21,,HF,-0.00020156745187213665,0.00020152341660026256,0.19369852830218515,XGBoost,angle_engineered,20
AF,Repeated5x5,21,,Alg_HA_ratio_safe,-0.0005559212437915712,0.0003662828071565137,0.19369852830218515,XGBoost,angle_engineered,20
AF,Repeated5x5,21,,P_over_TP,-0.006283007734780391,0.004914610910304407,0.19369852830218515,XGBoost,angle_engineered,20
AF,Repeated5x5,21,,P_over_Alg,0.005547661898912382,0.004117283077608789,0.19369852830218515,XGBoost,angle_engineered,20
AF,Repeated5x5,21,,P_over_HA,0.014567457987158371,0.0062780439630911915,0.19369852830218515,XGBoost,angle_engineered,20
AF,Repeated5x5,21,,Alg_x_HA,0.0,0.0,0.19369852830218515,XGBoost,angle_engineered,20
AF,Repeated5x5,21,,Alg_x_P,-0.001234255285716121,0.0029819876016955395,0.19369852830218515,XGBoost,angle_engineered,20
AF,Repeated5x5,21,,HA_x_P,-0.0008617980545374493,0.0008014477835089686,0.19369852830218515,XGBoost,angle_engineered,20
AF,Repeated5x5,21,,TP_x_P,-0.000287808924054489,0.002316053118422449,0.19369852830218515,XGBoost,angle_engineered,20
AF,Repeated5x5,21,,HF_x_P,0.0026982462731443917,0.0025982724690228427,0.19369852830218515,XGBoost,angle_engineered,20
AF,Repeated5x5,21,,Angle_deg,0.19398316483255754,0.05044167019312883,0.19369852830218515,XGBoost,angle_engineered,20
AF,Repeated5x5,21,,P_x_Angle,-0.0023274264317099196,0.008547089626135996,0.19369852830218515,XGBoost,angle_engineered,20
AF,Repeated5x5,21,,Alg_x_Angle,-0.011687536029681398,0.012397754325430126,0.19369852830218515,XGBoost,angle_engineered,20
AF,Repeated5x5,21,,HA_x_Angle,0.00011768792086383484,0.00020152199049982083,0.19369852830218515,XGBoost,angle_engineered,20
AF,Repeated5x5,21,,TP_x_Angle,0.017922686809464412,0.006336654915686443,0.19369852830218515,XGBoost,angle_engineered,20
AF,Repeated5x5,22,,Alg_mg_ml,0.0,0.0,0.12609994715659498,XGBoost,angle_engineered,19
AF,Repeated5x5,22,,HA_mg_ml,0.0006016928559421514,0.0005420852350938092,0.12609994715659498,XGBoost,angle_engineered,19
AF,Repeated5x5,22,,Pressure_kPa,0.010322792333092135,0.009327592646913182,0.12609994715659498,XGBoost,angle_engineered,19
AF,Repeated5x5,22,,TP,0.0,0.0,0.12609994715659498,XGBoost,angle_engineered,19
AF,Repeated5x5,22,,HF,-0.00015940420509587272,0.00029246497149953786,0.12609994715659498,XGBoost,angle_engineered,19
AF,Repeated5x5,22,,Alg_HA_ratio_safe,0.0,0.0,0.12609994715659498,XGBoost,angle_engineered,19
AF,Repeated5x5,22,,P_over_TP,-0.001175185270956662,0.0015200875384484515,0.12609994715659498,XGBoost,angle_engineered,19
AF,Repeated5x5,22,,P_over_Alg,0.005440196481733446,0.0068600834812462905,0.12609994715659498,XGBoost,angle_engineered,19
AF,Repeated5x5,22,,P_over_HA,2.6151357326512083e-05,0.0029699013547175397,0.12609994715659498,XGBoost,angle_engineered,19
AF,Repeated5x5,22,,Alg_x_HA,0.00020761959481131186,0.0001715325257462432,0.12609994715659498,XGBoost,angle_engineered,19
AF,Repeated5x5,22,,Alg_x_P,0.0033305557124620327,0.005650078517575898,0.12609994715659498,XGBoost,angle_engineered,19
AF,Repeated5x5,22,,HA_x_P,-0.0009295093841478932,0.0045222335518679295,0.12609994715659498,XGBoost,angle_engineered,19
AF,Repeated5x5,22,,TP_x_P,0.004829278246296443,0.0034546998014908965,0.12609994715659498,XGBoost,angle_engineered,19
AF,Repeated5x5,22,,HF_x_P,-0.0017408452319913601,0.0015535126738536406,0.12609994715659498,XGBoost,angle_engineered,19
AF,Repeated5x5,22,,Angle_deg,0.21994474758672483,0.05262940547616732,0.12609994715659498,XGBoost,angle_engineered,19
AF,Repeated5x5,22,,P_x_Angle,0.016145583457208654,0.010845509464049418,0.12609994715659498,XGBoost,angle_engineered,19
AF,Repeated5x5,22,,Alg_x_Angle,0.0017756805211729537,0.0009912466723911231,0.12609994715659498,XGBoost,angle_engineered,19
AF,Repeated5x5,22,,HA_x_Angle,0.004865095066824232,0.004282167762893917,0.12609994715659498,XGBoost,angle_engineered,19
AF,Repeated5x5,22,,TP_x_Angle,0.03469597821888692,0.014566387210783882,0.12609994715659498,XGBoost,angle_engineered,19
AF,Repeated5x5,23,,Alg_mg_ml,3.2127813945515005e-05,0.0001521641278392109,0.19842898733041908,XGBoost,angle_engineered,19
AF,Repeated5x5,23,,HA_mg_ml,0.0,0.0,0.19842898733041908,XGBoost,angle_engineered,19
AF,Repeated5x5,23,,Pressure_kPa,0.008471253966057132,0.006429571955833405,0.19842898733041908,XGBoost,angle_engineered,19
AF,Repeated5x5,23,,TP,-2.315520810216298e-05,0.00021615588419671535,0.19842898733041908,XGBoost,angle_engineered,19
AF,Repeated5x5,23,,HF,0.0,0.0,0.19842898733041908,XGBoost,angle_engineered,19
AF,Repeated5x5,23,,Alg_HA_ratio_safe,0.0,0.0,0.19842898733041908,XGBoost,angle_engineered,19
AF,Repeated5x5,23,,P_over_TP,-0.022458702317798816,0.01091498790435658,0.19842898733041908,XGBoost,angle_engineered,19
AF,Repeated5x5,23,,P_over_Alg,-0.0037167495883111746,0.00932724078664821,0.19842898733041908,XGBoost,angle_engineered,19
AF,Repeated5x5,23,,P_over_HA,-0.0012135653260721996,0.002417594659951453,0.19842898733041908,XGBoost,angle_engineered,19
AF,Repeated5x5,23,,Alg_x_HA,-0.000554660068529289,0.0006718992616113324,0.19842898733041908,XGBoost,angle_engineered,19
AF,Repeated5x5,23,,Alg_x_P,-0.0050196067655017464,0.005538820319140223,0.19842898733041908,XGBoost,angle_engineered,19
AF,Repeated5x5,23,,HA_x_P,-0.0004466458836968473,0.001969073291932682,0.19842898733041908,XGBoost,angle_engineered,19
AF,Repeated5x5,23,,TP_x_P,-0.002557375294862449,0.0030443524878101544,0.19842898733041908,XGBoost,angle_engineered,19
AF,Repeated5x5,23,,HF_x_P,-0.0011673471857997885,0.0010227890984337582,0.19842898733041908,XGBoost,angle_engineered,19
AF,Repeated5x5,23,,Angle_deg,0.18862560245691684,0.02995392556564053,0.19842898733041908,XGBoost,angle_engineered,19
AF,Repeated5x5,23,,P_x_Angle,0.013172765979625078,0.005469919970102554,0.19842898733041908,XGBoost,angle_engineered,19
AF,Repeated5x5,23,,Alg_x_Angle,0.0003145383533560142,0.0008765880978240173,0.19842898733041908,XGBoost,angle_engineered,19
AF,Repeated5x5,23,,HA_x_Angle,0.0003523269284934738,0.00021578301561151595,0.19842898733041908,XGBoost,angle_engineered,19
AF,Repeated5x5,23,,TP_x_Angle,0.03832919658858534,0.00976809560798844,0.19842898733041908,XGBoost,angle_engineered,19
AF,Repeated5x5,24,,Alg_mg_ml,0.0,0.0,0.1477965929904152,XGBoost,angle_engineered,19
AF,Repeated5x5,24,,HA_mg_ml,0.0,0.0,0.1477965929904152,XGBoost,angle_engineered,19
AF,Repeated5x5,24,,Pressure_kPa,0.0034933229808244313,0.002541562379264521,0.1477965929904152,XGBoost,angle_engineered,19
AF,Repeated5x5,24,,TP,0.0,0.0,0.1477965929904152,XGBoost,angle_engineered,19
AF,Repeated5x5,24,,HF,0.0,0.0,0.1477965929904152,XGBoost,angle_engineered,19
AF,Repeated5x5,24,,Alg_HA_ratio_safe,0.0,0.0,0.1477965929904152,XGBoost,angle_engineered,19
AF,Repeated5x5,24,,P_over_TP,-0.001405249611477724,0.00431209260718939,0.1477965929904152,XGBoost,angle_engineered,19
AF,Repeated5x5,24,,P_over_Alg,0.002719805754899729,0.004017356894503462,0.1477965929904152,XGBoost,angle_engineered,19
AF,Repeated5x5,24,,P_over_HA,-0.0010027278681818213,0.002255361491390024,0.1477965929904152,XGBoost,angle_engineered,19
AF,Repeated5x5,24,,Alg_x_HA,0.0,0.0,0.1477965929904152,XGBoost,angle_engineered,19
AF,Repeated5x5,24,,Alg_x_P,0.0038442798168758286,0.011487950557218456,0.1477965929904152,XGBoost,angle_engineered,19
AF,Repeated5x5,24,,HA_x_P,-0.018251263157145696,0.01280691922323924,0.1477965929904152,XGBoost,angle_engineered,19
AF,Repeated5x5,24,,TP_x_P,0.0012168615514520336,0.0017425058035508401,0.1477965929904152,XGBoost,angle_engineered,19
AF,Repeated5x5,24,,HF_x_P,-0.004594109696784909,0.0041335072583896385,0.1477965929904152,XGBoost,angle_engineered,19
AF,Repeated5x5,24,,Angle_deg,0.15668345425355895,0.026039878540301202,0.1477965929904152,XGBoost,angle_engineered,19
AF,Repeated5x5,24,,P_x_Angle,0.005789618620493103,0.010814895828841386,0.1477965929904152,XGBoost,angle_engineered,19
AF,Repeated5x5,24,,Alg_x_Angle,0.0008716954402418015,0.001530512813242314,0.1477965929904152,XGBoost,angle_engineered,19
AF,Repeated5x5,24,,HA_x_Angle,-0.00831437819412397,0.0032959405118055075,0.1477965929904152,XGBoost,angle_engineered,19
AF,Repeated5x5,24,,TP_x_Angle,0.0013007079647915586,0.0187404791667341,0.1477965929904152,XGBoost,angle_engineered,19
AF,Repeated5x5,25,,Alg_mg_ml,-0.0016280918497213303,0.0017054924782242019,0.1682288128933959,XGBoost,angle_engineered,19
AF,Repeated5x5,25,,HA_mg_ml,0.0,0.0,0.1682288128933959,XGBoost,angle_engineered,19
AF,Repeated5x5,25,,Pressure_kPa,-0.022252363433303186,0.014447221573947639,0.1682288128933959,XGBoost,angle_engineered,19
AF,Repeated5x5,25,,TP,0.0,0.0,0.1682288128933959,XGBoost,angle_engineered,19
AF,Repeated5x5,25,,HF,0.0,0.0,0.1682288128933959,XGBoost,angle_engineered,19
AF,Repeated5x5,25,,Alg_HA_ratio_safe,0.0,0.0,0.1682288128933959,XGBoost,angle_engineered,19
AF,Repeated5x5,25,,P_over_TP,0.0021058859535450585,0.0030047158857209877,0.1682288128933959,XGBoost,angle_engineered,19
AF,Repeated5x5,25,,P_over_Alg,-0.008001268377713155,0.008369272677399784,0.1682288128933959,XGBoost,angle_engineered,19
AF,Repeated5x5,25,,P_over_HA,-0.012262003523772009,0.0053110577101731435,0.1682288128933959,XGBoost,angle_engineered,19
AF,Repeated5x5,25,,Alg_x_HA,-0.0007286764398404838,0.0004746262929187925,0.1682288128933959,XGBoost,angle_engineered,19
AF,Repeated5x5,25,,Alg_x_P,-0.006908269719744608,0.006078030760971408,0.1682288128933959,XGBoost,angle_engineered,19
AF,Repeated5x5,25,,HA_x_P,0.00022792952636317698,0.004110371813799672,0.1682288128933959,XGBoost,angle_engineered,19
AF,Repeated5x5,25,,TP_x_P,-0.003992680638482665,0.006564646096746207,0.1682288128933959,XGBoost,angle_engineered,19
AF,Repeated5x5,25,,HF_x_P,-0.0001622304016771242,0.0018469110797322702,0.1682288128933959,XGBoost,angle_engineered,19
AF,Repeated5x5,25,,Angle_deg,0.14711553752182382,0.04264337057451087,0.1682288128933959,XGBoost,angle_engineered,19
AF,Repeated5x5,25,,P_x_Angle,-0.02126861765240847,0.01088176514002561,0.1682288128933959,XGBoost,angle_engineered,19
AF,Repeated5x5,25,,Alg_x_Angle,-0.005277358722419523,0.0035386099713997344,0.1682288128933959,XGBoost,angle_engineered,19
AF,Repeated5x5,25,,HA_x_Angle,0.002098595249513585,0.005096548370334337,0.1682288128933959,XGBoost,angle_engineered,19
AF,Repeated5x5,25,,TP_x_Angle,-0.030318180426623254,0.011150933652827407,0.1682288128933959,XGBoost,angle_engineered,19
