Target,Validation,Fold,Heldout_group,Feature,Permutation_repeat,Baseline_RMSE,Delta_RMSE,Model,Feature_set,N_test
Pr,LOFO,1,1ALG8HA,Alg_mg_ml,1,0.06334527765639607,0.0,LinearRegression,core,5
Pr,LOFO,1,1ALG8HA,Alg_mg_ml,2,0.06334527765639607,0.0,LinearRegression,core,5
Pr,LOFO,1,1ALG8HA,Alg_mg_ml,3,0.06334527765639607,0.0,LinearRegression,core,5
Pr,LOFO,1,1ALG8HA,Alg_mg_ml,4,0.06334527765639607,0.0,LinearRegression,core,5
Pr,LOFO,1,1ALG8HA,Alg_mg_ml,5,0.06334527765639607,0.0,LinearRegression,core,5
Pr,LOFO,1,1ALG8HA,Alg_mg_ml,6,0.06334527765639607,0.0,LinearRegression,core,5
Pr,LOFO,1,1ALG8HA,Alg_mg_ml,7,0.06334527765639607,0.0,LinearRegression,core,5
Pr,LOFO,1,1ALG8HA,Alg_mg_ml,8,0.06334527765639607,0.0,LinearRegression,core,5
Pr,LOFO,1,1ALG8HA,Alg_mg_ml,9,0.06334527765639607,0.0,LinearRegression,core,5
Pr,LOFO,1,1ALG8HA,Alg_mg_ml,10,0.06334527765639607,0.0,LinearRegression,core,5
Pr,LOFO,1,1ALG8HA,HA_mg_ml,1,0.06334527765639607,0.0,LinearRegression,core,5
Pr,LOFO,1,1ALG8HA,HA_mg_ml,2,0.06334527765639607,0.0,LinearRegression,core,5
Pr,LOFO,1,1ALG8HA,HA_mg_ml,3,0.06334527765639607,0.0,LinearRegression,core,5
Pr,LOFO,1,1ALG8HA,HA_mg_ml,4,0.06334527765639607,0.0,LinearRegression,core,5
Pr,LOFO,1,1ALG8HA,HA_mg_ml,5,0.06334527765639607,0.0,LinearRegression,core,5
Pr,LOFO,1,1ALG8HA,HA_mg_ml,6,0.06334527765639607,0.0,LinearRegression,core,5
Pr,LOFO,1,1ALG8HA,HA_mg_ml,7,0.06334527765639607,0.0,LinearRegression,core,5
Pr,LOFO,1,1ALG8HA,HA_mg_ml,8,0.06334527765639607,0.0,LinearRegression,core,5
Pr,LOFO,1,1ALG8HA,HA_mg_ml,9,0.06334527765639607,0.0,LinearRegression,core,5
Pr,LOFO,1,1ALG8HA,HA_mg_ml,10,0.06334527765639607,0.0,LinearRegression,core,5
Pr,LOFO,1,1ALG8HA,Pressure_kPa,1,0.06334527765639607,-0.007164625877300913,LinearRegression,core,5
Pr,LOFO,1,1ALG8HA,Pressure_kPa,2,0.06334527765639607,0.004572371954691526,LinearRegression,core,5
Pr,LOFO,1,1ALG8HA,Pressure_kPa,3,0.06334527765639607,-0.008482908454112127,LinearRegression,core,5
Pr,LOFO,1,1ALG8HA,Pressure_kPa,4,0.06334527765639607,-0.00418217325898388,LinearRegression,core,5
Pr,LOFO,1,1ALG8HA,Pressure_kPa,5,0.06334527765639607,-0.0036893697019144203,LinearRegression,core,5
Pr,LOFO,1,1ALG8HA,Pressure_kPa,6,0.06334527765639607,0.010012298965481864,LinearRegression,core,5
Pr,LOFO,1,1ALG8HA,Pressure_kPa,7,0.06334527765639607,0.0034860102921257102,LinearRegression,core,5
Pr,LOFO,1,1ALG8HA,Pressure_kPa,8,0.06334527765639607,0.0009177215362567437,LinearRegression,core,5
Pr,LOFO,1,1ALG8HA,Pressure_kPa,9,0.06334527765639607,-0.006195866511563432,LinearRegression,core,5
Pr,LOFO,1,1ALG8HA,Pressure_kPa,10,0.06334527765639607,-0.0018170257909338947,LinearRegression,core,5
Pr,LOFO,2,2ALG8HA,Alg_mg_ml,1,0.05237007984471102,0.0,LinearRegression,core,5
Pr,LOFO,2,2ALG8HA,Alg_mg_ml,2,0.05237007984471102,0.0,LinearRegression,core,5
Pr,LOFO,2,2ALG8HA,Alg_mg_ml,3,0.05237007984471102,0.0,LinearRegression,core,5
Pr,LOFO,2,2ALG8HA,Alg_mg_ml,4,0.05237007984471102,0.0,LinearRegression,core,5
Pr,LOFO,2,2ALG8HA,Alg_mg_ml,5,0.05237007984471102,0.0,LinearRegression,core,5
Pr,LOFO,2,2ALG8HA,Alg_mg_ml,6,0.05237007984471102,0.0,LinearRegression,core,5
Pr,LOFO,2,2ALG8HA,Alg_mg_ml,7,0.05237007984471102,0.0,LinearRegression,core,5
Pr,LOFO,2,2ALG8HA,Alg_mg_ml,8,0.05237007984471102,0.0,LinearRegression,core,5
Pr,LOFO,2,2ALG8HA,Alg_mg_ml,9,0.05237007984471102,0.0,LinearRegression,core,5
Pr,LOFO,2,2ALG8HA,Alg_mg_ml,10,0.05237007984471102,0.0,LinearRegression,core,5
Pr,LOFO,2,2ALG8HA,HA_mg_ml,1,0.05237007984471102,0.0,LinearRegression,core,5
Pr,LOFO,2,2ALG8HA,HA_mg_ml,2,0.05237007984471102,0.0,LinearRegression,core,5
Pr,LOFO,2,2ALG8HA,HA_mg_ml,3,0.05237007984471102,0.0,LinearRegression,core,5
Pr,LOFO,2,2ALG8HA,HA_mg_ml,4,0.05237007984471102,0.0,LinearRegression,core,5
Pr,LOFO,2,2ALG8HA,HA_mg_ml,5,0.05237007984471102,0.0,LinearRegression,core,5
Pr,LOFO,2,2ALG8HA,HA_mg_ml,6,0.05237007984471102,0.0,LinearRegression,core,5
Pr,LOFO,2,2ALG8HA,HA_mg_ml,7,0.05237007984471102,0.0,LinearRegression,core,5
Pr,LOFO,2,2ALG8HA,HA_mg_ml,8,0.05237007984471102,0.0,LinearRegression,core,5
Pr,LOFO,2,2ALG8HA,HA_mg_ml,9,0.05237007984471102,0.0,LinearRegression,core,5
Pr,LOFO,2,2ALG8HA,HA_mg_ml,10,0.05237007984471102,0.0,LinearRegression,core,5
Pr,LOFO,2,2ALG8HA,Pressure_kPa,1,0.05237007984471102,0.01188625797419933,LinearRegression,core,5
Pr,LOFO,2,2ALG8HA,Pressure_kPa,2,0.05237007984471102,0.039373360590784945,LinearRegression,core,5
Pr,LOFO,2,2ALG8HA,Pressure_kPa,3,0.05237007984471102,0.05262940442889866,LinearRegression,core,5
Pr,LOFO,2,2ALG8HA,Pressure_kPa,4,0.05237007984471102,0.033349231623554826,LinearRegression,core,5
Pr,LOFO,2,2ALG8HA,Pressure_kPa,5,0.05237007984471102,0.04973647733680957,LinearRegression,core,5
Pr,LOFO,2,2ALG8HA,Pressure_kPa,6,0.05237007984471102,0.05268533216902664,LinearRegression,core,5
Pr,LOFO,2,2ALG8HA,Pressure_kPa,7,0.05237007984471102,0.01188625797419933,LinearRegression,core,5
Pr,LOFO,2,2ALG8HA,Pressure_kPa,8,0.05237007984471102,0.04520635713802443,LinearRegression,core,5
Pr,LOFO,2,2ALG8HA,Pressure_kPa,9,0.05237007984471102,0.021018623541304238,LinearRegression,core,5
Pr,LOFO,2,2ALG8HA,Pressure_kPa,10,0.05237007984471102,0.02826460172368768,LinearRegression,core,5
Pr,LOFO,3,4ALG4HA,Alg_mg_ml,1,0.0594399321313665,0.0,LinearRegression,core,5
Pr,LOFO,3,4ALG4HA,Alg_mg_ml,2,0.0594399321313665,0.0,LinearRegression,core,5
Pr,LOFO,3,4ALG4HA,Alg_mg_ml,3,0.0594399321313665,0.0,LinearRegression,core,5
Pr,LOFO,3,4ALG4HA,Alg_mg_ml,4,0.0594399321313665,0.0,LinearRegression,core,5
Pr,LOFO,3,4ALG4HA,Alg_mg_ml,5,0.0594399321313665,0.0,LinearRegression,core,5
Pr,LOFO,3,4ALG4HA,Alg_mg_ml,6,0.0594399321313665,0.0,LinearRegression,core,5
Pr,LOFO,3,4ALG4HA,Alg_mg_ml,7,0.0594399321313665,0.0,LinearRegression,core,5
Pr,LOFO,3,4ALG4HA,Alg_mg_ml,8,0.0594399321313665,0.0,LinearRegression,core,5
Pr,LOFO,3,4ALG4HA,Alg_mg_ml,9,0.0594399321313665,0.0,LinearRegression,core,5
Pr,LOFO,3,4ALG4HA,Alg_mg_ml,10,0.0594399321313665,0.0,LinearRegression,core,5
Pr,LOFO,3,4ALG4HA,HA_mg_ml,1,0.0594399321313665,0.0,LinearRegression,core,5
Pr,LOFO,3,4ALG4HA,HA_mg_ml,2,0.0594399321313665,0.0,LinearRegression,core,5
Pr,LOFO,3,4ALG4HA,HA_mg_ml,3,0.0594399321313665,0.0,LinearRegression,core,5
Pr,LOFO,3,4ALG4HA,HA_mg_ml,4,0.0594399321313665,0.0,LinearRegression,core,5
Pr,LOFO,3,4ALG4HA,HA_mg_ml,5,0.0594399321313665,0.0,LinearRegression,core,5
Pr,LOFO,3,4ALG4HA,HA_mg_ml,6,0.0594399321313665,0.0,LinearRegression,core,5
Pr,LOFO,3,4ALG4HA,HA_mg_ml,7,0.0594399321313665,0.0,LinearRegression,core,5
Pr,LOFO,3,4ALG4HA,HA_mg_ml,8,0.0594399321313665,0.0,LinearRegression,core,5
Pr,LOFO,3,4ALG4HA,HA_mg_ml,9,0.0594399321313665,0.0,LinearRegression,core,5
Pr,LOFO,3,4ALG4HA,HA_mg_ml,10,0.0594399321313665,0.0,LinearRegression,core,5
Pr,LOFO,3,4ALG4HA,Pressure_kPa,1,0.0594399321313665,-0.008671188069058332,LinearRegression,core,5
Pr,LOFO,3,4ALG4HA,Pressure_kPa,2,0.0594399321313665,-0.0031173396562169803,LinearRegression,core,5
Pr,LOFO,3,4ALG4HA,Pressure_kPa,3,0.0594399321313665,0.012697472236337229,LinearRegression,core,5
Pr,LOFO,3,4ALG4HA,Pressure_kPa,4,0.0594399321313665,0.0022075938864872524,LinearRegression,core,5
Pr,LOFO,3,4ALG4HA,Pressure_kPa,5,0.0594399321313665,0.003388716007115905,LinearRegression,core,5
Pr,LOFO,3,4ALG4HA,Pressure_kPa,6,0.0594399321313665,0.003228964715344382,LinearRegression,core,5
Pr,LOFO,3,4ALG4HA,Pressure_kPa,7,0.0594399321313665,0.010582058593166133,LinearRegression,core,5
Pr,LOFO,3,4ALG4HA,Pressure_kPa,8,0.0594399321313665,0.01411937629709474,LinearRegression,core,5
Pr,LOFO,3,4ALG4HA,Pressure_kPa,9,0.0594399321313665,-0.00317669702340935,LinearRegression,core,5
Pr,LOFO,3,4ALG4HA,Pressure_kPa,10,0.0594399321313665,-5.624132763707573e-05,LinearRegression,core,5
Pr,LOFO,4,4ALG6HA,Alg_mg_ml,1,0.08241871050057581,0.0,LinearRegression,core,5
Pr,LOFO,4,4ALG6HA,Alg_mg_ml,2,0.08241871050057581,0.0,LinearRegression,core,5
Pr,LOFO,4,4ALG6HA,Alg_mg_ml,3,0.08241871050057581,0.0,LinearRegression,core,5
Pr,LOFO,4,4ALG6HA,Alg_mg_ml,4,0.08241871050057581,0.0,LinearRegression,core,5
Pr,LOFO,4,4ALG6HA,Alg_mg_ml,5,0.08241871050057581,0.0,LinearRegression,core,5
Pr,LOFO,4,4ALG6HA,Alg_mg_ml,6,0.08241871050057581,0.0,LinearRegression,core,5
Pr,LOFO,4,4ALG6HA,Alg_mg_ml,7,0.08241871050057581,0.0,LinearRegression,core,5
Pr,LOFO,4,4ALG6HA,Alg_mg_ml,8,0.08241871050057581,0.0,LinearRegression,core,5
Pr,LOFO,4,4ALG6HA,Alg_mg_ml,9,0.08241871050057581,0.0,LinearRegression,core,5
Pr,LOFO,4,4ALG6HA,Alg_mg_ml,10,0.08241871050057581,0.0,LinearRegression,core,5
Pr,LOFO,4,4ALG6HA,HA_mg_ml,1,0.08241871050057581,0.0,LinearRegression,core,5
Pr,LOFO,4,4ALG6HA,HA_mg_ml,2,0.08241871050057581,0.0,LinearRegression,core,5
Pr,LOFO,4,4ALG6HA,HA_mg_ml,3,0.08241871050057581,0.0,LinearRegression,core,5
Pr,LOFO,4,4ALG6HA,HA_mg_ml,4,0.08241871050057581,0.0,LinearRegression,core,5
Pr,LOFO,4,4ALG6HA,HA_mg_ml,5,0.08241871050057581,0.0,LinearRegression,core,5
Pr,LOFO,4,4ALG6HA,HA_mg_ml,6,0.08241871050057581,0.0,LinearRegression,core,5
Pr,LOFO,4,4ALG6HA,HA_mg_ml,7,0.08241871050057581,0.0,LinearRegression,core,5
Pr,LOFO,4,4ALG6HA,HA_mg_ml,8,0.08241871050057581,0.0,LinearRegression,core,5
Pr,LOFO,4,4ALG6HA,HA_mg_ml,9,0.08241871050057581,0.0,LinearRegression,core,5
Pr,LOFO,4,4ALG6HA,HA_mg_ml,10,0.08241871050057581,0.0,LinearRegression,core,5
Pr,LOFO,4,4ALG6HA,Pressure_kPa,1,0.08241871050057581,-0.034895673397177265,LinearRegression,core,5
Pr,LOFO,4,4ALG6HA,Pressure_kPa,2,0.08241871050057581,0.009784652433714347,LinearRegression,core,5
Pr,LOFO,4,4ALG6HA,Pressure_kPa,3,0.08241871050057581,0.013367766901047518,LinearRegression,core,5
Pr,LOFO,4,4ALG6HA,Pressure_kPa,4,0.08241871050057581,0.03225852325290188,LinearRegression,core,5
Pr,LOFO,4,4ALG6HA,Pressure_kPa,5,0.08241871050057581,-0.01956470228708683,LinearRegression,core,5
Pr,LOFO,4,4ALG6HA,Pressure_kPa,6,0.08241871050057581,-0.01539048180276803,LinearRegression,core,5
Pr,LOFO,4,4ALG6HA,Pressure_kPa,7,0.08241871050057581,0.0006947472574090757,LinearRegression,core,5
Pr,LOFO,4,4ALG6HA,Pressure_kPa,8,0.08241871050057581,-0.02128730031297668,LinearRegression,core,5
Pr,LOFO,4,4ALG6HA,Pressure_kPa,9,0.08241871050057581,0.012246342269888813,LinearRegression,core,5
Pr,LOFO,4,4ALG6HA,Pressure_kPa,10,0.08241871050057581,0.04055424702535519,LinearRegression,core,5
Pr,LOFO,5,4ALG8HA,Alg_mg_ml,1,0.07526639846983076,0.0,LinearRegression,core,5
Pr,LOFO,5,4ALG8HA,Alg_mg_ml,2,0.07526639846983076,0.0,LinearRegression,core,5
Pr,LOFO,5,4ALG8HA,Alg_mg_ml,3,0.07526639846983076,0.0,LinearRegression,core,5
Pr,LOFO,5,4ALG8HA,Alg_mg_ml,4,0.07526639846983076,0.0,LinearRegression,core,5
Pr,LOFO,5,4ALG8HA,Alg_mg_ml,5,0.07526639846983076,0.0,LinearRegression,core,5
Pr,LOFO,5,4ALG8HA,Alg_mg_ml,6,0.07526639846983076,0.0,LinearRegression,core,5
Pr,LOFO,5,4ALG8HA,Alg_mg_ml,7,0.07526639846983076,0.0,LinearRegression,core,5
Pr,LOFO,5,4ALG8HA,Alg_mg_ml,8,0.07526639846983076,0.0,LinearRegression,core,5
Pr,LOFO,5,4ALG8HA,Alg_mg_ml,9,0.07526639846983076,0.0,LinearRegression,core,5
Pr,LOFO,5,4ALG8HA,Alg_mg_ml,10,0.07526639846983076,0.0,LinearRegression,core,5
Pr,LOFO,5,4ALG8HA,HA_mg_ml,1,0.07526639846983076,0.0,LinearRegression,core,5
Pr,LOFO,5,4ALG8HA,HA_mg_ml,2,0.07526639846983076,0.0,LinearRegression,core,5
Pr,LOFO,5,4ALG8HA,HA_mg_ml,3,0.07526639846983076,0.0,LinearRegression,core,5
Pr,LOFO,5,4ALG8HA,HA_mg_ml,4,0.07526639846983076,0.0,LinearRegression,core,5
Pr,LOFO,5,4ALG8HA,HA_mg_ml,5,0.07526639846983076,0.0,LinearRegression,core,5
Pr,LOFO,5,4ALG8HA,HA_mg_ml,6,0.07526639846983076,0.0,LinearRegression,core,5
Pr,LOFO,5,4ALG8HA,HA_mg_ml,7,0.07526639846983076,0.0,LinearRegression,core,5
Pr,LOFO,5,4ALG8HA,HA_mg_ml,8,0.07526639846983076,0.0,LinearRegression,core,5
Pr,LOFO,5,4ALG8HA,HA_mg_ml,9,0.07526639846983076,0.0,LinearRegression,core,5
Pr,LOFO,5,4ALG8HA,HA_mg_ml,10,0.07526639846983076,0.0,LinearRegression,core,5
Pr,LOFO,5,4ALG8HA,Pressure_kPa,1,0.07526639846983076,-0.010565196848508235,LinearRegression,core,5
Pr,LOFO,5,4ALG8HA,Pressure_kPa,2,0.07526639846983076,0.02201062925987883,LinearRegression,core,5
Pr,LOFO,5,4ALG8HA,Pressure_kPa,3,0.07526639846983076,0.005804355445613016,LinearRegression,core,5
Pr,LOFO,5,4ALG8HA,Pressure_kPa,4,0.07526639846983076,0.01180098812862014,LinearRegression,core,5
Pr,LOFO,5,4ALG8HA,Pressure_kPa,5,0.07526639846983076,0.02149099844151714,LinearRegression,core,5
Pr,LOFO,5,4ALG8HA,Pressure_kPa,6,0.07526639846983076,0.025239255504203334,LinearRegression,core,5
Pr,LOFO,5,4ALG8HA,Pressure_kPa,7,0.07526639846983076,0.021837727952811525,LinearRegression,core,5
Pr,LOFO,5,4ALG8HA,Pressure_kPa,8,0.07526639846983076,0.012569612548275391,LinearRegression,core,5
Pr,LOFO,5,4ALG8HA,Pressure_kPa,9,0.07526639846983076,0.0013278785510568714,LinearRegression,core,5
Pr,LOFO,5,4ALG8HA,Pressure_kPa,10,0.07526639846983076,-0.011086744528736231,LinearRegression,core,5
Pr,LOFO,6,6ALG2HA,Alg_mg_ml,1,0.09168512620001756,0.0,LinearRegression,core,5
Pr,LOFO,6,6ALG2HA,Alg_mg_ml,2,0.09168512620001756,0.0,LinearRegression,core,5
Pr,LOFO,6,6ALG2HA,Alg_mg_ml,3,0.09168512620001756,0.0,LinearRegression,core,5
Pr,LOFO,6,6ALG2HA,Alg_mg_ml,4,0.09168512620001756,0.0,LinearRegression,core,5
Pr,LOFO,6,6ALG2HA,Alg_mg_ml,5,0.09168512620001756,0.0,LinearRegression,core,5
Pr,LOFO,6,6ALG2HA,Alg_mg_ml,6,0.09168512620001756,0.0,LinearRegression,core,5
Pr,LOFO,6,6ALG2HA,Alg_mg_ml,7,0.09168512620001756,0.0,LinearRegression,core,5
Pr,LOFO,6,6ALG2HA,Alg_mg_ml,8,0.09168512620001756,0.0,LinearRegression,core,5
Pr,LOFO,6,6ALG2HA,Alg_mg_ml,9,0.09168512620001756,0.0,LinearRegression,core,5
Pr,LOFO,6,6ALG2HA,Alg_mg_ml,10,0.09168512620001756,0.0,LinearRegression,core,5
Pr,LOFO,6,6ALG2HA,HA_mg_ml,1,0.09168512620001756,0.0,LinearRegression,core,5
Pr,LOFO,6,6ALG2HA,HA_mg_ml,2,0.09168512620001756,0.0,LinearRegression,core,5
Pr,LOFO,6,6ALG2HA,HA_mg_ml,3,0.09168512620001756,0.0,LinearRegression,core,5
Pr,LOFO,6,6ALG2HA,HA_mg_ml,4,0.09168512620001756,0.0,LinearRegression,core,5
Pr,LOFO,6,6ALG2HA,HA_mg_ml,5,0.09168512620001756,0.0,LinearRegression,core,5
Pr,LOFO,6,6ALG2HA,HA_mg_ml,6,0.09168512620001756,0.0,LinearRegression,core,5
Pr,LOFO,6,6ALG2HA,HA_mg_ml,7,0.09168512620001756,0.0,LinearRegression,core,5
Pr,LOFO,6,6ALG2HA,HA_mg_ml,8,0.09168512620001756,0.0,LinearRegression,core,5
Pr,LOFO,6,6ALG2HA,HA_mg_ml,9,0.09168512620001756,0.0,LinearRegression,core,5
Pr,LOFO,6,6ALG2HA,HA_mg_ml,10,0.09168512620001756,0.0,LinearRegression,core,5
Pr,LOFO,6,6ALG2HA,Pressure_kPa,1,0.09168512620001756,-0.0027158509118532237,LinearRegression,core,5
Pr,LOFO,6,6ALG2HA,Pressure_kPa,2,0.09168512620001756,0.0,LinearRegression,core,5
Pr,LOFO,6,6ALG2HA,Pressure_kPa,3,0.09168512620001756,0.009616528589943926,LinearRegression,core,5
Pr,LOFO,6,6ALG2HA,Pressure_kPa,4,0.09168512620001756,0.005934722829636516,LinearRegression,core,5
Pr,LOFO,6,6ALG2HA,Pressure_kPa,5,0.09168512620001756,-0.002915880307972643,LinearRegression,core,5
Pr,LOFO,6,6ALG2HA,Pressure_kPa,6,0.09168512620001756,-0.0019598060516627935,LinearRegression,core,5
Pr,LOFO,6,6ALG2HA,Pressure_kPa,7,0.09168512620001756,0.007846255648101777,LinearRegression,core,5
Pr,LOFO,6,6ALG2HA,Pressure_kPa,8,0.09168512620001756,0.0024867934155347604,LinearRegression,core,5
Pr,LOFO,6,6ALG2HA,Pressure_kPa,9,0.09168512620001756,-0.0034783758071049997,LinearRegression,core,5
Pr,LOFO,6,6ALG2HA,Pressure_kPa,10,0.09168512620001756,0.000464151583665362,LinearRegression,core,5
Pr,LOFO,7,6ALG4HA,Alg_mg_ml,1,0.19090712425312883,0.0,LinearRegression,core,5
Pr,LOFO,7,6ALG4HA,Alg_mg_ml,2,0.19090712425312883,0.0,LinearRegression,core,5
Pr,LOFO,7,6ALG4HA,Alg_mg_ml,3,0.19090712425312883,0.0,LinearRegression,core,5
Pr,LOFO,7,6ALG4HA,Alg_mg_ml,4,0.19090712425312883,0.0,LinearRegression,core,5
Pr,LOFO,7,6ALG4HA,Alg_mg_ml,5,0.19090712425312883,0.0,LinearRegression,core,5
Pr,LOFO,7,6ALG4HA,Alg_mg_ml,6,0.19090712425312883,0.0,LinearRegression,core,5
Pr,LOFO,7,6ALG4HA,Alg_mg_ml,7,0.19090712425312883,0.0,LinearRegression,core,5
Pr,LOFO,7,6ALG4HA,Alg_mg_ml,8,0.19090712425312883,0.0,LinearRegression,core,5
Pr,LOFO,7,6ALG4HA,Alg_mg_ml,9,0.19090712425312883,0.0,LinearRegression,core,5
Pr,LOFO,7,6ALG4HA,Alg_mg_ml,10,0.19090712425312883,0.0,LinearRegression,core,5
Pr,LOFO,7,6ALG4HA,HA_mg_ml,1,0.19090712425312883,0.0,LinearRegression,core,5
Pr,LOFO,7,6ALG4HA,HA_mg_ml,2,0.19090712425312883,0.0,LinearRegression,core,5
Pr,LOFO,7,6ALG4HA,HA_mg_ml,3,0.19090712425312883,0.0,LinearRegression,core,5
Pr,LOFO,7,6ALG4HA,HA_mg_ml,4,0.19090712425312883,0.0,LinearRegression,core,5
Pr,LOFO,7,6ALG4HA,HA_mg_ml,5,0.19090712425312883,0.0,LinearRegression,core,5
Pr,LOFO,7,6ALG4HA,HA_mg_ml,6,0.19090712425312883,0.0,LinearRegression,core,5
Pr,LOFO,7,6ALG4HA,HA_mg_ml,7,0.19090712425312883,0.0,LinearRegression,core,5
Pr,LOFO,7,6ALG4HA,HA_mg_ml,8,0.19090712425312883,0.0,LinearRegression,core,5
Pr,LOFO,7,6ALG4HA,HA_mg_ml,9,0.19090712425312883,0.0,LinearRegression,core,5
Pr,LOFO,7,6ALG4HA,HA_mg_ml,10,0.19090712425312883,0.0,LinearRegression,core,5
Pr,LOFO,7,6ALG4HA,Pressure_kPa,1,0.19090712425312883,0.0032961263288448783,LinearRegression,core,5
Pr,LOFO,7,6ALG4HA,Pressure_kPa,2,0.19090712425312883,0.010684372836971767,LinearRegression,core,5
Pr,LOFO,7,6ALG4HA,Pressure_kPa,3,0.19090712425312883,0.006625959070128917,LinearRegression,core,5
Pr,LOFO,7,6ALG4HA,Pressure_kPa,4,0.19090712425312883,0.003856717989524333,LinearRegression,core,5
Pr,LOFO,7,6ALG4HA,Pressure_kPa,5,0.19090712425312883,0.008186899032751993,LinearRegression,core,5
Pr,LOFO,7,6ALG4HA,Pressure_kPa,6,0.19090712425312883,0.0001529102863788434,LinearRegression,core,5
Pr,LOFO,7,6ALG4HA,Pressure_kPa,7,0.19090712425312883,0.00917211489873801,LinearRegression,core,5
Pr,LOFO,7,6ALG4HA,Pressure_kPa,8,0.19090712425312883,0.008392146941856804,LinearRegression,core,5
Pr,LOFO,7,6ALG4HA,Pressure_kPa,9,0.19090712425312883,0.004026578614738041,LinearRegression,core,5
Pr,LOFO,7,6ALG4HA,Pressure_kPa,10,0.19090712425312883,-0.0024221171824761745,LinearRegression,core,5
Pr,LOFO,8,6ALG6HA,Alg_mg_ml,1,0.07245183771259606,0.0,LinearRegression,core,5
Pr,LOFO,8,6ALG6HA,Alg_mg_ml,2,0.07245183771259606,0.0,LinearRegression,core,5
Pr,LOFO,8,6ALG6HA,Alg_mg_ml,3,0.07245183771259606,0.0,LinearRegression,core,5
Pr,LOFO,8,6ALG6HA,Alg_mg_ml,4,0.07245183771259606,0.0,LinearRegression,core,5
Pr,LOFO,8,6ALG6HA,Alg_mg_ml,5,0.07245183771259606,0.0,LinearRegression,core,5
Pr,LOFO,8,6ALG6HA,Alg_mg_ml,6,0.07245183771259606,0.0,LinearRegression,core,5
Pr,LOFO,8,6ALG6HA,Alg_mg_ml,7,0.07245183771259606,0.0,LinearRegression,core,5
Pr,LOFO,8,6ALG6HA,Alg_mg_ml,8,0.07245183771259606,0.0,LinearRegression,core,5
Pr,LOFO,8,6ALG6HA,Alg_mg_ml,9,0.07245183771259606,0.0,LinearRegression,core,5
Pr,LOFO,8,6ALG6HA,Alg_mg_ml,10,0.07245183771259606,0.0,LinearRegression,core,5
Pr,LOFO,8,6ALG6HA,HA_mg_ml,1,0.07245183771259606,0.0,LinearRegression,core,5
Pr,LOFO,8,6ALG6HA,HA_mg_ml,2,0.07245183771259606,0.0,LinearRegression,core,5
Pr,LOFO,8,6ALG6HA,HA_mg_ml,3,0.07245183771259606,0.0,LinearRegression,core,5
Pr,LOFO,8,6ALG6HA,HA_mg_ml,4,0.07245183771259606,0.0,LinearRegression,core,5
Pr,LOFO,8,6ALG6HA,HA_mg_ml,5,0.07245183771259606,0.0,LinearRegression,core,5
Pr,LOFO,8,6ALG6HA,HA_mg_ml,6,0.07245183771259606,0.0,LinearRegression,core,5
Pr,LOFO,8,6ALG6HA,HA_mg_ml,7,0.07245183771259606,0.0,LinearRegression,core,5
Pr,LOFO,8,6ALG6HA,HA_mg_ml,8,0.07245183771259606,0.0,LinearRegression,core,5
Pr,LOFO,8,6ALG6HA,HA_mg_ml,9,0.07245183771259606,0.0,LinearRegression,core,5
Pr,LOFO,8,6ALG6HA,HA_mg_ml,10,0.07245183771259606,0.0,LinearRegression,core,5
Pr,LOFO,8,6ALG6HA,Pressure_kPa,1,0.07245183771259606,8.138391386053323e-05,LinearRegression,core,5
Pr,LOFO,8,6ALG6HA,Pressure_kPa,2,0.07245183771259606,-0.004931463968932945,LinearRegression,core,5
Pr,LOFO,8,6ALG6HA,Pressure_kPa,3,0.07245183771259606,-0.00445258878898161,LinearRegression,core,5
Pr,LOFO,8,6ALG6HA,Pressure_kPa,4,0.07245183771259606,0.0019682896163064623,LinearRegression,core,5
Pr,LOFO,8,6ALG6HA,Pressure_kPa,5,0.07245183771259606,-0.0006543922476643788,LinearRegression,core,5
Pr,LOFO,8,6ALG6HA,Pressure_kPa,6,0.07245183771259606,-0.004365882437253138,LinearRegression,core,5
Pr,LOFO,8,6ALG6HA,Pressure_kPa,7,0.07245183771259606,0.003030928187868348,LinearRegression,core,5
Pr,LOFO,8,6ALG6HA,Pressure_kPa,8,0.07245183771259606,0.00040601049769581343,LinearRegression,core,5
Pr,LOFO,8,6ALG6HA,Pressure_kPa,9,0.07245183771259606,-0.0021910141972541625,LinearRegression,core,5
Pr,LOFO,8,6ALG6HA,Pressure_kPa,10,0.07245183771259606,0.0005273731847848517,LinearRegression,core,5
SR,LOFO,1,1ALG8HA,Alg_mg_ml,1,1.155319048060212,0.0,SVR_RBF,rheology_enhanced,6
SR,LOFO,1,1ALG8HA,Alg_mg_ml,2,1.155319048060212,0.0,SVR_RBF,rheology_enhanced,6
SR,LOFO,1,1ALG8HA,Alg_mg_ml,3,1.155319048060212,0.0,SVR_RBF,rheology_enhanced,6
SR,LOFO,1,1ALG8HA,Alg_mg_ml,4,1.155319048060212,0.0,SVR_RBF,rheology_enhanced,6
SR,LOFO,1,1ALG8HA,Alg_mg_ml,5,1.155319048060212,0.0,SVR_RBF,rheology_enhanced,6
SR,LOFO,1,1ALG8HA,Alg_mg_ml,6,1.155319048060212,0.0,SVR_RBF,rheology_enhanced,6
SR,LOFO,1,1ALG8HA,Alg_mg_ml,7,1.155319048060212,0.0,SVR_RBF,rheology_enhanced,6
SR,LOFO,1,1ALG8HA,Alg_mg_ml,8,1.155319048060212,0.0,SVR_RBF,rheology_enhanced,6
SR,LOFO,1,1ALG8HA,Alg_mg_ml,9,1.155319048060212,0.0,SVR_RBF,rheology_enhanced,6
SR,LOFO,1,1ALG8HA,Alg_mg_ml,10,1.155319048060212,0.0,SVR_RBF,rheology_enhanced,6
SR,LOFO,1,1ALG8HA,HA_mg_ml,1,1.155319048060212,0.0,SVR_RBF,rheology_enhanced,6
SR,LOFO,1,1ALG8HA,HA_mg_ml,2,1.155319048060212,0.0,SVR_RBF,rheology_enhanced,6
SR,LOFO,1,1ALG8HA,HA_mg_ml,3,1.155319048060212,0.0,SVR_RBF,rheology_enhanced,6
SR,LOFO,1,1ALG8HA,HA_mg_ml,4,1.155319048060212,0.0,SVR_RBF,rheology_enhanced,6
SR,LOFO,1,1ALG8HA,HA_mg_ml,5,1.155319048060212,0.0,SVR_RBF,rheology_enhanced,6
SR,LOFO,1,1ALG8HA,HA_mg_ml,6,1.155319048060212,0.0,SVR_RBF,rheology_enhanced,6
SR,LOFO,1,1ALG8HA,HA_mg_ml,7,1.155319048060212,0.0,SVR_RBF,rheology_enhanced,6
SR,LOFO,1,1ALG8HA,HA_mg_ml,8,1.155319048060212,0.0,SVR_RBF,rheology_enhanced,6
SR,LOFO,1,1ALG8HA,HA_mg_ml,9,1.155319048060212,0.0,SVR_RBF,rheology_enhanced,6
SR,LOFO,1,1ALG8HA,HA_mg_ml,10,1.155319048060212,0.0,SVR_RBF,rheology_enhanced,6
SR,LOFO,1,1ALG8HA,Pressure_kPa,1,1.155319048060212,-0.03687599637881789,SVR_RBF,rheology_enhanced,6
SR,LOFO,1,1ALG8HA,Pressure_kPa,2,1.155319048060212,-0.04050794540555169,SVR_RBF,rheology_enhanced,6
SR,LOFO,1,1ALG8HA,Pressure_kPa,3,1.155319048060212,-0.03344046385319088,SVR_RBF,rheology_enhanced,6
SR,LOFO,1,1ALG8HA,Pressure_kPa,4,1.155319048060212,-0.035116247550778246,SVR_RBF,rheology_enhanced,6
SR,LOFO,1,1ALG8HA,Pressure_kPa,5,1.155319048060212,-0.02036039760384223,SVR_RBF,rheology_enhanced,6
SR,LOFO,1,1ALG8HA,Pressure_kPa,6,1.155319048060212,0.013276724130401263,SVR_RBF,rheology_enhanced,6
SR,LOFO,1,1ALG8HA,Pressure_kPa,7,1.155319048060212,-0.020935017496272135,SVR_RBF,rheology_enhanced,6
SR,LOFO,1,1ALG8HA,Pressure_kPa,8,1.155319048060212,-0.07024930796028572,SVR_RBF,rheology_enhanced,6
SR,LOFO,1,1ALG8HA,Pressure_kPa,9,1.155319048060212,0.011092126189540474,SVR_RBF,rheology_enhanced,6
SR,LOFO,1,1ALG8HA,Pressure_kPa,10,1.155319048060212,-0.010021938197418034,SVR_RBF,rheology_enhanced,6
SR,LOFO,1,1ALG8HA,TP,1,1.155319048060212,0.0,SVR_RBF,rheology_enhanced,6
SR,LOFO,1,1ALG8HA,TP,2,1.155319048060212,0.0,SVR_RBF,rheology_enhanced,6
SR,LOFO,1,1ALG8HA,TP,3,1.155319048060212,0.0,SVR_RBF,rheology_enhanced,6
SR,LOFO,1,1ALG8HA,TP,4,1.155319048060212,0.0,SVR_RBF,rheology_enhanced,6
SR,LOFO,1,1ALG8HA,TP,5,1.155319048060212,0.0,SVR_RBF,rheology_enhanced,6
SR,LOFO,1,1ALG8HA,TP,6,1.155319048060212,0.0,SVR_RBF,rheology_enhanced,6
SR,LOFO,1,1ALG8HA,TP,7,1.155319048060212,0.0,SVR_RBF,rheology_enhanced,6
SR,LOFO,1,1ALG8HA,TP,8,1.155319048060212,0.0,SVR_RBF,rheology_enhanced,6
SR,LOFO,1,1ALG8HA,TP,9,1.155319048060212,0.0,SVR_RBF,rheology_enhanced,6
SR,LOFO,1,1ALG8HA,TP,10,1.155319048060212,0.0,SVR_RBF,rheology_enhanced,6
SR,LOFO,1,1ALG8HA,HF,1,1.155319048060212,0.0,SVR_RBF,rheology_enhanced,6
SR,LOFO,1,1ALG8HA,HF,2,1.155319048060212,0.0,SVR_RBF,rheology_enhanced,6
SR,LOFO,1,1ALG8HA,HF,3,1.155319048060212,0.0,SVR_RBF,rheology_enhanced,6
SR,LOFO,1,1ALG8HA,HF,4,1.155319048060212,0.0,SVR_RBF,rheology_enhanced,6
SR,LOFO,1,1ALG8HA,HF,5,1.155319048060212,0.0,SVR_RBF,rheology_enhanced,6
SR,LOFO,1,1ALG8HA,HF,6,1.155319048060212,0.0,SVR_RBF,rheology_enhanced,6
SR,LOFO,1,1ALG8HA,HF,7,1.155319048060212,0.0,SVR_RBF,rheology_enhanced,6
SR,LOFO,1,1ALG8HA,HF,8,1.155319048060212,0.0,SVR_RBF,rheology_enhanced,6
SR,LOFO,1,1ALG8HA,HF,9,1.155319048060212,0.0,SVR_RBF,rheology_enhanced,6
SR,LOFO,1,1ALG8HA,HF,10,1.155319048060212,0.0,SVR_RBF,rheology_enhanced,6
SR,LOFO,1,1ALG8HA,Alg_HA_ratio_safe,1,1.155319048060212,0.0,SVR_RBF,rheology_enhanced,6
SR,LOFO,1,1ALG8HA,Alg_HA_ratio_safe,2,1.155319048060212,0.0,SVR_RBF,rheology_enhanced,6
SR,LOFO,1,1ALG8HA,Alg_HA_ratio_safe,3,1.155319048060212,0.0,SVR_RBF,rheology_enhanced,6
SR,LOFO,1,1ALG8HA,Alg_HA_ratio_safe,4,1.155319048060212,0.0,SVR_RBF,rheology_enhanced,6
SR,LOFO,1,1ALG8HA,Alg_HA_ratio_safe,5,1.155319048060212,0.0,SVR_RBF,rheology_enhanced,6
SR,LOFO,1,1ALG8HA,Alg_HA_ratio_safe,6,1.155319048060212,0.0,SVR_RBF,rheology_enhanced,6
SR,LOFO,1,1ALG8HA,Alg_HA_ratio_safe,7,1.155319048060212,0.0,SVR_RBF,rheology_enhanced,6
SR,LOFO,1,1ALG8HA,Alg_HA_ratio_safe,8,1.155319048060212,0.0,SVR_RBF,rheology_enhanced,6
SR,LOFO,1,1ALG8HA,Alg_HA_ratio_safe,9,1.155319048060212,0.0,SVR_RBF,rheology_enhanced,6
SR,LOFO,1,1ALG8HA,Alg_HA_ratio_safe,10,1.155319048060212,0.0,SVR_RBF,rheology_enhanced,6
SR,LOFO,1,1ALG8HA,P_over_TP,1,1.155319048060212,-0.08359546986227295,SVR_RBF,rheology_enhanced,6
SR,LOFO,1,1ALG8HA,P_over_TP,2,1.155319048060212,-0.08611053026345639,SVR_RBF,rheology_enhanced,6
SR,LOFO,1,1ALG8HA,P_over_TP,3,1.155319048060212,-0.00526562575138656,SVR_RBF,rheology_enhanced,6
SR,LOFO,1,1ALG8HA,P_over_TP,4,1.155319048060212,-0.08065227714575207,SVR_RBF,rheology_enhanced,6
SR,LOFO,1,1ALG8HA,P_over_TP,5,1.155319048060212,-0.02035656838719002,SVR_RBF,rheology_enhanced,6
SR,LOFO,1,1ALG8HA,P_over_TP,6,1.155319048060212,0.04003624167107689,SVR_RBF,rheology_enhanced,6
SR,LOFO,1,1ALG8HA,P_over_TP,7,1.155319048060212,-0.02779342505355653,SVR_RBF,rheology_enhanced,6
SR,LOFO,1,1ALG8HA,P_over_TP,8,1.155319048060212,-0.15939483353438544,SVR_RBF,rheology_enhanced,6
SR,LOFO,1,1ALG8HA,P_over_TP,9,1.155319048060212,0.03823682881678714,SVR_RBF,rheology_enhanced,6
SR,LOFO,1,1ALG8HA,P_over_TP,10,1.155319048060212,0.033572127191946244,SVR_RBF,rheology_enhanced,6
SR,LOFO,1,1ALG8HA,P_over_Alg,1,1.155319048060212,0.10576638259345739,SVR_RBF,rheology_enhanced,6
SR,LOFO,1,1ALG8HA,P_over_Alg,2,1.155319048060212,0.12524674215062181,SVR_RBF,rheology_enhanced,6
SR,LOFO,1,1ALG8HA,P_over_Alg,3,1.155319048060212,0.12096288645441589,SVR_RBF,rheology_enhanced,6
SR,LOFO,1,1ALG8HA,P_over_Alg,4,1.155319048060212,0.09762876150425215,SVR_RBF,rheology_enhanced,6
SR,LOFO,1,1ALG8HA,P_over_Alg,5,1.155319048060212,0.12239733621952475,SVR_RBF,rheology_enhanced,6
SR,LOFO,1,1ALG8HA,P_over_Alg,6,1.155319048060212,0.02701687275761766,SVR_RBF,rheology_enhanced,6
SR,LOFO,1,1ALG8HA,P_over_Alg,7,1.155319048060212,0.09875471706402394,SVR_RBF,rheology_enhanced,6
SR,LOFO,1,1ALG8HA,P_over_Alg,8,1.155319048060212,0.07220342649204192,SVR_RBF,rheology_enhanced,6
SR,LOFO,1,1ALG8HA,P_over_Alg,9,1.155319048060212,0.027034870665064714,SVR_RBF,rheology_enhanced,6
SR,LOFO,1,1ALG8HA,P_over_Alg,10,1.155319048060212,0.13414619344189327,SVR_RBF,rheology_enhanced,6
SR,LOFO,1,1ALG8HA,P_over_HA,1,1.155319048060212,-0.009043990974660465,SVR_RBF,rheology_enhanced,6
SR,LOFO,1,1ALG8HA,P_over_HA,2,1.155319048060212,-0.009869471750408199,SVR_RBF,rheology_enhanced,6
SR,LOFO,1,1ALG8HA,P_over_HA,3,1.155319048060212,-0.00810086766556628,SVR_RBF,rheology_enhanced,6
SR,LOFO,1,1ALG8HA,P_over_HA,4,1.155319048060212,-0.008903610711214593,SVR_RBF,rheology_enhanced,6
SR,LOFO,1,1ALG8HA,P_over_HA,5,1.155319048060212,-0.00482338126404902,SVR_RBF,rheology_enhanced,6
SR,LOFO,1,1ALG8HA,P_over_HA,6,1.155319048060212,0.00338885025990443,SVR_RBF,rheology_enhanced,6
SR,LOFO,1,1ALG8HA,P_over_HA,7,1.155319048060212,-0.005293082778642377,SVR_RBF,rheology_enhanced,6
SR,LOFO,1,1ALG8HA,P_over_HA,8,1.155319048060212,-0.01786506600166793,SVR_RBF,rheology_enhanced,6
SR,LOFO,1,1ALG8HA,P_over_HA,9,1.155319048060212,0.003061249571928215,SVR_RBF,rheology_enhanced,6
SR,LOFO,1,1ALG8HA,P_over_HA,10,1.155319048060212,-0.0018256940628567087,SVR_RBF,rheology_enhanced,6
SR,LOFO,1,1ALG8HA,Alg_x_HA,1,1.155319048060212,0.0,SVR_RBF,rheology_enhanced,6
SR,LOFO,1,1ALG8HA,Alg_x_HA,2,1.155319048060212,0.0,SVR_RBF,rheology_enhanced,6
SR,LOFO,1,1ALG8HA,Alg_x_HA,3,1.155319048060212,0.0,SVR_RBF,rheology_enhanced,6
SR,LOFO,1,1ALG8HA,Alg_x_HA,4,1.155319048060212,0.0,SVR_RBF,rheology_enhanced,6
SR,LOFO,1,1ALG8HA,Alg_x_HA,5,1.155319048060212,0.0,SVR_RBF,rheology_enhanced,6
SR,LOFO,1,1ALG8HA,Alg_x_HA,6,1.155319048060212,0.0,SVR_RBF,rheology_enhanced,6
SR,LOFO,1,1ALG8HA,Alg_x_HA,7,1.155319048060212,0.0,SVR_RBF,rheology_enhanced,6
SR,LOFO,1,1ALG8HA,Alg_x_HA,8,1.155319048060212,0.0,SVR_RBF,rheology_enhanced,6
SR,LOFO,1,1ALG8HA,Alg_x_HA,9,1.155319048060212,0.0,SVR_RBF,rheology_enhanced,6
SR,LOFO,1,1ALG8HA,Alg_x_HA,10,1.155319048060212,0.0,SVR_RBF,rheology_enhanced,6
SR,LOFO,1,1ALG8HA,Alg_x_P,1,1.155319048060212,-0.002992078622646499,SVR_RBF,rheology_enhanced,6
SR,LOFO,1,1ALG8HA,Alg_x_P,2,1.155319048060212,-0.003427812218906201,SVR_RBF,rheology_enhanced,6
SR,LOFO,1,1ALG8HA,Alg_x_P,3,1.155319048060212,-0.003913787202715957,SVR_RBF,rheology_enhanced,6
SR,LOFO,1,1ALG8HA,Alg_x_P,4,1.155319048060212,-0.0027329978934180765,SVR_RBF,rheology_enhanced,6
SR,LOFO,1,1ALG8HA,Alg_x_P,5,1.155319048060212,-0.0021597698513573516,SVR_RBF,rheology_enhanced,6
SR,LOFO,1,1ALG8HA,Alg_x_P,6,1.155319048060212,0.0007010094979635895,SVR_RBF,rheology_enhanced,6
SR,LOFO,1,1ALG8HA,Alg_x_P,7,1.155319048060212,-0.0020374091840040798,SVR_RBF,rheology_enhanced,6
SR,LOFO,1,1ALG8HA,Alg_x_P,8,1.155319048060212,-0.0052057849496385256,SVR_RBF,rheology_enhanced,6
SR,LOFO,1,1ALG8HA,Alg_x_P,9,1.155319048060212,0.0004949236229485621,SVR_RBF,rheology_enhanced,6
SR,LOFO,1,1ALG8HA,Alg_x_P,10,1.155319048060212,-0.0020520670807651076,SVR_RBF,rheology_enhanced,6
SR,LOFO,1,1ALG8HA,HA_x_P,1,1.155319048060212,-0.01937440571417537,SVR_RBF,rheology_enhanced,6
SR,LOFO,1,1ALG8HA,HA_x_P,2,1.155319048060212,-0.021771677172031323,SVR_RBF,rheology_enhanced,6
SR,LOFO,1,1ALG8HA,HA_x_P,3,1.155319048060212,-0.021530410461192195,SVR_RBF,rheology_enhanced,6
SR,LOFO,1,1ALG8HA,HA_x_P,4,1.155319048060212,-0.018232340201611352,SVR_RBF,rheology_enhanced,6
SR,LOFO,1,1ALG8HA,HA_x_P,5,1.155319048060212,-0.011576706308374485,SVR_RBF,rheology_enhanced,6
SR,LOFO,1,1ALG8HA,HA_x_P,6,1.155319048060212,0.006683439266660374,SVR_RBF,rheology_enhanced,6
SR,LOFO,1,1ALG8HA,HA_x_P,7,1.155319048060212,-0.011711851364170522,SVR_RBF,rheology_enhanced,6
SR,LOFO,1,1ALG8HA,HA_x_P,8,1.155319048060212,-0.03787387125566988,SVR_RBF,rheology_enhanced,6
SR,LOFO,1,1ALG8HA,HA_x_P,9,1.155319048060212,0.005331044418128039,SVR_RBF,rheology_enhanced,6
SR,LOFO,1,1ALG8HA,HA_x_P,10,1.155319048060212,-0.007509205533140051,SVR_RBF,rheology_enhanced,6
SR,LOFO,1,1ALG8HA,TP_x_P,1,1.155319048060212,-0.017047234957966895,SVR_RBF,rheology_enhanced,6
SR,LOFO,1,1ALG8HA,TP_x_P,2,1.155319048060212,-0.019255365543305203,SVR_RBF,rheology_enhanced,6
SR,LOFO,1,1ALG8HA,TP_x_P,3,1.155319048060212,-0.020065316008184286,SVR_RBF,rheology_enhanced,6
SR,LOFO,1,1ALG8HA,TP_x_P,4,1.155319048060212,-0.01586879278650155,SVR_RBF,rheology_enhanced,6
SR,LOFO,1,1ALG8HA,TP_x_P,5,1.155319048060212,-0.010947500653219366,SVR_RBF,rheology_enhanced,6
SR,LOFO,1,1ALG8HA,TP_x_P,6,1.155319048060212,0.005216746318957632,SVR_RBF,rheology_enhanced,6
SR,LOFO,1,1ALG8HA,TP_x_P,7,1.155319048060212,-0.010747459854468344,SVR_RBF,rheology_enhanced,6
SR,LOFO,1,1ALG8HA,TP_x_P,8,1.155319048060212,-0.031916387354768316,SVR_RBF,rheology_enhanced,6
SR,LOFO,1,1ALG8HA,TP_x_P,9,1.155319048060212,0.004020374682365935,SVR_RBF,rheology_enhanced,6
SR,LOFO,1,1ALG8HA,TP_x_P,10,1.155319048060212,-0.008461886837475951,SVR_RBF,rheology_enhanced,6
SR,LOFO,1,1ALG8HA,HF_x_P,1,1.155319048060212,-0.028865114222862864,SVR_RBF,rheology_enhanced,6
SR,LOFO,1,1ALG8HA,HF_x_P,2,1.155319048060212,-0.031726123927882766,SVR_RBF,rheology_enhanced,6
SR,LOFO,1,1ALG8HA,HF_x_P,3,1.155319048060212,-0.02575351874268139,SVR_RBF,rheology_enhanced,6
SR,LOFO,1,1ALG8HA,HF_x_P,4,1.155319048060212,-0.027786972378974983,SVR_RBF,rheology_enhanced,6
SR,LOFO,1,1ALG8HA,HF_x_P,5,1.155319048060212,-0.014323014773450993,SVR_RBF,rheology_enhanced,6
SR,LOFO,1,1ALG8HA,HF_x_P,6,1.155319048060212,0.012089149247751285,SVR_RBF,rheology_enhanced,6
SR,LOFO,1,1ALG8HA,HF_x_P,7,1.155319048060212,-0.015602156984770188,SVR_RBF,rheology_enhanced,6
SR,LOFO,1,1ALG8HA,HF_x_P,8,1.155319048060212,-0.05945228005366121,SVR_RBF,rheology_enhanced,6
SR,LOFO,1,1ALG8HA,HF_x_P,9,1.155319048060212,0.010279330057730851,SVR_RBF,rheology_enhanced,6
SR,LOFO,1,1ALG8HA,HF_x_P,10,1.155319048060212,-0.004366881079955975,SVR_RBF,rheology_enhanced,6
SR,LOFO,1,1ALG8HA,Eta0_mean_Pa_s,1,1.155319048060212,0.0,SVR_RBF,rheology_enhanced,6
SR,LOFO,1,1ALG8HA,Eta0_mean_Pa_s,2,1.155319048060212,0.0,SVR_RBF,rheology_enhanced,6
SR,LOFO,1,1ALG8HA,Eta0_mean_Pa_s,3,1.155319048060212,0.0,SVR_RBF,rheology_enhanced,6
SR,LOFO,1,1ALG8HA,Eta0_mean_Pa_s,4,1.155319048060212,0.0,SVR_RBF,rheology_enhanced,6
SR,LOFO,1,1ALG8HA,Eta0_mean_Pa_s,5,1.155319048060212,0.0,SVR_RBF,rheology_enhanced,6
SR,LOFO,1,1ALG8HA,Eta0_mean_Pa_s,6,1.155319048060212,0.0,SVR_RBF,rheology_enhanced,6
SR,LOFO,1,1ALG8HA,Eta0_mean_Pa_s,7,1.155319048060212,0.0,SVR_RBF,rheology_enhanced,6
SR,LOFO,1,1ALG8HA,Eta0_mean_Pa_s,8,1.155319048060212,0.0,SVR_RBF,rheology_enhanced,6
SR,LOFO,1,1ALG8HA,Eta0_mean_Pa_s,9,1.155319048060212,0.0,SVR_RBF,rheology_enhanced,6
SR,LOFO,1,1ALG8HA,Eta0_mean_Pa_s,10,1.155319048060212,0.0,SVR_RBF,rheology_enhanced,6
SR,LOFO,1,1ALG8HA,Cross_m_mean,1,1.155319048060212,0.0,SVR_RBF,rheology_enhanced,6
SR,LOFO,1,1ALG8HA,Cross_m_mean,2,1.155319048060212,0.0,SVR_RBF,rheology_enhanced,6
SR,LOFO,1,1ALG8HA,Cross_m_mean,3,1.155319048060212,0.0,SVR_RBF,rheology_enhanced,6
SR,LOFO,1,1ALG8HA,Cross_m_mean,4,1.155319048060212,0.0,SVR_RBF,rheology_enhanced,6
SR,LOFO,1,1ALG8HA,Cross_m_mean,5,1.155319048060212,0.0,SVR_RBF,rheology_enhanced,6
SR,LOFO,1,1ALG8HA,Cross_m_mean,6,1.155319048060212,0.0,SVR_RBF,rheology_enhanced,6
SR,LOFO,1,1ALG8HA,Cross_m_mean,7,1.155319048060212,0.0,SVR_RBF,rheology_enhanced,6
SR,LOFO,1,1ALG8HA,Cross_m_mean,8,1.155319048060212,0.0,SVR_RBF,rheology_enhanced,6
SR,LOFO,1,1ALG8HA,Cross_m_mean,9,1.155319048060212,0.0,SVR_RBF,rheology_enhanced,6
SR,LOFO,1,1ALG8HA,Cross_m_mean,10,1.155319048060212,0.0,SVR_RBF,rheology_enhanced,6
SR,LOFO,1,1ALG8HA,Cross_k_mean_s,1,1.155319048060212,0.0,SVR_RBF,rheology_enhanced,6
SR,LOFO,1,1ALG8HA,Cross_k_mean_s,2,1.155319048060212,0.0,SVR_RBF,rheology_enhanced,6
SR,LOFO,1,1ALG8HA,Cross_k_mean_s,3,1.155319048060212,0.0,SVR_RBF,rheology_enhanced,6
SR,LOFO,1,1ALG8HA,Cross_k_mean_s,4,1.155319048060212,0.0,SVR_RBF,rheology_enhanced,6
SR,LOFO,1,1ALG8HA,Cross_k_mean_s,5,1.155319048060212,0.0,SVR_RBF,rheology_enhanced,6
SR,LOFO,1,1ALG8HA,Cross_k_mean_s,6,1.155319048060212,0.0,SVR_RBF,rheology_enhanced,6
SR,LOFO,1,1ALG8HA,Cross_k_mean_s,7,1.155319048060212,0.0,SVR_RBF,rheology_enhanced,6
SR,LOFO,1,1ALG8HA,Cross_k_mean_s,8,1.155319048060212,0.0,SVR_RBF,rheology_enhanced,6
SR,LOFO,1,1ALG8HA,Cross_k_mean_s,9,1.155319048060212,0.0,SVR_RBF,rheology_enhanced,6
SR,LOFO,1,1ALG8HA,Cross_k_mean_s,10,1.155319048060212,0.0,SVR_RBF,rheology_enhanced,6
SR,LOFO,1,1ALG8HA,G_prime_mean_Pa,1,1.155319048060212,0.0,SVR_RBF,rheology_enhanced,6
SR,LOFO,1,1ALG8HA,G_prime_mean_Pa,2,1.155319048060212,0.0,SVR_RBF,rheology_enhanced,6
SR,LOFO,1,1ALG8HA,G_prime_mean_Pa,3,1.155319048060212,0.0,SVR_RBF,rheology_enhanced,6
SR,LOFO,1,1ALG8HA,G_prime_mean_Pa,4,1.155319048060212,0.0,SVR_RBF,rheology_enhanced,6
SR,LOFO,1,1ALG8HA,G_prime_mean_Pa,5,1.155319048060212,0.0,SVR_RBF,rheology_enhanced,6
SR,LOFO,1,1ALG8HA,G_prime_mean_Pa,6,1.155319048060212,0.0,SVR_RBF,rheology_enhanced,6
SR,LOFO,1,1ALG8HA,G_prime_mean_Pa,7,1.155319048060212,0.0,SVR_RBF,rheology_enhanced,6
SR,LOFO,1,1ALG8HA,G_prime_mean_Pa,8,1.155319048060212,0.0,SVR_RBF,rheology_enhanced,6
SR,LOFO,1,1ALG8HA,G_prime_mean_Pa,9,1.155319048060212,0.0,SVR_RBF,rheology_enhanced,6
SR,LOFO,1,1ALG8HA,G_prime_mean_Pa,10,1.155319048060212,0.0,SVR_RBF,rheology_enhanced,6
SR,LOFO,1,1ALG8HA,G_double_prime_mean_Pa,1,1.155319048060212,0.0,SVR_RBF,rheology_enhanced,6
SR,LOFO,1,1ALG8HA,G_double_prime_mean_Pa,2,1.155319048060212,0.0,SVR_RBF,rheology_enhanced,6
SR,LOFO,1,1ALG8HA,G_double_prime_mean_Pa,3,1.155319048060212,0.0,SVR_RBF,rheology_enhanced,6
SR,LOFO,1,1ALG8HA,G_double_prime_mean_Pa,4,1.155319048060212,0.0,SVR_RBF,rheology_enhanced,6
SR,LOFO,1,1ALG8HA,G_double_prime_mean_Pa,5,1.155319048060212,0.0,SVR_RBF,rheology_enhanced,6
SR,LOFO,1,1ALG8HA,G_double_prime_mean_Pa,6,1.155319048060212,0.0,SVR_RBF,rheology_enhanced,6
SR,LOFO,1,1ALG8HA,G_double_prime_mean_Pa,7,1.155319048060212,0.0,SVR_RBF,rheology_enhanced,6
SR,LOFO,1,1ALG8HA,G_double_prime_mean_Pa,8,1.155319048060212,0.0,SVR_RBF,rheology_enhanced,6
SR,LOFO,1,1ALG8HA,G_double_prime_mean_Pa,9,1.155319048060212,0.0,SVR_RBF,rheology_enhanced,6
SR,LOFO,1,1ALG8HA,G_double_prime_mean_Pa,10,1.155319048060212,0.0,SVR_RBF,rheology_enhanced,6
SR,LOFO,1,1ALG8HA,Yield_stress_mean_Pa,1,1.155319048060212,0.0,SVR_RBF,rheology_enhanced,6
SR,LOFO,1,1ALG8HA,Yield_stress_mean_Pa,2,1.155319048060212,0.0,SVR_RBF,rheology_enhanced,6
SR,LOFO,1,1ALG8HA,Yield_stress_mean_Pa,3,1.155319048060212,0.0,SVR_RBF,rheology_enhanced,6
SR,LOFO,1,1ALG8HA,Yield_stress_mean_Pa,4,1.155319048060212,0.0,SVR_RBF,rheology_enhanced,6
SR,LOFO,1,1ALG8HA,Yield_stress_mean_Pa,5,1.155319048060212,0.0,SVR_RBF,rheology_enhanced,6
SR,LOFO,1,1ALG8HA,Yield_stress_mean_Pa,6,1.155319048060212,0.0,SVR_RBF,rheology_enhanced,6
SR,LOFO,1,1ALG8HA,Yield_stress_mean_Pa,7,1.155319048060212,0.0,SVR_RBF,rheology_enhanced,6
SR,LOFO,1,1ALG8HA,Yield_stress_mean_Pa,8,1.155319048060212,0.0,SVR_RBF,rheology_enhanced,6
SR,LOFO,1,1ALG8HA,Yield_stress_mean_Pa,9,1.155319048060212,0.0,SVR_RBF,rheology_enhanced,6
SR,LOFO,1,1ALG8HA,Yield_stress_mean_Pa,10,1.155319048060212,0.0,SVR_RBF,rheology_enhanced,6
SR,LOFO,2,2ALG8HA,Alg_mg_ml,1,1.0351709388039199,0.0,SVR_RBF,rheology_enhanced,5
SR,LOFO,2,2ALG8HA,Alg_mg_ml,2,1.0351709388039199,0.0,SVR_RBF,rheology_enhanced,5
SR,LOFO,2,2ALG8HA,Alg_mg_ml,3,1.0351709388039199,0.0,SVR_RBF,rheology_enhanced,5
SR,LOFO,2,2ALG8HA,Alg_mg_ml,4,1.0351709388039199,0.0,SVR_RBF,rheology_enhanced,5
SR,LOFO,2,2ALG8HA,Alg_mg_ml,5,1.0351709388039199,0.0,SVR_RBF,rheology_enhanced,5
SR,LOFO,2,2ALG8HA,Alg_mg_ml,6,1.0351709388039199,0.0,SVR_RBF,rheology_enhanced,5
SR,LOFO,2,2ALG8HA,Alg_mg_ml,7,1.0351709388039199,0.0,SVR_RBF,rheology_enhanced,5
SR,LOFO,2,2ALG8HA,Alg_mg_ml,8,1.0351709388039199,0.0,SVR_RBF,rheology_enhanced,5
SR,LOFO,2,2ALG8HA,Alg_mg_ml,9,1.0351709388039199,0.0,SVR_RBF,rheology_enhanced,5
SR,LOFO,2,2ALG8HA,Alg_mg_ml,10,1.0351709388039199,0.0,SVR_RBF,rheology_enhanced,5
SR,LOFO,2,2ALG8HA,HA_mg_ml,1,1.0351709388039199,0.0,SVR_RBF,rheology_enhanced,5
SR,LOFO,2,2ALG8HA,HA_mg_ml,2,1.0351709388039199,0.0,SVR_RBF,rheology_enhanced,5
SR,LOFO,2,2ALG8HA,HA_mg_ml,3,1.0351709388039199,0.0,SVR_RBF,rheology_enhanced,5
SR,LOFO,2,2ALG8HA,HA_mg_ml,4,1.0351709388039199,0.0,SVR_RBF,rheology_enhanced,5
SR,LOFO,2,2ALG8HA,HA_mg_ml,5,1.0351709388039199,0.0,SVR_RBF,rheology_enhanced,5
SR,LOFO,2,2ALG8HA,HA_mg_ml,6,1.0351709388039199,0.0,SVR_RBF,rheology_enhanced,5
SR,LOFO,2,2ALG8HA,HA_mg_ml,7,1.0351709388039199,0.0,SVR_RBF,rheology_enhanced,5
SR,LOFO,2,2ALG8HA,HA_mg_ml,8,1.0351709388039199,0.0,SVR_RBF,rheology_enhanced,5
SR,LOFO,2,2ALG8HA,HA_mg_ml,9,1.0351709388039199,0.0,SVR_RBF,rheology_enhanced,5
SR,LOFO,2,2ALG8HA,HA_mg_ml,10,1.0351709388039199,0.0,SVR_RBF,rheology_enhanced,5
SR,LOFO,2,2ALG8HA,Pressure_kPa,1,1.0351709388039199,0.014019198987032855,SVR_RBF,rheology_enhanced,5
SR,LOFO,2,2ALG8HA,Pressure_kPa,2,1.0351709388039199,0.014647096997442599,SVR_RBF,rheology_enhanced,5
SR,LOFO,2,2ALG8HA,Pressure_kPa,3,1.0351709388039199,-0.030431264355341048,SVR_RBF,rheology_enhanced,5
SR,LOFO,2,2ALG8HA,Pressure_kPa,4,1.0351709388039199,-0.004512139946183602,SVR_RBF,rheology_enhanced,5
SR,LOFO,2,2ALG8HA,Pressure_kPa,5,1.0351709388039199,0.037060062216567324,SVR_RBF,rheology_enhanced,5
SR,LOFO,2,2ALG8HA,Pressure_kPa,6,1.0351709388039199,0.018789552667633158,SVR_RBF,rheology_enhanced,5
SR,LOFO,2,2ALG8HA,Pressure_kPa,7,1.0351709388039199,0.014019198987032855,SVR_RBF,rheology_enhanced,5
SR,LOFO,2,2ALG8HA,Pressure_kPa,8,1.0351709388039199,0.013050778198195445,SVR_RBF,rheology_enhanced,5
SR,LOFO,2,2ALG8HA,Pressure_kPa,9,1.0351709388039199,0.005644824221989753,SVR_RBF,rheology_enhanced,5
SR,LOFO,2,2ALG8HA,Pressure_kPa,10,1.0351709388039199,0.04042370863424094,SVR_RBF,rheology_enhanced,5
SR,LOFO,2,2ALG8HA,TP,1,1.0351709388039199,0.0,SVR_RBF,rheology_enhanced,5
SR,LOFO,2,2ALG8HA,TP,2,1.0351709388039199,0.0,SVR_RBF,rheology_enhanced,5
SR,LOFO,2,2ALG8HA,TP,3,1.0351709388039199,0.0,SVR_RBF,rheology_enhanced,5
SR,LOFO,2,2ALG8HA,TP,4,1.0351709388039199,0.0,SVR_RBF,rheology_enhanced,5
SR,LOFO,2,2ALG8HA,TP,5,1.0351709388039199,0.0,SVR_RBF,rheology_enhanced,5
SR,LOFO,2,2ALG8HA,TP,6,1.0351709388039199,0.0,SVR_RBF,rheology_enhanced,5
SR,LOFO,2,2ALG8HA,TP,7,1.0351709388039199,0.0,SVR_RBF,rheology_enhanced,5
SR,LOFO,2,2ALG8HA,TP,8,1.0351709388039199,0.0,SVR_RBF,rheology_enhanced,5
SR,LOFO,2,2ALG8HA,TP,9,1.0351709388039199,0.0,SVR_RBF,rheology_enhanced,5
SR,LOFO,2,2ALG8HA,TP,10,1.0351709388039199,0.0,SVR_RBF,rheology_enhanced,5
SR,LOFO,2,2ALG8HA,HF,1,1.0351709388039199,0.0,SVR_RBF,rheology_enhanced,5
SR,LOFO,2,2ALG8HA,HF,2,1.0351709388039199,0.0,SVR_RBF,rheology_enhanced,5
SR,LOFO,2,2ALG8HA,HF,3,1.0351709388039199,0.0,SVR_RBF,rheology_enhanced,5
SR,LOFO,2,2ALG8HA,HF,4,1.0351709388039199,0.0,SVR_RBF,rheology_enhanced,5
SR,LOFO,2,2ALG8HA,HF,5,1.0351709388039199,0.0,SVR_RBF,rheology_enhanced,5
SR,LOFO,2,2ALG8HA,HF,6,1.0351709388039199,0.0,SVR_RBF,rheology_enhanced,5
SR,LOFO,2,2ALG8HA,HF,7,1.0351709388039199,0.0,SVR_RBF,rheology_enhanced,5
SR,LOFO,2,2ALG8HA,HF,8,1.0351709388039199,0.0,SVR_RBF,rheology_enhanced,5
SR,LOFO,2,2ALG8HA,HF,9,1.0351709388039199,0.0,SVR_RBF,rheology_enhanced,5
SR,LOFO,2,2ALG8HA,HF,10,1.0351709388039199,0.0,SVR_RBF,rheology_enhanced,5
SR,LOFO,2,2ALG8HA,Alg_HA_ratio_safe,1,1.0351709388039199,0.0,SVR_RBF,rheology_enhanced,5
SR,LOFO,2,2ALG8HA,Alg_HA_ratio_safe,2,1.0351709388039199,0.0,SVR_RBF,rheology_enhanced,5
SR,LOFO,2,2ALG8HA,Alg_HA_ratio_safe,3,1.0351709388039199,0.0,SVR_RBF,rheology_enhanced,5
SR,LOFO,2,2ALG8HA,Alg_HA_ratio_safe,4,1.0351709388039199,0.0,SVR_RBF,rheology_enhanced,5
SR,LOFO,2,2ALG8HA,Alg_HA_ratio_safe,5,1.0351709388039199,0.0,SVR_RBF,rheology_enhanced,5
SR,LOFO,2,2ALG8HA,Alg_HA_ratio_safe,6,1.0351709388039199,0.0,SVR_RBF,rheology_enhanced,5
SR,LOFO,2,2ALG8HA,Alg_HA_ratio_safe,7,1.0351709388039199,0.0,SVR_RBF,rheology_enhanced,5
SR,LOFO,2,2ALG8HA,Alg_HA_ratio_safe,8,1.0351709388039199,0.0,SVR_RBF,rheology_enhanced,5
SR,LOFO,2,2ALG8HA,Alg_HA_ratio_safe,9,1.0351709388039199,0.0,SVR_RBF,rheology_enhanced,5
SR,LOFO,2,2ALG8HA,Alg_HA_ratio_safe,10,1.0351709388039199,0.0,SVR_RBF,rheology_enhanced,5
SR,LOFO,2,2ALG8HA,P_over_TP,1,1.0351709388039199,0.12574504598854608,SVR_RBF,rheology_enhanced,5
SR,LOFO,2,2ALG8HA,P_over_TP,2,1.0351709388039199,0.2209777570928051,SVR_RBF,rheology_enhanced,5
SR,LOFO,2,2ALG8HA,P_over_TP,3,1.0351709388039199,0.04107241648020943,SVR_RBF,rheology_enhanced,5
SR,LOFO,2,2ALG8HA,P_over_TP,4,1.0351709388039199,0.09737004221337475,SVR_RBF,rheology_enhanced,5
SR,LOFO,2,2ALG8HA,P_over_TP,5,1.0351709388039199,0.34073823555672833,SVR_RBF,rheology_enhanced,5
SR,LOFO,2,2ALG8HA,P_over_TP,6,1.0351709388039199,0.2785291919079518,SVR_RBF,rheology_enhanced,5
SR,LOFO,2,2ALG8HA,P_over_TP,7,1.0351709388039199,0.12574504598854608,SVR_RBF,rheology_enhanced,5
SR,LOFO,2,2ALG8HA,P_over_TP,8,1.0351709388039199,0.22032539227898829,SVR_RBF,rheology_enhanced,5
SR,LOFO,2,2ALG8HA,P_over_TP,9,1.0351709388039199,0.08312001048205508,SVR_RBF,rheology_enhanced,5
SR,LOFO,2,2ALG8HA,P_over_TP,10,1.0351709388039199,0.2906244864918368,SVR_RBF,rheology_enhanced,5
SR,LOFO,2,2ALG8HA,P_over_Alg,1,1.0351709388039199,0.028851449356765535,SVR_RBF,rheology_enhanced,5
SR,LOFO,2,2ALG8HA,P_over_Alg,2,1.0351709388039199,0.03570669661266446,SVR_RBF,rheology_enhanced,5
SR,LOFO,2,2ALG8HA,P_over_Alg,3,1.0351709388039199,-0.03741571735316451,SVR_RBF,rheology_enhanced,5
SR,LOFO,2,2ALG8HA,P_over_Alg,4,1.0351709388039199,0.003808283690634795,SVR_RBF,rheology_enhanced,5
SR,LOFO,2,2ALG8HA,P_over_Alg,5,1.0351709388039199,0.060757156392484024,SVR_RBF,rheology_enhanced,5
SR,LOFO,2,2ALG8HA,P_over_Alg,6,1.0351709388039199,0.03236557352856528,SVR_RBF,rheology_enhanced,5
SR,LOFO,2,2ALG8HA,P_over_Alg,7,1.0351709388039199,0.028851449356765535,SVR_RBF,rheology_enhanced,5
SR,LOFO,2,2ALG8HA,P_over_Alg,8,1.0351709388039199,0.018709781335013442,SVR_RBF,rheology_enhanced,5
SR,LOFO,2,2ALG8HA,P_over_Alg,9,1.0351709388039199,0.013941927708842616,SVR_RBF,rheology_enhanced,5
SR,LOFO,2,2ALG8HA,P_over_Alg,10,1.0351709388039199,0.05937347381176994,SVR_RBF,rheology_enhanced,5
SR,LOFO,2,2ALG8HA,P_over_HA,1,1.0351709388039199,0.019000897559476204,SVR_RBF,rheology_enhanced,5
SR,LOFO,2,2ALG8HA,P_over_HA,2,1.0351709388039199,0.019781355920378996,SVR_RBF,rheology_enhanced,5
SR,LOFO,2,2ALG8HA,P_over_HA,3,1.0351709388039199,-0.009771428381473601,SVR_RBF,rheology_enhanced,5
SR,LOFO,2,2ALG8HA,P_over_HA,4,1.0351709388039199,0.010730006184341834,SVR_RBF,rheology_enhanced,5
SR,LOFO,2,2ALG8HA,P_over_HA,5,1.0351709388039199,0.04363507584274351,SVR_RBF,rheology_enhanced,5
SR,LOFO,2,2ALG8HA,P_over_HA,6,1.0351709388039199,0.027870665196413347,SVR_RBF,rheology_enhanced,5
SR,LOFO,2,2ALG8HA,P_over_HA,7,1.0351709388039199,0.019000897559476204,SVR_RBF,rheology_enhanced,5
SR,LOFO,2,2ALG8HA,P_over_HA,8,1.0351709388039199,0.031006987713181333,SVR_RBF,rheology_enhanced,5
SR,LOFO,2,2ALG8HA,P_over_HA,9,1.0351709388039199,-0.00023174493929523088,SVR_RBF,rheology_enhanced,5
SR,LOFO,2,2ALG8HA,P_over_HA,10,1.0351709388039199,0.04563857470598176,SVR_RBF,rheology_enhanced,5
SR,LOFO,2,2ALG8HA,Alg_x_HA,1,1.0351709388039199,0.0,SVR_RBF,rheology_enhanced,5
SR,LOFO,2,2ALG8HA,Alg_x_HA,2,1.0351709388039199,0.0,SVR_RBF,rheology_enhanced,5
SR,LOFO,2,2ALG8HA,Alg_x_HA,3,1.0351709388039199,0.0,SVR_RBF,rheology_enhanced,5
SR,LOFO,2,2ALG8HA,Alg_x_HA,4,1.0351709388039199,0.0,SVR_RBF,rheology_enhanced,5
SR,LOFO,2,2ALG8HA,Alg_x_HA,5,1.0351709388039199,0.0,SVR_RBF,rheology_enhanced,5
SR,LOFO,2,2ALG8HA,Alg_x_HA,6,1.0351709388039199,0.0,SVR_RBF,rheology_enhanced,5
SR,LOFO,2,2ALG8HA,Alg_x_HA,7,1.0351709388039199,0.0,SVR_RBF,rheology_enhanced,5
SR,LOFO,2,2ALG8HA,Alg_x_HA,8,1.0351709388039199,0.0,SVR_RBF,rheology_enhanced,5
SR,LOFO,2,2ALG8HA,Alg_x_HA,9,1.0351709388039199,0.0,SVR_RBF,rheology_enhanced,5
SR,LOFO,2,2ALG8HA,Alg_x_HA,10,1.0351709388039199,0.0,SVR_RBF,rheology_enhanced,5
SR,LOFO,2,2ALG8HA,Alg_x_P,1,1.0351709388039199,0.0037521168493745982,SVR_RBF,rheology_enhanced,5
SR,LOFO,2,2ALG8HA,Alg_x_P,2,1.0351709388039199,0.004436328920755406,SVR_RBF,rheology_enhanced,5
SR,LOFO,2,2ALG8HA,Alg_x_P,3,1.0351709388039199,0.0018688679927625351,SVR_RBF,rheology_enhanced,5
SR,LOFO,2,2ALG8HA,Alg_x_P,4,1.0351709388039199,0.003809265332426204,SVR_RBF,rheology_enhanced,5
SR,LOFO,2,2ALG8HA,Alg_x_P,5,1.0351709388039199,0.011042742695410723,SVR_RBF,rheology_enhanced,5
SR,LOFO,2,2ALG8HA,Alg_x_P,6,1.0351709388039199,0.008316529419557517,SVR_RBF,rheology_enhanced,5
SR,LOFO,2,2ALG8HA,Alg_x_P,7,1.0351709388039199,0.0037521168493745982,SVR_RBF,rheology_enhanced,5
SR,LOFO,2,2ALG8HA,Alg_x_P,8,1.0351709388039199,0.010680233621073398,SVR_RBF,rheology_enhanced,5
SR,LOFO,2,2ALG8HA,Alg_x_P,9,1.0351709388039199,-0.0007736575478642926,SVR_RBF,rheology_enhanced,5
SR,LOFO,2,2ALG8HA,Alg_x_P,10,1.0351709388039199,0.011114110356395646,SVR_RBF,rheology_enhanced,5
SR,LOFO,2,2ALG8HA,HA_x_P,1,1.0351709388039199,-0.019442637067306645,SVR_RBF,rheology_enhanced,5
SR,LOFO,2,2ALG8HA,HA_x_P,2,1.0351709388039199,-0.020756748818441695,SVR_RBF,rheology_enhanced,5
SR,LOFO,2,2ALG8HA,HA_x_P,3,1.0351709388039199,-0.024540205787901614,SVR_RBF,rheology_enhanced,5
SR,LOFO,2,2ALG8HA,HA_x_P,4,1.0351709388039199,-0.02801961349171056,SVR_RBF,rheology_enhanced,5
SR,LOFO,2,2ALG8HA,HA_x_P,5,1.0351709388039199,-0.04464786363385265,SVR_RBF,rheology_enhanced,5
SR,LOFO,2,2ALG8HA,HA_x_P,6,1.0351709388039199,-0.0340237617212078,SVR_RBF,rheology_enhanced,5
SR,LOFO,2,2ALG8HA,HA_x_P,7,1.0351709388039199,-0.019442637067306645,SVR_RBF,rheology_enhanced,5
SR,LOFO,2,2ALG8HA,HA_x_P,8,1.0351709388039199,-0.04807814279318423,SVR_RBF,rheology_enhanced,5
SR,LOFO,2,2ALG8HA,HA_x_P,9,1.0351709388039199,0.005262385077174692,SVR_RBF,rheology_enhanced,5
SR,LOFO,2,2ALG8HA,HA_x_P,10,1.0351709388039199,-0.04115942166880471,SVR_RBF,rheology_enhanced,5
SR,LOFO,2,2ALG8HA,TP_x_P,1,1.0351709388039199,-0.005753780251267271,SVR_RBF,rheology_enhanced,5
SR,LOFO,2,2ALG8HA,TP_x_P,2,1.0351709388039199,-0.005823832260758666,SVR_RBF,rheology_enhanced,5
SR,LOFO,2,2ALG8HA,TP_x_P,3,1.0351709388039199,-0.011832032068990861,SVR_RBF,rheology_enhanced,5
SR,LOFO,2,2ALG8HA,TP_x_P,4,1.0351709388039199,-0.010547301382387131,SVR_RBF,rheology_enhanced,5
SR,LOFO,2,2ALG8HA,TP_x_P,5,1.0351709388039199,-0.010413236385266922,SVR_RBF,rheology_enhanced,5
SR,LOFO,2,2ALG8HA,TP_x_P,6,1.0351709388039199,-0.008362500825258135,SVR_RBF,rheology_enhanced,5
SR,LOFO,2,2ALG8HA,TP_x_P,7,1.0351709388039199,-0.005753780251267271,SVR_RBF,rheology_enhanced,5
SR,LOFO,2,2ALG8HA,TP_x_P,8,1.0351709388039199,-0.012742533986095594,SVR_RBF,rheology_enhanced,5
SR,LOFO,2,2ALG8HA,TP_x_P,9,1.0351709388039199,0.0018003601811324987,SVR_RBF,rheology_enhanced,5
SR,LOFO,2,2ALG8HA,TP_x_P,10,1.0351709388039199,-0.008240729539724878,SVR_RBF,rheology_enhanced,5
SR,LOFO,2,2ALG8HA,HF_x_P,1,1.0351709388039199,-0.00737549368548418,SVR_RBF,rheology_enhanced,5
SR,LOFO,2,2ALG8HA,HF_x_P,2,1.0351709388039199,-0.01035882878692762,SVR_RBF,rheology_enhanced,5
SR,LOFO,2,2ALG8HA,HF_x_P,3,1.0351709388039199,-0.04236112783305768,SVR_RBF,rheology_enhanced,5
SR,LOFO,2,2ALG8HA,HF_x_P,4,1.0351709388039199,-0.027795975527659555,SVR_RBF,rheology_enhanced,5
SR,LOFO,2,2ALG8HA,HF_x_P,5,1.0351709388039199,-0.013840915885903415,SVR_RBF,rheology_enhanced,5
SR,LOFO,2,2ALG8HA,HF_x_P,6,1.0351709388039199,-0.020731491662149493,SVR_RBF,rheology_enhanced,5
SR,LOFO,2,2ALG8HA,HF_x_P,7,1.0351709388039199,-0.00737549368548418,SVR_RBF,rheology_enhanced,5
SR,LOFO,2,2ALG8HA,HF_x_P,8,1.0351709388039199,-0.036598533768188,SVR_RBF,rheology_enhanced,5
SR,LOFO,2,2ALG8HA,HF_x_P,9,1.0351709388039199,0.009520537589192912,SVR_RBF,rheology_enhanced,5
SR,LOFO,2,2ALG8HA,HF_x_P,10,1.0351709388039199,-0.010034420859559301,SVR_RBF,rheology_enhanced,5
SR,LOFO,2,2ALG8HA,Eta0_mean_Pa_s,1,1.0351709388039199,0.0,SVR_RBF,rheology_enhanced,5
SR,LOFO,2,2ALG8HA,Eta0_mean_Pa_s,2,1.0351709388039199,0.0,SVR_RBF,rheology_enhanced,5
SR,LOFO,2,2ALG8HA,Eta0_mean_Pa_s,3,1.0351709388039199,0.0,SVR_RBF,rheology_enhanced,5
SR,LOFO,2,2ALG8HA,Eta0_mean_Pa_s,4,1.0351709388039199,0.0,SVR_RBF,rheology_enhanced,5
SR,LOFO,2,2ALG8HA,Eta0_mean_Pa_s,5,1.0351709388039199,0.0,SVR_RBF,rheology_enhanced,5
SR,LOFO,2,2ALG8HA,Eta0_mean_Pa_s,6,1.0351709388039199,0.0,SVR_RBF,rheology_enhanced,5
SR,LOFO,2,2ALG8HA,Eta0_mean_Pa_s,7,1.0351709388039199,0.0,SVR_RBF,rheology_enhanced,5
SR,LOFO,2,2ALG8HA,Eta0_mean_Pa_s,8,1.0351709388039199,0.0,SVR_RBF,rheology_enhanced,5
SR,LOFO,2,2ALG8HA,Eta0_mean_Pa_s,9,1.0351709388039199,0.0,SVR_RBF,rheology_enhanced,5
SR,LOFO,2,2ALG8HA,Eta0_mean_Pa_s,10,1.0351709388039199,0.0,SVR_RBF,rheology_enhanced,5
SR,LOFO,2,2ALG8HA,Cross_m_mean,1,1.0351709388039199,0.0,SVR_RBF,rheology_enhanced,5
SR,LOFO,2,2ALG8HA,Cross_m_mean,2,1.0351709388039199,0.0,SVR_RBF,rheology_enhanced,5
SR,LOFO,2,2ALG8HA,Cross_m_mean,3,1.0351709388039199,0.0,SVR_RBF,rheology_enhanced,5
SR,LOFO,2,2ALG8HA,Cross_m_mean,4,1.0351709388039199,0.0,SVR_RBF,rheology_enhanced,5
SR,LOFO,2,2ALG8HA,Cross_m_mean,5,1.0351709388039199,0.0,SVR_RBF,rheology_enhanced,5
SR,LOFO,2,2ALG8HA,Cross_m_mean,6,1.0351709388039199,0.0,SVR_RBF,rheology_enhanced,5
SR,LOFO,2,2ALG8HA,Cross_m_mean,7,1.0351709388039199,0.0,SVR_RBF,rheology_enhanced,5
SR,LOFO,2,2ALG8HA,Cross_m_mean,8,1.0351709388039199,0.0,SVR_RBF,rheology_enhanced,5
SR,LOFO,2,2ALG8HA,Cross_m_mean,9,1.0351709388039199,0.0,SVR_RBF,rheology_enhanced,5
SR,LOFO,2,2ALG8HA,Cross_m_mean,10,1.0351709388039199,0.0,SVR_RBF,rheology_enhanced,5
SR,LOFO,2,2ALG8HA,Cross_k_mean_s,1,1.0351709388039199,0.0,SVR_RBF,rheology_enhanced,5
SR,LOFO,2,2ALG8HA,Cross_k_mean_s,2,1.0351709388039199,0.0,SVR_RBF,rheology_enhanced,5
SR,LOFO,2,2ALG8HA,Cross_k_mean_s,3,1.0351709388039199,0.0,SVR_RBF,rheology_enhanced,5
SR,LOFO,2,2ALG8HA,Cross_k_mean_s,4,1.0351709388039199,0.0,SVR_RBF,rheology_enhanced,5
SR,LOFO,2,2ALG8HA,Cross_k_mean_s,5,1.0351709388039199,0.0,SVR_RBF,rheology_enhanced,5
SR,LOFO,2,2ALG8HA,Cross_k_mean_s,6,1.0351709388039199,0.0,SVR_RBF,rheology_enhanced,5
SR,LOFO,2,2ALG8HA,Cross_k_mean_s,7,1.0351709388039199,0.0,SVR_RBF,rheology_enhanced,5
SR,LOFO,2,2ALG8HA,Cross_k_mean_s,8,1.0351709388039199,0.0,SVR_RBF,rheology_enhanced,5
SR,LOFO,2,2ALG8HA,Cross_k_mean_s,9,1.0351709388039199,0.0,SVR_RBF,rheology_enhanced,5
SR,LOFO,2,2ALG8HA,Cross_k_mean_s,10,1.0351709388039199,0.0,SVR_RBF,rheology_enhanced,5
SR,LOFO,2,2ALG8HA,G_prime_mean_Pa,1,1.0351709388039199,0.0,SVR_RBF,rheology_enhanced,5
SR,LOFO,2,2ALG8HA,G_prime_mean_Pa,2,1.0351709388039199,0.0,SVR_RBF,rheology_enhanced,5
SR,LOFO,2,2ALG8HA,G_prime_mean_Pa,3,1.0351709388039199,0.0,SVR_RBF,rheology_enhanced,5
SR,LOFO,2,2ALG8HA,G_prime_mean_Pa,4,1.0351709388039199,0.0,SVR_RBF,rheology_enhanced,5
SR,LOFO,2,2ALG8HA,G_prime_mean_Pa,5,1.0351709388039199,0.0,SVR_RBF,rheology_enhanced,5
SR,LOFO,2,2ALG8HA,G_prime_mean_Pa,6,1.0351709388039199,0.0,SVR_RBF,rheology_enhanced,5
SR,LOFO,2,2ALG8HA,G_prime_mean_Pa,7,1.0351709388039199,0.0,SVR_RBF,rheology_enhanced,5
SR,LOFO,2,2ALG8HA,G_prime_mean_Pa,8,1.0351709388039199,0.0,SVR_RBF,rheology_enhanced,5
SR,LOFO,2,2ALG8HA,G_prime_mean_Pa,9,1.0351709388039199,0.0,SVR_RBF,rheology_enhanced,5
SR,LOFO,2,2ALG8HA,G_prime_mean_Pa,10,1.0351709388039199,0.0,SVR_RBF,rheology_enhanced,5
SR,LOFO,2,2ALG8HA,G_double_prime_mean_Pa,1,1.0351709388039199,0.0,SVR_RBF,rheology_enhanced,5
SR,LOFO,2,2ALG8HA,G_double_prime_mean_Pa,2,1.0351709388039199,0.0,SVR_RBF,rheology_enhanced,5
SR,LOFO,2,2ALG8HA,G_double_prime_mean_Pa,3,1.0351709388039199,0.0,SVR_RBF,rheology_enhanced,5
SR,LOFO,2,2ALG8HA,G_double_prime_mean_Pa,4,1.0351709388039199,0.0,SVR_RBF,rheology_enhanced,5
SR,LOFO,2,2ALG8HA,G_double_prime_mean_Pa,5,1.0351709388039199,0.0,SVR_RBF,rheology_enhanced,5
SR,LOFO,2,2ALG8HA,G_double_prime_mean_Pa,6,1.0351709388039199,0.0,SVR_RBF,rheology_enhanced,5
SR,LOFO,2,2ALG8HA,G_double_prime_mean_Pa,7,1.0351709388039199,0.0,SVR_RBF,rheology_enhanced,5
SR,LOFO,2,2ALG8HA,G_double_prime_mean_Pa,8,1.0351709388039199,0.0,SVR_RBF,rheology_enhanced,5
SR,LOFO,2,2ALG8HA,G_double_prime_mean_Pa,9,1.0351709388039199,0.0,SVR_RBF,rheology_enhanced,5
SR,LOFO,2,2ALG8HA,G_double_prime_mean_Pa,10,1.0351709388039199,0.0,SVR_RBF,rheology_enhanced,5
SR,LOFO,2,2ALG8HA,Yield_stress_mean_Pa,1,1.0351709388039199,0.0,SVR_RBF,rheology_enhanced,5
SR,LOFO,2,2ALG8HA,Yield_stress_mean_Pa,2,1.0351709388039199,0.0,SVR_RBF,rheology_enhanced,5
SR,LOFO,2,2ALG8HA,Yield_stress_mean_Pa,3,1.0351709388039199,0.0,SVR_RBF,rheology_enhanced,5
SR,LOFO,2,2ALG8HA,Yield_stress_mean_Pa,4,1.0351709388039199,0.0,SVR_RBF,rheology_enhanced,5
SR,LOFO,2,2ALG8HA,Yield_stress_mean_Pa,5,1.0351709388039199,0.0,SVR_RBF,rheology_enhanced,5
SR,LOFO,2,2ALG8HA,Yield_stress_mean_Pa,6,1.0351709388039199,0.0,SVR_RBF,rheology_enhanced,5
SR,LOFO,2,2ALG8HA,Yield_stress_mean_Pa,7,1.0351709388039199,0.0,SVR_RBF,rheology_enhanced,5
SR,LOFO,2,2ALG8HA,Yield_stress_mean_Pa,8,1.0351709388039199,0.0,SVR_RBF,rheology_enhanced,5
SR,LOFO,2,2ALG8HA,Yield_stress_mean_Pa,9,1.0351709388039199,0.0,SVR_RBF,rheology_enhanced,5
SR,LOFO,2,2ALG8HA,Yield_stress_mean_Pa,10,1.0351709388039199,0.0,SVR_RBF,rheology_enhanced,5
SR,LOFO,3,4ALG4HA,Alg_mg_ml,1,0.937863536188519,0.0,SVR_RBF,rheology_enhanced,6
SR,LOFO,3,4ALG4HA,Alg_mg_ml,2,0.937863536188519,0.0,SVR_RBF,rheology_enhanced,6
SR,LOFO,3,4ALG4HA,Alg_mg_ml,3,0.937863536188519,0.0,SVR_RBF,rheology_enhanced,6
SR,LOFO,3,4ALG4HA,Alg_mg_ml,4,0.937863536188519,0.0,SVR_RBF,rheology_enhanced,6
SR,LOFO,3,4ALG4HA,Alg_mg_ml,5,0.937863536188519,0.0,SVR_RBF,rheology_enhanced,6
SR,LOFO,3,4ALG4HA,Alg_mg_ml,6,0.937863536188519,0.0,SVR_RBF,rheology_enhanced,6
SR,LOFO,3,4ALG4HA,Alg_mg_ml,7,0.937863536188519,0.0,SVR_RBF,rheology_enhanced,6
SR,LOFO,3,4ALG4HA,Alg_mg_ml,8,0.937863536188519,0.0,SVR_RBF,rheology_enhanced,6
SR,LOFO,3,4ALG4HA,Alg_mg_ml,9,0.937863536188519,0.0,SVR_RBF,rheology_enhanced,6
SR,LOFO,3,4ALG4HA,Alg_mg_ml,10,0.937863536188519,0.0,SVR_RBF,rheology_enhanced,6
SR,LOFO,3,4ALG4HA,HA_mg_ml,1,0.937863536188519,0.0,SVR_RBF,rheology_enhanced,6
SR,LOFO,3,4ALG4HA,HA_mg_ml,2,0.937863536188519,0.0,SVR_RBF,rheology_enhanced,6
SR,LOFO,3,4ALG4HA,HA_mg_ml,3,0.937863536188519,0.0,SVR_RBF,rheology_enhanced,6
SR,LOFO,3,4ALG4HA,HA_mg_ml,4,0.937863536188519,0.0,SVR_RBF,rheology_enhanced,6
SR,LOFO,3,4ALG4HA,HA_mg_ml,5,0.937863536188519,0.0,SVR_RBF,rheology_enhanced,6
SR,LOFO,3,4ALG4HA,HA_mg_ml,6,0.937863536188519,0.0,SVR_RBF,rheology_enhanced,6
SR,LOFO,3,4ALG4HA,HA_mg_ml,7,0.937863536188519,0.0,SVR_RBF,rheology_enhanced,6
SR,LOFO,3,4ALG4HA,HA_mg_ml,8,0.937863536188519,0.0,SVR_RBF,rheology_enhanced,6
SR,LOFO,3,4ALG4HA,HA_mg_ml,9,0.937863536188519,0.0,SVR_RBF,rheology_enhanced,6
SR,LOFO,3,4ALG4HA,HA_mg_ml,10,0.937863536188519,0.0,SVR_RBF,rheology_enhanced,6
SR,LOFO,3,4ALG4HA,Pressure_kPa,1,0.937863536188519,0.04411040248491194,SVR_RBF,rheology_enhanced,6
SR,LOFO,3,4ALG4HA,Pressure_kPa,2,0.937863536188519,0.10777447549417074,SVR_RBF,rheology_enhanced,6
SR,LOFO,3,4ALG4HA,Pressure_kPa,3,0.937863536188519,-0.037968022775083266,SVR_RBF,rheology_enhanced,6
SR,LOFO,3,4ALG4HA,Pressure_kPa,4,0.937863536188519,0.08042527811855549,SVR_RBF,rheology_enhanced,6
SR,LOFO,3,4ALG4HA,Pressure_kPa,5,0.937863536188519,0.09099081611151916,SVR_RBF,rheology_enhanced,6
SR,LOFO,3,4ALG4HA,Pressure_kPa,6,0.937863536188519,-0.008942377113922317,SVR_RBF,rheology_enhanced,6
SR,LOFO,3,4ALG4HA,Pressure_kPa,7,0.937863536188519,0.1175889330403097,SVR_RBF,rheology_enhanced,6
SR,LOFO,3,4ALG4HA,Pressure_kPa,8,0.937863536188519,-0.010087518579945942,SVR_RBF,rheology_enhanced,6
SR,LOFO,3,4ALG4HA,Pressure_kPa,9,0.937863536188519,0.11729072011711561,SVR_RBF,rheology_enhanced,6
SR,LOFO,3,4ALG4HA,Pressure_kPa,10,0.937863536188519,0.020257536324633008,SVR_RBF,rheology_enhanced,6
SR,LOFO,3,4ALG4HA,TP,1,0.937863536188519,0.0,SVR_RBF,rheology_enhanced,6
SR,LOFO,3,4ALG4HA,TP,2,0.937863536188519,0.0,SVR_RBF,rheology_enhanced,6
SR,LOFO,3,4ALG4HA,TP,3,0.937863536188519,0.0,SVR_RBF,rheology_enhanced,6
SR,LOFO,3,4ALG4HA,TP,4,0.937863536188519,0.0,SVR_RBF,rheology_enhanced,6
SR,LOFO,3,4ALG4HA,TP,5,0.937863536188519,0.0,SVR_RBF,rheology_enhanced,6
SR,LOFO,3,4ALG4HA,TP,6,0.937863536188519,0.0,SVR_RBF,rheology_enhanced,6
SR,LOFO,3,4ALG4HA,TP,7,0.937863536188519,0.0,SVR_RBF,rheology_enhanced,6
SR,LOFO,3,4ALG4HA,TP,8,0.937863536188519,0.0,SVR_RBF,rheology_enhanced,6
SR,LOFO,3,4ALG4HA,TP,9,0.937863536188519,0.0,SVR_RBF,rheology_enhanced,6
SR,LOFO,3,4ALG4HA,TP,10,0.937863536188519,0.0,SVR_RBF,rheology_enhanced,6
SR,LOFO,3,4ALG4HA,HF,1,0.937863536188519,0.0,SVR_RBF,rheology_enhanced,6
SR,LOFO,3,4ALG4HA,HF,2,0.937863536188519,0.0,SVR_RBF,rheology_enhanced,6
SR,LOFO,3,4ALG4HA,HF,3,0.937863536188519,0.0,SVR_RBF,rheology_enhanced,6
SR,LOFO,3,4ALG4HA,HF,4,0.937863536188519,0.0,SVR_RBF,rheology_enhanced,6
SR,LOFO,3,4ALG4HA,HF,5,0.937863536188519,0.0,SVR_RBF,rheology_enhanced,6
SR,LOFO,3,4ALG4HA,HF,6,0.937863536188519,0.0,SVR_RBF,rheology_enhanced,6
SR,LOFO,3,4ALG4HA,HF,7,0.937863536188519,0.0,SVR_RBF,rheology_enhanced,6
SR,LOFO,3,4ALG4HA,HF,8,0.937863536188519,0.0,SVR_RBF,rheology_enhanced,6
SR,LOFO,3,4ALG4HA,HF,9,0.937863536188519,0.0,SVR_RBF,rheology_enhanced,6
SR,LOFO,3,4ALG4HA,HF,10,0.937863536188519,0.0,SVR_RBF,rheology_enhanced,6
SR,LOFO,3,4ALG4HA,Alg_HA_ratio_safe,1,0.937863536188519,0.0,SVR_RBF,rheology_enhanced,6
SR,LOFO,3,4ALG4HA,Alg_HA_ratio_safe,2,0.937863536188519,0.0,SVR_RBF,rheology_enhanced,6
SR,LOFO,3,4ALG4HA,Alg_HA_ratio_safe,3,0.937863536188519,0.0,SVR_RBF,rheology_enhanced,6
SR,LOFO,3,4ALG4HA,Alg_HA_ratio_safe,4,0.937863536188519,0.0,SVR_RBF,rheology_enhanced,6
SR,LOFO,3,4ALG4HA,Alg_HA_ratio_safe,5,0.937863536188519,0.0,SVR_RBF,rheology_enhanced,6
SR,LOFO,3,4ALG4HA,Alg_HA_ratio_safe,6,0.937863536188519,0.0,SVR_RBF,rheology_enhanced,6
SR,LOFO,3,4ALG4HA,Alg_HA_ratio_safe,7,0.937863536188519,0.0,SVR_RBF,rheology_enhanced,6
SR,LOFO,3,4ALG4HA,Alg_HA_ratio_safe,8,0.937863536188519,0.0,SVR_RBF,rheology_enhanced,6
SR,LOFO,3,4ALG4HA,Alg_HA_ratio_safe,9,0.937863536188519,0.0,SVR_RBF,rheology_enhanced,6
SR,LOFO,3,4ALG4HA,Alg_HA_ratio_safe,10,0.937863536188519,0.0,SVR_RBF,rheology_enhanced,6
SR,LOFO,3,4ALG4HA,P_over_TP,1,0.937863536188519,0.24336729800791446,SVR_RBF,rheology_enhanced,6
SR,LOFO,3,4ALG4HA,P_over_TP,2,0.937863536188519,0.3691605396575537,SVR_RBF,rheology_enhanced,6
SR,LOFO,3,4ALG4HA,P_over_TP,3,0.937863536188519,0.019620607245587562,SVR_RBF,rheology_enhanced,6
SR,LOFO,3,4ALG4HA,P_over_TP,4,0.937863536188519,0.2540457927213924,SVR_RBF,rheology_enhanced,6
SR,LOFO,3,4ALG4HA,P_over_TP,5,0.937863536188519,0.37854854137502403,SVR_RBF,rheology_enhanced,6
SR,LOFO,3,4ALG4HA,P_over_TP,6,0.937863536188519,0.08576212482008483,SVR_RBF,rheology_enhanced,6
SR,LOFO,3,4ALG4HA,P_over_TP,7,0.937863536188519,0.4149816196398497,SVR_RBF,rheology_enhanced,6
SR,LOFO,3,4ALG4HA,P_over_TP,8,0.937863536188519,-0.011045274559630336,SVR_RBF,rheology_enhanced,6
SR,LOFO,3,4ALG4HA,P_over_TP,9,0.937863536188519,0.48670151656316074,SVR_RBF,rheology_enhanced,6
SR,LOFO,3,4ALG4HA,P_over_TP,10,0.937863536188519,0.10768596752975612,SVR_RBF,rheology_enhanced,6
SR,LOFO,3,4ALG4HA,P_over_Alg,1,0.937863536188519,0.004483258415450608,SVR_RBF,rheology_enhanced,6
SR,LOFO,3,4ALG4HA,P_over_Alg,2,0.937863536188519,0.011511641147987306,SVR_RBF,rheology_enhanced,6
SR,LOFO,3,4ALG4HA,P_over_Alg,3,0.937863536188519,-0.004008917309811677,SVR_RBF,rheology_enhanced,6
SR,LOFO,3,4ALG4HA,P_over_Alg,4,0.937863536188519,0.008532313836694616,SVR_RBF,rheology_enhanced,6
SR,LOFO,3,4ALG4HA,P_over_Alg,5,0.937863536188519,0.00937570867077564,SVR_RBF,rheology_enhanced,6
SR,LOFO,3,4ALG4HA,P_over_Alg,6,0.937863536188519,-0.0011385091297074768,SVR_RBF,rheology_enhanced,6
SR,LOFO,3,4ALG4HA,P_over_Alg,7,0.937863536188519,0.012880207426240964,SVR_RBF,rheology_enhanced,6
SR,LOFO,3,4ALG4HA,P_over_Alg,8,0.937863536188519,-0.0009649526878966475,SVR_RBF,rheology_enhanced,6
SR,LOFO,3,4ALG4HA,P_over_Alg,9,0.937863536188519,0.012631418892747326,SVR_RBF,rheology_enhanced,6
SR,LOFO,3,4ALG4HA,P_over_Alg,10,0.937863536188519,0.001933626532327426,SVR_RBF,rheology_enhanced,6
SR,LOFO,3,4ALG4HA,P_over_HA,1,0.937863536188519,0.029299287088002224,SVR_RBF,rheology_enhanced,6
SR,LOFO,3,4ALG4HA,P_over_HA,2,0.937863536188519,0.0973960359727819,SVR_RBF,rheology_enhanced,6
SR,LOFO,3,4ALG4HA,P_over_HA,3,0.937863536188519,-0.08752172639718947,SVR_RBF,rheology_enhanced,6
SR,LOFO,3,4ALG4HA,P_over_HA,4,0.937863536188519,0.07184537889405096,SVR_RBF,rheology_enhanced,6
SR,LOFO,3,4ALG4HA,P_over_HA,5,0.937863536188519,0.07709109909416023,SVR_RBF,rheology_enhanced,6
SR,LOFO,3,4ALG4HA,P_over_HA,6,0.937863536188519,-0.061144697871824194,SVR_RBF,rheology_enhanced,6
SR,LOFO,3,4ALG4HA,P_over_HA,7,0.937863536188519,0.09523841083652718,SVR_RBF,rheology_enhanced,6
SR,LOFO,3,4ALG4HA,P_over_HA,8,0.937863536188519,-0.011264854572499705,SVR_RBF,rheology_enhanced,6
SR,LOFO,3,4ALG4HA,P_over_HA,9,0.937863536188519,0.09056562281752623,SVR_RBF,rheology_enhanced,6
SR,LOFO,3,4ALG4HA,P_over_HA,10,0.937863536188519,0.023482756247069747,SVR_RBF,rheology_enhanced,6
SR,LOFO,3,4ALG4HA,Alg_x_HA,1,0.937863536188519,0.0,SVR_RBF,rheology_enhanced,6
SR,LOFO,3,4ALG4HA,Alg_x_HA,2,0.937863536188519,0.0,SVR_RBF,rheology_enhanced,6
SR,LOFO,3,4ALG4HA,Alg_x_HA,3,0.937863536188519,0.0,SVR_RBF,rheology_enhanced,6
SR,LOFO,3,4ALG4HA,Alg_x_HA,4,0.937863536188519,0.0,SVR_RBF,rheology_enhanced,6
SR,LOFO,3,4ALG4HA,Alg_x_HA,5,0.937863536188519,0.0,SVR_RBF,rheology_enhanced,6
SR,LOFO,3,4ALG4HA,Alg_x_HA,6,0.937863536188519,0.0,SVR_RBF,rheology_enhanced,6
SR,LOFO,3,4ALG4HA,Alg_x_HA,7,0.937863536188519,0.0,SVR_RBF,rheology_enhanced,6
SR,LOFO,3,4ALG4HA,Alg_x_HA,8,0.937863536188519,0.0,SVR_RBF,rheology_enhanced,6
SR,LOFO,3,4ALG4HA,Alg_x_HA,9,0.937863536188519,0.0,SVR_RBF,rheology_enhanced,6
SR,LOFO,3,4ALG4HA,Alg_x_HA,10,0.937863536188519,0.0,SVR_RBF,rheology_enhanced,6
SR,LOFO,3,4ALG4HA,Alg_x_P,1,0.937863536188519,0.014757096791054858,SVR_RBF,rheology_enhanced,6
SR,LOFO,3,4ALG4HA,Alg_x_P,2,0.937863536188519,0.04371862583965469,SVR_RBF,rheology_enhanced,6
SR,LOFO,3,4ALG4HA,Alg_x_P,3,0.937863536188519,-0.023876525908346102,SVR_RBF,rheology_enhanced,6
SR,LOFO,3,4ALG4HA,Alg_x_P,4,0.937863536188519,0.033086583903493616,SVR_RBF,rheology_enhanced,6
SR,LOFO,3,4ALG4HA,Alg_x_P,5,0.937863536188519,0.034337209633802046,SVR_RBF,rheology_enhanced,6
SR,LOFO,3,4ALG4HA,Alg_x_P,6,0.937863536188519,-0.01243736685692376,SVR_RBF,rheology_enhanced,6
SR,LOFO,3,4ALG4HA,Alg_x_P,7,0.937863536188519,0.04600515238835223,SVR_RBF,rheology_enhanced,6
SR,LOFO,3,4ALG4HA,Alg_x_P,8,0.937863536188519,-0.004546551658514475,SVR_RBF,rheology_enhanced,6
SR,LOFO,3,4ALG4HA,Alg_x_P,9,0.937863536188519,0.04309150021154995,SVR_RBF,rheology_enhanced,6
SR,LOFO,3,4ALG4HA,Alg_x_P,10,0.937863536188519,0.007803549534644905,SVR_RBF,rheology_enhanced,6
SR,LOFO,3,4ALG4HA,HA_x_P,1,0.937863536188519,0.00753488347538156,SVR_RBF,rheology_enhanced,6
SR,LOFO,3,4ALG4HA,HA_x_P,2,0.937863536188519,0.01280900137138885,SVR_RBF,rheology_enhanced,6
SR,LOFO,3,4ALG4HA,HA_x_P,3,0.937863536188519,0.007415264646456143,SVR_RBF,rheology_enhanced,6
SR,LOFO,3,4ALG4HA,HA_x_P,4,0.937863536188519,0.009725427869160863,SVR_RBF,rheology_enhanced,6
SR,LOFO,3,4ALG4HA,HA_x_P,5,0.937863536188519,0.011676169985957663,SVR_RBF,rheology_enhanced,6
SR,LOFO,3,4ALG4HA,HA_x_P,6,0.937863536188519,0.010613496446361559,SVR_RBF,rheology_enhanced,6
SR,LOFO,3,4ALG4HA,HA_x_P,7,0.937863536188519,0.016748235023959168,SVR_RBF,rheology_enhanced,6
SR,LOFO,3,4ALG4HA,HA_x_P,8,0.937863536188519,-0.0005270625574853582,SVR_RBF,rheology_enhanced,6
SR,LOFO,3,4ALG4HA,HA_x_P,9,0.937863536188519,0.01783472343901027,SVR_RBF,rheology_enhanced,6
SR,LOFO,3,4ALG4HA,HA_x_P,10,0.937863536188519,0.0010659419325290687,SVR_RBF,rheology_enhanced,6
SR,LOFO,3,4ALG4HA,TP_x_P,1,0.937863536188519,0.01740902173900505,SVR_RBF,rheology_enhanced,6
SR,LOFO,3,4ALG4HA,TP_x_P,2,0.937863536188519,0.042220362857448346,SVR_RBF,rheology_enhanced,6
SR,LOFO,3,4ALG4HA,TP_x_P,3,0.937863536188519,-0.008908267602647402,SVR_RBF,rheology_enhanced,6
SR,LOFO,3,4ALG4HA,TP_x_P,4,0.937863536188519,0.03194175464746252,SVR_RBF,rheology_enhanced,6
SR,LOFO,3,4ALG4HA,TP_x_P,5,0.937863536188519,0.03488081868342052,SVR_RBF,rheology_enhanced,6
SR,LOFO,3,4ALG4HA,TP_x_P,6,0.937863536188519,0.0021174701401314167,SVR_RBF,rheology_enhanced,6
SR,LOFO,3,4ALG4HA,TP_x_P,7,0.937863536188519,0.04766370124025765,SVR_RBF,rheology_enhanced,6
SR,LOFO,3,4ALG4HA,TP_x_P,8,0.937863536188519,-0.003663946222643988,SVR_RBF,rheology_enhanced,6
SR,LOFO,3,4ALG4HA,TP_x_P,9,0.937863536188519,0.046757246765576466,SVR_RBF,rheology_enhanced,6
SR,LOFO,3,4ALG4HA,TP_x_P,10,0.937863536188519,0.006373753505624635,SVR_RBF,rheology_enhanced,6
SR,LOFO,3,4ALG4HA,HF_x_P,1,0.937863536188519,0.007495636838322661,SVR_RBF,rheology_enhanced,6
SR,LOFO,3,4ALG4HA,HF_x_P,2,0.937863536188519,0.017375974382147663,SVR_RBF,rheology_enhanced,6
SR,LOFO,3,4ALG4HA,HF_x_P,3,0.937863536188519,0.006533450555224807,SVR_RBF,rheology_enhanced,6
SR,LOFO,3,4ALG4HA,HF_x_P,4,0.937863536188519,0.01286891144862412,SVR_RBF,rheology_enhanced,6
SR,LOFO,3,4ALG4HA,HF_x_P,5,0.937863536188519,0.014603941542634336,SVR_RBF,rheology_enhanced,6
SR,LOFO,3,4ALG4HA,HF_x_P,6,0.937863536188519,0.012080481346024796,SVR_RBF,rheology_enhanced,6
SR,LOFO,3,4ALG4HA,HF_x_P,7,0.937863536188519,0.02255252268981589,SVR_RBF,rheology_enhanced,6
SR,LOFO,3,4ALG4HA,HF_x_P,8,0.937863536188519,-0.001295702998303061,SVR_RBF,rheology_enhanced,6
SR,LOFO,3,4ALG4HA,HF_x_P,9,0.937863536188519,0.023290020181666593,SVR_RBF,rheology_enhanced,6
SR,LOFO,3,4ALG4HA,HF_x_P,10,0.937863536188519,0.001709982179067815,SVR_RBF,rheology_enhanced,6
SR,LOFO,3,4ALG4HA,Eta0_mean_Pa_s,1,0.937863536188519,0.0,SVR_RBF,rheology_enhanced,6
SR,LOFO,3,4ALG4HA,Eta0_mean_Pa_s,2,0.937863536188519,0.0,SVR_RBF,rheology_enhanced,6
SR,LOFO,3,4ALG4HA,Eta0_mean_Pa_s,3,0.937863536188519,0.0,SVR_RBF,rheology_enhanced,6
SR,LOFO,3,4ALG4HA,Eta0_mean_Pa_s,4,0.937863536188519,0.0,SVR_RBF,rheology_enhanced,6
SR,LOFO,3,4ALG4HA,Eta0_mean_Pa_s,5,0.937863536188519,0.0,SVR_RBF,rheology_enhanced,6
SR,LOFO,3,4ALG4HA,Eta0_mean_Pa_s,6,0.937863536188519,0.0,SVR_RBF,rheology_enhanced,6
SR,LOFO,3,4ALG4HA,Eta0_mean_Pa_s,7,0.937863536188519,0.0,SVR_RBF,rheology_enhanced,6
SR,LOFO,3,4ALG4HA,Eta0_mean_Pa_s,8,0.937863536188519,0.0,SVR_RBF,rheology_enhanced,6
SR,LOFO,3,4ALG4HA,Eta0_mean_Pa_s,9,0.937863536188519,0.0,SVR_RBF,rheology_enhanced,6
SR,LOFO,3,4ALG4HA,Eta0_mean_Pa_s,10,0.937863536188519,0.0,SVR_RBF,rheology_enhanced,6
SR,LOFO,3,4ALG4HA,Cross_m_mean,1,0.937863536188519,0.0,SVR_RBF,rheology_enhanced,6
SR,LOFO,3,4ALG4HA,Cross_m_mean,2,0.937863536188519,0.0,SVR_RBF,rheology_enhanced,6
SR,LOFO,3,4ALG4HA,Cross_m_mean,3,0.937863536188519,0.0,SVR_RBF,rheology_enhanced,6
SR,LOFO,3,4ALG4HA,Cross_m_mean,4,0.937863536188519,0.0,SVR_RBF,rheology_enhanced,6
SR,LOFO,3,4ALG4HA,Cross_m_mean,5,0.937863536188519,0.0,SVR_RBF,rheology_enhanced,6
SR,LOFO,3,4ALG4HA,Cross_m_mean,6,0.937863536188519,0.0,SVR_RBF,rheology_enhanced,6
SR,LOFO,3,4ALG4HA,Cross_m_mean,7,0.937863536188519,0.0,SVR_RBF,rheology_enhanced,6
SR,LOFO,3,4ALG4HA,Cross_m_mean,8,0.937863536188519,0.0,SVR_RBF,rheology_enhanced,6
SR,LOFO,3,4ALG4HA,Cross_m_mean,9,0.937863536188519,0.0,SVR_RBF,rheology_enhanced,6
SR,LOFO,3,4ALG4HA,Cross_m_mean,10,0.937863536188519,0.0,SVR_RBF,rheology_enhanced,6
SR,LOFO,3,4ALG4HA,Cross_k_mean_s,1,0.937863536188519,0.0,SVR_RBF,rheology_enhanced,6
SR,LOFO,3,4ALG4HA,Cross_k_mean_s,2,0.937863536188519,0.0,SVR_RBF,rheology_enhanced,6
SR,LOFO,3,4ALG4HA,Cross_k_mean_s,3,0.937863536188519,0.0,SVR_RBF,rheology_enhanced,6
SR,LOFO,3,4ALG4HA,Cross_k_mean_s,4,0.937863536188519,0.0,SVR_RBF,rheology_enhanced,6
SR,LOFO,3,4ALG4HA,Cross_k_mean_s,5,0.937863536188519,0.0,SVR_RBF,rheology_enhanced,6
SR,LOFO,3,4ALG4HA,Cross_k_mean_s,6,0.937863536188519,0.0,SVR_RBF,rheology_enhanced,6
SR,LOFO,3,4ALG4HA,Cross_k_mean_s,7,0.937863536188519,0.0,SVR_RBF,rheology_enhanced,6
SR,LOFO,3,4ALG4HA,Cross_k_mean_s,8,0.937863536188519,0.0,SVR_RBF,rheology_enhanced,6
SR,LOFO,3,4ALG4HA,Cross_k_mean_s,9,0.937863536188519,0.0,SVR_RBF,rheology_enhanced,6
SR,LOFO,3,4ALG4HA,Cross_k_mean_s,10,0.937863536188519,0.0,SVR_RBF,rheology_enhanced,6
SR,LOFO,3,4ALG4HA,G_prime_mean_Pa,1,0.937863536188519,0.0,SVR_RBF,rheology_enhanced,6
SR,LOFO,3,4ALG4HA,G_prime_mean_Pa,2,0.937863536188519,0.0,SVR_RBF,rheology_enhanced,6
SR,LOFO,3,4ALG4HA,G_prime_mean_Pa,3,0.937863536188519,0.0,SVR_RBF,rheology_enhanced,6
SR,LOFO,3,4ALG4HA,G_prime_mean_Pa,4,0.937863536188519,0.0,SVR_RBF,rheology_enhanced,6
SR,LOFO,3,4ALG4HA,G_prime_mean_Pa,5,0.937863536188519,0.0,SVR_RBF,rheology_enhanced,6
SR,LOFO,3,4ALG4HA,G_prime_mean_Pa,6,0.937863536188519,0.0,SVR_RBF,rheology_enhanced,6
SR,LOFO,3,4ALG4HA,G_prime_mean_Pa,7,0.937863536188519,0.0,SVR_RBF,rheology_enhanced,6
SR,LOFO,3,4ALG4HA,G_prime_mean_Pa,8,0.937863536188519,0.0,SVR_RBF,rheology_enhanced,6
SR,LOFO,3,4ALG4HA,G_prime_mean_Pa,9,0.937863536188519,0.0,SVR_RBF,rheology_enhanced,6
SR,LOFO,3,4ALG4HA,G_prime_mean_Pa,10,0.937863536188519,0.0,SVR_RBF,rheology_enhanced,6
SR,LOFO,3,4ALG4HA,G_double_prime_mean_Pa,1,0.937863536188519,0.0,SVR_RBF,rheology_enhanced,6
SR,LOFO,3,4ALG4HA,G_double_prime_mean_Pa,2,0.937863536188519,0.0,SVR_RBF,rheology_enhanced,6
SR,LOFO,3,4ALG4HA,G_double_prime_mean_Pa,3,0.937863536188519,0.0,SVR_RBF,rheology_enhanced,6
SR,LOFO,3,4ALG4HA,G_double_prime_mean_Pa,4,0.937863536188519,0.0,SVR_RBF,rheology_enhanced,6
SR,LOFO,3,4ALG4HA,G_double_prime_mean_Pa,5,0.937863536188519,0.0,SVR_RBF,rheology_enhanced,6
SR,LOFO,3,4ALG4HA,G_double_prime_mean_Pa,6,0.937863536188519,0.0,SVR_RBF,rheology_enhanced,6
SR,LOFO,3,4ALG4HA,G_double_prime_mean_Pa,7,0.937863536188519,0.0,SVR_RBF,rheology_enhanced,6
SR,LOFO,3,4ALG4HA,G_double_prime_mean_Pa,8,0.937863536188519,0.0,SVR_RBF,rheology_enhanced,6
SR,LOFO,3,4ALG4HA,G_double_prime_mean_Pa,9,0.937863536188519,0.0,SVR_RBF,rheology_enhanced,6
SR,LOFO,3,4ALG4HA,G_double_prime_mean_Pa,10,0.937863536188519,0.0,SVR_RBF,rheology_enhanced,6
SR,LOFO,3,4ALG4HA,Yield_stress_mean_Pa,1,0.937863536188519,0.0,SVR_RBF,rheology_enhanced,6
SR,LOFO,3,4ALG4HA,Yield_stress_mean_Pa,2,0.937863536188519,0.0,SVR_RBF,rheology_enhanced,6
SR,LOFO,3,4ALG4HA,Yield_stress_mean_Pa,3,0.937863536188519,0.0,SVR_RBF,rheology_enhanced,6
SR,LOFO,3,4ALG4HA,Yield_stress_mean_Pa,4,0.937863536188519,0.0,SVR_RBF,rheology_enhanced,6
SR,LOFO,3,4ALG4HA,Yield_stress_mean_Pa,5,0.937863536188519,0.0,SVR_RBF,rheology_enhanced,6
SR,LOFO,3,4ALG4HA,Yield_stress_mean_Pa,6,0.937863536188519,0.0,SVR_RBF,rheology_enhanced,6
SR,LOFO,3,4ALG4HA,Yield_stress_mean_Pa,7,0.937863536188519,0.0,SVR_RBF,rheology_enhanced,6
SR,LOFO,3,4ALG4HA,Yield_stress_mean_Pa,8,0.937863536188519,0.0,SVR_RBF,rheology_enhanced,6
SR,LOFO,3,4ALG4HA,Yield_stress_mean_Pa,9,0.937863536188519,0.0,SVR_RBF,rheology_enhanced,6
SR,LOFO,3,4ALG4HA,Yield_stress_mean_Pa,10,0.937863536188519,0.0,SVR_RBF,rheology_enhanced,6
SR,LOFO,4,4ALG6HA,Alg_mg_ml,1,0.6203730285892639,0.0,SVR_RBF,rheology_enhanced,5
SR,LOFO,4,4ALG6HA,Alg_mg_ml,2,0.6203730285892639,0.0,SVR_RBF,rheology_enhanced,5
SR,LOFO,4,4ALG6HA,Alg_mg_ml,3,0.6203730285892639,0.0,SVR_RBF,rheology_enhanced,5
SR,LOFO,4,4ALG6HA,Alg_mg_ml,4,0.6203730285892639,0.0,SVR_RBF,rheology_enhanced,5
SR,LOFO,4,4ALG6HA,Alg_mg_ml,5,0.6203730285892639,0.0,SVR_RBF,rheology_enhanced,5
SR,LOFO,4,4ALG6HA,Alg_mg_ml,6,0.6203730285892639,0.0,SVR_RBF,rheology_enhanced,5
SR,LOFO,4,4ALG6HA,Alg_mg_ml,7,0.6203730285892639,0.0,SVR_RBF,rheology_enhanced,5
SR,LOFO,4,4ALG6HA,Alg_mg_ml,8,0.6203730285892639,0.0,SVR_RBF,rheology_enhanced,5
SR,LOFO,4,4ALG6HA,Alg_mg_ml,9,0.6203730285892639,0.0,SVR_RBF,rheology_enhanced,5
SR,LOFO,4,4ALG6HA,Alg_mg_ml,10,0.6203730285892639,0.0,SVR_RBF,rheology_enhanced,5
SR,LOFO,4,4ALG6HA,HA_mg_ml,1,0.6203730285892639,0.0,SVR_RBF,rheology_enhanced,5
SR,LOFO,4,4ALG6HA,HA_mg_ml,2,0.6203730285892639,0.0,SVR_RBF,rheology_enhanced,5
SR,LOFO,4,4ALG6HA,HA_mg_ml,3,0.6203730285892639,0.0,SVR_RBF,rheology_enhanced,5
SR,LOFO,4,4ALG6HA,HA_mg_ml,4,0.6203730285892639,0.0,SVR_RBF,rheology_enhanced,5
SR,LOFO,4,4ALG6HA,HA_mg_ml,5,0.6203730285892639,0.0,SVR_RBF,rheology_enhanced,5
SR,LOFO,4,4ALG6HA,HA_mg_ml,6,0.6203730285892639,0.0,SVR_RBF,rheology_enhanced,5
SR,LOFO,4,4ALG6HA,HA_mg_ml,7,0.6203730285892639,0.0,SVR_RBF,rheology_enhanced,5
SR,LOFO,4,4ALG6HA,HA_mg_ml,8,0.6203730285892639,0.0,SVR_RBF,rheology_enhanced,5
SR,LOFO,4,4ALG6HA,HA_mg_ml,9,0.6203730285892639,0.0,SVR_RBF,rheology_enhanced,5
SR,LOFO,4,4ALG6HA,HA_mg_ml,10,0.6203730285892639,0.0,SVR_RBF,rheology_enhanced,5
SR,LOFO,4,4ALG6HA,Pressure_kPa,1,0.6203730285892639,-0.03358680172792794,SVR_RBF,rheology_enhanced,5
SR,LOFO,4,4ALG6HA,Pressure_kPa,2,0.6203730285892639,0.019649634393182902,SVR_RBF,rheology_enhanced,5
SR,LOFO,4,4ALG6HA,Pressure_kPa,3,0.6203730285892639,0.006135171085017488,SVR_RBF,rheology_enhanced,5
SR,LOFO,4,4ALG6HA,Pressure_kPa,4,0.6203730285892639,0.07164597535778072,SVR_RBF,rheology_enhanced,5
SR,LOFO,4,4ALG6HA,Pressure_kPa,5,0.6203730285892639,0.016242516284001196,SVR_RBF,rheology_enhanced,5
SR,LOFO,4,4ALG6HA,Pressure_kPa,6,0.6203730285892639,0.016450235731793383,SVR_RBF,rheology_enhanced,5
SR,LOFO,4,4ALG6HA,Pressure_kPa,7,0.6203730285892639,0.008638048957970046,SVR_RBF,rheology_enhanced,5
SR,LOFO,4,4ALG6HA,Pressure_kPa,8,0.6203730285892639,-0.0003481409562788862,SVR_RBF,rheology_enhanced,5
SR,LOFO,4,4ALG6HA,Pressure_kPa,9,0.6203730285892639,0.005043417874693423,SVR_RBF,rheology_enhanced,5
SR,LOFO,4,4ALG6HA,Pressure_kPa,10,0.6203730285892639,0.0686535353026414,SVR_RBF,rheology_enhanced,5
SR,LOFO,4,4ALG6HA,TP,1,0.6203730285892639,0.0,SVR_RBF,rheology_enhanced,5
SR,LOFO,4,4ALG6HA,TP,2,0.6203730285892639,0.0,SVR_RBF,rheology_enhanced,5
SR,LOFO,4,4ALG6HA,TP,3,0.6203730285892639,0.0,SVR_RBF,rheology_enhanced,5
SR,LOFO,4,4ALG6HA,TP,4,0.6203730285892639,0.0,SVR_RBF,rheology_enhanced,5
SR,LOFO,4,4ALG6HA,TP,5,0.6203730285892639,0.0,SVR_RBF,rheology_enhanced,5
SR,LOFO,4,4ALG6HA,TP,6,0.6203730285892639,0.0,SVR_RBF,rheology_enhanced,5
SR,LOFO,4,4ALG6HA,TP,7,0.6203730285892639,0.0,SVR_RBF,rheology_enhanced,5
SR,LOFO,4,4ALG6HA,TP,8,0.6203730285892639,0.0,SVR_RBF,rheology_enhanced,5
SR,LOFO,4,4ALG6HA,TP,9,0.6203730285892639,0.0,SVR_RBF,rheology_enhanced,5
SR,LOFO,4,4ALG6HA,TP,10,0.6203730285892639,0.0,SVR_RBF,rheology_enhanced,5
SR,LOFO,4,4ALG6HA,HF,1,0.6203730285892639,0.0,SVR_RBF,rheology_enhanced,5
SR,LOFO,4,4ALG6HA,HF,2,0.6203730285892639,0.0,SVR_RBF,rheology_enhanced,5
SR,LOFO,4,4ALG6HA,HF,3,0.6203730285892639,0.0,SVR_RBF,rheology_enhanced,5
SR,LOFO,4,4ALG6HA,HF,4,0.6203730285892639,0.0,SVR_RBF,rheology_enhanced,5
SR,LOFO,4,4ALG6HA,HF,5,0.6203730285892639,0.0,SVR_RBF,rheology_enhanced,5
SR,LOFO,4,4ALG6HA,HF,6,0.6203730285892639,0.0,SVR_RBF,rheology_enhanced,5
SR,LOFO,4,4ALG6HA,HF,7,0.6203730285892639,0.0,SVR_RBF,rheology_enhanced,5
SR,LOFO,4,4ALG6HA,HF,8,0.6203730285892639,0.0,SVR_RBF,rheology_enhanced,5
SR,LOFO,4,4ALG6HA,HF,9,0.6203730285892639,0.0,SVR_RBF,rheology_enhanced,5
SR,LOFO,4,4ALG6HA,HF,10,0.6203730285892639,0.0,SVR_RBF,rheology_enhanced,5
SR,LOFO,4,4ALG6HA,Alg_HA_ratio_safe,1,0.6203730285892639,0.0,SVR_RBF,rheology_enhanced,5
SR,LOFO,4,4ALG6HA,Alg_HA_ratio_safe,2,0.6203730285892639,0.0,SVR_RBF,rheology_enhanced,5
SR,LOFO,4,4ALG6HA,Alg_HA_ratio_safe,3,0.6203730285892639,0.0,SVR_RBF,rheology_enhanced,5
SR,LOFO,4,4ALG6HA,Alg_HA_ratio_safe,4,0.6203730285892639,0.0,SVR_RBF,rheology_enhanced,5
SR,LOFO,4,4ALG6HA,Alg_HA_ratio_safe,5,0.6203730285892639,0.0,SVR_RBF,rheology_enhanced,5
SR,LOFO,4,4ALG6HA,Alg_HA_ratio_safe,6,0.6203730285892639,0.0,SVR_RBF,rheology_enhanced,5
SR,LOFO,4,4ALG6HA,Alg_HA_ratio_safe,7,0.6203730285892639,0.0,SVR_RBF,rheology_enhanced,5
SR,LOFO,4,4ALG6HA,Alg_HA_ratio_safe,8,0.6203730285892639,0.0,SVR_RBF,rheology_enhanced,5
SR,LOFO,4,4ALG6HA,Alg_HA_ratio_safe,9,0.6203730285892639,0.0,SVR_RBF,rheology_enhanced,5
SR,LOFO,4,4ALG6HA,Alg_HA_ratio_safe,10,0.6203730285892639,0.0,SVR_RBF,rheology_enhanced,5
SR,LOFO,4,4ALG6HA,P_over_TP,1,0.6203730285892639,0.08029234217297188,SVR_RBF,rheology_enhanced,5
SR,LOFO,4,4ALG6HA,P_over_TP,2,0.6203730285892639,0.26973212419482107,SVR_RBF,rheology_enhanced,5
SR,LOFO,4,4ALG6HA,P_over_TP,3,0.6203730285892639,0.05235442140327129,SVR_RBF,rheology_enhanced,5
SR,LOFO,4,4ALG6HA,P_over_TP,4,0.6203730285892639,0.4476666485974319,SVR_RBF,rheology_enhanced,5
SR,LOFO,4,4ALG6HA,P_over_TP,5,0.6203730285892639,0.26050793675245865,SVR_RBF,rheology_enhanced,5
SR,LOFO,4,4ALG6HA,P_over_TP,6,0.6203730285892639,0.32284727353034903,SVR_RBF,rheology_enhanced,5
SR,LOFO,4,4ALG6HA,P_over_TP,7,0.6203730285892639,0.2651909235352644,SVR_RBF,rheology_enhanced,5
SR,LOFO,4,4ALG6HA,P_over_TP,8,0.6203730285892639,0.1712474673280553,SVR_RBF,rheology_enhanced,5
SR,LOFO,4,4ALG6HA,P_over_TP,9,0.6203730285892639,0.29415704954183797,SVR_RBF,rheology_enhanced,5
SR,LOFO,4,4ALG6HA,P_over_TP,10,0.6203730285892639,0.45069903179228077,SVR_RBF,rheology_enhanced,5
SR,LOFO,4,4ALG6HA,P_over_Alg,1,0.6203730285892639,-0.009833233606242442,SVR_RBF,rheology_enhanced,5
SR,LOFO,4,4ALG6HA,P_over_Alg,2,0.6203730285892639,0.00943619498424808,SVR_RBF,rheology_enhanced,5
SR,LOFO,4,4ALG6HA,P_over_Alg,3,0.6203730285892639,0.0023988604561270277,SVR_RBF,rheology_enhanced,5
SR,LOFO,4,4ALG6HA,P_over_Alg,4,0.6203730285892639,0.021247607831754056,SVR_RBF,rheology_enhanced,5
SR,LOFO,4,4ALG6HA,P_over_Alg,5,0.6203730285892639,0.007256731563176078,SVR_RBF,rheology_enhanced,5
SR,LOFO,4,4ALG6HA,P_over_Alg,6,0.6203730285892639,0.007073856642431875,SVR_RBF,rheology_enhanced,5
SR,LOFO,4,4ALG6HA,P_over_Alg,7,0.6203730285892639,0.002223374390857513,SVR_RBF,rheology_enhanced,5
SR,LOFO,4,4ALG6HA,P_over_Alg,8,0.6203730285892639,0.0040912284242159425,SVR_RBF,rheology_enhanced,5
SR,LOFO,4,4ALG6HA,P_over_Alg,9,0.6203730285892639,-7.589007402497572e-06,SVR_RBF,rheology_enhanced,5
SR,LOFO,4,4ALG6HA,P_over_Alg,10,0.6203730285892639,0.018117616699179884,SVR_RBF,rheology_enhanced,5
SR,LOFO,4,4ALG6HA,P_over_HA,1,0.6203730285892639,-0.03299415567093078,SVR_RBF,rheology_enhanced,5
SR,LOFO,4,4ALG6HA,P_over_HA,2,0.6203730285892639,0.0492594577178872,SVR_RBF,rheology_enhanced,5
SR,LOFO,4,4ALG6HA,P_over_HA,3,0.6203730285892639,0.011936280916319486,SVR_RBF,rheology_enhanced,5
SR,LOFO,4,4ALG6HA,P_over_HA,4,0.6203730285892639,0.10125204408501476,SVR_RBF,rheology_enhanced,5
SR,LOFO,4,4ALG6HA,P_over_HA,5,0.6203730285892639,0.04169614914872233,SVR_RBF,rheology_enhanced,5
SR,LOFO,4,4ALG6HA,P_over_HA,6,0.6203730285892639,0.04499991162706052,SVR_RBF,rheology_enhanced,5
SR,LOFO,4,4ALG6HA,P_over_HA,7,0.6203730285892639,0.02377504289145216,SVR_RBF,rheology_enhanced,5
SR,LOFO,4,4ALG6HA,P_over_HA,8,0.6203730285892639,0.024606552690524253,SVR_RBF,rheology_enhanced,5
SR,LOFO,4,4ALG6HA,P_over_HA,9,0.6203730285892639,0.01706686521914802,SVR_RBF,rheology_enhanced,5
SR,LOFO,4,4ALG6HA,P_over_HA,10,0.6203730285892639,0.09074473635295277,SVR_RBF,rheology_enhanced,5
SR,LOFO,4,4ALG6HA,Alg_x_HA,1,0.6203730285892639,0.0,SVR_RBF,rheology_enhanced,5
SR,LOFO,4,4ALG6HA,Alg_x_HA,2,0.6203730285892639,0.0,SVR_RBF,rheology_enhanced,5
SR,LOFO,4,4ALG6HA,Alg_x_HA,3,0.6203730285892639,0.0,SVR_RBF,rheology_enhanced,5
SR,LOFO,4,4ALG6HA,Alg_x_HA,4,0.6203730285892639,0.0,SVR_RBF,rheology_enhanced,5
SR,LOFO,4,4ALG6HA,Alg_x_HA,5,0.6203730285892639,0.0,SVR_RBF,rheology_enhanced,5
SR,LOFO,4,4ALG6HA,Alg_x_HA,6,0.6203730285892639,0.0,SVR_RBF,rheology_enhanced,5
SR,LOFO,4,4ALG6HA,Alg_x_HA,7,0.6203730285892639,0.0,SVR_RBF,rheology_enhanced,5
SR,LOFO,4,4ALG6HA,Alg_x_HA,8,0.6203730285892639,0.0,SVR_RBF,rheology_enhanced,5
SR,LOFO,4,4ALG6HA,Alg_x_HA,9,0.6203730285892639,0.0,SVR_RBF,rheology_enhanced,5
SR,LOFO,4,4ALG6HA,Alg_x_HA,10,0.6203730285892639,0.0,SVR_RBF,rheology_enhanced,5
SR,LOFO,4,4ALG6HA,Alg_x_P,1,0.6203730285892639,-0.017586711143912415,SVR_RBF,rheology_enhanced,5
SR,LOFO,4,4ALG6HA,Alg_x_P,2,0.6203730285892639,0.01595599568439554,SVR_RBF,rheology_enhanced,5
SR,LOFO,4,4ALG6HA,Alg_x_P,3,0.6203730285892639,0.004364648721797204,SVR_RBF,rheology_enhanced,5
SR,LOFO,4,4ALG6HA,Alg_x_P,4,0.6203730285892639,0.038312748240691974,SVR_RBF,rheology_enhanced,5
SR,LOFO,4,4ALG6HA,Alg_x_P,5,0.6203730285892639,0.012113503314469254,SVR_RBF,rheology_enhanced,5
SR,LOFO,4,4ALG6HA,Alg_x_P,6,0.6203730285892639,0.012158296589022233,SVR_RBF,rheology_enhanced,5
SR,LOFO,4,4ALG6HA,Alg_x_P,7,0.6203730285892639,0.004045792952033889,SVR_RBF,rheology_enhanced,5
SR,LOFO,4,4ALG6HA,Alg_x_P,8,0.6203730285892639,0.005816513347309926,SVR_RBF,rheology_enhanced,5
SR,LOFO,4,4ALG6HA,Alg_x_P,9,0.6203730285892639,0.001537205774621242,SVR_RBF,rheology_enhanced,5
SR,LOFO,4,4ALG6HA,Alg_x_P,10,0.6203730285892639,0.0335083638367325,SVR_RBF,rheology_enhanced,5
SR,LOFO,4,4ALG6HA,HA_x_P,1,0.6203730285892639,0.009354267959899354,SVR_RBF,rheology_enhanced,5
SR,LOFO,4,4ALG6HA,HA_x_P,2,0.6203730285892639,-0.021438874364717697,SVR_RBF,rheology_enhanced,5
SR,LOFO,4,4ALG6HA,HA_x_P,3,0.6203730285892639,-0.004611213143950188,SVR_RBF,rheology_enhanced,5
SR,LOFO,4,4ALG6HA,HA_x_P,4,0.6203730285892639,-0.030390930263199833,SVR_RBF,rheology_enhanced,5
SR,LOFO,4,4ALG6HA,HA_x_P,5,0.6203730285892639,-0.016274588462727335,SVR_RBF,rheology_enhanced,5
SR,LOFO,4,4ALG6HA,HA_x_P,6,0.6203730285892639,-0.01816565384328328,SVR_RBF,rheology_enhanced,5
SR,LOFO,4,4ALG6HA,HA_x_P,7,0.6203730285892639,-0.0032286964056160716,SVR_RBF,rheology_enhanced,5
SR,LOFO,4,4ALG6HA,HA_x_P,8,0.6203730285892639,-0.014245080029399948,SVR_RBF,rheology_enhanced,5
SR,LOFO,4,4ALG6HA,HA_x_P,9,0.6203730285892639,-0.00622330990213027,SVR_RBF,rheology_enhanced,5
SR,LOFO,4,4ALG6HA,HA_x_P,10,0.6203730285892639,-0.020866302058995312,SVR_RBF,rheology_enhanced,5
SR,LOFO,4,4ALG6HA,TP_x_P,1,0.6203730285892639,-0.008258690036432426,SVR_RBF,rheology_enhanced,5
SR,LOFO,4,4ALG6HA,TP_x_P,2,0.6203730285892639,-0.007048737210574529,SVR_RBF,rheology_enhanced,5
SR,LOFO,4,4ALG6HA,TP_x_P,3,0.6203730285892639,-0.0006608886781923617,SVR_RBF,rheology_enhanced,5
SR,LOFO,4,4ALG6HA,TP_x_P,4,0.6203730285892639,0.003295367337383337,SVR_RBF,rheology_enhanced,5
SR,LOFO,4,4ALG6HA,TP_x_P,5,0.6203730285892639,-0.006496120972985131,SVR_RBF,rheology_enhanced,5
SR,LOFO,4,4ALG6HA,TP_x_P,6,0.6203730285892639,-0.008479627352500518,SVR_RBF,rheology_enhanced,5
SR,LOFO,4,4ALG6HA,TP_x_P,7,0.6203730285892639,-0.003469582809405236,SVR_RBF,rheology_enhanced,5
SR,LOFO,4,4ALG6HA,TP_x_P,8,0.6203730285892639,-0.009124982997294251,SVR_RBF,rheology_enhanced,5
SR,LOFO,4,4ALG6HA,TP_x_P,9,0.6203730285892639,-0.006229670056842385,SVR_RBF,rheology_enhanced,5
SR,LOFO,4,4ALG6HA,TP_x_P,10,0.6203730285892639,0.006157809293510841,SVR_RBF,rheology_enhanced,5
SR,LOFO,4,4ALG6HA,HF_x_P,1,0.6203730285892639,-0.0007700100782623842,SVR_RBF,rheology_enhanced,5
SR,LOFO,4,4ALG6HA,HF_x_P,2,0.6203730285892639,-0.01897877048543295,SVR_RBF,rheology_enhanced,5
SR,LOFO,4,4ALG6HA,HF_x_P,3,0.6203730285892639,-0.0034693034667703238,SVR_RBF,rheology_enhanced,5
SR,LOFO,4,4ALG6HA,HF_x_P,4,0.6203730285892639,-0.01719767309857967,SVR_RBF,rheology_enhanced,5
SR,LOFO,4,4ALG6HA,HF_x_P,5,0.6203730285892639,-0.01475175813541596,SVR_RBF,rheology_enhanced,5
SR,LOFO,4,4ALG6HA,HF_x_P,6,0.6203730285892639,-0.017858623775702465,SVR_RBF,rheology_enhanced,5
SR,LOFO,4,4ALG6HA,HF_x_P,7,0.6203730285892639,-0.004921629877060463,SVR_RBF,rheology_enhanced,5
SR,LOFO,4,4ALG6HA,HF_x_P,8,0.6203730285892639,-0.015337176132565578,SVR_RBF,rheology_enhanced,5
SR,LOFO,4,4ALG6HA,HF_x_P,9,0.6203730285892639,-0.010623119468838982,SVR_RBF,rheology_enhanced,5
SR,LOFO,4,4ALG6HA,HF_x_P,10,0.6203730285892639,-0.009692712886447907,SVR_RBF,rheology_enhanced,5
SR,LOFO,4,4ALG6HA,Eta0_mean_Pa_s,1,0.6203730285892639,0.0,SVR_RBF,rheology_enhanced,5
SR,LOFO,4,4ALG6HA,Eta0_mean_Pa_s,2,0.6203730285892639,0.0,SVR_RBF,rheology_enhanced,5
SR,LOFO,4,4ALG6HA,Eta0_mean_Pa_s,3,0.6203730285892639,0.0,SVR_RBF,rheology_enhanced,5
SR,LOFO,4,4ALG6HA,Eta0_mean_Pa_s,4,0.6203730285892639,0.0,SVR_RBF,rheology_enhanced,5
SR,LOFO,4,4ALG6HA,Eta0_mean_Pa_s,5,0.6203730285892639,0.0,SVR_RBF,rheology_enhanced,5
SR,LOFO,4,4ALG6HA,Eta0_mean_Pa_s,6,0.6203730285892639,0.0,SVR_RBF,rheology_enhanced,5
SR,LOFO,4,4ALG6HA,Eta0_mean_Pa_s,7,0.6203730285892639,0.0,SVR_RBF,rheology_enhanced,5
SR,LOFO,4,4ALG6HA,Eta0_mean_Pa_s,8,0.6203730285892639,0.0,SVR_RBF,rheology_enhanced,5
SR,LOFO,4,4ALG6HA,Eta0_mean_Pa_s,9,0.6203730285892639,0.0,SVR_RBF,rheology_enhanced,5
SR,LOFO,4,4ALG6HA,Eta0_mean_Pa_s,10,0.6203730285892639,0.0,SVR_RBF,rheology_enhanced,5
SR,LOFO,4,4ALG6HA,Cross_m_mean,1,0.6203730285892639,0.0,SVR_RBF,rheology_enhanced,5
SR,LOFO,4,4ALG6HA,Cross_m_mean,2,0.6203730285892639,0.0,SVR_RBF,rheology_enhanced,5
SR,LOFO,4,4ALG6HA,Cross_m_mean,3,0.6203730285892639,0.0,SVR_RBF,rheology_enhanced,5
SR,LOFO,4,4ALG6HA,Cross_m_mean,4,0.6203730285892639,0.0,SVR_RBF,rheology_enhanced,5
SR,LOFO,4,4ALG6HA,Cross_m_mean,5,0.6203730285892639,0.0,SVR_RBF,rheology_enhanced,5
SR,LOFO,4,4ALG6HA,Cross_m_mean,6,0.6203730285892639,0.0,SVR_RBF,rheology_enhanced,5
SR,LOFO,4,4ALG6HA,Cross_m_mean,7,0.6203730285892639,0.0,SVR_RBF,rheology_enhanced,5
SR,LOFO,4,4ALG6HA,Cross_m_mean,8,0.6203730285892639,0.0,SVR_RBF,rheology_enhanced,5
SR,LOFO,4,4ALG6HA,Cross_m_mean,9,0.6203730285892639,0.0,SVR_RBF,rheology_enhanced,5
SR,LOFO,4,4ALG6HA,Cross_m_mean,10,0.6203730285892639,0.0,SVR_RBF,rheology_enhanced,5
SR,LOFO,4,4ALG6HA,Cross_k_mean_s,1,0.6203730285892639,0.0,SVR_RBF,rheology_enhanced,5
SR,LOFO,4,4ALG6HA,Cross_k_mean_s,2,0.6203730285892639,0.0,SVR_RBF,rheology_enhanced,5
SR,LOFO,4,4ALG6HA,Cross_k_mean_s,3,0.6203730285892639,0.0,SVR_RBF,rheology_enhanced,5
SR,LOFO,4,4ALG6HA,Cross_k_mean_s,4,0.6203730285892639,0.0,SVR_RBF,rheology_enhanced,5
SR,LOFO,4,4ALG6HA,Cross_k_mean_s,5,0.6203730285892639,0.0,SVR_RBF,rheology_enhanced,5
SR,LOFO,4,4ALG6HA,Cross_k_mean_s,6,0.6203730285892639,0.0,SVR_RBF,rheology_enhanced,5
SR,LOFO,4,4ALG6HA,Cross_k_mean_s,7,0.6203730285892639,0.0,SVR_RBF,rheology_enhanced,5
SR,LOFO,4,4ALG6HA,Cross_k_mean_s,8,0.6203730285892639,0.0,SVR_RBF,rheology_enhanced,5
SR,LOFO,4,4ALG6HA,Cross_k_mean_s,9,0.6203730285892639,0.0,SVR_RBF,rheology_enhanced,5
SR,LOFO,4,4ALG6HA,Cross_k_mean_s,10,0.6203730285892639,0.0,SVR_RBF,rheology_enhanced,5
SR,LOFO,4,4ALG6HA,G_prime_mean_Pa,1,0.6203730285892639,0.0,SVR_RBF,rheology_enhanced,5
SR,LOFO,4,4ALG6HA,G_prime_mean_Pa,2,0.6203730285892639,0.0,SVR_RBF,rheology_enhanced,5
SR,LOFO,4,4ALG6HA,G_prime_mean_Pa,3,0.6203730285892639,0.0,SVR_RBF,rheology_enhanced,5
SR,LOFO,4,4ALG6HA,G_prime_mean_Pa,4,0.6203730285892639,0.0,SVR_RBF,rheology_enhanced,5
SR,LOFO,4,4ALG6HA,G_prime_mean_Pa,5,0.6203730285892639,0.0,SVR_RBF,rheology_enhanced,5
SR,LOFO,4,4ALG6HA,G_prime_mean_Pa,6,0.6203730285892639,0.0,SVR_RBF,rheology_enhanced,5
SR,LOFO,4,4ALG6HA,G_prime_mean_Pa,7,0.6203730285892639,0.0,SVR_RBF,rheology_enhanced,5
SR,LOFO,4,4ALG6HA,G_prime_mean_Pa,8,0.6203730285892639,0.0,SVR_RBF,rheology_enhanced,5
SR,LOFO,4,4ALG6HA,G_prime_mean_Pa,9,0.6203730285892639,0.0,SVR_RBF,rheology_enhanced,5
SR,LOFO,4,4ALG6HA,G_prime_mean_Pa,10,0.6203730285892639,0.0,SVR_RBF,rheology_enhanced,5
SR,LOFO,4,4ALG6HA,G_double_prime_mean_Pa,1,0.6203730285892639,0.0,SVR_RBF,rheology_enhanced,5
SR,LOFO,4,4ALG6HA,G_double_prime_mean_Pa,2,0.6203730285892639,0.0,SVR_RBF,rheology_enhanced,5
SR,LOFO,4,4ALG6HA,G_double_prime_mean_Pa,3,0.6203730285892639,0.0,SVR_RBF,rheology_enhanced,5
SR,LOFO,4,4ALG6HA,G_double_prime_mean_Pa,4,0.6203730285892639,0.0,SVR_RBF,rheology_enhanced,5
SR,LOFO,4,4ALG6HA,G_double_prime_mean_Pa,5,0.6203730285892639,0.0,SVR_RBF,rheology_enhanced,5
SR,LOFO,4,4ALG6HA,G_double_prime_mean_Pa,6,0.6203730285892639,0.0,SVR_RBF,rheology_enhanced,5
SR,LOFO,4,4ALG6HA,G_double_prime_mean_Pa,7,0.6203730285892639,0.0,SVR_RBF,rheology_enhanced,5
SR,LOFO,4,4ALG6HA,G_double_prime_mean_Pa,8,0.6203730285892639,0.0,SVR_RBF,rheology_enhanced,5
SR,LOFO,4,4ALG6HA,G_double_prime_mean_Pa,9,0.6203730285892639,0.0,SVR_RBF,rheology_enhanced,5
SR,LOFO,4,4ALG6HA,G_double_prime_mean_Pa,10,0.6203730285892639,0.0,SVR_RBF,rheology_enhanced,5
SR,LOFO,4,4ALG6HA,Yield_stress_mean_Pa,1,0.6203730285892639,0.0,SVR_RBF,rheology_enhanced,5
SR,LOFO,4,4ALG6HA,Yield_stress_mean_Pa,2,0.6203730285892639,0.0,SVR_RBF,rheology_enhanced,5
SR,LOFO,4,4ALG6HA,Yield_stress_mean_Pa,3,0.6203730285892639,0.0,SVR_RBF,rheology_enhanced,5
SR,LOFO,4,4ALG6HA,Yield_stress_mean_Pa,4,0.6203730285892639,0.0,SVR_RBF,rheology_enhanced,5
SR,LOFO,4,4ALG6HA,Yield_stress_mean_Pa,5,0.6203730285892639,0.0,SVR_RBF,rheology_enhanced,5
SR,LOFO,4,4ALG6HA,Yield_stress_mean_Pa,6,0.6203730285892639,0.0,SVR_RBF,rheology_enhanced,5
SR,LOFO,4,4ALG6HA,Yield_stress_mean_Pa,7,0.6203730285892639,0.0,SVR_RBF,rheology_enhanced,5
SR,LOFO,4,4ALG6HA,Yield_stress_mean_Pa,8,0.6203730285892639,0.0,SVR_RBF,rheology_enhanced,5
SR,LOFO,4,4ALG6HA,Yield_stress_mean_Pa,9,0.6203730285892639,0.0,SVR_RBF,rheology_enhanced,5
SR,LOFO,4,4ALG6HA,Yield_stress_mean_Pa,10,0.6203730285892639,0.0,SVR_RBF,rheology_enhanced,5
SR,LOFO,5,4ALG8HA,Alg_mg_ml,1,0.9539140973315922,0.0,SVR_RBF,rheology_enhanced,5
SR,LOFO,5,4ALG8HA,Alg_mg_ml,2,0.9539140973315922,0.0,SVR_RBF,rheology_enhanced,5
SR,LOFO,5,4ALG8HA,Alg_mg_ml,3,0.9539140973315922,0.0,SVR_RBF,rheology_enhanced,5
SR,LOFO,5,4ALG8HA,Alg_mg_ml,4,0.9539140973315922,0.0,SVR_RBF,rheology_enhanced,5
SR,LOFO,5,4ALG8HA,Alg_mg_ml,5,0.9539140973315922,0.0,SVR_RBF,rheology_enhanced,5
SR,LOFO,5,4ALG8HA,Alg_mg_ml,6,0.9539140973315922,0.0,SVR_RBF,rheology_enhanced,5
SR,LOFO,5,4ALG8HA,Alg_mg_ml,7,0.9539140973315922,0.0,SVR_RBF,rheology_enhanced,5
SR,LOFO,5,4ALG8HA,Alg_mg_ml,8,0.9539140973315922,0.0,SVR_RBF,rheology_enhanced,5
SR,LOFO,5,4ALG8HA,Alg_mg_ml,9,0.9539140973315922,0.0,SVR_RBF,rheology_enhanced,5
SR,LOFO,5,4ALG8HA,Alg_mg_ml,10,0.9539140973315922,0.0,SVR_RBF,rheology_enhanced,5
SR,LOFO,5,4ALG8HA,HA_mg_ml,1,0.9539140973315922,0.0,SVR_RBF,rheology_enhanced,5
SR,LOFO,5,4ALG8HA,HA_mg_ml,2,0.9539140973315922,0.0,SVR_RBF,rheology_enhanced,5
SR,LOFO,5,4ALG8HA,HA_mg_ml,3,0.9539140973315922,0.0,SVR_RBF,rheology_enhanced,5
SR,LOFO,5,4ALG8HA,HA_mg_ml,4,0.9539140973315922,0.0,SVR_RBF,rheology_enhanced,5
SR,LOFO,5,4ALG8HA,HA_mg_ml,5,0.9539140973315922,0.0,SVR_RBF,rheology_enhanced,5
SR,LOFO,5,4ALG8HA,HA_mg_ml,6,0.9539140973315922,0.0,SVR_RBF,rheology_enhanced,5
SR,LOFO,5,4ALG8HA,HA_mg_ml,7,0.9539140973315922,0.0,SVR_RBF,rheology_enhanced,5
SR,LOFO,5,4ALG8HA,HA_mg_ml,8,0.9539140973315922,0.0,SVR_RBF,rheology_enhanced,5
SR,LOFO,5,4ALG8HA,HA_mg_ml,9,0.9539140973315922,0.0,SVR_RBF,rheology_enhanced,5
SR,LOFO,5,4ALG8HA,HA_mg_ml,10,0.9539140973315922,0.0,SVR_RBF,rheology_enhanced,5
SR,LOFO,5,4ALG8HA,Pressure_kPa,1,0.9539140973315922,-0.016401325778379383,SVR_RBF,rheology_enhanced,5
SR,LOFO,5,4ALG8HA,Pressure_kPa,2,0.9539140973315922,0.023736397464928394,SVR_RBF,rheology_enhanced,5
SR,LOFO,5,4ALG8HA,Pressure_kPa,3,0.9539140973315922,-0.006138844816451328,SVR_RBF,rheology_enhanced,5
SR,LOFO,5,4ALG8HA,Pressure_kPa,4,0.9539140973315922,0.04251454837818491,SVR_RBF,rheology_enhanced,5
SR,LOFO,5,4ALG8HA,Pressure_kPa,5,0.9539140973315922,0.0579313977643946,SVR_RBF,rheology_enhanced,5
SR,LOFO,5,4ALG8HA,Pressure_kPa,6,0.9539140973315922,0.02249220054692025,SVR_RBF,rheology_enhanced,5
SR,LOFO,5,4ALG8HA,Pressure_kPa,7,0.9539140973315922,0.02775448253144519,SVR_RBF,rheology_enhanced,5
SR,LOFO,5,4ALG8HA,Pressure_kPa,8,0.9539140973315922,0.04125604235757796,SVR_RBF,rheology_enhanced,5
SR,LOFO,5,4ALG8HA,Pressure_kPa,9,0.9539140973315922,-0.0017027497992149199,SVR_RBF,rheology_enhanced,5
SR,LOFO,5,4ALG8HA,Pressure_kPa,10,0.9539140973315922,0.01037361650231372,SVR_RBF,rheology_enhanced,5
SR,LOFO,5,4ALG8HA,TP,1,0.9539140973315922,0.0,SVR_RBF,rheology_enhanced,5
SR,LOFO,5,4ALG8HA,TP,2,0.9539140973315922,0.0,SVR_RBF,rheology_enhanced,5
SR,LOFO,5,4ALG8HA,TP,3,0.9539140973315922,0.0,SVR_RBF,rheology_enhanced,5
SR,LOFO,5,4ALG8HA,TP,4,0.9539140973315922,0.0,SVR_RBF,rheology_enhanced,5
SR,LOFO,5,4ALG8HA,TP,5,0.9539140973315922,0.0,SVR_RBF,rheology_enhanced,5
SR,LOFO,5,4ALG8HA,TP,6,0.9539140973315922,0.0,SVR_RBF,rheology_enhanced,5
SR,LOFO,5,4ALG8HA,TP,7,0.9539140973315922,0.0,SVR_RBF,rheology_enhanced,5
SR,LOFO,5,4ALG8HA,TP,8,0.9539140973315922,0.0,SVR_RBF,rheology_enhanced,5
SR,LOFO,5,4ALG8HA,TP,9,0.9539140973315922,0.0,SVR_RBF,rheology_enhanced,5
SR,LOFO,5,4ALG8HA,TP,10,0.9539140973315922,0.0,SVR_RBF,rheology_enhanced,5
SR,LOFO,5,4ALG8HA,HF,1,0.9539140973315922,0.0,SVR_RBF,rheology_enhanced,5
SR,LOFO,5,4ALG8HA,HF,2,0.9539140973315922,0.0,SVR_RBF,rheology_enhanced,5
SR,LOFO,5,4ALG8HA,HF,3,0.9539140973315922,0.0,SVR_RBF,rheology_enhanced,5
SR,LOFO,5,4ALG8HA,HF,4,0.9539140973315922,0.0,SVR_RBF,rheology_enhanced,5
SR,LOFO,5,4ALG8HA,HF,5,0.9539140973315922,0.0,SVR_RBF,rheology_enhanced,5
SR,LOFO,5,4ALG8HA,HF,6,0.9539140973315922,0.0,SVR_RBF,rheology_enhanced,5
SR,LOFO,5,4ALG8HA,HF,7,0.9539140973315922,0.0,SVR_RBF,rheology_enhanced,5
SR,LOFO,5,4ALG8HA,HF,8,0.9539140973315922,0.0,SVR_RBF,rheology_enhanced,5
SR,LOFO,5,4ALG8HA,HF,9,0.9539140973315922,0.0,SVR_RBF,rheology_enhanced,5
SR,LOFO,5,4ALG8HA,HF,10,0.9539140973315922,0.0,SVR_RBF,rheology_enhanced,5
SR,LOFO,5,4ALG8HA,Alg_HA_ratio_safe,1,0.9539140973315922,0.0,SVR_RBF,rheology_enhanced,5
SR,LOFO,5,4ALG8HA,Alg_HA_ratio_safe,2,0.9539140973315922,0.0,SVR_RBF,rheology_enhanced,5
SR,LOFO,5,4ALG8HA,Alg_HA_ratio_safe,3,0.9539140973315922,0.0,SVR_RBF,rheology_enhanced,5
SR,LOFO,5,4ALG8HA,Alg_HA_ratio_safe,4,0.9539140973315922,0.0,SVR_RBF,rheology_enhanced,5
SR,LOFO,5,4ALG8HA,Alg_HA_ratio_safe,5,0.9539140973315922,0.0,SVR_RBF,rheology_enhanced,5
SR,LOFO,5,4ALG8HA,Alg_HA_ratio_safe,6,0.9539140973315922,0.0,SVR_RBF,rheology_enhanced,5
SR,LOFO,5,4ALG8HA,Alg_HA_ratio_safe,7,0.9539140973315922,0.0,SVR_RBF,rheology_enhanced,5
SR,LOFO,5,4ALG8HA,Alg_HA_ratio_safe,8,0.9539140973315922,0.0,SVR_RBF,rheology_enhanced,5
SR,LOFO,5,4ALG8HA,Alg_HA_ratio_safe,9,0.9539140973315922,0.0,SVR_RBF,rheology_enhanced,5
SR,LOFO,5,4ALG8HA,Alg_HA_ratio_safe,10,0.9539140973315922,0.0,SVR_RBF,rheology_enhanced,5
SR,LOFO,5,4ALG8HA,P_over_TP,1,0.9539140973315922,-0.028155421166508043,SVR_RBF,rheology_enhanced,5
SR,LOFO,5,4ALG8HA,P_over_TP,2,0.9539140973315922,0.07391044512798628,SVR_RBF,rheology_enhanced,5
SR,LOFO,5,4ALG8HA,P_over_TP,3,0.9539140973315922,-0.007590505309273521,SVR_RBF,rheology_enhanced,5
SR,LOFO,5,4ALG8HA,P_over_TP,4,0.9539140973315922,0.12953089067704482,SVR_RBF,rheology_enhanced,5
SR,LOFO,5,4ALG8HA,P_over_TP,5,0.9539140973315922,0.16362436641900768,SVR_RBF,rheology_enhanced,5
SR,LOFO,5,4ALG8HA,P_over_TP,6,0.9539140973315922,0.0816413493197593,SVR_RBF,rheology_enhanced,5
SR,LOFO,5,4ALG8HA,P_over_TP,7,0.9539140973315922,0.09191903299972559,SVR_RBF,rheology_enhanced,5
SR,LOFO,5,4ALG8HA,P_over_TP,8,0.9539140973315922,0.1070028300525131,SVR_RBF,rheology_enhanced,5
SR,LOFO,5,4ALG8HA,P_over_TP,9,0.9539140973315922,0.01570672601819334,SVR_RBF,rheology_enhanced,5
SR,LOFO,5,4ALG8HA,P_over_TP,10,0.9539140973315922,0.04267273394857285,SVR_RBF,rheology_enhanced,5
SR,LOFO,5,4ALG8HA,P_over_Alg,1,0.9539140973315922,-0.003159675673380935,SVR_RBF,rheology_enhanced,5
SR,LOFO,5,4ALG8HA,P_over_Alg,2,0.9539140973315922,0.0028014310700407163,SVR_RBF,rheology_enhanced,5
SR,LOFO,5,4ALG8HA,P_over_Alg,3,0.9539140973315922,-0.0013257321511136455,SVR_RBF,rheology_enhanced,5
SR,LOFO,5,4ALG8HA,P_over_Alg,4,0.9539140973315922,0.004118556874364909,SVR_RBF,rheology_enhanced,5
SR,LOFO,5,4ALG8HA,P_over_Alg,5,0.9539140973315922,0.006846597478636474,SVR_RBF,rheology_enhanced,5
SR,LOFO,5,4ALG8HA,P_over_Alg,6,0.9539140973315922,0.001730348146487426,SVR_RBF,rheology_enhanced,5
SR,LOFO,5,4ALG8HA,P_over_Alg,7,0.9539140973315922,0.003192297585974835,SVR_RBF,rheology_enhanced,5
SR,LOFO,5,4ALG8HA,P_over_Alg,8,0.9539140973315922,0.005436885440655237,SVR_RBF,rheology_enhanced,5
SR,LOFO,5,4ALG8HA,P_over_Alg,9,0.9539140973315922,-0.0021108665401482485,SVR_RBF,rheology_enhanced,5
SR,LOFO,5,4ALG8HA,P_over_Alg,10,0.9539140973315922,-5.621689421198006e-06,SVR_RBF,rheology_enhanced,5
SR,LOFO,5,4ALG8HA,P_over_HA,1,0.9539140973315922,-0.005327906647060621,SVR_RBF,rheology_enhanced,5
SR,LOFO,5,4ALG8HA,P_over_HA,2,0.9539140973315922,0.004952926381219247,SVR_RBF,rheology_enhanced,5
SR,LOFO,5,4ALG8HA,P_over_HA,3,0.9539140973315922,-0.0021180316691743473,SVR_RBF,rheology_enhanced,5
SR,LOFO,5,4ALG8HA,P_over_HA,4,0.9539140973315922,0.007019441263175885,SVR_RBF,rheology_enhanced,5
SR,LOFO,5,4ALG8HA,P_over_HA,5,0.9539140973315922,0.011547156860759134,SVR_RBF,rheology_enhanced,5
SR,LOFO,5,4ALG8HA,P_over_HA,6,0.9539140973315922,0.003192194310151608,SVR_RBF,rheology_enhanced,5
SR,LOFO,5,4ALG8HA,P_over_HA,7,0.9539140973315922,0.005443637840659377,SVR_RBF,rheology_enhanced,5
SR,LOFO,5,4ALG8HA,P_over_HA,8,0.9539140973315922,0.00919643708891138,SVR_RBF,rheology_enhanced,5
SR,LOFO,5,4ALG8HA,P_over_HA,9,0.9539140973315922,-0.003454539267369827,SVR_RBF,rheology_enhanced,5
SR,LOFO,5,4ALG8HA,P_over_HA,10,0.9539140973315922,-3.347095939565392e-05,SVR_RBF,rheology_enhanced,5
SR,LOFO,5,4ALG8HA,Alg_x_HA,1,0.9539140973315922,0.0,SVR_RBF,rheology_enhanced,5
SR,LOFO,5,4ALG8HA,Alg_x_HA,2,0.9539140973315922,0.0,SVR_RBF,rheology_enhanced,5
SR,LOFO,5,4ALG8HA,Alg_x_HA,3,0.9539140973315922,0.0,SVR_RBF,rheology_enhanced,5
SR,LOFO,5,4ALG8HA,Alg_x_HA,4,0.9539140973315922,0.0,SVR_RBF,rheology_enhanced,5
SR,LOFO,5,4ALG8HA,Alg_x_HA,5,0.9539140973315922,0.0,SVR_RBF,rheology_enhanced,5
SR,LOFO,5,4ALG8HA,Alg_x_HA,6,0.9539140973315922,0.0,SVR_RBF,rheology_enhanced,5
SR,LOFO,5,4ALG8HA,Alg_x_HA,7,0.9539140973315922,0.0,SVR_RBF,rheology_enhanced,5
SR,LOFO,5,4ALG8HA,Alg_x_HA,8,0.9539140973315922,0.0,SVR_RBF,rheology_enhanced,5
SR,LOFO,5,4ALG8HA,Alg_x_HA,9,0.9539140973315922,0.0,SVR_RBF,rheology_enhanced,5
SR,LOFO,5,4ALG8HA,Alg_x_HA,10,0.9539140973315922,0.0,SVR_RBF,rheology_enhanced,5
SR,LOFO,5,4ALG8HA,Alg_x_P,1,0.9539140973315922,-0.002174499367878946,SVR_RBF,rheology_enhanced,5
SR,LOFO,5,4ALG8HA,Alg_x_P,2,0.9539140973315922,0.00539414355596346,SVR_RBF,rheology_enhanced,5
SR,LOFO,5,4ALG8HA,Alg_x_P,3,0.9539140973315922,-0.000595259892223865,SVR_RBF,rheology_enhanced,5
SR,LOFO,5,4ALG8HA,Alg_x_P,4,0.9539140973315922,0.010024198846836585,SVR_RBF,rheology_enhanced,5
SR,LOFO,5,4ALG8HA,Alg_x_P,5,0.9539140973315922,0.012069070187169628,SVR_RBF,rheology_enhanced,5
SR,LOFO,5,4ALG8HA,Alg_x_P,6,0.9539140973315922,0.005677090421327802,SVR_RBF,rheology_enhanced,5
SR,LOFO,5,4ALG8HA,Alg_x_P,7,0.9539140973315922,0.0053085772285091926,SVR_RBF,rheology_enhanced,5
SR,LOFO,5,4ALG8HA,Alg_x_P,8,0.9539140973315922,0.008490021508645085,SVR_RBF,rheology_enhanced,5
SR,LOFO,5,4ALG8HA,Alg_x_P,9,0.9539140973315922,0.0016849755644794406,SVR_RBF,rheology_enhanced,5
SR,LOFO,5,4ALG8HA,Alg_x_P,10,0.9539140973315922,0.003598383481907219,SVR_RBF,rheology_enhanced,5
SR,LOFO,5,4ALG8HA,HA_x_P,1,0.9539140973315922,-0.0055667660952554154,SVR_RBF,rheology_enhanced,5
SR,LOFO,5,4ALG8HA,HA_x_P,2,0.9539140973315922,0.015341434343225546,SVR_RBF,rheology_enhanced,5
SR,LOFO,5,4ALG8HA,HA_x_P,3,0.9539140973315922,-0.0015897196623793075,SVR_RBF,rheology_enhanced,5
SR,LOFO,5,4ALG8HA,HA_x_P,4,0.9539140973315922,0.03086455354008355,SVR_RBF,rheology_enhanced,5
SR,LOFO,5,4ALG8HA,HA_x_P,5,0.9539140973315922,0.03658162735018666,SVR_RBF,rheology_enhanced,5
SR,LOFO,5,4ALG8HA,HA_x_P,6,0.9539140973315922,0.01729753892431396,SVR_RBF,rheology_enhanced,5
SR,LOFO,5,4ALG8HA,HA_x_P,7,0.9539140973315922,0.01618387060850357,SVR_RBF,rheology_enhanced,5
SR,LOFO,5,4ALG8HA,HA_x_P,8,0.9539140973315922,0.025105142822416937,SVR_RBF,rheology_enhanced,5
SR,LOFO,5,4ALG8HA,HA_x_P,9,0.9539140973315922,0.006353433375066553,SVR_RBF,rheology_enhanced,5
SR,LOFO,5,4ALG8HA,HA_x_P,10,0.9539140973315922,0.01180130964425663,SVR_RBF,rheology_enhanced,5
SR,LOFO,5,4ALG8HA,TP_x_P,1,0.9539140973315922,-0.0062664830986205455,SVR_RBF,rheology_enhanced,5
SR,LOFO,5,4ALG8HA,TP_x_P,2,0.9539140973315922,0.014754656237756403,SVR_RBF,rheology_enhanced,5
SR,LOFO,5,4ALG8HA,TP_x_P,3,0.9539140973315922,-0.001975178138210021,SVR_RBF,rheology_enhanced,5
SR,LOFO,5,4ALG8HA,TP_x_P,4,0.9539140973315922,0.0292685326507649,SVR_RBF,rheology_enhanced,5
SR,LOFO,5,4ALG8HA,TP_x_P,5,0.9539140973315922,0.035421504147794214,SVR_RBF,rheology_enhanced,5
SR,LOFO,5,4ALG8HA,TP_x_P,6,0.9539140973315922,0.016213694422033686,SVR_RBF,rheology_enhanced,5
SR,LOFO,5,4ALG8HA,TP_x_P,7,0.9539140973315922,0.01567350805020995,SVR_RBF,rheology_enhanced,5
SR,LOFO,5,4ALG8HA,TP_x_P,8,0.9539140973315922,0.024489075483205114,SVR_RBF,rheology_enhanced,5
SR,LOFO,5,4ALG8HA,TP_x_P,9,0.9539140973315922,0.005191688508903725,SVR_RBF,rheology_enhanced,5
SR,LOFO,5,4ALG8HA,TP_x_P,10,0.9539140973315922,0.010660582633486904,SVR_RBF,rheology_enhanced,5
SR,LOFO,5,4ALG8HA,HF_x_P,1,0.9539140973315922,-0.010455668691699671,SVR_RBF,rheology_enhanced,5
SR,LOFO,5,4ALG8HA,HF_x_P,2,0.9539140973315922,0.013879744242071168,SVR_RBF,rheology_enhanced,5
SR,LOFO,5,4ALG8HA,HF_x_P,3,0.9539140973315922,-0.0038738943964469197,SVR_RBF,rheology_enhanced,5
SR,LOFO,5,4ALG8HA,HF_x_P,4,0.9539140973315922,0.024645137463974454,SVR_RBF,rheology_enhanced,5
SR,LOFO,5,4ALG8HA,HF_x_P,5,0.9539140973315922,0.03410278709198045,SVR_RBF,rheology_enhanced,5
SR,LOFO,5,4ALG8HA,HF_x_P,6,0.9539140973315922,0.012455420181186727,SVR_RBF,rheology_enhanced,5
SR,LOFO,5,4ALG8HA,HF_x_P,7,0.9539140973315922,0.015490942981375544,SVR_RBF,rheology_enhanced,5
SR,LOFO,5,4ALG8HA,HF_x_P,8,0.9539140973315922,0.02521535245246953,SVR_RBF,rheology_enhanced,5
SR,LOFO,5,4ALG8HA,HF_x_P,9,0.9539140973315922,-0.0024344098645743273,SVR_RBF,rheology_enhanced,5
SR,LOFO,5,4ALG8HA,HF_x_P,10,0.9539140973315922,0.005207968031496812,SVR_RBF,rheology_enhanced,5
SR,LOFO,5,4ALG8HA,Eta0_mean_Pa_s,1,0.9539140973315922,0.0,SVR_RBF,rheology_enhanced,5
SR,LOFO,5,4ALG8HA,Eta0_mean_Pa_s,2,0.9539140973315922,0.0,SVR_RBF,rheology_enhanced,5
SR,LOFO,5,4ALG8HA,Eta0_mean_Pa_s,3,0.9539140973315922,0.0,SVR_RBF,rheology_enhanced,5
SR,LOFO,5,4ALG8HA,Eta0_mean_Pa_s,4,0.9539140973315922,0.0,SVR_RBF,rheology_enhanced,5
SR,LOFO,5,4ALG8HA,Eta0_mean_Pa_s,5,0.9539140973315922,0.0,SVR_RBF,rheology_enhanced,5
SR,LOFO,5,4ALG8HA,Eta0_mean_Pa_s,6,0.9539140973315922,0.0,SVR_RBF,rheology_enhanced,5
SR,LOFO,5,4ALG8HA,Eta0_mean_Pa_s,7,0.9539140973315922,0.0,SVR_RBF,rheology_enhanced,5
SR,LOFO,5,4ALG8HA,Eta0_mean_Pa_s,8,0.9539140973315922,0.0,SVR_RBF,rheology_enhanced,5
SR,LOFO,5,4ALG8HA,Eta0_mean_Pa_s,9,0.9539140973315922,0.0,SVR_RBF,rheology_enhanced,5
SR,LOFO,5,4ALG8HA,Eta0_mean_Pa_s,10,0.9539140973315922,0.0,SVR_RBF,rheology_enhanced,5
SR,LOFO,5,4ALG8HA,Cross_m_mean,1,0.9539140973315922,0.0,SVR_RBF,rheology_enhanced,5
SR,LOFO,5,4ALG8HA,Cross_m_mean,2,0.9539140973315922,0.0,SVR_RBF,rheology_enhanced,5
SR,LOFO,5,4ALG8HA,Cross_m_mean,3,0.9539140973315922,0.0,SVR_RBF,rheology_enhanced,5
SR,LOFO,5,4ALG8HA,Cross_m_mean,4,0.9539140973315922,0.0,SVR_RBF,rheology_enhanced,5
SR,LOFO,5,4ALG8HA,Cross_m_mean,5,0.9539140973315922,0.0,SVR_RBF,rheology_enhanced,5
SR,LOFO,5,4ALG8HA,Cross_m_mean,6,0.9539140973315922,0.0,SVR_RBF,rheology_enhanced,5
SR,LOFO,5,4ALG8HA,Cross_m_mean,7,0.9539140973315922,0.0,SVR_RBF,rheology_enhanced,5
SR,LOFO,5,4ALG8HA,Cross_m_mean,8,0.9539140973315922,0.0,SVR_RBF,rheology_enhanced,5
SR,LOFO,5,4ALG8HA,Cross_m_mean,9,0.9539140973315922,0.0,SVR_RBF,rheology_enhanced,5
SR,LOFO,5,4ALG8HA,Cross_m_mean,10,0.9539140973315922,0.0,SVR_RBF,rheology_enhanced,5
SR,LOFO,5,4ALG8HA,Cross_k_mean_s,1,0.9539140973315922,0.0,SVR_RBF,rheology_enhanced,5
SR,LOFO,5,4ALG8HA,Cross_k_mean_s,2,0.9539140973315922,0.0,SVR_RBF,rheology_enhanced,5
SR,LOFO,5,4ALG8HA,Cross_k_mean_s,3,0.9539140973315922,0.0,SVR_RBF,rheology_enhanced,5
SR,LOFO,5,4ALG8HA,Cross_k_mean_s,4,0.9539140973315922,0.0,SVR_RBF,rheology_enhanced,5
SR,LOFO,5,4ALG8HA,Cross_k_mean_s,5,0.9539140973315922,0.0,SVR_RBF,rheology_enhanced,5
SR,LOFO,5,4ALG8HA,Cross_k_mean_s,6,0.9539140973315922,0.0,SVR_RBF,rheology_enhanced,5
SR,LOFO,5,4ALG8HA,Cross_k_mean_s,7,0.9539140973315922,0.0,SVR_RBF,rheology_enhanced,5
SR,LOFO,5,4ALG8HA,Cross_k_mean_s,8,0.9539140973315922,0.0,SVR_RBF,rheology_enhanced,5
SR,LOFO,5,4ALG8HA,Cross_k_mean_s,9,0.9539140973315922,0.0,SVR_RBF,rheology_enhanced,5
SR,LOFO,5,4ALG8HA,Cross_k_mean_s,10,0.9539140973315922,0.0,SVR_RBF,rheology_enhanced,5
SR,LOFO,5,4ALG8HA,G_prime_mean_Pa,1,0.9539140973315922,0.0,SVR_RBF,rheology_enhanced,5
SR,LOFO,5,4ALG8HA,G_prime_mean_Pa,2,0.9539140973315922,0.0,SVR_RBF,rheology_enhanced,5
SR,LOFO,5,4ALG8HA,G_prime_mean_Pa,3,0.9539140973315922,0.0,SVR_RBF,rheology_enhanced,5
SR,LOFO,5,4ALG8HA,G_prime_mean_Pa,4,0.9539140973315922,0.0,SVR_RBF,rheology_enhanced,5
SR,LOFO,5,4ALG8HA,G_prime_mean_Pa,5,0.9539140973315922,0.0,SVR_RBF,rheology_enhanced,5
SR,LOFO,5,4ALG8HA,G_prime_mean_Pa,6,0.9539140973315922,0.0,SVR_RBF,rheology_enhanced,5
SR,LOFO,5,4ALG8HA,G_prime_mean_Pa,7,0.9539140973315922,0.0,SVR_RBF,rheology_enhanced,5
SR,LOFO,5,4ALG8HA,G_prime_mean_Pa,8,0.9539140973315922,0.0,SVR_RBF,rheology_enhanced,5
SR,LOFO,5,4ALG8HA,G_prime_mean_Pa,9,0.9539140973315922,0.0,SVR_RBF,rheology_enhanced,5
SR,LOFO,5,4ALG8HA,G_prime_mean_Pa,10,0.9539140973315922,0.0,SVR_RBF,rheology_enhanced,5
SR,LOFO,5,4ALG8HA,G_double_prime_mean_Pa,1,0.9539140973315922,0.0,SVR_RBF,rheology_enhanced,5
SR,LOFO,5,4ALG8HA,G_double_prime_mean_Pa,2,0.9539140973315922,0.0,SVR_RBF,rheology_enhanced,5
SR,LOFO,5,4ALG8HA,G_double_prime_mean_Pa,3,0.9539140973315922,0.0,SVR_RBF,rheology_enhanced,5
SR,LOFO,5,4ALG8HA,G_double_prime_mean_Pa,4,0.9539140973315922,0.0,SVR_RBF,rheology_enhanced,5
SR,LOFO,5,4ALG8HA,G_double_prime_mean_Pa,5,0.9539140973315922,0.0,SVR_RBF,rheology_enhanced,5
SR,LOFO,5,4ALG8HA,G_double_prime_mean_Pa,6,0.9539140973315922,0.0,SVR_RBF,rheology_enhanced,5
SR,LOFO,5,4ALG8HA,G_double_prime_mean_Pa,7,0.9539140973315922,0.0,SVR_RBF,rheology_enhanced,5
SR,LOFO,5,4ALG8HA,G_double_prime_mean_Pa,8,0.9539140973315922,0.0,SVR_RBF,rheology_enhanced,5
SR,LOFO,5,4ALG8HA,G_double_prime_mean_Pa,9,0.9539140973315922,0.0,SVR_RBF,rheology_enhanced,5
SR,LOFO,5,4ALG8HA,G_double_prime_mean_Pa,10,0.9539140973315922,0.0,SVR_RBF,rheology_enhanced,5
SR,LOFO,5,4ALG8HA,Yield_stress_mean_Pa,1,0.9539140973315922,0.0,SVR_RBF,rheology_enhanced,5
SR,LOFO,5,4ALG8HA,Yield_stress_mean_Pa,2,0.9539140973315922,0.0,SVR_RBF,rheology_enhanced,5
SR,LOFO,5,4ALG8HA,Yield_stress_mean_Pa,3,0.9539140973315922,0.0,SVR_RBF,rheology_enhanced,5
SR,LOFO,5,4ALG8HA,Yield_stress_mean_Pa,4,0.9539140973315922,0.0,SVR_RBF,rheology_enhanced,5
SR,LOFO,5,4ALG8HA,Yield_stress_mean_Pa,5,0.9539140973315922,0.0,SVR_RBF,rheology_enhanced,5
SR,LOFO,5,4ALG8HA,Yield_stress_mean_Pa,6,0.9539140973315922,0.0,SVR_RBF,rheology_enhanced,5
SR,LOFO,5,4ALG8HA,Yield_stress_mean_Pa,7,0.9539140973315922,0.0,SVR_RBF,rheology_enhanced,5
SR,LOFO,5,4ALG8HA,Yield_stress_mean_Pa,8,0.9539140973315922,0.0,SVR_RBF,rheology_enhanced,5
SR,LOFO,5,4ALG8HA,Yield_stress_mean_Pa,9,0.9539140973315922,0.0,SVR_RBF,rheology_enhanced,5
SR,LOFO,5,4ALG8HA,Yield_stress_mean_Pa,10,0.9539140973315922,0.0,SVR_RBF,rheology_enhanced,5
SR,LOFO,6,6ALG2HA,Alg_mg_ml,1,1.250849763542185,0.0,SVR_RBF,rheology_enhanced,6
SR,LOFO,6,6ALG2HA,Alg_mg_ml,2,1.250849763542185,0.0,SVR_RBF,rheology_enhanced,6
SR,LOFO,6,6ALG2HA,Alg_mg_ml,3,1.250849763542185,0.0,SVR_RBF,rheology_enhanced,6
SR,LOFO,6,6ALG2HA,Alg_mg_ml,4,1.250849763542185,0.0,SVR_RBF,rheology_enhanced,6
SR,LOFO,6,6ALG2HA,Alg_mg_ml,5,1.250849763542185,0.0,SVR_RBF,rheology_enhanced,6
SR,LOFO,6,6ALG2HA,Alg_mg_ml,6,1.250849763542185,0.0,SVR_RBF,rheology_enhanced,6
SR,LOFO,6,6ALG2HA,Alg_mg_ml,7,1.250849763542185,0.0,SVR_RBF,rheology_enhanced,6
SR,LOFO,6,6ALG2HA,Alg_mg_ml,8,1.250849763542185,0.0,SVR_RBF,rheology_enhanced,6
SR,LOFO,6,6ALG2HA,Alg_mg_ml,9,1.250849763542185,0.0,SVR_RBF,rheology_enhanced,6
SR,LOFO,6,6ALG2HA,Alg_mg_ml,10,1.250849763542185,0.0,SVR_RBF,rheology_enhanced,6
SR,LOFO,6,6ALG2HA,HA_mg_ml,1,1.250849763542185,0.0,SVR_RBF,rheology_enhanced,6
SR,LOFO,6,6ALG2HA,HA_mg_ml,2,1.250849763542185,0.0,SVR_RBF,rheology_enhanced,6
SR,LOFO,6,6ALG2HA,HA_mg_ml,3,1.250849763542185,0.0,SVR_RBF,rheology_enhanced,6
SR,LOFO,6,6ALG2HA,HA_mg_ml,4,1.250849763542185,0.0,SVR_RBF,rheology_enhanced,6
SR,LOFO,6,6ALG2HA,HA_mg_ml,5,1.250849763542185,0.0,SVR_RBF,rheology_enhanced,6
SR,LOFO,6,6ALG2HA,HA_mg_ml,6,1.250849763542185,0.0,SVR_RBF,rheology_enhanced,6
SR,LOFO,6,6ALG2HA,HA_mg_ml,7,1.250849763542185,0.0,SVR_RBF,rheology_enhanced,6
SR,LOFO,6,6ALG2HA,HA_mg_ml,8,1.250849763542185,0.0,SVR_RBF,rheology_enhanced,6
SR,LOFO,6,6ALG2HA,HA_mg_ml,9,1.250849763542185,0.0,SVR_RBF,rheology_enhanced,6
SR,LOFO,6,6ALG2HA,HA_mg_ml,10,1.250849763542185,0.0,SVR_RBF,rheology_enhanced,6
SR,LOFO,6,6ALG2HA,Pressure_kPa,1,1.250849763542185,0.0023261805074490383,SVR_RBF,rheology_enhanced,6
SR,LOFO,6,6ALG2HA,Pressure_kPa,2,1.250849763542185,0.0,SVR_RBF,rheology_enhanced,6
SR,LOFO,6,6ALG2HA,Pressure_kPa,3,1.250849763542185,0.0032954301905550043,SVR_RBF,rheology_enhanced,6
SR,LOFO,6,6ALG2HA,Pressure_kPa,4,1.250849763542185,-0.0028791963223218087,SVR_RBF,rheology_enhanced,6
SR,LOFO,6,6ALG2HA,Pressure_kPa,5,1.250849763542185,0.004543116077592613,SVR_RBF,rheology_enhanced,6
SR,LOFO,6,6ALG2HA,Pressure_kPa,6,1.250849763542185,0.0022747093922603767,SVR_RBF,rheology_enhanced,6
SR,LOFO,6,6ALG2HA,Pressure_kPa,7,1.250849763542185,0.0032938777148572296,SVR_RBF,rheology_enhanced,6
SR,LOFO,6,6ALG2HA,Pressure_kPa,8,1.250849763542185,-0.0034335029708802978,SVR_RBF,rheology_enhanced,6
SR,LOFO,6,6ALG2HA,Pressure_kPa,9,1.250849763542185,-0.0036324589910490257,SVR_RBF,rheology_enhanced,6
SR,LOFO,6,6ALG2HA,Pressure_kPa,10,1.250849763542185,0.0004858462492953741,SVR_RBF,rheology_enhanced,6
SR,LOFO,6,6ALG2HA,TP,1,1.250849763542185,0.0,SVR_RBF,rheology_enhanced,6
SR,LOFO,6,6ALG2HA,TP,2,1.250849763542185,0.0,SVR_RBF,rheology_enhanced,6
SR,LOFO,6,6ALG2HA,TP,3,1.250849763542185,0.0,SVR_RBF,rheology_enhanced,6
SR,LOFO,6,6ALG2HA,TP,4,1.250849763542185,0.0,SVR_RBF,rheology_enhanced,6
SR,LOFO,6,6ALG2HA,TP,5,1.250849763542185,0.0,SVR_RBF,rheology_enhanced,6
SR,LOFO,6,6ALG2HA,TP,6,1.250849763542185,0.0,SVR_RBF,rheology_enhanced,6
SR,LOFO,6,6ALG2HA,TP,7,1.250849763542185,0.0,SVR_RBF,rheology_enhanced,6
SR,LOFO,6,6ALG2HA,TP,8,1.250849763542185,0.0,SVR_RBF,rheology_enhanced,6
SR,LOFO,6,6ALG2HA,TP,9,1.250849763542185,0.0,SVR_RBF,rheology_enhanced,6
SR,LOFO,6,6ALG2HA,TP,10,1.250849763542185,0.0,SVR_RBF,rheology_enhanced,6
SR,LOFO,6,6ALG2HA,HF,1,1.250849763542185,0.0,SVR_RBF,rheology_enhanced,6
SR,LOFO,6,6ALG2HA,HF,2,1.250849763542185,0.0,SVR_RBF,rheology_enhanced,6
SR,LOFO,6,6ALG2HA,HF,3,1.250849763542185,0.0,SVR_RBF,rheology_enhanced,6
SR,LOFO,6,6ALG2HA,HF,4,1.250849763542185,0.0,SVR_RBF,rheology_enhanced,6
SR,LOFO,6,6ALG2HA,HF,5,1.250849763542185,0.0,SVR_RBF,rheology_enhanced,6
SR,LOFO,6,6ALG2HA,HF,6,1.250849763542185,0.0,SVR_RBF,rheology_enhanced,6
SR,LOFO,6,6ALG2HA,HF,7,1.250849763542185,0.0,SVR_RBF,rheology_enhanced,6
SR,LOFO,6,6ALG2HA,HF,8,1.250849763542185,0.0,SVR_RBF,rheology_enhanced,6
SR,LOFO,6,6ALG2HA,HF,9,1.250849763542185,0.0,SVR_RBF,rheology_enhanced,6
SR,LOFO,6,6ALG2HA,HF,10,1.250849763542185,0.0,SVR_RBF,rheology_enhanced,6
SR,LOFO,6,6ALG2HA,Alg_HA_ratio_safe,1,1.250849763542185,0.0,SVR_RBF,rheology_enhanced,6
SR,LOFO,6,6ALG2HA,Alg_HA_ratio_safe,2,1.250849763542185,0.0,SVR_RBF,rheology_enhanced,6
SR,LOFO,6,6ALG2HA,Alg_HA_ratio_safe,3,1.250849763542185,0.0,SVR_RBF,rheology_enhanced,6
SR,LOFO,6,6ALG2HA,Alg_HA_ratio_safe,4,1.250849763542185,0.0,SVR_RBF,rheology_enhanced,6
SR,LOFO,6,6ALG2HA,Alg_HA_ratio_safe,5,1.250849763542185,0.0,SVR_RBF,rheology_enhanced,6
SR,LOFO,6,6ALG2HA,Alg_HA_ratio_safe,6,1.250849763542185,0.0,SVR_RBF,rheology_enhanced,6
SR,LOFO,6,6ALG2HA,Alg_HA_ratio_safe,7,1.250849763542185,0.0,SVR_RBF,rheology_enhanced,6
SR,LOFO,6,6ALG2HA,Alg_HA_ratio_safe,8,1.250849763542185,0.0,SVR_RBF,rheology_enhanced,6
SR,LOFO,6,6ALG2HA,Alg_HA_ratio_safe,9,1.250849763542185,0.0,SVR_RBF,rheology_enhanced,6
SR,LOFO,6,6ALG2HA,Alg_HA_ratio_safe,10,1.250849763542185,0.0,SVR_RBF,rheology_enhanced,6
SR,LOFO,6,6ALG2HA,P_over_TP,1,1.250849763542185,0.008092000466538574,SVR_RBF,rheology_enhanced,6
SR,LOFO,6,6ALG2HA,P_over_TP,2,1.250849763542185,0.0,SVR_RBF,rheology_enhanced,6
SR,LOFO,6,6ALG2HA,P_over_TP,3,1.250849763542185,0.011735531410286493,SVR_RBF,rheology_enhanced,6
SR,LOFO,6,6ALG2HA,P_over_TP,4,1.250849763542185,0.0016084830006177775,SVR_RBF,rheology_enhanced,6
SR,LOFO,6,6ALG2HA,P_over_TP,5,1.250849763542185,0.017024332271091902,SVR_RBF,rheology_enhanced,6
SR,LOFO,6,6ALG2HA,P_over_TP,6,1.250849763542185,0.018117654461514032,SVR_RBF,rheology_enhanced,6
SR,LOFO,6,6ALG2HA,P_over_TP,7,1.250849763542185,0.01912930962931858,SVR_RBF,rheology_enhanced,6
SR,LOFO,6,6ALG2HA,P_over_TP,8,1.250849763542185,-0.00025934224215418133,SVR_RBF,rheology_enhanced,6
SR,LOFO,6,6ALG2HA,P_over_TP,9,1.250849763542185,-0.006240900219161016,SVR_RBF,rheology_enhanced,6
SR,LOFO,6,6ALG2HA,P_over_TP,10,1.250849763542185,0.013988488707824098,SVR_RBF,rheology_enhanced,6
SR,LOFO,6,6ALG2HA,P_over_Alg,1,1.250849763542185,0.000183426336895387,SVR_RBF,rheology_enhanced,6
SR,LOFO,6,6ALG2HA,P_over_Alg,2,1.250849763542185,0.0,SVR_RBF,rheology_enhanced,6
SR,LOFO,6,6ALG2HA,P_over_Alg,3,1.250849763542185,0.0002491819154042396,SVR_RBF,rheology_enhanced,6
SR,LOFO,6,6ALG2HA,P_over_Alg,4,1.250849763542185,-0.00038992940562265765,SVR_RBF,rheology_enhanced,6
SR,LOFO,6,6ALG2HA,P_over_Alg,5,1.250849763542185,0.0003230039703359111,SVR_RBF,rheology_enhanced,6
SR,LOFO,6,6ALG2HA,P_over_Alg,6,1.250849763542185,5.3497312695771626e-05,SVR_RBF,rheology_enhanced,6
SR,LOFO,6,6ALG2HA,P_over_Alg,7,1.250849763542185,0.00015839894469449334,SVR_RBF,rheology_enhanced,6
SR,LOFO,6,6ALG2HA,P_over_Alg,8,1.250849763542185,-0.0004125406728907599,SVR_RBF,rheology_enhanced,6
SR,LOFO,6,6ALG2HA,P_over_Alg,9,1.250849763542185,-0.00033847712472678815,SVR_RBF,rheology_enhanced,6
SR,LOFO,6,6ALG2HA,P_over_Alg,10,1.250849763542185,-0.00013192523591110117,SVR_RBF,rheology_enhanced,6
SR,LOFO,6,6ALG2HA,P_over_HA,1,1.250849763542185,-0.003530049289906634,SVR_RBF,rheology_enhanced,6
SR,LOFO,6,6ALG2HA,P_over_HA,2,1.250849763542185,0.0,SVR_RBF,rheology_enhanced,6
SR,LOFO,6,6ALG2HA,P_over_HA,3,1.250849763542185,-0.0004200053097420664,SVR_RBF,rheology_enhanced,6
SR,LOFO,6,6ALG2HA,P_over_HA,4,1.250849763542185,0.06630345060705722,SVR_RBF,rheology_enhanced,6
SR,LOFO,6,6ALG2HA,P_over_HA,5,1.250849763542185,0.00375035284423042,SVR_RBF,rheology_enhanced,6
SR,LOFO,6,6ALG2HA,P_over_HA,6,1.250849763542185,0.051424502831751706,SVR_RBF,rheology_enhanced,6
SR,LOFO,6,6ALG2HA,P_over_HA,7,1.250849763542185,0.06256976335625719,SVR_RBF,rheology_enhanced,6
SR,LOFO,6,6ALG2HA,P_over_HA,8,1.250849763542185,0.07496905714778568,SVR_RBF,rheology_enhanced,6
SR,LOFO,6,6ALG2HA,P_over_HA,9,1.250849763542185,0.06113595103200087,SVR_RBF,rheology_enhanced,6
SR,LOFO,6,6ALG2HA,P_over_HA,10,1.250849763542185,0.06676188667611438,SVR_RBF,rheology_enhanced,6
SR,LOFO,6,6ALG2HA,Alg_x_HA,1,1.250849763542185,0.0,SVR_RBF,rheology_enhanced,6
SR,LOFO,6,6ALG2HA,Alg_x_HA,2,1.250849763542185,0.0,SVR_RBF,rheology_enhanced,6
SR,LOFO,6,6ALG2HA,Alg_x_HA,3,1.250849763542185,0.0,SVR_RBF,rheology_enhanced,6
SR,LOFO,6,6ALG2HA,Alg_x_HA,4,1.250849763542185,0.0,SVR_RBF,rheology_enhanced,6
SR,LOFO,6,6ALG2HA,Alg_x_HA,5,1.250849763542185,0.0,SVR_RBF,rheology_enhanced,6
SR,LOFO,6,6ALG2HA,Alg_x_HA,6,1.250849763542185,0.0,SVR_RBF,rheology_enhanced,6
SR,LOFO,6,6ALG2HA,Alg_x_HA,7,1.250849763542185,0.0,SVR_RBF,rheology_enhanced,6
SR,LOFO,6,6ALG2HA,Alg_x_HA,8,1.250849763542185,0.0,SVR_RBF,rheology_enhanced,6
SR,LOFO,6,6ALG2HA,Alg_x_HA,9,1.250849763542185,0.0,SVR_RBF,rheology_enhanced,6
SR,LOFO,6,6ALG2HA,Alg_x_HA,10,1.250849763542185,0.0,SVR_RBF,rheology_enhanced,6
SR,LOFO,6,6ALG2HA,Alg_x_P,1,1.250849763542185,0.000549332189553331,SVR_RBF,rheology_enhanced,6
SR,LOFO,6,6ALG2HA,Alg_x_P,2,1.250849763542185,0.0,SVR_RBF,rheology_enhanced,6
SR,LOFO,6,6ALG2HA,Alg_x_P,3,1.250849763542185,0.0008739996880655632,SVR_RBF,rheology_enhanced,6
SR,LOFO,6,6ALG2HA,Alg_x_P,4,1.250849763542185,0.00023145662580392745,SVR_RBF,rheology_enhanced,6
SR,LOFO,6,6ALG2HA,Alg_x_P,5,1.250849763542185,0.0012848540305483436,SVR_RBF,rheology_enhanced,6
SR,LOFO,6,6ALG2HA,Alg_x_P,6,1.250849763542185,0.0011748257430004294,SVR_RBF,rheology_enhanced,6
SR,LOFO,6,6ALG2HA,Alg_x_P,7,1.250849763542185,0.0012739822431844239,SVR_RBF,rheology_enhanced,6
SR,LOFO,6,6ALG2HA,Alg_x_P,8,1.250849763542185,-7.440646398104711e-05,SVR_RBF,rheology_enhanced,6
SR,LOFO,6,6ALG2HA,Alg_x_P,9,1.250849763542185,-0.0006489665285922541,SVR_RBF,rheology_enhanced,6
SR,LOFO,6,6ALG2HA,Alg_x_P,10,1.250849763542185,0.000987823744992955,SVR_RBF,rheology_enhanced,6
SR,LOFO,6,6ALG2HA,HA_x_P,1,1.250849763542185,0.00038983590560759396,SVR_RBF,rheology_enhanced,6
SR,LOFO,6,6ALG2HA,HA_x_P,2,1.250849763542185,0.0,SVR_RBF,rheology_enhanced,6
SR,LOFO,6,6ALG2HA,HA_x_P,3,1.250849763542185,0.0005084223382685327,SVR_RBF,rheology_enhanced,6
SR,LOFO,6,6ALG2HA,HA_x_P,4,1.250849763542185,-0.0012650973063228488,SVR_RBF,rheology_enhanced,6
SR,LOFO,6,6ALG2HA,HA_x_P,5,1.250849763542185,0.0005967863727587286,SVR_RBF,rheology_enhanced,6
SR,LOFO,6,6ALG2HA,HA_x_P,6,1.250849763542185,-0.00020234665285934206,SVR_RBF,rheology_enhanced,6
SR,LOFO,6,6ALG2HA,HA_x_P,7,1.250849763542185,-6.218309969696634e-05,SVR_RBF,rheology_enhanced,6
SR,LOFO,6,6ALG2HA,HA_x_P,8,1.250849763542185,-0.001298972177517399,SVR_RBF,rheology_enhanced,6
SR,LOFO,6,6ALG2HA,HA_x_P,9,1.250849763542185,-0.0010122347743919402,SVR_RBF,rheology_enhanced,6
SR,LOFO,6,6ALG2HA,HA_x_P,10,1.250849763542185,-0.0007148920786639312,SVR_RBF,rheology_enhanced,6
SR,LOFO,6,6ALG2HA,TP_x_P,1,1.250849763542185,0.000843770763906182,SVR_RBF,rheology_enhanced,6
SR,LOFO,6,6ALG2HA,TP_x_P,2,1.250849763542185,0.0,SVR_RBF,rheology_enhanced,6
SR,LOFO,6,6ALG2HA,TP_x_P,3,1.250849763542185,0.0011710038453809357,SVR_RBF,rheology_enhanced,6
SR,LOFO,6,6ALG2HA,TP_x_P,4,1.250849763542185,-0.001789386052225339,SVR_RBF,rheology_enhanced,6
SR,LOFO,6,6ALG2HA,TP_x_P,5,1.250849763542185,0.0015029635673979858,SVR_RBF,rheology_enhanced,6
SR,LOFO,6,6ALG2HA,TP_x_P,6,1.250849763542185,0.0002442511765634592,SVR_RBF,rheology_enhanced,6
SR,LOFO,6,6ALG2HA,TP_x_P,7,1.250849763542185,0.0005168172209573108,SVR_RBF,rheology_enhanced,6
SR,LOFO,6,6ALG2HA,TP_x_P,8,1.250849763542185,-0.0019847384576421323,SVR_RBF,rheology_enhanced,6
SR,LOFO,6,6ALG2HA,TP_x_P,9,1.250849763542185,-0.0018203164141654682,SVR_RBF,rheology_enhanced,6
SR,LOFO,6,6ALG2HA,TP_x_P,10,1.250849763542185,-0.0006034899306348596,SVR_RBF,rheology_enhanced,6
SR,LOFO,6,6ALG2HA,HF_x_P,1,1.250849763542185,0.0009134669972130638,SVR_RBF,rheology_enhanced,6
SR,LOFO,6,6ALG2HA,HF_x_P,2,1.250849763542185,0.0,SVR_RBF,rheology_enhanced,6
SR,LOFO,6,6ALG2HA,HF_x_P,3,1.250849763542185,0.0011923515125105144,SVR_RBF,rheology_enhanced,6
SR,LOFO,6,6ALG2HA,HF_x_P,4,1.250849763542185,-0.0027319262423228796,SVR_RBF,rheology_enhanced,6
SR,LOFO,6,6ALG2HA,HF_x_P,5,1.250849763542185,0.0014564131283731907,SVR_RBF,rheology_enhanced,6
SR,LOFO,6,6ALG2HA,HF_x_P,6,1.250849763542185,-0.0003036632587904986,SVR_RBF,rheology_enhanced,6
SR,LOFO,6,6ALG2HA,HF_x_P,7,1.250849763542185,0.00015297465396479915,SVR_RBF,rheology_enhanced,6
SR,LOFO,6,6ALG2HA,HF_x_P,8,1.250849763542185,-0.002792984531942544,SVR_RBF,rheology_enhanced,6
SR,LOFO,6,6ALG2HA,HF_x_P,9,1.250849763542185,-0.002141424558831151,SVR_RBF,rheology_enhanced,6
SR,LOFO,6,6ALG2HA,HF_x_P,10,1.250849763542185,-0.001423648266348776,SVR_RBF,rheology_enhanced,6
SR,LOFO,6,6ALG2HA,Eta0_mean_Pa_s,1,1.250849763542185,0.0,SVR_RBF,rheology_enhanced,6
SR,LOFO,6,6ALG2HA,Eta0_mean_Pa_s,2,1.250849763542185,0.0,SVR_RBF,rheology_enhanced,6
SR,LOFO,6,6ALG2HA,Eta0_mean_Pa_s,3,1.250849763542185,0.0,SVR_RBF,rheology_enhanced,6
SR,LOFO,6,6ALG2HA,Eta0_mean_Pa_s,4,1.250849763542185,0.0,SVR_RBF,rheology_enhanced,6
SR,LOFO,6,6ALG2HA,Eta0_mean_Pa_s,5,1.250849763542185,0.0,SVR_RBF,rheology_enhanced,6
SR,LOFO,6,6ALG2HA,Eta0_mean_Pa_s,6,1.250849763542185,0.0,SVR_RBF,rheology_enhanced,6
SR,LOFO,6,6ALG2HA,Eta0_mean_Pa_s,7,1.250849763542185,0.0,SVR_RBF,rheology_enhanced,6
SR,LOFO,6,6ALG2HA,Eta0_mean_Pa_s,8,1.250849763542185,0.0,SVR_RBF,rheology_enhanced,6
SR,LOFO,6,6ALG2HA,Eta0_mean_Pa_s,9,1.250849763542185,0.0,SVR_RBF,rheology_enhanced,6
SR,LOFO,6,6ALG2HA,Eta0_mean_Pa_s,10,1.250849763542185,0.0,SVR_RBF,rheology_enhanced,6
SR,LOFO,6,6ALG2HA,Cross_m_mean,1,1.250849763542185,0.0,SVR_RBF,rheology_enhanced,6
SR,LOFO,6,6ALG2HA,Cross_m_mean,2,1.250849763542185,0.0,SVR_RBF,rheology_enhanced,6
SR,LOFO,6,6ALG2HA,Cross_m_mean,3,1.250849763542185,0.0,SVR_RBF,rheology_enhanced,6
SR,LOFO,6,6ALG2HA,Cross_m_mean,4,1.250849763542185,0.0,SVR_RBF,rheology_enhanced,6
SR,LOFO,6,6ALG2HA,Cross_m_mean,5,1.250849763542185,0.0,SVR_RBF,rheology_enhanced,6
SR,LOFO,6,6ALG2HA,Cross_m_mean,6,1.250849763542185,0.0,SVR_RBF,rheology_enhanced,6
SR,LOFO,6,6ALG2HA,Cross_m_mean,7,1.250849763542185,0.0,SVR_RBF,rheology_enhanced,6
SR,LOFO,6,6ALG2HA,Cross_m_mean,8,1.250849763542185,0.0,SVR_RBF,rheology_enhanced,6
SR,LOFO,6,6ALG2HA,Cross_m_mean,9,1.250849763542185,0.0,SVR_RBF,rheology_enhanced,6
SR,LOFO,6,6ALG2HA,Cross_m_mean,10,1.250849763542185,0.0,SVR_RBF,rheology_enhanced,6
SR,LOFO,6,6ALG2HA,Cross_k_mean_s,1,1.250849763542185,0.0,SVR_RBF,rheology_enhanced,6
SR,LOFO,6,6ALG2HA,Cross_k_mean_s,2,1.250849763542185,0.0,SVR_RBF,rheology_enhanced,6
SR,LOFO,6,6ALG2HA,Cross_k_mean_s,3,1.250849763542185,0.0,SVR_RBF,rheology_enhanced,6
SR,LOFO,6,6ALG2HA,Cross_k_mean_s,4,1.250849763542185,0.0,SVR_RBF,rheology_enhanced,6
SR,LOFO,6,6ALG2HA,Cross_k_mean_s,5,1.250849763542185,0.0,SVR_RBF,rheology_enhanced,6
SR,LOFO,6,6ALG2HA,Cross_k_mean_s,6,1.250849763542185,0.0,SVR_RBF,rheology_enhanced,6
SR,LOFO,6,6ALG2HA,Cross_k_mean_s,7,1.250849763542185,0.0,SVR_RBF,rheology_enhanced,6
SR,LOFO,6,6ALG2HA,Cross_k_mean_s,8,1.250849763542185,0.0,SVR_RBF,rheology_enhanced,6
SR,LOFO,6,6ALG2HA,Cross_k_mean_s,9,1.250849763542185,0.0,SVR_RBF,rheology_enhanced,6
SR,LOFO,6,6ALG2HA,Cross_k_mean_s,10,1.250849763542185,0.0,SVR_RBF,rheology_enhanced,6
SR,LOFO,6,6ALG2HA,G_prime_mean_Pa,1,1.250849763542185,0.0,SVR_RBF,rheology_enhanced,6
SR,LOFO,6,6ALG2HA,G_prime_mean_Pa,2,1.250849763542185,0.0,SVR_RBF,rheology_enhanced,6
SR,LOFO,6,6ALG2HA,G_prime_mean_Pa,3,1.250849763542185,0.0,SVR_RBF,rheology_enhanced,6
SR,LOFO,6,6ALG2HA,G_prime_mean_Pa,4,1.250849763542185,0.0,SVR_RBF,rheology_enhanced,6
SR,LOFO,6,6ALG2HA,G_prime_mean_Pa,5,1.250849763542185,0.0,SVR_RBF,rheology_enhanced,6
SR,LOFO,6,6ALG2HA,G_prime_mean_Pa,6,1.250849763542185,0.0,SVR_RBF,rheology_enhanced,6
SR,LOFO,6,6ALG2HA,G_prime_mean_Pa,7,1.250849763542185,0.0,SVR_RBF,rheology_enhanced,6
SR,LOFO,6,6ALG2HA,G_prime_mean_Pa,8,1.250849763542185,0.0,SVR_RBF,rheology_enhanced,6
SR,LOFO,6,6ALG2HA,G_prime_mean_Pa,9,1.250849763542185,0.0,SVR_RBF,rheology_enhanced,6
SR,LOFO,6,6ALG2HA,G_prime_mean_Pa,10,1.250849763542185,0.0,SVR_RBF,rheology_enhanced,6
SR,LOFO,6,6ALG2HA,G_double_prime_mean_Pa,1,1.250849763542185,0.0,SVR_RBF,rheology_enhanced,6
SR,LOFO,6,6ALG2HA,G_double_prime_mean_Pa,2,1.250849763542185,0.0,SVR_RBF,rheology_enhanced,6
SR,LOFO,6,6ALG2HA,G_double_prime_mean_Pa,3,1.250849763542185,0.0,SVR_RBF,rheology_enhanced,6
SR,LOFO,6,6ALG2HA,G_double_prime_mean_Pa,4,1.250849763542185,0.0,SVR_RBF,rheology_enhanced,6
SR,LOFO,6,6ALG2HA,G_double_prime_mean_Pa,5,1.250849763542185,0.0,SVR_RBF,rheology_enhanced,6
SR,LOFO,6,6ALG2HA,G_double_prime_mean_Pa,6,1.250849763542185,0.0,SVR_RBF,rheology_enhanced,6
SR,LOFO,6,6ALG2HA,G_double_prime_mean_Pa,7,1.250849763542185,0.0,SVR_RBF,rheology_enhanced,6
SR,LOFO,6,6ALG2HA,G_double_prime_mean_Pa,8,1.250849763542185,0.0,SVR_RBF,rheology_enhanced,6
SR,LOFO,6,6ALG2HA,G_double_prime_mean_Pa,9,1.250849763542185,0.0,SVR_RBF,rheology_enhanced,6
SR,LOFO,6,6ALG2HA,G_double_prime_mean_Pa,10,1.250849763542185,0.0,SVR_RBF,rheology_enhanced,6
SR,LOFO,6,6ALG2HA,Yield_stress_mean_Pa,1,1.250849763542185,0.0,SVR_RBF,rheology_enhanced,6
SR,LOFO,6,6ALG2HA,Yield_stress_mean_Pa,2,1.250849763542185,0.0,SVR_RBF,rheology_enhanced,6
SR,LOFO,6,6ALG2HA,Yield_stress_mean_Pa,3,1.250849763542185,0.0,SVR_RBF,rheology_enhanced,6
SR,LOFO,6,6ALG2HA,Yield_stress_mean_Pa,4,1.250849763542185,0.0,SVR_RBF,rheology_enhanced,6
SR,LOFO,6,6ALG2HA,Yield_stress_mean_Pa,5,1.250849763542185,0.0,SVR_RBF,rheology_enhanced,6
SR,LOFO,6,6ALG2HA,Yield_stress_mean_Pa,6,1.250849763542185,0.0,SVR_RBF,rheology_enhanced,6
SR,LOFO,6,6ALG2HA,Yield_stress_mean_Pa,7,1.250849763542185,0.0,SVR_RBF,rheology_enhanced,6
SR,LOFO,6,6ALG2HA,Yield_stress_mean_Pa,8,1.250849763542185,0.0,SVR_RBF,rheology_enhanced,6
SR,LOFO,6,6ALG2HA,Yield_stress_mean_Pa,9,1.250849763542185,0.0,SVR_RBF,rheology_enhanced,6
SR,LOFO,6,6ALG2HA,Yield_stress_mean_Pa,10,1.250849763542185,0.0,SVR_RBF,rheology_enhanced,6
SR,LOFO,7,6ALG4HA,Alg_mg_ml,1,0.8976238333542346,0.0,SVR_RBF,rheology_enhanced,5
SR,LOFO,7,6ALG4HA,Alg_mg_ml,2,0.8976238333542346,0.0,SVR_RBF,rheology_enhanced,5
SR,LOFO,7,6ALG4HA,Alg_mg_ml,3,0.8976238333542346,0.0,SVR_RBF,rheology_enhanced,5
SR,LOFO,7,6ALG4HA,Alg_mg_ml,4,0.8976238333542346,0.0,SVR_RBF,rheology_enhanced,5
SR,LOFO,7,6ALG4HA,Alg_mg_ml,5,0.8976238333542346,0.0,SVR_RBF,rheology_enhanced,5
SR,LOFO,7,6ALG4HA,Alg_mg_ml,6,0.8976238333542346,0.0,SVR_RBF,rheology_enhanced,5
SR,LOFO,7,6ALG4HA,Alg_mg_ml,7,0.8976238333542346,0.0,SVR_RBF,rheology_enhanced,5
SR,LOFO,7,6ALG4HA,Alg_mg_ml,8,0.8976238333542346,0.0,SVR_RBF,rheology_enhanced,5
SR,LOFO,7,6ALG4HA,Alg_mg_ml,9,0.8976238333542346,0.0,SVR_RBF,rheology_enhanced,5
SR,LOFO,7,6ALG4HA,Alg_mg_ml,10,0.8976238333542346,0.0,SVR_RBF,rheology_enhanced,5
SR,LOFO,7,6ALG4HA,HA_mg_ml,1,0.8976238333542346,0.0,SVR_RBF,rheology_enhanced,5
SR,LOFO,7,6ALG4HA,HA_mg_ml,2,0.8976238333542346,0.0,SVR_RBF,rheology_enhanced,5
SR,LOFO,7,6ALG4HA,HA_mg_ml,3,0.8976238333542346,0.0,SVR_RBF,rheology_enhanced,5
SR,LOFO,7,6ALG4HA,HA_mg_ml,4,0.8976238333542346,0.0,SVR_RBF,rheology_enhanced,5
SR,LOFO,7,6ALG4HA,HA_mg_ml,5,0.8976238333542346,0.0,SVR_RBF,rheology_enhanced,5
SR,LOFO,7,6ALG4HA,HA_mg_ml,6,0.8976238333542346,0.0,SVR_RBF,rheology_enhanced,5
SR,LOFO,7,6ALG4HA,HA_mg_ml,7,0.8976238333542346,0.0,SVR_RBF,rheology_enhanced,5
SR,LOFO,7,6ALG4HA,HA_mg_ml,8,0.8976238333542346,0.0,SVR_RBF,rheology_enhanced,5
SR,LOFO,7,6ALG4HA,HA_mg_ml,9,0.8976238333542346,0.0,SVR_RBF,rheology_enhanced,5
SR,LOFO,7,6ALG4HA,HA_mg_ml,10,0.8976238333542346,0.0,SVR_RBF,rheology_enhanced,5
SR,LOFO,7,6ALG4HA,Pressure_kPa,1,0.8976238333542346,0.0119785356222597,SVR_RBF,rheology_enhanced,5
SR,LOFO,7,6ALG4HA,Pressure_kPa,2,0.8976238333542346,0.011905312750015162,SVR_RBF,rheology_enhanced,5
SR,LOFO,7,6ALG4HA,Pressure_kPa,3,0.8976238333542346,0.013118925680476345,SVR_RBF,rheology_enhanced,5
SR,LOFO,7,6ALG4HA,Pressure_kPa,4,0.8976238333542346,0.002960957353170701,SVR_RBF,rheology_enhanced,5
SR,LOFO,7,6ALG4HA,Pressure_kPa,5,0.8976238333542346,0.016212118846047008,SVR_RBF,rheology_enhanced,5
SR,LOFO,7,6ALG4HA,Pressure_kPa,6,0.8976238333542346,0.008766627916500958,SVR_RBF,rheology_enhanced,5
SR,LOFO,7,6ALG4HA,Pressure_kPa,7,0.8976238333542346,0.0166338519171908,SVR_RBF,rheology_enhanced,5
SR,LOFO,7,6ALG4HA,Pressure_kPa,8,0.8976238333542346,0.018507149310414417,SVR_RBF,rheology_enhanced,5
SR,LOFO,7,6ALG4HA,Pressure_kPa,9,0.8976238333542346,0.0033546911466296736,SVR_RBF,rheology_enhanced,5
SR,LOFO,7,6ALG4HA,Pressure_kPa,10,0.8976238333542346,0.005293683358280066,SVR_RBF,rheology_enhanced,5
SR,LOFO,7,6ALG4HA,TP,1,0.8976238333542346,0.0,SVR_RBF,rheology_enhanced,5
SR,LOFO,7,6ALG4HA,TP,2,0.8976238333542346,0.0,SVR_RBF,rheology_enhanced,5
SR,LOFO,7,6ALG4HA,TP,3,0.8976238333542346,0.0,SVR_RBF,rheology_enhanced,5
SR,LOFO,7,6ALG4HA,TP,4,0.8976238333542346,0.0,SVR_RBF,rheology_enhanced,5
SR,LOFO,7,6ALG4HA,TP,5,0.8976238333542346,0.0,SVR_RBF,rheology_enhanced,5
SR,LOFO,7,6ALG4HA,TP,6,0.8976238333542346,0.0,SVR_RBF,rheology_enhanced,5
SR,LOFO,7,6ALG4HA,TP,7,0.8976238333542346,0.0,SVR_RBF,rheology_enhanced,5
SR,LOFO,7,6ALG4HA,TP,8,0.8976238333542346,0.0,SVR_RBF,rheology_enhanced,5
SR,LOFO,7,6ALG4HA,TP,9,0.8976238333542346,0.0,SVR_RBF,rheology_enhanced,5
SR,LOFO,7,6ALG4HA,TP,10,0.8976238333542346,0.0,SVR_RBF,rheology_enhanced,5
SR,LOFO,7,6ALG4HA,HF,1,0.8976238333542346,0.0,SVR_RBF,rheology_enhanced,5
SR,LOFO,7,6ALG4HA,HF,2,0.8976238333542346,0.0,SVR_RBF,rheology_enhanced,5
SR,LOFO,7,6ALG4HA,HF,3,0.8976238333542346,0.0,SVR_RBF,rheology_enhanced,5
SR,LOFO,7,6ALG4HA,HF,4,0.8976238333542346,0.0,SVR_RBF,rheology_enhanced,5
SR,LOFO,7,6ALG4HA,HF,5,0.8976238333542346,0.0,SVR_RBF,rheology_enhanced,5
SR,LOFO,7,6ALG4HA,HF,6,0.8976238333542346,0.0,SVR_RBF,rheology_enhanced,5
SR,LOFO,7,6ALG4HA,HF,7,0.8976238333542346,0.0,SVR_RBF,rheology_enhanced,5
SR,LOFO,7,6ALG4HA,HF,8,0.8976238333542346,0.0,SVR_RBF,rheology_enhanced,5
SR,LOFO,7,6ALG4HA,HF,9,0.8976238333542346,0.0,SVR_RBF,rheology_enhanced,5
SR,LOFO,7,6ALG4HA,HF,10,0.8976238333542346,0.0,SVR_RBF,rheology_enhanced,5
SR,LOFO,7,6ALG4HA,Alg_HA_ratio_safe,1,0.8976238333542346,0.0,SVR_RBF,rheology_enhanced,5
SR,LOFO,7,6ALG4HA,Alg_HA_ratio_safe,2,0.8976238333542346,0.0,SVR_RBF,rheology_enhanced,5
SR,LOFO,7,6ALG4HA,Alg_HA_ratio_safe,3,0.8976238333542346,0.0,SVR_RBF,rheology_enhanced,5
SR,LOFO,7,6ALG4HA,Alg_HA_ratio_safe,4,0.8976238333542346,0.0,SVR_RBF,rheology_enhanced,5
SR,LOFO,7,6ALG4HA,Alg_HA_ratio_safe,5,0.8976238333542346,0.0,SVR_RBF,rheology_enhanced,5
SR,LOFO,7,6ALG4HA,Alg_HA_ratio_safe,6,0.8976238333542346,0.0,SVR_RBF,rheology_enhanced,5
SR,LOFO,7,6ALG4HA,Alg_HA_ratio_safe,7,0.8976238333542346,0.0,SVR_RBF,rheology_enhanced,5
SR,LOFO,7,6ALG4HA,Alg_HA_ratio_safe,8,0.8976238333542346,0.0,SVR_RBF,rheology_enhanced,5
SR,LOFO,7,6ALG4HA,Alg_HA_ratio_safe,9,0.8976238333542346,0.0,SVR_RBF,rheology_enhanced,5
SR,LOFO,7,6ALG4HA,Alg_HA_ratio_safe,10,0.8976238333542346,0.0,SVR_RBF,rheology_enhanced,5
SR,LOFO,7,6ALG4HA,P_over_TP,1,0.8976238333542346,0.09297125579587806,SVR_RBF,rheology_enhanced,5
SR,LOFO,7,6ALG4HA,P_over_TP,2,0.8976238333542346,0.09991638492231436,SVR_RBF,rheology_enhanced,5
SR,LOFO,7,6ALG4HA,P_over_TP,3,0.8976238333542346,0.09823260221685637,SVR_RBF,rheology_enhanced,5
SR,LOFO,7,6ALG4HA,P_over_TP,4,0.8976238333542346,0.032015672993564004,SVR_RBF,rheology_enhanced,5
SR,LOFO,7,6ALG4HA,P_over_TP,5,0.8976238333542346,0.12635626934739208,SVR_RBF,rheology_enhanced,5
SR,LOFO,7,6ALG4HA,P_over_TP,6,0.8976238333542346,0.06189197324144402,SVR_RBF,rheology_enhanced,5
SR,LOFO,7,6ALG4HA,P_over_TP,7,0.8976238333542346,0.1366517109413099,SVR_RBF,rheology_enhanced,5
SR,LOFO,7,6ALG4HA,P_over_TP,8,0.8976238333542346,0.14923950057422974,SVR_RBF,rheology_enhanced,5
SR,LOFO,7,6ALG4HA,P_over_TP,9,0.8976238333542346,0.04332596513224174,SVR_RBF,rheology_enhanced,5
SR,LOFO,7,6ALG4HA,P_over_TP,10,0.8976238333542346,0.05169532072190197,SVR_RBF,rheology_enhanced,5
SR,LOFO,7,6ALG4HA,P_over_Alg,1,0.8976238333542346,0.002626721801244458,SVR_RBF,rheology_enhanced,5
SR,LOFO,7,6ALG4HA,P_over_Alg,2,0.8976238333542346,0.002528719423982584,SVR_RBF,rheology_enhanced,5
SR,LOFO,7,6ALG4HA,P_over_Alg,3,0.8976238333542346,0.0025893890770610772,SVR_RBF,rheology_enhanced,5
SR,LOFO,7,6ALG4HA,P_over_Alg,4,0.8976238333542346,0.000743889622618954,SVR_RBF,rheology_enhanced,5
SR,LOFO,7,6ALG4HA,P_over_Alg,5,0.8976238333542346,0.00347058815285195,SVR_RBF,rheology_enhanced,5
SR,LOFO,7,6ALG4HA,P_over_Alg,6,0.8976238333542346,0.0017484127850384557,SVR_RBF,rheology_enhanced,5
SR,LOFO,7,6ALG4HA,P_over_Alg,7,0.8976238333542346,0.0037408878007270108,SVR_RBF,rheology_enhanced,5
SR,LOFO,7,6ALG4HA,P_over_Alg,8,0.8976238333542346,0.004186876292255781,SVR_RBF,rheology_enhanced,5
SR,LOFO,7,6ALG4HA,P_over_Alg,9,0.8976238333542346,0.0010762807594639767,SVR_RBF,rheology_enhanced,5
SR,LOFO,7,6ALG4HA,P_over_Alg,10,0.8976238333542346,0.0015854154500305473,SVR_RBF,rheology_enhanced,5
SR,LOFO,7,6ALG4HA,P_over_HA,1,0.8976238333542346,0.003103272802664536,SVR_RBF,rheology_enhanced,5
SR,LOFO,7,6ALG4HA,P_over_HA,2,0.8976238333542346,0.009274973258120323,SVR_RBF,rheology_enhanced,5
SR,LOFO,7,6ALG4HA,P_over_HA,3,0.8976238333542346,0.009964706629698172,SVR_RBF,rheology_enhanced,5
SR,LOFO,7,6ALG4HA,P_over_HA,4,0.8976238333542346,2.1154457043537356e-05,SVR_RBF,rheology_enhanced,5
SR,LOFO,7,6ALG4HA,P_over_HA,5,0.8976238333542346,0.010270478661308036,SVR_RBF,rheology_enhanced,5
SR,LOFO,7,6ALG4HA,P_over_HA,6,0.8976238333542346,0.005387833611223525,SVR_RBF,rheology_enhanced,5
SR,LOFO,7,6ALG4HA,P_over_HA,7,0.8976238333542346,0.00810131952271409,SVR_RBF,rheology_enhanced,5
SR,LOFO,7,6ALG4HA,P_over_HA,8,0.8976238333542346,0.007735884485536304,SVR_RBF,rheology_enhanced,5
SR,LOFO,7,6ALG4HA,P_over_HA,9,0.8976238333542346,-0.002867108363937443,SVR_RBF,rheology_enhanced,5
SR,LOFO,7,6ALG4HA,P_over_HA,10,0.8976238333542346,-0.002989043231082289,SVR_RBF,rheology_enhanced,5
SR,LOFO,7,6ALG4HA,Alg_x_HA,1,0.8976238333542346,0.0,SVR_RBF,rheology_enhanced,5
SR,LOFO,7,6ALG4HA,Alg_x_HA,2,0.8976238333542346,0.0,SVR_RBF,rheology_enhanced,5
SR,LOFO,7,6ALG4HA,Alg_x_HA,3,0.8976238333542346,0.0,SVR_RBF,rheology_enhanced,5
SR,LOFO,7,6ALG4HA,Alg_x_HA,4,0.8976238333542346,0.0,SVR_RBF,rheology_enhanced,5
SR,LOFO,7,6ALG4HA,Alg_x_HA,5,0.8976238333542346,0.0,SVR_RBF,rheology_enhanced,5
SR,LOFO,7,6ALG4HA,Alg_x_HA,6,0.8976238333542346,0.0,SVR_RBF,rheology_enhanced,5
SR,LOFO,7,6ALG4HA,Alg_x_HA,7,0.8976238333542346,0.0,SVR_RBF,rheology_enhanced,5
SR,LOFO,7,6ALG4HA,Alg_x_HA,8,0.8976238333542346,0.0,SVR_RBF,rheology_enhanced,5
SR,LOFO,7,6ALG4HA,Alg_x_HA,9,0.8976238333542346,0.0,SVR_RBF,rheology_enhanced,5
SR,LOFO,7,6ALG4HA,Alg_x_HA,10,0.8976238333542346,0.0,SVR_RBF,rheology_enhanced,5
SR,LOFO,7,6ALG4HA,Alg_x_P,1,0.8976238333542346,-0.004765781890900156,SVR_RBF,rheology_enhanced,5
SR,LOFO,7,6ALG4HA,Alg_x_P,2,0.8976238333542346,-0.00408992794548535,SVR_RBF,rheology_enhanced,5
SR,LOFO,7,6ALG4HA,Alg_x_P,3,0.8976238333542346,-0.00317658700964929,SVR_RBF,rheology_enhanced,5
SR,LOFO,7,6ALG4HA,Alg_x_P,4,0.8976238333542346,-0.001996564351249286,SVR_RBF,rheology_enhanced,5
SR,LOFO,7,6ALG4HA,Alg_x_P,5,0.8976238333542346,-0.005590632125486272,SVR_RBF,rheology_enhanced,5
SR,LOFO,7,6ALG4HA,Alg_x_P,6,0.8976238333542346,-0.0021753717304769937,SVR_RBF,rheology_enhanced,5
SR,LOFO,7,6ALG4HA,Alg_x_P,7,0.8976238333542346,-0.007103711191483564,SVR_RBF,rheology_enhanced,5
SR,LOFO,7,6ALG4HA,Alg_x_P,8,0.8976238333542346,-0.00804736107225601,SVR_RBF,rheology_enhanced,5
SR,LOFO,7,6ALG4HA,Alg_x_P,9,0.8976238333542346,-0.0039011730739831885,SVR_RBF,rheology_enhanced,5
SR,LOFO,7,6ALG4HA,Alg_x_P,10,0.8976238333542346,-0.004836942178806369,SVR_RBF,rheology_enhanced,5
SR,LOFO,7,6ALG4HA,HA_x_P,1,0.8976238333542346,0.003767226125309109,SVR_RBF,rheology_enhanced,5
SR,LOFO,7,6ALG4HA,HA_x_P,2,0.8976238333542346,0.0021528816949389906,SVR_RBF,rheology_enhanced,5
SR,LOFO,7,6ALG4HA,HA_x_P,3,0.8976238333542346,0.0024728135175984267,SVR_RBF,rheology_enhanced,5
SR,LOFO,7,6ALG4HA,HA_x_P,4,0.8976238333542346,0.0012147148367103178,SVR_RBF,rheology_enhanced,5
SR,LOFO,7,6ALG4HA,HA_x_P,5,0.8976238333542346,0.0034922823536768233,SVR_RBF,rheology_enhanced,5
SR,LOFO,7,6ALG4HA,HA_x_P,6,0.8976238333542346,0.0019486216586998006,SVR_RBF,rheology_enhanced,5
SR,LOFO,7,6ALG4HA,HA_x_P,7,0.8976238333542346,0.004344272767007329,SVR_RBF,rheology_enhanced,5
SR,LOFO,7,6ALG4HA,HA_x_P,8,0.8976238333542346,0.0051531803101865226,SVR_RBF,rheology_enhanced,5
SR,LOFO,7,6ALG4HA,HA_x_P,9,0.8976238333542346,0.0021576573728953052,SVR_RBF,rheology_enhanced,5
SR,LOFO,7,6ALG4HA,HA_x_P,10,0.8976238333542346,0.0027844155674221494,SVR_RBF,rheology_enhanced,5
SR,LOFO,7,6ALG4HA,TP_x_P,1,0.8976238333542346,0.0016156236918497546,SVR_RBF,rheology_enhanced,5
SR,LOFO,7,6ALG4HA,TP_x_P,2,0.8976238333542346,0.0002741526282542539,SVR_RBF,rheology_enhanced,5
SR,LOFO,7,6ALG4HA,TP_x_P,3,0.8976238333542346,0.0010274564240985162,SVR_RBF,rheology_enhanced,5
SR,LOFO,7,6ALG4HA,TP_x_P,4,0.8976238333542346,0.0002917380949422066,SVR_RBF,rheology_enhanced,5
SR,LOFO,7,6ALG4HA,TP_x_P,5,0.8976238333542346,0.0009479595806950458,SVR_RBF,rheology_enhanced,5
SR,LOFO,7,6ALG4HA,TP_x_P,6,0.8976238333542346,0.0009725216098529499,SVR_RBF,rheology_enhanced,5
SR,LOFO,7,6ALG4HA,TP_x_P,7,0.8976238333542346,0.0011058313428187194,SVR_RBF,rheology_enhanced,5
SR,LOFO,7,6ALG4HA,TP_x_P,8,0.8976238333542346,0.001495285005971514,SVR_RBF,rheology_enhanced,5
SR,LOFO,7,6ALG4HA,TP_x_P,9,0.8976238333542346,0.0003601419141662232,SVR_RBF,rheology_enhanced,5
SR,LOFO,7,6ALG4HA,TP_x_P,10,0.8976238333542346,0.0005860541357838311,SVR_RBF,rheology_enhanced,5
SR,LOFO,7,6ALG4HA,HF_x_P,1,0.8976238333542346,0.008515734021565025,SVR_RBF,rheology_enhanced,5
SR,LOFO,7,6ALG4HA,HF_x_P,2,0.8976238333542346,0.006713949331166313,SVR_RBF,rheology_enhanced,5
SR,LOFO,7,6ALG4HA,HF_x_P,3,0.8976238333542346,0.0071039499693377195,SVR_RBF,rheology_enhanced,5
SR,LOFO,7,6ALG4HA,HF_x_P,4,0.8976238333542346,0.002521005989372438,SVR_RBF,rheology_enhanced,5
SR,LOFO,7,6ALG4HA,HF_x_P,5,0.8976238333542346,0.009768206686819103,SVR_RBF,rheology_enhanced,5
SR,LOFO,7,6ALG4HA,HF_x_P,6,0.8976238333542346,0.00507377966459388,SVR_RBF,rheology_enhanced,5
SR,LOFO,7,6ALG4HA,HF_x_P,7,0.8976238333542346,0.011036455156200442,SVR_RBF,rheology_enhanced,5
SR,LOFO,7,6ALG4HA,HF_x_P,8,0.8976238333542346,0.012648188777129477,SVR_RBF,rheology_enhanced,5
SR,LOFO,7,6ALG4HA,HF_x_P,9,0.8976238333542346,0.00404943023698956,SVR_RBF,rheology_enhanced,5
SR,LOFO,7,6ALG4HA,HF_x_P,10,0.8976238333542346,0.005630951074944601,SVR_RBF,rheology_enhanced,5
SR,LOFO,7,6ALG4HA,Eta0_mean_Pa_s,1,0.8976238333542346,0.0,SVR_RBF,rheology_enhanced,5
SR,LOFO,7,6ALG4HA,Eta0_mean_Pa_s,2,0.8976238333542346,0.0,SVR_RBF,rheology_enhanced,5
SR,LOFO,7,6ALG4HA,Eta0_mean_Pa_s,3,0.8976238333542346,0.0,SVR_RBF,rheology_enhanced,5
SR,LOFO,7,6ALG4HA,Eta0_mean_Pa_s,4,0.8976238333542346,0.0,SVR_RBF,rheology_enhanced,5
SR,LOFO,7,6ALG4HA,Eta0_mean_Pa_s,5,0.8976238333542346,0.0,SVR_RBF,rheology_enhanced,5
SR,LOFO,7,6ALG4HA,Eta0_mean_Pa_s,6,0.8976238333542346,0.0,SVR_RBF,rheology_enhanced,5
SR,LOFO,7,6ALG4HA,Eta0_mean_Pa_s,7,0.8976238333542346,0.0,SVR_RBF,rheology_enhanced,5
SR,LOFO,7,6ALG4HA,Eta0_mean_Pa_s,8,0.8976238333542346,0.0,SVR_RBF,rheology_enhanced,5
SR,LOFO,7,6ALG4HA,Eta0_mean_Pa_s,9,0.8976238333542346,0.0,SVR_RBF,rheology_enhanced,5
SR,LOFO,7,6ALG4HA,Eta0_mean_Pa_s,10,0.8976238333542346,0.0,SVR_RBF,rheology_enhanced,5
SR,LOFO,7,6ALG4HA,Cross_m_mean,1,0.8976238333542346,0.0,SVR_RBF,rheology_enhanced,5
SR,LOFO,7,6ALG4HA,Cross_m_mean,2,0.8976238333542346,0.0,SVR_RBF,rheology_enhanced,5
SR,LOFO,7,6ALG4HA,Cross_m_mean,3,0.8976238333542346,0.0,SVR_RBF,rheology_enhanced,5
SR,LOFO,7,6ALG4HA,Cross_m_mean,4,0.8976238333542346,0.0,SVR_RBF,rheology_enhanced,5
SR,LOFO,7,6ALG4HA,Cross_m_mean,5,0.8976238333542346,0.0,SVR_RBF,rheology_enhanced,5
SR,LOFO,7,6ALG4HA,Cross_m_mean,6,0.8976238333542346,0.0,SVR_RBF,rheology_enhanced,5
SR,LOFO,7,6ALG4HA,Cross_m_mean,7,0.8976238333542346,0.0,SVR_RBF,rheology_enhanced,5
SR,LOFO,7,6ALG4HA,Cross_m_mean,8,0.8976238333542346,0.0,SVR_RBF,rheology_enhanced,5
SR,LOFO,7,6ALG4HA,Cross_m_mean,9,0.8976238333542346,0.0,SVR_RBF,rheology_enhanced,5
SR,LOFO,7,6ALG4HA,Cross_m_mean,10,0.8976238333542346,0.0,SVR_RBF,rheology_enhanced,5
SR,LOFO,7,6ALG4HA,Cross_k_mean_s,1,0.8976238333542346,0.0,SVR_RBF,rheology_enhanced,5
SR,LOFO,7,6ALG4HA,Cross_k_mean_s,2,0.8976238333542346,0.0,SVR_RBF,rheology_enhanced,5
SR,LOFO,7,6ALG4HA,Cross_k_mean_s,3,0.8976238333542346,0.0,SVR_RBF,rheology_enhanced,5
SR,LOFO,7,6ALG4HA,Cross_k_mean_s,4,0.8976238333542346,0.0,SVR_RBF,rheology_enhanced,5
SR,LOFO,7,6ALG4HA,Cross_k_mean_s,5,0.8976238333542346,0.0,SVR_RBF,rheology_enhanced,5
SR,LOFO,7,6ALG4HA,Cross_k_mean_s,6,0.8976238333542346,0.0,SVR_RBF,rheology_enhanced,5
SR,LOFO,7,6ALG4HA,Cross_k_mean_s,7,0.8976238333542346,0.0,SVR_RBF,rheology_enhanced,5
SR,LOFO,7,6ALG4HA,Cross_k_mean_s,8,0.8976238333542346,0.0,SVR_RBF,rheology_enhanced,5
SR,LOFO,7,6ALG4HA,Cross_k_mean_s,9,0.8976238333542346,0.0,SVR_RBF,rheology_enhanced,5
SR,LOFO,7,6ALG4HA,Cross_k_mean_s,10,0.8976238333542346,0.0,SVR_RBF,rheology_enhanced,5
SR,LOFO,7,6ALG4HA,G_prime_mean_Pa,1,0.8976238333542346,0.0,SVR_RBF,rheology_enhanced,5
SR,LOFO,7,6ALG4HA,G_prime_mean_Pa,2,0.8976238333542346,0.0,SVR_RBF,rheology_enhanced,5
SR,LOFO,7,6ALG4HA,G_prime_mean_Pa,3,0.8976238333542346,0.0,SVR_RBF,rheology_enhanced,5
SR,LOFO,7,6ALG4HA,G_prime_mean_Pa,4,0.8976238333542346,0.0,SVR_RBF,rheology_enhanced,5
SR,LOFO,7,6ALG4HA,G_prime_mean_Pa,5,0.8976238333542346,0.0,SVR_RBF,rheology_enhanced,5
SR,LOFO,7,6ALG4HA,G_prime_mean_Pa,6,0.8976238333542346,0.0,SVR_RBF,rheology_enhanced,5
SR,LOFO,7,6ALG4HA,G_prime_mean_Pa,7,0.8976238333542346,0.0,SVR_RBF,rheology_enhanced,5
SR,LOFO,7,6ALG4HA,G_prime_mean_Pa,8,0.8976238333542346,0.0,SVR_RBF,rheology_enhanced,5
SR,LOFO,7,6ALG4HA,G_prime_mean_Pa,9,0.8976238333542346,0.0,SVR_RBF,rheology_enhanced,5
SR,LOFO,7,6ALG4HA,G_prime_mean_Pa,10,0.8976238333542346,0.0,SVR_RBF,rheology_enhanced,5
SR,LOFO,7,6ALG4HA,G_double_prime_mean_Pa,1,0.8976238333542346,0.0,SVR_RBF,rheology_enhanced,5
SR,LOFO,7,6ALG4HA,G_double_prime_mean_Pa,2,0.8976238333542346,0.0,SVR_RBF,rheology_enhanced,5
SR,LOFO,7,6ALG4HA,G_double_prime_mean_Pa,3,0.8976238333542346,0.0,SVR_RBF,rheology_enhanced,5
SR,LOFO,7,6ALG4HA,G_double_prime_mean_Pa,4,0.8976238333542346,0.0,SVR_RBF,rheology_enhanced,5
SR,LOFO,7,6ALG4HA,G_double_prime_mean_Pa,5,0.8976238333542346,0.0,SVR_RBF,rheology_enhanced,5
SR,LOFO,7,6ALG4HA,G_double_prime_mean_Pa,6,0.8976238333542346,0.0,SVR_RBF,rheology_enhanced,5
SR,LOFO,7,6ALG4HA,G_double_prime_mean_Pa,7,0.8976238333542346,0.0,SVR_RBF,rheology_enhanced,5
SR,LOFO,7,6ALG4HA,G_double_prime_mean_Pa,8,0.8976238333542346,0.0,SVR_RBF,rheology_enhanced,5
SR,LOFO,7,6ALG4HA,G_double_prime_mean_Pa,9,0.8976238333542346,0.0,SVR_RBF,rheology_enhanced,5
SR,LOFO,7,6ALG4HA,G_double_prime_mean_Pa,10,0.8976238333542346,0.0,SVR_RBF,rheology_enhanced,5
SR,LOFO,7,6ALG4HA,Yield_stress_mean_Pa,1,0.8976238333542346,0.0,SVR_RBF,rheology_enhanced,5
SR,LOFO,7,6ALG4HA,Yield_stress_mean_Pa,2,0.8976238333542346,0.0,SVR_RBF,rheology_enhanced,5
SR,LOFO,7,6ALG4HA,Yield_stress_mean_Pa,3,0.8976238333542346,0.0,SVR_RBF,rheology_enhanced,5
SR,LOFO,7,6ALG4HA,Yield_stress_mean_Pa,4,0.8976238333542346,0.0,SVR_RBF,rheology_enhanced,5
SR,LOFO,7,6ALG4HA,Yield_stress_mean_Pa,5,0.8976238333542346,0.0,SVR_RBF,rheology_enhanced,5
SR,LOFO,7,6ALG4HA,Yield_stress_mean_Pa,6,0.8976238333542346,0.0,SVR_RBF,rheology_enhanced,5
SR,LOFO,7,6ALG4HA,Yield_stress_mean_Pa,7,0.8976238333542346,0.0,SVR_RBF,rheology_enhanced,5
SR,LOFO,7,6ALG4HA,Yield_stress_mean_Pa,8,0.8976238333542346,0.0,SVR_RBF,rheology_enhanced,5
SR,LOFO,7,6ALG4HA,Yield_stress_mean_Pa,9,0.8976238333542346,0.0,SVR_RBF,rheology_enhanced,5
SR,LOFO,7,6ALG4HA,Yield_stress_mean_Pa,10,0.8976238333542346,0.0,SVR_RBF,rheology_enhanced,5
SR,LOFO,8,6ALG6HA,Alg_mg_ml,1,0.48716488397059393,0.0,SVR_RBF,rheology_enhanced,5
SR,LOFO,8,6ALG6HA,Alg_mg_ml,2,0.48716488397059393,0.0,SVR_RBF,rheology_enhanced,5
SR,LOFO,8,6ALG6HA,Alg_mg_ml,3,0.48716488397059393,0.0,SVR_RBF,rheology_enhanced,5
SR,LOFO,8,6ALG6HA,Alg_mg_ml,4,0.48716488397059393,0.0,SVR_RBF,rheology_enhanced,5
SR,LOFO,8,6ALG6HA,Alg_mg_ml,5,0.48716488397059393,0.0,SVR_RBF,rheology_enhanced,5
SR,LOFO,8,6ALG6HA,Alg_mg_ml,6,0.48716488397059393,0.0,SVR_RBF,rheology_enhanced,5
SR,LOFO,8,6ALG6HA,Alg_mg_ml,7,0.48716488397059393,0.0,SVR_RBF,rheology_enhanced,5
SR,LOFO,8,6ALG6HA,Alg_mg_ml,8,0.48716488397059393,0.0,SVR_RBF,rheology_enhanced,5
SR,LOFO,8,6ALG6HA,Alg_mg_ml,9,0.48716488397059393,0.0,SVR_RBF,rheology_enhanced,5
SR,LOFO,8,6ALG6HA,Alg_mg_ml,10,0.48716488397059393,0.0,SVR_RBF,rheology_enhanced,5
SR,LOFO,8,6ALG6HA,HA_mg_ml,1,0.48716488397059393,0.0,SVR_RBF,rheology_enhanced,5
SR,LOFO,8,6ALG6HA,HA_mg_ml,2,0.48716488397059393,0.0,SVR_RBF,rheology_enhanced,5
SR,LOFO,8,6ALG6HA,HA_mg_ml,3,0.48716488397059393,0.0,SVR_RBF,rheology_enhanced,5
SR,LOFO,8,6ALG6HA,HA_mg_ml,4,0.48716488397059393,0.0,SVR_RBF,rheology_enhanced,5
SR,LOFO,8,6ALG6HA,HA_mg_ml,5,0.48716488397059393,0.0,SVR_RBF,rheology_enhanced,5
SR,LOFO,8,6ALG6HA,HA_mg_ml,6,0.48716488397059393,0.0,SVR_RBF,rheology_enhanced,5
SR,LOFO,8,6ALG6HA,HA_mg_ml,7,0.48716488397059393,0.0,SVR_RBF,rheology_enhanced,5
SR,LOFO,8,6ALG6HA,HA_mg_ml,8,0.48716488397059393,0.0,SVR_RBF,rheology_enhanced,5
SR,LOFO,8,6ALG6HA,HA_mg_ml,9,0.48716488397059393,0.0,SVR_RBF,rheology_enhanced,5
SR,LOFO,8,6ALG6HA,HA_mg_ml,10,0.48716488397059393,0.0,SVR_RBF,rheology_enhanced,5
SR,LOFO,8,6ALG6HA,Pressure_kPa,1,0.48716488397059393,0.02006128649752975,SVR_RBF,rheology_enhanced,5
SR,LOFO,8,6ALG6HA,Pressure_kPa,2,0.48716488397059393,-0.0015557421096470958,SVR_RBF,rheology_enhanced,5
SR,LOFO,8,6ALG6HA,Pressure_kPa,3,0.48716488397059393,-0.004280883051338558,SVR_RBF,rheology_enhanced,5
SR,LOFO,8,6ALG6HA,Pressure_kPa,4,0.48716488397059393,0.03762592367962575,SVR_RBF,rheology_enhanced,5
SR,LOFO,8,6ALG6HA,Pressure_kPa,5,0.48716488397059393,0.003404233460596373,SVR_RBF,rheology_enhanced,5
SR,LOFO,8,6ALG6HA,Pressure_kPa,6,0.48716488397059393,0.015910429023133277,SVR_RBF,rheology_enhanced,5
SR,LOFO,8,6ALG6HA,Pressure_kPa,7,0.48716488397059393,0.03130890078529819,SVR_RBF,rheology_enhanced,5
SR,LOFO,8,6ALG6HA,Pressure_kPa,8,0.48716488397059393,0.03722123777466685,SVR_RBF,rheology_enhanced,5
SR,LOFO,8,6ALG6HA,Pressure_kPa,9,0.48716488397059393,0.023301063602938765,SVR_RBF,rheology_enhanced,5
SR,LOFO,8,6ALG6HA,Pressure_kPa,10,0.48716488397059393,0.01729917273218934,SVR_RBF,rheology_enhanced,5
SR,LOFO,8,6ALG6HA,TP,1,0.48716488397059393,0.0,SVR_RBF,rheology_enhanced,5
SR,LOFO,8,6ALG6HA,TP,2,0.48716488397059393,0.0,SVR_RBF,rheology_enhanced,5
SR,LOFO,8,6ALG6HA,TP,3,0.48716488397059393,0.0,SVR_RBF,rheology_enhanced,5
SR,LOFO,8,6ALG6HA,TP,4,0.48716488397059393,0.0,SVR_RBF,rheology_enhanced,5
SR,LOFO,8,6ALG6HA,TP,5,0.48716488397059393,0.0,SVR_RBF,rheology_enhanced,5
SR,LOFO,8,6ALG6HA,TP,6,0.48716488397059393,0.0,SVR_RBF,rheology_enhanced,5
SR,LOFO,8,6ALG6HA,TP,7,0.48716488397059393,0.0,SVR_RBF,rheology_enhanced,5
SR,LOFO,8,6ALG6HA,TP,8,0.48716488397059393,0.0,SVR_RBF,rheology_enhanced,5
SR,LOFO,8,6ALG6HA,TP,9,0.48716488397059393,0.0,SVR_RBF,rheology_enhanced,5
SR,LOFO,8,6ALG6HA,TP,10,0.48716488397059393,0.0,SVR_RBF,rheology_enhanced,5
SR,LOFO,8,6ALG6HA,HF,1,0.48716488397059393,0.0,SVR_RBF,rheology_enhanced,5
SR,LOFO,8,6ALG6HA,HF,2,0.48716488397059393,0.0,SVR_RBF,rheology_enhanced,5
SR,LOFO,8,6ALG6HA,HF,3,0.48716488397059393,0.0,SVR_RBF,rheology_enhanced,5
SR,LOFO,8,6ALG6HA,HF,4,0.48716488397059393,0.0,SVR_RBF,rheology_enhanced,5
SR,LOFO,8,6ALG6HA,HF,5,0.48716488397059393,0.0,SVR_RBF,rheology_enhanced,5
SR,LOFO,8,6ALG6HA,HF,6,0.48716488397059393,0.0,SVR_RBF,rheology_enhanced,5
SR,LOFO,8,6ALG6HA,HF,7,0.48716488397059393,0.0,SVR_RBF,rheology_enhanced,5
SR,LOFO,8,6ALG6HA,HF,8,0.48716488397059393,0.0,SVR_RBF,rheology_enhanced,5
SR,LOFO,8,6ALG6HA,HF,9,0.48716488397059393,0.0,SVR_RBF,rheology_enhanced,5
SR,LOFO,8,6ALG6HA,HF,10,0.48716488397059393,0.0,SVR_RBF,rheology_enhanced,5
SR,LOFO,8,6ALG6HA,Alg_HA_ratio_safe,1,0.48716488397059393,0.0,SVR_RBF,rheology_enhanced,5
SR,LOFO,8,6ALG6HA,Alg_HA_ratio_safe,2,0.48716488397059393,0.0,SVR_RBF,rheology_enhanced,5
SR,LOFO,8,6ALG6HA,Alg_HA_ratio_safe,3,0.48716488397059393,0.0,SVR_RBF,rheology_enhanced,5
SR,LOFO,8,6ALG6HA,Alg_HA_ratio_safe,4,0.48716488397059393,0.0,SVR_RBF,rheology_enhanced,5
SR,LOFO,8,6ALG6HA,Alg_HA_ratio_safe,5,0.48716488397059393,0.0,SVR_RBF,rheology_enhanced,5
SR,LOFO,8,6ALG6HA,Alg_HA_ratio_safe,6,0.48716488397059393,0.0,SVR_RBF,rheology_enhanced,5
SR,LOFO,8,6ALG6HA,Alg_HA_ratio_safe,7,0.48716488397059393,0.0,SVR_RBF,rheology_enhanced,5
SR,LOFO,8,6ALG6HA,Alg_HA_ratio_safe,8,0.48716488397059393,0.0,SVR_RBF,rheology_enhanced,5
SR,LOFO,8,6ALG6HA,Alg_HA_ratio_safe,9,0.48716488397059393,0.0,SVR_RBF,rheology_enhanced,5
SR,LOFO,8,6ALG6HA,Alg_HA_ratio_safe,10,0.48716488397059393,0.0,SVR_RBF,rheology_enhanced,5
SR,LOFO,8,6ALG6HA,P_over_TP,1,0.48716488397059393,0.056528731728531956,SVR_RBF,rheology_enhanced,5
SR,LOFO,8,6ALG6HA,P_over_TP,2,0.48716488397059393,0.005527022590070041,SVR_RBF,rheology_enhanced,5
SR,LOFO,8,6ALG6HA,P_over_TP,3,0.48716488397059393,-0.0031766447795388286,SVR_RBF,rheology_enhanced,5
SR,LOFO,8,6ALG6HA,P_over_TP,4,0.48716488397059393,0.10116654167870226,SVR_RBF,rheology_enhanced,5
SR,LOFO,8,6ALG6HA,P_over_TP,5,0.48716488397059393,0.013120688344114007,SVR_RBF,rheology_enhanced,5
SR,LOFO,8,6ALG6HA,P_over_TP,6,0.48716488397059393,0.05094592420383032,SVR_RBF,rheology_enhanced,5
SR,LOFO,8,6ALG6HA,P_over_TP,7,0.48716488397059393,0.0829280820947978,SVR_RBF,rheology_enhanced,5
SR,LOFO,8,6ALG6HA,P_over_TP,8,0.48716488397059393,0.10269969752382974,SVR_RBF,rheology_enhanced,5
SR,LOFO,8,6ALG6HA,P_over_TP,9,0.48716488397059393,0.07035047341519923,SVR_RBF,rheology_enhanced,5
SR,LOFO,8,6ALG6HA,P_over_TP,10,0.48716488397059393,0.04922288251048795,SVR_RBF,rheology_enhanced,5
SR,LOFO,8,6ALG6HA,P_over_Alg,1,0.48716488397059393,0.0011884650976584643,SVR_RBF,rheology_enhanced,5
SR,LOFO,8,6ALG6HA,P_over_Alg,2,0.48716488397059393,-5.936187067007159e-05,SVR_RBF,rheology_enhanced,5
SR,LOFO,8,6ALG6HA,P_over_Alg,3,0.48716488397059393,-0.00027148209150895664,SVR_RBF,rheology_enhanced,5
SR,LOFO,8,6ALG6HA,P_over_Alg,4,0.48716488397059393,0.0023269460418547383,SVR_RBF,rheology_enhanced,5
SR,LOFO,8,6ALG6HA,P_over_Alg,5,0.48716488397059393,0.00031907574459394406,SVR_RBF,rheology_enhanced,5
SR,LOFO,8,6ALG6HA,P_over_Alg,6,0.48716488397059393,0.0007020907573629942,SVR_RBF,rheology_enhanced,5
SR,LOFO,8,6ALG6HA,P_over_Alg,7,0.48716488397059393,0.0020037347263599514,SVR_RBF,rheology_enhanced,5
SR,LOFO,8,6ALG6HA,P_over_Alg,8,0.48716488397059393,0.002272133146312416,SVR_RBF,rheology_enhanced,5
SR,LOFO,8,6ALG6HA,P_over_Alg,9,0.48716488397059393,0.0014635149568930639,SVR_RBF,rheology_enhanced,5
SR,LOFO,8,6ALG6HA,P_over_Alg,10,0.48716488397059393,0.0012000810725537603,SVR_RBF,rheology_enhanced,5
SR,LOFO,8,6ALG6HA,P_over_HA,1,0.48716488397059393,0.006619547639707013,SVR_RBF,rheology_enhanced,5
SR,LOFO,8,6ALG6HA,P_over_HA,2,0.48716488397059393,-0.0019209004439134092,SVR_RBF,rheology_enhanced,5
SR,LOFO,8,6ALG6HA,P_over_HA,3,0.48716488397059393,-0.0023788066722673085,SVR_RBF,rheology_enhanced,5
SR,LOFO,8,6ALG6HA,P_over_HA,4,0.48716488397059393,0.012533892119991619,SVR_RBF,rheology_enhanced,5
SR,LOFO,8,6ALG6HA,P_over_HA,5,0.48716488397059393,4.096751585719316e-05,SVR_RBF,rheology_enhanced,5
SR,LOFO,8,6ALG6HA,P_over_HA,6,0.48716488397059393,0.005889485179044807,SVR_RBF,rheology_enhanced,5
SR,LOFO,8,6ALG6HA,P_over_HA,7,0.48716488397059393,0.010150161712540018,SVR_RBF,rheology_enhanced,5
SR,LOFO,8,6ALG6HA,P_over_HA,8,0.48716488397059393,0.012234348885213187,SVR_RBF,rheology_enhanced,5
SR,LOFO,8,6ALG6HA,P_over_HA,9,0.48716488397059393,0.006538091339874874,SVR_RBF,rheology_enhanced,5
SR,LOFO,8,6ALG6HA,P_over_HA,10,0.48716488397059393,0.00441944975680425,SVR_RBF,rheology_enhanced,5
SR,LOFO,8,6ALG6HA,Alg_x_HA,1,0.48716488397059393,0.0,SVR_RBF,rheology_enhanced,5
SR,LOFO,8,6ALG6HA,Alg_x_HA,2,0.48716488397059393,0.0,SVR_RBF,rheology_enhanced,5
SR,LOFO,8,6ALG6HA,Alg_x_HA,3,0.48716488397059393,0.0,SVR_RBF,rheology_enhanced,5
SR,LOFO,8,6ALG6HA,Alg_x_HA,4,0.48716488397059393,0.0,SVR_RBF,rheology_enhanced,5
SR,LOFO,8,6ALG6HA,Alg_x_HA,5,0.48716488397059393,0.0,SVR_RBF,rheology_enhanced,5
SR,LOFO,8,6ALG6HA,Alg_x_HA,6,0.48716488397059393,0.0,SVR_RBF,rheology_enhanced,5
SR,LOFO,8,6ALG6HA,Alg_x_HA,7,0.48716488397059393,0.0,SVR_RBF,rheology_enhanced,5
SR,LOFO,8,6ALG6HA,Alg_x_HA,8,0.48716488397059393,0.0,SVR_RBF,rheology_enhanced,5
SR,LOFO,8,6ALG6HA,Alg_x_HA,9,0.48716488397059393,0.0,SVR_RBF,rheology_enhanced,5
SR,LOFO,8,6ALG6HA,Alg_x_HA,10,0.48716488397059393,0.0,SVR_RBF,rheology_enhanced,5
SR,LOFO,8,6ALG6HA,Alg_x_P,1,0.48716488397059393,0.006159107273687625,SVR_RBF,rheology_enhanced,5
SR,LOFO,8,6ALG6HA,Alg_x_P,2,0.48716488397059393,-0.003488927176216128,SVR_RBF,rheology_enhanced,5
SR,LOFO,8,6ALG6HA,Alg_x_P,3,0.48716488397059393,-0.0030378943443664097,SVR_RBF,rheology_enhanced,5
SR,LOFO,8,6ALG6HA,Alg_x_P,4,0.48716488397059393,0.011389197020801045,SVR_RBF,rheology_enhanced,5
SR,LOFO,8,6ALG6HA,Alg_x_P,5,0.48716488397059393,-0.0018272217133475377,SVR_RBF,rheology_enhanced,5
SR,LOFO,8,6ALG6HA,Alg_x_P,6,0.48716488397059393,0.00707616489771834,SVR_RBF,rheology_enhanced,5
SR,LOFO,8,6ALG6HA,Alg_x_P,7,0.48716488397059393,0.00873308556574598,SVR_RBF,rheology_enhanced,5
SR,LOFO,8,6ALG6HA,Alg_x_P,8,0.48716488397059393,0.011142186292297518,SVR_RBF,rheology_enhanced,5
SR,LOFO,8,6ALG6HA,Alg_x_P,9,0.48716488397059393,0.004943427291746183,SVR_RBF,rheology_enhanced,5
SR,LOFO,8,6ALG6HA,Alg_x_P,10,0.48716488397059393,0.002314292707657095,SVR_RBF,rheology_enhanced,5
SR,LOFO,8,6ALG6HA,HA_x_P,1,0.48716488397059393,0.00073591953903418,SVR_RBF,rheology_enhanced,5
SR,LOFO,8,6ALG6HA,HA_x_P,2,0.48716488397059393,0.001237536821690588,SVR_RBF,rheology_enhanced,5
SR,LOFO,8,6ALG6HA,HA_x_P,3,0.48716488397059393,0.0006673857057279409,SVR_RBF,rheology_enhanced,5
SR,LOFO,8,6ALG6HA,HA_x_P,4,0.48716488397059393,0.001769831889446738,SVR_RBF,rheology_enhanced,5
SR,LOFO,8,6ALG6HA,HA_x_P,5,0.48716488397059393,0.0014333149800984657,SVR_RBF,rheology_enhanced,5
SR,LOFO,8,6ALG6HA,HA_x_P,6,0.48716488397059393,-0.0006505757938992107,SVR_RBF,rheology_enhanced,5
SR,LOFO,8,6ALG6HA,HA_x_P,7,0.48716488397059393,0.0018583202651822894,SVR_RBF,rheology_enhanced,5
SR,LOFO,8,6ALG6HA,HA_x_P,8,0.48716488397059393,0.001812324930875242,SVR_RBF,rheology_enhanced,5
SR,LOFO,8,6ALG6HA,HA_x_P,9,0.48716488397059393,0.00215662744993661,SVR_RBF,rheology_enhanced,5
SR,LOFO,8,6ALG6HA,HA_x_P,10,0.48716488397059393,0.002283836219570512,SVR_RBF,rheology_enhanced,5
SR,LOFO,8,6ALG6HA,TP_x_P,1,0.48716488397059393,0.004245593928413227,SVR_RBF,rheology_enhanced,5
SR,LOFO,8,6ALG6HA,TP_x_P,2,0.48716488397059393,-0.0004034029445387777,SVR_RBF,rheology_enhanced,5
SR,LOFO,8,6ALG6HA,TP_x_P,3,0.48716488397059393,-0.0010000711501259585,SVR_RBF,rheology_enhanced,5
SR,LOFO,8,6ALG6HA,TP_x_P,4,0.48716488397059393,0.008421328758893343,SVR_RBF,rheology_enhanced,5
SR,LOFO,8,6ALG6HA,TP_x_P,5,0.48716488397059393,0.0009148544176780238,SVR_RBF,rheology_enhanced,5
SR,LOFO,8,6ALG6HA,TP_x_P,6,0.48716488397059393,0.0030642426422853863,SVR_RBF,rheology_enhanced,5
SR,LOFO,8,6ALG6HA,TP_x_P,7,0.48716488397059393,0.007034747792363627,SVR_RBF,rheology_enhanced,5
SR,LOFO,8,6ALG6HA,TP_x_P,8,0.48716488397059393,0.008218570191613428,SVR_RBF,rheology_enhanced,5
SR,LOFO,8,6ALG6HA,TP_x_P,9,0.48716488397059393,0.004938243212872007,SVR_RBF,rheology_enhanced,5
SR,LOFO,8,6ALG6HA,TP_x_P,10,0.48716488397059393,0.003957194724743929,SVR_RBF,rheology_enhanced,5
SR,LOFO,8,6ALG6HA,HF_x_P,1,0.48716488397059393,0.003932094219870341,SVR_RBF,rheology_enhanced,5
SR,LOFO,8,6ALG6HA,HF_x_P,2,0.48716488397059393,0.00046612085481634313,SVR_RBF,rheology_enhanced,5
SR,LOFO,8,6ALG6HA,HF_x_P,3,0.48716488397059393,-0.00046928365586151877,SVR_RBF,rheology_enhanced,5
SR,LOFO,8,6ALG6HA,HF_x_P,4,0.48716488397059393,0.007810027998711,SVR_RBF,rheology_enhanced,5
SR,LOFO,8,6ALG6HA,HF_x_P,5,0.48716488397059393,0.0016563456045768365,SVR_RBF,rheology_enhanced,5
SR,LOFO,8,6ALG6HA,HF_x_P,6,0.48716488397059393,0.0019261088565786233,SVR_RBF,rheology_enhanced,5
SR,LOFO,8,6ALG6HA,HF_x_P,7,0.48716488397059393,0.006857424396399747,SVR_RBF,rheology_enhanced,5
SR,LOFO,8,6ALG6HA,HF_x_P,8,0.48716488397059393,0.007676522923661,SVR_RBF,rheology_enhanced,5
SR,LOFO,8,6ALG6HA,HF_x_P,9,0.48716488397059393,0.005404454706513184,SVR_RBF,rheology_enhanced,5
SR,LOFO,8,6ALG6HA,HF_x_P,10,0.48716488397059393,0.004654702348455386,SVR_RBF,rheology_enhanced,5
SR,LOFO,8,6ALG6HA,Eta0_mean_Pa_s,1,0.48716488397059393,0.0,SVR_RBF,rheology_enhanced,5
SR,LOFO,8,6ALG6HA,Eta0_mean_Pa_s,2,0.48716488397059393,0.0,SVR_RBF,rheology_enhanced,5
SR,LOFO,8,6ALG6HA,Eta0_mean_Pa_s,3,0.48716488397059393,0.0,SVR_RBF,rheology_enhanced,5
SR,LOFO,8,6ALG6HA,Eta0_mean_Pa_s,4,0.48716488397059393,0.0,SVR_RBF,rheology_enhanced,5
SR,LOFO,8,6ALG6HA,Eta0_mean_Pa_s,5,0.48716488397059393,0.0,SVR_RBF,rheology_enhanced,5
SR,LOFO,8,6ALG6HA,Eta0_mean_Pa_s,6,0.48716488397059393,0.0,SVR_RBF,rheology_enhanced,5
SR,LOFO,8,6ALG6HA,Eta0_mean_Pa_s,7,0.48716488397059393,0.0,SVR_RBF,rheology_enhanced,5
SR,LOFO,8,6ALG6HA,Eta0_mean_Pa_s,8,0.48716488397059393,0.0,SVR_RBF,rheology_enhanced,5
SR,LOFO,8,6ALG6HA,Eta0_mean_Pa_s,9,0.48716488397059393,0.0,SVR_RBF,rheology_enhanced,5
SR,LOFO,8,6ALG6HA,Eta0_mean_Pa_s,10,0.48716488397059393,0.0,SVR_RBF,rheology_enhanced,5
SR,LOFO,8,6ALG6HA,Cross_m_mean,1,0.48716488397059393,0.0,SVR_RBF,rheology_enhanced,5
SR,LOFO,8,6ALG6HA,Cross_m_mean,2,0.48716488397059393,0.0,SVR_RBF,rheology_enhanced,5
SR,LOFO,8,6ALG6HA,Cross_m_mean,3,0.48716488397059393,0.0,SVR_RBF,rheology_enhanced,5
SR,LOFO,8,6ALG6HA,Cross_m_mean,4,0.48716488397059393,0.0,SVR_RBF,rheology_enhanced,5
SR,LOFO,8,6ALG6HA,Cross_m_mean,5,0.48716488397059393,0.0,SVR_RBF,rheology_enhanced,5
SR,LOFO,8,6ALG6HA,Cross_m_mean,6,0.48716488397059393,0.0,SVR_RBF,rheology_enhanced,5
SR,LOFO,8,6ALG6HA,Cross_m_mean,7,0.48716488397059393,0.0,SVR_RBF,rheology_enhanced,5
SR,LOFO,8,6ALG6HA,Cross_m_mean,8,0.48716488397059393,0.0,SVR_RBF,rheology_enhanced,5
SR,LOFO,8,6ALG6HA,Cross_m_mean,9,0.48716488397059393,0.0,SVR_RBF,rheology_enhanced,5
SR,LOFO,8,6ALG6HA,Cross_m_mean,10,0.48716488397059393,0.0,SVR_RBF,rheology_enhanced,5
SR,LOFO,8,6ALG6HA,Cross_k_mean_s,1,0.48716488397059393,0.0,SVR_RBF,rheology_enhanced,5
SR,LOFO,8,6ALG6HA,Cross_k_mean_s,2,0.48716488397059393,0.0,SVR_RBF,rheology_enhanced,5
SR,LOFO,8,6ALG6HA,Cross_k_mean_s,3,0.48716488397059393,0.0,SVR_RBF,rheology_enhanced,5
SR,LOFO,8,6ALG6HA,Cross_k_mean_s,4,0.48716488397059393,0.0,SVR_RBF,rheology_enhanced,5
SR,LOFO,8,6ALG6HA,Cross_k_mean_s,5,0.48716488397059393,0.0,SVR_RBF,rheology_enhanced,5
SR,LOFO,8,6ALG6HA,Cross_k_mean_s,6,0.48716488397059393,0.0,SVR_RBF,rheology_enhanced,5
SR,LOFO,8,6ALG6HA,Cross_k_mean_s,7,0.48716488397059393,0.0,SVR_RBF,rheology_enhanced,5
SR,LOFO,8,6ALG6HA,Cross_k_mean_s,8,0.48716488397059393,0.0,SVR_RBF,rheology_enhanced,5
SR,LOFO,8,6ALG6HA,Cross_k_mean_s,9,0.48716488397059393,0.0,SVR_RBF,rheology_enhanced,5
SR,LOFO,8,6ALG6HA,Cross_k_mean_s,10,0.48716488397059393,0.0,SVR_RBF,rheology_enhanced,5
SR,LOFO,8,6ALG6HA,G_prime_mean_Pa,1,0.48716488397059393,0.0,SVR_RBF,rheology_enhanced,5
SR,LOFO,8,6ALG6HA,G_prime_mean_Pa,2,0.48716488397059393,0.0,SVR_RBF,rheology_enhanced,5
SR,LOFO,8,6ALG6HA,G_prime_mean_Pa,3,0.48716488397059393,0.0,SVR_RBF,rheology_enhanced,5
SR,LOFO,8,6ALG6HA,G_prime_mean_Pa,4,0.48716488397059393,0.0,SVR_RBF,rheology_enhanced,5
SR,LOFO,8,6ALG6HA,G_prime_mean_Pa,5,0.48716488397059393,0.0,SVR_RBF,rheology_enhanced,5
SR,LOFO,8,6ALG6HA,G_prime_mean_Pa,6,0.48716488397059393,0.0,SVR_RBF,rheology_enhanced,5
SR,LOFO,8,6ALG6HA,G_prime_mean_Pa,7,0.48716488397059393,0.0,SVR_RBF,rheology_enhanced,5
SR,LOFO,8,6ALG6HA,G_prime_mean_Pa,8,0.48716488397059393,0.0,SVR_RBF,rheology_enhanced,5
SR,LOFO,8,6ALG6HA,G_prime_mean_Pa,9,0.48716488397059393,0.0,SVR_RBF,rheology_enhanced,5
SR,LOFO,8,6ALG6HA,G_prime_mean_Pa,10,0.48716488397059393,0.0,SVR_RBF,rheology_enhanced,5
SR,LOFO,8,6ALG6HA,G_double_prime_mean_Pa,1,0.48716488397059393,0.0,SVR_RBF,rheology_enhanced,5
SR,LOFO,8,6ALG6HA,G_double_prime_mean_Pa,2,0.48716488397059393,0.0,SVR_RBF,rheology_enhanced,5
SR,LOFO,8,6ALG6HA,G_double_prime_mean_Pa,3,0.48716488397059393,0.0,SVR_RBF,rheology_enhanced,5
SR,LOFO,8,6ALG6HA,G_double_prime_mean_Pa,4,0.48716488397059393,0.0,SVR_RBF,rheology_enhanced,5
SR,LOFO,8,6ALG6HA,G_double_prime_mean_Pa,5,0.48716488397059393,0.0,SVR_RBF,rheology_enhanced,5
SR,LOFO,8,6ALG6HA,G_double_prime_mean_Pa,6,0.48716488397059393,0.0,SVR_RBF,rheology_enhanced,5
SR,LOFO,8,6ALG6HA,G_double_prime_mean_Pa,7,0.48716488397059393,0.0,SVR_RBF,rheology_enhanced,5
SR,LOFO,8,6ALG6HA,G_double_prime_mean_Pa,8,0.48716488397059393,0.0,SVR_RBF,rheology_enhanced,5
SR,LOFO,8,6ALG6HA,G_double_prime_mean_Pa,9,0.48716488397059393,0.0,SVR_RBF,rheology_enhanced,5
SR,LOFO,8,6ALG6HA,G_double_prime_mean_Pa,10,0.48716488397059393,0.0,SVR_RBF,rheology_enhanced,5
SR,LOFO,8,6ALG6HA,Yield_stress_mean_Pa,1,0.48716488397059393,0.0,SVR_RBF,rheology_enhanced,5
SR,LOFO,8,6ALG6HA,Yield_stress_mean_Pa,2,0.48716488397059393,0.0,SVR_RBF,rheology_enhanced,5
SR,LOFO,8,6ALG6HA,Yield_stress_mean_Pa,3,0.48716488397059393,0.0,SVR_RBF,rheology_enhanced,5
SR,LOFO,8,6ALG6HA,Yield_stress_mean_Pa,4,0.48716488397059393,0.0,SVR_RBF,rheology_enhanced,5
SR,LOFO,8,6ALG6HA,Yield_stress_mean_Pa,5,0.48716488397059393,0.0,SVR_RBF,rheology_enhanced,5
SR,LOFO,8,6ALG6HA,Yield_stress_mean_Pa,6,0.48716488397059393,0.0,SVR_RBF,rheology_enhanced,5
SR,LOFO,8,6ALG6HA,Yield_stress_mean_Pa,7,0.48716488397059393,0.0,SVR_RBF,rheology_enhanced,5
SR,LOFO,8,6ALG6HA,Yield_stress_mean_Pa,8,0.48716488397059393,0.0,SVR_RBF,rheology_enhanced,5
SR,LOFO,8,6ALG6HA,Yield_stress_mean_Pa,9,0.48716488397059393,0.0,SVR_RBF,rheology_enhanced,5
SR,LOFO,8,6ALG6HA,Yield_stress_mean_Pa,10,0.48716488397059393,0.0,SVR_RBF,rheology_enhanced,5
Qm,LOFO,1,1ALG8HA,Alg_mg_ml,1,0.5103000456448697,0.0,SVR_RBF,engineered,5
Qm,LOFO,1,1ALG8HA,Alg_mg_ml,2,0.5103000456448697,0.0,SVR_RBF,engineered,5
Qm,LOFO,1,1ALG8HA,Alg_mg_ml,3,0.5103000456448697,0.0,SVR_RBF,engineered,5
Qm,LOFO,1,1ALG8HA,Alg_mg_ml,4,0.5103000456448697,0.0,SVR_RBF,engineered,5
Qm,LOFO,1,1ALG8HA,Alg_mg_ml,5,0.5103000456448697,0.0,SVR_RBF,engineered,5
Qm,LOFO,1,1ALG8HA,Alg_mg_ml,6,0.5103000456448697,0.0,SVR_RBF,engineered,5
Qm,LOFO,1,1ALG8HA,Alg_mg_ml,7,0.5103000456448697,0.0,SVR_RBF,engineered,5
Qm,LOFO,1,1ALG8HA,Alg_mg_ml,8,0.5103000456448697,0.0,SVR_RBF,engineered,5
Qm,LOFO,1,1ALG8HA,Alg_mg_ml,9,0.5103000456448697,0.0,SVR_RBF,engineered,5
Qm,LOFO,1,1ALG8HA,Alg_mg_ml,10,0.5103000456448697,0.0,SVR_RBF,engineered,5
Qm,LOFO,1,1ALG8HA,HA_mg_ml,1,0.5103000456448697,0.0,SVR_RBF,engineered,5
Qm,LOFO,1,1ALG8HA,HA_mg_ml,2,0.5103000456448697,0.0,SVR_RBF,engineered,5
Qm,LOFO,1,1ALG8HA,HA_mg_ml,3,0.5103000456448697,0.0,SVR_RBF,engineered,5
Qm,LOFO,1,1ALG8HA,HA_mg_ml,4,0.5103000456448697,0.0,SVR_RBF,engineered,5
Qm,LOFO,1,1ALG8HA,HA_mg_ml,5,0.5103000456448697,0.0,SVR_RBF,engineered,5
Qm,LOFO,1,1ALG8HA,HA_mg_ml,6,0.5103000456448697,0.0,SVR_RBF,engineered,5
Qm,LOFO,1,1ALG8HA,HA_mg_ml,7,0.5103000456448697,0.0,SVR_RBF,engineered,5
Qm,LOFO,1,1ALG8HA,HA_mg_ml,8,0.5103000456448697,0.0,SVR_RBF,engineered,5
Qm,LOFO,1,1ALG8HA,HA_mg_ml,9,0.5103000456448697,0.0,SVR_RBF,engineered,5
Qm,LOFO,1,1ALG8HA,HA_mg_ml,10,0.5103000456448697,0.0,SVR_RBF,engineered,5
Qm,LOFO,1,1ALG8HA,Pressure_kPa,1,0.5103000456448697,0.00011949236710639966,SVR_RBF,engineered,5
Qm,LOFO,1,1ALG8HA,Pressure_kPa,2,0.5103000456448697,-0.0001398455003684962,SVR_RBF,engineered,5
Qm,LOFO,1,1ALG8HA,Pressure_kPa,3,0.5103000456448697,-0.0009312813729549507,SVR_RBF,engineered,5
Qm,LOFO,1,1ALG8HA,Pressure_kPa,4,0.5103000456448697,-0.00036959265145319886,SVR_RBF,engineered,5
Qm,LOFO,1,1ALG8HA,Pressure_kPa,5,0.5103000456448697,-0.00016748098589280946,SVR_RBF,engineered,5
Qm,LOFO,1,1ALG8HA,Pressure_kPa,6,0.5103000456448697,-0.0005471439216312435,SVR_RBF,engineered,5
Qm,LOFO,1,1ALG8HA,Pressure_kPa,7,0.5103000456448697,-0.0003617886933062753,SVR_RBF,engineered,5
Qm,LOFO,1,1ALG8HA,Pressure_kPa,8,0.5103000456448697,5.420198631100881e-05,SVR_RBF,engineered,5
Qm,LOFO,1,1ALG8HA,Pressure_kPa,9,0.5103000456448697,-0.0010291532516742974,SVR_RBF,engineered,5
Qm,LOFO,1,1ALG8HA,Pressure_kPa,10,0.5103000456448697,-0.00034821423114794747,SVR_RBF,engineered,5
Qm,LOFO,1,1ALG8HA,TP,1,0.5103000456448697,0.0,SVR_RBF,engineered,5
Qm,LOFO,1,1ALG8HA,TP,2,0.5103000456448697,0.0,SVR_RBF,engineered,5
Qm,LOFO,1,1ALG8HA,TP,3,0.5103000456448697,0.0,SVR_RBF,engineered,5
Qm,LOFO,1,1ALG8HA,TP,4,0.5103000456448697,0.0,SVR_RBF,engineered,5
Qm,LOFO,1,1ALG8HA,TP,5,0.5103000456448697,0.0,SVR_RBF,engineered,5
Qm,LOFO,1,1ALG8HA,TP,6,0.5103000456448697,0.0,SVR_RBF,engineered,5
Qm,LOFO,1,1ALG8HA,TP,7,0.5103000456448697,0.0,SVR_RBF,engineered,5
Qm,LOFO,1,1ALG8HA,TP,8,0.5103000456448697,0.0,SVR_RBF,engineered,5
Qm,LOFO,1,1ALG8HA,TP,9,0.5103000456448697,0.0,SVR_RBF,engineered,5
Qm,LOFO,1,1ALG8HA,TP,10,0.5103000456448697,0.0,SVR_RBF,engineered,5
Qm,LOFO,1,1ALG8HA,HF,1,0.5103000456448697,0.0,SVR_RBF,engineered,5
Qm,LOFO,1,1ALG8HA,HF,2,0.5103000456448697,0.0,SVR_RBF,engineered,5
Qm,LOFO,1,1ALG8HA,HF,3,0.5103000456448697,0.0,SVR_RBF,engineered,5
Qm,LOFO,1,1ALG8HA,HF,4,0.5103000456448697,0.0,SVR_RBF,engineered,5
Qm,LOFO,1,1ALG8HA,HF,5,0.5103000456448697,0.0,SVR_RBF,engineered,5
Qm,LOFO,1,1ALG8HA,HF,6,0.5103000456448697,0.0,SVR_RBF,engineered,5
Qm,LOFO,1,1ALG8HA,HF,7,0.5103000456448697,0.0,SVR_RBF,engineered,5
Qm,LOFO,1,1ALG8HA,HF,8,0.5103000456448697,0.0,SVR_RBF,engineered,5
Qm,LOFO,1,1ALG8HA,HF,9,0.5103000456448697,0.0,SVR_RBF,engineered,5
Qm,LOFO,1,1ALG8HA,HF,10,0.5103000456448697,0.0,SVR_RBF,engineered,5
Qm,LOFO,1,1ALG8HA,Alg_HA_ratio_safe,1,0.5103000456448697,0.0,SVR_RBF,engineered,5
Qm,LOFO,1,1ALG8HA,Alg_HA_ratio_safe,2,0.5103000456448697,0.0,SVR_RBF,engineered,5
Qm,LOFO,1,1ALG8HA,Alg_HA_ratio_safe,3,0.5103000456448697,0.0,SVR_RBF,engineered,5
Qm,LOFO,1,1ALG8HA,Alg_HA_ratio_safe,4,0.5103000456448697,0.0,SVR_RBF,engineered,5
Qm,LOFO,1,1ALG8HA,Alg_HA_ratio_safe,5,0.5103000456448697,0.0,SVR_RBF,engineered,5
Qm,LOFO,1,1ALG8HA,Alg_HA_ratio_safe,6,0.5103000456448697,0.0,SVR_RBF,engineered,5
Qm,LOFO,1,1ALG8HA,Alg_HA_ratio_safe,7,0.5103000456448697,0.0,SVR_RBF,engineered,5
Qm,LOFO,1,1ALG8HA,Alg_HA_ratio_safe,8,0.5103000456448697,0.0,SVR_RBF,engineered,5
Qm,LOFO,1,1ALG8HA,Alg_HA_ratio_safe,9,0.5103000456448697,0.0,SVR_RBF,engineered,5
Qm,LOFO,1,1ALG8HA,Alg_HA_ratio_safe,10,0.5103000456448697,0.0,SVR_RBF,engineered,5
Qm,LOFO,1,1ALG8HA,P_over_TP,1,0.5103000456448697,0.0017334750289593748,SVR_RBF,engineered,5
Qm,LOFO,1,1ALG8HA,P_over_TP,2,0.5103000456448697,0.005922762688020722,SVR_RBF,engineered,5
Qm,LOFO,1,1ALG8HA,P_over_TP,3,0.5103000456448697,0.014402095796983372,SVR_RBF,engineered,5
Qm,LOFO,1,1ALG8HA,P_over_TP,4,0.5103000456448697,0.006835647898210007,SVR_RBF,engineered,5
Qm,LOFO,1,1ALG8HA,P_over_TP,5,0.5103000456448697,0.006784549418336283,SVR_RBF,engineered,5
Qm,LOFO,1,1ALG8HA,P_over_TP,6,0.5103000456448697,0.011369322689323336,SVR_RBF,engineered,5
Qm,LOFO,1,1ALG8HA,P_over_TP,7,0.5103000456448697,0.014679148872857373,SVR_RBF,engineered,5
Qm,LOFO,1,1ALG8HA,P_over_TP,8,0.5103000456448697,0.011428270162464171,SVR_RBF,engineered,5
Qm,LOFO,1,1ALG8HA,P_over_TP,9,0.5103000456448697,0.014810004095504925,SVR_RBF,engineered,5
Qm,LOFO,1,1ALG8HA,P_over_TP,10,0.5103000456448697,0.0028644042092323962,SVR_RBF,engineered,5
Qm,LOFO,1,1ALG8HA,P_over_Alg,1,0.5103000456448697,0.006637416042107103,SVR_RBF,engineered,5
Qm,LOFO,1,1ALG8HA,P_over_Alg,2,0.5103000456448697,0.03198701579303276,SVR_RBF,engineered,5
Qm,LOFO,1,1ALG8HA,P_over_Alg,3,0.5103000456448697,0.0778429231575144,SVR_RBF,engineered,5
Qm,LOFO,1,1ALG8HA,P_over_Alg,4,0.5103000456448697,0.039066067714392694,SVR_RBF,engineered,5
Qm,LOFO,1,1ALG8HA,P_over_Alg,5,0.5103000456448697,0.035392539245545085,SVR_RBF,engineered,5
Qm,LOFO,1,1ALG8HA,P_over_Alg,6,0.5103000456448697,0.05826403676840475,SVR_RBF,engineered,5
Qm,LOFO,1,1ALG8HA,P_over_Alg,7,0.5103000456448697,0.06969946493966916,SVR_RBF,engineered,5
Qm,LOFO,1,1ALG8HA,P_over_Alg,8,0.5103000456448697,0.0485030942271395,SVR_RBF,engineered,5
Qm,LOFO,1,1ALG8HA,P_over_Alg,9,0.5103000456448697,0.0817168362358841,SVR_RBF,engineered,5
Qm,LOFO,1,1ALG8HA,P_over_Alg,10,0.5103000456448697,0.020815515540683727,SVR_RBF,engineered,5
Qm,LOFO,1,1ALG8HA,P_over_HA,1,0.5103000456448697,0.00037496591399976964,SVR_RBF,engineered,5
Qm,LOFO,1,1ALG8HA,P_over_HA,2,0.5103000456448697,0.0015027436649964754,SVR_RBF,engineered,5
Qm,LOFO,1,1ALG8HA,P_over_HA,3,0.5103000456448697,0.004058576255054125,SVR_RBF,engineered,5
Qm,LOFO,1,1ALG8HA,P_over_HA,4,0.5103000456448697,0.0017999412930288505,SVR_RBF,engineered,5
Qm,LOFO,1,1ALG8HA,P_over_HA,5,0.5103000456448697,0.0016504248170220448,SVR_RBF,engineered,5
Qm,LOFO,1,1ALG8HA,P_over_HA,6,0.5103000456448697,0.002748863018426473,SVR_RBF,engineered,5
Qm,LOFO,1,1ALG8HA,P_over_HA,7,0.5103000456448697,0.003377389142292575,SVR_RBF,engineered,5
Qm,LOFO,1,1ALG8HA,P_over_HA,8,0.5103000456448697,0.0023420285922413075,SVR_RBF,engineered,5
Qm,LOFO,1,1ALG8HA,P_over_HA,9,0.5103000456448697,0.004275535861142266,SVR_RBF,engineered,5
Qm,LOFO,1,1ALG8HA,P_over_HA,10,0.5103000456448697,0.0008785259704384707,SVR_RBF,engineered,5
Qm,LOFO,1,1ALG8HA,Alg_x_HA,1,0.5103000456448697,0.0,SVR_RBF,engineered,5
Qm,LOFO,1,1ALG8HA,Alg_x_HA,2,0.5103000456448697,0.0,SVR_RBF,engineered,5
Qm,LOFO,1,1ALG8HA,Alg_x_HA,3,0.5103000456448697,0.0,SVR_RBF,engineered,5
Qm,LOFO,1,1ALG8HA,Alg_x_HA,4,0.5103000456448697,0.0,SVR_RBF,engineered,5
Qm,LOFO,1,1ALG8HA,Alg_x_HA,5,0.5103000456448697,0.0,SVR_RBF,engineered,5
Qm,LOFO,1,1ALG8HA,Alg_x_HA,6,0.5103000456448697,0.0,SVR_RBF,engineered,5
Qm,LOFO,1,1ALG8HA,Alg_x_HA,7,0.5103000456448697,0.0,SVR_RBF,engineered,5
Qm,LOFO,1,1ALG8HA,Alg_x_HA,8,0.5103000456448697,0.0,SVR_RBF,engineered,5
Qm,LOFO,1,1ALG8HA,Alg_x_HA,9,0.5103000456448697,0.0,SVR_RBF,engineered,5
Qm,LOFO,1,1ALG8HA,Alg_x_HA,10,0.5103000456448697,0.0,SVR_RBF,engineered,5
Qm,LOFO,1,1ALG8HA,Alg_x_P,1,0.5103000456448697,3.873527844588942e-05,SVR_RBF,engineered,5
Qm,LOFO,1,1ALG8HA,Alg_x_P,2,0.5103000456448697,8.470560798723437e-05,SVR_RBF,engineered,5
Qm,LOFO,1,1ALG8HA,Alg_x_P,3,0.5103000456448697,0.0002197908735863674,SVR_RBF,engineered,5
Qm,LOFO,1,1ALG8HA,Alg_x_P,4,0.5103000456448697,8.270768141949159e-05,SVR_RBF,engineered,5
Qm,LOFO,1,1ALG8HA,Alg_x_P,5,0.5103000456448697,8.442761132920751e-05,SVR_RBF,engineered,5
Qm,LOFO,1,1ALG8HA,Alg_x_P,6,0.5103000456448697,9.948566854423024e-05,SVR_RBF,engineered,5
Qm,LOFO,1,1ALG8HA,Alg_x_P,7,0.5103000456448697,0.00014215303657372225,SVR_RBF,engineered,5
Qm,LOFO,1,1ALG8HA,Alg_x_P,8,0.5103000456448697,0.00010738041150082367,SVR_RBF,engineered,5
Qm,LOFO,1,1ALG8HA,Alg_x_P,9,0.5103000456448697,0.00023564806789355686,SVR_RBF,engineered,5
Qm,LOFO,1,1ALG8HA,Alg_x_P,10,0.5103000456448697,2.8931135815701836e-05,SVR_RBF,engineered,5
Qm,LOFO,1,1ALG8HA,HA_x_P,1,0.5103000456448697,-0.00033772397870013293,SVR_RBF,engineered,5
Qm,LOFO,1,1ALG8HA,HA_x_P,2,0.5103000456448697,-0.001762734971021973,SVR_RBF,engineered,5
Qm,LOFO,1,1ALG8HA,HA_x_P,3,0.5103000456448697,-0.005258048041846597,SVR_RBF,engineered,5
Qm,LOFO,1,1ALG8HA,HA_x_P,4,0.5103000456448697,-0.0022599363259807603,SVR_RBF,engineered,5
Qm,LOFO,1,1ALG8HA,HA_x_P,5,0.5103000456448697,-0.0019296522491255574,SVR_RBF,engineered,5
Qm,LOFO,1,1ALG8HA,HA_x_P,6,0.5103000456448697,-0.0033655020058720453,SVR_RBF,engineered,5
Qm,LOFO,1,1ALG8HA,HA_x_P,7,0.5103000456448697,-0.00389921028574558,SVR_RBF,engineered,5
Qm,LOFO,1,1ALG8HA,HA_x_P,8,0.5103000456448697,-0.0024310278727466272,SVR_RBF,engineered,5
Qm,LOFO,1,1ALG8HA,HA_x_P,9,0.5103000456448697,-0.005595685688246754,SVR_RBF,engineered,5
Qm,LOFO,1,1ALG8HA,HA_x_P,10,0.5103000456448697,-0.0012362718958026653,SVR_RBF,engineered,5
Qm,LOFO,1,1ALG8HA,TP_x_P,1,0.5103000456448697,-0.0001042997123474887,SVR_RBF,engineered,5
Qm,LOFO,1,1ALG8HA,TP_x_P,2,0.5103000456448697,-0.0007899515585227945,SVR_RBF,engineered,5
Qm,LOFO,1,1ALG8HA,TP_x_P,3,0.5103000456448697,-0.0024256016778433365,SVR_RBF,engineered,5
Qm,LOFO,1,1ALG8HA,TP_x_P,4,0.5103000456448697,-0.0010654840243197183,SVR_RBF,engineered,5
Qm,LOFO,1,1ALG8HA,TP_x_P,5,0.5103000456448697,-0.0008795901594494948,SVR_RBF,engineered,5
Qm,LOFO,1,1ALG8HA,TP_x_P,6,0.5103000456448697,-0.0016345529973960105,SVR_RBF,engineered,5
Qm,LOFO,1,1ALG8HA,TP_x_P,7,0.5103000456448697,-0.0018343212181826107,SVR_RBF,engineered,5
Qm,LOFO,1,1ALG8HA,TP_x_P,8,0.5103000456448697,-0.0011015916542118642,SVR_RBF,engineered,5
Qm,LOFO,1,1ALG8HA,TP_x_P,9,0.5103000456448697,-0.0025780543060252015,SVR_RBF,engineered,5
Qm,LOFO,1,1ALG8HA,TP_x_P,10,0.5103000456448697,-0.0006184725442039962,SVR_RBF,engineered,5
Qm,LOFO,1,1ALG8HA,HF_x_P,1,0.5103000456448697,-0.0002281344987254963,SVR_RBF,engineered,5
Qm,LOFO,1,1ALG8HA,HF_x_P,2,0.5103000456448697,-0.0014303721555227744,SVR_RBF,engineered,5
Qm,LOFO,1,1ALG8HA,HF_x_P,3,0.5103000456448697,-0.004545356982310844,SVR_RBF,engineered,5
Qm,LOFO,1,1ALG8HA,HF_x_P,4,0.5103000456448697,-0.0019036585733475109,SVR_RBF,engineered,5
Qm,LOFO,1,1ALG8HA,HF_x_P,5,0.5103000456448697,-0.0015515757956827692,SVR_RBF,engineered,5
Qm,LOFO,1,1ALG8HA,HF_x_P,6,0.5103000456448697,-0.0027426898078812822,SVR_RBF,engineered,5
Qm,LOFO,1,1ALG8HA,HF_x_P,7,0.5103000456448697,-0.003046906937677729,SVR_RBF,engineered,5
Qm,LOFO,1,1ALG8HA,HF_x_P,8,0.5103000456448697,-0.0017355063092562295,SVR_RBF,engineered,5
Qm,LOFO,1,1ALG8HA,HF_x_P,9,0.5103000456448697,-0.004874576289675914,SVR_RBF,engineered,5
Qm,LOFO,1,1ALG8HA,HF_x_P,10,0.5103000456448697,-0.0011087517841483763,SVR_RBF,engineered,5
Qm,LOFO,2,2ALG8HA,Alg_mg_ml,1,0.9937138856220084,0.0,SVR_RBF,engineered,5
Qm,LOFO,2,2ALG8HA,Alg_mg_ml,2,0.9937138856220084,0.0,SVR_RBF,engineered,5
Qm,LOFO,2,2ALG8HA,Alg_mg_ml,3,0.9937138856220084,0.0,SVR_RBF,engineered,5
Qm,LOFO,2,2ALG8HA,Alg_mg_ml,4,0.9937138856220084,0.0,SVR_RBF,engineered,5
Qm,LOFO,2,2ALG8HA,Alg_mg_ml,5,0.9937138856220084,0.0,SVR_RBF,engineered,5
Qm,LOFO,2,2ALG8HA,Alg_mg_ml,6,0.9937138856220084,0.0,SVR_RBF,engineered,5
Qm,LOFO,2,2ALG8HA,Alg_mg_ml,7,0.9937138856220084,0.0,SVR_RBF,engineered,5
Qm,LOFO,2,2ALG8HA,Alg_mg_ml,8,0.9937138856220084,0.0,SVR_RBF,engineered,5
Qm,LOFO,2,2ALG8HA,Alg_mg_ml,9,0.9937138856220084,0.0,SVR_RBF,engineered,5
Qm,LOFO,2,2ALG8HA,Alg_mg_ml,10,0.9937138856220084,0.0,SVR_RBF,engineered,5
Qm,LOFO,2,2ALG8HA,HA_mg_ml,1,0.9937138856220084,0.0,SVR_RBF,engineered,5
Qm,LOFO,2,2ALG8HA,HA_mg_ml,2,0.9937138856220084,0.0,SVR_RBF,engineered,5
Qm,LOFO,2,2ALG8HA,HA_mg_ml,3,0.9937138856220084,0.0,SVR_RBF,engineered,5
Qm,LOFO,2,2ALG8HA,HA_mg_ml,4,0.9937138856220084,0.0,SVR_RBF,engineered,5
Qm,LOFO,2,2ALG8HA,HA_mg_ml,5,0.9937138856220084,0.0,SVR_RBF,engineered,5
Qm,LOFO,2,2ALG8HA,HA_mg_ml,6,0.9937138856220084,0.0,SVR_RBF,engineered,5
Qm,LOFO,2,2ALG8HA,HA_mg_ml,7,0.9937138856220084,0.0,SVR_RBF,engineered,5
Qm,LOFO,2,2ALG8HA,HA_mg_ml,8,0.9937138856220084,0.0,SVR_RBF,engineered,5
Qm,LOFO,2,2ALG8HA,HA_mg_ml,9,0.9937138856220084,0.0,SVR_RBF,engineered,5
Qm,LOFO,2,2ALG8HA,HA_mg_ml,10,0.9937138856220084,0.0,SVR_RBF,engineered,5
Qm,LOFO,2,2ALG8HA,Pressure_kPa,1,0.9937138856220084,-0.005432294418913242,SVR_RBF,engineered,5
Qm,LOFO,2,2ALG8HA,Pressure_kPa,2,0.9937138856220084,-0.04952397327683544,SVR_RBF,engineered,5
Qm,LOFO,2,2ALG8HA,Pressure_kPa,3,0.9937138856220084,-0.041459056678936124,SVR_RBF,engineered,5
Qm,LOFO,2,2ALG8HA,Pressure_kPa,4,0.9937138856220084,-0.019374316689621418,SVR_RBF,engineered,5
Qm,LOFO,2,2ALG8HA,Pressure_kPa,5,0.9937138856220084,-0.046856620121403014,SVR_RBF,engineered,5
Qm,LOFO,2,2ALG8HA,Pressure_kPa,6,0.9937138856220084,-0.06530539081685671,SVR_RBF,engineered,5
Qm,LOFO,2,2ALG8HA,Pressure_kPa,7,0.9937138856220084,-0.005432294418913242,SVR_RBF,engineered,5
Qm,LOFO,2,2ALG8HA,Pressure_kPa,8,0.9937138856220084,-0.02854280271472387,SVR_RBF,engineered,5
Qm,LOFO,2,2ALG8HA,Pressure_kPa,9,0.9937138856220084,-0.026519284289735157,SVR_RBF,engineered,5
Qm,LOFO,2,2ALG8HA,Pressure_kPa,10,0.9937138856220084,-0.019882352422599725,SVR_RBF,engineered,5
Qm,LOFO,2,2ALG8HA,TP,1,0.9937138856220084,0.0,SVR_RBF,engineered,5
Qm,LOFO,2,2ALG8HA,TP,2,0.9937138856220084,0.0,SVR_RBF,engineered,5
Qm,LOFO,2,2ALG8HA,TP,3,0.9937138856220084,0.0,SVR_RBF,engineered,5
Qm,LOFO,2,2ALG8HA,TP,4,0.9937138856220084,0.0,SVR_RBF,engineered,5
Qm,LOFO,2,2ALG8HA,TP,5,0.9937138856220084,0.0,SVR_RBF,engineered,5
Qm,LOFO,2,2ALG8HA,TP,6,0.9937138856220084,0.0,SVR_RBF,engineered,5
Qm,LOFO,2,2ALG8HA,TP,7,0.9937138856220084,0.0,SVR_RBF,engineered,5
Qm,LOFO,2,2ALG8HA,TP,8,0.9937138856220084,0.0,SVR_RBF,engineered,5
Qm,LOFO,2,2ALG8HA,TP,9,0.9937138856220084,0.0,SVR_RBF,engineered,5
Qm,LOFO,2,2ALG8HA,TP,10,0.9937138856220084,0.0,SVR_RBF,engineered,5
Qm,LOFO,2,2ALG8HA,HF,1,0.9937138856220084,0.0,SVR_RBF,engineered,5
Qm,LOFO,2,2ALG8HA,HF,2,0.9937138856220084,0.0,SVR_RBF,engineered,5
Qm,LOFO,2,2ALG8HA,HF,3,0.9937138856220084,0.0,SVR_RBF,engineered,5
Qm,LOFO,2,2ALG8HA,HF,4,0.9937138856220084,0.0,SVR_RBF,engineered,5
Qm,LOFO,2,2ALG8HA,HF,5,0.9937138856220084,0.0,SVR_RBF,engineered,5
Qm,LOFO,2,2ALG8HA,HF,6,0.9937138856220084,0.0,SVR_RBF,engineered,5
Qm,LOFO,2,2ALG8HA,HF,7,0.9937138856220084,0.0,SVR_RBF,engineered,5
Qm,LOFO,2,2ALG8HA,HF,8,0.9937138856220084,0.0,SVR_RBF,engineered,5
Qm,LOFO,2,2ALG8HA,HF,9,0.9937138856220084,0.0,SVR_RBF,engineered,5
Qm,LOFO,2,2ALG8HA,HF,10,0.9937138856220084,0.0,SVR_RBF,engineered,5
Qm,LOFO,2,2ALG8HA,Alg_HA_ratio_safe,1,0.9937138856220084,0.0,SVR_RBF,engineered,5
Qm,LOFO,2,2ALG8HA,Alg_HA_ratio_safe,2,0.9937138856220084,0.0,SVR_RBF,engineered,5
Qm,LOFO,2,2ALG8HA,Alg_HA_ratio_safe,3,0.9937138856220084,0.0,SVR_RBF,engineered,5
Qm,LOFO,2,2ALG8HA,Alg_HA_ratio_safe,4,0.9937138856220084,0.0,SVR_RBF,engineered,5
Qm,LOFO,2,2ALG8HA,Alg_HA_ratio_safe,5,0.9937138856220084,0.0,SVR_RBF,engineered,5
Qm,LOFO,2,2ALG8HA,Alg_HA_ratio_safe,6,0.9937138856220084,0.0,SVR_RBF,engineered,5
Qm,LOFO,2,2ALG8HA,Alg_HA_ratio_safe,7,0.9937138856220084,0.0,SVR_RBF,engineered,5
Qm,LOFO,2,2ALG8HA,Alg_HA_ratio_safe,8,0.9937138856220084,0.0,SVR_RBF,engineered,5
Qm,LOFO,2,2ALG8HA,Alg_HA_ratio_safe,9,0.9937138856220084,0.0,SVR_RBF,engineered,5
Qm,LOFO,2,2ALG8HA,Alg_HA_ratio_safe,10,0.9937138856220084,0.0,SVR_RBF,engineered,5
Qm,LOFO,2,2ALG8HA,P_over_TP,1,0.9937138856220084,0.020516879593789894,SVR_RBF,engineered,5
Qm,LOFO,2,2ALG8HA,P_over_TP,2,0.9937138856220084,0.09394858505204884,SVR_RBF,engineered,5
Qm,LOFO,2,2ALG8HA,P_over_TP,3,0.9937138856220084,0.03169587222986292,SVR_RBF,engineered,5
Qm,LOFO,2,2ALG8HA,P_over_TP,4,0.9937138856220084,0.017389368506627423,SVR_RBF,engineered,5
Qm,LOFO,2,2ALG8HA,P_over_TP,5,0.9937138856220084,0.06153776546870093,SVR_RBF,engineered,5
Qm,LOFO,2,2ALG8HA,P_over_TP,6,0.9937138856220084,0.10943299844795884,SVR_RBF,engineered,5
Qm,LOFO,2,2ALG8HA,P_over_TP,7,0.9937138856220084,0.020516879593789894,SVR_RBF,engineered,5
Qm,LOFO,2,2ALG8HA,P_over_TP,8,0.9937138856220084,0.08182040049076933,SVR_RBF,engineered,5
Qm,LOFO,2,2ALG8HA,P_over_TP,9,0.9937138856220084,0.01034691417765743,SVR_RBF,engineered,5
Qm,LOFO,2,2ALG8HA,P_over_TP,10,0.9937138856220084,0.06899714463004891,SVR_RBF,engineered,5
Qm,LOFO,2,2ALG8HA,P_over_Alg,1,0.9937138856220084,-0.0012776814930498537,SVR_RBF,engineered,5
Qm,LOFO,2,2ALG8HA,P_over_Alg,2,0.9937138856220084,-0.022174492277874602,SVR_RBF,engineered,5
Qm,LOFO,2,2ALG8HA,P_over_Alg,3,0.9937138856220084,-0.02021841172832095,SVR_RBF,engineered,5
Qm,LOFO,2,2ALG8HA,P_over_Alg,4,0.9937138856220084,-0.00835553109417786,SVR_RBF,engineered,5
Qm,LOFO,2,2ALG8HA,P_over_Alg,5,0.9937138856220084,-0.019324973548672686,SVR_RBF,engineered,5
Qm,LOFO,2,2ALG8HA,P_over_Alg,6,0.9937138856220084,-0.02794741555835001,SVR_RBF,engineered,5
Qm,LOFO,2,2ALG8HA,P_over_Alg,7,0.9937138856220084,-0.0012776814930498537,SVR_RBF,engineered,5
Qm,LOFO,2,2ALG8HA,P_over_Alg,8,0.9937138856220084,-0.009786694941824159,SVR_RBF,engineered,5
Qm,LOFO,2,2ALG8HA,P_over_Alg,9,0.9937138856220084,-0.013505687028352864,SVR_RBF,engineered,5
Qm,LOFO,2,2ALG8HA,P_over_Alg,10,0.9937138856220084,-0.005577611067872912,SVR_RBF,engineered,5
Qm,LOFO,2,2ALG8HA,P_over_HA,1,0.9937138856220084,-0.0062691670220654805,SVR_RBF,engineered,5
Qm,LOFO,2,2ALG8HA,P_over_HA,2,0.9937138856220084,-0.04742768242312578,SVR_RBF,engineered,5
Qm,LOFO,2,2ALG8HA,P_over_HA,3,0.9937138856220084,-0.04097826761497414,SVR_RBF,engineered,5
Qm,LOFO,2,2ALG8HA,P_over_HA,4,0.9937138856220084,-0.016866905108430585,SVR_RBF,engineered,5
Qm,LOFO,2,2ALG8HA,P_over_HA,5,0.9937138856220084,-0.04041128852986853,SVR_RBF,engineered,5
Qm,LOFO,2,2ALG8HA,P_over_HA,6,0.9937138856220084,-0.05761258775241063,SVR_RBF,engineered,5
Qm,LOFO,2,2ALG8HA,P_over_HA,7,0.9937138856220084,-0.0062691670220654805,SVR_RBF,engineered,5
Qm,LOFO,2,2ALG8HA,P_over_HA,8,0.9937138856220084,-0.028058225163860695,SVR_RBF,engineered,5
Qm,LOFO,2,2ALG8HA,P_over_HA,9,0.9937138856220084,-0.022208464242526094,SVR_RBF,engineered,5
Qm,LOFO,2,2ALG8HA,P_over_HA,10,0.9937138856220084,-0.0189284525842911,SVR_RBF,engineered,5
Qm,LOFO,2,2ALG8HA,Alg_x_HA,1,0.9937138856220084,0.0,SVR_RBF,engineered,5
Qm,LOFO,2,2ALG8HA,Alg_x_HA,2,0.9937138856220084,0.0,SVR_RBF,engineered,5
Qm,LOFO,2,2ALG8HA,Alg_x_HA,3,0.9937138856220084,0.0,SVR_RBF,engineered,5
Qm,LOFO,2,2ALG8HA,Alg_x_HA,4,0.9937138856220084,0.0,SVR_RBF,engineered,5
Qm,LOFO,2,2ALG8HA,Alg_x_HA,5,0.9937138856220084,0.0,SVR_RBF,engineered,5
Qm,LOFO,2,2ALG8HA,Alg_x_HA,6,0.9937138856220084,0.0,SVR_RBF,engineered,5
Qm,LOFO,2,2ALG8HA,Alg_x_HA,7,0.9937138856220084,0.0,SVR_RBF,engineered,5
Qm,LOFO,2,2ALG8HA,Alg_x_HA,8,0.9937138856220084,0.0,SVR_RBF,engineered,5
Qm,LOFO,2,2ALG8HA,Alg_x_HA,9,0.9937138856220084,0.0,SVR_RBF,engineered,5
Qm,LOFO,2,2ALG8HA,Alg_x_HA,10,0.9937138856220084,0.0,SVR_RBF,engineered,5
Qm,LOFO,2,2ALG8HA,Alg_x_P,1,0.9937138856220084,-0.0017471168689042749,SVR_RBF,engineered,5
Qm,LOFO,2,2ALG8HA,Alg_x_P,2,0.9937138856220084,-0.011690254122942556,SVR_RBF,engineered,5
Qm,LOFO,2,2ALG8HA,Alg_x_P,3,0.9937138856220084,-0.008253229213836866,SVR_RBF,engineered,5
Qm,LOFO,2,2ALG8HA,Alg_x_P,4,0.9937138856220084,-0.003531612017692365,SVR_RBF,engineered,5
Qm,LOFO,2,2ALG8HA,Alg_x_P,5,0.9937138856220084,-0.00983306573760856,SVR_RBF,engineered,5
Qm,LOFO,2,2ALG8HA,Alg_x_P,6,0.9937138856220084,-0.014612240443344748,SVR_RBF,engineered,5
Qm,LOFO,2,2ALG8HA,Alg_x_P,7,0.9937138856220084,-0.0017471168689042749,SVR_RBF,engineered,5
Qm,LOFO,2,2ALG8HA,Alg_x_P,8,0.9937138856220084,-0.007924135931819065,SVR_RBF,engineered,5
Qm,LOFO,2,2ALG8HA,Alg_x_P,9,0.9937138856220084,-0.004361677261484731,SVR_RBF,engineered,5
Qm,LOFO,2,2ALG8HA,Alg_x_P,10,0.9937138856220084,-0.006191012099906357,SVR_RBF,engineered,5
Qm,LOFO,2,2ALG8HA,HA_x_P,1,0.9937138856220084,0.005542282321630787,SVR_RBF,engineered,5
Qm,LOFO,2,2ALG8HA,HA_x_P,2,0.9937138856220084,0.020837530190982778,SVR_RBF,engineered,5
Qm,LOFO,2,2ALG8HA,HA_x_P,3,0.9937138856220084,0.01631611981353409,SVR_RBF,engineered,5
Qm,LOFO,2,2ALG8HA,HA_x_P,4,0.9937138856220084,0.0041935582964933715,SVR_RBF,engineered,5
Qm,LOFO,2,2ALG8HA,HA_x_P,5,0.9937138856220084,0.014044609201961156,SVR_RBF,engineered,5
Qm,LOFO,2,2ALG8HA,HA_x_P,6,0.9937138856220084,0.021353853272914836,SVR_RBF,engineered,5
Qm,LOFO,2,2ALG8HA,HA_x_P,7,0.9937138856220084,0.005542282321630787,SVR_RBF,engineered,5
Qm,LOFO,2,2ALG8HA,HA_x_P,8,0.9937138856220084,0.018272029929178202,SVR_RBF,engineered,5
Qm,LOFO,2,2ALG8HA,HA_x_P,9,0.9937138856220084,0.0025923014536962663,SVR_RBF,engineered,5
Qm,LOFO,2,2ALG8HA,HA_x_P,10,0.9937138856220084,0.014416836776924735,SVR_RBF,engineered,5
Qm,LOFO,2,2ALG8HA,TP_x_P,1,0.9937138856220084,0.0003488502363820922,SVR_RBF,engineered,5
Qm,LOFO,2,2ALG8HA,TP_x_P,2,0.9937138856220084,-0.005088350863645896,SVR_RBF,engineered,5
Qm,LOFO,2,2ALG8HA,TP_x_P,3,0.9937138856220084,-0.002619983951971494,SVR_RBF,engineered,5
Qm,LOFO,2,2ALG8HA,TP_x_P,4,0.9937138856220084,-0.002798798109528766,SVR_RBF,engineered,5
Qm,LOFO,2,2ALG8HA,TP_x_P,5,0.9937138856220084,-0.006584865780888904,SVR_RBF,engineered,5
Qm,LOFO,2,2ALG8HA,TP_x_P,6,0.9937138856220084,-0.009109678713125402,SVR_RBF,engineered,5
Qm,LOFO,2,2ALG8HA,TP_x_P,7,0.9937138856220084,0.0003488502363820922,SVR_RBF,engineered,5
Qm,LOFO,2,2ALG8HA,TP_x_P,8,0.9937138856220084,-0.0017123768842557396,SVR_RBF,engineered,5
Qm,LOFO,2,2ALG8HA,TP_x_P,9,0.9937138856220084,-0.004545718633487517,SVR_RBF,engineered,5
Qm,LOFO,2,2ALG8HA,TP_x_P,10,0.9937138856220084,-0.0014918097294243093,SVR_RBF,engineered,5
Qm,LOFO,2,2ALG8HA,HF_x_P,1,0.9937138856220084,0.0017381805941314443,SVR_RBF,engineered,5
Qm,LOFO,2,2ALG8HA,HF_x_P,2,0.9937138856220084,-0.009379579664279603,SVR_RBF,engineered,5
Qm,LOFO,2,2ALG8HA,HF_x_P,3,0.9937138856220084,-0.0076881645251654085,SVR_RBF,engineered,5
Qm,LOFO,2,2ALG8HA,HF_x_P,4,0.9937138856220084,-0.00715887267373394,SVR_RBF,engineered,5
Qm,LOFO,2,2ALG8HA,HF_x_P,5,0.9937138856220084,-0.014284479728735366,SVR_RBF,engineered,5
Qm,LOFO,2,2ALG8HA,HF_x_P,6,0.9937138856220084,-0.018342614590968642,SVR_RBF,engineered,5
Qm,LOFO,2,2ALG8HA,HF_x_P,7,0.9937138856220084,0.0017381805941314443,SVR_RBF,engineered,5
Qm,LOFO,2,2ALG8HA,HF_x_P,8,0.9937138856220084,-0.0006482044859267289,SVR_RBF,engineered,5
Qm,LOFO,2,2ALG8HA,HF_x_P,9,0.9937138856220084,-0.012481130238539695,SVR_RBF,engineered,5
Qm,LOFO,2,2ALG8HA,HF_x_P,10,0.9937138856220084,0.0005581910880574359,SVR_RBF,engineered,5
Qm,LOFO,3,4ALG4HA,Alg_mg_ml,1,1.2408843245946652,0.0,SVR_RBF,engineered,5
Qm,LOFO,3,4ALG4HA,Alg_mg_ml,2,1.2408843245946652,0.0,SVR_RBF,engineered,5
Qm,LOFO,3,4ALG4HA,Alg_mg_ml,3,1.2408843245946652,0.0,SVR_RBF,engineered,5
Qm,LOFO,3,4ALG4HA,Alg_mg_ml,4,1.2408843245946652,0.0,SVR_RBF,engineered,5
Qm,LOFO,3,4ALG4HA,Alg_mg_ml,5,1.2408843245946652,0.0,SVR_RBF,engineered,5
Qm,LOFO,3,4ALG4HA,Alg_mg_ml,6,1.2408843245946652,0.0,SVR_RBF,engineered,5
Qm,LOFO,3,4ALG4HA,Alg_mg_ml,7,1.2408843245946652,0.0,SVR_RBF,engineered,5
Qm,LOFO,3,4ALG4HA,Alg_mg_ml,8,1.2408843245946652,0.0,SVR_RBF,engineered,5
Qm,LOFO,3,4ALG4HA,Alg_mg_ml,9,1.2408843245946652,0.0,SVR_RBF,engineered,5
Qm,LOFO,3,4ALG4HA,Alg_mg_ml,10,1.2408843245946652,0.0,SVR_RBF,engineered,5
Qm,LOFO,3,4ALG4HA,HA_mg_ml,1,1.2408843245946652,0.0,SVR_RBF,engineered,5
Qm,LOFO,3,4ALG4HA,HA_mg_ml,2,1.2408843245946652,0.0,SVR_RBF,engineered,5
Qm,LOFO,3,4ALG4HA,HA_mg_ml,3,1.2408843245946652,0.0,SVR_RBF,engineered,5
Qm,LOFO,3,4ALG4HA,HA_mg_ml,4,1.2408843245946652,0.0,SVR_RBF,engineered,5
Qm,LOFO,3,4ALG4HA,HA_mg_ml,5,1.2408843245946652,0.0,SVR_RBF,engineered,5
Qm,LOFO,3,4ALG4HA,HA_mg_ml,6,1.2408843245946652,0.0,SVR_RBF,engineered,5
Qm,LOFO,3,4ALG4HA,HA_mg_ml,7,1.2408843245946652,0.0,SVR_RBF,engineered,5
Qm,LOFO,3,4ALG4HA,HA_mg_ml,8,1.2408843245946652,0.0,SVR_RBF,engineered,5
Qm,LOFO,3,4ALG4HA,HA_mg_ml,9,1.2408843245946652,0.0,SVR_RBF,engineered,5
Qm,LOFO,3,4ALG4HA,HA_mg_ml,10,1.2408843245946652,0.0,SVR_RBF,engineered,5
Qm,LOFO,3,4ALG4HA,Pressure_kPa,1,1.2408843245946652,0.002318749508390061,SVR_RBF,engineered,5
Qm,LOFO,3,4ALG4HA,Pressure_kPa,2,1.2408843245946652,0.03167007163503799,SVR_RBF,engineered,5
Qm,LOFO,3,4ALG4HA,Pressure_kPa,3,1.2408843245946652,0.039383009522304,SVR_RBF,engineered,5
Qm,LOFO,3,4ALG4HA,Pressure_kPa,4,1.2408843245946652,0.03885752968253531,SVR_RBF,engineered,5
Qm,LOFO,3,4ALG4HA,Pressure_kPa,5,1.2408843245946652,0.008216036972495733,SVR_RBF,engineered,5
Qm,LOFO,3,4ALG4HA,Pressure_kPa,6,1.2408843245946652,0.03359744676043164,SVR_RBF,engineered,5
Qm,LOFO,3,4ALG4HA,Pressure_kPa,7,1.2408843245946652,0.020337044312287,SVR_RBF,engineered,5
Qm,LOFO,3,4ALG4HA,Pressure_kPa,8,1.2408843245946652,0.030625970150255144,SVR_RBF,engineered,5
Qm,LOFO,3,4ALG4HA,Pressure_kPa,9,1.2408843245946652,0.005916296263364984,SVR_RBF,engineered,5
Qm,LOFO,3,4ALG4HA,Pressure_kPa,10,1.2408843245946652,0.006835259052089704,SVR_RBF,engineered,5
Qm,LOFO,3,4ALG4HA,TP,1,1.2408843245946652,0.0,SVR_RBF,engineered,5
Qm,LOFO,3,4ALG4HA,TP,2,1.2408843245946652,0.0,SVR_RBF,engineered,5
Qm,LOFO,3,4ALG4HA,TP,3,1.2408843245946652,0.0,SVR_RBF,engineered,5
Qm,LOFO,3,4ALG4HA,TP,4,1.2408843245946652,0.0,SVR_RBF,engineered,5
Qm,LOFO,3,4ALG4HA,TP,5,1.2408843245946652,0.0,SVR_RBF,engineered,5
Qm,LOFO,3,4ALG4HA,TP,6,1.2408843245946652,0.0,SVR_RBF,engineered,5
Qm,LOFO,3,4ALG4HA,TP,7,1.2408843245946652,0.0,SVR_RBF,engineered,5
Qm,LOFO,3,4ALG4HA,TP,8,1.2408843245946652,0.0,SVR_RBF,engineered,5
Qm,LOFO,3,4ALG4HA,TP,9,1.2408843245946652,0.0,SVR_RBF,engineered,5
Qm,LOFO,3,4ALG4HA,TP,10,1.2408843245946652,0.0,SVR_RBF,engineered,5
Qm,LOFO,3,4ALG4HA,HF,1,1.2408843245946652,0.0,SVR_RBF,engineered,5
Qm,LOFO,3,4ALG4HA,HF,2,1.2408843245946652,0.0,SVR_RBF,engineered,5
Qm,LOFO,3,4ALG4HA,HF,3,1.2408843245946652,0.0,SVR_RBF,engineered,5
Qm,LOFO,3,4ALG4HA,HF,4,1.2408843245946652,0.0,SVR_RBF,engineered,5
Qm,LOFO,3,4ALG4HA,HF,5,1.2408843245946652,0.0,SVR_RBF,engineered,5
Qm,LOFO,3,4ALG4HA,HF,6,1.2408843245946652,0.0,SVR_RBF,engineered,5
Qm,LOFO,3,4ALG4HA,HF,7,1.2408843245946652,0.0,SVR_RBF,engineered,5
Qm,LOFO,3,4ALG4HA,HF,8,1.2408843245946652,0.0,SVR_RBF,engineered,5
Qm,LOFO,3,4ALG4HA,HF,9,1.2408843245946652,0.0,SVR_RBF,engineered,5
Qm,LOFO,3,4ALG4HA,HF,10,1.2408843245946652,0.0,SVR_RBF,engineered,5
Qm,LOFO,3,4ALG4HA,Alg_HA_ratio_safe,1,1.2408843245946652,0.0,SVR_RBF,engineered,5
Qm,LOFO,3,4ALG4HA,Alg_HA_ratio_safe,2,1.2408843245946652,0.0,SVR_RBF,engineered,5
Qm,LOFO,3,4ALG4HA,Alg_HA_ratio_safe,3,1.2408843245946652,0.0,SVR_RBF,engineered,5
Qm,LOFO,3,4ALG4HA,Alg_HA_ratio_safe,4,1.2408843245946652,0.0,SVR_RBF,engineered,5
Qm,LOFO,3,4ALG4HA,Alg_HA_ratio_safe,5,1.2408843245946652,0.0,SVR_RBF,engineered,5
Qm,LOFO,3,4ALG4HA,Alg_HA_ratio_safe,6,1.2408843245946652,0.0,SVR_RBF,engineered,5
Qm,LOFO,3,4ALG4HA,Alg_HA_ratio_safe,7,1.2408843245946652,0.0,SVR_RBF,engineered,5
Qm,LOFO,3,4ALG4HA,Alg_HA_ratio_safe,8,1.2408843245946652,0.0,SVR_RBF,engineered,5
Qm,LOFO,3,4ALG4HA,Alg_HA_ratio_safe,9,1.2408843245946652,0.0,SVR_RBF,engineered,5
Qm,LOFO,3,4ALG4HA,Alg_HA_ratio_safe,10,1.2408843245946652,0.0,SVR_RBF,engineered,5
Qm,LOFO,3,4ALG4HA,P_over_TP,1,1.2408843245946652,0.008947741470519244,SVR_RBF,engineered,5
Qm,LOFO,3,4ALG4HA,P_over_TP,2,1.2408843245946652,0.11197990393059376,SVR_RBF,engineered,5
Qm,LOFO,3,4ALG4HA,P_over_TP,3,1.2408843245946652,0.12990150104849985,SVR_RBF,engineered,5
Qm,LOFO,3,4ALG4HA,P_over_TP,4,1.2408843245946652,0.12518059108157842,SVR_RBF,engineered,5
Qm,LOFO,3,4ALG4HA,P_over_TP,5,1.2408843245946652,0.030434855467684097,SVR_RBF,engineered,5
Qm,LOFO,3,4ALG4HA,P_over_TP,6,1.2408843245946652,0.12352665972644328,SVR_RBF,engineered,5
Qm,LOFO,3,4ALG4HA,P_over_TP,7,1.2408843245946652,0.06750017008607423,SVR_RBF,engineered,5
Qm,LOFO,3,4ALG4HA,P_over_TP,8,1.2408843245946652,0.10222064795091113,SVR_RBF,engineered,5
Qm,LOFO,3,4ALG4HA,P_over_TP,9,1.2408843245946652,0.02119108211802434,SVR_RBF,engineered,5
Qm,LOFO,3,4ALG4HA,P_over_TP,10,1.2408843245946652,0.028337297306102682,SVR_RBF,engineered,5
Qm,LOFO,3,4ALG4HA,P_over_Alg,1,1.2408843245946652,-7.645394210387124e-05,SVR_RBF,engineered,5
Qm,LOFO,3,4ALG4HA,P_over_Alg,2,1.2408843245946652,0.003646256767436906,SVR_RBF,engineered,5
Qm,LOFO,3,4ALG4HA,P_over_Alg,3,1.2408843245946652,0.004773852907163922,SVR_RBF,engineered,5
Qm,LOFO,3,4ALG4HA,P_over_Alg,4,1.2408843245946652,0.00483713367204297,SVR_RBF,engineered,5
Qm,LOFO,3,4ALG4HA,P_over_Alg,5,1.2408843245946652,0.0007027203307559127,SVR_RBF,engineered,5
Qm,LOFO,3,4ALG4HA,P_over_Alg,6,1.2408843245946652,0.0038727379687679697,SVR_RBF,engineered,5
Qm,LOFO,3,4ALG4HA,P_over_Alg,7,1.2408843245946652,0.0023483979402070254,SVR_RBF,engineered,5
Qm,LOFO,3,4ALG4HA,P_over_Alg,8,1.2408843245946652,0.004187740569934872,SVR_RBF,engineered,5
Qm,LOFO,3,4ALG4HA,P_over_Alg,9,1.2408843245946652,0.0007684156624327976,SVR_RBF,engineered,5
Qm,LOFO,3,4ALG4HA,P_over_Alg,10,1.2408843245946652,0.0005974384746361139,SVR_RBF,engineered,5
Qm,LOFO,3,4ALG4HA,P_over_HA,1,1.2408843245946652,-5.1297140928330265e-05,SVR_RBF,engineered,5
Qm,LOFO,3,4ALG4HA,P_over_HA,2,1.2408843245946652,0.012768235666392513,SVR_RBF,engineered,5
Qm,LOFO,3,4ALG4HA,P_over_HA,3,1.2408843245946652,0.016554731163649583,SVR_RBF,engineered,5
Qm,LOFO,3,4ALG4HA,P_over_HA,4,1.2408843245946652,0.01669634958964261,SVR_RBF,engineered,5
Qm,LOFO,3,4ALG4HA,P_over_HA,5,1.2408843245946652,0.0027958747419589702,SVR_RBF,engineered,5
Qm,LOFO,3,4ALG4HA,P_over_HA,6,1.2408843245946652,0.013817726626793148,SVR_RBF,engineered,5
Qm,LOFO,3,4ALG4HA,P_over_HA,7,1.2408843245946652,0.008097555479708252,SVR_RBF,engineered,5
Qm,LOFO,3,4ALG4HA,P_over_HA,8,1.2408843245946652,0.014008203533713903,SVR_RBF,engineered,5
Qm,LOFO,3,4ALG4HA,P_over_HA,9,1.2408843245946652,0.0023150589552958234,SVR_RBF,engineered,5
Qm,LOFO,3,4ALG4HA,P_over_HA,10,1.2408843245946652,0.0026262279639659436,SVR_RBF,engineered,5
Qm,LOFO,3,4ALG4HA,Alg_x_HA,1,1.2408843245946652,0.0,SVR_RBF,engineered,5
Qm,LOFO,3,4ALG4HA,Alg_x_HA,2,1.2408843245946652,0.0,SVR_RBF,engineered,5
Qm,LOFO,3,4ALG4HA,Alg_x_HA,3,1.2408843245946652,0.0,SVR_RBF,engineered,5
Qm,LOFO,3,4ALG4HA,Alg_x_HA,4,1.2408843245946652,0.0,SVR_RBF,engineered,5
Qm,LOFO,3,4ALG4HA,Alg_x_HA,5,1.2408843245946652,0.0,SVR_RBF,engineered,5
Qm,LOFO,3,4ALG4HA,Alg_x_HA,6,1.2408843245946652,0.0,SVR_RBF,engineered,5
Qm,LOFO,3,4ALG4HA,Alg_x_HA,7,1.2408843245946652,0.0,SVR_RBF,engineered,5
Qm,LOFO,3,4ALG4HA,Alg_x_HA,8,1.2408843245946652,0.0,SVR_RBF,engineered,5
Qm,LOFO,3,4ALG4HA,Alg_x_HA,9,1.2408843245946652,0.0,SVR_RBF,engineered,5
Qm,LOFO,3,4ALG4HA,Alg_x_HA,10,1.2408843245946652,0.0,SVR_RBF,engineered,5
Qm,LOFO,3,4ALG4HA,Alg_x_P,1,1.2408843245946652,-4.1338062838569556e-05,SVR_RBF,engineered,5
Qm,LOFO,3,4ALG4HA,Alg_x_P,2,1.2408843245946652,0.003958622119014432,SVR_RBF,engineered,5
Qm,LOFO,3,4ALG4HA,Alg_x_P,3,1.2408843245946652,0.0052022289695037305,SVR_RBF,engineered,5
Qm,LOFO,3,4ALG4HA,Alg_x_P,4,1.2408843245946652,0.00530291011707984,SVR_RBF,engineered,5
Qm,LOFO,3,4ALG4HA,Alg_x_P,5,1.2408843245946652,0.000809053438504348,SVR_RBF,engineered,5
Qm,LOFO,3,4ALG4HA,Alg_x_P,6,1.2408843245946652,0.004219845693224533,SVR_RBF,engineered,5
Qm,LOFO,3,4ALG4HA,Alg_x_P,7,1.2408843245946652,0.002536099596315511,SVR_RBF,engineered,5
Qm,LOFO,3,4ALG4HA,Alg_x_P,8,1.2408843245946652,0.004453782432730202,SVR_RBF,engineered,5
Qm,LOFO,3,4ALG4HA,Alg_x_P,9,1.2408843245946652,0.0007805962002873645,SVR_RBF,engineered,5
Qm,LOFO,3,4ALG4HA,Alg_x_P,10,1.2408843245946652,0.000690836680633744,SVR_RBF,engineered,5
Qm,LOFO,3,4ALG4HA,HA_x_P,1,1.2408843245946652,0.00043037036209292445,SVR_RBF,engineered,5
Qm,LOFO,3,4ALG4HA,HA_x_P,2,1.2408843245946652,0.00802604084976477,SVR_RBF,engineered,5
Qm,LOFO,3,4ALG4HA,HA_x_P,3,1.2408843245946652,0.010247321590615144,SVR_RBF,engineered,5
Qm,LOFO,3,4ALG4HA,HA_x_P,4,1.2408843245946652,0.010231027628963218,SVR_RBF,engineered,5
Qm,LOFO,3,4ALG4HA,HA_x_P,5,1.2408843245946652,0.0019203258451290228,SVR_RBF,engineered,5
Qm,LOFO,3,4ALG4HA,HA_x_P,6,1.2408843245946652,0.008401924163677466,SVR_RBF,engineered,5
Qm,LOFO,3,4ALG4HA,HA_x_P,7,1.2408843245946652,0.005232453979950424,SVR_RBF,engineered,5
Qm,LOFO,3,4ALG4HA,HA_x_P,8,1.2408843245946652,0.008176387735328028,SVR_RBF,engineered,5
Qm,LOFO,3,4ALG4HA,HA_x_P,9,1.2408843245946652,0.0016008276806274147,SVR_RBF,engineered,5
Qm,LOFO,3,4ALG4HA,HA_x_P,10,1.2408843245946652,0.0014864418027873416,SVR_RBF,engineered,5
Qm,LOFO,3,4ALG4HA,TP_x_P,1,1.2408843245946652,0.00031173890521474235,SVR_RBF,engineered,5
Qm,LOFO,3,4ALG4HA,TP_x_P,2,1.2408843245946652,0.009492848333976678,SVR_RBF,engineered,5
Qm,LOFO,3,4ALG4HA,TP_x_P,3,1.2408843245946652,0.012145765107499207,SVR_RBF,engineered,5
Qm,LOFO,3,4ALG4HA,TP_x_P,4,1.2408843245946652,0.01218291623457346,SVR_RBF,engineered,5
Qm,LOFO,3,4ALG4HA,TP_x_P,5,1.2408843245946652,0.002163994162953431,SVR_RBF,engineered,5
Qm,LOFO,3,4ALG4HA,TP_x_P,6,1.2408843245946652,0.0100421867739795,SVR_RBF,engineered,5
Qm,LOFO,3,4ALG4HA,TP_x_P,7,1.2408843245946652,0.00611767256822926,SVR_RBF,engineered,5
Qm,LOFO,3,4ALG4HA,TP_x_P,8,1.2408843245946652,0.009950541449952555,SVR_RBF,engineered,5
Qm,LOFO,3,4ALG4HA,TP_x_P,9,1.2408843245946652,0.0018935607806640498,SVR_RBF,engineered,5
Qm,LOFO,3,4ALG4HA,TP_x_P,10,1.2408843245946652,0.0017474614576091785,SVR_RBF,engineered,5
Qm,LOFO,3,4ALG4HA,HF_x_P,1,1.2408843245946652,0.001592416894816262,SVR_RBF,engineered,5
Qm,LOFO,3,4ALG4HA,HF_x_P,2,1.2408843245946652,0.018447376939694227,SVR_RBF,engineered,5
Qm,LOFO,3,4ALG4HA,HF_x_P,3,1.2408843245946652,0.02321180172979731,SVR_RBF,engineered,5
Qm,LOFO,3,4ALG4HA,HF_x_P,4,1.2408843245946652,0.022906920064152736,SVR_RBF,engineered,5
Qm,LOFO,3,4ALG4HA,HF_x_P,5,1.2408843245946652,0.0048715644569761185,SVR_RBF,engineered,5
Qm,LOFO,3,4ALG4HA,HF_x_P,6,1.2408843245946652,0.019234901750971867,SVR_RBF,engineered,5
Qm,LOFO,3,4ALG4HA,HF_x_P,7,1.2408843245946652,0.012099206929527151,SVR_RBF,engineered,5
Qm,LOFO,3,4ALG4HA,HF_x_P,8,1.2408843245946652,0.017695683749377356,SVR_RBF,engineered,5
Qm,LOFO,3,4ALG4HA,HF_x_P,9,1.2408843245946652,0.003486666600498234,SVR_RBF,engineered,5
Qm,LOFO,3,4ALG4HA,HF_x_P,10,1.2408843245946652,0.003827213269589791,SVR_RBF,engineered,5
Qm,LOFO,4,4ALG6HA,Alg_mg_ml,1,0.8202095207153408,0.0,SVR_RBF,engineered,5
Qm,LOFO,4,4ALG6HA,Alg_mg_ml,2,0.8202095207153408,0.0,SVR_RBF,engineered,5
Qm,LOFO,4,4ALG6HA,Alg_mg_ml,3,0.8202095207153408,0.0,SVR_RBF,engineered,5
Qm,LOFO,4,4ALG6HA,Alg_mg_ml,4,0.8202095207153408,0.0,SVR_RBF,engineered,5
Qm,LOFO,4,4ALG6HA,Alg_mg_ml,5,0.8202095207153408,0.0,SVR_RBF,engineered,5
Qm,LOFO,4,4ALG6HA,Alg_mg_ml,6,0.8202095207153408,0.0,SVR_RBF,engineered,5
Qm,LOFO,4,4ALG6HA,Alg_mg_ml,7,0.8202095207153408,0.0,SVR_RBF,engineered,5
Qm,LOFO,4,4ALG6HA,Alg_mg_ml,8,0.8202095207153408,0.0,SVR_RBF,engineered,5
Qm,LOFO,4,4ALG6HA,Alg_mg_ml,9,0.8202095207153408,0.0,SVR_RBF,engineered,5
Qm,LOFO,4,4ALG6HA,Alg_mg_ml,10,0.8202095207153408,0.0,SVR_RBF,engineered,5
Qm,LOFO,4,4ALG6HA,HA_mg_ml,1,0.8202095207153408,0.0,SVR_RBF,engineered,5
Qm,LOFO,4,4ALG6HA,HA_mg_ml,2,0.8202095207153408,0.0,SVR_RBF,engineered,5
Qm,LOFO,4,4ALG6HA,HA_mg_ml,3,0.8202095207153408,0.0,SVR_RBF,engineered,5
Qm,LOFO,4,4ALG6HA,HA_mg_ml,4,0.8202095207153408,0.0,SVR_RBF,engineered,5
Qm,LOFO,4,4ALG6HA,HA_mg_ml,5,0.8202095207153408,0.0,SVR_RBF,engineered,5
Qm,LOFO,4,4ALG6HA,HA_mg_ml,6,0.8202095207153408,0.0,SVR_RBF,engineered,5
Qm,LOFO,4,4ALG6HA,HA_mg_ml,7,0.8202095207153408,0.0,SVR_RBF,engineered,5
Qm,LOFO,4,4ALG6HA,HA_mg_ml,8,0.8202095207153408,0.0,SVR_RBF,engineered,5
Qm,LOFO,4,4ALG6HA,HA_mg_ml,9,0.8202095207153408,0.0,SVR_RBF,engineered,5
Qm,LOFO,4,4ALG6HA,HA_mg_ml,10,0.8202095207153408,0.0,SVR_RBF,engineered,5
Qm,LOFO,4,4ALG6HA,Pressure_kPa,1,0.8202095207153408,-0.0037158369497006793,SVR_RBF,engineered,5
Qm,LOFO,4,4ALG6HA,Pressure_kPa,2,0.8202095207153408,-0.027226491923467377,SVR_RBF,engineered,5
Qm,LOFO,4,4ALG6HA,Pressure_kPa,3,0.8202095207153408,-0.006824538205141284,SVR_RBF,engineered,5
Qm,LOFO,4,4ALG6HA,Pressure_kPa,4,0.8202095207153408,-0.02548508094127977,SVR_RBF,engineered,5
Qm,LOFO,4,4ALG6HA,Pressure_kPa,5,0.8202095207153408,-0.01572669871465704,SVR_RBF,engineered,5
Qm,LOFO,4,4ALG6HA,Pressure_kPa,6,0.8202095207153408,-0.024057238896573185,SVR_RBF,engineered,5
Qm,LOFO,4,4ALG6HA,Pressure_kPa,7,0.8202095207153408,-0.011896318753680135,SVR_RBF,engineered,5
Qm,LOFO,4,4ALG6HA,Pressure_kPa,8,0.8202095207153408,-0.01764238999445611,SVR_RBF,engineered,5
Qm,LOFO,4,4ALG6HA,Pressure_kPa,9,0.8202095207153408,-0.027058303072412082,SVR_RBF,engineered,5
Qm,LOFO,4,4ALG6HA,Pressure_kPa,10,0.8202095207153408,-0.022702179748223195,SVR_RBF,engineered,5
Qm,LOFO,4,4ALG6HA,TP,1,0.8202095207153408,0.0,SVR_RBF,engineered,5
Qm,LOFO,4,4ALG6HA,TP,2,0.8202095207153408,0.0,SVR_RBF,engineered,5
Qm,LOFO,4,4ALG6HA,TP,3,0.8202095207153408,0.0,SVR_RBF,engineered,5
Qm,LOFO,4,4ALG6HA,TP,4,0.8202095207153408,0.0,SVR_RBF,engineered,5
Qm,LOFO,4,4ALG6HA,TP,5,0.8202095207153408,0.0,SVR_RBF,engineered,5
Qm,LOFO,4,4ALG6HA,TP,6,0.8202095207153408,0.0,SVR_RBF,engineered,5
Qm,LOFO,4,4ALG6HA,TP,7,0.8202095207153408,0.0,SVR_RBF,engineered,5
Qm,LOFO,4,4ALG6HA,TP,8,0.8202095207153408,0.0,SVR_RBF,engineered,5
Qm,LOFO,4,4ALG6HA,TP,9,0.8202095207153408,0.0,SVR_RBF,engineered,5
Qm,LOFO,4,4ALG6HA,TP,10,0.8202095207153408,0.0,SVR_RBF,engineered,5
Qm,LOFO,4,4ALG6HA,HF,1,0.8202095207153408,0.0,SVR_RBF,engineered,5
Qm,LOFO,4,4ALG6HA,HF,2,0.8202095207153408,0.0,SVR_RBF,engineered,5
Qm,LOFO,4,4ALG6HA,HF,3,0.8202095207153408,0.0,SVR_RBF,engineered,5
Qm,LOFO,4,4ALG6HA,HF,4,0.8202095207153408,0.0,SVR_RBF,engineered,5
Qm,LOFO,4,4ALG6HA,HF,5,0.8202095207153408,0.0,SVR_RBF,engineered,5
Qm,LOFO,4,4ALG6HA,HF,6,0.8202095207153408,0.0,SVR_RBF,engineered,5
Qm,LOFO,4,4ALG6HA,HF,7,0.8202095207153408,0.0,SVR_RBF,engineered,5
Qm,LOFO,4,4ALG6HA,HF,8,0.8202095207153408,0.0,SVR_RBF,engineered,5
Qm,LOFO,4,4ALG6HA,HF,9,0.8202095207153408,0.0,SVR_RBF,engineered,5
Qm,LOFO,4,4ALG6HA,HF,10,0.8202095207153408,0.0,SVR_RBF,engineered,5
Qm,LOFO,4,4ALG6HA,Alg_HA_ratio_safe,1,0.8202095207153408,0.0,SVR_RBF,engineered,5
Qm,LOFO,4,4ALG6HA,Alg_HA_ratio_safe,2,0.8202095207153408,0.0,SVR_RBF,engineered,5
Qm,LOFO,4,4ALG6HA,Alg_HA_ratio_safe,3,0.8202095207153408,0.0,SVR_RBF,engineered,5
Qm,LOFO,4,4ALG6HA,Alg_HA_ratio_safe,4,0.8202095207153408,0.0,SVR_RBF,engineered,5
Qm,LOFO,4,4ALG6HA,Alg_HA_ratio_safe,5,0.8202095207153408,0.0,SVR_RBF,engineered,5
Qm,LOFO,4,4ALG6HA,Alg_HA_ratio_safe,6,0.8202095207153408,0.0,SVR_RBF,engineered,5
Qm,LOFO,4,4ALG6HA,Alg_HA_ratio_safe,7,0.8202095207153408,0.0,SVR_RBF,engineered,5
Qm,LOFO,4,4ALG6HA,Alg_HA_ratio_safe,8,0.8202095207153408,0.0,SVR_RBF,engineered,5
Qm,LOFO,4,4ALG6HA,Alg_HA_ratio_safe,9,0.8202095207153408,0.0,SVR_RBF,engineered,5
Qm,LOFO,4,4ALG6HA,Alg_HA_ratio_safe,10,0.8202095207153408,0.0,SVR_RBF,engineered,5
Qm,LOFO,4,4ALG6HA,P_over_TP,1,0.8202095207153408,0.39493501056330516,SVR_RBF,engineered,5
Qm,LOFO,4,4ALG6HA,P_over_TP,2,0.8202095207153408,0.35628902351175484,SVR_RBF,engineered,5
Qm,LOFO,4,4ALG6HA,P_over_TP,3,0.8202095207153408,0.033225738840442,SVR_RBF,engineered,5
Qm,LOFO,4,4ALG6HA,P_over_TP,4,0.8202095207153408,0.4365262975039155,SVR_RBF,engineered,5
Qm,LOFO,4,4ALG6HA,P_over_TP,5,0.8202095207153408,0.38665608349452407,SVR_RBF,engineered,5
Qm,LOFO,4,4ALG6HA,P_over_TP,6,0.8202095207153408,0.5136595621395947,SVR_RBF,engineered,5
Qm,LOFO,4,4ALG6HA,P_over_TP,7,0.8202095207153408,0.47469524643810934,SVR_RBF,engineered,5
Qm,LOFO,4,4ALG6HA,P_over_TP,8,0.8202095207153408,0.30551886620875934,SVR_RBF,engineered,5
Qm,LOFO,4,4ALG6HA,P_over_TP,9,0.8202095207153408,0.5342419934204301,SVR_RBF,engineered,5
Qm,LOFO,4,4ALG6HA,P_over_TP,10,0.8202095207153408,0.49305001509661195,SVR_RBF,engineered,5
Qm,LOFO,4,4ALG6HA,P_over_Alg,1,0.8202095207153408,-2.0897003473296927e-05,SVR_RBF,engineered,5
Qm,LOFO,4,4ALG6HA,P_over_Alg,2,0.8202095207153408,0.0022550322973904358,SVR_RBF,engineered,5
Qm,LOFO,4,4ALG6HA,P_over_Alg,3,0.8202095207153408,0.0007000151379440434,SVR_RBF,engineered,5
Qm,LOFO,4,4ALG6HA,P_over_Alg,4,0.8202095207153408,0.003291688733752074,SVR_RBF,engineered,5
Qm,LOFO,4,4ALG6HA,P_over_Alg,5,0.8202095207153408,0.0007947293101424613,SVR_RBF,engineered,5
Qm,LOFO,4,4ALG6HA,P_over_Alg,6,0.8202095207153408,0.0014535265057670221,SVR_RBF,engineered,5
Qm,LOFO,4,4ALG6HA,P_over_Alg,7,0.8202095207153408,0.0008846789818216516,SVR_RBF,engineered,5
Qm,LOFO,4,4ALG6HA,P_over_Alg,8,0.8202095207153408,0.000703142617972774,SVR_RBF,engineered,5
Qm,LOFO,4,4ALG6HA,P_over_Alg,9,0.8202095207153408,0.002944066698847614,SVR_RBF,engineered,5
Qm,LOFO,4,4ALG6HA,P_over_Alg,10,0.8202095207153408,0.0033719899493840355,SVR_RBF,engineered,5
Qm,LOFO,4,4ALG6HA,P_over_HA,1,0.8202095207153408,0.02896464521753983,SVR_RBF,engineered,5
Qm,LOFO,4,4ALG6HA,P_over_HA,2,0.8202095207153408,0.030735324688066168,SVR_RBF,engineered,5
Qm,LOFO,4,4ALG6HA,P_over_HA,3,0.8202095207153408,0.0016013354695045834,SVR_RBF,engineered,5
Qm,LOFO,4,4ALG6HA,P_over_HA,4,0.8202095207153408,0.04878437952892534,SVR_RBF,engineered,5
Qm,LOFO,4,4ALG6HA,P_over_HA,5,0.8202095207153408,0.03789597517122456,SVR_RBF,engineered,5
Qm,LOFO,4,4ALG6HA,P_over_HA,6,0.8202095207153408,0.04828083056152743,SVR_RBF,engineered,5
Qm,LOFO,4,4ALG6HA,P_over_HA,7,0.8202095207153408,0.04399678077946201,SVR_RBF,engineered,5
Qm,LOFO,4,4ALG6HA,P_over_HA,8,0.8202095207153408,0.02581795332316783,SVR_RBF,engineered,5
Qm,LOFO,4,4ALG6HA,P_over_HA,9,0.8202095207153408,0.0445678662050194,SVR_RBF,engineered,5
Qm,LOFO,4,4ALG6HA,P_over_HA,10,0.8202095207153408,0.05296636941035382,SVR_RBF,engineered,5
Qm,LOFO,4,4ALG6HA,Alg_x_HA,1,0.8202095207153408,0.0,SVR_RBF,engineered,5
Qm,LOFO,4,4ALG6HA,Alg_x_HA,2,0.8202095207153408,0.0,SVR_RBF,engineered,5
Qm,LOFO,4,4ALG6HA,Alg_x_HA,3,0.8202095207153408,0.0,SVR_RBF,engineered,5
Qm,LOFO,4,4ALG6HA,Alg_x_HA,4,0.8202095207153408,0.0,SVR_RBF,engineered,5
Qm,LOFO,4,4ALG6HA,Alg_x_HA,5,0.8202095207153408,0.0,SVR_RBF,engineered,5
Qm,LOFO,4,4ALG6HA,Alg_x_HA,6,0.8202095207153408,0.0,SVR_RBF,engineered,5
Qm,LOFO,4,4ALG6HA,Alg_x_HA,7,0.8202095207153408,0.0,SVR_RBF,engineered,5
Qm,LOFO,4,4ALG6HA,Alg_x_HA,8,0.8202095207153408,0.0,SVR_RBF,engineered,5
Qm,LOFO,4,4ALG6HA,Alg_x_HA,9,0.8202095207153408,0.0,SVR_RBF,engineered,5
Qm,LOFO,4,4ALG6HA,Alg_x_HA,10,0.8202095207153408,0.0,SVR_RBF,engineered,5
Qm,LOFO,4,4ALG6HA,Alg_x_P,1,0.8202095207153408,-0.010333133813744566,SVR_RBF,engineered,5
Qm,LOFO,4,4ALG6HA,Alg_x_P,2,0.8202095207153408,-0.023647778441395872,SVR_RBF,engineered,5
Qm,LOFO,4,4ALG6HA,Alg_x_P,3,0.8202095207153408,-0.004274447996249764,SVR_RBF,engineered,5
Qm,LOFO,4,4ALG6HA,Alg_x_P,4,0.8202095207153408,-0.02975229678531255,SVR_RBF,engineered,5
Qm,LOFO,4,4ALG6HA,Alg_x_P,5,0.8202095207153408,-0.01963718474864351,SVR_RBF,engineered,5
Qm,LOFO,4,4ALG6HA,Alg_x_P,6,0.8202095207153408,-0.027692339281530143,SVR_RBF,engineered,5
Qm,LOFO,4,4ALG6HA,Alg_x_P,7,0.8202095207153408,-0.019909908017797462,SVR_RBF,engineered,5
Qm,LOFO,4,4ALG6HA,Alg_x_P,8,0.8202095207153408,-0.016543028924974612,SVR_RBF,engineered,5
Qm,LOFO,4,4ALG6HA,Alg_x_P,9,0.8202095207153408,-0.02930380817134559,SVR_RBF,engineered,5
Qm,LOFO,4,4ALG6HA,Alg_x_P,10,0.8202095207153408,-0.029964964982237108,SVR_RBF,engineered,5
Qm,LOFO,4,4ALG6HA,HA_x_P,1,0.8202095207153408,-0.01901896305444395,SVR_RBF,engineered,5
Qm,LOFO,4,4ALG6HA,HA_x_P,2,0.8202095207153408,-0.032621496570228725,SVR_RBF,engineered,5
Qm,LOFO,4,4ALG6HA,HA_x_P,3,0.8202095207153408,-0.004263895006396123,SVR_RBF,engineered,5
Qm,LOFO,4,4ALG6HA,HA_x_P,4,0.8202095207153408,-0.04375088563732721,SVR_RBF,engineered,5
Qm,LOFO,4,4ALG6HA,HA_x_P,5,0.8202095207153408,-0.031103811415590044,SVR_RBF,engineered,5
Qm,LOFO,4,4ALG6HA,HA_x_P,6,0.8202095207153408,-0.042548867519972555,SVR_RBF,engineered,5
Qm,LOFO,4,4ALG6HA,HA_x_P,7,0.8202095207153408,-0.0317717460189193,SVR_RBF,engineered,5
Qm,LOFO,4,4ALG6HA,HA_x_P,8,0.8202095207153408,-0.024442909757648734,SVR_RBF,engineered,5
Qm,LOFO,4,4ALG6HA,HA_x_P,9,0.8202095207153408,-0.042840766240967776,SVR_RBF,engineered,5
Qm,LOFO,4,4ALG6HA,HA_x_P,10,0.8202095207153408,-0.0442943170238822,SVR_RBF,engineered,5
Qm,LOFO,4,4ALG6HA,TP_x_P,1,0.8202095207153408,-0.022404331039845404,SVR_RBF,engineered,5
Qm,LOFO,4,4ALG6HA,TP_x_P,2,0.8202095207153408,-0.04317947435620617,SVR_RBF,engineered,5
Qm,LOFO,4,4ALG6HA,TP_x_P,3,0.8202095207153408,-0.006553343199966033,SVR_RBF,engineered,5
Qm,LOFO,4,4ALG6HA,TP_x_P,4,0.8202095207153408,-0.056784931615199374,SVR_RBF,engineered,5
Qm,LOFO,4,4ALG6HA,TP_x_P,5,0.8202095207153408,-0.03857889981518481,SVR_RBF,engineered,5
Qm,LOFO,4,4ALG6HA,TP_x_P,6,0.8202095207153408,-0.05381651392506892,SVR_RBF,engineered,5
Qm,LOFO,4,4ALG6HA,TP_x_P,7,0.8202095207153408,-0.039231332975524946,SVR_RBF,engineered,5
Qm,LOFO,4,4ALG6HA,TP_x_P,8,0.8202095207153408,-0.031014331177603993,SVR_RBF,engineered,5
Qm,LOFO,4,4ALG6HA,TP_x_P,9,0.8202095207153408,-0.05609032986186746,SVR_RBF,engineered,5
Qm,LOFO,4,4ALG6HA,TP_x_P,10,0.8202095207153408,-0.05735801953503805,SVR_RBF,engineered,5
Qm,LOFO,4,4ALG6HA,HF_x_P,1,0.8202095207153408,-0.010281718697855213,SVR_RBF,engineered,5
Qm,LOFO,4,4ALG6HA,HF_x_P,2,0.8202095207153408,-0.021933054342793357,SVR_RBF,engineered,5
Qm,LOFO,4,4ALG6HA,HF_x_P,3,0.8202095207153408,-0.003470291791882296,SVR_RBF,engineered,5
Qm,LOFO,4,4ALG6HA,HF_x_P,4,0.8202095207153408,-0.024735770045848038,SVR_RBF,engineered,5
Qm,LOFO,4,4ALG6HA,HF_x_P,5,0.8202095207153408,-0.01855136634472143,SVR_RBF,engineered,5
Qm,LOFO,4,4ALG6HA,HF_x_P,6,0.8202095207153408,-0.026011652600518853,SVR_RBF,engineered,5
Qm,LOFO,4,4ALG6HA,HF_x_P,7,0.8202095207153408,-0.017828622288779905,SVR_RBF,engineered,5
Qm,LOFO,4,4ALG6HA,HF_x_P,8,0.8202095207153408,-0.016642088548914025,SVR_RBF,engineered,5
Qm,LOFO,4,4ALG6HA,HF_x_P,9,0.8202095207153408,-0.026132200600487376,SVR_RBF,engineered,5
Qm,LOFO,4,4ALG6HA,HF_x_P,10,0.8202095207153408,-0.024264504997856484,SVR_RBF,engineered,5
Qm,LOFO,5,4ALG8HA,Alg_mg_ml,1,0.13387060807075865,0.0,SVR_RBF,engineered,5
Qm,LOFO,5,4ALG8HA,Alg_mg_ml,2,0.13387060807075865,0.0,SVR_RBF,engineered,5
Qm,LOFO,5,4ALG8HA,Alg_mg_ml,3,0.13387060807075865,0.0,SVR_RBF,engineered,5
Qm,LOFO,5,4ALG8HA,Alg_mg_ml,4,0.13387060807075865,0.0,SVR_RBF,engineered,5
Qm,LOFO,5,4ALG8HA,Alg_mg_ml,5,0.13387060807075865,0.0,SVR_RBF,engineered,5
Qm,LOFO,5,4ALG8HA,Alg_mg_ml,6,0.13387060807075865,0.0,SVR_RBF,engineered,5
Qm,LOFO,5,4ALG8HA,Alg_mg_ml,7,0.13387060807075865,0.0,SVR_RBF,engineered,5
Qm,LOFO,5,4ALG8HA,Alg_mg_ml,8,0.13387060807075865,0.0,SVR_RBF,engineered,5
Qm,LOFO,5,4ALG8HA,Alg_mg_ml,9,0.13387060807075865,0.0,SVR_RBF,engineered,5
Qm,LOFO,5,4ALG8HA,Alg_mg_ml,10,0.13387060807075865,0.0,SVR_RBF,engineered,5
Qm,LOFO,5,4ALG8HA,HA_mg_ml,1,0.13387060807075865,0.0,SVR_RBF,engineered,5
Qm,LOFO,5,4ALG8HA,HA_mg_ml,2,0.13387060807075865,0.0,SVR_RBF,engineered,5
Qm,LOFO,5,4ALG8HA,HA_mg_ml,3,0.13387060807075865,0.0,SVR_RBF,engineered,5
Qm,LOFO,5,4ALG8HA,HA_mg_ml,4,0.13387060807075865,0.0,SVR_RBF,engineered,5
Qm,LOFO,5,4ALG8HA,HA_mg_ml,5,0.13387060807075865,0.0,SVR_RBF,engineered,5
Qm,LOFO,5,4ALG8HA,HA_mg_ml,6,0.13387060807075865,0.0,SVR_RBF,engineered,5
Qm,LOFO,5,4ALG8HA,HA_mg_ml,7,0.13387060807075865,0.0,SVR_RBF,engineered,5
Qm,LOFO,5,4ALG8HA,HA_mg_ml,8,0.13387060807075865,0.0,SVR_RBF,engineered,5
Qm,LOFO,5,4ALG8HA,HA_mg_ml,9,0.13387060807075865,0.0,SVR_RBF,engineered,5
Qm,LOFO,5,4ALG8HA,HA_mg_ml,10,0.13387060807075865,0.0,SVR_RBF,engineered,5
Qm,LOFO,5,4ALG8HA,Pressure_kPa,1,0.13387060807075865,-0.055956439048296405,SVR_RBF,engineered,5
Qm,LOFO,5,4ALG8HA,Pressure_kPa,2,0.13387060807075865,-0.002812128364183014,SVR_RBF,engineered,5
Qm,LOFO,5,4ALG8HA,Pressure_kPa,3,0.13387060807075865,-0.015339907426434873,SVR_RBF,engineered,5
Qm,LOFO,5,4ALG8HA,Pressure_kPa,4,0.13387060807075865,-0.029276126888685,SVR_RBF,engineered,5
Qm,LOFO,5,4ALG8HA,Pressure_kPa,5,0.13387060807075865,-0.025273552694738383,SVR_RBF,engineered,5
Qm,LOFO,5,4ALG8HA,Pressure_kPa,6,0.13387060807075865,-0.036288741640300964,SVR_RBF,engineered,5
Qm,LOFO,5,4ALG8HA,Pressure_kPa,7,0.13387060807075865,-0.05175460488984214,SVR_RBF,engineered,5
Qm,LOFO,5,4ALG8HA,Pressure_kPa,8,0.13387060807075865,0.023424907160885994,SVR_RBF,engineered,5
Qm,LOFO,5,4ALG8HA,Pressure_kPa,9,0.13387060807075865,-0.05919734280613863,SVR_RBF,engineered,5
Qm,LOFO,5,4ALG8HA,Pressure_kPa,10,0.13387060807075865,-0.04313382931282893,SVR_RBF,engineered,5
Qm,LOFO,5,4ALG8HA,TP,1,0.13387060807075865,0.0,SVR_RBF,engineered,5
Qm,LOFO,5,4ALG8HA,TP,2,0.13387060807075865,0.0,SVR_RBF,engineered,5
Qm,LOFO,5,4ALG8HA,TP,3,0.13387060807075865,0.0,SVR_RBF,engineered,5
Qm,LOFO,5,4ALG8HA,TP,4,0.13387060807075865,0.0,SVR_RBF,engineered,5
Qm,LOFO,5,4ALG8HA,TP,5,0.13387060807075865,0.0,SVR_RBF,engineered,5
Qm,LOFO,5,4ALG8HA,TP,6,0.13387060807075865,0.0,SVR_RBF,engineered,5
Qm,LOFO,5,4ALG8HA,TP,7,0.13387060807075865,0.0,SVR_RBF,engineered,5
Qm,LOFO,5,4ALG8HA,TP,8,0.13387060807075865,0.0,SVR_RBF,engineered,5
Qm,LOFO,5,4ALG8HA,TP,9,0.13387060807075865,0.0,SVR_RBF,engineered,5
Qm,LOFO,5,4ALG8HA,TP,10,0.13387060807075865,0.0,SVR_RBF,engineered,5
Qm,LOFO,5,4ALG8HA,HF,1,0.13387060807075865,0.0,SVR_RBF,engineered,5
Qm,LOFO,5,4ALG8HA,HF,2,0.13387060807075865,0.0,SVR_RBF,engineered,5
Qm,LOFO,5,4ALG8HA,HF,3,0.13387060807075865,0.0,SVR_RBF,engineered,5
Qm,LOFO,5,4ALG8HA,HF,4,0.13387060807075865,0.0,SVR_RBF,engineered,5
Qm,LOFO,5,4ALG8HA,HF,5,0.13387060807075865,0.0,SVR_RBF,engineered,5
Qm,LOFO,5,4ALG8HA,HF,6,0.13387060807075865,0.0,SVR_RBF,engineered,5
Qm,LOFO,5,4ALG8HA,HF,7,0.13387060807075865,0.0,SVR_RBF,engineered,5
Qm,LOFO,5,4ALG8HA,HF,8,0.13387060807075865,0.0,SVR_RBF,engineered,5
Qm,LOFO,5,4ALG8HA,HF,9,0.13387060807075865,0.0,SVR_RBF,engineered,5
Qm,LOFO,5,4ALG8HA,HF,10,0.13387060807075865,0.0,SVR_RBF,engineered,5
Qm,LOFO,5,4ALG8HA,Alg_HA_ratio_safe,1,0.13387060807075865,0.0,SVR_RBF,engineered,5
Qm,LOFO,5,4ALG8HA,Alg_HA_ratio_safe,2,0.13387060807075865,0.0,SVR_RBF,engineered,5
Qm,LOFO,5,4ALG8HA,Alg_HA_ratio_safe,3,0.13387060807075865,0.0,SVR_RBF,engineered,5
Qm,LOFO,5,4ALG8HA,Alg_HA_ratio_safe,4,0.13387060807075865,0.0,SVR_RBF,engineered,5
Qm,LOFO,5,4ALG8HA,Alg_HA_ratio_safe,5,0.13387060807075865,0.0,SVR_RBF,engineered,5
Qm,LOFO,5,4ALG8HA,Alg_HA_ratio_safe,6,0.13387060807075865,0.0,SVR_RBF,engineered,5
Qm,LOFO,5,4ALG8HA,Alg_HA_ratio_safe,7,0.13387060807075865,0.0,SVR_RBF,engineered,5
Qm,LOFO,5,4ALG8HA,Alg_HA_ratio_safe,8,0.13387060807075865,0.0,SVR_RBF,engineered,5
Qm,LOFO,5,4ALG8HA,Alg_HA_ratio_safe,9,0.13387060807075865,0.0,SVR_RBF,engineered,5
Qm,LOFO,5,4ALG8HA,Alg_HA_ratio_safe,10,0.13387060807075865,0.0,SVR_RBF,engineered,5
Qm,LOFO,5,4ALG8HA,P_over_TP,1,0.13387060807075865,0.06558842088172379,SVR_RBF,engineered,5
Qm,LOFO,5,4ALG8HA,P_over_TP,2,0.13387060807075865,0.26237956785702754,SVR_RBF,engineered,5
Qm,LOFO,5,4ALG8HA,P_over_TP,3,0.13387060807075865,0.08176689780426757,SVR_RBF,engineered,5
Qm,LOFO,5,4ALG8HA,P_over_TP,4,0.13387060807075865,0.436822181392432,SVR_RBF,engineered,5
Qm,LOFO,5,4ALG8HA,P_over_TP,5,0.13387060807075865,0.44007852222896393,SVR_RBF,engineered,5
Qm,LOFO,5,4ALG8HA,P_over_TP,6,0.13387060807075865,0.36071860049512816,SVR_RBF,engineered,5
Qm,LOFO,5,4ALG8HA,P_over_TP,7,0.13387060807075865,0.29524691823807103,SVR_RBF,engineered,5
Qm,LOFO,5,4ALG8HA,P_over_TP,8,0.13387060807075865,0.31409572809033204,SVR_RBF,engineered,5
Qm,LOFO,5,4ALG8HA,P_over_TP,9,0.13387060807075865,0.2561256221956255,SVR_RBF,engineered,5
Qm,LOFO,5,4ALG8HA,P_over_TP,10,0.13387060807075865,0.2486313417578215,SVR_RBF,engineered,5
Qm,LOFO,5,4ALG8HA,P_over_Alg,1,0.13387060807075865,0.002227575525901415,SVR_RBF,engineered,5
Qm,LOFO,5,4ALG8HA,P_over_Alg,2,0.13387060807075865,-0.0016811043503517364,SVR_RBF,engineered,5
Qm,LOFO,5,4ALG8HA,P_over_Alg,3,0.13387060807075865,5.6905087393616105e-05,SVR_RBF,engineered,5
Qm,LOFO,5,4ALG8HA,P_over_Alg,4,0.13387060807075865,0.0005897710527462408,SVR_RBF,engineered,5
Qm,LOFO,5,4ALG8HA,P_over_Alg,5,0.13387060807075865,-0.0013309178188931625,SVR_RBF,engineered,5
Qm,LOFO,5,4ALG8HA,P_over_Alg,6,0.13387060807075865,-0.002400995972216935,SVR_RBF,engineered,5
Qm,LOFO,5,4ALG8HA,P_over_Alg,7,0.13387060807075865,-0.0026055986697534617,SVR_RBF,engineered,5
Qm,LOFO,5,4ALG8HA,P_over_Alg,8,0.13387060807075865,-0.0007664140672483111,SVR_RBF,engineered,5
Qm,LOFO,5,4ALG8HA,P_over_Alg,9,0.13387060807075865,0.001700423879266194,SVR_RBF,engineered,5
Qm,LOFO,5,4ALG8HA,P_over_Alg,10,0.13387060807075865,0.0035038736110352686,SVR_RBF,engineered,5
Qm,LOFO,5,4ALG8HA,P_over_HA,1,0.13387060807075865,-0.024445885799894013,SVR_RBF,engineered,5
Qm,LOFO,5,4ALG8HA,P_over_HA,2,0.13387060807075865,0.006940007159297407,SVR_RBF,engineered,5
Qm,LOFO,5,4ALG8HA,P_over_HA,3,0.13387060807075865,-0.004327490369530673,SVR_RBF,engineered,5
Qm,LOFO,5,4ALG8HA,P_over_HA,4,0.13387060807075865,-0.01681494490035336,SVR_RBF,engineered,5
Qm,LOFO,5,4ALG8HA,P_over_HA,5,0.13387060807075865,-0.01006394912052902,SVR_RBF,engineered,5
Qm,LOFO,5,4ALG8HA,P_over_HA,6,0.13387060807075865,-0.0084638987103976,SVR_RBF,engineered,5
Qm,LOFO,5,4ALG8HA,P_over_HA,7,0.13387060807075865,-0.012715619635943531,SVR_RBF,engineered,5
Qm,LOFO,5,4ALG8HA,P_over_HA,8,0.13387060807075865,0.009913719301362728,SVR_RBF,engineered,5
Qm,LOFO,5,4ALG8HA,P_over_HA,9,0.13387060807075865,-0.027180990039108788,SVR_RBF,engineered,5
Qm,LOFO,5,4ALG8HA,P_over_HA,10,0.13387060807075865,-0.023226533179524167,SVR_RBF,engineered,5
Qm,LOFO,5,4ALG8HA,Alg_x_HA,1,0.13387060807075865,0.0,SVR_RBF,engineered,5
Qm,LOFO,5,4ALG8HA,Alg_x_HA,2,0.13387060807075865,0.0,SVR_RBF,engineered,5
Qm,LOFO,5,4ALG8HA,Alg_x_HA,3,0.13387060807075865,0.0,SVR_RBF,engineered,5
Qm,LOFO,5,4ALG8HA,Alg_x_HA,4,0.13387060807075865,0.0,SVR_RBF,engineered,5
Qm,LOFO,5,4ALG8HA,Alg_x_HA,5,0.13387060807075865,0.0,SVR_RBF,engineered,5
Qm,LOFO,5,4ALG8HA,Alg_x_HA,6,0.13387060807075865,0.0,SVR_RBF,engineered,5
Qm,LOFO,5,4ALG8HA,Alg_x_HA,7,0.13387060807075865,0.0,SVR_RBF,engineered,5
Qm,LOFO,5,4ALG8HA,Alg_x_HA,8,0.13387060807075865,0.0,SVR_RBF,engineered,5
Qm,LOFO,5,4ALG8HA,Alg_x_HA,9,0.13387060807075865,0.0,SVR_RBF,engineered,5
Qm,LOFO,5,4ALG8HA,Alg_x_HA,10,0.13387060807075865,0.0,SVR_RBF,engineered,5
Qm,LOFO,5,4ALG8HA,Alg_x_P,1,0.13387060807075865,-0.0021596415800543833,SVR_RBF,engineered,5
Qm,LOFO,5,4ALG8HA,Alg_x_P,2,0.13387060807075865,-0.004235215762312672,SVR_RBF,engineered,5
Qm,LOFO,5,4ALG8HA,Alg_x_P,3,0.13387060807075865,-0.002074358431244039,SVR_RBF,engineered,5
Qm,LOFO,5,4ALG8HA,Alg_x_P,4,0.13387060807075865,-0.0053116861934119075,SVR_RBF,engineered,5
Qm,LOFO,5,4ALG8HA,Alg_x_P,5,0.13387060807075865,-0.0062961450592584345,SVR_RBF,engineered,5
Qm,LOFO,5,4ALG8HA,Alg_x_P,6,0.13387060807075865,-0.008232156188492629,SVR_RBF,engineered,5
Qm,LOFO,5,4ALG8HA,Alg_x_P,7,0.13387060807075865,-0.007260440028960619,SVR_RBF,engineered,5
Qm,LOFO,5,4ALG8HA,Alg_x_P,8,0.13387060807075865,-0.0008287778784820121,SVR_RBF,engineered,5
Qm,LOFO,5,4ALG8HA,Alg_x_P,9,0.13387060807075865,-0.003846517942884986,SVR_RBF,engineered,5
Qm,LOFO,5,4ALG8HA,Alg_x_P,10,0.13387060807075865,-0.0015330101822837727,SVR_RBF,engineered,5
Qm,LOFO,5,4ALG8HA,HA_x_P,1,0.13387060807075865,-0.006893174462247353,SVR_RBF,engineered,5
Qm,LOFO,5,4ALG8HA,HA_x_P,2,0.13387060807075865,-0.0029255768769625157,SVR_RBF,engineered,5
Qm,LOFO,5,4ALG8HA,HA_x_P,3,0.13387060807075865,-0.0078031269522716995,SVR_RBF,engineered,5
Qm,LOFO,5,4ALG8HA,HA_x_P,4,0.13387060807075865,-0.0054423846740521975,SVR_RBF,engineered,5
Qm,LOFO,5,4ALG8HA,HA_x_P,5,0.13387060807075865,-0.012015480020296745,SVR_RBF,engineered,5
Qm,LOFO,5,4ALG8HA,HA_x_P,6,0.13387060807075865,-0.021062352885379484,SVR_RBF,engineered,5
Qm,LOFO,5,4ALG8HA,HA_x_P,7,0.13387060807075865,-0.021269730911716425,SVR_RBF,engineered,5
Qm,LOFO,5,4ALG8HA,HA_x_P,8,0.13387060807075865,0.0029407253253160293,SVR_RBF,engineered,5
Qm,LOFO,5,4ALG8HA,HA_x_P,9,0.13387060807075865,-0.0044632223511203994,SVR_RBF,engineered,5
Qm,LOFO,5,4ALG8HA,HA_x_P,10,0.13387060807075865,0.008222232478833025,SVR_RBF,engineered,5
Qm,LOFO,5,4ALG8HA,TP_x_P,1,0.13387060807075865,-0.007382844813396627,SVR_RBF,engineered,5
Qm,LOFO,5,4ALG8HA,TP_x_P,2,0.13387060807075865,-0.007139087912661629,SVR_RBF,engineered,5
Qm,LOFO,5,4ALG8HA,TP_x_P,3,0.13387060807075865,-0.007141182736171814,SVR_RBF,engineered,5
Qm,LOFO,5,4ALG8HA,TP_x_P,4,0.13387060807075865,-0.012220284281915642,SVR_RBF,engineered,5
Qm,LOFO,5,4ALG8HA,TP_x_P,5,0.13387060807075865,-0.019252085448964618,SVR_RBF,engineered,5
Qm,LOFO,5,4ALG8HA,TP_x_P,6,0.13387060807075865,-0.02515619253424932,SVR_RBF,engineered,5
Qm,LOFO,5,4ALG8HA,TP_x_P,7,0.13387060807075865,-0.026289012596401984,SVR_RBF,engineered,5
Qm,LOFO,5,4ALG8HA,TP_x_P,8,0.13387060807075865,0.0006103499335784468,SVR_RBF,engineered,5
Qm,LOFO,5,4ALG8HA,TP_x_P,9,0.13387060807075865,-0.009469052802544023,SVR_RBF,engineered,5
Qm,LOFO,5,4ALG8HA,TP_x_P,10,0.13387060807075865,0.0023627499906100358,SVR_RBF,engineered,5
Qm,LOFO,5,4ALG8HA,HF_x_P,1,0.13387060807075865,-0.03173556065663159,SVR_RBF,engineered,5
Qm,LOFO,5,4ALG8HA,HF_x_P,2,0.13387060807075865,-0.013214845384688992,SVR_RBF,engineered,5
Qm,LOFO,5,4ALG8HA,HF_x_P,3,0.13387060807075865,-0.012587760324600253,SVR_RBF,engineered,5
Qm,LOFO,5,4ALG8HA,HF_x_P,4,0.13387060807075865,-0.04173389709212379,SVR_RBF,engineered,5
Qm,LOFO,5,4ALG8HA,HF_x_P,5,0.13387060807075865,-0.041085264110101535,SVR_RBF,engineered,5
Qm,LOFO,5,4ALG8HA,HF_x_P,6,0.13387060807075865,-0.04423860341488817,SVR_RBF,engineered,5
Qm,LOFO,5,4ALG8HA,HF_x_P,7,0.13387060807075865,-0.04689985173112726,SVR_RBF,engineered,5
Qm,LOFO,5,4ALG8HA,HF_x_P,8,0.13387060807075865,0.0038604998348209796,SVR_RBF,engineered,5
Qm,LOFO,5,4ALG8HA,HF_x_P,9,0.13387060807075865,-0.042595997806802136,SVR_RBF,engineered,5
Qm,LOFO,5,4ALG8HA,HF_x_P,10,0.13387060807075865,-0.030917604973829144,SVR_RBF,engineered,5
Qm,LOFO,6,6ALG2HA,Alg_mg_ml,1,0.60074546084219,0.0,SVR_RBF,engineered,5
Qm,LOFO,6,6ALG2HA,Alg_mg_ml,2,0.60074546084219,0.0,SVR_RBF,engineered,5
Qm,LOFO,6,6ALG2HA,Alg_mg_ml,3,0.60074546084219,0.0,SVR_RBF,engineered,5
Qm,LOFO,6,6ALG2HA,Alg_mg_ml,4,0.60074546084219,0.0,SVR_RBF,engineered,5
Qm,LOFO,6,6ALG2HA,Alg_mg_ml,5,0.60074546084219,0.0,SVR_RBF,engineered,5
Qm,LOFO,6,6ALG2HA,Alg_mg_ml,6,0.60074546084219,0.0,SVR_RBF,engineered,5
Qm,LOFO,6,6ALG2HA,Alg_mg_ml,7,0.60074546084219,0.0,SVR_RBF,engineered,5
Qm,LOFO,6,6ALG2HA,Alg_mg_ml,8,0.60074546084219,0.0,SVR_RBF,engineered,5
Qm,LOFO,6,6ALG2HA,Alg_mg_ml,9,0.60074546084219,0.0,SVR_RBF,engineered,5
Qm,LOFO,6,6ALG2HA,Alg_mg_ml,10,0.60074546084219,0.0,SVR_RBF,engineered,5
Qm,LOFO,6,6ALG2HA,HA_mg_ml,1,0.60074546084219,0.0,SVR_RBF,engineered,5
Qm,LOFO,6,6ALG2HA,HA_mg_ml,2,0.60074546084219,0.0,SVR_RBF,engineered,5
Qm,LOFO,6,6ALG2HA,HA_mg_ml,3,0.60074546084219,0.0,SVR_RBF,engineered,5
Qm,LOFO,6,6ALG2HA,HA_mg_ml,4,0.60074546084219,0.0,SVR_RBF,engineered,5
Qm,LOFO,6,6ALG2HA,HA_mg_ml,5,0.60074546084219,0.0,SVR_RBF,engineered,5
Qm,LOFO,6,6ALG2HA,HA_mg_ml,6,0.60074546084219,0.0,SVR_RBF,engineered,5
Qm,LOFO,6,6ALG2HA,HA_mg_ml,7,0.60074546084219,0.0,SVR_RBF,engineered,5
Qm,LOFO,6,6ALG2HA,HA_mg_ml,8,0.60074546084219,0.0,SVR_RBF,engineered,5
Qm,LOFO,6,6ALG2HA,HA_mg_ml,9,0.60074546084219,0.0,SVR_RBF,engineered,5
Qm,LOFO,6,6ALG2HA,HA_mg_ml,10,0.60074546084219,0.0,SVR_RBF,engineered,5
Qm,LOFO,6,6ALG2HA,Pressure_kPa,1,0.60074546084219,0.0009415328344278828,SVR_RBF,engineered,5
Qm,LOFO,6,6ALG2HA,Pressure_kPa,2,0.60074546084219,0.0,SVR_RBF,engineered,5
Qm,LOFO,6,6ALG2HA,Pressure_kPa,3,0.60074546084219,0.0009030766321329597,SVR_RBF,engineered,5
Qm,LOFO,6,6ALG2HA,Pressure_kPa,4,0.60074546084219,0.0008703504177040022,SVR_RBF,engineered,5
Qm,LOFO,6,6ALG2HA,Pressure_kPa,5,0.60074546084219,0.000606910462578214,SVR_RBF,engineered,5
Qm,LOFO,6,6ALG2HA,Pressure_kPa,6,0.60074546084219,0.0016061864426403227,SVR_RBF,engineered,5
Qm,LOFO,6,6ALG2HA,Pressure_kPa,7,0.60074546084219,0.00018579773924287668,SVR_RBF,engineered,5
Qm,LOFO,6,6ALG2HA,Pressure_kPa,8,0.60074546084219,0.001466054562027641,SVR_RBF,engineered,5
Qm,LOFO,6,6ALG2HA,Pressure_kPa,9,0.60074546084219,0.0008041711191836276,SVR_RBF,engineered,5
Qm,LOFO,6,6ALG2HA,Pressure_kPa,10,0.60074546084219,0.0014713176470886324,SVR_RBF,engineered,5
Qm,LOFO,6,6ALG2HA,TP,1,0.60074546084219,0.0,SVR_RBF,engineered,5
Qm,LOFO,6,6ALG2HA,TP,2,0.60074546084219,0.0,SVR_RBF,engineered,5
Qm,LOFO,6,6ALG2HA,TP,3,0.60074546084219,0.0,SVR_RBF,engineered,5
Qm,LOFO,6,6ALG2HA,TP,4,0.60074546084219,0.0,SVR_RBF,engineered,5
Qm,LOFO,6,6ALG2HA,TP,5,0.60074546084219,0.0,SVR_RBF,engineered,5
Qm,LOFO,6,6ALG2HA,TP,6,0.60074546084219,0.0,SVR_RBF,engineered,5
Qm,LOFO,6,6ALG2HA,TP,7,0.60074546084219,0.0,SVR_RBF,engineered,5
Qm,LOFO,6,6ALG2HA,TP,8,0.60074546084219,0.0,SVR_RBF,engineered,5
Qm,LOFO,6,6ALG2HA,TP,9,0.60074546084219,0.0,SVR_RBF,engineered,5
Qm,LOFO,6,6ALG2HA,TP,10,0.60074546084219,0.0,SVR_RBF,engineered,5
Qm,LOFO,6,6ALG2HA,HF,1,0.60074546084219,0.0,SVR_RBF,engineered,5
Qm,LOFO,6,6ALG2HA,HF,2,0.60074546084219,0.0,SVR_RBF,engineered,5
Qm,LOFO,6,6ALG2HA,HF,3,0.60074546084219,0.0,SVR_RBF,engineered,5
Qm,LOFO,6,6ALG2HA,HF,4,0.60074546084219,0.0,SVR_RBF,engineered,5
Qm,LOFO,6,6ALG2HA,HF,5,0.60074546084219,0.0,SVR_RBF,engineered,5
Qm,LOFO,6,6ALG2HA,HF,6,0.60074546084219,0.0,SVR_RBF,engineered,5
Qm,LOFO,6,6ALG2HA,HF,7,0.60074546084219,0.0,SVR_RBF,engineered,5
Qm,LOFO,6,6ALG2HA,HF,8,0.60074546084219,0.0,SVR_RBF,engineered,5
Qm,LOFO,6,6ALG2HA,HF,9,0.60074546084219,0.0,SVR_RBF,engineered,5
Qm,LOFO,6,6ALG2HA,HF,10,0.60074546084219,0.0,SVR_RBF,engineered,5
Qm,LOFO,6,6ALG2HA,Alg_HA_ratio_safe,1,0.60074546084219,0.0,SVR_RBF,engineered,5
Qm,LOFO,6,6ALG2HA,Alg_HA_ratio_safe,2,0.60074546084219,0.0,SVR_RBF,engineered,5
Qm,LOFO,6,6ALG2HA,Alg_HA_ratio_safe,3,0.60074546084219,0.0,SVR_RBF,engineered,5
Qm,LOFO,6,6ALG2HA,Alg_HA_ratio_safe,4,0.60074546084219,0.0,SVR_RBF,engineered,5
Qm,LOFO,6,6ALG2HA,Alg_HA_ratio_safe,5,0.60074546084219,0.0,SVR_RBF,engineered,5
Qm,LOFO,6,6ALG2HA,Alg_HA_ratio_safe,6,0.60074546084219,0.0,SVR_RBF,engineered,5
Qm,LOFO,6,6ALG2HA,Alg_HA_ratio_safe,7,0.60074546084219,0.0,SVR_RBF,engineered,5
Qm,LOFO,6,6ALG2HA,Alg_HA_ratio_safe,8,0.60074546084219,0.0,SVR_RBF,engineered,5
Qm,LOFO,6,6ALG2HA,Alg_HA_ratio_safe,9,0.60074546084219,0.0,SVR_RBF,engineered,5
Qm,LOFO,6,6ALG2HA,Alg_HA_ratio_safe,10,0.60074546084219,0.0,SVR_RBF,engineered,5
Qm,LOFO,6,6ALG2HA,P_over_TP,1,0.60074546084219,0.012479088130677107,SVR_RBF,engineered,5
Qm,LOFO,6,6ALG2HA,P_over_TP,2,0.60074546084219,0.0,SVR_RBF,engineered,5
Qm,LOFO,6,6ALG2HA,P_over_TP,3,0.60074546084219,0.01525913296843906,SVR_RBF,engineered,5
Qm,LOFO,6,6ALG2HA,P_over_TP,4,0.60074546084219,0.011070082886306953,SVR_RBF,engineered,5
Qm,LOFO,6,6ALG2HA,P_over_TP,5,0.60074546084219,0.006080848679404283,SVR_RBF,engineered,5
Qm,LOFO,6,6ALG2HA,P_over_TP,6,0.60074546084219,0.017255542656306577,SVR_RBF,engineered,5
Qm,LOFO,6,6ALG2HA,P_over_TP,7,0.60074546084219,0.013818565448354359,SVR_RBF,engineered,5
Qm,LOFO,6,6ALG2HA,P_over_TP,8,0.60074546084219,0.019447432573869383,SVR_RBF,engineered,5
Qm,LOFO,6,6ALG2HA,P_over_TP,9,0.60074546084219,0.014394550005301654,SVR_RBF,engineered,5
Qm,LOFO,6,6ALG2HA,P_over_TP,10,0.60074546084219,0.014891759553117723,SVR_RBF,engineered,5
Qm,LOFO,6,6ALG2HA,P_over_Alg,1,0.60074546084219,0.0002164699707181139,SVR_RBF,engineered,5
Qm,LOFO,6,6ALG2HA,P_over_Alg,2,0.60074546084219,0.0,SVR_RBF,engineered,5
Qm,LOFO,6,6ALG2HA,P_over_Alg,3,0.60074546084219,0.0002748300414968652,SVR_RBF,engineered,5
Qm,LOFO,6,6ALG2HA,P_over_Alg,4,0.60074546084219,0.0001693777971656374,SVR_RBF,engineered,5
Qm,LOFO,6,6ALG2HA,P_over_Alg,5,0.60074546084219,8.58900127264084e-05,SVR_RBF,engineered,5
Qm,LOFO,6,6ALG2HA,P_over_Alg,6,0.60074546084219,0.00022421351700974146,SVR_RBF,engineered,5
Qm,LOFO,6,6ALG2HA,P_over_Alg,7,0.60074546084219,0.00032204238971378363,SVR_RBF,engineered,5
Qm,LOFO,6,6ALG2HA,P_over_Alg,8,0.60074546084219,0.00032236313087619095,SVR_RBF,engineered,5
Qm,LOFO,6,6ALG2HA,P_over_Alg,9,0.60074546084219,0.0002735428700026965,SVR_RBF,engineered,5
Qm,LOFO,6,6ALG2HA,P_over_Alg,10,0.60074546084219,0.00016524262361250486,SVR_RBF,engineered,5
Qm,LOFO,6,6ALG2HA,P_over_HA,1,0.60074546084219,0.009194930900984666,SVR_RBF,engineered,5
Qm,LOFO,6,6ALG2HA,P_over_HA,2,0.60074546084219,0.0,SVR_RBF,engineered,5
Qm,LOFO,6,6ALG2HA,P_over_HA,3,0.60074546084219,0.01385754570050668,SVR_RBF,engineered,5
Qm,LOFO,6,6ALG2HA,P_over_HA,4,0.60074546084219,0.011205068283985709,SVR_RBF,engineered,5
Qm,LOFO,6,6ALG2HA,P_over_HA,5,0.60074546084219,0.005097975298462565,SVR_RBF,engineered,5
Qm,LOFO,6,6ALG2HA,P_over_HA,6,0.60074546084219,0.016667768454440957,SVR_RBF,engineered,5
Qm,LOFO,6,6ALG2HA,P_over_HA,7,0.60074546084219,0.010887519987085148,SVR_RBF,engineered,5
Qm,LOFO,6,6ALG2HA,P_over_HA,8,0.60074546084219,0.016863867340092042,SVR_RBF,engineered,5
Qm,LOFO,6,6ALG2HA,P_over_HA,9,0.60074546084219,0.010560050869842685,SVR_RBF,engineered,5
Qm,LOFO,6,6ALG2HA,P_over_HA,10,0.60074546084219,0.013236240233172158,SVR_RBF,engineered,5
Qm,LOFO,6,6ALG2HA,Alg_x_HA,1,0.60074546084219,0.0,SVR_RBF,engineered,5
Qm,LOFO,6,6ALG2HA,Alg_x_HA,2,0.60074546084219,0.0,SVR_RBF,engineered,5
Qm,LOFO,6,6ALG2HA,Alg_x_HA,3,0.60074546084219,0.0,SVR_RBF,engineered,5
Qm,LOFO,6,6ALG2HA,Alg_x_HA,4,0.60074546084219,0.0,SVR_RBF,engineered,5
Qm,LOFO,6,6ALG2HA,Alg_x_HA,5,0.60074546084219,0.0,SVR_RBF,engineered,5
Qm,LOFO,6,6ALG2HA,Alg_x_HA,6,0.60074546084219,0.0,SVR_RBF,engineered,5
Qm,LOFO,6,6ALG2HA,Alg_x_HA,7,0.60074546084219,0.0,SVR_RBF,engineered,5
Qm,LOFO,6,6ALG2HA,Alg_x_HA,8,0.60074546084219,0.0,SVR_RBF,engineered,5
Qm,LOFO,6,6ALG2HA,Alg_x_HA,9,0.60074546084219,0.0,SVR_RBF,engineered,5
Qm,LOFO,6,6ALG2HA,Alg_x_HA,10,0.60074546084219,0.0,SVR_RBF,engineered,5
Qm,LOFO,6,6ALG2HA,Alg_x_P,1,0.60074546084219,-0.00024104653819634336,SVR_RBF,engineered,5
Qm,LOFO,6,6ALG2HA,Alg_x_P,2,0.60074546084219,0.0,SVR_RBF,engineered,5
Qm,LOFO,6,6ALG2HA,Alg_x_P,3,0.60074546084219,-0.0005315880876898271,SVR_RBF,engineered,5
Qm,LOFO,6,6ALG2HA,Alg_x_P,4,0.60074546084219,-6.138884066342332e-05,SVR_RBF,engineered,5
Qm,LOFO,6,6ALG2HA,Alg_x_P,5,0.60074546084219,0.00010091190957428608,SVR_RBF,engineered,5
Qm,LOFO,6,6ALG2HA,Alg_x_P,6,0.60074546084219,0.0002893263966425863,SVR_RBF,engineered,5
Qm,LOFO,6,6ALG2HA,Alg_x_P,7,0.60074546084219,-0.0013946779757025851,SVR_RBF,engineered,5
Qm,LOFO,6,6ALG2HA,Alg_x_P,8,0.60074546084219,-0.00029295514533744793,SVR_RBF,engineered,5
Qm,LOFO,6,6ALG2HA,Alg_x_P,9,0.60074546084219,-0.0006356340638712377,SVR_RBF,engineered,5
Qm,LOFO,6,6ALG2HA,Alg_x_P,10,0.60074546084219,0.000429312728900344,SVR_RBF,engineered,5
Qm,LOFO,6,6ALG2HA,HA_x_P,1,0.60074546084219,-8.165098175727525e-05,SVR_RBF,engineered,5
Qm,LOFO,6,6ALG2HA,HA_x_P,2,0.60074546084219,0.0,SVR_RBF,engineered,5
Qm,LOFO,6,6ALG2HA,HA_x_P,3,0.60074546084219,-0.00013787229830486414,SVR_RBF,engineered,5
Qm,LOFO,6,6ALG2HA,HA_x_P,4,0.60074546084219,-8.356595242320353e-05,SVR_RBF,engineered,5
Qm,LOFO,6,6ALG2HA,HA_x_P,5,0.60074546084219,-2.55032340017447e-05,SVR_RBF,engineered,5
Qm,LOFO,6,6ALG2HA,HA_x_P,6,0.60074546084219,-0.00010839390724926012,SVR_RBF,engineered,5
Qm,LOFO,6,6ALG2HA,HA_x_P,7,0.60074546084219,-0.00017806945893206194,SVR_RBF,engineered,5
Qm,LOFO,6,6ALG2HA,HA_x_P,8,0.60074546084219,-0.00014369800972180435,SVR_RBF,engineered,5
Qm,LOFO,6,6ALG2HA,HA_x_P,9,0.60074546084219,-0.00012356448015504728,SVR_RBF,engineered,5
Qm,LOFO,6,6ALG2HA,HA_x_P,10,0.60074546084219,-8.678719958365999e-05,SVR_RBF,engineered,5
Qm,LOFO,6,6ALG2HA,TP_x_P,1,0.60074546084219,-0.0002595465183921064,SVR_RBF,engineered,5
Qm,LOFO,6,6ALG2HA,TP_x_P,2,0.60074546084219,0.0,SVR_RBF,engineered,5
Qm,LOFO,6,6ALG2HA,TP_x_P,3,0.60074546084219,-0.0004864633682628572,SVR_RBF,engineered,5
Qm,LOFO,6,6ALG2HA,TP_x_P,4,0.60074546084219,-0.00017884953888969157,SVR_RBF,engineered,5
Qm,LOFO,6,6ALG2HA,TP_x_P,5,0.60074546084219,-5.034470306308769e-06,SVR_RBF,engineered,5
Qm,LOFO,6,6ALG2HA,TP_x_P,6,0.60074546084219,-6.497163885932355e-05,SVR_RBF,engineered,5
Qm,LOFO,6,6ALG2HA,TP_x_P,7,0.60074546084219,-0.0009335053760898271,SVR_RBF,engineered,5
Qm,LOFO,6,6ALG2HA,TP_x_P,8,0.60074546084219,-0.00039237520258772474,SVR_RBF,engineered,5
Qm,LOFO,6,6ALG2HA,TP_x_P,9,0.60074546084219,-0.0005056291271180458,SVR_RBF,engineered,5
Qm,LOFO,6,6ALG2HA,TP_x_P,10,0.60074546084219,4.3496366020079336e-05,SVR_RBF,engineered,5
Qm,LOFO,6,6ALG2HA,HF_x_P,1,0.60074546084219,0.00022631952985385784,SVR_RBF,engineered,5
Qm,LOFO,6,6ALG2HA,HF_x_P,2,0.60074546084219,0.0,SVR_RBF,engineered,5
Qm,LOFO,6,6ALG2HA,HF_x_P,3,0.60074546084219,0.00024452280680897776,SVR_RBF,engineered,5
Qm,LOFO,6,6ALG2HA,HF_x_P,4,0.60074546084219,0.00013836739123396224,SVR_RBF,engineered,5
Qm,LOFO,6,6ALG2HA,HF_x_P,5,0.60074546084219,9.042598015185366e-05,SVR_RBF,engineered,5
Qm,LOFO,6,6ALG2HA,HF_x_P,6,0.60074546084219,0.0001659723615621278,SVR_RBF,engineered,5
Qm,LOFO,6,6ALG2HA,HF_x_P,7,0.60074546084219,0.0003001219436843394,SVR_RBF,engineered,5
Qm,LOFO,6,6ALG2HA,HF_x_P,8,0.60074546084219,0.0002975013858733666,SVR_RBF,engineered,5
Qm,LOFO,6,6ALG2HA,HF_x_P,9,0.60074546084219,0.00027040438416292556,SVR_RBF,engineered,5
Qm,LOFO,6,6ALG2HA,HF_x_P,10,0.60074546084219,9.759888406313255e-05,SVR_RBF,engineered,5
Qm,LOFO,7,6ALG4HA,Alg_mg_ml,1,1.1002189332810381,0.0,SVR_RBF,engineered,5
Qm,LOFO,7,6ALG4HA,Alg_mg_ml,2,1.1002189332810381,0.0,SVR_RBF,engineered,5
Qm,LOFO,7,6ALG4HA,Alg_mg_ml,3,1.1002189332810381,0.0,SVR_RBF,engineered,5
Qm,LOFO,7,6ALG4HA,Alg_mg_ml,4,1.1002189332810381,0.0,SVR_RBF,engineered,5
Qm,LOFO,7,6ALG4HA,Alg_mg_ml,5,1.1002189332810381,0.0,SVR_RBF,engineered,5
Qm,LOFO,7,6ALG4HA,Alg_mg_ml,6,1.1002189332810381,0.0,SVR_RBF,engineered,5
Qm,LOFO,7,6ALG4HA,Alg_mg_ml,7,1.1002189332810381,0.0,SVR_RBF,engineered,5
Qm,LOFO,7,6ALG4HA,Alg_mg_ml,8,1.1002189332810381,0.0,SVR_RBF,engineered,5
Qm,LOFO,7,6ALG4HA,Alg_mg_ml,9,1.1002189332810381,0.0,SVR_RBF,engineered,5
Qm,LOFO,7,6ALG4HA,Alg_mg_ml,10,1.1002189332810381,0.0,SVR_RBF,engineered,5
Qm,LOFO,7,6ALG4HA,HA_mg_ml,1,1.1002189332810381,0.0,SVR_RBF,engineered,5
Qm,LOFO,7,6ALG4HA,HA_mg_ml,2,1.1002189332810381,0.0,SVR_RBF,engineered,5
Qm,LOFO,7,6ALG4HA,HA_mg_ml,3,1.1002189332810381,0.0,SVR_RBF,engineered,5
Qm,LOFO,7,6ALG4HA,HA_mg_ml,4,1.1002189332810381,0.0,SVR_RBF,engineered,5
Qm,LOFO,7,6ALG4HA,HA_mg_ml,5,1.1002189332810381,0.0,SVR_RBF,engineered,5
Qm,LOFO,7,6ALG4HA,HA_mg_ml,6,1.1002189332810381,0.0,SVR_RBF,engineered,5
Qm,LOFO,7,6ALG4HA,HA_mg_ml,7,1.1002189332810381,0.0,SVR_RBF,engineered,5
Qm,LOFO,7,6ALG4HA,HA_mg_ml,8,1.1002189332810381,0.0,SVR_RBF,engineered,5
Qm,LOFO,7,6ALG4HA,HA_mg_ml,9,1.1002189332810381,0.0,SVR_RBF,engineered,5
Qm,LOFO,7,6ALG4HA,HA_mg_ml,10,1.1002189332810381,0.0,SVR_RBF,engineered,5
Qm,LOFO,7,6ALG4HA,Pressure_kPa,1,1.1002189332810381,-7.923775183460435e-05,SVR_RBF,engineered,5
Qm,LOFO,7,6ALG4HA,Pressure_kPa,2,1.1002189332810381,0.0018401996186330205,SVR_RBF,engineered,5
Qm,LOFO,7,6ALG4HA,Pressure_kPa,3,1.1002189332810381,0.0010312696731757942,SVR_RBF,engineered,5
Qm,LOFO,7,6ALG4HA,Pressure_kPa,4,1.1002189332810381,0.0005660907484199562,SVR_RBF,engineered,5
Qm,LOFO,7,6ALG4HA,Pressure_kPa,5,1.1002189332810381,0.0019162272538058023,SVR_RBF,engineered,5
Qm,LOFO,7,6ALG4HA,Pressure_kPa,6,1.1002189332810381,0.0006303789235269086,SVR_RBF,engineered,5
Qm,LOFO,7,6ALG4HA,Pressure_kPa,7,1.1002189332810381,0.0028768337890217044,SVR_RBF,engineered,5
Qm,LOFO,7,6ALG4HA,Pressure_kPa,8,1.1002189332810381,0.0027163656299218353,SVR_RBF,engineered,5
Qm,LOFO,7,6ALG4HA,Pressure_kPa,9,1.1002189332810381,0.0016501449017536363,SVR_RBF,engineered,5
Qm,LOFO,7,6ALG4HA,Pressure_kPa,10,1.1002189332810381,0.0019337212896752831,SVR_RBF,engineered,5
Qm,LOFO,7,6ALG4HA,TP,1,1.1002189332810381,0.0,SVR_RBF,engineered,5
Qm,LOFO,7,6ALG4HA,TP,2,1.1002189332810381,0.0,SVR_RBF,engineered,5
Qm,LOFO,7,6ALG4HA,TP,3,1.1002189332810381,0.0,SVR_RBF,engineered,5
Qm,LOFO,7,6ALG4HA,TP,4,1.1002189332810381,0.0,SVR_RBF,engineered,5
Qm,LOFO,7,6ALG4HA,TP,5,1.1002189332810381,0.0,SVR_RBF,engineered,5
Qm,LOFO,7,6ALG4HA,TP,6,1.1002189332810381,0.0,SVR_RBF,engineered,5
Qm,LOFO,7,6ALG4HA,TP,7,1.1002189332810381,0.0,SVR_RBF,engineered,5
Qm,LOFO,7,6ALG4HA,TP,8,1.1002189332810381,0.0,SVR_RBF,engineered,5
Qm,LOFO,7,6ALG4HA,TP,9,1.1002189332810381,0.0,SVR_RBF,engineered,5
Qm,LOFO,7,6ALG4HA,TP,10,1.1002189332810381,0.0,SVR_RBF,engineered,5
Qm,LOFO,7,6ALG4HA,HF,1,1.1002189332810381,0.0,SVR_RBF,engineered,5
Qm,LOFO,7,6ALG4HA,HF,2,1.1002189332810381,0.0,SVR_RBF,engineered,5
Qm,LOFO,7,6ALG4HA,HF,3,1.1002189332810381,0.0,SVR_RBF,engineered,5
Qm,LOFO,7,6ALG4HA,HF,4,1.1002189332810381,0.0,SVR_RBF,engineered,5
Qm,LOFO,7,6ALG4HA,HF,5,1.1002189332810381,0.0,SVR_RBF,engineered,5
Qm,LOFO,7,6ALG4HA,HF,6,1.1002189332810381,0.0,SVR_RBF,engineered,5
Qm,LOFO,7,6ALG4HA,HF,7,1.1002189332810381,0.0,SVR_RBF,engineered,5
Qm,LOFO,7,6ALG4HA,HF,8,1.1002189332810381,0.0,SVR_RBF,engineered,5
Qm,LOFO,7,6ALG4HA,HF,9,1.1002189332810381,0.0,SVR_RBF,engineered,5
Qm,LOFO,7,6ALG4HA,HF,10,1.1002189332810381,0.0,SVR_RBF,engineered,5
Qm,LOFO,7,6ALG4HA,Alg_HA_ratio_safe,1,1.1002189332810381,0.0,SVR_RBF,engineered,5
Qm,LOFO,7,6ALG4HA,Alg_HA_ratio_safe,2,1.1002189332810381,0.0,SVR_RBF,engineered,5
Qm,LOFO,7,6ALG4HA,Alg_HA_ratio_safe,3,1.1002189332810381,0.0,SVR_RBF,engineered,5
Qm,LOFO,7,6ALG4HA,Alg_HA_ratio_safe,4,1.1002189332810381,0.0,SVR_RBF,engineered,5
Qm,LOFO,7,6ALG4HA,Alg_HA_ratio_safe,5,1.1002189332810381,0.0,SVR_RBF,engineered,5
Qm,LOFO,7,6ALG4HA,Alg_HA_ratio_safe,6,1.1002189332810381,0.0,SVR_RBF,engineered,5
Qm,LOFO,7,6ALG4HA,Alg_HA_ratio_safe,7,1.1002189332810381,0.0,SVR_RBF,engineered,5
Qm,LOFO,7,6ALG4HA,Alg_HA_ratio_safe,8,1.1002189332810381,0.0,SVR_RBF,engineered,5
Qm,LOFO,7,6ALG4HA,Alg_HA_ratio_safe,9,1.1002189332810381,0.0,SVR_RBF,engineered,5
Qm,LOFO,7,6ALG4HA,Alg_HA_ratio_safe,10,1.1002189332810381,0.0,SVR_RBF,engineered,5
Qm,LOFO,7,6ALG4HA,P_over_TP,1,1.1002189332810381,0.056682176015051766,SVR_RBF,engineered,5
Qm,LOFO,7,6ALG4HA,P_over_TP,2,1.1002189332810381,0.06307422189655432,SVR_RBF,engineered,5
Qm,LOFO,7,6ALG4HA,P_over_TP,3,1.1002189332810381,0.06417286040156456,SVR_RBF,engineered,5
Qm,LOFO,7,6ALG4HA,P_over_TP,4,1.1002189332810381,0.03363962565441425,SVR_RBF,engineered,5
Qm,LOFO,7,6ALG4HA,P_over_TP,5,1.1002189332810381,0.07360637331592113,SVR_RBF,engineered,5
Qm,LOFO,7,6ALG4HA,P_over_TP,6,1.1002189332810381,0.04161808054679339,SVR_RBF,engineered,5
Qm,LOFO,7,6ALG4HA,P_over_TP,7,1.1002189332810381,0.09995910309695888,SVR_RBF,engineered,5
Qm,LOFO,7,6ALG4HA,P_over_TP,8,1.1002189332810381,0.10778410240535297,SVR_RBF,engineered,5
Qm,LOFO,7,6ALG4HA,P_over_TP,9,1.1002189332810381,0.05022554470536744,SVR_RBF,engineered,5
Qm,LOFO,7,6ALG4HA,P_over_TP,10,1.1002189332810381,0.04933126168336832,SVR_RBF,engineered,5
Qm,LOFO,7,6ALG4HA,P_over_Alg,1,1.1002189332810381,-0.0027821667702310204,SVR_RBF,engineered,5
Qm,LOFO,7,6ALG4HA,P_over_Alg,2,1.1002189332810381,-0.0021635419018994906,SVR_RBF,engineered,5
Qm,LOFO,7,6ALG4HA,P_over_Alg,3,1.1002189332810381,-0.0018094612684946831,SVR_RBF,engineered,5
Qm,LOFO,7,6ALG4HA,P_over_Alg,4,1.1002189332810381,-0.0009057961438154738,SVR_RBF,engineered,5
Qm,LOFO,7,6ALG4HA,P_over_Alg,5,1.1002189332810381,-0.0029531452327746788,SVR_RBF,engineered,5
Qm,LOFO,7,6ALG4HA,P_over_Alg,6,1.1002189332810381,-0.0010206683902040936,SVR_RBF,engineered,5
Qm,LOFO,7,6ALG4HA,P_over_Alg,7,1.1002189332810381,-0.0032841004733976664,SVR_RBF,engineered,5
Qm,LOFO,7,6ALG4HA,P_over_Alg,8,1.1002189332810381,-0.003785526070687384,SVR_RBF,engineered,5
Qm,LOFO,7,6ALG4HA,P_over_Alg,9,1.1002189332810381,-0.0015244405005720996,SVR_RBF,engineered,5
Qm,LOFO,7,6ALG4HA,P_over_Alg,10,1.1002189332810381,-0.001558752289384957,SVR_RBF,engineered,5
Qm,LOFO,7,6ALG4HA,P_over_HA,1,1.1002189332810381,0.001761314235616096,SVR_RBF,engineered,5
Qm,LOFO,7,6ALG4HA,P_over_HA,2,1.1002189332810381,0.002775467406824772,SVR_RBF,engineered,5
Qm,LOFO,7,6ALG4HA,P_over_HA,3,1.1002189332810381,0.0016867408302521092,SVR_RBF,engineered,5
Qm,LOFO,7,6ALG4HA,P_over_HA,4,1.1002189332810381,0.0008747147561978252,SVR_RBF,engineered,5
Qm,LOFO,7,6ALG4HA,P_over_HA,5,1.1002189332810381,0.003740497107489249,SVR_RBF,engineered,5
Qm,LOFO,7,6ALG4HA,P_over_HA,6,1.1002189332810381,0.0011863821025823729,SVR_RBF,engineered,5
Qm,LOFO,7,6ALG4HA,P_over_HA,7,1.1002189332810381,0.004816345428936941,SVR_RBF,engineered,5
Qm,LOFO,7,6ALG4HA,P_over_HA,8,1.1002189332810381,0.005087523861981191,SVR_RBF,engineered,5
Qm,LOFO,7,6ALG4HA,P_over_HA,9,1.1002189332810381,0.002625392371663038,SVR_RBF,engineered,5
Qm,LOFO,7,6ALG4HA,P_over_HA,10,1.1002189332810381,0.0035261976341562917,SVR_RBF,engineered,5
Qm,LOFO,7,6ALG4HA,Alg_x_HA,1,1.1002189332810381,0.0,SVR_RBF,engineered,5
Qm,LOFO,7,6ALG4HA,Alg_x_HA,2,1.1002189332810381,0.0,SVR_RBF,engineered,5
Qm,LOFO,7,6ALG4HA,Alg_x_HA,3,1.1002189332810381,0.0,SVR_RBF,engineered,5
Qm,LOFO,7,6ALG4HA,Alg_x_HA,4,1.1002189332810381,0.0,SVR_RBF,engineered,5
Qm,LOFO,7,6ALG4HA,Alg_x_HA,5,1.1002189332810381,0.0,SVR_RBF,engineered,5
Qm,LOFO,7,6ALG4HA,Alg_x_HA,6,1.1002189332810381,0.0,SVR_RBF,engineered,5
Qm,LOFO,7,6ALG4HA,Alg_x_HA,7,1.1002189332810381,0.0,SVR_RBF,engineered,5
Qm,LOFO,7,6ALG4HA,Alg_x_HA,8,1.1002189332810381,0.0,SVR_RBF,engineered,5
Qm,LOFO,7,6ALG4HA,Alg_x_HA,9,1.1002189332810381,0.0,SVR_RBF,engineered,5
Qm,LOFO,7,6ALG4HA,Alg_x_HA,10,1.1002189332810381,0.0,SVR_RBF,engineered,5
Qm,LOFO,7,6ALG4HA,Alg_x_P,1,1.1002189332810381,0.019181751984938655,SVR_RBF,engineered,5
Qm,LOFO,7,6ALG4HA,Alg_x_P,2,1.1002189332810381,0.015563659099389504,SVR_RBF,engineered,5
Qm,LOFO,7,6ALG4HA,Alg_x_P,3,1.1002189332810381,0.012526484049987019,SVR_RBF,engineered,5
Qm,LOFO,7,6ALG4HA,Alg_x_P,4,1.1002189332810381,0.0062969844307037,SVR_RBF,engineered,5
Qm,LOFO,7,6ALG4HA,Alg_x_P,5,1.1002189332810381,0.021539007438430735,SVR_RBF,engineered,5
Qm,LOFO,7,6ALG4HA,Alg_x_P,6,1.1002189332810381,0.007322933192792869,SVR_RBF,engineered,5
Qm,LOFO,7,6ALG4HA,Alg_x_P,7,1.1002189332810381,0.02419063206440053,SVR_RBF,engineered,5
Qm,LOFO,7,6ALG4HA,Alg_x_P,8,1.1002189332810381,0.027629756396199356,SVR_RBF,engineered,5
Qm,LOFO,7,6ALG4HA,Alg_x_P,9,1.1002189332810381,0.011597909151827013,SVR_RBF,engineered,5
Qm,LOFO,7,6ALG4HA,Alg_x_P,10,1.1002189332810381,0.0127913802476598,SVR_RBF,engineered,5
Qm,LOFO,7,6ALG4HA,HA_x_P,1,1.1002189332810381,-0.001218332909692199,SVR_RBF,engineered,5
Qm,LOFO,7,6ALG4HA,HA_x_P,2,1.1002189332810381,-0.0004647276872582484,SVR_RBF,engineered,5
Qm,LOFO,7,6ALG4HA,HA_x_P,3,1.1002189332810381,-0.0007030884260095238,SVR_RBF,engineered,5
Qm,LOFO,7,6ALG4HA,HA_x_P,4,1.1002189332810381,-0.0003657229567282094,SVR_RBF,engineered,5
Qm,LOFO,7,6ALG4HA,HA_x_P,5,1.1002189332810381,-0.0008528377022358757,SVR_RBF,engineered,5
Qm,LOFO,7,6ALG4HA,HA_x_P,6,1.1002189332810381,-0.000590139546900792,SVR_RBF,engineered,5
Qm,LOFO,7,6ALG4HA,HA_x_P,7,1.1002189332810381,-0.0010741429103400257,SVR_RBF,engineered,5
Qm,LOFO,7,6ALG4HA,HA_x_P,8,1.1002189332810381,-0.0013564504218228635,SVR_RBF,engineered,5
Qm,LOFO,7,6ALG4HA,HA_x_P,9,1.1002189332810381,-0.0005259680153764101,SVR_RBF,engineered,5
Qm,LOFO,7,6ALG4HA,HA_x_P,10,1.1002189332810381,-0.0006991662767701357,SVR_RBF,engineered,5
Qm,LOFO,7,6ALG4HA,TP_x_P,1,1.1002189332810381,0.006941012283167902,SVR_RBF,engineered,5
Qm,LOFO,7,6ALG4HA,TP_x_P,2,1.1002189332810381,0.006572384815361154,SVR_RBF,engineered,5
Qm,LOFO,7,6ALG4HA,TP_x_P,3,1.1002189332810381,0.004819453341179836,SVR_RBF,engineered,5
Qm,LOFO,7,6ALG4HA,TP_x_P,4,1.1002189332810381,0.0024210477276491726,SVR_RBF,engineered,5
Qm,LOFO,7,6ALG4HA,TP_x_P,5,1.1002189332810381,0.008663281716515314,SVR_RBF,engineered,5
Qm,LOFO,7,6ALG4HA,TP_x_P,6,1.1002189332810381,0.0025344950150392176,SVR_RBF,engineered,5
Qm,LOFO,7,6ALG4HA,TP_x_P,7,1.1002189332810381,0.009662003542345143,SVR_RBF,engineered,5
Qm,LOFO,7,6ALG4HA,TP_x_P,8,1.1002189332810381,0.010798422654240136,SVR_RBF,engineered,5
Qm,LOFO,7,6ALG4HA,TP_x_P,9,1.1002189332810381,0.004627532143532065,SVR_RBF,engineered,5
Qm,LOFO,7,6ALG4HA,TP_x_P,10,1.1002189332810381,0.004827671776803655,SVR_RBF,engineered,5
Qm,LOFO,7,6ALG4HA,HF_x_P,1,1.1002189332810381,-0.006459664745375404,SVR_RBF,engineered,5
Qm,LOFO,7,6ALG4HA,HF_x_P,2,1.1002189332810381,-0.004908190444788074,SVR_RBF,engineered,5
Qm,LOFO,7,6ALG4HA,HF_x_P,3,1.1002189332810381,-0.004133519624704318,SVR_RBF,engineered,5
Qm,LOFO,7,6ALG4HA,HF_x_P,4,1.1002189332810381,-0.002075726358391705,SVR_RBF,engineered,5
Qm,LOFO,7,6ALG4HA,HF_x_P,5,1.1002189332810381,-0.006759922682044506,SVR_RBF,engineered,5
Qm,LOFO,7,6ALG4HA,HF_x_P,6,1.1002189332810381,-0.00234752425389817,SVR_RBF,engineered,5
Qm,LOFO,7,6ALG4HA,HF_x_P,7,1.1002189332810381,-0.007498084903773572,SVR_RBF,engineered,5
Qm,LOFO,7,6ALG4HA,HF_x_P,8,1.1002189332810381,-0.008677502806809567,SVR_RBF,engineered,5
Qm,LOFO,7,6ALG4HA,HF_x_P,9,1.1002189332810381,-0.0034842052916241872,SVR_RBF,engineered,5
Qm,LOFO,7,6ALG4HA,HF_x_P,10,1.1002189332810381,-0.0035878804740421266,SVR_RBF,engineered,5
Qm,LOFO,8,6ALG6HA,Alg_mg_ml,1,0.6753559354536807,0.0,SVR_RBF,engineered,5
Qm,LOFO,8,6ALG6HA,Alg_mg_ml,2,0.6753559354536807,0.0,SVR_RBF,engineered,5
Qm,LOFO,8,6ALG6HA,Alg_mg_ml,3,0.6753559354536807,0.0,SVR_RBF,engineered,5
Qm,LOFO,8,6ALG6HA,Alg_mg_ml,4,0.6753559354536807,0.0,SVR_RBF,engineered,5
Qm,LOFO,8,6ALG6HA,Alg_mg_ml,5,0.6753559354536807,0.0,SVR_RBF,engineered,5
Qm,LOFO,8,6ALG6HA,Alg_mg_ml,6,0.6753559354536807,0.0,SVR_RBF,engineered,5
Qm,LOFO,8,6ALG6HA,Alg_mg_ml,7,0.6753559354536807,0.0,SVR_RBF,engineered,5
Qm,LOFO,8,6ALG6HA,Alg_mg_ml,8,0.6753559354536807,0.0,SVR_RBF,engineered,5
Qm,LOFO,8,6ALG6HA,Alg_mg_ml,9,0.6753559354536807,0.0,SVR_RBF,engineered,5
Qm,LOFO,8,6ALG6HA,Alg_mg_ml,10,0.6753559354536807,0.0,SVR_RBF,engineered,5
Qm,LOFO,8,6ALG6HA,HA_mg_ml,1,0.6753559354536807,0.0,SVR_RBF,engineered,5
Qm,LOFO,8,6ALG6HA,HA_mg_ml,2,0.6753559354536807,0.0,SVR_RBF,engineered,5
Qm,LOFO,8,6ALG6HA,HA_mg_ml,3,0.6753559354536807,0.0,SVR_RBF,engineered,5
Qm,LOFO,8,6ALG6HA,HA_mg_ml,4,0.6753559354536807,0.0,SVR_RBF,engineered,5
Qm,LOFO,8,6ALG6HA,HA_mg_ml,5,0.6753559354536807,0.0,SVR_RBF,engineered,5
Qm,LOFO,8,6ALG6HA,HA_mg_ml,6,0.6753559354536807,0.0,SVR_RBF,engineered,5
Qm,LOFO,8,6ALG6HA,HA_mg_ml,7,0.6753559354536807,0.0,SVR_RBF,engineered,5
Qm,LOFO,8,6ALG6HA,HA_mg_ml,8,0.6753559354536807,0.0,SVR_RBF,engineered,5
Qm,LOFO,8,6ALG6HA,HA_mg_ml,9,0.6753559354536807,0.0,SVR_RBF,engineered,5
Qm,LOFO,8,6ALG6HA,HA_mg_ml,10,0.6753559354536807,0.0,SVR_RBF,engineered,5
Qm,LOFO,8,6ALG6HA,Pressure_kPa,1,0.6753559354536807,0.0020962333631068253,SVR_RBF,engineered,5
Qm,LOFO,8,6ALG6HA,Pressure_kPa,2,0.6753559354536807,0.004041328312662129,SVR_RBF,engineered,5
Qm,LOFO,8,6ALG6HA,Pressure_kPa,3,0.6753559354536807,0.003222797913996489,SVR_RBF,engineered,5
Qm,LOFO,8,6ALG6HA,Pressure_kPa,4,0.6753559354536807,0.0035527412107291267,SVR_RBF,engineered,5
Qm,LOFO,8,6ALG6HA,Pressure_kPa,5,0.6753559354536807,0.0019437847114451845,SVR_RBF,engineered,5
Qm,LOFO,8,6ALG6HA,Pressure_kPa,6,0.6753559354536807,0.00416719029677004,SVR_RBF,engineered,5
Qm,LOFO,8,6ALG6HA,Pressure_kPa,7,0.6753559354536807,0.0021934747909092556,SVR_RBF,engineered,5
Qm,LOFO,8,6ALG6HA,Pressure_kPa,8,0.6753559354536807,0.004694973847051198,SVR_RBF,engineered,5
Qm,LOFO,8,6ALG6HA,Pressure_kPa,9,0.6753559354536807,0.005307148522440963,SVR_RBF,engineered,5
Qm,LOFO,8,6ALG6HA,Pressure_kPa,10,0.6753559354536807,0.0026392275907544116,SVR_RBF,engineered,5
Qm,LOFO,8,6ALG6HA,TP,1,0.6753559354536807,0.0,SVR_RBF,engineered,5
Qm,LOFO,8,6ALG6HA,TP,2,0.6753559354536807,0.0,SVR_RBF,engineered,5
Qm,LOFO,8,6ALG6HA,TP,3,0.6753559354536807,0.0,SVR_RBF,engineered,5
Qm,LOFO,8,6ALG6HA,TP,4,0.6753559354536807,0.0,SVR_RBF,engineered,5
Qm,LOFO,8,6ALG6HA,TP,5,0.6753559354536807,0.0,SVR_RBF,engineered,5
Qm,LOFO,8,6ALG6HA,TP,6,0.6753559354536807,0.0,SVR_RBF,engineered,5
Qm,LOFO,8,6ALG6HA,TP,7,0.6753559354536807,0.0,SVR_RBF,engineered,5
Qm,LOFO,8,6ALG6HA,TP,8,0.6753559354536807,0.0,SVR_RBF,engineered,5
Qm,LOFO,8,6ALG6HA,TP,9,0.6753559354536807,0.0,SVR_RBF,engineered,5
Qm,LOFO,8,6ALG6HA,TP,10,0.6753559354536807,0.0,SVR_RBF,engineered,5
Qm,LOFO,8,6ALG6HA,HF,1,0.6753559354536807,0.0,SVR_RBF,engineered,5
Qm,LOFO,8,6ALG6HA,HF,2,0.6753559354536807,0.0,SVR_RBF,engineered,5
Qm,LOFO,8,6ALG6HA,HF,3,0.6753559354536807,0.0,SVR_RBF,engineered,5
Qm,LOFO,8,6ALG6HA,HF,4,0.6753559354536807,0.0,SVR_RBF,engineered,5
Qm,LOFO,8,6ALG6HA,HF,5,0.6753559354536807,0.0,SVR_RBF,engineered,5
Qm,LOFO,8,6ALG6HA,HF,6,0.6753559354536807,0.0,SVR_RBF,engineered,5
Qm,LOFO,8,6ALG6HA,HF,7,0.6753559354536807,0.0,SVR_RBF,engineered,5
Qm,LOFO,8,6ALG6HA,HF,8,0.6753559354536807,0.0,SVR_RBF,engineered,5
Qm,LOFO,8,6ALG6HA,HF,9,0.6753559354536807,0.0,SVR_RBF,engineered,5
Qm,LOFO,8,6ALG6HA,HF,10,0.6753559354536807,0.0,SVR_RBF,engineered,5
Qm,LOFO,8,6ALG6HA,Alg_HA_ratio_safe,1,0.6753559354536807,0.0,SVR_RBF,engineered,5
Qm,LOFO,8,6ALG6HA,Alg_HA_ratio_safe,2,0.6753559354536807,0.0,SVR_RBF,engineered,5
Qm,LOFO,8,6ALG6HA,Alg_HA_ratio_safe,3,0.6753559354536807,0.0,SVR_RBF,engineered,5
Qm,LOFO,8,6ALG6HA,Alg_HA_ratio_safe,4,0.6753559354536807,0.0,SVR_RBF,engineered,5
Qm,LOFO,8,6ALG6HA,Alg_HA_ratio_safe,5,0.6753559354536807,0.0,SVR_RBF,engineered,5
Qm,LOFO,8,6ALG6HA,Alg_HA_ratio_safe,6,0.6753559354536807,0.0,SVR_RBF,engineered,5
Qm,LOFO,8,6ALG6HA,Alg_HA_ratio_safe,7,0.6753559354536807,0.0,SVR_RBF,engineered,5
Qm,LOFO,8,6ALG6HA,Alg_HA_ratio_safe,8,0.6753559354536807,0.0,SVR_RBF,engineered,5
Qm,LOFO,8,6ALG6HA,Alg_HA_ratio_safe,9,0.6753559354536807,0.0,SVR_RBF,engineered,5
Qm,LOFO,8,6ALG6HA,Alg_HA_ratio_safe,10,0.6753559354536807,0.0,SVR_RBF,engineered,5
Qm,LOFO,8,6ALG6HA,P_over_TP,1,0.6753559354536807,0.026482925537357316,SVR_RBF,engineered,5
Qm,LOFO,8,6ALG6HA,P_over_TP,2,0.6753559354536807,0.0435493033296146,SVR_RBF,engineered,5
Qm,LOFO,8,6ALG6HA,P_over_TP,3,0.6753559354536807,0.033447781580051794,SVR_RBF,engineered,5
Qm,LOFO,8,6ALG6HA,P_over_TP,4,0.6753559354536807,0.039897956995563755,SVR_RBF,engineered,5
Qm,LOFO,8,6ALG6HA,P_over_TP,5,0.6753559354536807,0.019975622753116373,SVR_RBF,engineered,5
Qm,LOFO,8,6ALG6HA,P_over_TP,6,0.6753559354536807,0.04748089466118921,SVR_RBF,engineered,5
Qm,LOFO,8,6ALG6HA,P_over_TP,7,0.6753559354536807,0.02513699134418801,SVR_RBF,engineered,5
Qm,LOFO,8,6ALG6HA,P_over_TP,8,0.6753559354536807,0.051931589277894874,SVR_RBF,engineered,5
Qm,LOFO,8,6ALG6HA,P_over_TP,9,0.6753559354536807,0.05767591627974844,SVR_RBF,engineered,5
Qm,LOFO,8,6ALG6HA,P_over_TP,10,0.6753559354536807,0.030707751593183397,SVR_RBF,engineered,5
Qm,LOFO,8,6ALG6HA,P_over_Alg,1,0.6753559354536807,0.0005694157009623613,SVR_RBF,engineered,5
Qm,LOFO,8,6ALG6HA,P_over_Alg,2,0.6753559354536807,0.0007585691956836227,SVR_RBF,engineered,5
Qm,LOFO,8,6ALG6HA,P_over_Alg,3,0.6753559354536807,0.0005180271795549585,SVR_RBF,engineered,5
Qm,LOFO,8,6ALG6HA,P_over_Alg,4,0.6753559354536807,0.0006739660665507907,SVR_RBF,engineered,5
Qm,LOFO,8,6ALG6HA,P_over_Alg,5,0.6753559354536807,0.00023053649199467063,SVR_RBF,engineered,5
Qm,LOFO,8,6ALG6HA,P_over_Alg,6,0.6753559354536807,0.0008758846864039826,SVR_RBF,engineered,5
Qm,LOFO,8,6ALG6HA,P_over_Alg,7,0.6753559354536807,0.00041228597684117574,SVR_RBF,engineered,5
Qm,LOFO,8,6ALG6HA,P_over_Alg,8,0.6753559354536807,0.0008929641561136181,SVR_RBF,engineered,5
Qm,LOFO,8,6ALG6HA,P_over_Alg,9,0.6753559354536807,0.0010226252260026047,SVR_RBF,engineered,5
Qm,LOFO,8,6ALG6HA,P_over_Alg,10,0.6753559354536807,0.000534178302493804,SVR_RBF,engineered,5
Qm,LOFO,8,6ALG6HA,P_over_HA,1,0.6753559354536807,-0.0016294515102421858,SVR_RBF,engineered,5
Qm,LOFO,8,6ALG6HA,P_over_HA,2,0.6753559354536807,-0.002057751049621137,SVR_RBF,engineered,5
Qm,LOFO,8,6ALG6HA,P_over_HA,3,0.6753559354536807,-0.001405210202533369,SVR_RBF,engineered,5
Qm,LOFO,8,6ALG6HA,P_over_HA,4,0.6753559354536807,-0.0019209218675416695,SVR_RBF,engineered,5
Qm,LOFO,8,6ALG6HA,P_over_HA,5,0.6753559354536807,-0.0006378652154052089,SVR_RBF,engineered,5
Qm,LOFO,8,6ALG6HA,P_over_HA,6,0.6753559354536807,-0.00243503907945386,SVR_RBF,engineered,5
Qm,LOFO,8,6ALG6HA,P_over_HA,7,0.6753559354536807,-0.0011659775583927612,SVR_RBF,engineered,5
Qm,LOFO,8,6ALG6HA,P_over_HA,8,0.6753559354536807,-0.002507379842634605,SVR_RBF,engineered,5
Qm,LOFO,8,6ALG6HA,P_over_HA,9,0.6753559354536807,-0.0027899436667114808,SVR_RBF,engineered,5
Qm,LOFO,8,6ALG6HA,P_over_HA,10,0.6753559354536807,-0.0015301253141027926,SVR_RBF,engineered,5
Qm,LOFO,8,6ALG6HA,Alg_x_HA,1,0.6753559354536807,0.0,SVR_RBF,engineered,5
Qm,LOFO,8,6ALG6HA,Alg_x_HA,2,0.6753559354536807,0.0,SVR_RBF,engineered,5
Qm,LOFO,8,6ALG6HA,Alg_x_HA,3,0.6753559354536807,0.0,SVR_RBF,engineered,5
Qm,LOFO,8,6ALG6HA,Alg_x_HA,4,0.6753559354536807,0.0,SVR_RBF,engineered,5
Qm,LOFO,8,6ALG6HA,Alg_x_HA,5,0.6753559354536807,0.0,SVR_RBF,engineered,5
Qm,LOFO,8,6ALG6HA,Alg_x_HA,6,0.6753559354536807,0.0,SVR_RBF,engineered,5
Qm,LOFO,8,6ALG6HA,Alg_x_HA,7,0.6753559354536807,0.0,SVR_RBF,engineered,5
Qm,LOFO,8,6ALG6HA,Alg_x_HA,8,0.6753559354536807,0.0,SVR_RBF,engineered,5
Qm,LOFO,8,6ALG6HA,Alg_x_HA,9,0.6753559354536807,0.0,SVR_RBF,engineered,5
Qm,LOFO,8,6ALG6HA,Alg_x_HA,10,0.6753559354536807,0.0,SVR_RBF,engineered,5
Qm,LOFO,8,6ALG6HA,Alg_x_P,1,0.6753559354536807,-0.004249416101514525,SVR_RBF,engineered,5
Qm,LOFO,8,6ALG6HA,Alg_x_P,2,0.6753559354536807,-0.0026079625585574417,SVR_RBF,engineered,5
Qm,LOFO,8,6ALG6HA,Alg_x_P,3,0.6753559354536807,-0.0002482727365031856,SVR_RBF,engineered,5
Qm,LOFO,8,6ALG6HA,Alg_x_P,4,0.6753559354536807,-0.002751763177321176,SVR_RBF,engineered,5
Qm,LOFO,8,6ALG6HA,Alg_x_P,5,0.6753559354536807,0.0009238334532838399,SVR_RBF,engineered,5
Qm,LOFO,8,6ALG6HA,Alg_x_P,6,0.6753559354536807,-0.005020139644675736,SVR_RBF,engineered,5
Qm,LOFO,8,6ALG6HA,Alg_x_P,7,0.6753559354536807,-0.0021565007941152237,SVR_RBF,engineered,5
Qm,LOFO,8,6ALG6HA,Alg_x_P,8,0.6753559354536807,-0.00353763771762583,SVR_RBF,engineered,5
Qm,LOFO,8,6ALG6HA,Alg_x_P,9,0.6753559354536807,-0.004581438392600501,SVR_RBF,engineered,5
Qm,LOFO,8,6ALG6HA,Alg_x_P,10,0.6753559354536807,-0.0028726268553190826,SVR_RBF,engineered,5
Qm,LOFO,8,6ALG6HA,HA_x_P,1,0.6753559354536807,-0.0007308819807148037,SVR_RBF,engineered,5
Qm,LOFO,8,6ALG6HA,HA_x_P,2,0.6753559354536807,-0.001292298306977968,SVR_RBF,engineered,5
Qm,LOFO,8,6ALG6HA,HA_x_P,3,0.6753559354536807,-0.00109634849212914,SVR_RBF,engineered,5
Qm,LOFO,8,6ALG6HA,HA_x_P,4,0.6753559354536807,-0.0012598488257273832,SVR_RBF,engineered,5
Qm,LOFO,8,6ALG6HA,HA_x_P,5,0.6753559354536807,-0.0006612699003549771,SVR_RBF,engineered,5
Qm,LOFO,8,6ALG6HA,HA_x_P,6,0.6753559354536807,-0.00134850842172074,SVR_RBF,engineered,5
Qm,LOFO,8,6ALG6HA,HA_x_P,7,0.6753559354536807,-0.0007252663276963167,SVR_RBF,engineered,5
Qm,LOFO,8,6ALG6HA,HA_x_P,8,0.6753559354536807,-0.0016271108894638786,SVR_RBF,engineered,5
Qm,LOFO,8,6ALG6HA,HA_x_P,9,0.6753559354536807,-0.0016862542631145283,SVR_RBF,engineered,5
Qm,LOFO,8,6ALG6HA,HA_x_P,10,0.6753559354536807,-0.0008517441073107035,SVR_RBF,engineered,5
Qm,LOFO,8,6ALG6HA,TP_x_P,1,0.6753559354536807,-0.0033194566124253866,SVR_RBF,engineered,5
Qm,LOFO,8,6ALG6HA,TP_x_P,2,0.6753559354536807,-0.0033730464670977955,SVR_RBF,engineered,5
Qm,LOFO,8,6ALG6HA,TP_x_P,3,0.6753559354536807,-0.0018187167253781444,SVR_RBF,engineered,5
Qm,LOFO,8,6ALG6HA,TP_x_P,4,0.6753559354536807,-0.0034193260318514662,SVR_RBF,engineered,5
Qm,LOFO,8,6ALG6HA,TP_x_P,5,0.6753559354536807,-0.0005815013996325336,SVR_RBF,engineered,5
Qm,LOFO,8,6ALG6HA,TP_x_P,6,0.6753559354536807,-0.004826729662496643,SVR_RBF,engineered,5
Qm,LOFO,8,6ALG6HA,TP_x_P,7,0.6753559354536807,-0.002305844837829918,SVR_RBF,engineered,5
Qm,LOFO,8,6ALG6HA,TP_x_P,8,0.6753559354536807,-0.004400270064998768,SVR_RBF,engineered,5
Qm,LOFO,8,6ALG6HA,TP_x_P,9,0.6753559354536807,-0.005063529458261162,SVR_RBF,engineered,5
Qm,LOFO,8,6ALG6HA,TP_x_P,10,0.6753559354536807,-0.0028848951297421044,SVR_RBF,engineered,5
Qm,LOFO,8,6ALG6HA,HF_x_P,1,0.6753559354536807,0.0025440897054623823,SVR_RBF,engineered,5
Qm,LOFO,8,6ALG6HA,HF_x_P,2,0.6753559354536807,0.0035391094342126506,SVR_RBF,engineered,5
Qm,LOFO,8,6ALG6HA,HF_x_P,3,0.6753559354536807,0.0024525638445350717,SVR_RBF,engineered,5
Qm,LOFO,8,6ALG6HA,HF_x_P,4,0.6753559354536807,0.0031709026387127803,SVR_RBF,engineered,5
Qm,LOFO,8,6ALG6HA,HF_x_P,5,0.6753559354536807,0.0011774855338624324,SVR_RBF,engineered,5
Qm,LOFO,8,6ALG6HA,HF_x_P,6,0.6753559354536807,0.004088235541748864,SVR_RBF,engineered,5
Qm,LOFO,8,6ALG6HA,HF_x_P,7,0.6753559354536807,0.0019765029096572295,SVR_RBF,engineered,5
Qm,LOFO,8,6ALG6HA,HF_x_P,8,0.6753559354536807,0.004183790481492422,SVR_RBF,engineered,5
Qm,LOFO,8,6ALG6HA,HF_x_P,9,0.6753559354536807,0.004795702453050277,SVR_RBF,engineered,5
Qm,LOFO,8,6ALG6HA,HF_x_P,10,0.6753559354536807,0.002522351988541338,SVR_RBF,engineered,5
AF,LOFO,1,1ALG8HA,Alg_mg_ml,1,0.2127014607974447,0.0,XGBoost,angle_engineered,12
AF,LOFO,1,1ALG8HA,Alg_mg_ml,2,0.2127014607974447,0.0,XGBoost,angle_engineered,12
AF,LOFO,1,1ALG8HA,Alg_mg_ml,3,0.2127014607974447,0.0,XGBoost,angle_engineered,12
AF,LOFO,1,1ALG8HA,Alg_mg_ml,4,0.2127014607974447,0.0,XGBoost,angle_engineered,12
AF,LOFO,1,1ALG8HA,Alg_mg_ml,5,0.2127014607974447,0.0,XGBoost,angle_engineered,12
AF,LOFO,1,1ALG8HA,Alg_mg_ml,6,0.2127014607974447,0.0,XGBoost,angle_engineered,12
AF,LOFO,1,1ALG8HA,Alg_mg_ml,7,0.2127014607974447,0.0,XGBoost,angle_engineered,12
AF,LOFO,1,1ALG8HA,Alg_mg_ml,8,0.2127014607974447,0.0,XGBoost,angle_engineered,12
AF,LOFO,1,1ALG8HA,Alg_mg_ml,9,0.2127014607974447,0.0,XGBoost,angle_engineered,12
AF,LOFO,1,1ALG8HA,Alg_mg_ml,10,0.2127014607974447,0.0,XGBoost,angle_engineered,12
AF,LOFO,1,1ALG8HA,HA_mg_ml,1,0.2127014607974447,0.0,XGBoost,angle_engineered,12
AF,LOFO,1,1ALG8HA,HA_mg_ml,2,0.2127014607974447,0.0,XGBoost,angle_engineered,12
AF,LOFO,1,1ALG8HA,HA_mg_ml,3,0.2127014607974447,0.0,XGBoost,angle_engineered,12
AF,LOFO,1,1ALG8HA,HA_mg_ml,4,0.2127014607974447,0.0,XGBoost,angle_engineered,12
AF,LOFO,1,1ALG8HA,HA_mg_ml,5,0.2127014607974447,0.0,XGBoost,angle_engineered,12
AF,LOFO,1,1ALG8HA,HA_mg_ml,6,0.2127014607974447,0.0,XGBoost,angle_engineered,12
AF,LOFO,1,1ALG8HA,HA_mg_ml,7,0.2127014607974447,0.0,XGBoost,angle_engineered,12
AF,LOFO,1,1ALG8HA,HA_mg_ml,8,0.2127014607974447,0.0,XGBoost,angle_engineered,12
AF,LOFO,1,1ALG8HA,HA_mg_ml,9,0.2127014607974447,0.0,XGBoost,angle_engineered,12
AF,LOFO,1,1ALG8HA,HA_mg_ml,10,0.2127014607974447,0.0,XGBoost,angle_engineered,12
AF,LOFO,1,1ALG8HA,Pressure_kPa,1,0.2127014607974447,0.003252529886275418,XGBoost,angle_engineered,12
AF,LOFO,1,1ALG8HA,Pressure_kPa,2,0.2127014607974447,-0.012278397223523807,XGBoost,angle_engineered,12
AF,LOFO,1,1ALG8HA,Pressure_kPa,3,0.2127014607974447,-0.01347869317368175,XGBoost,angle_engineered,12
AF,LOFO,1,1ALG8HA,Pressure_kPa,4,0.2127014607974447,-0.015035349630625167,XGBoost,angle_engineered,12
AF,LOFO,1,1ALG8HA,Pressure_kPa,5,0.2127014607974447,0.0038650466938888184,XGBoost,angle_engineered,12
AF,LOFO,1,1ALG8HA,Pressure_kPa,6,0.2127014607974447,-0.019596217038221786,XGBoost,angle_engineered,12
AF,LOFO,1,1ALG8HA,Pressure_kPa,7,0.2127014607974447,0.0021663278568376243,XGBoost,angle_engineered,12
AF,LOFO,1,1ALG8HA,Pressure_kPa,8,0.2127014607974447,-0.019956759649610606,XGBoost,angle_engineered,12
AF,LOFO,1,1ALG8HA,Pressure_kPa,9,0.2127014607974447,-0.014954890654367892,XGBoost,angle_engineered,12
AF,LOFO,1,1ALG8HA,Pressure_kPa,10,0.2127014607974447,-0.0227482550286838,XGBoost,angle_engineered,12
AF,LOFO,1,1ALG8HA,TP,1,0.2127014607974447,0.0,XGBoost,angle_engineered,12
AF,LOFO,1,1ALG8HA,TP,2,0.2127014607974447,0.0,XGBoost,angle_engineered,12
AF,LOFO,1,1ALG8HA,TP,3,0.2127014607974447,0.0,XGBoost,angle_engineered,12
AF,LOFO,1,1ALG8HA,TP,4,0.2127014607974447,0.0,XGBoost,angle_engineered,12
AF,LOFO,1,1ALG8HA,TP,5,0.2127014607974447,0.0,XGBoost,angle_engineered,12
AF,LOFO,1,1ALG8HA,TP,6,0.2127014607974447,0.0,XGBoost,angle_engineered,12
AF,LOFO,1,1ALG8HA,TP,7,0.2127014607974447,0.0,XGBoost,angle_engineered,12
AF,LOFO,1,1ALG8HA,TP,8,0.2127014607974447,0.0,XGBoost,angle_engineered,12
AF,LOFO,1,1ALG8HA,TP,9,0.2127014607974447,0.0,XGBoost,angle_engineered,12
AF,LOFO,1,1ALG8HA,TP,10,0.2127014607974447,0.0,XGBoost,angle_engineered,12
AF,LOFO,1,1ALG8HA,HF,1,0.2127014607974447,0.0,XGBoost,angle_engineered,12
AF,LOFO,1,1ALG8HA,HF,2,0.2127014607974447,0.0,XGBoost,angle_engineered,12
AF,LOFO,1,1ALG8HA,HF,3,0.2127014607974447,0.0,XGBoost,angle_engineered,12
AF,LOFO,1,1ALG8HA,HF,4,0.2127014607974447,0.0,XGBoost,angle_engineered,12
AF,LOFO,1,1ALG8HA,HF,5,0.2127014607974447,0.0,XGBoost,angle_engineered,12
AF,LOFO,1,1ALG8HA,HF,6,0.2127014607974447,0.0,XGBoost,angle_engineered,12
AF,LOFO,1,1ALG8HA,HF,7,0.2127014607974447,0.0,XGBoost,angle_engineered,12
AF,LOFO,1,1ALG8HA,HF,8,0.2127014607974447,0.0,XGBoost,angle_engineered,12
AF,LOFO,1,1ALG8HA,HF,9,0.2127014607974447,0.0,XGBoost,angle_engineered,12
AF,LOFO,1,1ALG8HA,HF,10,0.2127014607974447,0.0,XGBoost,angle_engineered,12
AF,LOFO,1,1ALG8HA,Alg_HA_ratio_safe,1,0.2127014607974447,0.0,XGBoost,angle_engineered,12
AF,LOFO,1,1ALG8HA,Alg_HA_ratio_safe,2,0.2127014607974447,0.0,XGBoost,angle_engineered,12
AF,LOFO,1,1ALG8HA,Alg_HA_ratio_safe,3,0.2127014607974447,0.0,XGBoost,angle_engineered,12
AF,LOFO,1,1ALG8HA,Alg_HA_ratio_safe,4,0.2127014607974447,0.0,XGBoost,angle_engineered,12
AF,LOFO,1,1ALG8HA,Alg_HA_ratio_safe,5,0.2127014607974447,0.0,XGBoost,angle_engineered,12
AF,LOFO,1,1ALG8HA,Alg_HA_ratio_safe,6,0.2127014607974447,0.0,XGBoost,angle_engineered,12
AF,LOFO,1,1ALG8HA,Alg_HA_ratio_safe,7,0.2127014607974447,0.0,XGBoost,angle_engineered,12
AF,LOFO,1,1ALG8HA,Alg_HA_ratio_safe,8,0.2127014607974447,0.0,XGBoost,angle_engineered,12
AF,LOFO,1,1ALG8HA,Alg_HA_ratio_safe,9,0.2127014607974447,0.0,XGBoost,angle_engineered,12
AF,LOFO,1,1ALG8HA,Alg_HA_ratio_safe,10,0.2127014607974447,0.0,XGBoost,angle_engineered,12
AF,LOFO,1,1ALG8HA,P_over_TP,1,0.2127014607974447,-0.0015281935350105746,XGBoost,angle_engineered,12
AF,LOFO,1,1ALG8HA,P_over_TP,2,0.2127014607974447,-0.0008075890263052887,XGBoost,angle_engineered,12
AF,LOFO,1,1ALG8HA,P_over_TP,3,0.2127014607974447,-0.003619992798301719,XGBoost,angle_engineered,12
AF,LOFO,1,1ALG8HA,P_over_TP,4,0.2127014607974447,3.380022681065409e-05,XGBoost,angle_engineered,12
AF,LOFO,1,1ALG8HA,P_over_TP,5,0.2127014607974447,-0.0012715822492401496,XGBoost,angle_engineered,12
AF,LOFO,1,1ALG8HA,P_over_TP,6,0.2127014607974447,-0.0010067154593566552,XGBoost,angle_engineered,12
AF,LOFO,1,1ALG8HA,P_over_TP,7,0.2127014607974447,-0.0006563116461034413,XGBoost,angle_engineered,12
AF,LOFO,1,1ALG8HA,P_over_TP,8,0.2127014607974447,-0.002292991338990219,XGBoost,angle_engineered,12
AF,LOFO,1,1ALG8HA,P_over_TP,9,0.2127014607974447,-0.0007529409472681603,XGBoost,angle_engineered,12
AF,LOFO,1,1ALG8HA,P_over_TP,10,0.2127014607974447,-0.002853106386786902,XGBoost,angle_engineered,12
AF,LOFO,1,1ALG8HA,P_over_Alg,1,0.2127014607974447,0.0,XGBoost,angle_engineered,12
AF,LOFO,1,1ALG8HA,P_over_Alg,2,0.2127014607974447,0.0,XGBoost,angle_engineered,12
AF,LOFO,1,1ALG8HA,P_over_Alg,3,0.2127014607974447,0.0,XGBoost,angle_engineered,12
AF,LOFO,1,1ALG8HA,P_over_Alg,4,0.2127014607974447,0.0,XGBoost,angle_engineered,12
AF,LOFO,1,1ALG8HA,P_over_Alg,5,0.2127014607974447,0.0,XGBoost,angle_engineered,12
AF,LOFO,1,1ALG8HA,P_over_Alg,6,0.2127014607974447,0.0,XGBoost,angle_engineered,12
AF,LOFO,1,1ALG8HA,P_over_Alg,7,0.2127014607974447,0.0,XGBoost,angle_engineered,12
AF,LOFO,1,1ALG8HA,P_over_Alg,8,0.2127014607974447,0.0,XGBoost,angle_engineered,12
AF,LOFO,1,1ALG8HA,P_over_Alg,9,0.2127014607974447,0.0,XGBoost,angle_engineered,12
AF,LOFO,1,1ALG8HA,P_over_Alg,10,0.2127014607974447,0.0,XGBoost,angle_engineered,12
AF,LOFO,1,1ALG8HA,P_over_HA,1,0.2127014607974447,0.0,XGBoost,angle_engineered,12
AF,LOFO,1,1ALG8HA,P_over_HA,2,0.2127014607974447,0.0,XGBoost,angle_engineered,12
AF,LOFO,1,1ALG8HA,P_over_HA,3,0.2127014607974447,0.0,XGBoost,angle_engineered,12
AF,LOFO,1,1ALG8HA,P_over_HA,4,0.2127014607974447,0.0,XGBoost,angle_engineered,12
AF,LOFO,1,1ALG8HA,P_over_HA,5,0.2127014607974447,0.0,XGBoost,angle_engineered,12
AF,LOFO,1,1ALG8HA,P_over_HA,6,0.2127014607974447,0.0,XGBoost,angle_engineered,12
AF,LOFO,1,1ALG8HA,P_over_HA,7,0.2127014607974447,0.0,XGBoost,angle_engineered,12
AF,LOFO,1,1ALG8HA,P_over_HA,8,0.2127014607974447,0.0,XGBoost,angle_engineered,12
AF,LOFO,1,1ALG8HA,P_over_HA,9,0.2127014607974447,0.0,XGBoost,angle_engineered,12
AF,LOFO,1,1ALG8HA,P_over_HA,10,0.2127014607974447,0.0,XGBoost,angle_engineered,12
AF,LOFO,1,1ALG8HA,Alg_x_HA,1,0.2127014607974447,0.0,XGBoost,angle_engineered,12
AF,LOFO,1,1ALG8HA,Alg_x_HA,2,0.2127014607974447,0.0,XGBoost,angle_engineered,12
AF,LOFO,1,1ALG8HA,Alg_x_HA,3,0.2127014607974447,0.0,XGBoost,angle_engineered,12
AF,LOFO,1,1ALG8HA,Alg_x_HA,4,0.2127014607974447,0.0,XGBoost,angle_engineered,12
AF,LOFO,1,1ALG8HA,Alg_x_HA,5,0.2127014607974447,0.0,XGBoost,angle_engineered,12
AF,LOFO,1,1ALG8HA,Alg_x_HA,6,0.2127014607974447,0.0,XGBoost,angle_engineered,12
AF,LOFO,1,1ALG8HA,Alg_x_HA,7,0.2127014607974447,0.0,XGBoost,angle_engineered,12
AF,LOFO,1,1ALG8HA,Alg_x_HA,8,0.2127014607974447,0.0,XGBoost,angle_engineered,12
AF,LOFO,1,1ALG8HA,Alg_x_HA,9,0.2127014607974447,0.0,XGBoost,angle_engineered,12
AF,LOFO,1,1ALG8HA,Alg_x_HA,10,0.2127014607974447,0.0,XGBoost,angle_engineered,12
AF,LOFO,1,1ALG8HA,Alg_x_P,1,0.2127014607974447,0.0,XGBoost,angle_engineered,12
AF,LOFO,1,1ALG8HA,Alg_x_P,2,0.2127014607974447,0.0,XGBoost,angle_engineered,12
AF,LOFO,1,1ALG8HA,Alg_x_P,3,0.2127014607974447,0.0,XGBoost,angle_engineered,12
AF,LOFO,1,1ALG8HA,Alg_x_P,4,0.2127014607974447,0.0,XGBoost,angle_engineered,12
AF,LOFO,1,1ALG8HA,Alg_x_P,5,0.2127014607974447,0.0,XGBoost,angle_engineered,12
AF,LOFO,1,1ALG8HA,Alg_x_P,6,0.2127014607974447,0.0,XGBoost,angle_engineered,12
AF,LOFO,1,1ALG8HA,Alg_x_P,7,0.2127014607974447,0.0,XGBoost,angle_engineered,12
AF,LOFO,1,1ALG8HA,Alg_x_P,8,0.2127014607974447,0.0,XGBoost,angle_engineered,12
AF,LOFO,1,1ALG8HA,Alg_x_P,9,0.2127014607974447,0.0,XGBoost,angle_engineered,12
AF,LOFO,1,1ALG8HA,Alg_x_P,10,0.2127014607974447,0.0,XGBoost,angle_engineered,12
AF,LOFO,1,1ALG8HA,HA_x_P,1,0.2127014607974447,0.0,XGBoost,angle_engineered,12
AF,LOFO,1,1ALG8HA,HA_x_P,2,0.2127014607974447,0.0,XGBoost,angle_engineered,12
AF,LOFO,1,1ALG8HA,HA_x_P,3,0.2127014607974447,0.0,XGBoost,angle_engineered,12
AF,LOFO,1,1ALG8HA,HA_x_P,4,0.2127014607974447,0.0,XGBoost,angle_engineered,12
AF,LOFO,1,1ALG8HA,HA_x_P,5,0.2127014607974447,0.0,XGBoost,angle_engineered,12
AF,LOFO,1,1ALG8HA,HA_x_P,6,0.2127014607974447,0.0,XGBoost,angle_engineered,12
AF,LOFO,1,1ALG8HA,HA_x_P,7,0.2127014607974447,0.0,XGBoost,angle_engineered,12
AF,LOFO,1,1ALG8HA,HA_x_P,8,0.2127014607974447,0.0,XGBoost,angle_engineered,12
AF,LOFO,1,1ALG8HA,HA_x_P,9,0.2127014607974447,0.0,XGBoost,angle_engineered,12
AF,LOFO,1,1ALG8HA,HA_x_P,10,0.2127014607974447,0.0,XGBoost,angle_engineered,12
AF,LOFO,1,1ALG8HA,TP_x_P,1,0.2127014607974447,0.0013732345120270883,XGBoost,angle_engineered,12
AF,LOFO,1,1ALG8HA,TP_x_P,2,0.2127014607974447,0.0007738884000839108,XGBoost,angle_engineered,12
AF,LOFO,1,1ALG8HA,TP_x_P,3,0.2127014607974447,0.0005284069309882955,XGBoost,angle_engineered,12
AF,LOFO,1,1ALG8HA,TP_x_P,4,0.2127014607974447,-0.00027880592847454033,XGBoost,angle_engineered,12
AF,LOFO,1,1ALG8HA,TP_x_P,5,0.2127014607974447,0.0011262869092613093,XGBoost,angle_engineered,12
AF,LOFO,1,1ALG8HA,TP_x_P,6,0.2127014607974447,0.0007392169665660087,XGBoost,angle_engineered,12
AF,LOFO,1,1ALG8HA,TP_x_P,7,0.2127014607974447,0.000963556925207748,XGBoost,angle_engineered,12
AF,LOFO,1,1ALG8HA,TP_x_P,8,0.2127014607974447,-0.0021231165028090526,XGBoost,angle_engineered,12
AF,LOFO,1,1ALG8HA,TP_x_P,9,0.2127014607974447,2.491858493447463e-05,XGBoost,angle_engineered,12
AF,LOFO,1,1ALG8HA,TP_x_P,10,0.2127014607974447,-0.0007479693917951946,XGBoost,angle_engineered,12
AF,LOFO,1,1ALG8HA,HF_x_P,1,0.2127014607974447,0.0,XGBoost,angle_engineered,12
AF,LOFO,1,1ALG8HA,HF_x_P,2,0.2127014607974447,0.0,XGBoost,angle_engineered,12
AF,LOFO,1,1ALG8HA,HF_x_P,3,0.2127014607974447,0.0,XGBoost,angle_engineered,12
AF,LOFO,1,1ALG8HA,HF_x_P,4,0.2127014607974447,0.0,XGBoost,angle_engineered,12
AF,LOFO,1,1ALG8HA,HF_x_P,5,0.2127014607974447,0.0,XGBoost,angle_engineered,12
AF,LOFO,1,1ALG8HA,HF_x_P,6,0.2127014607974447,0.0,XGBoost,angle_engineered,12
AF,LOFO,1,1ALG8HA,HF_x_P,7,0.2127014607974447,0.0,XGBoost,angle_engineered,12
AF,LOFO,1,1ALG8HA,HF_x_P,8,0.2127014607974447,0.0,XGBoost,angle_engineered,12
AF,LOFO,1,1ALG8HA,HF_x_P,9,0.2127014607974447,0.0,XGBoost,angle_engineered,12
AF,LOFO,1,1ALG8HA,HF_x_P,10,0.2127014607974447,0.0,XGBoost,angle_engineered,12
AF,LOFO,1,1ALG8HA,Angle_deg,1,0.2127014607974447,0.13310223987992673,XGBoost,angle_engineered,12
AF,LOFO,1,1ALG8HA,Angle_deg,2,0.2127014607974447,0.09451672726122703,XGBoost,angle_engineered,12
AF,LOFO,1,1ALG8HA,Angle_deg,3,0.2127014607974447,0.15314527667413055,XGBoost,angle_engineered,12
AF,LOFO,1,1ALG8HA,Angle_deg,4,0.2127014607974447,0.26485729214325393,XGBoost,angle_engineered,12
AF,LOFO,1,1ALG8HA,Angle_deg,5,0.2127014607974447,0.127857148369293,XGBoost,angle_engineered,12
AF,LOFO,1,1ALG8HA,Angle_deg,6,0.2127014607974447,0.22067578137295704,XGBoost,angle_engineered,12
AF,LOFO,1,1ALG8HA,Angle_deg,7,0.2127014607974447,0.10697333513669952,XGBoost,angle_engineered,12
AF,LOFO,1,1ALG8HA,Angle_deg,8,0.2127014607974447,0.2780256741567082,XGBoost,angle_engineered,12
AF,LOFO,1,1ALG8HA,Angle_deg,9,0.2127014607974447,0.1572073594170911,XGBoost,angle_engineered,12
AF,LOFO,1,1ALG8HA,Angle_deg,10,0.2127014607974447,0.2201222734243953,XGBoost,angle_engineered,12
AF,LOFO,1,1ALG8HA,P_x_Angle,1,0.2127014607974447,-0.010427393557944226,XGBoost,angle_engineered,12
AF,LOFO,1,1ALG8HA,P_x_Angle,2,0.2127014607974447,-0.04004607090203016,XGBoost,angle_engineered,12
AF,LOFO,1,1ALG8HA,P_x_Angle,3,0.2127014607974447,-0.04719602896500294,XGBoost,angle_engineered,12
AF,LOFO,1,1ALG8HA,P_x_Angle,4,0.2127014607974447,-0.012067395933648806,XGBoost,angle_engineered,12
AF,LOFO,1,1ALG8HA,P_x_Angle,5,0.2127014607974447,-0.00589561726849025,XGBoost,angle_engineered,12
AF,LOFO,1,1ALG8HA,P_x_Angle,6,0.2127014607974447,-0.016751990967496827,XGBoost,angle_engineered,12
AF,LOFO,1,1ALG8HA,P_x_Angle,7,0.2127014607974447,-0.005695539405405681,XGBoost,angle_engineered,12
AF,LOFO,1,1ALG8HA,P_x_Angle,8,0.2127014607974447,-0.020602512519814348,XGBoost,angle_engineered,12
AF,LOFO,1,1ALG8HA,P_x_Angle,9,0.2127014607974447,-0.03939097419103649,XGBoost,angle_engineered,12
AF,LOFO,1,1ALG8HA,P_x_Angle,10,0.2127014607974447,-0.013519197505799968,XGBoost,angle_engineered,12
AF,LOFO,1,1ALG8HA,Alg_x_Angle,1,0.2127014607974447,0.0,XGBoost,angle_engineered,12
AF,LOFO,1,1ALG8HA,Alg_x_Angle,2,0.2127014607974447,0.0,XGBoost,angle_engineered,12
AF,LOFO,1,1ALG8HA,Alg_x_Angle,3,0.2127014607974447,0.0,XGBoost,angle_engineered,12
AF,LOFO,1,1ALG8HA,Alg_x_Angle,4,0.2127014607974447,0.0,XGBoost,angle_engineered,12
AF,LOFO,1,1ALG8HA,Alg_x_Angle,5,0.2127014607974447,0.0,XGBoost,angle_engineered,12
AF,LOFO,1,1ALG8HA,Alg_x_Angle,6,0.2127014607974447,0.0,XGBoost,angle_engineered,12
AF,LOFO,1,1ALG8HA,Alg_x_Angle,7,0.2127014607974447,0.0,XGBoost,angle_engineered,12
AF,LOFO,1,1ALG8HA,Alg_x_Angle,8,0.2127014607974447,0.0,XGBoost,angle_engineered,12
AF,LOFO,1,1ALG8HA,Alg_x_Angle,9,0.2127014607974447,0.0,XGBoost,angle_engineered,12
AF,LOFO,1,1ALG8HA,Alg_x_Angle,10,0.2127014607974447,0.0,XGBoost,angle_engineered,12
AF,LOFO,1,1ALG8HA,HA_x_Angle,1,0.2127014607974447,0.0,XGBoost,angle_engineered,12
AF,LOFO,1,1ALG8HA,HA_x_Angle,2,0.2127014607974447,0.0,XGBoost,angle_engineered,12
AF,LOFO,1,1ALG8HA,HA_x_Angle,3,0.2127014607974447,0.0,XGBoost,angle_engineered,12
AF,LOFO,1,1ALG8HA,HA_x_Angle,4,0.2127014607974447,0.0,XGBoost,angle_engineered,12
AF,LOFO,1,1ALG8HA,HA_x_Angle,5,0.2127014607974447,0.0,XGBoost,angle_engineered,12
AF,LOFO,1,1ALG8HA,HA_x_Angle,6,0.2127014607974447,0.0,XGBoost,angle_engineered,12
AF,LOFO,1,1ALG8HA,HA_x_Angle,7,0.2127014607974447,0.0,XGBoost,angle_engineered,12
AF,LOFO,1,1ALG8HA,HA_x_Angle,8,0.2127014607974447,0.0,XGBoost,angle_engineered,12
AF,LOFO,1,1ALG8HA,HA_x_Angle,9,0.2127014607974447,0.0,XGBoost,angle_engineered,12
AF,LOFO,1,1ALG8HA,HA_x_Angle,10,0.2127014607974447,0.0,XGBoost,angle_engineered,12
AF,LOFO,1,1ALG8HA,TP_x_Angle,1,0.2127014607974447,-0.011321371273694397,XGBoost,angle_engineered,12
AF,LOFO,1,1ALG8HA,TP_x_Angle,2,0.2127014607974447,-0.007387873765836883,XGBoost,angle_engineered,12
AF,LOFO,1,1ALG8HA,TP_x_Angle,3,0.2127014607974447,-0.010533993647870166,XGBoost,angle_engineered,12
AF,LOFO,1,1ALG8HA,TP_x_Angle,4,0.2127014607974447,0.010515379944804198,XGBoost,angle_engineered,12
AF,LOFO,1,1ALG8HA,TP_x_Angle,5,0.2127014607974447,-0.008026211324668214,XGBoost,angle_engineered,12
AF,LOFO,1,1ALG8HA,TP_x_Angle,6,0.2127014607974447,0.014149400925010519,XGBoost,angle_engineered,12
AF,LOFO,1,1ALG8HA,TP_x_Angle,7,0.2127014607974447,-0.011615167749065514,XGBoost,angle_engineered,12
AF,LOFO,1,1ALG8HA,TP_x_Angle,8,0.2127014607974447,0.008255057848920666,XGBoost,angle_engineered,12
AF,LOFO,1,1ALG8HA,TP_x_Angle,9,0.2127014607974447,-0.010352122677061953,XGBoost,angle_engineered,12
AF,LOFO,1,1ALG8HA,TP_x_Angle,10,0.2127014607974447,0.018217878969372492,XGBoost,angle_engineered,12
AF,LOFO,2,2ALG8HA,Alg_mg_ml,1,0.10435896228750921,0.0,XGBoost,angle_engineered,12
AF,LOFO,2,2ALG8HA,Alg_mg_ml,2,0.10435896228750921,0.0,XGBoost,angle_engineered,12
AF,LOFO,2,2ALG8HA,Alg_mg_ml,3,0.10435896228750921,0.0,XGBoost,angle_engineered,12
AF,LOFO,2,2ALG8HA,Alg_mg_ml,4,0.10435896228750921,0.0,XGBoost,angle_engineered,12
AF,LOFO,2,2ALG8HA,Alg_mg_ml,5,0.10435896228750921,0.0,XGBoost,angle_engineered,12
AF,LOFO,2,2ALG8HA,Alg_mg_ml,6,0.10435896228750921,0.0,XGBoost,angle_engineered,12
AF,LOFO,2,2ALG8HA,Alg_mg_ml,7,0.10435896228750921,0.0,XGBoost,angle_engineered,12
AF,LOFO,2,2ALG8HA,Alg_mg_ml,8,0.10435896228750921,0.0,XGBoost,angle_engineered,12
AF,LOFO,2,2ALG8HA,Alg_mg_ml,9,0.10435896228750921,0.0,XGBoost,angle_engineered,12
AF,LOFO,2,2ALG8HA,Alg_mg_ml,10,0.10435896228750921,0.0,XGBoost,angle_engineered,12
AF,LOFO,2,2ALG8HA,HA_mg_ml,1,0.10435896228750921,0.0,XGBoost,angle_engineered,12
AF,LOFO,2,2ALG8HA,HA_mg_ml,2,0.10435896228750921,0.0,XGBoost,angle_engineered,12
AF,LOFO,2,2ALG8HA,HA_mg_ml,3,0.10435896228750921,0.0,XGBoost,angle_engineered,12
AF,LOFO,2,2ALG8HA,HA_mg_ml,4,0.10435896228750921,0.0,XGBoost,angle_engineered,12
AF,LOFO,2,2ALG8HA,HA_mg_ml,5,0.10435896228750921,0.0,XGBoost,angle_engineered,12
AF,LOFO,2,2ALG8HA,HA_mg_ml,6,0.10435896228750921,0.0,XGBoost,angle_engineered,12
AF,LOFO,2,2ALG8HA,HA_mg_ml,7,0.10435896228750921,0.0,XGBoost,angle_engineered,12
AF,LOFO,2,2ALG8HA,HA_mg_ml,8,0.10435896228750921,0.0,XGBoost,angle_engineered,12
AF,LOFO,2,2ALG8HA,HA_mg_ml,9,0.10435896228750921,0.0,XGBoost,angle_engineered,12
AF,LOFO,2,2ALG8HA,HA_mg_ml,10,0.10435896228750921,0.0,XGBoost,angle_engineered,12
AF,LOFO,2,2ALG8HA,Pressure_kPa,1,0.10435896228750921,-0.02359455874754167,XGBoost,angle_engineered,12
AF,LOFO,2,2ALG8HA,Pressure_kPa,2,0.10435896228750921,0.008351580124872887,XGBoost,angle_engineered,12
AF,LOFO,2,2ALG8HA,Pressure_kPa,3,0.10435896228750921,-0.0010644856026150867,XGBoost,angle_engineered,12
AF,LOFO,2,2ALG8HA,Pressure_kPa,4,0.10435896228750921,-0.013565694021819744,XGBoost,angle_engineered,12
AF,LOFO,2,2ALG8HA,Pressure_kPa,5,0.10435896228750921,-0.023231036084454357,XGBoost,angle_engineered,12
AF,LOFO,2,2ALG8HA,Pressure_kPa,6,0.10435896228750921,-0.023503793361201536,XGBoost,angle_engineered,12
AF,LOFO,2,2ALG8HA,Pressure_kPa,7,0.10435896228750921,0.006554874827093271,XGBoost,angle_engineered,12
AF,LOFO,2,2ALG8HA,Pressure_kPa,8,0.10435896228750921,0.007216298908748239,XGBoost,angle_engineered,12
AF,LOFO,2,2ALG8HA,Pressure_kPa,9,0.10435896228750921,-0.03808276294479643,XGBoost,angle_engineered,12
AF,LOFO,2,2ALG8HA,Pressure_kPa,10,0.10435896228750921,-0.0008851755392846467,XGBoost,angle_engineered,12
AF,LOFO,2,2ALG8HA,TP,1,0.10435896228750921,0.0,XGBoost,angle_engineered,12
AF,LOFO,2,2ALG8HA,TP,2,0.10435896228750921,0.0,XGBoost,angle_engineered,12
AF,LOFO,2,2ALG8HA,TP,3,0.10435896228750921,0.0,XGBoost,angle_engineered,12
AF,LOFO,2,2ALG8HA,TP,4,0.10435896228750921,0.0,XGBoost,angle_engineered,12
AF,LOFO,2,2ALG8HA,TP,5,0.10435896228750921,0.0,XGBoost,angle_engineered,12
AF,LOFO,2,2ALG8HA,TP,6,0.10435896228750921,0.0,XGBoost,angle_engineered,12
AF,LOFO,2,2ALG8HA,TP,7,0.10435896228750921,0.0,XGBoost,angle_engineered,12
AF,LOFO,2,2ALG8HA,TP,8,0.10435896228750921,0.0,XGBoost,angle_engineered,12
AF,LOFO,2,2ALG8HA,TP,9,0.10435896228750921,0.0,XGBoost,angle_engineered,12
AF,LOFO,2,2ALG8HA,TP,10,0.10435896228750921,0.0,XGBoost,angle_engineered,12
AF,LOFO,2,2ALG8HA,HF,1,0.10435896228750921,0.0,XGBoost,angle_engineered,12
AF,LOFO,2,2ALG8HA,HF,2,0.10435896228750921,0.0,XGBoost,angle_engineered,12
AF,LOFO,2,2ALG8HA,HF,3,0.10435896228750921,0.0,XGBoost,angle_engineered,12
AF,LOFO,2,2ALG8HA,HF,4,0.10435896228750921,0.0,XGBoost,angle_engineered,12
AF,LOFO,2,2ALG8HA,HF,5,0.10435896228750921,0.0,XGBoost,angle_engineered,12
AF,LOFO,2,2ALG8HA,HF,6,0.10435896228750921,0.0,XGBoost,angle_engineered,12
AF,LOFO,2,2ALG8HA,HF,7,0.10435896228750921,0.0,XGBoost,angle_engineered,12
AF,LOFO,2,2ALG8HA,HF,8,0.10435896228750921,0.0,XGBoost,angle_engineered,12
AF,LOFO,2,2ALG8HA,HF,9,0.10435896228750921,0.0,XGBoost,angle_engineered,12
AF,LOFO,2,2ALG8HA,HF,10,0.10435896228750921,0.0,XGBoost,angle_engineered,12
AF,LOFO,2,2ALG8HA,Alg_HA_ratio_safe,1,0.10435896228750921,0.0,XGBoost,angle_engineered,12
AF,LOFO,2,2ALG8HA,Alg_HA_ratio_safe,2,0.10435896228750921,0.0,XGBoost,angle_engineered,12
AF,LOFO,2,2ALG8HA,Alg_HA_ratio_safe,3,0.10435896228750921,0.0,XGBoost,angle_engineered,12
AF,LOFO,2,2ALG8HA,Alg_HA_ratio_safe,4,0.10435896228750921,0.0,XGBoost,angle_engineered,12
AF,LOFO,2,2ALG8HA,Alg_HA_ratio_safe,5,0.10435896228750921,0.0,XGBoost,angle_engineered,12
AF,LOFO,2,2ALG8HA,Alg_HA_ratio_safe,6,0.10435896228750921,0.0,XGBoost,angle_engineered,12
AF,LOFO,2,2ALG8HA,Alg_HA_ratio_safe,7,0.10435896228750921,0.0,XGBoost,angle_engineered,12
AF,LOFO,2,2ALG8HA,Alg_HA_ratio_safe,8,0.10435896228750921,0.0,XGBoost,angle_engineered,12
AF,LOFO,2,2ALG8HA,Alg_HA_ratio_safe,9,0.10435896228750921,0.0,XGBoost,angle_engineered,12
AF,LOFO,2,2ALG8HA,Alg_HA_ratio_safe,10,0.10435896228750921,0.0,XGBoost,angle_engineered,12
AF,LOFO,2,2ALG8HA,P_over_TP,1,0.10435896228750921,-0.00487105162288326,XGBoost,angle_engineered,12
AF,LOFO,2,2ALG8HA,P_over_TP,2,0.10435896228750921,-0.00044510487010519795,XGBoost,angle_engineered,12
AF,LOFO,2,2ALG8HA,P_over_TP,3,0.10435896228750921,-0.007360942228193987,XGBoost,angle_engineered,12
AF,LOFO,2,2ALG8HA,P_over_TP,4,0.10435896228750921,-0.009157124130722255,XGBoost,angle_engineered,12
AF,LOFO,2,2ALG8HA,P_over_TP,5,0.10435896228750921,-0.004465702945732439,XGBoost,angle_engineered,12
AF,LOFO,2,2ALG8HA,P_over_TP,6,0.10435896228750921,-0.00519504502047706,XGBoost,angle_engineered,12
AF,LOFO,2,2ALG8HA,P_over_TP,7,0.10435896228750921,-0.012814325011957436,XGBoost,angle_engineered,12
AF,LOFO,2,2ALG8HA,P_over_TP,8,0.10435896228750921,-0.008324048931642986,XGBoost,angle_engineered,12
AF,LOFO,2,2ALG8HA,P_over_TP,9,0.10435896228750921,-0.0071919585075659875,XGBoost,angle_engineered,12
AF,LOFO,2,2ALG8HA,P_over_TP,10,0.10435896228750921,-0.005289014806074091,XGBoost,angle_engineered,12
AF,LOFO,2,2ALG8HA,P_over_Alg,1,0.10435896228750921,-2.9467289667337027e-05,XGBoost,angle_engineered,12
AF,LOFO,2,2ALG8HA,P_over_Alg,2,0.10435896228750921,0.01518482766187651,XGBoost,angle_engineered,12
AF,LOFO,2,2ALG8HA,P_over_Alg,3,0.10435896228750921,0.006104230218655499,XGBoost,angle_engineered,12
AF,LOFO,2,2ALG8HA,P_over_Alg,4,0.10435896228750921,-0.010124728140396208,XGBoost,angle_engineered,12
AF,LOFO,2,2ALG8HA,P_over_Alg,5,0.10435896228750921,-0.026477222110232998,XGBoost,angle_engineered,12
AF,LOFO,2,2ALG8HA,P_over_Alg,6,0.10435896228750921,-0.027108025846541733,XGBoost,angle_engineered,12
AF,LOFO,2,2ALG8HA,P_over_Alg,7,0.10435896228750921,0.016466454784186582,XGBoost,angle_engineered,12
AF,LOFO,2,2ALG8HA,P_over_Alg,8,0.10435896228750921,0.012900712401963416,XGBoost,angle_engineered,12
AF,LOFO,2,2ALG8HA,P_over_Alg,9,0.10435896228750921,-0.011728136760556201,XGBoost,angle_engineered,12
AF,LOFO,2,2ALG8HA,P_over_Alg,10,0.10435896228750921,-0.00016300129866746171,XGBoost,angle_engineered,12
AF,LOFO,2,2ALG8HA,P_over_HA,1,0.10435896228750921,0.001957627939166387,XGBoost,angle_engineered,12
AF,LOFO,2,2ALG8HA,P_over_HA,2,0.10435896228750921,-0.0013490847470847833,XGBoost,angle_engineered,12
AF,LOFO,2,2ALG8HA,P_over_HA,3,0.10435896228750921,-0.0034981473778968597,XGBoost,angle_engineered,12
AF,LOFO,2,2ALG8HA,P_over_HA,4,0.10435896228750921,0.008515248310383722,XGBoost,angle_engineered,12
AF,LOFO,2,2ALG8HA,P_over_HA,5,0.10435896228750921,0.009318744523322084,XGBoost,angle_engineered,12
AF,LOFO,2,2ALG8HA,P_over_HA,6,0.10435896228750921,0.010618460064334076,XGBoost,angle_engineered,12
AF,LOFO,2,2ALG8HA,P_over_HA,7,0.10435896228750921,-0.002945998526723295,XGBoost,angle_engineered,12
AF,LOFO,2,2ALG8HA,P_over_HA,8,0.10435896228750921,0.0003660434482333913,XGBoost,angle_engineered,12
AF,LOFO,2,2ALG8HA,P_over_HA,9,0.10435896228750921,0.006940647482876233,XGBoost,angle_engineered,12
AF,LOFO,2,2ALG8HA,P_over_HA,10,0.10435896228750921,0.0038021436962993593,XGBoost,angle_engineered,12
AF,LOFO,2,2ALG8HA,Alg_x_HA,1,0.10435896228750921,0.0,XGBoost,angle_engineered,12
AF,LOFO,2,2ALG8HA,Alg_x_HA,2,0.10435896228750921,0.0,XGBoost,angle_engineered,12
AF,LOFO,2,2ALG8HA,Alg_x_HA,3,0.10435896228750921,0.0,XGBoost,angle_engineered,12
AF,LOFO,2,2ALG8HA,Alg_x_HA,4,0.10435896228750921,0.0,XGBoost,angle_engineered,12
AF,LOFO,2,2ALG8HA,Alg_x_HA,5,0.10435896228750921,0.0,XGBoost,angle_engineered,12
AF,LOFO,2,2ALG8HA,Alg_x_HA,6,0.10435896228750921,0.0,XGBoost,angle_engineered,12
AF,LOFO,2,2ALG8HA,Alg_x_HA,7,0.10435896228750921,0.0,XGBoost,angle_engineered,12
AF,LOFO,2,2ALG8HA,Alg_x_HA,8,0.10435896228750921,0.0,XGBoost,angle_engineered,12
AF,LOFO,2,2ALG8HA,Alg_x_HA,9,0.10435896228750921,0.0,XGBoost,angle_engineered,12
AF,LOFO,2,2ALG8HA,Alg_x_HA,10,0.10435896228750921,0.0,XGBoost,angle_engineered,12
AF,LOFO,2,2ALG8HA,Alg_x_P,1,0.10435896228750921,0.00020685867602346364,XGBoost,angle_engineered,12
AF,LOFO,2,2ALG8HA,Alg_x_P,2,0.10435896228750921,-0.000644000915303089,XGBoost,angle_engineered,12
AF,LOFO,2,2ALG8HA,Alg_x_P,3,0.10435896228750921,-0.001211116817998098,XGBoost,angle_engineered,12
AF,LOFO,2,2ALG8HA,Alg_x_P,4,0.10435896228750921,0.002069557770399591,XGBoost,angle_engineered,12
AF,LOFO,2,2ALG8HA,Alg_x_P,5,0.10435896228750921,0.002332428883362145,XGBoost,angle_engineered,12
AF,LOFO,2,2ALG8HA,Alg_x_P,6,0.10435896228750921,0.0024462537972572834,XGBoost,angle_engineered,12
AF,LOFO,2,2ALG8HA,Alg_x_P,7,0.10435896228750921,-0.0010662588306480092,XGBoost,angle_engineered,12
AF,LOFO,2,2ALG8HA,Alg_x_P,8,0.10435896228750921,-0.00012170014686967157,XGBoost,angle_engineered,12
AF,LOFO,2,2ALG8HA,Alg_x_P,9,0.10435896228750921,0.0015238564940341787,XGBoost,angle_engineered,12
AF,LOFO,2,2ALG8HA,Alg_x_P,10,0.10435896228750921,0.000277507463683227,XGBoost,angle_engineered,12
AF,LOFO,2,2ALG8HA,HA_x_P,1,0.10435896228750921,0.000394572050124567,XGBoost,angle_engineered,12
AF,LOFO,2,2ALG8HA,HA_x_P,2,0.10435896228750921,-0.0006359516831691558,XGBoost,angle_engineered,12
AF,LOFO,2,2ALG8HA,HA_x_P,3,0.10435896228750921,-0.0016197964572622486,XGBoost,angle_engineered,12
AF,LOFO,2,2ALG8HA,HA_x_P,4,0.10435896228750921,0.00027247589771739467,XGBoost,angle_engineered,12
AF,LOFO,2,2ALG8HA,HA_x_P,5,0.10435896228750921,0.0002632033688017149,XGBoost,angle_engineered,12
AF,LOFO,2,2ALG8HA,HA_x_P,6,0.10435896228750921,0.0007229453518722145,XGBoost,angle_engineered,12
AF,LOFO,2,2ALG8HA,HA_x_P,7,0.10435896228750921,-0.0011477163155347025,XGBoost,angle_engineered,12
AF,LOFO,2,2ALG8HA,HA_x_P,8,0.10435896228750921,0.00016534505155320345,XGBoost,angle_engineered,12
AF,LOFO,2,2ALG8HA,HA_x_P,9,0.10435896228750921,0.00035152105214063256,XGBoost,angle_engineered,12
AF,LOFO,2,2ALG8HA,HA_x_P,10,0.10435896228750921,0.0007617177755091797,XGBoost,angle_engineered,12
AF,LOFO,2,2ALG8HA,TP_x_P,1,0.10435896228750921,0.0,XGBoost,angle_engineered,12
AF,LOFO,2,2ALG8HA,TP_x_P,2,0.10435896228750921,0.0,XGBoost,angle_engineered,12
AF,LOFO,2,2ALG8HA,TP_x_P,3,0.10435896228750921,0.0,XGBoost,angle_engineered,12
AF,LOFO,2,2ALG8HA,TP_x_P,4,0.10435896228750921,0.0,XGBoost,angle_engineered,12
AF,LOFO,2,2ALG8HA,TP_x_P,5,0.10435896228750921,0.0,XGBoost,angle_engineered,12
AF,LOFO,2,2ALG8HA,TP_x_P,6,0.10435896228750921,0.0,XGBoost,angle_engineered,12
AF,LOFO,2,2ALG8HA,TP_x_P,7,0.10435896228750921,0.0,XGBoost,angle_engineered,12
AF,LOFO,2,2ALG8HA,TP_x_P,8,0.10435896228750921,0.0,XGBoost,angle_engineered,12
AF,LOFO,2,2ALG8HA,TP_x_P,9,0.10435896228750921,0.0,XGBoost,angle_engineered,12
AF,LOFO,2,2ALG8HA,TP_x_P,10,0.10435896228750921,0.0,XGBoost,angle_engineered,12
AF,LOFO,2,2ALG8HA,HF_x_P,1,0.10435896228750921,-0.0007798726625670022,XGBoost,angle_engineered,12
AF,LOFO,2,2ALG8HA,HF_x_P,2,0.10435896228750921,0.00014119684089620999,XGBoost,angle_engineered,12
AF,LOFO,2,2ALG8HA,HF_x_P,3,0.10435896228750921,0.0003064490939589798,XGBoost,angle_engineered,12
AF,LOFO,2,2ALG8HA,HF_x_P,4,0.10435896228750921,-0.00033306414568162745,XGBoost,angle_engineered,12
AF,LOFO,2,2ALG8HA,HF_x_P,5,0.10435896228750921,-0.0007412941121313216,XGBoost,angle_engineered,12
AF,LOFO,2,2ALG8HA,HF_x_P,6,0.10435896228750921,-0.0007566687477929129,XGBoost,angle_engineered,12
AF,LOFO,2,2ALG8HA,HF_x_P,7,0.10435896228750921,0.00039694370084930597,XGBoost,angle_engineered,12
AF,LOFO,2,2ALG8HA,HF_x_P,8,0.10435896228750921,0.00012670189490433803,XGBoost,angle_engineered,12
AF,LOFO,2,2ALG8HA,HF_x_P,9,0.10435896228750921,-0.0012102373971132063,XGBoost,angle_engineered,12
AF,LOFO,2,2ALG8HA,HF_x_P,10,0.10435896228750921,-2.4672601734720967e-06,XGBoost,angle_engineered,12
AF,LOFO,2,2ALG8HA,Angle_deg,1,0.10435896228750921,0.19872442757730988,XGBoost,angle_engineered,12
AF,LOFO,2,2ALG8HA,Angle_deg,2,0.10435896228750921,0.19086657773240892,XGBoost,angle_engineered,12
AF,LOFO,2,2ALG8HA,Angle_deg,3,0.10435896228750921,0.21169924860564285,XGBoost,angle_engineered,12
AF,LOFO,2,2ALG8HA,Angle_deg,4,0.10435896228750921,0.1881850515516212,XGBoost,angle_engineered,12
AF,LOFO,2,2ALG8HA,Angle_deg,5,0.10435896228750921,0.1595281904623577,XGBoost,angle_engineered,12
AF,LOFO,2,2ALG8HA,Angle_deg,6,0.10435896228750921,0.18125451047490806,XGBoost,angle_engineered,12
AF,LOFO,2,2ALG8HA,Angle_deg,7,0.10435896228750921,0.20812720731847825,XGBoost,angle_engineered,12
AF,LOFO,2,2ALG8HA,Angle_deg,8,0.10435896228750921,0.2204161929236829,XGBoost,angle_engineered,12
AF,LOFO,2,2ALG8HA,Angle_deg,9,0.10435896228750921,0.23699829762434957,XGBoost,angle_engineered,12
AF,LOFO,2,2ALG8HA,Angle_deg,10,0.10435896228750921,0.05367410246202223,XGBoost,angle_engineered,12
AF,LOFO,2,2ALG8HA,P_x_Angle,1,0.10435896228750921,-0.02311507127041637,XGBoost,angle_engineered,12
AF,LOFO,2,2ALG8HA,P_x_Angle,2,0.10435896228750921,0.011756008568109669,XGBoost,angle_engineered,12
AF,LOFO,2,2ALG8HA,P_x_Angle,3,0.10435896228750921,0.007098366100577055,XGBoost,angle_engineered,12
AF,LOFO,2,2ALG8HA,P_x_Angle,4,0.10435896228750921,-0.024989129074057648,XGBoost,angle_engineered,12
AF,LOFO,2,2ALG8HA,P_x_Angle,5,0.10435896228750921,-0.022833802908856463,XGBoost,angle_engineered,12
AF,LOFO,2,2ALG8HA,P_x_Angle,6,0.10435896228750921,-0.017941787180905958,XGBoost,angle_engineered,12
AF,LOFO,2,2ALG8HA,P_x_Angle,7,0.10435896228750921,0.008365188525822784,XGBoost,angle_engineered,12
AF,LOFO,2,2ALG8HA,P_x_Angle,8,0.10435896228750921,-0.018007441647444403,XGBoost,angle_engineered,12
AF,LOFO,2,2ALG8HA,P_x_Angle,9,0.10435896228750921,-0.010881193156898977,XGBoost,angle_engineered,12
AF,LOFO,2,2ALG8HA,P_x_Angle,10,0.10435896228750921,-0.020058429915841086,XGBoost,angle_engineered,12
AF,LOFO,2,2ALG8HA,Alg_x_Angle,1,0.10435896228750921,0.0,XGBoost,angle_engineered,12
AF,LOFO,2,2ALG8HA,Alg_x_Angle,2,0.10435896228750921,0.0,XGBoost,angle_engineered,12
AF,LOFO,2,2ALG8HA,Alg_x_Angle,3,0.10435896228750921,0.0,XGBoost,angle_engineered,12
AF,LOFO,2,2ALG8HA,Alg_x_Angle,4,0.10435896228750921,0.0,XGBoost,angle_engineered,12
AF,LOFO,2,2ALG8HA,Alg_x_Angle,5,0.10435896228750921,0.0,XGBoost,angle_engineered,12
AF,LOFO,2,2ALG8HA,Alg_x_Angle,6,0.10435896228750921,0.0,XGBoost,angle_engineered,12
AF,LOFO,2,2ALG8HA,Alg_x_Angle,7,0.10435896228750921,0.0,XGBoost,angle_engineered,12
AF,LOFO,2,2ALG8HA,Alg_x_Angle,8,0.10435896228750921,0.0,XGBoost,angle_engineered,12
AF,LOFO,2,2ALG8HA,Alg_x_Angle,9,0.10435896228750921,0.0,XGBoost,angle_engineered,12
AF,LOFO,2,2ALG8HA,Alg_x_Angle,10,0.10435896228750921,0.0,XGBoost,angle_engineered,12
AF,LOFO,2,2ALG8HA,HA_x_Angle,1,0.10435896228750921,0.00041159317592713573,XGBoost,angle_engineered,12
AF,LOFO,2,2ALG8HA,HA_x_Angle,2,0.10435896228750921,-6.437647061520446e-05,XGBoost,angle_engineered,12
AF,LOFO,2,2ALG8HA,HA_x_Angle,3,0.10435896228750921,4.805884867632726e-05,XGBoost,angle_engineered,12
AF,LOFO,2,2ALG8HA,HA_x_Angle,4,0.10435896228750921,0.00037221299604056624,XGBoost,angle_engineered,12
AF,LOFO,2,2ALG8HA,HA_x_Angle,5,0.10435896228750921,0.00037077733971405125,XGBoost,angle_engineered,12
AF,LOFO,2,2ALG8HA,HA_x_Angle,6,0.10435896228750921,0.0003136778966233711,XGBoost,angle_engineered,12
AF,LOFO,2,2ALG8HA,HA_x_Angle,7,0.10435896228750921,8.55016234393019e-05,XGBoost,angle_engineered,12
AF,LOFO,2,2ALG8HA,HA_x_Angle,8,0.10435896228750921,0.00040784360169254796,XGBoost,angle_engineered,12
AF,LOFO,2,2ALG8HA,HA_x_Angle,9,0.10435896228750921,0.00028795678097852384,XGBoost,angle_engineered,12
AF,LOFO,2,2ALG8HA,HA_x_Angle,10,0.10435896228750921,0.0002446681967884917,XGBoost,angle_engineered,12
AF,LOFO,2,2ALG8HA,TP_x_Angle,1,0.10435896228750921,-0.000857364876480346,XGBoost,angle_engineered,12
AF,LOFO,2,2ALG8HA,TP_x_Angle,2,0.10435896228750921,0.02975244302498023,XGBoost,angle_engineered,12
AF,LOFO,2,2ALG8HA,TP_x_Angle,3,0.10435896228750921,0.02893107864894484,XGBoost,angle_engineered,12
AF,LOFO,2,2ALG8HA,TP_x_Angle,4,0.10435896228750921,-0.003133395628432678,XGBoost,angle_engineered,12
AF,LOFO,2,2ALG8HA,TP_x_Angle,5,0.10435896228750921,-0.017537165797825577,XGBoost,angle_engineered,12
AF,LOFO,2,2ALG8HA,TP_x_Angle,6,0.10435896228750921,0.00701699589905444,XGBoost,angle_engineered,12
AF,LOFO,2,2ALG8HA,TP_x_Angle,7,0.10435896228750921,0.02762843890720018,XGBoost,angle_engineered,12
AF,LOFO,2,2ALG8HA,TP_x_Angle,8,0.10435896228750921,0.0005632256486652193,XGBoost,angle_engineered,12
AF,LOFO,2,2ALG8HA,TP_x_Angle,9,0.10435896228750921,0.014211922962102427,XGBoost,angle_engineered,12
AF,LOFO,2,2ALG8HA,TP_x_Angle,10,0.10435896228750921,-0.02484212462561536,XGBoost,angle_engineered,12
AF,LOFO,3,4ALG4HA,Alg_mg_ml,1,0.16830317186114097,0.0,XGBoost,angle_engineered,12
AF,LOFO,3,4ALG4HA,Alg_mg_ml,2,0.16830317186114097,0.0,XGBoost,angle_engineered,12
AF,LOFO,3,4ALG4HA,Alg_mg_ml,3,0.16830317186114097,0.0,XGBoost,angle_engineered,12
AF,LOFO,3,4ALG4HA,Alg_mg_ml,4,0.16830317186114097,0.0,XGBoost,angle_engineered,12
AF,LOFO,3,4ALG4HA,Alg_mg_ml,5,0.16830317186114097,0.0,XGBoost,angle_engineered,12
AF,LOFO,3,4ALG4HA,Alg_mg_ml,6,0.16830317186114097,0.0,XGBoost,angle_engineered,12
AF,LOFO,3,4ALG4HA,Alg_mg_ml,7,0.16830317186114097,0.0,XGBoost,angle_engineered,12
AF,LOFO,3,4ALG4HA,Alg_mg_ml,8,0.16830317186114097,0.0,XGBoost,angle_engineered,12
AF,LOFO,3,4ALG4HA,Alg_mg_ml,9,0.16830317186114097,0.0,XGBoost,angle_engineered,12
AF,LOFO,3,4ALG4HA,Alg_mg_ml,10,0.16830317186114097,0.0,XGBoost,angle_engineered,12
AF,LOFO,3,4ALG4HA,HA_mg_ml,1,0.16830317186114097,0.0,XGBoost,angle_engineered,12
AF,LOFO,3,4ALG4HA,HA_mg_ml,2,0.16830317186114097,0.0,XGBoost,angle_engineered,12
AF,LOFO,3,4ALG4HA,HA_mg_ml,3,0.16830317186114097,0.0,XGBoost,angle_engineered,12
AF,LOFO,3,4ALG4HA,HA_mg_ml,4,0.16830317186114097,0.0,XGBoost,angle_engineered,12
AF,LOFO,3,4ALG4HA,HA_mg_ml,5,0.16830317186114097,0.0,XGBoost,angle_engineered,12
AF,LOFO,3,4ALG4HA,HA_mg_ml,6,0.16830317186114097,0.0,XGBoost,angle_engineered,12
AF,LOFO,3,4ALG4HA,HA_mg_ml,7,0.16830317186114097,0.0,XGBoost,angle_engineered,12
AF,LOFO,3,4ALG4HA,HA_mg_ml,8,0.16830317186114097,0.0,XGBoost,angle_engineered,12
AF,LOFO,3,4ALG4HA,HA_mg_ml,9,0.16830317186114097,0.0,XGBoost,angle_engineered,12
AF,LOFO,3,4ALG4HA,HA_mg_ml,10,0.16830317186114097,0.0,XGBoost,angle_engineered,12
AF,LOFO,3,4ALG4HA,Pressure_kPa,1,0.16830317186114097,-0.0038625216345629376,XGBoost,angle_engineered,12
AF,LOFO,3,4ALG4HA,Pressure_kPa,2,0.16830317186114097,-0.0032477259084039978,XGBoost,angle_engineered,12
AF,LOFO,3,4ALG4HA,Pressure_kPa,3,0.16830317186114097,-0.0027389564028452995,XGBoost,angle_engineered,12
AF,LOFO,3,4ALG4HA,Pressure_kPa,4,0.16830317186114097,0.0007511214505702968,XGBoost,angle_engineered,12
AF,LOFO,3,4ALG4HA,Pressure_kPa,5,0.16830317186114097,0.0021356954051222066,XGBoost,angle_engineered,12
AF,LOFO,3,4ALG4HA,Pressure_kPa,6,0.16830317186114097,-0.001325440327245353,XGBoost,angle_engineered,12
AF,LOFO,3,4ALG4HA,Pressure_kPa,7,0.16830317186114097,0.0005380659782037722,XGBoost,angle_engineered,12
AF,LOFO,3,4ALG4HA,Pressure_kPa,8,0.16830317186114097,-0.0014874132747206836,XGBoost,angle_engineered,12
AF,LOFO,3,4ALG4HA,Pressure_kPa,9,0.16830317186114097,0.002225304897923719,XGBoost,angle_engineered,12
AF,LOFO,3,4ALG4HA,Pressure_kPa,10,0.16830317186114097,-0.00324223972890314,XGBoost,angle_engineered,12
AF,LOFO,3,4ALG4HA,TP,1,0.16830317186114097,0.0,XGBoost,angle_engineered,12
AF,LOFO,3,4ALG4HA,TP,2,0.16830317186114097,0.0,XGBoost,angle_engineered,12
AF,LOFO,3,4ALG4HA,TP,3,0.16830317186114097,0.0,XGBoost,angle_engineered,12
AF,LOFO,3,4ALG4HA,TP,4,0.16830317186114097,0.0,XGBoost,angle_engineered,12
AF,LOFO,3,4ALG4HA,TP,5,0.16830317186114097,0.0,XGBoost,angle_engineered,12
AF,LOFO,3,4ALG4HA,TP,6,0.16830317186114097,0.0,XGBoost,angle_engineered,12
AF,LOFO,3,4ALG4HA,TP,7,0.16830317186114097,0.0,XGBoost,angle_engineered,12
AF,LOFO,3,4ALG4HA,TP,8,0.16830317186114097,0.0,XGBoost,angle_engineered,12
AF,LOFO,3,4ALG4HA,TP,9,0.16830317186114097,0.0,XGBoost,angle_engineered,12
AF,LOFO,3,4ALG4HA,TP,10,0.16830317186114097,0.0,XGBoost,angle_engineered,12
AF,LOFO,3,4ALG4HA,HF,1,0.16830317186114097,0.0,XGBoost,angle_engineered,12
AF,LOFO,3,4ALG4HA,HF,2,0.16830317186114097,0.0,XGBoost,angle_engineered,12
AF,LOFO,3,4ALG4HA,HF,3,0.16830317186114097,0.0,XGBoost,angle_engineered,12
AF,LOFO,3,4ALG4HA,HF,4,0.16830317186114097,0.0,XGBoost,angle_engineered,12
AF,LOFO,3,4ALG4HA,HF,5,0.16830317186114097,0.0,XGBoost,angle_engineered,12
AF,LOFO,3,4ALG4HA,HF,6,0.16830317186114097,0.0,XGBoost,angle_engineered,12
AF,LOFO,3,4ALG4HA,HF,7,0.16830317186114097,0.0,XGBoost,angle_engineered,12
AF,LOFO,3,4ALG4HA,HF,8,0.16830317186114097,0.0,XGBoost,angle_engineered,12
AF,LOFO,3,4ALG4HA,HF,9,0.16830317186114097,0.0,XGBoost,angle_engineered,12
AF,LOFO,3,4ALG4HA,HF,10,0.16830317186114097,0.0,XGBoost,angle_engineered,12
AF,LOFO,3,4ALG4HA,Alg_HA_ratio_safe,1,0.16830317186114097,0.0,XGBoost,angle_engineered,12
AF,LOFO,3,4ALG4HA,Alg_HA_ratio_safe,2,0.16830317186114097,0.0,XGBoost,angle_engineered,12
AF,LOFO,3,4ALG4HA,Alg_HA_ratio_safe,3,0.16830317186114097,0.0,XGBoost,angle_engineered,12
AF,LOFO,3,4ALG4HA,Alg_HA_ratio_safe,4,0.16830317186114097,0.0,XGBoost,angle_engineered,12
AF,LOFO,3,4ALG4HA,Alg_HA_ratio_safe,5,0.16830317186114097,0.0,XGBoost,angle_engineered,12
AF,LOFO,3,4ALG4HA,Alg_HA_ratio_safe,6,0.16830317186114097,0.0,XGBoost,angle_engineered,12
AF,LOFO,3,4ALG4HA,Alg_HA_ratio_safe,7,0.16830317186114097,0.0,XGBoost,angle_engineered,12
AF,LOFO,3,4ALG4HA,Alg_HA_ratio_safe,8,0.16830317186114097,0.0,XGBoost,angle_engineered,12
AF,LOFO,3,4ALG4HA,Alg_HA_ratio_safe,9,0.16830317186114097,0.0,XGBoost,angle_engineered,12
AF,LOFO,3,4ALG4HA,Alg_HA_ratio_safe,10,0.16830317186114097,0.0,XGBoost,angle_engineered,12
AF,LOFO,3,4ALG4HA,P_over_TP,1,0.16830317186114097,-0.0055632993641603345,XGBoost,angle_engineered,12
AF,LOFO,3,4ALG4HA,P_over_TP,2,0.16830317186114097,0.0009378353631435687,XGBoost,angle_engineered,12
AF,LOFO,3,4ALG4HA,P_over_TP,3,0.16830317186114097,-0.0029763317682284796,XGBoost,angle_engineered,12
AF,LOFO,3,4ALG4HA,P_over_TP,4,0.16830317186114097,-0.0036362606027507127,XGBoost,angle_engineered,12
AF,LOFO,3,4ALG4HA,P_over_TP,5,0.16830317186114097,0.008131861559160208,XGBoost,angle_engineered,12
AF,LOFO,3,4ALG4HA,P_over_TP,6,0.16830317186114097,0.0006782598109361382,XGBoost,angle_engineered,12
AF,LOFO,3,4ALG4HA,P_over_TP,7,0.16830317186114097,-0.0009390833765498263,XGBoost,angle_engineered,12
AF,LOFO,3,4ALG4HA,P_over_TP,8,0.16830317186114097,-0.0007402157870012305,XGBoost,angle_engineered,12
AF,LOFO,3,4ALG4HA,P_over_TP,9,0.16830317186114097,0.003286514518935524,XGBoost,angle_engineered,12
AF,LOFO,3,4ALG4HA,P_over_TP,10,0.16830317186114097,0.003022425160122605,XGBoost,angle_engineered,12
AF,LOFO,3,4ALG4HA,P_over_Alg,1,0.16830317186114097,0.006755552547500626,XGBoost,angle_engineered,12
AF,LOFO,3,4ALG4HA,P_over_Alg,2,0.16830317186114097,0.009443530807859007,XGBoost,angle_engineered,12
AF,LOFO,3,4ALG4HA,P_over_Alg,3,0.16830317186114097,0.005250338291539203,XGBoost,angle_engineered,12
AF,LOFO,3,4ALG4HA,P_over_Alg,4,0.16830317186114097,-0.0015237542526131687,XGBoost,angle_engineered,12
AF,LOFO,3,4ALG4HA,P_over_Alg,5,0.16830317186114097,-0.002680843418967238,XGBoost,angle_engineered,12
AF,LOFO,3,4ALG4HA,P_over_Alg,6,0.16830317186114097,0.004138709441180777,XGBoost,angle_engineered,12
AF,LOFO,3,4ALG4HA,P_over_Alg,7,0.16830317186114097,0.000984628039250146,XGBoost,angle_engineered,12
AF,LOFO,3,4ALG4HA,P_over_Alg,8,0.16830317186114097,0.002714112412641384,XGBoost,angle_engineered,12
AF,LOFO,3,4ALG4HA,P_over_Alg,9,0.16830317186114097,-0.0040456917433356054,XGBoost,angle_engineered,12
AF,LOFO,3,4ALG4HA,P_over_Alg,10,0.16830317186114097,0.007431072553679502,XGBoost,angle_engineered,12
AF,LOFO,3,4ALG4HA,P_over_HA,1,0.16830317186114097,0.0017928768695213149,XGBoost,angle_engineered,12
AF,LOFO,3,4ALG4HA,P_over_HA,2,0.16830317186114097,0.0011122463883681266,XGBoost,angle_engineered,12
AF,LOFO,3,4ALG4HA,P_over_HA,3,0.16830317186114097,0.0014346736964895301,XGBoost,angle_engineered,12
AF,LOFO,3,4ALG4HA,P_over_HA,4,0.16830317186114097,0.0019959697746962657,XGBoost,angle_engineered,12
AF,LOFO,3,4ALG4HA,P_over_HA,5,0.16830317186114097,3.2465911620482846e-06,XGBoost,angle_engineered,12
AF,LOFO,3,4ALG4HA,P_over_HA,6,0.16830317186114097,0.0017507216574702278,XGBoost,angle_engineered,12
AF,LOFO,3,4ALG4HA,P_over_HA,7,0.16830317186114097,0.001554999846691607,XGBoost,angle_engineered,12
AF,LOFO,3,4ALG4HA,P_over_HA,8,0.16830317186114097,0.0012787735590416294,XGBoost,angle_engineered,12
AF,LOFO,3,4ALG4HA,P_over_HA,9,0.16830317186114097,0.0022991525591432027,XGBoost,angle_engineered,12
AF,LOFO,3,4ALG4HA,P_over_HA,10,0.16830317186114097,0.00098528396170669,XGBoost,angle_engineered,12
AF,LOFO,3,4ALG4HA,Alg_x_HA,1,0.16830317186114097,0.0,XGBoost,angle_engineered,12
AF,LOFO,3,4ALG4HA,Alg_x_HA,2,0.16830317186114097,0.0,XGBoost,angle_engineered,12
AF,LOFO,3,4ALG4HA,Alg_x_HA,3,0.16830317186114097,0.0,XGBoost,angle_engineered,12
AF,LOFO,3,4ALG4HA,Alg_x_HA,4,0.16830317186114097,0.0,XGBoost,angle_engineered,12
AF,LOFO,3,4ALG4HA,Alg_x_HA,5,0.16830317186114097,0.0,XGBoost,angle_engineered,12
AF,LOFO,3,4ALG4HA,Alg_x_HA,6,0.16830317186114097,0.0,XGBoost,angle_engineered,12
AF,LOFO,3,4ALG4HA,Alg_x_HA,7,0.16830317186114097,0.0,XGBoost,angle_engineered,12
AF,LOFO,3,4ALG4HA,Alg_x_HA,8,0.16830317186114097,0.0,XGBoost,angle_engineered,12
AF,LOFO,3,4ALG4HA,Alg_x_HA,9,0.16830317186114097,0.0,XGBoost,angle_engineered,12
AF,LOFO,3,4ALG4HA,Alg_x_HA,10,0.16830317186114097,0.0,XGBoost,angle_engineered,12
AF,LOFO,3,4ALG4HA,Alg_x_P,1,0.16830317186114097,0.0,XGBoost,angle_engineered,12
AF,LOFO,3,4ALG4HA,Alg_x_P,2,0.16830317186114097,0.0,XGBoost,angle_engineered,12
AF,LOFO,3,4ALG4HA,Alg_x_P,3,0.16830317186114097,0.0,XGBoost,angle_engineered,12
AF,LOFO,3,4ALG4HA,Alg_x_P,4,0.16830317186114097,0.0,XGBoost,angle_engineered,12
AF,LOFO,3,4ALG4HA,Alg_x_P,5,0.16830317186114097,0.0,XGBoost,angle_engineered,12
AF,LOFO,3,4ALG4HA,Alg_x_P,6,0.16830317186114097,0.0,XGBoost,angle_engineered,12
AF,LOFO,3,4ALG4HA,Alg_x_P,7,0.16830317186114097,0.0,XGBoost,angle_engineered,12
AF,LOFO,3,4ALG4HA,Alg_x_P,8,0.16830317186114097,0.0,XGBoost,angle_engineered,12
AF,LOFO,3,4ALG4HA,Alg_x_P,9,0.16830317186114097,0.0,XGBoost,angle_engineered,12
AF,LOFO,3,4ALG4HA,Alg_x_P,10,0.16830317186114097,0.0,XGBoost,angle_engineered,12
AF,LOFO,3,4ALG4HA,HA_x_P,1,0.16830317186114097,0.0,XGBoost,angle_engineered,12
AF,LOFO,3,4ALG4HA,HA_x_P,2,0.16830317186114097,0.0,XGBoost,angle_engineered,12
AF,LOFO,3,4ALG4HA,HA_x_P,3,0.16830317186114097,0.0,XGBoost,angle_engineered,12
AF,LOFO,3,4ALG4HA,HA_x_P,4,0.16830317186114097,0.0,XGBoost,angle_engineered,12
AF,LOFO,3,4ALG4HA,HA_x_P,5,0.16830317186114097,0.0,XGBoost,angle_engineered,12
AF,LOFO,3,4ALG4HA,HA_x_P,6,0.16830317186114097,0.0,XGBoost,angle_engineered,12
AF,LOFO,3,4ALG4HA,HA_x_P,7,0.16830317186114097,0.0,XGBoost,angle_engineered,12
AF,LOFO,3,4ALG4HA,HA_x_P,8,0.16830317186114097,0.0,XGBoost,angle_engineered,12
AF,LOFO,3,4ALG4HA,HA_x_P,9,0.16830317186114097,0.0,XGBoost,angle_engineered,12
AF,LOFO,3,4ALG4HA,HA_x_P,10,0.16830317186114097,0.0,XGBoost,angle_engineered,12
AF,LOFO,3,4ALG4HA,TP_x_P,1,0.16830317186114097,-0.0005565793213614945,XGBoost,angle_engineered,12
AF,LOFO,3,4ALG4HA,TP_x_P,2,0.16830317186114097,-0.00022914054424574837,XGBoost,angle_engineered,12
AF,LOFO,3,4ALG4HA,TP_x_P,3,0.16830317186114097,-0.0004166850553305179,XGBoost,angle_engineered,12
AF,LOFO,3,4ALG4HA,TP_x_P,4,0.16830317186114097,0.0002283543541314048,XGBoost,angle_engineered,12
AF,LOFO,3,4ALG4HA,TP_x_P,5,0.16830317186114097,0.000426965795963713,XGBoost,angle_engineered,12
AF,LOFO,3,4ALG4HA,TP_x_P,6,0.16830317186114097,-0.00021731142864050979,XGBoost,angle_engineered,12
AF,LOFO,3,4ALG4HA,TP_x_P,7,0.16830317186114097,0.00025351616673066624,XGBoost,angle_engineered,12
AF,LOFO,3,4ALG4HA,TP_x_P,8,0.16830317186114097,-0.00035940543316151374,XGBoost,angle_engineered,12
AF,LOFO,3,4ALG4HA,TP_x_P,9,0.16830317186114097,0.00018678297217303297,XGBoost,angle_engineered,12
AF,LOFO,3,4ALG4HA,TP_x_P,10,0.16830317186114097,-0.0004504410874004994,XGBoost,angle_engineered,12
AF,LOFO,3,4ALG4HA,HF_x_P,1,0.16830317186114097,0.0,XGBoost,angle_engineered,12
AF,LOFO,3,4ALG4HA,HF_x_P,2,0.16830317186114097,0.0,XGBoost,angle_engineered,12
AF,LOFO,3,4ALG4HA,HF_x_P,3,0.16830317186114097,0.0,XGBoost,angle_engineered,12
AF,LOFO,3,4ALG4HA,HF_x_P,4,0.16830317186114097,0.0,XGBoost,angle_engineered,12
AF,LOFO,3,4ALG4HA,HF_x_P,5,0.16830317186114097,0.0,XGBoost,angle_engineered,12
AF,LOFO,3,4ALG4HA,HF_x_P,6,0.16830317186114097,0.0,XGBoost,angle_engineered,12
AF,LOFO,3,4ALG4HA,HF_x_P,7,0.16830317186114097,0.0,XGBoost,angle_engineered,12
AF,LOFO,3,4ALG4HA,HF_x_P,8,0.16830317186114097,0.0,XGBoost,angle_engineered,12
AF,LOFO,3,4ALG4HA,HF_x_P,9,0.16830317186114097,0.0,XGBoost,angle_engineered,12
AF,LOFO,3,4ALG4HA,HF_x_P,10,0.16830317186114097,0.0,XGBoost,angle_engineered,12
AF,LOFO,3,4ALG4HA,Angle_deg,1,0.16830317186114097,0.29260901387869537,XGBoost,angle_engineered,12
AF,LOFO,3,4ALG4HA,Angle_deg,2,0.16830317186114097,0.23238409049408376,XGBoost,angle_engineered,12
AF,LOFO,3,4ALG4HA,Angle_deg,3,0.16830317186114097,0.1847662659657598,XGBoost,angle_engineered,12
AF,LOFO,3,4ALG4HA,Angle_deg,4,0.16830317186114097,0.2829407848173253,XGBoost,angle_engineered,12
AF,LOFO,3,4ALG4HA,Angle_deg,5,0.16830317186114097,0.19038140729411485,XGBoost,angle_engineered,12
AF,LOFO,3,4ALG4HA,Angle_deg,6,0.16830317186114097,0.2509872234729251,XGBoost,angle_engineered,12
AF,LOFO,3,4ALG4HA,Angle_deg,7,0.16830317186114097,0.2675094517285552,XGBoost,angle_engineered,12
AF,LOFO,3,4ALG4HA,Angle_deg,8,0.16830317186114097,0.3005401542366621,XGBoost,angle_engineered,12
AF,LOFO,3,4ALG4HA,Angle_deg,9,0.16830317186114097,0.28660705060484887,XGBoost,angle_engineered,12
AF,LOFO,3,4ALG4HA,Angle_deg,10,0.16830317186114097,0.23229722249033302,XGBoost,angle_engineered,12
AF,LOFO,3,4ALG4HA,P_x_Angle,1,0.16830317186114097,0.021976432575643523,XGBoost,angle_engineered,12
AF,LOFO,3,4ALG4HA,P_x_Angle,2,0.16830317186114097,0.017837156582170416,XGBoost,angle_engineered,12
AF,LOFO,3,4ALG4HA,P_x_Angle,3,0.16830317186114097,0.004382780667602226,XGBoost,angle_engineered,12
AF,LOFO,3,4ALG4HA,P_x_Angle,4,0.16830317186114097,0.008630192299553141,XGBoost,angle_engineered,12
AF,LOFO,3,4ALG4HA,P_x_Angle,5,0.16830317186114097,0.0019313347896061372,XGBoost,angle_engineered,12
AF,LOFO,3,4ALG4HA,P_x_Angle,6,0.16830317186114097,0.023847553968589535,XGBoost,angle_engineered,12
AF,LOFO,3,4ALG4HA,P_x_Angle,7,0.16830317186114097,0.014561579025252791,XGBoost,angle_engineered,12
AF,LOFO,3,4ALG4HA,P_x_Angle,8,0.16830317186114097,0.026224955327169897,XGBoost,angle_engineered,12
AF,LOFO,3,4ALG4HA,P_x_Angle,9,0.16830317186114097,0.020613860677146156,XGBoost,angle_engineered,12
AF,LOFO,3,4ALG4HA,P_x_Angle,10,0.16830317186114097,0.023308790280517827,XGBoost,angle_engineered,12
AF,LOFO,3,4ALG4HA,Alg_x_Angle,1,0.16830317186114097,0.010016405097249742,XGBoost,angle_engineered,12
AF,LOFO,3,4ALG4HA,Alg_x_Angle,2,0.16830317186114097,0.004549082564569817,XGBoost,angle_engineered,12
AF,LOFO,3,4ALG4HA,Alg_x_Angle,3,0.16830317186114097,-0.0019883443711391224,XGBoost,angle_engineered,12
AF,LOFO,3,4ALG4HA,Alg_x_Angle,4,0.16830317186114097,0.006629825570561382,XGBoost,angle_engineered,12
AF,LOFO,3,4ALG4HA,Alg_x_Angle,5,0.16830317186114097,0.0008272721374732173,XGBoost,angle_engineered,12
AF,LOFO,3,4ALG4HA,Alg_x_Angle,6,0.16830317186114097,0.006151103927584778,XGBoost,angle_engineered,12
AF,LOFO,3,4ALG4HA,Alg_x_Angle,7,0.16830317186114097,0.010364644648490878,XGBoost,angle_engineered,12
AF,LOFO,3,4ALG4HA,Alg_x_Angle,8,0.16830317186114097,0.015522916053535174,XGBoost,angle_engineered,12
AF,LOFO,3,4ALG4HA,Alg_x_Angle,9,0.16830317186114097,0.015273516154106409,XGBoost,angle_engineered,12
AF,LOFO,3,4ALG4HA,Alg_x_Angle,10,0.16830317186114097,0.005258247990635678,XGBoost,angle_engineered,12
AF,LOFO,3,4ALG4HA,HA_x_Angle,1,0.16830317186114097,0.00047246932965952504,XGBoost,angle_engineered,12
AF,LOFO,3,4ALG4HA,HA_x_Angle,2,0.16830317186114097,0.0004738040900991447,XGBoost,angle_engineered,12
AF,LOFO,3,4ALG4HA,HA_x_Angle,3,0.16830317186114097,3.918556100412918e-05,XGBoost,angle_engineered,12
AF,LOFO,3,4ALG4HA,HA_x_Angle,4,0.16830317186114097,0.0006299325801230327,XGBoost,angle_engineered,12
AF,LOFO,3,4ALG4HA,HA_x_Angle,5,0.16830317186114097,0.0004266672986375508,XGBoost,angle_engineered,12
AF,LOFO,3,4ALG4HA,HA_x_Angle,6,0.16830317186114097,0.000531107139457837,XGBoost,angle_engineered,12
AF,LOFO,3,4ALG4HA,HA_x_Angle,7,0.16830317186114097,0.0004738040900991447,XGBoost,angle_engineered,12
AF,LOFO,3,4ALG4HA,HA_x_Angle,8,0.16830317186114097,0.0005325592128641032,XGBoost,angle_engineered,12
AF,LOFO,3,4ALG4HA,HA_x_Angle,9,0.16830317186114097,0.0005115793336501195,XGBoost,angle_engineered,12
AF,LOFO,3,4ALG4HA,HA_x_Angle,10,0.16830317186114097,0.0003418939200944271,XGBoost,angle_engineered,12
AF,LOFO,3,4ALG4HA,TP_x_Angle,1,0.16830317186114097,0.07961002508707701,XGBoost,angle_engineered,12
AF,LOFO,3,4ALG4HA,TP_x_Angle,2,0.16830317186114097,0.04467380666550641,XGBoost,angle_engineered,12
AF,LOFO,3,4ALG4HA,TP_x_Angle,3,0.16830317186114097,0.024176173631911546,XGBoost,angle_engineered,12
AF,LOFO,3,4ALG4HA,TP_x_Angle,4,0.16830317186114097,0.05155696626441916,XGBoost,angle_engineered,12
AF,LOFO,3,4ALG4HA,TP_x_Angle,5,0.16830317186114097,0.013920927229294389,XGBoost,angle_engineered,12
AF,LOFO,3,4ALG4HA,TP_x_Angle,6,0.16830317186114097,0.05833951795026254,XGBoost,angle_engineered,12
AF,LOFO,3,4ALG4HA,TP_x_Angle,7,0.16830317186114097,0.08786138150199757,XGBoost,angle_engineered,12
AF,LOFO,3,4ALG4HA,TP_x_Angle,8,0.16830317186114097,0.08935291512949373,XGBoost,angle_engineered,12
AF,LOFO,3,4ALG4HA,TP_x_Angle,9,0.16830317186114097,0.08809270957065163,XGBoost,angle_engineered,12
AF,LOFO,3,4ALG4HA,TP_x_Angle,10,0.16830317186114097,0.030262158628650837,XGBoost,angle_engineered,12
AF,LOFO,4,4ALG6HA,Alg_mg_ml,1,0.11429936717939748,0.0,XGBoost,angle_engineered,10
AF,LOFO,4,4ALG6HA,Alg_mg_ml,2,0.11429936717939748,0.0,XGBoost,angle_engineered,10
AF,LOFO,4,4ALG6HA,Alg_mg_ml,3,0.11429936717939748,0.0,XGBoost,angle_engineered,10
AF,LOFO,4,4ALG6HA,Alg_mg_ml,4,0.11429936717939748,0.0,XGBoost,angle_engineered,10
AF,LOFO,4,4ALG6HA,Alg_mg_ml,5,0.11429936717939748,0.0,XGBoost,angle_engineered,10
AF,LOFO,4,4ALG6HA,Alg_mg_ml,6,0.11429936717939748,0.0,XGBoost,angle_engineered,10
AF,LOFO,4,4ALG6HA,Alg_mg_ml,7,0.11429936717939748,0.0,XGBoost,angle_engineered,10
AF,LOFO,4,4ALG6HA,Alg_mg_ml,8,0.11429936717939748,0.0,XGBoost,angle_engineered,10
AF,LOFO,4,4ALG6HA,Alg_mg_ml,9,0.11429936717939748,0.0,XGBoost,angle_engineered,10
AF,LOFO,4,4ALG6HA,Alg_mg_ml,10,0.11429936717939748,0.0,XGBoost,angle_engineered,10
AF,LOFO,4,4ALG6HA,HA_mg_ml,1,0.11429936717939748,0.0,XGBoost,angle_engineered,10
AF,LOFO,4,4ALG6HA,HA_mg_ml,2,0.11429936717939748,0.0,XGBoost,angle_engineered,10
AF,LOFO,4,4ALG6HA,HA_mg_ml,3,0.11429936717939748,0.0,XGBoost,angle_engineered,10
AF,LOFO,4,4ALG6HA,HA_mg_ml,4,0.11429936717939748,0.0,XGBoost,angle_engineered,10
AF,LOFO,4,4ALG6HA,HA_mg_ml,5,0.11429936717939748,0.0,XGBoost,angle_engineered,10
AF,LOFO,4,4ALG6HA,HA_mg_ml,6,0.11429936717939748,0.0,XGBoost,angle_engineered,10
AF,LOFO,4,4ALG6HA,HA_mg_ml,7,0.11429936717939748,0.0,XGBoost,angle_engineered,10
AF,LOFO,4,4ALG6HA,HA_mg_ml,8,0.11429936717939748,0.0,XGBoost,angle_engineered,10
AF,LOFO,4,4ALG6HA,HA_mg_ml,9,0.11429936717939748,0.0,XGBoost,angle_engineered,10
AF,LOFO,4,4ALG6HA,HA_mg_ml,10,0.11429936717939748,0.0,XGBoost,angle_engineered,10
AF,LOFO,4,4ALG6HA,Pressure_kPa,1,0.11429936717939748,0.0002496667012859416,XGBoost,angle_engineered,10
AF,LOFO,4,4ALG6HA,Pressure_kPa,2,0.11429936717939748,0.0,XGBoost,angle_engineered,10
AF,LOFO,4,4ALG6HA,Pressure_kPa,3,0.11429936717939748,-0.0015050729253080486,XGBoost,angle_engineered,10
AF,LOFO,4,4ALG6HA,Pressure_kPa,4,0.11429936717939748,-0.0026234023773960696,XGBoost,angle_engineered,10
AF,LOFO,4,4ALG6HA,Pressure_kPa,5,0.11429936717939748,-0.002878398269039642,XGBoost,angle_engineered,10
AF,LOFO,4,4ALG6HA,Pressure_kPa,6,0.11429936717939748,-0.0057216695176273286,XGBoost,angle_engineered,10
AF,LOFO,4,4ALG6HA,Pressure_kPa,7,0.11429936717939748,-0.0057216695176273286,XGBoost,angle_engineered,10
AF,LOFO,4,4ALG6HA,Pressure_kPa,8,0.11429936717939748,-0.004099542869047179,XGBoost,angle_engineered,10
AF,LOFO,4,4ALG6HA,Pressure_kPa,9,0.11429936717939748,-0.0026234023773960696,XGBoost,angle_engineered,10
AF,LOFO,4,4ALG6HA,Pressure_kPa,10,0.11429936717939748,-0.004010652384534283,XGBoost,angle_engineered,10
AF,LOFO,4,4ALG6HA,TP,1,0.11429936717939748,0.0,XGBoost,angle_engineered,10
AF,LOFO,4,4ALG6HA,TP,2,0.11429936717939748,0.0,XGBoost,angle_engineered,10
AF,LOFO,4,4ALG6HA,TP,3,0.11429936717939748,0.0,XGBoost,angle_engineered,10
AF,LOFO,4,4ALG6HA,TP,4,0.11429936717939748,0.0,XGBoost,angle_engineered,10
AF,LOFO,4,4ALG6HA,TP,5,0.11429936717939748,0.0,XGBoost,angle_engineered,10
AF,LOFO,4,4ALG6HA,TP,6,0.11429936717939748,0.0,XGBoost,angle_engineered,10
AF,LOFO,4,4ALG6HA,TP,7,0.11429936717939748,0.0,XGBoost,angle_engineered,10
AF,LOFO,4,4ALG6HA,TP,8,0.11429936717939748,0.0,XGBoost,angle_engineered,10
AF,LOFO,4,4ALG6HA,TP,9,0.11429936717939748,0.0,XGBoost,angle_engineered,10
AF,LOFO,4,4ALG6HA,TP,10,0.11429936717939748,0.0,XGBoost,angle_engineered,10
AF,LOFO,4,4ALG6HA,HF,1,0.11429936717939748,0.0,XGBoost,angle_engineered,10
AF,LOFO,4,4ALG6HA,HF,2,0.11429936717939748,0.0,XGBoost,angle_engineered,10
AF,LOFO,4,4ALG6HA,HF,3,0.11429936717939748,0.0,XGBoost,angle_engineered,10
AF,LOFO,4,4ALG6HA,HF,4,0.11429936717939748,0.0,XGBoost,angle_engineered,10
AF,LOFO,4,4ALG6HA,HF,5,0.11429936717939748,0.0,XGBoost,angle_engineered,10
AF,LOFO,4,4ALG6HA,HF,6,0.11429936717939748,0.0,XGBoost,angle_engineered,10
AF,LOFO,4,4ALG6HA,HF,7,0.11429936717939748,0.0,XGBoost,angle_engineered,10
AF,LOFO,4,4ALG6HA,HF,8,0.11429936717939748,0.0,XGBoost,angle_engineered,10
AF,LOFO,4,4ALG6HA,HF,9,0.11429936717939748,0.0,XGBoost,angle_engineered,10
AF,LOFO,4,4ALG6HA,HF,10,0.11429936717939748,0.0,XGBoost,angle_engineered,10
AF,LOFO,4,4ALG6HA,Alg_HA_ratio_safe,1,0.11429936717939748,0.0,XGBoost,angle_engineered,10
AF,LOFO,4,4ALG6HA,Alg_HA_ratio_safe,2,0.11429936717939748,0.0,XGBoost,angle_engineered,10
AF,LOFO,4,4ALG6HA,Alg_HA_ratio_safe,3,0.11429936717939748,0.0,XGBoost,angle_engineered,10
AF,LOFO,4,4ALG6HA,Alg_HA_ratio_safe,4,0.11429936717939748,0.0,XGBoost,angle_engineered,10
AF,LOFO,4,4ALG6HA,Alg_HA_ratio_safe,5,0.11429936717939748,0.0,XGBoost,angle_engineered,10
AF,LOFO,4,4ALG6HA,Alg_HA_ratio_safe,6,0.11429936717939748,0.0,XGBoost,angle_engineered,10
AF,LOFO,4,4ALG6HA,Alg_HA_ratio_safe,7,0.11429936717939748,0.0,XGBoost,angle_engineered,10
AF,LOFO,4,4ALG6HA,Alg_HA_ratio_safe,8,0.11429936717939748,0.0,XGBoost,angle_engineered,10
AF,LOFO,4,4ALG6HA,Alg_HA_ratio_safe,9,0.11429936717939748,0.0,XGBoost,angle_engineered,10
AF,LOFO,4,4ALG6HA,Alg_HA_ratio_safe,10,0.11429936717939748,0.0,XGBoost,angle_engineered,10
AF,LOFO,4,4ALG6HA,P_over_TP,1,0.11429936717939748,0.000984164037696189,XGBoost,angle_engineered,10
AF,LOFO,4,4ALG6HA,P_over_TP,2,0.11429936717939748,0.0008920697493381563,XGBoost,angle_engineered,10
AF,LOFO,4,4ALG6HA,P_over_TP,3,0.11429936717939748,0.000789167747851996,XGBoost,angle_engineered,10
AF,LOFO,4,4ALG6HA,P_over_TP,4,0.11429936717939748,-0.0013820591545686406,XGBoost,angle_engineered,10
AF,LOFO,4,4ALG6HA,P_over_TP,5,0.11429936717939748,0.0014693433207894763,XGBoost,angle_engineered,10
AF,LOFO,4,4ALG6HA,P_over_TP,6,0.11429936717939748,-0.002757297789360888,XGBoost,angle_engineered,10
AF,LOFO,4,4ALG6HA,P_over_TP,7,0.11429936717939748,-0.00261406709628946,XGBoost,angle_engineered,10
AF,LOFO,4,4ALG6HA,P_over_TP,8,0.11429936717939748,0.0010111663315673786,XGBoost,angle_engineered,10
AF,LOFO,4,4ALG6HA,P_over_TP,9,0.11429936717939748,-0.0026866991964228093,XGBoost,angle_engineered,10
AF,LOFO,4,4ALG6HA,P_over_TP,10,0.11429936717939748,-0.0030408043688953806,XGBoost,angle_engineered,10
AF,LOFO,4,4ALG6HA,P_over_Alg,1,0.11429936717939748,0.00011991109771705699,XGBoost,angle_engineered,10
AF,LOFO,4,4ALG6HA,P_over_Alg,2,0.11429936717939748,0.0005496257599953425,XGBoost,angle_engineered,10
AF,LOFO,4,4ALG6HA,P_over_Alg,3,0.11429936717939748,0.0,XGBoost,angle_engineered,10
AF,LOFO,4,4ALG6HA,P_over_Alg,4,0.11429936717939748,0.0008966374295693164,XGBoost,angle_engineered,10
AF,LOFO,4,4ALG6HA,P_over_Alg,5,0.11429936717939748,0.0005496257599953425,XGBoost,angle_engineered,10
AF,LOFO,4,4ALG6HA,P_over_Alg,6,0.11429936717939748,0.0,XGBoost,angle_engineered,10
AF,LOFO,4,4ALG6HA,P_over_Alg,7,0.11429936717939748,0.0011577023159582978,XGBoost,angle_engineered,10
AF,LOFO,4,4ALG6HA,P_over_Alg,8,0.11429936717939748,0.0012703060216751189,XGBoost,angle_engineered,10
AF,LOFO,4,4ALG6HA,P_over_Alg,9,0.11429936717939748,0.0012568741456307486,XGBoost,angle_engineered,10
AF,LOFO,4,4ALG6HA,P_over_Alg,10,0.11429936717939748,0.0012568741456307486,XGBoost,angle_engineered,10
AF,LOFO,4,4ALG6HA,P_over_HA,1,0.11429936717939748,0.004378994253581167,XGBoost,angle_engineered,10
AF,LOFO,4,4ALG6HA,P_over_HA,2,0.11429936717939748,0.0007461025168599422,XGBoost,angle_engineered,10
AF,LOFO,4,4ALG6HA,P_over_HA,3,0.11429936717939748,0.00148323661032905,XGBoost,angle_engineered,10
AF,LOFO,4,4ALG6HA,P_over_HA,4,0.11429936717939748,0.0012613659651705272,XGBoost,angle_engineered,10
AF,LOFO,4,4ALG6HA,P_over_HA,5,0.11429936717939748,0.002241281515760113,XGBoost,angle_engineered,10
AF,LOFO,4,4ALG6HA,P_over_HA,6,0.11429936717939748,0.0006772065863439314,XGBoost,angle_engineered,10
AF,LOFO,4,4ALG6HA,P_over_HA,7,0.11429936717939748,0.004748243936093882,XGBoost,angle_engineered,10
AF,LOFO,4,4ALG6HA,P_over_HA,8,0.11429936717939748,0.0032080841318676,XGBoost,angle_engineered,10
AF,LOFO,4,4ALG6HA,P_over_HA,9,0.11429936717939748,0.004188996998511316,XGBoost,angle_engineered,10
AF,LOFO,4,4ALG6HA,P_over_HA,10,0.11429936717939748,0.0043246038235463385,XGBoost,angle_engineered,10
AF,LOFO,4,4ALG6HA,Alg_x_HA,1,0.11429936717939748,0.0,XGBoost,angle_engineered,10
AF,LOFO,4,4ALG6HA,Alg_x_HA,2,0.11429936717939748,0.0,XGBoost,angle_engineered,10
AF,LOFO,4,4ALG6HA,Alg_x_HA,3,0.11429936717939748,0.0,XGBoost,angle_engineered,10
AF,LOFO,4,4ALG6HA,Alg_x_HA,4,0.11429936717939748,0.0,XGBoost,angle_engineered,10
AF,LOFO,4,4ALG6HA,Alg_x_HA,5,0.11429936717939748,0.0,XGBoost,angle_engineered,10
AF,LOFO,4,4ALG6HA,Alg_x_HA,6,0.11429936717939748,0.0,XGBoost,angle_engineered,10
AF,LOFO,4,4ALG6HA,Alg_x_HA,7,0.11429936717939748,0.0,XGBoost,angle_engineered,10
AF,LOFO,4,4ALG6HA,Alg_x_HA,8,0.11429936717939748,0.0,XGBoost,angle_engineered,10
AF,LOFO,4,4ALG6HA,Alg_x_HA,9,0.11429936717939748,0.0,XGBoost,angle_engineered,10
AF,LOFO,4,4ALG6HA,Alg_x_HA,10,0.11429936717939748,0.0,XGBoost,angle_engineered,10
AF,LOFO,4,4ALG6HA,Alg_x_P,1,0.11429936717939748,0.0,XGBoost,angle_engineered,10
AF,LOFO,4,4ALG6HA,Alg_x_P,2,0.11429936717939748,0.0,XGBoost,angle_engineered,10
AF,LOFO,4,4ALG6HA,Alg_x_P,3,0.11429936717939748,0.0,XGBoost,angle_engineered,10
AF,LOFO,4,4ALG6HA,Alg_x_P,4,0.11429936717939748,0.0,XGBoost,angle_engineered,10
AF,LOFO,4,4ALG6HA,Alg_x_P,5,0.11429936717939748,0.0,XGBoost,angle_engineered,10
AF,LOFO,4,4ALG6HA,Alg_x_P,6,0.11429936717939748,0.0,XGBoost,angle_engineered,10
AF,LOFO,4,4ALG6HA,Alg_x_P,7,0.11429936717939748,0.0,XGBoost,angle_engineered,10
AF,LOFO,4,4ALG6HA,Alg_x_P,8,0.11429936717939748,0.0,XGBoost,angle_engineered,10
AF,LOFO,4,4ALG6HA,Alg_x_P,9,0.11429936717939748,0.0,XGBoost,angle_engineered,10
AF,LOFO,4,4ALG6HA,Alg_x_P,10,0.11429936717939748,0.0,XGBoost,angle_engineered,10
AF,LOFO,4,4ALG6HA,HA_x_P,1,0.11429936717939748,-0.0007587497561812734,XGBoost,angle_engineered,10
AF,LOFO,4,4ALG6HA,HA_x_P,2,0.11429936717939748,-0.0007587497561812734,XGBoost,angle_engineered,10
AF,LOFO,4,4ALG6HA,HA_x_P,3,0.11429936717939748,0.0006940495535888713,XGBoost,angle_engineered,10
AF,LOFO,4,4ALG6HA,HA_x_P,4,0.11429936717939748,0.00040712871821957375,XGBoost,angle_engineered,10
AF,LOFO,4,4ALG6HA,HA_x_P,5,0.11429936717939748,-0.00024143745144576678,XGBoost,angle_engineered,10
AF,LOFO,4,4ALG6HA,HA_x_P,6,0.11429936717939748,0.0006782204615823073,XGBoost,angle_engineered,10
AF,LOFO,4,4ALG6HA,HA_x_P,7,0.11429936717939748,0.00035667219110845083,XGBoost,angle_engineered,10
AF,LOFO,4,4ALG6HA,HA_x_P,8,0.11429936717939748,0.0022144732927759647,XGBoost,angle_engineered,10
AF,LOFO,4,4ALG6HA,HA_x_P,9,0.11429936717939748,0.0016277840077920658,XGBoost,angle_engineered,10
AF,LOFO,4,4ALG6HA,HA_x_P,10,0.11429936717939748,0.0014898138205399203,XGBoost,angle_engineered,10
AF,LOFO,4,4ALG6HA,TP_x_P,1,0.11429936717939748,0.0,XGBoost,angle_engineered,10
AF,LOFO,4,4ALG6HA,TP_x_P,2,0.11429936717939748,0.0,XGBoost,angle_engineered,10
AF,LOFO,4,4ALG6HA,TP_x_P,3,0.11429936717939748,0.0,XGBoost,angle_engineered,10
AF,LOFO,4,4ALG6HA,TP_x_P,4,0.11429936717939748,0.0,XGBoost,angle_engineered,10
AF,LOFO,4,4ALG6HA,TP_x_P,5,0.11429936717939748,0.0,XGBoost,angle_engineered,10
AF,LOFO,4,4ALG6HA,TP_x_P,6,0.11429936717939748,0.0,XGBoost,angle_engineered,10
AF,LOFO,4,4ALG6HA,TP_x_P,7,0.11429936717939748,0.0,XGBoost,angle_engineered,10
AF,LOFO,4,4ALG6HA,TP_x_P,8,0.11429936717939748,0.0,XGBoost,angle_engineered,10
AF,LOFO,4,4ALG6HA,TP_x_P,9,0.11429936717939748,0.0,XGBoost,angle_engineered,10
AF,LOFO,4,4ALG6HA,TP_x_P,10,0.11429936717939748,0.0,XGBoost,angle_engineered,10
AF,LOFO,4,4ALG6HA,HF_x_P,1,0.11429936717939748,0.0,XGBoost,angle_engineered,10
AF,LOFO,4,4ALG6HA,HF_x_P,2,0.11429936717939748,0.0,XGBoost,angle_engineered,10
AF,LOFO,4,4ALG6HA,HF_x_P,3,0.11429936717939748,0.00027356383364222914,XGBoost,angle_engineered,10
AF,LOFO,4,4ALG6HA,HF_x_P,4,0.11429936717939748,0.00027356383364222914,XGBoost,angle_engineered,10
AF,LOFO,4,4ALG6HA,HF_x_P,5,0.11429936717939748,0.00021606631011447663,XGBoost,angle_engineered,10
AF,LOFO,4,4ALG6HA,HF_x_P,6,0.11429936717939748,-8.917742912320503e-05,XGBoost,angle_engineered,10
AF,LOFO,4,4ALG6HA,HF_x_P,7,0.11429936717939748,-8.917742912320503e-05,XGBoost,angle_engineered,10
AF,LOFO,4,4ALG6HA,HF_x_P,8,0.11429936717939748,4.742978218673366e-05,XGBoost,angle_engineered,10
AF,LOFO,4,4ALG6HA,HF_x_P,9,0.11429936717939748,0.00027356383364222914,XGBoost,angle_engineered,10
AF,LOFO,4,4ALG6HA,HF_x_P,10,0.11429936717939748,0.00021606631011447663,XGBoost,angle_engineered,10
AF,LOFO,4,4ALG6HA,Angle_deg,1,0.11429936717939748,0.28112392152400617,XGBoost,angle_engineered,10
AF,LOFO,4,4ALG6HA,Angle_deg,2,0.11429936717939748,0.13128675473923307,XGBoost,angle_engineered,10
AF,LOFO,4,4ALG6HA,Angle_deg,3,0.11429936717939748,0.1549393655335634,XGBoost,angle_engineered,10
AF,LOFO,4,4ALG6HA,Angle_deg,4,0.11429936717939748,0.2126066641533767,XGBoost,angle_engineered,10
AF,LOFO,4,4ALG6HA,Angle_deg,5,0.11429936717939748,0.2169961735269525,XGBoost,angle_engineered,10
AF,LOFO,4,4ALG6HA,Angle_deg,6,0.11429936717939748,0.3102484837079549,XGBoost,angle_engineered,10
AF,LOFO,4,4ALG6HA,Angle_deg,7,0.11429936717939748,0.2409070212856636,XGBoost,angle_engineered,10
AF,LOFO,4,4ALG6HA,Angle_deg,8,0.11429936717939748,0.23395742063056763,XGBoost,angle_engineered,10
AF,LOFO,4,4ALG6HA,Angle_deg,9,0.11429936717939748,0.25419709247012706,XGBoost,angle_engineered,10
AF,LOFO,4,4ALG6HA,Angle_deg,10,0.11429936717939748,0.23458772262438998,XGBoost,angle_engineered,10
AF,LOFO,4,4ALG6HA,P_x_Angle,1,0.11429936717939748,0.014997451517289456,XGBoost,angle_engineered,10
AF,LOFO,4,4ALG6HA,P_x_Angle,2,0.11429936717939748,0.001402020092767478,XGBoost,angle_engineered,10
AF,LOFO,4,4ALG6HA,P_x_Angle,3,0.11429936717939748,0.015688925762510242,XGBoost,angle_engineered,10
AF,LOFO,4,4ALG6HA,P_x_Angle,4,0.11429936717939748,0.01226875973196262,XGBoost,angle_engineered,10
AF,LOFO,4,4ALG6HA,P_x_Angle,5,0.11429936717939748,0.022668408117565236,XGBoost,angle_engineered,10
AF,LOFO,4,4ALG6HA,P_x_Angle,6,0.11429936717939748,0.028132461993587904,XGBoost,angle_engineered,10
AF,LOFO,4,4ALG6HA,P_x_Angle,7,0.11429936717939748,-0.013787655809978469,XGBoost,angle_engineered,10
AF,LOFO,4,4ALG6HA,P_x_Angle,8,0.11429936717939748,0.014026735336297003,XGBoost,angle_engineered,10
AF,LOFO,4,4ALG6HA,P_x_Angle,9,0.11429936717939748,0.015588227349980055,XGBoost,angle_engineered,10
AF,LOFO,4,4ALG6HA,P_x_Angle,10,0.11429936717939748,-0.005427624721476204,XGBoost,angle_engineered,10
AF,LOFO,4,4ALG6HA,Alg_x_Angle,1,0.11429936717939748,0.005535991990910816,XGBoost,angle_engineered,10
AF,LOFO,4,4ALG6HA,Alg_x_Angle,2,0.11429936717939748,0.000984827583955808,XGBoost,angle_engineered,10
AF,LOFO,4,4ALG6HA,Alg_x_Angle,3,0.11429936717939748,0.0005207465425641905,XGBoost,angle_engineered,10
AF,LOFO,4,4ALG6HA,Alg_x_Angle,4,0.11429936717939748,0.003679193160486288,XGBoost,angle_engineered,10
AF,LOFO,4,4ALG6HA,Alg_x_Angle,5,0.11429936717939748,0.00464587347823496,XGBoost,angle_engineered,10
AF,LOFO,4,4ALG6HA,Alg_x_Angle,6,0.11429936717939748,0.005809894893913023,XGBoost,angle_engineered,10
AF,LOFO,4,4ALG6HA,Alg_x_Angle,7,0.11429936717939748,0.0006281705982608549,XGBoost,angle_engineered,10
AF,LOFO,4,4ALG6HA,Alg_x_Angle,8,0.11429936717939748,0.002986137967401742,XGBoost,angle_engineered,10
AF,LOFO,4,4ALG6HA,Alg_x_Angle,9,0.11429936717939748,0.0037366691730612855,XGBoost,angle_engineered,10
AF,LOFO,4,4ALG6HA,Alg_x_Angle,10,0.11429936717939748,0.0018501188266985408,XGBoost,angle_engineered,10
AF,LOFO,4,4ALG6HA,HA_x_Angle,1,0.11429936717939748,0.0,XGBoost,angle_engineered,10
AF,LOFO,4,4ALG6HA,HA_x_Angle,2,0.11429936717939748,0.0,XGBoost,angle_engineered,10
AF,LOFO,4,4ALG6HA,HA_x_Angle,3,0.11429936717939748,0.0,XGBoost,angle_engineered,10
AF,LOFO,4,4ALG6HA,HA_x_Angle,4,0.11429936717939748,0.0,XGBoost,angle_engineered,10
AF,LOFO,4,4ALG6HA,HA_x_Angle,5,0.11429936717939748,0.0,XGBoost,angle_engineered,10
AF,LOFO,4,4ALG6HA,HA_x_Angle,6,0.11429936717939748,0.0,XGBoost,angle_engineered,10
AF,LOFO,4,4ALG6HA,HA_x_Angle,7,0.11429936717939748,0.0,XGBoost,angle_engineered,10
AF,LOFO,4,4ALG6HA,HA_x_Angle,8,0.11429936717939748,0.0,XGBoost,angle_engineered,10
AF,LOFO,4,4ALG6HA,HA_x_Angle,9,0.11429936717939748,0.0,XGBoost,angle_engineered,10
AF,LOFO,4,4ALG6HA,HA_x_Angle,10,0.11429936717939748,0.0,XGBoost,angle_engineered,10
AF,LOFO,4,4ALG6HA,TP_x_Angle,1,0.11429936717939748,0.0497111972997919,XGBoost,angle_engineered,10
AF,LOFO,4,4ALG6HA,TP_x_Angle,2,0.11429936717939748,0.013159005899250675,XGBoost,angle_engineered,10
AF,LOFO,4,4ALG6HA,TP_x_Angle,3,0.11429936717939748,0.012832725644817744,XGBoost,angle_engineered,10
AF,LOFO,4,4ALG6HA,TP_x_Angle,4,0.11429936717939748,0.03453692786136825,XGBoost,angle_engineered,10
AF,LOFO,4,4ALG6HA,TP_x_Angle,5,0.11429936717939748,0.043814527298896094,XGBoost,angle_engineered,10
AF,LOFO,4,4ALG6HA,TP_x_Angle,6,0.11429936717939748,0.05681698115084591,XGBoost,angle_engineered,10
AF,LOFO,4,4ALG6HA,TP_x_Angle,7,0.11429936717939748,0.015773213379125767,XGBoost,angle_engineered,10
AF,LOFO,4,4ALG6HA,TP_x_Angle,8,0.11429936717939748,0.032471588671120044,XGBoost,angle_engineered,10
AF,LOFO,4,4ALG6HA,TP_x_Angle,9,0.11429936717939748,0.04356676015980082,XGBoost,angle_engineered,10
AF,LOFO,4,4ALG6HA,TP_x_Angle,10,0.11429936717939748,0.02867650988262871,XGBoost,angle_engineered,10
AF,LOFO,5,4ALG8HA,Alg_mg_ml,1,0.1300597475503373,0.0,XGBoost,angle_engineered,11
AF,LOFO,5,4ALG8HA,Alg_mg_ml,2,0.1300597475503373,0.0,XGBoost,angle_engineered,11
AF,LOFO,5,4ALG8HA,Alg_mg_ml,3,0.1300597475503373,0.0,XGBoost,angle_engineered,11
AF,LOFO,5,4ALG8HA,Alg_mg_ml,4,0.1300597475503373,0.0,XGBoost,angle_engineered,11
AF,LOFO,5,4ALG8HA,Alg_mg_ml,5,0.1300597475503373,0.0,XGBoost,angle_engineered,11
AF,LOFO,5,4ALG8HA,Alg_mg_ml,6,0.1300597475503373,0.0,XGBoost,angle_engineered,11
AF,LOFO,5,4ALG8HA,Alg_mg_ml,7,0.1300597475503373,0.0,XGBoost,angle_engineered,11
AF,LOFO,5,4ALG8HA,Alg_mg_ml,8,0.1300597475503373,0.0,XGBoost,angle_engineered,11
AF,LOFO,5,4ALG8HA,Alg_mg_ml,9,0.1300597475503373,0.0,XGBoost,angle_engineered,11
AF,LOFO,5,4ALG8HA,Alg_mg_ml,10,0.1300597475503373,0.0,XGBoost,angle_engineered,11
AF,LOFO,5,4ALG8HA,HA_mg_ml,1,0.1300597475503373,0.0,XGBoost,angle_engineered,11
AF,LOFO,5,4ALG8HA,HA_mg_ml,2,0.1300597475503373,0.0,XGBoost,angle_engineered,11
AF,LOFO,5,4ALG8HA,HA_mg_ml,3,0.1300597475503373,0.0,XGBoost,angle_engineered,11
AF,LOFO,5,4ALG8HA,HA_mg_ml,4,0.1300597475503373,0.0,XGBoost,angle_engineered,11
AF,LOFO,5,4ALG8HA,HA_mg_ml,5,0.1300597475503373,0.0,XGBoost,angle_engineered,11
AF,LOFO,5,4ALG8HA,HA_mg_ml,6,0.1300597475503373,0.0,XGBoost,angle_engineered,11
AF,LOFO,5,4ALG8HA,HA_mg_ml,7,0.1300597475503373,0.0,XGBoost,angle_engineered,11
AF,LOFO,5,4ALG8HA,HA_mg_ml,8,0.1300597475503373,0.0,XGBoost,angle_engineered,11
AF,LOFO,5,4ALG8HA,HA_mg_ml,9,0.1300597475503373,0.0,XGBoost,angle_engineered,11
AF,LOFO,5,4ALG8HA,HA_mg_ml,10,0.1300597475503373,0.0,XGBoost,angle_engineered,11
AF,LOFO,5,4ALG8HA,Pressure_kPa,1,0.1300597475503373,0.0016872083167419893,XGBoost,angle_engineered,11
AF,LOFO,5,4ALG8HA,Pressure_kPa,2,0.1300597475503373,0.01439549803599996,XGBoost,angle_engineered,11
AF,LOFO,5,4ALG8HA,Pressure_kPa,3,0.1300597475503373,0.006429698807834894,XGBoost,angle_engineered,11
AF,LOFO,5,4ALG8HA,Pressure_kPa,4,0.1300597475503373,0.003781436927647319,XGBoost,angle_engineered,11
AF,LOFO,5,4ALG8HA,Pressure_kPa,5,0.1300597475503373,0.01358201738689796,XGBoost,angle_engineered,11
AF,LOFO,5,4ALG8HA,Pressure_kPa,6,0.1300597475503373,-0.005852777425769576,XGBoost,angle_engineered,11
AF,LOFO,5,4ALG8HA,Pressure_kPa,7,0.1300597475503373,0.015726644717461907,XGBoost,angle_engineered,11
AF,LOFO,5,4ALG8HA,Pressure_kPa,8,0.1300597475503373,0.016560207567021784,XGBoost,angle_engineered,11
AF,LOFO,5,4ALG8HA,Pressure_kPa,9,0.1300597475503373,0.01358201738689796,XGBoost,angle_engineered,11
AF,LOFO,5,4ALG8HA,Pressure_kPa,10,0.1300597475503373,0.015269956993123723,XGBoost,angle_engineered,11
AF,LOFO,5,4ALG8HA,TP,1,0.1300597475503373,0.0,XGBoost,angle_engineered,11
AF,LOFO,5,4ALG8HA,TP,2,0.1300597475503373,0.0,XGBoost,angle_engineered,11
AF,LOFO,5,4ALG8HA,TP,3,0.1300597475503373,0.0,XGBoost,angle_engineered,11
AF,LOFO,5,4ALG8HA,TP,4,0.1300597475503373,0.0,XGBoost,angle_engineered,11
AF,LOFO,5,4ALG8HA,TP,5,0.1300597475503373,0.0,XGBoost,angle_engineered,11
AF,LOFO,5,4ALG8HA,TP,6,0.1300597475503373,0.0,XGBoost,angle_engineered,11
AF,LOFO,5,4ALG8HA,TP,7,0.1300597475503373,0.0,XGBoost,angle_engineered,11
AF,LOFO,5,4ALG8HA,TP,8,0.1300597475503373,0.0,XGBoost,angle_engineered,11
AF,LOFO,5,4ALG8HA,TP,9,0.1300597475503373,0.0,XGBoost,angle_engineered,11
AF,LOFO,5,4ALG8HA,TP,10,0.1300597475503373,0.0,XGBoost,angle_engineered,11
AF,LOFO,5,4ALG8HA,HF,1,0.1300597475503373,0.0,XGBoost,angle_engineered,11
AF,LOFO,5,4ALG8HA,HF,2,0.1300597475503373,0.0,XGBoost,angle_engineered,11
AF,LOFO,5,4ALG8HA,HF,3,0.1300597475503373,0.0,XGBoost,angle_engineered,11
AF,LOFO,5,4ALG8HA,HF,4,0.1300597475503373,0.0,XGBoost,angle_engineered,11
AF,LOFO,5,4ALG8HA,HF,5,0.1300597475503373,0.0,XGBoost,angle_engineered,11
AF,LOFO,5,4ALG8HA,HF,6,0.1300597475503373,0.0,XGBoost,angle_engineered,11
AF,LOFO,5,4ALG8HA,HF,7,0.1300597475503373,0.0,XGBoost,angle_engineered,11
AF,LOFO,5,4ALG8HA,HF,8,0.1300597475503373,0.0,XGBoost,angle_engineered,11
AF,LOFO,5,4ALG8HA,HF,9,0.1300597475503373,0.0,XGBoost,angle_engineered,11
AF,LOFO,5,4ALG8HA,HF,10,0.1300597475503373,0.0,XGBoost,angle_engineered,11
AF,LOFO,5,4ALG8HA,Alg_HA_ratio_safe,1,0.1300597475503373,0.0,XGBoost,angle_engineered,11
AF,LOFO,5,4ALG8HA,Alg_HA_ratio_safe,2,0.1300597475503373,0.0,XGBoost,angle_engineered,11
AF,LOFO,5,4ALG8HA,Alg_HA_ratio_safe,3,0.1300597475503373,0.0,XGBoost,angle_engineered,11
AF,LOFO,5,4ALG8HA,Alg_HA_ratio_safe,4,0.1300597475503373,0.0,XGBoost,angle_engineered,11
AF,LOFO,5,4ALG8HA,Alg_HA_ratio_safe,5,0.1300597475503373,0.0,XGBoost,angle_engineered,11
AF,LOFO,5,4ALG8HA,Alg_HA_ratio_safe,6,0.1300597475503373,0.0,XGBoost,angle_engineered,11
AF,LOFO,5,4ALG8HA,Alg_HA_ratio_safe,7,0.1300597475503373,0.0,XGBoost,angle_engineered,11
AF,LOFO,5,4ALG8HA,Alg_HA_ratio_safe,8,0.1300597475503373,0.0,XGBoost,angle_engineered,11
AF,LOFO,5,4ALG8HA,Alg_HA_ratio_safe,9,0.1300597475503373,0.0,XGBoost,angle_engineered,11
AF,LOFO,5,4ALG8HA,Alg_HA_ratio_safe,10,0.1300597475503373,0.0,XGBoost,angle_engineered,11
AF,LOFO,5,4ALG8HA,P_over_TP,1,0.1300597475503373,-0.0016015678396821553,XGBoost,angle_engineered,11
AF,LOFO,5,4ALG8HA,P_over_TP,2,0.1300597475503373,-0.001214955798204187,XGBoost,angle_engineered,11
AF,LOFO,5,4ALG8HA,P_over_TP,3,0.1300597475503373,-0.0008527104852302791,XGBoost,angle_engineered,11
AF,LOFO,5,4ALG8HA,P_over_TP,4,0.1300597475503373,-0.0011196848053237896,XGBoost,angle_engineered,11
AF,LOFO,5,4ALG8HA,P_over_TP,5,0.1300597475503373,-0.002540290933540218,XGBoost,angle_engineered,11
AF,LOFO,5,4ALG8HA,P_over_TP,6,0.1300597475503373,-0.005626589029050194,XGBoost,angle_engineered,11
AF,LOFO,5,4ALG8HA,P_over_TP,7,0.1300597475503373,0.0015147205111942508,XGBoost,angle_engineered,11
AF,LOFO,5,4ALG8HA,P_over_TP,8,0.1300597475503373,-0.0010183075486803195,XGBoost,angle_engineered,11
AF,LOFO,5,4ALG8HA,P_over_TP,9,0.1300597475503373,-0.002540290933540218,XGBoost,angle_engineered,11
AF,LOFO,5,4ALG8HA,P_over_TP,10,0.1300597475503373,-0.002892632790284594,XGBoost,angle_engineered,11
AF,LOFO,5,4ALG8HA,P_over_Alg,1,0.1300597475503373,0.0,XGBoost,angle_engineered,11
AF,LOFO,5,4ALG8HA,P_over_Alg,2,0.1300597475503373,0.0,XGBoost,angle_engineered,11
AF,LOFO,5,4ALG8HA,P_over_Alg,3,0.1300597475503373,0.0,XGBoost,angle_engineered,11
AF,LOFO,5,4ALG8HA,P_over_Alg,4,0.1300597475503373,0.0,XGBoost,angle_engineered,11
AF,LOFO,5,4ALG8HA,P_over_Alg,5,0.1300597475503373,0.0,XGBoost,angle_engineered,11
AF,LOFO,5,4ALG8HA,P_over_Alg,6,0.1300597475503373,0.0,XGBoost,angle_engineered,11
AF,LOFO,5,4ALG8HA,P_over_Alg,7,0.1300597475503373,0.0,XGBoost,angle_engineered,11
AF,LOFO,5,4ALG8HA,P_over_Alg,8,0.1300597475503373,0.0,XGBoost,angle_engineered,11
AF,LOFO,5,4ALG8HA,P_over_Alg,9,0.1300597475503373,0.0,XGBoost,angle_engineered,11
AF,LOFO,5,4ALG8HA,P_over_Alg,10,0.1300597475503373,0.0,XGBoost,angle_engineered,11
AF,LOFO,5,4ALG8HA,P_over_HA,1,0.1300597475503373,0.001378019393538904,XGBoost,angle_engineered,11
AF,LOFO,5,4ALG8HA,P_over_HA,2,0.1300597475503373,-0.002257903596374511,XGBoost,angle_engineered,11
AF,LOFO,5,4ALG8HA,P_over_HA,3,0.1300597475503373,0.0020676995051805425,XGBoost,angle_engineered,11
AF,LOFO,5,4ALG8HA,P_over_HA,4,0.1300597475503373,0.0014150915306402612,XGBoost,angle_engineered,11
AF,LOFO,5,4ALG8HA,P_over_HA,5,0.1300597475503373,-0.003723313647942872,XGBoost,angle_engineered,11
AF,LOFO,5,4ALG8HA,P_over_HA,6,0.1300597475503373,-0.003985437014348309,XGBoost,angle_engineered,11
AF,LOFO,5,4ALG8HA,P_over_HA,7,0.1300597475503373,0.0020117015966048535,XGBoost,angle_engineered,11
AF,LOFO,5,4ALG8HA,P_over_HA,8,0.1300597475503373,-0.002278631474373072,XGBoost,angle_engineered,11
AF,LOFO,5,4ALG8HA,P_over_HA,9,0.1300597475503373,-0.0036102067280322225,XGBoost,angle_engineered,11
AF,LOFO,5,4ALG8HA,P_over_HA,10,0.1300597475503373,-0.0042807533056992975,XGBoost,angle_engineered,11
AF,LOFO,5,4ALG8HA,Alg_x_HA,1,0.1300597475503373,0.0,XGBoost,angle_engineered,11
AF,LOFO,5,4ALG8HA,Alg_x_HA,2,0.1300597475503373,0.0,XGBoost,angle_engineered,11
AF,LOFO,5,4ALG8HA,Alg_x_HA,3,0.1300597475503373,0.0,XGBoost,angle_engineered,11
AF,LOFO,5,4ALG8HA,Alg_x_HA,4,0.1300597475503373,0.0,XGBoost,angle_engineered,11
AF,LOFO,5,4ALG8HA,Alg_x_HA,5,0.1300597475503373,0.0,XGBoost,angle_engineered,11
AF,LOFO,5,4ALG8HA,Alg_x_HA,6,0.1300597475503373,0.0,XGBoost,angle_engineered,11
AF,LOFO,5,4ALG8HA,Alg_x_HA,7,0.1300597475503373,0.0,XGBoost,angle_engineered,11
AF,LOFO,5,4ALG8HA,Alg_x_HA,8,0.1300597475503373,0.0,XGBoost,angle_engineered,11
AF,LOFO,5,4ALG8HA,Alg_x_HA,9,0.1300597475503373,0.0,XGBoost,angle_engineered,11
AF,LOFO,5,4ALG8HA,Alg_x_HA,10,0.1300597475503373,0.0,XGBoost,angle_engineered,11
AF,LOFO,5,4ALG8HA,Alg_x_P,1,0.1300597475503373,0.00804961250201372,XGBoost,angle_engineered,11
AF,LOFO,5,4ALG8HA,Alg_x_P,2,0.1300597475503373,-0.0019871024399698567,XGBoost,angle_engineered,11
AF,LOFO,5,4ALG8HA,Alg_x_P,3,0.1300597475503373,0.004516738612849847,XGBoost,angle_engineered,11
AF,LOFO,5,4ALG8HA,Alg_x_P,4,0.1300597475503373,0.007194888833204155,XGBoost,angle_engineered,11
AF,LOFO,5,4ALG8HA,Alg_x_P,5,0.1300597475503373,-0.0014781751333421411,XGBoost,angle_engineered,11
AF,LOFO,5,4ALG8HA,Alg_x_P,6,0.1300597475503373,0.004199035374147481,XGBoost,angle_engineered,11
AF,LOFO,5,4ALG8HA,Alg_x_P,7,0.1300597475503373,-0.0024901494319445883,XGBoost,angle_engineered,11
AF,LOFO,5,4ALG8HA,Alg_x_P,8,0.1300597475503373,-0.0020983326690635073,XGBoost,angle_engineered,11
AF,LOFO,5,4ALG8HA,Alg_x_P,9,0.1300597475503373,-0.0014781751333421411,XGBoost,angle_engineered,11
AF,LOFO,5,4ALG8HA,Alg_x_P,10,0.1300597475503373,-0.0015493500701402874,XGBoost,angle_engineered,11
AF,LOFO,5,4ALG8HA,HA_x_P,1,0.1300597475503373,-0.00047060278344857043,XGBoost,angle_engineered,11
AF,LOFO,5,4ALG8HA,HA_x_P,2,0.1300597475503373,0.0020481010910599895,XGBoost,angle_engineered,11
AF,LOFO,5,4ALG8HA,HA_x_P,3,0.1300597475503373,-0.00047060278344857043,XGBoost,angle_engineered,11
AF,LOFO,5,4ALG8HA,HA_x_P,4,0.1300597475503373,-0.00047060278344857043,XGBoost,angle_engineered,11
AF,LOFO,5,4ALG8HA,HA_x_P,5,0.1300597475503373,0.002099902389342212,XGBoost,angle_engineered,11
AF,LOFO,5,4ALG8HA,HA_x_P,6,0.1300597475503373,0.002099902389342212,XGBoost,angle_engineered,11
AF,LOFO,5,4ALG8HA,HA_x_P,7,0.1300597475503373,-0.0008981448902219691,XGBoost,angle_engineered,11
AF,LOFO,5,4ALG8HA,HA_x_P,8,0.1300597475503373,0.0012269388241823997,XGBoost,angle_engineered,11
AF,LOFO,5,4ALG8HA,HA_x_P,9,0.1300597475503373,0.002099902389342212,XGBoost,angle_engineered,11
AF,LOFO,5,4ALG8HA,HA_x_P,10,0.1300597475503373,0.002099902389342212,XGBoost,angle_engineered,11
AF,LOFO,5,4ALG8HA,TP_x_P,1,0.1300597475503373,0.0,XGBoost,angle_engineered,11
AF,LOFO,5,4ALG8HA,TP_x_P,2,0.1300597475503373,0.0,XGBoost,angle_engineered,11
AF,LOFO,5,4ALG8HA,TP_x_P,3,0.1300597475503373,0.0,XGBoost,angle_engineered,11
AF,LOFO,5,4ALG8HA,TP_x_P,4,0.1300597475503373,0.0,XGBoost,angle_engineered,11
AF,LOFO,5,4ALG8HA,TP_x_P,5,0.1300597475503373,0.0,XGBoost,angle_engineered,11
AF,LOFO,5,4ALG8HA,TP_x_P,6,0.1300597475503373,0.0,XGBoost,angle_engineered,11
AF,LOFO,5,4ALG8HA,TP_x_P,7,0.1300597475503373,0.0,XGBoost,angle_engineered,11
AF,LOFO,5,4ALG8HA,TP_x_P,8,0.1300597475503373,0.0,XGBoost,angle_engineered,11
AF,LOFO,5,4ALG8HA,TP_x_P,9,0.1300597475503373,0.0,XGBoost,angle_engineered,11
AF,LOFO,5,4ALG8HA,TP_x_P,10,0.1300597475503373,0.0,XGBoost,angle_engineered,11
AF,LOFO,5,4ALG8HA,HF_x_P,1,0.1300597475503373,5.0539696640594656e-05,XGBoost,angle_engineered,11
AF,LOFO,5,4ALG8HA,HF_x_P,2,0.1300597475503373,-0.00045479418983046527,XGBoost,angle_engineered,11
AF,LOFO,5,4ALG8HA,HF_x_P,3,0.1300597475503373,5.0539696640594656e-05,XGBoost,angle_engineered,11
AF,LOFO,5,4ALG8HA,HF_x_P,4,0.1300597475503373,5.0539696640594656e-05,XGBoost,angle_engineered,11
AF,LOFO,5,4ALG8HA,HF_x_P,5,0.1300597475503373,-0.00019974392687224785,XGBoost,angle_engineered,11
AF,LOFO,5,4ALG8HA,HF_x_P,6,0.1300597475503373,-0.00019974392687224785,XGBoost,angle_engineered,11
AF,LOFO,5,4ALG8HA,HF_x_P,7,0.1300597475503373,0.0002349441466874269,XGBoost,angle_engineered,11
AF,LOFO,5,4ALG8HA,HF_x_P,8,0.1300597475503373,-0.00011414018745053989,XGBoost,angle_engineered,11
AF,LOFO,5,4ALG8HA,HF_x_P,9,0.1300597475503373,-0.00019974392687224785,XGBoost,angle_engineered,11
AF,LOFO,5,4ALG8HA,HF_x_P,10,0.1300597475503373,-0.00019974392687224785,XGBoost,angle_engineered,11
AF,LOFO,5,4ALG8HA,Angle_deg,1,0.1300597475503373,0.23014223549183624,XGBoost,angle_engineered,11
AF,LOFO,5,4ALG8HA,Angle_deg,2,0.1300597475503373,0.17820810462843287,XGBoost,angle_engineered,11
AF,LOFO,5,4ALG8HA,Angle_deg,3,0.1300597475503373,0.2257701282499718,XGBoost,angle_engineered,11
AF,LOFO,5,4ALG8HA,Angle_deg,4,0.1300597475503373,0.1923762515603976,XGBoost,angle_engineered,11
AF,LOFO,5,4ALG8HA,Angle_deg,5,0.1300597475503373,0.1847326540782551,XGBoost,angle_engineered,11
AF,LOFO,5,4ALG8HA,Angle_deg,6,0.1300597475503373,0.2353476390529359,XGBoost,angle_engineered,11
AF,LOFO,5,4ALG8HA,Angle_deg,7,0.1300597475503373,0.23258974837382076,XGBoost,angle_engineered,11
AF,LOFO,5,4ALG8HA,Angle_deg,8,0.1300597475503373,0.17496265290037313,XGBoost,angle_engineered,11
AF,LOFO,5,4ALG8HA,Angle_deg,9,0.1300597475503373,0.25454262754752865,XGBoost,angle_engineered,11
AF,LOFO,5,4ALG8HA,Angle_deg,10,0.1300597475503373,0.1815321368433622,XGBoost,angle_engineered,11
AF,LOFO,5,4ALG8HA,P_x_Angle,1,0.1300597475503373,-0.004383838992577466,XGBoost,angle_engineered,11
AF,LOFO,5,4ALG8HA,P_x_Angle,2,0.1300597475503373,-0.0008260201229534914,XGBoost,angle_engineered,11
AF,LOFO,5,4ALG8HA,P_x_Angle,3,0.1300597475503373,-0.008163597711657547,XGBoost,angle_engineered,11
AF,LOFO,5,4ALG8HA,P_x_Angle,4,0.1300597475503373,-0.006954886059338999,XGBoost,angle_engineered,11
AF,LOFO,5,4ALG8HA,P_x_Angle,5,0.1300597475503373,0.0007277408283024589,XGBoost,angle_engineered,11
AF,LOFO,5,4ALG8HA,P_x_Angle,6,0.1300597475503373,-0.008612084092452552,XGBoost,angle_engineered,11
AF,LOFO,5,4ALG8HA,P_x_Angle,7,0.1300597475503373,-0.00200840053003698,XGBoost,angle_engineered,11
AF,LOFO,5,4ALG8HA,P_x_Angle,8,0.1300597475503373,0.0006676081840045756,XGBoost,angle_engineered,11
AF,LOFO,5,4ALG8HA,P_x_Angle,9,0.1300597475503373,-0.0071478047950689905,XGBoost,angle_engineered,11
AF,LOFO,5,4ALG8HA,P_x_Angle,10,0.1300597475503373,-0.006073884988552242,XGBoost,angle_engineered,11
AF,LOFO,5,4ALG8HA,Alg_x_Angle,1,0.1300597475503373,0.001112040938679587,XGBoost,angle_engineered,11
AF,LOFO,5,4ALG8HA,Alg_x_Angle,2,0.1300597475503373,0.0005043080747420825,XGBoost,angle_engineered,11
AF,LOFO,5,4ALG8HA,Alg_x_Angle,3,0.1300597475503373,0.001605769933260226,XGBoost,angle_engineered,11
AF,LOFO,5,4ALG8HA,Alg_x_Angle,4,0.1300597475503373,0.0013571985817334986,XGBoost,angle_engineered,11
AF,LOFO,5,4ALG8HA,Alg_x_Angle,5,0.1300597475503373,0.0005569812120547191,XGBoost,angle_engineered,11
AF,LOFO,5,4ALG8HA,Alg_x_Angle,6,0.1300597475503373,0.0012525527932787661,XGBoost,angle_engineered,11
AF,LOFO,5,4ALG8HA,Alg_x_Angle,7,0.1300597475503373,0.0011593419004717886,XGBoost,angle_engineered,11
AF,LOFO,5,4ALG8HA,Alg_x_Angle,8,0.1300597475503373,0.0004472612046233504,XGBoost,angle_engineered,11
AF,LOFO,5,4ALG8HA,Alg_x_Angle,9,0.1300597475503373,0.0015931551587076431,XGBoost,angle_engineered,11
AF,LOFO,5,4ALG8HA,Alg_x_Angle,10,0.1300597475503373,0.001261904465983732,XGBoost,angle_engineered,11
AF,LOFO,5,4ALG8HA,HA_x_Angle,1,0.1300597475503373,-0.000983587770078731,XGBoost,angle_engineered,11
AF,LOFO,5,4ALG8HA,HA_x_Angle,2,0.1300597475503373,-0.00043786036645707127,XGBoost,angle_engineered,11
AF,LOFO,5,4ALG8HA,HA_x_Angle,3,0.1300597475503373,-0.0014384960688052784,XGBoost,angle_engineered,11
AF,LOFO,5,4ALG8HA,HA_x_Angle,4,0.1300597475503373,-0.001209054904663498,XGBoost,angle_engineered,11
AF,LOFO,5,4ALG8HA,HA_x_Angle,5,0.1300597475503373,-0.0004858072824978077,XGBoost,angle_engineered,11
AF,LOFO,5,4ALG8HA,HA_x_Angle,6,0.1300597475503373,-0.0011127142997640338,XGBoost,angle_engineered,11
AF,LOFO,5,4ALG8HA,HA_x_Angle,7,0.1300597475503373,-0.0010270261912674328,XGBoost,angle_engineered,11
AF,LOFO,5,4ALG8HA,HA_x_Angle,8,0.1300597475503373,-0.0003859739605781287,XGBoost,angle_engineered,11
AF,LOFO,5,4ALG8HA,HA_x_Angle,9,0.1300597475503373,-0.0014268318249187895,XGBoost,angle_engineered,11
AF,LOFO,5,4ALG8HA,HA_x_Angle,10,0.1300597475503373,-0.0011213177288309228,XGBoost,angle_engineered,11
AF,LOFO,5,4ALG8HA,TP_x_Angle,1,0.1300597475503373,0.020235480362068847,XGBoost,angle_engineered,11
AF,LOFO,5,4ALG8HA,TP_x_Angle,2,0.1300597475503373,0.008696076654297141,XGBoost,angle_engineered,11
AF,LOFO,5,4ALG8HA,TP_x_Angle,3,0.1300597475503373,0.026264559379048563,XGBoost,angle_engineered,11
AF,LOFO,5,4ALG8HA,TP_x_Angle,4,0.1300597475503373,0.020563316614283705,XGBoost,angle_engineered,11
AF,LOFO,5,4ALG8HA,TP_x_Angle,5,0.1300597475503373,0.012954669694734855,XGBoost,angle_engineered,11
AF,LOFO,5,4ALG8HA,TP_x_Angle,6,0.1300597475503373,0.022058159987300457,XGBoost,angle_engineered,11
AF,LOFO,5,4ALG8HA,TP_x_Angle,7,0.1300597475503373,0.024096716435288434,XGBoost,angle_engineered,11
AF,LOFO,5,4ALG8HA,TP_x_Angle,8,0.1300597475503373,0.009112401383246677,XGBoost,angle_engineered,11
AF,LOFO,5,4ALG8HA,TP_x_Angle,9,0.1300597475503373,0.027673240829517776,XGBoost,angle_engineered,11
AF,LOFO,5,4ALG8HA,TP_x_Angle,10,0.1300597475503373,0.02093299319044481,XGBoost,angle_engineered,11
AF,LOFO,6,6ALG2HA,Alg_mg_ml,1,0.13380262186960698,0.0,XGBoost,angle_engineered,13
AF,LOFO,6,6ALG2HA,Alg_mg_ml,2,0.13380262186960698,0.0,XGBoost,angle_engineered,13
AF,LOFO,6,6ALG2HA,Alg_mg_ml,3,0.13380262186960698,0.0,XGBoost,angle_engineered,13
AF,LOFO,6,6ALG2HA,Alg_mg_ml,4,0.13380262186960698,0.0,XGBoost,angle_engineered,13
AF,LOFO,6,6ALG2HA,Alg_mg_ml,5,0.13380262186960698,0.0,XGBoost,angle_engineered,13
AF,LOFO,6,6ALG2HA,Alg_mg_ml,6,0.13380262186960698,0.0,XGBoost,angle_engineered,13
AF,LOFO,6,6ALG2HA,Alg_mg_ml,7,0.13380262186960698,0.0,XGBoost,angle_engineered,13
AF,LOFO,6,6ALG2HA,Alg_mg_ml,8,0.13380262186960698,0.0,XGBoost,angle_engineered,13
AF,LOFO,6,6ALG2HA,Alg_mg_ml,9,0.13380262186960698,0.0,XGBoost,angle_engineered,13
AF,LOFO,6,6ALG2HA,Alg_mg_ml,10,0.13380262186960698,0.0,XGBoost,angle_engineered,13
AF,LOFO,6,6ALG2HA,HA_mg_ml,1,0.13380262186960698,0.0,XGBoost,angle_engineered,13
AF,LOFO,6,6ALG2HA,HA_mg_ml,2,0.13380262186960698,0.0,XGBoost,angle_engineered,13
AF,LOFO,6,6ALG2HA,HA_mg_ml,3,0.13380262186960698,0.0,XGBoost,angle_engineered,13
AF,LOFO,6,6ALG2HA,HA_mg_ml,4,0.13380262186960698,0.0,XGBoost,angle_engineered,13
AF,LOFO,6,6ALG2HA,HA_mg_ml,5,0.13380262186960698,0.0,XGBoost,angle_engineered,13
AF,LOFO,6,6ALG2HA,HA_mg_ml,6,0.13380262186960698,0.0,XGBoost,angle_engineered,13
AF,LOFO,6,6ALG2HA,HA_mg_ml,7,0.13380262186960698,0.0,XGBoost,angle_engineered,13
AF,LOFO,6,6ALG2HA,HA_mg_ml,8,0.13380262186960698,0.0,XGBoost,angle_engineered,13
AF,LOFO,6,6ALG2HA,HA_mg_ml,9,0.13380262186960698,0.0,XGBoost,angle_engineered,13
AF,LOFO,6,6ALG2HA,HA_mg_ml,10,0.13380262186960698,0.0,XGBoost,angle_engineered,13
AF,LOFO,6,6ALG2HA,Pressure_kPa,1,0.13380262186960698,0.0010580945823876198,XGBoost,angle_engineered,13
AF,LOFO,6,6ALG2HA,Pressure_kPa,2,0.13380262186960698,0.015508173892324562,XGBoost,angle_engineered,13
AF,LOFO,6,6ALG2HA,Pressure_kPa,3,0.13380262186960698,0.021438222631502496,XGBoost,angle_engineered,13
AF,LOFO,6,6ALG2HA,Pressure_kPa,4,0.13380262186960698,0.0010931804107581766,XGBoost,angle_engineered,13
AF,LOFO,6,6ALG2HA,Pressure_kPa,5,0.13380262186960698,0.013834138508971444,XGBoost,angle_engineered,13
AF,LOFO,6,6ALG2HA,Pressure_kPa,6,0.13380262186960698,0.019818042678049486,XGBoost,angle_engineered,13
AF,LOFO,6,6ALG2HA,Pressure_kPa,7,0.13380262186960698,0.022814759491932207,XGBoost,angle_engineered,13
AF,LOFO,6,6ALG2HA,Pressure_kPa,8,0.13380262186960698,0.02226843800651046,XGBoost,angle_engineered,13
AF,LOFO,6,6ALG2HA,Pressure_kPa,9,0.13380262186960698,0.00785798060628387,XGBoost,angle_engineered,13
AF,LOFO,6,6ALG2HA,Pressure_kPa,10,0.13380262186960698,0.02227112112846466,XGBoost,angle_engineered,13
AF,LOFO,6,6ALG2HA,TP,1,0.13380262186960698,0.0,XGBoost,angle_engineered,13
AF,LOFO,6,6ALG2HA,TP,2,0.13380262186960698,0.0,XGBoost,angle_engineered,13
AF,LOFO,6,6ALG2HA,TP,3,0.13380262186960698,0.0,XGBoost,angle_engineered,13
AF,LOFO,6,6ALG2HA,TP,4,0.13380262186960698,0.0,XGBoost,angle_engineered,13
AF,LOFO,6,6ALG2HA,TP,5,0.13380262186960698,0.0,XGBoost,angle_engineered,13
AF,LOFO,6,6ALG2HA,TP,6,0.13380262186960698,0.0,XGBoost,angle_engineered,13
AF,LOFO,6,6ALG2HA,TP,7,0.13380262186960698,0.0,XGBoost,angle_engineered,13
AF,LOFO,6,6ALG2HA,TP,8,0.13380262186960698,0.0,XGBoost,angle_engineered,13
AF,LOFO,6,6ALG2HA,TP,9,0.13380262186960698,0.0,XGBoost,angle_engineered,13
AF,LOFO,6,6ALG2HA,TP,10,0.13380262186960698,0.0,XGBoost,angle_engineered,13
AF,LOFO,6,6ALG2HA,HF,1,0.13380262186960698,0.0,XGBoost,angle_engineered,13
AF,LOFO,6,6ALG2HA,HF,2,0.13380262186960698,0.0,XGBoost,angle_engineered,13
AF,LOFO,6,6ALG2HA,HF,3,0.13380262186960698,0.0,XGBoost,angle_engineered,13
AF,LOFO,6,6ALG2HA,HF,4,0.13380262186960698,0.0,XGBoost,angle_engineered,13
AF,LOFO,6,6ALG2HA,HF,5,0.13380262186960698,0.0,XGBoost,angle_engineered,13
AF,LOFO,6,6ALG2HA,HF,6,0.13380262186960698,0.0,XGBoost,angle_engineered,13
AF,LOFO,6,6ALG2HA,HF,7,0.13380262186960698,0.0,XGBoost,angle_engineered,13
AF,LOFO,6,6ALG2HA,HF,8,0.13380262186960698,0.0,XGBoost,angle_engineered,13
AF,LOFO,6,6ALG2HA,HF,9,0.13380262186960698,0.0,XGBoost,angle_engineered,13
AF,LOFO,6,6ALG2HA,HF,10,0.13380262186960698,0.0,XGBoost,angle_engineered,13
AF,LOFO,6,6ALG2HA,Alg_HA_ratio_safe,1,0.13380262186960698,0.0,XGBoost,angle_engineered,13
AF,LOFO,6,6ALG2HA,Alg_HA_ratio_safe,2,0.13380262186960698,0.0,XGBoost,angle_engineered,13
AF,LOFO,6,6ALG2HA,Alg_HA_ratio_safe,3,0.13380262186960698,0.0,XGBoost,angle_engineered,13
AF,LOFO,6,6ALG2HA,Alg_HA_ratio_safe,4,0.13380262186960698,0.0,XGBoost,angle_engineered,13
AF,LOFO,6,6ALG2HA,Alg_HA_ratio_safe,5,0.13380262186960698,0.0,XGBoost,angle_engineered,13
AF,LOFO,6,6ALG2HA,Alg_HA_ratio_safe,6,0.13380262186960698,0.0,XGBoost,angle_engineered,13
AF,LOFO,6,6ALG2HA,Alg_HA_ratio_safe,7,0.13380262186960698,0.0,XGBoost,angle_engineered,13
AF,LOFO,6,6ALG2HA,Alg_HA_ratio_safe,8,0.13380262186960698,0.0,XGBoost,angle_engineered,13
AF,LOFO,6,6ALG2HA,Alg_HA_ratio_safe,9,0.13380262186960698,0.0,XGBoost,angle_engineered,13
AF,LOFO,6,6ALG2HA,Alg_HA_ratio_safe,10,0.13380262186960698,0.0,XGBoost,angle_engineered,13
AF,LOFO,6,6ALG2HA,P_over_TP,1,0.13380262186960698,-0.0008312263037683898,XGBoost,angle_engineered,13
AF,LOFO,6,6ALG2HA,P_over_TP,2,0.13380262186960698,-0.0005141950153204344,XGBoost,angle_engineered,13
AF,LOFO,6,6ALG2HA,P_over_TP,3,0.13380262186960698,0.0008810035758992363,XGBoost,angle_engineered,13
AF,LOFO,6,6ALG2HA,P_over_TP,4,0.13380262186960698,-0.000527399902856579,XGBoost,angle_engineered,13
AF,LOFO,6,6ALG2HA,P_over_TP,5,0.13380262186960698,0.001121272493434633,XGBoost,angle_engineered,13
AF,LOFO,6,6ALG2HA,P_over_TP,6,0.13380262186960698,0.0009584613788503615,XGBoost,angle_engineered,13
AF,LOFO,6,6ALG2HA,P_over_TP,7,0.13380262186960698,0.00140559108376892,XGBoost,angle_engineered,13
AF,LOFO,6,6ALG2HA,P_over_TP,8,0.13380262186960698,0.0015388715960468757,XGBoost,angle_engineered,13
AF,LOFO,6,6ALG2HA,P_over_TP,9,0.13380262186960698,-0.0006238559674359712,XGBoost,angle_engineered,13
AF,LOFO,6,6ALG2HA,P_over_TP,10,0.13380262186960698,0.0014305888240400688,XGBoost,angle_engineered,13
AF,LOFO,6,6ALG2HA,P_over_Alg,1,0.13380262186960698,0.0,XGBoost,angle_engineered,13
AF,LOFO,6,6ALG2HA,P_over_Alg,2,0.13380262186960698,0.0,XGBoost,angle_engineered,13
AF,LOFO,6,6ALG2HA,P_over_Alg,3,0.13380262186960698,0.0,XGBoost,angle_engineered,13
AF,LOFO,6,6ALG2HA,P_over_Alg,4,0.13380262186960698,0.0,XGBoost,angle_engineered,13
AF,LOFO,6,6ALG2HA,P_over_Alg,5,0.13380262186960698,0.0,XGBoost,angle_engineered,13
AF,LOFO,6,6ALG2HA,P_over_Alg,6,0.13380262186960698,0.0,XGBoost,angle_engineered,13
AF,LOFO,6,6ALG2HA,P_over_Alg,7,0.13380262186960698,0.0,XGBoost,angle_engineered,13
AF,LOFO,6,6ALG2HA,P_over_Alg,8,0.13380262186960698,0.0,XGBoost,angle_engineered,13
AF,LOFO,6,6ALG2HA,P_over_Alg,9,0.13380262186960698,0.0,XGBoost,angle_engineered,13
AF,LOFO,6,6ALG2HA,P_over_Alg,10,0.13380262186960698,0.0,XGBoost,angle_engineered,13
AF,LOFO,6,6ALG2HA,P_over_HA,1,0.13380262186960698,0.0,XGBoost,angle_engineered,13
AF,LOFO,6,6ALG2HA,P_over_HA,2,0.13380262186960698,-2.621398196614444e-05,XGBoost,angle_engineered,13
AF,LOFO,6,6ALG2HA,P_over_HA,3,0.13380262186960698,-0.00038105044355526974,XGBoost,angle_engineered,13
AF,LOFO,6,6ALG2HA,P_over_HA,4,0.13380262186960698,0.0,XGBoost,angle_engineered,13
AF,LOFO,6,6ALG2HA,P_over_HA,5,0.13380262186960698,-0.0003221063596559881,XGBoost,angle_engineered,13
AF,LOFO,6,6ALG2HA,P_over_HA,6,0.13380262186960698,-0.0004758228871171999,XGBoost,angle_engineered,13
AF,LOFO,6,6ALG2HA,P_over_HA,7,0.13380262186960698,-2.621398196614444e-05,XGBoost,angle_engineered,13
AF,LOFO,6,6ALG2HA,P_over_HA,8,0.13380262186960698,-0.0004495205229272936,XGBoost,angle_engineered,13
AF,LOFO,6,6ALG2HA,P_over_HA,9,0.13380262186960698,-0.00038105044355526974,XGBoost,angle_engineered,13
AF,LOFO,6,6ALG2HA,P_over_HA,10,0.13380262186960698,0.0,XGBoost,angle_engineered,13
AF,LOFO,6,6ALG2HA,Alg_x_HA,1,0.13380262186960698,0.0,XGBoost,angle_engineered,13
AF,LOFO,6,6ALG2HA,Alg_x_HA,2,0.13380262186960698,0.0,XGBoost,angle_engineered,13
AF,LOFO,6,6ALG2HA,Alg_x_HA,3,0.13380262186960698,0.0,XGBoost,angle_engineered,13
AF,LOFO,6,6ALG2HA,Alg_x_HA,4,0.13380262186960698,0.0,XGBoost,angle_engineered,13
AF,LOFO,6,6ALG2HA,Alg_x_HA,5,0.13380262186960698,0.0,XGBoost,angle_engineered,13
AF,LOFO,6,6ALG2HA,Alg_x_HA,6,0.13380262186960698,0.0,XGBoost,angle_engineered,13
AF,LOFO,6,6ALG2HA,Alg_x_HA,7,0.13380262186960698,0.0,XGBoost,angle_engineered,13
AF,LOFO,6,6ALG2HA,Alg_x_HA,8,0.13380262186960698,0.0,XGBoost,angle_engineered,13
AF,LOFO,6,6ALG2HA,Alg_x_HA,9,0.13380262186960698,0.0,XGBoost,angle_engineered,13
AF,LOFO,6,6ALG2HA,Alg_x_HA,10,0.13380262186960698,0.0,XGBoost,angle_engineered,13
AF,LOFO,6,6ALG2HA,Alg_x_P,1,0.13380262186960698,0.0,XGBoost,angle_engineered,13
AF,LOFO,6,6ALG2HA,Alg_x_P,2,0.13380262186960698,0.0,XGBoost,angle_engineered,13
AF,LOFO,6,6ALG2HA,Alg_x_P,3,0.13380262186960698,0.0,XGBoost,angle_engineered,13
AF,LOFO,6,6ALG2HA,Alg_x_P,4,0.13380262186960698,0.0,XGBoost,angle_engineered,13
AF,LOFO,6,6ALG2HA,Alg_x_P,5,0.13380262186960698,0.0,XGBoost,angle_engineered,13
AF,LOFO,6,6ALG2HA,Alg_x_P,6,0.13380262186960698,0.0,XGBoost,angle_engineered,13
AF,LOFO,6,6ALG2HA,Alg_x_P,7,0.13380262186960698,0.0,XGBoost,angle_engineered,13
AF,LOFO,6,6ALG2HA,Alg_x_P,8,0.13380262186960698,0.0,XGBoost,angle_engineered,13
AF,LOFO,6,6ALG2HA,Alg_x_P,9,0.13380262186960698,0.0,XGBoost,angle_engineered,13
AF,LOFO,6,6ALG2HA,Alg_x_P,10,0.13380262186960698,0.0,XGBoost,angle_engineered,13
AF,LOFO,6,6ALG2HA,HA_x_P,1,0.13380262186960698,0.0,XGBoost,angle_engineered,13
AF,LOFO,6,6ALG2HA,HA_x_P,2,0.13380262186960698,0.0,XGBoost,angle_engineered,13
AF,LOFO,6,6ALG2HA,HA_x_P,3,0.13380262186960698,0.0,XGBoost,angle_engineered,13
AF,LOFO,6,6ALG2HA,HA_x_P,4,0.13380262186960698,0.0,XGBoost,angle_engineered,13
AF,LOFO,6,6ALG2HA,HA_x_P,5,0.13380262186960698,0.0,XGBoost,angle_engineered,13
AF,LOFO,6,6ALG2HA,HA_x_P,6,0.13380262186960698,0.0,XGBoost,angle_engineered,13
AF,LOFO,6,6ALG2HA,HA_x_P,7,0.13380262186960698,0.0,XGBoost,angle_engineered,13
AF,LOFO,6,6ALG2HA,HA_x_P,8,0.13380262186960698,0.0,XGBoost,angle_engineered,13
AF,LOFO,6,6ALG2HA,HA_x_P,9,0.13380262186960698,0.0,XGBoost,angle_engineered,13
AF,LOFO,6,6ALG2HA,HA_x_P,10,0.13380262186960698,0.0,XGBoost,angle_engineered,13
AF,LOFO,6,6ALG2HA,TP_x_P,1,0.13380262186960698,0.002612030639741997,XGBoost,angle_engineered,13
AF,LOFO,6,6ALG2HA,TP_x_P,2,0.13380262186960698,-0.009411264055473961,XGBoost,angle_engineered,13
AF,LOFO,6,6ALG2HA,TP_x_P,3,0.13380262186960698,-0.007268514444850771,XGBoost,angle_engineered,13
AF,LOFO,6,6ALG2HA,TP_x_P,4,0.13380262186960698,-0.0061170499274315615,XGBoost,angle_engineered,13
AF,LOFO,6,6ALG2HA,TP_x_P,5,0.13380262186960698,-0.006961388393691009,XGBoost,angle_engineered,13
AF,LOFO,6,6ALG2HA,TP_x_P,6,0.13380262186960698,-0.0033635240417227152,XGBoost,angle_engineered,13
AF,LOFO,6,6ALG2HA,TP_x_P,7,0.13380262186960698,-0.007421645903675667,XGBoost,angle_engineered,13
AF,LOFO,6,6ALG2HA,TP_x_P,8,0.13380262186960698,-0.00966063849862367,XGBoost,angle_engineered,13
AF,LOFO,6,6ALG2HA,TP_x_P,9,0.13380262186960698,-0.01060888910246513,XGBoost,angle_engineered,13
AF,LOFO,6,6ALG2HA,TP_x_P,10,0.13380262186960698,-0.010303646582290563,XGBoost,angle_engineered,13
AF,LOFO,6,6ALG2HA,HF_x_P,1,0.13380262186960698,0.0,XGBoost,angle_engineered,13
AF,LOFO,6,6ALG2HA,HF_x_P,2,0.13380262186960698,0.0,XGBoost,angle_engineered,13
AF,LOFO,6,6ALG2HA,HF_x_P,3,0.13380262186960698,0.0,XGBoost,angle_engineered,13
AF,LOFO,6,6ALG2HA,HF_x_P,4,0.13380262186960698,0.0,XGBoost,angle_engineered,13
AF,LOFO,6,6ALG2HA,HF_x_P,5,0.13380262186960698,0.0,XGBoost,angle_engineered,13
AF,LOFO,6,6ALG2HA,HF_x_P,6,0.13380262186960698,0.0,XGBoost,angle_engineered,13
AF,LOFO,6,6ALG2HA,HF_x_P,7,0.13380262186960698,0.0,XGBoost,angle_engineered,13
AF,LOFO,6,6ALG2HA,HF_x_P,8,0.13380262186960698,0.0,XGBoost,angle_engineered,13
AF,LOFO,6,6ALG2HA,HF_x_P,9,0.13380262186960698,0.0,XGBoost,angle_engineered,13
AF,LOFO,6,6ALG2HA,HF_x_P,10,0.13380262186960698,0.0,XGBoost,angle_engineered,13
AF,LOFO,6,6ALG2HA,Angle_deg,1,0.13380262186960698,0.2934400952163768,XGBoost,angle_engineered,13
AF,LOFO,6,6ALG2HA,Angle_deg,2,0.13380262186960698,0.293093763624134,XGBoost,angle_engineered,13
AF,LOFO,6,6ALG2HA,Angle_deg,3,0.13380262186960698,0.3543951826922678,XGBoost,angle_engineered,13
AF,LOFO,6,6ALG2HA,Angle_deg,4,0.13380262186960698,0.33116850674508824,XGBoost,angle_engineered,13
AF,LOFO,6,6ALG2HA,Angle_deg,5,0.13380262186960698,0.27391786432774423,XGBoost,angle_engineered,13
AF,LOFO,6,6ALG2HA,Angle_deg,6,0.13380262186960698,0.2159676260254942,XGBoost,angle_engineered,13
AF,LOFO,6,6ALG2HA,Angle_deg,7,0.13380262186960698,0.21674122607688887,XGBoost,angle_engineered,13
AF,LOFO,6,6ALG2HA,Angle_deg,8,0.13380262186960698,0.2009984630275581,XGBoost,angle_engineered,13
AF,LOFO,6,6ALG2HA,Angle_deg,9,0.13380262186960698,0.3331372480841853,XGBoost,angle_engineered,13
AF,LOFO,6,6ALG2HA,Angle_deg,10,0.13380262186960698,0.27089608725564573,XGBoost,angle_engineered,13
AF,LOFO,6,6ALG2HA,P_x_Angle,1,0.13380262186960698,0.01667962725841657,XGBoost,angle_engineered,13
AF,LOFO,6,6ALG2HA,P_x_Angle,2,0.13380262186960698,-0.01795937427943932,XGBoost,angle_engineered,13
AF,LOFO,6,6ALG2HA,P_x_Angle,3,0.13380262186960698,-0.0011540534889072918,XGBoost,angle_engineered,13
AF,LOFO,6,6ALG2HA,P_x_Angle,4,0.13380262186960698,0.022779732907088235,XGBoost,angle_engineered,13
AF,LOFO,6,6ALG2HA,P_x_Angle,5,0.13380262186960698,-0.0020906027827027607,XGBoost,angle_engineered,13
AF,LOFO,6,6ALG2HA,P_x_Angle,6,0.13380262186960698,-0.0015614636675453653,XGBoost,angle_engineered,13
AF,LOFO,6,6ALG2HA,P_x_Angle,7,0.13380262186960698,9.508330135082899e-05,XGBoost,angle_engineered,13
AF,LOFO,6,6ALG2HA,P_x_Angle,8,0.13380262186960698,-0.0018314707772807137,XGBoost,angle_engineered,13
AF,LOFO,6,6ALG2HA,P_x_Angle,9,0.13380262186960698,0.020635322014356,XGBoost,angle_engineered,13
AF,LOFO,6,6ALG2HA,P_x_Angle,10,0.13380262186960698,-0.02139586330441759,XGBoost,angle_engineered,13
AF,LOFO,6,6ALG2HA,Alg_x_Angle,1,0.13380262186960698,0.0,XGBoost,angle_engineered,13
AF,LOFO,6,6ALG2HA,Alg_x_Angle,2,0.13380262186960698,0.0,XGBoost,angle_engineered,13
AF,LOFO,6,6ALG2HA,Alg_x_Angle,3,0.13380262186960698,0.0,XGBoost,angle_engineered,13
AF,LOFO,6,6ALG2HA,Alg_x_Angle,4,0.13380262186960698,0.0,XGBoost,angle_engineered,13
AF,LOFO,6,6ALG2HA,Alg_x_Angle,5,0.13380262186960698,0.0,XGBoost,angle_engineered,13
AF,LOFO,6,6ALG2HA,Alg_x_Angle,6,0.13380262186960698,0.0,XGBoost,angle_engineered,13
AF,LOFO,6,6ALG2HA,Alg_x_Angle,7,0.13380262186960698,0.0,XGBoost,angle_engineered,13
AF,LOFO,6,6ALG2HA,Alg_x_Angle,8,0.13380262186960698,0.0,XGBoost,angle_engineered,13
AF,LOFO,6,6ALG2HA,Alg_x_Angle,9,0.13380262186960698,0.0,XGBoost,angle_engineered,13
AF,LOFO,6,6ALG2HA,Alg_x_Angle,10,0.13380262186960698,0.0,XGBoost,angle_engineered,13
AF,LOFO,6,6ALG2HA,HA_x_Angle,1,0.13380262186960698,0.0,XGBoost,angle_engineered,13
AF,LOFO,6,6ALG2HA,HA_x_Angle,2,0.13380262186960698,0.0,XGBoost,angle_engineered,13
AF,LOFO,6,6ALG2HA,HA_x_Angle,3,0.13380262186960698,0.0,XGBoost,angle_engineered,13
AF,LOFO,6,6ALG2HA,HA_x_Angle,4,0.13380262186960698,0.0,XGBoost,angle_engineered,13
AF,LOFO,6,6ALG2HA,HA_x_Angle,5,0.13380262186960698,0.0,XGBoost,angle_engineered,13
AF,LOFO,6,6ALG2HA,HA_x_Angle,6,0.13380262186960698,0.0,XGBoost,angle_engineered,13
AF,LOFO,6,6ALG2HA,HA_x_Angle,7,0.13380262186960698,0.0,XGBoost,angle_engineered,13
AF,LOFO,6,6ALG2HA,HA_x_Angle,8,0.13380262186960698,0.0,XGBoost,angle_engineered,13
AF,LOFO,6,6ALG2HA,HA_x_Angle,9,0.13380262186960698,0.0,XGBoost,angle_engineered,13
AF,LOFO,6,6ALG2HA,HA_x_Angle,10,0.13380262186960698,0.0,XGBoost,angle_engineered,13
AF,LOFO,6,6ALG2HA,TP_x_Angle,1,0.13380262186960698,0.008098428216933046,XGBoost,angle_engineered,13
AF,LOFO,6,6ALG2HA,TP_x_Angle,2,0.13380262186960698,-0.00043918759710115385,XGBoost,angle_engineered,13
AF,LOFO,6,6ALG2HA,TP_x_Angle,3,0.13380262186960698,-0.0025598008237907866,XGBoost,angle_engineered,13
AF,LOFO,6,6ALG2HA,TP_x_Angle,4,0.13380262186960698,0.010112532339324382,XGBoost,angle_engineered,13
AF,LOFO,6,6ALG2HA,TP_x_Angle,5,0.13380262186960698,0.01433269572369375,XGBoost,angle_engineered,13
AF,LOFO,6,6ALG2HA,TP_x_Angle,6,0.13380262186960698,-0.005764502985595749,XGBoost,angle_engineered,13
AF,LOFO,6,6ALG2HA,TP_x_Angle,7,0.13380262186960698,0.0008536085398344329,XGBoost,angle_engineered,13
AF,LOFO,6,6ALG2HA,TP_x_Angle,8,0.13380262186960698,-0.005932452473609046,XGBoost,angle_engineered,13
AF,LOFO,6,6ALG2HA,TP_x_Angle,9,0.13380262186960698,0.003988837767359366,XGBoost,angle_engineered,13
AF,LOFO,6,6ALG2HA,TP_x_Angle,10,0.13380262186960698,-0.01274698882733602,XGBoost,angle_engineered,13
AF,LOFO,7,6ALG4HA,Alg_mg_ml,1,0.1927336251529207,0.0,XGBoost,angle_engineered,12
AF,LOFO,7,6ALG4HA,Alg_mg_ml,2,0.1927336251529207,0.0,XGBoost,angle_engineered,12
AF,LOFO,7,6ALG4HA,Alg_mg_ml,3,0.1927336251529207,0.0,XGBoost,angle_engineered,12
AF,LOFO,7,6ALG4HA,Alg_mg_ml,4,0.1927336251529207,0.0,XGBoost,angle_engineered,12
AF,LOFO,7,6ALG4HA,Alg_mg_ml,5,0.1927336251529207,0.0,XGBoost,angle_engineered,12
AF,LOFO,7,6ALG4HA,Alg_mg_ml,6,0.1927336251529207,0.0,XGBoost,angle_engineered,12
AF,LOFO,7,6ALG4HA,Alg_mg_ml,7,0.1927336251529207,0.0,XGBoost,angle_engineered,12
AF,LOFO,7,6ALG4HA,Alg_mg_ml,8,0.1927336251529207,0.0,XGBoost,angle_engineered,12
AF,LOFO,7,6ALG4HA,Alg_mg_ml,9,0.1927336251529207,0.0,XGBoost,angle_engineered,12
AF,LOFO,7,6ALG4HA,Alg_mg_ml,10,0.1927336251529207,0.0,XGBoost,angle_engineered,12
AF,LOFO,7,6ALG4HA,HA_mg_ml,1,0.1927336251529207,0.0,XGBoost,angle_engineered,12
AF,LOFO,7,6ALG4HA,HA_mg_ml,2,0.1927336251529207,0.0,XGBoost,angle_engineered,12
AF,LOFO,7,6ALG4HA,HA_mg_ml,3,0.1927336251529207,0.0,XGBoost,angle_engineered,12
AF,LOFO,7,6ALG4HA,HA_mg_ml,4,0.1927336251529207,0.0,XGBoost,angle_engineered,12
AF,LOFO,7,6ALG4HA,HA_mg_ml,5,0.1927336251529207,0.0,XGBoost,angle_engineered,12
AF,LOFO,7,6ALG4HA,HA_mg_ml,6,0.1927336251529207,0.0,XGBoost,angle_engineered,12
AF,LOFO,7,6ALG4HA,HA_mg_ml,7,0.1927336251529207,0.0,XGBoost,angle_engineered,12
AF,LOFO,7,6ALG4HA,HA_mg_ml,8,0.1927336251529207,0.0,XGBoost,angle_engineered,12
AF,LOFO,7,6ALG4HA,HA_mg_ml,9,0.1927336251529207,0.0,XGBoost,angle_engineered,12
AF,LOFO,7,6ALG4HA,HA_mg_ml,10,0.1927336251529207,0.0,XGBoost,angle_engineered,12
AF,LOFO,7,6ALG4HA,Pressure_kPa,1,0.1927336251529207,0.0,XGBoost,angle_engineered,12
AF,LOFO,7,6ALG4HA,Pressure_kPa,2,0.1927336251529207,0.0,XGBoost,angle_engineered,12
AF,LOFO,7,6ALG4HA,Pressure_kPa,3,0.1927336251529207,0.0,XGBoost,angle_engineered,12
AF,LOFO,7,6ALG4HA,Pressure_kPa,4,0.1927336251529207,0.0,XGBoost,angle_engineered,12
AF,LOFO,7,6ALG4HA,Pressure_kPa,5,0.1927336251529207,0.0,XGBoost,angle_engineered,12
AF,LOFO,7,6ALG4HA,Pressure_kPa,6,0.1927336251529207,0.0,XGBoost,angle_engineered,12
AF,LOFO,7,6ALG4HA,Pressure_kPa,7,0.1927336251529207,0.0,XGBoost,angle_engineered,12
AF,LOFO,7,6ALG4HA,Pressure_kPa,8,0.1927336251529207,0.0,XGBoost,angle_engineered,12
AF,LOFO,7,6ALG4HA,Pressure_kPa,9,0.1927336251529207,0.0,XGBoost,angle_engineered,12
AF,LOFO,7,6ALG4HA,Pressure_kPa,10,0.1927336251529207,0.0,XGBoost,angle_engineered,12
AF,LOFO,7,6ALG4HA,TP,1,0.1927336251529207,0.0,XGBoost,angle_engineered,12
AF,LOFO,7,6ALG4HA,TP,2,0.1927336251529207,0.0,XGBoost,angle_engineered,12
AF,LOFO,7,6ALG4HA,TP,3,0.1927336251529207,0.0,XGBoost,angle_engineered,12
AF,LOFO,7,6ALG4HA,TP,4,0.1927336251529207,0.0,XGBoost,angle_engineered,12
AF,LOFO,7,6ALG4HA,TP,5,0.1927336251529207,0.0,XGBoost,angle_engineered,12
AF,LOFO,7,6ALG4HA,TP,6,0.1927336251529207,0.0,XGBoost,angle_engineered,12
AF,LOFO,7,6ALG4HA,TP,7,0.1927336251529207,0.0,XGBoost,angle_engineered,12
AF,LOFO,7,6ALG4HA,TP,8,0.1927336251529207,0.0,XGBoost,angle_engineered,12
AF,LOFO,7,6ALG4HA,TP,9,0.1927336251529207,0.0,XGBoost,angle_engineered,12
AF,LOFO,7,6ALG4HA,TP,10,0.1927336251529207,0.0,XGBoost,angle_engineered,12
AF,LOFO,7,6ALG4HA,HF,1,0.1927336251529207,0.0,XGBoost,angle_engineered,12
AF,LOFO,7,6ALG4HA,HF,2,0.1927336251529207,0.0,XGBoost,angle_engineered,12
AF,LOFO,7,6ALG4HA,HF,3,0.1927336251529207,0.0,XGBoost,angle_engineered,12
AF,LOFO,7,6ALG4HA,HF,4,0.1927336251529207,0.0,XGBoost,angle_engineered,12
AF,LOFO,7,6ALG4HA,HF,5,0.1927336251529207,0.0,XGBoost,angle_engineered,12
AF,LOFO,7,6ALG4HA,HF,6,0.1927336251529207,0.0,XGBoost,angle_engineered,12
AF,LOFO,7,6ALG4HA,HF,7,0.1927336251529207,0.0,XGBoost,angle_engineered,12
AF,LOFO,7,6ALG4HA,HF,8,0.1927336251529207,0.0,XGBoost,angle_engineered,12
AF,LOFO,7,6ALG4HA,HF,9,0.1927336251529207,0.0,XGBoost,angle_engineered,12
AF,LOFO,7,6ALG4HA,HF,10,0.1927336251529207,0.0,XGBoost,angle_engineered,12
AF,LOFO,7,6ALG4HA,Alg_HA_ratio_safe,1,0.1927336251529207,0.0,XGBoost,angle_engineered,12
AF,LOFO,7,6ALG4HA,Alg_HA_ratio_safe,2,0.1927336251529207,0.0,XGBoost,angle_engineered,12
AF,LOFO,7,6ALG4HA,Alg_HA_ratio_safe,3,0.1927336251529207,0.0,XGBoost,angle_engineered,12
AF,LOFO,7,6ALG4HA,Alg_HA_ratio_safe,4,0.1927336251529207,0.0,XGBoost,angle_engineered,12
AF,LOFO,7,6ALG4HA,Alg_HA_ratio_safe,5,0.1927336251529207,0.0,XGBoost,angle_engineered,12
AF,LOFO,7,6ALG4HA,Alg_HA_ratio_safe,6,0.1927336251529207,0.0,XGBoost,angle_engineered,12
AF,LOFO,7,6ALG4HA,Alg_HA_ratio_safe,7,0.1927336251529207,0.0,XGBoost,angle_engineered,12
AF,LOFO,7,6ALG4HA,Alg_HA_ratio_safe,8,0.1927336251529207,0.0,XGBoost,angle_engineered,12
AF,LOFO,7,6ALG4HA,Alg_HA_ratio_safe,9,0.1927336251529207,0.0,XGBoost,angle_engineered,12
AF,LOFO,7,6ALG4HA,Alg_HA_ratio_safe,10,0.1927336251529207,0.0,XGBoost,angle_engineered,12
AF,LOFO,7,6ALG4HA,P_over_TP,1,0.1927336251529207,0.0006588588075208679,XGBoost,angle_engineered,12
AF,LOFO,7,6ALG4HA,P_over_TP,2,0.1927336251529207,0.000347966740518485,XGBoost,angle_engineered,12
AF,LOFO,7,6ALG4HA,P_over_TP,3,0.1927336251529207,-0.0007529240065398402,XGBoost,angle_engineered,12
AF,LOFO,7,6ALG4HA,P_over_TP,4,0.1927336251529207,-0.0014850439604487398,XGBoost,angle_engineered,12
AF,LOFO,7,6ALG4HA,P_over_TP,5,0.1927336251529207,-0.0003146043476970062,XGBoost,angle_engineered,12
AF,LOFO,7,6ALG4HA,P_over_TP,6,0.1927336251529207,-0.0016763244235281083,XGBoost,angle_engineered,12
AF,LOFO,7,6ALG4HA,P_over_TP,7,0.1927336251529207,2.1355423645313953e-05,XGBoost,angle_engineered,12
AF,LOFO,7,6ALG4HA,P_over_TP,8,0.1927336251529207,-9.76307768771334e-05,XGBoost,angle_engineered,12
AF,LOFO,7,6ALG4HA,P_over_TP,9,0.1927336251529207,0.00022856235665547064,XGBoost,angle_engineered,12
AF,LOFO,7,6ALG4HA,P_over_TP,10,0.1927336251529207,0.000880429494560353,XGBoost,angle_engineered,12
AF,LOFO,7,6ALG4HA,P_over_Alg,1,0.1927336251529207,-0.0008885562856904006,XGBoost,angle_engineered,12
AF,LOFO,7,6ALG4HA,P_over_Alg,2,0.1927336251529207,0.0006947314193933851,XGBoost,angle_engineered,12
AF,LOFO,7,6ALG4HA,P_over_Alg,3,0.1927336251529207,-0.0012845171177888193,XGBoost,angle_engineered,12
AF,LOFO,7,6ALG4HA,P_over_Alg,4,0.1927336251529207,-0.002684788761311091,XGBoost,angle_engineered,12
AF,LOFO,7,6ALG4HA,P_over_Alg,5,0.1927336251529207,-5.955912043120737e-05,XGBoost,angle_engineered,12
AF,LOFO,7,6ALG4HA,P_over_Alg,6,0.1927336251529207,0.00018942629763635255,XGBoost,angle_engineered,12
AF,LOFO,7,6ALG4HA,P_over_Alg,7,0.1927336251529207,-0.0014428290716209102,XGBoost,angle_engineered,12
AF,LOFO,7,6ALG4HA,P_over_Alg,8,0.1927336251529207,-0.00031368829313860314,XGBoost,angle_engineered,12
AF,LOFO,7,6ALG4HA,P_over_Alg,9,0.1927336251529207,-0.0006899625338242787,XGBoost,angle_engineered,12
AF,LOFO,7,6ALG4HA,P_over_Alg,10,0.1927336251529207,0.000165799315399201,XGBoost,angle_engineered,12
AF,LOFO,7,6ALG4HA,P_over_HA,1,0.1927336251529207,-0.011817336994635969,XGBoost,angle_engineered,12
AF,LOFO,7,6ALG4HA,P_over_HA,2,0.1927336251529207,0.0008738539414784585,XGBoost,angle_engineered,12
AF,LOFO,7,6ALG4HA,P_over_HA,3,0.1927336251529207,-0.00515531899504762,XGBoost,angle_engineered,12
AF,LOFO,7,6ALG4HA,P_over_HA,4,0.1927336251529207,0.001939111285776396,XGBoost,angle_engineered,12
AF,LOFO,7,6ALG4HA,P_over_HA,5,0.1927336251529207,0.003791810622534475,XGBoost,angle_engineered,12
AF,LOFO,7,6ALG4HA,P_over_HA,6,0.1927336251529207,0.0005784704987145117,XGBoost,angle_engineered,12
AF,LOFO,7,6ALG4HA,P_over_HA,7,0.1927336251529207,-0.008822305573933792,XGBoost,angle_engineered,12
AF,LOFO,7,6ALG4HA,P_over_HA,8,0.1927336251529207,-0.00317344860536517,XGBoost,angle_engineered,12
AF,LOFO,7,6ALG4HA,P_over_HA,9,0.1927336251529207,-0.0059996025179740176,XGBoost,angle_engineered,12
AF,LOFO,7,6ALG4HA,P_over_HA,10,0.1927336251529207,-0.008466238739950394,XGBoost,angle_engineered,12
AF,LOFO,7,6ALG4HA,Alg_x_HA,1,0.1927336251529207,0.0,XGBoost,angle_engineered,12
AF,LOFO,7,6ALG4HA,Alg_x_HA,2,0.1927336251529207,0.0,XGBoost,angle_engineered,12
AF,LOFO,7,6ALG4HA,Alg_x_HA,3,0.1927336251529207,0.0,XGBoost,angle_engineered,12
AF,LOFO,7,6ALG4HA,Alg_x_HA,4,0.1927336251529207,0.0,XGBoost,angle_engineered,12
AF,LOFO,7,6ALG4HA,Alg_x_HA,5,0.1927336251529207,0.0,XGBoost,angle_engineered,12
AF,LOFO,7,6ALG4HA,Alg_x_HA,6,0.1927336251529207,0.0,XGBoost,angle_engineered,12
AF,LOFO,7,6ALG4HA,Alg_x_HA,7,0.1927336251529207,0.0,XGBoost,angle_engineered,12
AF,LOFO,7,6ALG4HA,Alg_x_HA,8,0.1927336251529207,0.0,XGBoost,angle_engineered,12
AF,LOFO,7,6ALG4HA,Alg_x_HA,9,0.1927336251529207,0.0,XGBoost,angle_engineered,12
AF,LOFO,7,6ALG4HA,Alg_x_HA,10,0.1927336251529207,0.0,XGBoost,angle_engineered,12
AF,LOFO,7,6ALG4HA,Alg_x_P,1,0.1927336251529207,0.0,XGBoost,angle_engineered,12
AF,LOFO,7,6ALG4HA,Alg_x_P,2,0.1927336251529207,0.0,XGBoost,angle_engineered,12
AF,LOFO,7,6ALG4HA,Alg_x_P,3,0.1927336251529207,0.0,XGBoost,angle_engineered,12
AF,LOFO,7,6ALG4HA,Alg_x_P,4,0.1927336251529207,0.0,XGBoost,angle_engineered,12
AF,LOFO,7,6ALG4HA,Alg_x_P,5,0.1927336251529207,0.0,XGBoost,angle_engineered,12
AF,LOFO,7,6ALG4HA,Alg_x_P,6,0.1927336251529207,0.0,XGBoost,angle_engineered,12
AF,LOFO,7,6ALG4HA,Alg_x_P,7,0.1927336251529207,0.0,XGBoost,angle_engineered,12
AF,LOFO,7,6ALG4HA,Alg_x_P,8,0.1927336251529207,0.0,XGBoost,angle_engineered,12
AF,LOFO,7,6ALG4HA,Alg_x_P,9,0.1927336251529207,0.0,XGBoost,angle_engineered,12
AF,LOFO,7,6ALG4HA,Alg_x_P,10,0.1927336251529207,0.0,XGBoost,angle_engineered,12
AF,LOFO,7,6ALG4HA,HA_x_P,1,0.1927336251529207,0.0,XGBoost,angle_engineered,12
AF,LOFO,7,6ALG4HA,HA_x_P,2,0.1927336251529207,0.0,XGBoost,angle_engineered,12
AF,LOFO,7,6ALG4HA,HA_x_P,3,0.1927336251529207,0.0,XGBoost,angle_engineered,12
AF,LOFO,7,6ALG4HA,HA_x_P,4,0.1927336251529207,0.0,XGBoost,angle_engineered,12
AF,LOFO,7,6ALG4HA,HA_x_P,5,0.1927336251529207,0.0,XGBoost,angle_engineered,12
AF,LOFO,7,6ALG4HA,HA_x_P,6,0.1927336251529207,0.0,XGBoost,angle_engineered,12
AF,LOFO,7,6ALG4HA,HA_x_P,7,0.1927336251529207,0.0,XGBoost,angle_engineered,12
AF,LOFO,7,6ALG4HA,HA_x_P,8,0.1927336251529207,0.0,XGBoost,angle_engineered,12
AF,LOFO,7,6ALG4HA,HA_x_P,9,0.1927336251529207,0.0,XGBoost,angle_engineered,12
AF,LOFO,7,6ALG4HA,HA_x_P,10,0.1927336251529207,0.0,XGBoost,angle_engineered,12
AF,LOFO,7,6ALG4HA,TP_x_P,1,0.1927336251529207,0.0,XGBoost,angle_engineered,12
AF,LOFO,7,6ALG4HA,TP_x_P,2,0.1927336251529207,0.0,XGBoost,angle_engineered,12
AF,LOFO,7,6ALG4HA,TP_x_P,3,0.1927336251529207,0.0,XGBoost,angle_engineered,12
AF,LOFO,7,6ALG4HA,TP_x_P,4,0.1927336251529207,0.0,XGBoost,angle_engineered,12
AF,LOFO,7,6ALG4HA,TP_x_P,5,0.1927336251529207,0.0,XGBoost,angle_engineered,12
AF,LOFO,7,6ALG4HA,TP_x_P,6,0.1927336251529207,0.0,XGBoost,angle_engineered,12
AF,LOFO,7,6ALG4HA,TP_x_P,7,0.1927336251529207,0.0,XGBoost,angle_engineered,12
AF,LOFO,7,6ALG4HA,TP_x_P,8,0.1927336251529207,0.0,XGBoost,angle_engineered,12
AF,LOFO,7,6ALG4HA,TP_x_P,9,0.1927336251529207,0.0,XGBoost,angle_engineered,12
AF,LOFO,7,6ALG4HA,TP_x_P,10,0.1927336251529207,0.0,XGBoost,angle_engineered,12
AF,LOFO,7,6ALG4HA,HF_x_P,1,0.1927336251529207,-5.6837829432110354e-05,XGBoost,angle_engineered,12
AF,LOFO,7,6ALG4HA,HF_x_P,2,0.1927336251529207,-0.00012440181735559608,XGBoost,angle_engineered,12
AF,LOFO,7,6ALG4HA,HF_x_P,3,0.1927336251529207,8.390717588860341e-05,XGBoost,angle_engineered,12
AF,LOFO,7,6ALG4HA,HF_x_P,4,0.1927336251529207,0.0005712490647299118,XGBoost,angle_engineered,12
AF,LOFO,7,6ALG4HA,HF_x_P,5,0.1927336251529207,5.571014243860306e-05,XGBoost,angle_engineered,12
AF,LOFO,7,6ALG4HA,HF_x_P,6,0.1927336251529207,-4.215946245508806e-05,XGBoost,angle_engineered,12
AF,LOFO,7,6ALG4HA,HF_x_P,7,0.1927336251529207,8.390717588860341e-05,XGBoost,angle_engineered,12
AF,LOFO,7,6ALG4HA,HF_x_P,8,0.1927336251529207,-4.215946245508806e-05,XGBoost,angle_engineered,12
AF,LOFO,7,6ALG4HA,HF_x_P,9,0.1927336251529207,0.0,XGBoost,angle_engineered,12
AF,LOFO,7,6ALG4HA,HF_x_P,10,0.1927336251529207,-0.00029765920196225815,XGBoost,angle_engineered,12
AF,LOFO,7,6ALG4HA,Angle_deg,1,0.1927336251529207,0.1193891799775732,XGBoost,angle_engineered,12
AF,LOFO,7,6ALG4HA,Angle_deg,2,0.1927336251529207,0.10581768656825247,XGBoost,angle_engineered,12
AF,LOFO,7,6ALG4HA,Angle_deg,3,0.1927336251529207,0.24103904499068302,XGBoost,angle_engineered,12
AF,LOFO,7,6ALG4HA,Angle_deg,4,0.1927336251529207,0.2328697405110099,XGBoost,angle_engineered,12
AF,LOFO,7,6ALG4HA,Angle_deg,5,0.1927336251529207,0.23721394404308926,XGBoost,angle_engineered,12
AF,LOFO,7,6ALG4HA,Angle_deg,6,0.1927336251529207,0.2500291168077396,XGBoost,angle_engineered,12
AF,LOFO,7,6ALG4HA,Angle_deg,7,0.1927336251529207,0.23428053336986404,XGBoost,angle_engineered,12
AF,LOFO,7,6ALG4HA,Angle_deg,8,0.1927336251529207,0.20431010172943037,XGBoost,angle_engineered,12
AF,LOFO,7,6ALG4HA,Angle_deg,9,0.1927336251529207,0.032356816094446295,XGBoost,angle_engineered,12
AF,LOFO,7,6ALG4HA,Angle_deg,10,0.1927336251529207,0.08501764118803262,XGBoost,angle_engineered,12
AF,LOFO,7,6ALG4HA,P_x_Angle,1,0.1927336251529207,0.00015651361701651823,XGBoost,angle_engineered,12
AF,LOFO,7,6ALG4HA,P_x_Angle,2,0.1927336251529207,0.0012772044048427467,XGBoost,angle_engineered,12
AF,LOFO,7,6ALG4HA,P_x_Angle,3,0.1927336251529207,0.0008526310223363476,XGBoost,angle_engineered,12
AF,LOFO,7,6ALG4HA,P_x_Angle,4,0.1927336251529207,0.0006091729564982884,XGBoost,angle_engineered,12
AF,LOFO,7,6ALG4HA,P_x_Angle,5,0.1927336251529207,-0.00021175100631889987,XGBoost,angle_engineered,12
AF,LOFO,7,6ALG4HA,P_x_Angle,6,0.1927336251529207,0.0005993044331393249,XGBoost,angle_engineered,12
AF,LOFO,7,6ALG4HA,P_x_Angle,7,0.1927336251529207,9.056867036855154e-05,XGBoost,angle_engineered,12
AF,LOFO,7,6ALG4HA,P_x_Angle,8,0.1927336251529207,-0.0005499526316279091,XGBoost,angle_engineered,12
AF,LOFO,7,6ALG4HA,P_x_Angle,9,0.1927336251529207,0.0014768349112871115,XGBoost,angle_engineered,12
AF,LOFO,7,6ALG4HA,P_x_Angle,10,0.1927336251529207,0.0004234952399009284,XGBoost,angle_engineered,12
AF,LOFO,7,6ALG4HA,Alg_x_Angle,1,0.1927336251529207,3.68845202010637e-05,XGBoost,angle_engineered,12
AF,LOFO,7,6ALG4HA,Alg_x_Angle,2,0.1927336251529207,0.00020375198805261396,XGBoost,angle_engineered,12
AF,LOFO,7,6ALG4HA,Alg_x_Angle,3,0.1927336251529207,2.732399932856011e-05,XGBoost,angle_engineered,12
AF,LOFO,7,6ALG4HA,Alg_x_Angle,4,0.1927336251529207,9.996657384872543e-05,XGBoost,angle_engineered,12
AF,LOFO,7,6ALG4HA,Alg_x_Angle,5,0.1927336251529207,-4.3224048423023964e-05,XGBoost,angle_engineered,12
AF,LOFO,7,6ALG4HA,Alg_x_Angle,6,0.1927336251529207,9.079616372068e-05,XGBoost,angle_engineered,12
AF,LOFO,7,6ALG4HA,Alg_x_Angle,7,0.1927336251529207,1.1009839821274348e-05,XGBoost,angle_engineered,12
AF,LOFO,7,6ALG4HA,Alg_x_Angle,8,0.1927336251529207,-0.00010105486413858333,XGBoost,angle_engineered,12
AF,LOFO,7,6ALG4HA,Alg_x_Angle,9,0.1927336251529207,0.0002778473486347577,XGBoost,angle_engineered,12
AF,LOFO,7,6ALG4HA,Alg_x_Angle,10,0.1927336251529207,7.10966862316198e-05,XGBoost,angle_engineered,12
AF,LOFO,7,6ALG4HA,HA_x_Angle,1,0.1927336251529207,2.2759469517824593e-05,XGBoost,angle_engineered,12
AF,LOFO,7,6ALG4HA,HA_x_Angle,2,0.1927336251529207,0.00014951572177138162,XGBoost,angle_engineered,12
AF,LOFO,7,6ALG4HA,HA_x_Angle,3,0.1927336251529207,0.00025984122439068336,XGBoost,angle_engineered,12
AF,LOFO,7,6ALG4HA,HA_x_Angle,4,0.1927336251529207,0.00012979573388094412,XGBoost,angle_engineered,12
AF,LOFO,7,6ALG4HA,HA_x_Angle,5,0.1927336251529207,-0.0003719681548428333,XGBoost,angle_engineered,12
AF,LOFO,7,6ALG4HA,HA_x_Angle,6,0.1927336251529207,-7.605694582787925e-05,XGBoost,angle_engineered,12
AF,LOFO,7,6ALG4HA,HA_x_Angle,7,0.1927336251529207,5.1906710049037796e-05,XGBoost,angle_engineered,12
AF,LOFO,7,6ALG4HA,HA_x_Angle,8,0.1927336251529207,0.00012503348395764835,XGBoost,angle_engineered,12
AF,LOFO,7,6ALG4HA,HA_x_Angle,9,0.1927336251529207,0.0002421565051100305,XGBoost,angle_engineered,12
AF,LOFO,7,6ALG4HA,HA_x_Angle,10,0.1927336251529207,0.00016585938165203373,XGBoost,angle_engineered,12
AF,LOFO,7,6ALG4HA,TP_x_Angle,1,0.1927336251529207,0.014163412088413097,XGBoost,angle_engineered,12
AF,LOFO,7,6ALG4HA,TP_x_Angle,2,0.1927336251529207,-0.01565155214743938,XGBoost,angle_engineered,12
AF,LOFO,7,6ALG4HA,TP_x_Angle,3,0.1927336251529207,0.02712689333195467,XGBoost,angle_engineered,12
AF,LOFO,7,6ALG4HA,TP_x_Angle,4,0.1927336251529207,0.01407413108638142,XGBoost,angle_engineered,12
AF,LOFO,7,6ALG4HA,TP_x_Angle,5,0.1927336251529207,0.02961913194836141,XGBoost,angle_engineered,12
AF,LOFO,7,6ALG4HA,TP_x_Angle,6,0.1927336251529207,0.0169727842384777,XGBoost,angle_engineered,12
AF,LOFO,7,6ALG4HA,TP_x_Angle,7,0.1927336251529207,0.03018245068274475,XGBoost,angle_engineered,12
AF,LOFO,7,6ALG4HA,TP_x_Angle,8,0.1927336251529207,0.0372424057455302,XGBoost,angle_engineered,12
AF,LOFO,7,6ALG4HA,TP_x_Angle,9,0.1927336251529207,-0.03261293121632636,XGBoost,angle_engineered,12
AF,LOFO,7,6ALG4HA,TP_x_Angle,10,0.1927336251529207,-0.0024141445686172713,XGBoost,angle_engineered,12
AF,LOFO,8,6ALG6HA,Alg_mg_ml,1,0.14033187453993562,0.0,XGBoost,angle_engineered,14
AF,LOFO,8,6ALG6HA,Alg_mg_ml,2,0.14033187453993562,0.0,XGBoost,angle_engineered,14
AF,LOFO,8,6ALG6HA,Alg_mg_ml,3,0.14033187453993562,0.0,XGBoost,angle_engineered,14
AF,LOFO,8,6ALG6HA,Alg_mg_ml,4,0.14033187453993562,0.0,XGBoost,angle_engineered,14
AF,LOFO,8,6ALG6HA,Alg_mg_ml,5,0.14033187453993562,0.0,XGBoost,angle_engineered,14
AF,LOFO,8,6ALG6HA,Alg_mg_ml,6,0.14033187453993562,0.0,XGBoost,angle_engineered,14
AF,LOFO,8,6ALG6HA,Alg_mg_ml,7,0.14033187453993562,0.0,XGBoost,angle_engineered,14
AF,LOFO,8,6ALG6HA,Alg_mg_ml,8,0.14033187453993562,0.0,XGBoost,angle_engineered,14
AF,LOFO,8,6ALG6HA,Alg_mg_ml,9,0.14033187453993562,0.0,XGBoost,angle_engineered,14
AF,LOFO,8,6ALG6HA,Alg_mg_ml,10,0.14033187453993562,0.0,XGBoost,angle_engineered,14
AF,LOFO,8,6ALG6HA,HA_mg_ml,1,0.14033187453993562,0.0,XGBoost,angle_engineered,14
AF,LOFO,8,6ALG6HA,HA_mg_ml,2,0.14033187453993562,0.0,XGBoost,angle_engineered,14
AF,LOFO,8,6ALG6HA,HA_mg_ml,3,0.14033187453993562,0.0,XGBoost,angle_engineered,14
AF,LOFO,8,6ALG6HA,HA_mg_ml,4,0.14033187453993562,0.0,XGBoost,angle_engineered,14
AF,LOFO,8,6ALG6HA,HA_mg_ml,5,0.14033187453993562,0.0,XGBoost,angle_engineered,14
AF,LOFO,8,6ALG6HA,HA_mg_ml,6,0.14033187453993562,0.0,XGBoost,angle_engineered,14
AF,LOFO,8,6ALG6HA,HA_mg_ml,7,0.14033187453993562,0.0,XGBoost,angle_engineered,14
AF,LOFO,8,6ALG6HA,HA_mg_ml,8,0.14033187453993562,0.0,XGBoost,angle_engineered,14
AF,LOFO,8,6ALG6HA,HA_mg_ml,9,0.14033187453993562,0.0,XGBoost,angle_engineered,14
AF,LOFO,8,6ALG6HA,HA_mg_ml,10,0.14033187453993562,0.0,XGBoost,angle_engineered,14
AF,LOFO,8,6ALG6HA,Pressure_kPa,1,0.14033187453993562,0.001453742067057201,XGBoost,angle_engineered,14
AF,LOFO,8,6ALG6HA,Pressure_kPa,2,0.14033187453993562,0.0010891311296398198,XGBoost,angle_engineered,14
AF,LOFO,8,6ALG6HA,Pressure_kPa,3,0.14033187453993562,0.0007969971427008449,XGBoost,angle_engineered,14
AF,LOFO,8,6ALG6HA,Pressure_kPa,4,0.14033187453993562,0.0017622303691738062,XGBoost,angle_engineered,14
AF,LOFO,8,6ALG6HA,Pressure_kPa,5,0.14033187453993562,0.0018528316376374976,XGBoost,angle_engineered,14
AF,LOFO,8,6ALG6HA,Pressure_kPa,6,0.14033187453993562,0.0002490846640093858,XGBoost,angle_engineered,14
AF,LOFO,8,6ALG6HA,Pressure_kPa,7,0.14033187453993562,0.0012172983135029514,XGBoost,angle_engineered,14
AF,LOFO,8,6ALG6HA,Pressure_kPa,8,0.14033187453993562,0.000551844973957466,XGBoost,angle_engineered,14
AF,LOFO,8,6ALG6HA,Pressure_kPa,9,0.14033187453993562,0.0018793115282917106,XGBoost,angle_engineered,14
AF,LOFO,8,6ALG6HA,Pressure_kPa,10,0.14033187453993562,0.001412859048689763,XGBoost,angle_engineered,14
AF,LOFO,8,6ALG6HA,TP,1,0.14033187453993562,0.0,XGBoost,angle_engineered,14
AF,LOFO,8,6ALG6HA,TP,2,0.14033187453993562,0.0,XGBoost,angle_engineered,14
AF,LOFO,8,6ALG6HA,TP,3,0.14033187453993562,0.0,XGBoost,angle_engineered,14
AF,LOFO,8,6ALG6HA,TP,4,0.14033187453993562,0.0,XGBoost,angle_engineered,14
AF,LOFO,8,6ALG6HA,TP,5,0.14033187453993562,0.0,XGBoost,angle_engineered,14
AF,LOFO,8,6ALG6HA,TP,6,0.14033187453993562,0.0,XGBoost,angle_engineered,14
AF,LOFO,8,6ALG6HA,TP,7,0.14033187453993562,0.0,XGBoost,angle_engineered,14
AF,LOFO,8,6ALG6HA,TP,8,0.14033187453993562,0.0,XGBoost,angle_engineered,14
AF,LOFO,8,6ALG6HA,TP,9,0.14033187453993562,0.0,XGBoost,angle_engineered,14
AF,LOFO,8,6ALG6HA,TP,10,0.14033187453993562,0.0,XGBoost,angle_engineered,14
AF,LOFO,8,6ALG6HA,HF,1,0.14033187453993562,0.0,XGBoost,angle_engineered,14
AF,LOFO,8,6ALG6HA,HF,2,0.14033187453993562,0.0,XGBoost,angle_engineered,14
AF,LOFO,8,6ALG6HA,HF,3,0.14033187453993562,0.0,XGBoost,angle_engineered,14
AF,LOFO,8,6ALG6HA,HF,4,0.14033187453993562,0.0,XGBoost,angle_engineered,14
AF,LOFO,8,6ALG6HA,HF,5,0.14033187453993562,0.0,XGBoost,angle_engineered,14
AF,LOFO,8,6ALG6HA,HF,6,0.14033187453993562,0.0,XGBoost,angle_engineered,14
AF,LOFO,8,6ALG6HA,HF,7,0.14033187453993562,0.0,XGBoost,angle_engineered,14
AF,LOFO,8,6ALG6HA,HF,8,0.14033187453993562,0.0,XGBoost,angle_engineered,14
AF,LOFO,8,6ALG6HA,HF,9,0.14033187453993562,0.0,XGBoost,angle_engineered,14
AF,LOFO,8,6ALG6HA,HF,10,0.14033187453993562,0.0,XGBoost,angle_engineered,14
AF,LOFO,8,6ALG6HA,Alg_HA_ratio_safe,1,0.14033187453993562,0.0,XGBoost,angle_engineered,14
AF,LOFO,8,6ALG6HA,Alg_HA_ratio_safe,2,0.14033187453993562,0.0,XGBoost,angle_engineered,14
AF,LOFO,8,6ALG6HA,Alg_HA_ratio_safe,3,0.14033187453993562,0.0,XGBoost,angle_engineered,14
AF,LOFO,8,6ALG6HA,Alg_HA_ratio_safe,4,0.14033187453993562,0.0,XGBoost,angle_engineered,14
AF,LOFO,8,6ALG6HA,Alg_HA_ratio_safe,5,0.14033187453993562,0.0,XGBoost,angle_engineered,14
AF,LOFO,8,6ALG6HA,Alg_HA_ratio_safe,6,0.14033187453993562,0.0,XGBoost,angle_engineered,14
AF,LOFO,8,6ALG6HA,Alg_HA_ratio_safe,7,0.14033187453993562,0.0,XGBoost,angle_engineered,14
AF,LOFO,8,6ALG6HA,Alg_HA_ratio_safe,8,0.14033187453993562,0.0,XGBoost,angle_engineered,14
AF,LOFO,8,6ALG6HA,Alg_HA_ratio_safe,9,0.14033187453993562,0.0,XGBoost,angle_engineered,14
AF,LOFO,8,6ALG6HA,Alg_HA_ratio_safe,10,0.14033187453993562,0.0,XGBoost,angle_engineered,14
AF,LOFO,8,6ALG6HA,P_over_TP,1,0.14033187453993562,0.000867777777502271,XGBoost,angle_engineered,14
AF,LOFO,8,6ALG6HA,P_over_TP,2,0.14033187453993562,0.000625770312927737,XGBoost,angle_engineered,14
AF,LOFO,8,6ALG6HA,P_over_TP,3,0.14033187453993562,0.0006395367096954374,XGBoost,angle_engineered,14
AF,LOFO,8,6ALG6HA,P_over_TP,4,0.14033187453993562,0.0011218322022939486,XGBoost,angle_engineered,14
AF,LOFO,8,6ALG6HA,P_over_TP,5,0.14033187453993562,0.0010300270866251682,XGBoost,angle_engineered,14
AF,LOFO,8,6ALG6HA,P_over_TP,6,0.14033187453993562,0.00020125459250081024,XGBoost,angle_engineered,14
AF,LOFO,8,6ALG6HA,P_over_TP,7,0.14033187453993562,0.0007399911168185225,XGBoost,angle_engineered,14
AF,LOFO,8,6ALG6HA,P_over_TP,8,0.14033187453993562,0.0002703935902470811,XGBoost,angle_engineered,14
AF,LOFO,8,6ALG6HA,P_over_TP,9,0.14033187453993562,0.0009388635690941449,XGBoost,angle_engineered,14
AF,LOFO,8,6ALG6HA,P_over_TP,10,0.14033187453993562,0.0008320390177892489,XGBoost,angle_engineered,14
AF,LOFO,8,6ALG6HA,P_over_Alg,1,0.14033187453993562,0.0,XGBoost,angle_engineered,14
AF,LOFO,8,6ALG6HA,P_over_Alg,2,0.14033187453993562,1.4431954012406045e-07,XGBoost,angle_engineered,14
AF,LOFO,8,6ALG6HA,P_over_Alg,3,0.14033187453993562,1.4431954012406045e-07,XGBoost,angle_engineered,14
AF,LOFO,8,6ALG6HA,P_over_Alg,4,0.14033187453993562,5.277943171608235e-05,XGBoost,angle_engineered,14
AF,LOFO,8,6ALG6HA,P_over_Alg,5,0.14033187453993562,5.277943171608235e-05,XGBoost,angle_engineered,14
AF,LOFO,8,6ALG6HA,P_over_Alg,6,0.14033187453993562,0.0,XGBoost,angle_engineered,14
AF,LOFO,8,6ALG6HA,P_over_Alg,7,0.14033187453993562,6.556528181131394e-05,XGBoost,angle_engineered,14
AF,LOFO,8,6ALG6HA,P_over_Alg,8,0.14033187453993562,8.340179185994945e-06,XGBoost,angle_engineered,14
AF,LOFO,8,6ALG6HA,P_over_Alg,9,0.14033187453993562,8.340179185994945e-06,XGBoost,angle_engineered,14
AF,LOFO,8,6ALG6HA,P_over_Alg,10,0.14033187453993562,6.111647548975863e-05,XGBoost,angle_engineered,14
AF,LOFO,8,6ALG6HA,P_over_HA,1,0.14033187453993562,-0.010974143440900502,XGBoost,angle_engineered,14
AF,LOFO,8,6ALG6HA,P_over_HA,2,0.14033187453993562,-0.0034696816661779484,XGBoost,angle_engineered,14
AF,LOFO,8,6ALG6HA,P_over_HA,3,0.14033187453993562,-0.003589632865431791,XGBoost,angle_engineered,14
AF,LOFO,8,6ALG6HA,P_over_HA,4,0.14033187453993562,-0.01314821689894402,XGBoost,angle_engineered,14
AF,LOFO,8,6ALG6HA,P_over_HA,5,0.14033187453993562,-0.012151021770712478,XGBoost,angle_engineered,14
AF,LOFO,8,6ALG6HA,P_over_HA,6,0.14033187453993562,0.0013060197841802124,XGBoost,angle_engineered,14
AF,LOFO,8,6ALG6HA,P_over_HA,7,0.14033187453993562,-0.007915911022473437,XGBoost,angle_engineered,14
AF,LOFO,8,6ALG6HA,P_over_HA,8,0.14033187453993562,-0.005413350436534431,XGBoost,angle_engineered,14
AF,LOFO,8,6ALG6HA,P_over_HA,9,0.14033187453993562,-0.01158994124756385,XGBoost,angle_engineered,14
AF,LOFO,8,6ALG6HA,P_over_HA,10,0.14033187453993562,-0.00981352648290773,XGBoost,angle_engineered,14
AF,LOFO,8,6ALG6HA,Alg_x_HA,1,0.14033187453993562,0.0,XGBoost,angle_engineered,14
AF,LOFO,8,6ALG6HA,Alg_x_HA,2,0.14033187453993562,0.0,XGBoost,angle_engineered,14
AF,LOFO,8,6ALG6HA,Alg_x_HA,3,0.14033187453993562,0.0,XGBoost,angle_engineered,14
AF,LOFO,8,6ALG6HA,Alg_x_HA,4,0.14033187453993562,0.0,XGBoost,angle_engineered,14
AF,LOFO,8,6ALG6HA,Alg_x_HA,5,0.14033187453993562,0.0,XGBoost,angle_engineered,14
AF,LOFO,8,6ALG6HA,Alg_x_HA,6,0.14033187453993562,0.0,XGBoost,angle_engineered,14
AF,LOFO,8,6ALG6HA,Alg_x_HA,7,0.14033187453993562,0.0,XGBoost,angle_engineered,14
AF,LOFO,8,6ALG6HA,Alg_x_HA,8,0.14033187453993562,0.0,XGBoost,angle_engineered,14
AF,LOFO,8,6ALG6HA,Alg_x_HA,9,0.14033187453993562,0.0,XGBoost,angle_engineered,14
AF,LOFO,8,6ALG6HA,Alg_x_HA,10,0.14033187453993562,0.0,XGBoost,angle_engineered,14
AF,LOFO,8,6ALG6HA,Alg_x_P,1,0.14033187453993562,0.0,XGBoost,angle_engineered,14
AF,LOFO,8,6ALG6HA,Alg_x_P,2,0.14033187453993562,0.0,XGBoost,angle_engineered,14
AF,LOFO,8,6ALG6HA,Alg_x_P,3,0.14033187453993562,0.0,XGBoost,angle_engineered,14
AF,LOFO,8,6ALG6HA,Alg_x_P,4,0.14033187453993562,0.0,XGBoost,angle_engineered,14
AF,LOFO,8,6ALG6HA,Alg_x_P,5,0.14033187453993562,0.0,XGBoost,angle_engineered,14
AF,LOFO,8,6ALG6HA,Alg_x_P,6,0.14033187453993562,0.0,XGBoost,angle_engineered,14
AF,LOFO,8,6ALG6HA,Alg_x_P,7,0.14033187453993562,0.0,XGBoost,angle_engineered,14
AF,LOFO,8,6ALG6HA,Alg_x_P,8,0.14033187453993562,0.0,XGBoost,angle_engineered,14
AF,LOFO,8,6ALG6HA,Alg_x_P,9,0.14033187453993562,0.0,XGBoost,angle_engineered,14
AF,LOFO,8,6ALG6HA,Alg_x_P,10,0.14033187453993562,0.0,XGBoost,angle_engineered,14
AF,LOFO,8,6ALG6HA,HA_x_P,1,0.14033187453993562,0.0,XGBoost,angle_engineered,14
AF,LOFO,8,6ALG6HA,HA_x_P,2,0.14033187453993562,0.0,XGBoost,angle_engineered,14
AF,LOFO,8,6ALG6HA,HA_x_P,3,0.14033187453993562,0.0,XGBoost,angle_engineered,14
AF,LOFO,8,6ALG6HA,HA_x_P,4,0.14033187453993562,0.0,XGBoost,angle_engineered,14
AF,LOFO,8,6ALG6HA,HA_x_P,5,0.14033187453993562,0.0,XGBoost,angle_engineered,14
AF,LOFO,8,6ALG6HA,HA_x_P,6,0.14033187453993562,0.0,XGBoost,angle_engineered,14
AF,LOFO,8,6ALG6HA,HA_x_P,7,0.14033187453993562,0.0,XGBoost,angle_engineered,14
AF,LOFO,8,6ALG6HA,HA_x_P,8,0.14033187453993562,0.0,XGBoost,angle_engineered,14
AF,LOFO,8,6ALG6HA,HA_x_P,9,0.14033187453993562,0.0,XGBoost,angle_engineered,14
AF,LOFO,8,6ALG6HA,HA_x_P,10,0.14033187453993562,0.0,XGBoost,angle_engineered,14
AF,LOFO,8,6ALG6HA,TP_x_P,1,0.14033187453993562,0.0,XGBoost,angle_engineered,14
AF,LOFO,8,6ALG6HA,TP_x_P,2,0.14033187453993562,0.0,XGBoost,angle_engineered,14
AF,LOFO,8,6ALG6HA,TP_x_P,3,0.14033187453993562,0.0,XGBoost,angle_engineered,14
AF,LOFO,8,6ALG6HA,TP_x_P,4,0.14033187453993562,0.0,XGBoost,angle_engineered,14
AF,LOFO,8,6ALG6HA,TP_x_P,5,0.14033187453993562,0.0,XGBoost,angle_engineered,14
AF,LOFO,8,6ALG6HA,TP_x_P,6,0.14033187453993562,0.0,XGBoost,angle_engineered,14
AF,LOFO,8,6ALG6HA,TP_x_P,7,0.14033187453993562,0.0,XGBoost,angle_engineered,14
AF,LOFO,8,6ALG6HA,TP_x_P,8,0.14033187453993562,0.0,XGBoost,angle_engineered,14
AF,LOFO,8,6ALG6HA,TP_x_P,9,0.14033187453993562,0.0,XGBoost,angle_engineered,14
AF,LOFO,8,6ALG6HA,TP_x_P,10,0.14033187453993562,0.0,XGBoost,angle_engineered,14
AF,LOFO,8,6ALG6HA,HF_x_P,1,0.14033187453993562,0.0,XGBoost,angle_engineered,14
AF,LOFO,8,6ALG6HA,HF_x_P,2,0.14033187453993562,0.0,XGBoost,angle_engineered,14
AF,LOFO,8,6ALG6HA,HF_x_P,3,0.14033187453993562,0.0,XGBoost,angle_engineered,14
AF,LOFO,8,6ALG6HA,HF_x_P,4,0.14033187453993562,0.0,XGBoost,angle_engineered,14
AF,LOFO,8,6ALG6HA,HF_x_P,5,0.14033187453993562,0.0,XGBoost,angle_engineered,14
AF,LOFO,8,6ALG6HA,HF_x_P,6,0.14033187453993562,0.0,XGBoost,angle_engineered,14
AF,LOFO,8,6ALG6HA,HF_x_P,7,0.14033187453993562,0.0,XGBoost,angle_engineered,14
AF,LOFO,8,6ALG6HA,HF_x_P,8,0.14033187453993562,0.0,XGBoost,angle_engineered,14
AF,LOFO,8,6ALG6HA,HF_x_P,9,0.14033187453993562,0.0,XGBoost,angle_engineered,14
AF,LOFO,8,6ALG6HA,HF_x_P,10,0.14033187453993562,0.0,XGBoost,angle_engineered,14
AF,LOFO,8,6ALG6HA,Angle_deg,1,0.14033187453993562,0.08291289662615695,XGBoost,angle_engineered,14
AF,LOFO,8,6ALG6HA,Angle_deg,2,0.14033187453993562,0.14474870320888517,XGBoost,angle_engineered,14
AF,LOFO,8,6ALG6HA,Angle_deg,3,0.14033187453993562,0.09907667193480277,XGBoost,angle_engineered,14
AF,LOFO,8,6ALG6HA,Angle_deg,4,0.14033187453993562,0.13188447263657838,XGBoost,angle_engineered,14
AF,LOFO,8,6ALG6HA,Angle_deg,5,0.14033187453993562,0.07385450954594838,XGBoost,angle_engineered,14
AF,LOFO,8,6ALG6HA,Angle_deg,6,0.14033187453993562,0.12496743212824385,XGBoost,angle_engineered,14
AF,LOFO,8,6ALG6HA,Angle_deg,7,0.14033187453993562,0.16601076137683884,XGBoost,angle_engineered,14
AF,LOFO,8,6ALG6HA,Angle_deg,8,0.14033187453993562,0.14362740221888043,XGBoost,angle_engineered,14
AF,LOFO,8,6ALG6HA,Angle_deg,9,0.14033187453993562,0.1830305252130091,XGBoost,angle_engineered,14
AF,LOFO,8,6ALG6HA,Angle_deg,10,0.14033187453993562,0.16338769860719637,XGBoost,angle_engineered,14
AF,LOFO,8,6ALG6HA,P_x_Angle,1,0.14033187453993562,-0.0024774362752336687,XGBoost,angle_engineered,14
AF,LOFO,8,6ALG6HA,P_x_Angle,2,0.14033187453993562,-0.0016149376246950564,XGBoost,angle_engineered,14
AF,LOFO,8,6ALG6HA,P_x_Angle,3,0.14033187453993562,-0.0014055352414062139,XGBoost,angle_engineered,14
AF,LOFO,8,6ALG6HA,P_x_Angle,4,0.14033187453993562,-0.00151733764609438,XGBoost,angle_engineered,14
AF,LOFO,8,6ALG6HA,P_x_Angle,5,0.14033187453993562,-0.003790127807081378,XGBoost,angle_engineered,14
AF,LOFO,8,6ALG6HA,P_x_Angle,6,0.14033187453993562,-0.000543026517615175,XGBoost,angle_engineered,14
AF,LOFO,8,6ALG6HA,P_x_Angle,7,0.14033187453993562,-0.002771018196643521,XGBoost,angle_engineered,14
AF,LOFO,8,6ALG6HA,P_x_Angle,8,0.14033187453993562,-0.00409032633095846,XGBoost,angle_engineered,14
AF,LOFO,8,6ALG6HA,P_x_Angle,9,0.14033187453993562,-0.0026329489035255282,XGBoost,angle_engineered,14
AF,LOFO,8,6ALG6HA,P_x_Angle,10,0.14033187453993562,-0.003505174116138876,XGBoost,angle_engineered,14
AF,LOFO,8,6ALG6HA,Alg_x_Angle,1,0.14033187453993562,0.0,XGBoost,angle_engineered,14
AF,LOFO,8,6ALG6HA,Alg_x_Angle,2,0.14033187453993562,0.0,XGBoost,angle_engineered,14
AF,LOFO,8,6ALG6HA,Alg_x_Angle,3,0.14033187453993562,0.0,XGBoost,angle_engineered,14
AF,LOFO,8,6ALG6HA,Alg_x_Angle,4,0.14033187453993562,0.0,XGBoost,angle_engineered,14
AF,LOFO,8,6ALG6HA,Alg_x_Angle,5,0.14033187453993562,0.0,XGBoost,angle_engineered,14
AF,LOFO,8,6ALG6HA,Alg_x_Angle,6,0.14033187453993562,0.0,XGBoost,angle_engineered,14
AF,LOFO,8,6ALG6HA,Alg_x_Angle,7,0.14033187453993562,0.0,XGBoost,angle_engineered,14
AF,LOFO,8,6ALG6HA,Alg_x_Angle,8,0.14033187453993562,0.0,XGBoost,angle_engineered,14
AF,LOFO,8,6ALG6HA,Alg_x_Angle,9,0.14033187453993562,0.0,XGBoost,angle_engineered,14
AF,LOFO,8,6ALG6HA,Alg_x_Angle,10,0.14033187453993562,0.0,XGBoost,angle_engineered,14
AF,LOFO,8,6ALG6HA,HA_x_Angle,1,0.14033187453993562,0.0007242774707781063,XGBoost,angle_engineered,14
AF,LOFO,8,6ALG6HA,HA_x_Angle,2,0.14033187453993562,0.000574412571958477,XGBoost,angle_engineered,14
AF,LOFO,8,6ALG6HA,HA_x_Angle,3,0.14033187453993562,0.0005826432559544181,XGBoost,angle_engineered,14
AF,LOFO,8,6ALG6HA,HA_x_Angle,4,0.14033187453993562,0.0005966323114442174,XGBoost,angle_engineered,14
AF,LOFO,8,6ALG6HA,HA_x_Angle,5,0.14033187453993562,0.0009566710075865348,XGBoost,angle_engineered,14
AF,LOFO,8,6ALG6HA,HA_x_Angle,6,0.14033187453993562,0.0001470902257903195,XGBoost,angle_engineered,14
AF,LOFO,8,6ALG6HA,HA_x_Angle,7,0.14033187453993562,0.0008353841205179235,XGBoost,angle_engineered,14
AF,LOFO,8,6ALG6HA,HA_x_Angle,8,0.14033187453993562,0.0011240344484711173,XGBoost,angle_engineered,14
AF,LOFO,8,6ALG6HA,HA_x_Angle,9,0.14033187453993562,0.0008213612968382689,XGBoost,angle_engineered,14
AF,LOFO,8,6ALG6HA,HA_x_Angle,10,0.14033187453993562,0.0009433540225595172,XGBoost,angle_engineered,14
AF,LOFO,8,6ALG6HA,TP_x_Angle,1,0.14033187453993562,-0.015734557435447286,XGBoost,angle_engineered,14
AF,LOFO,8,6ALG6HA,TP_x_Angle,2,0.14033187453993562,-0.0005697308440341942,XGBoost,angle_engineered,14
AF,LOFO,8,6ALG6HA,TP_x_Angle,3,0.14033187453993562,-0.006972475700559477,XGBoost,angle_engineered,14
AF,LOFO,8,6ALG6HA,TP_x_Angle,4,0.14033187453993562,-0.0005193076489308501,XGBoost,angle_engineered,14
AF,LOFO,8,6ALG6HA,TP_x_Angle,5,0.14033187453993562,-0.023901680222964836,XGBoost,angle_engineered,14
AF,LOFO,8,6ALG6HA,TP_x_Angle,6,0.14033187453993562,0.004472488605201469,XGBoost,angle_engineered,14
AF,LOFO,8,6ALG6HA,TP_x_Angle,7,0.14033187453993562,-0.008020053145433997,XGBoost,angle_engineered,14
AF,LOFO,8,6ALG6HA,TP_x_Angle,8,0.14033187453993562,-0.024098922409963364,XGBoost,angle_engineered,14
AF,LOFO,8,6ALG6HA,TP_x_Angle,9,0.14033187453993562,-0.005797681460066151,XGBoost,angle_engineered,14
AF,LOFO,8,6ALG6HA,TP_x_Angle,10,0.14033187453993562,-0.014305277410297301,XGBoost,angle_engineered,14
