R2,MAE,RMSE,Spearman,Baseline,Split,N_test,Target,Predictor
0.044623776027087114,0.6731793771236609,0.8899982019829438,0.6506496351610379,Qm: P/TP linear,1,8,Qm,P_over_TP
0.0060753402657265365,0.4602528930586066,0.595589915217428,0.4910267673844361,Qm: P/TP linear,2,8,Qm,P_over_TP
0.4035013408691882,0.22898290573854285,0.2901257824851186,0.730552019767088,Qm: P/TP linear,3,8,Qm,P_over_TP
-1.4972970626527689,0.4041771795761518,0.50312217435802,-0.07185757571479554,Qm: P/TP linear,4,8,Qm,P_over_TP
-0.0615203562768214,0.572425917895835,0.837818648817464,0.4285714285714286,Qm: P/TP linear,5,8,Qm,P_over_TP
0.16407158361105778,0.3930964318715515,0.5776048285977747,0.7142857142857144,Qm: P/TP linear,6,8,Qm,P_over_TP
0.10660944589731491,0.4087521984297342,0.47237403727443855,0.5748606057183643,Qm: P/TP linear,7,8,Qm,P_over_TP
-12.180477515023457,0.47839947888764545,0.6022591070921757,-0.5952380952380953,Qm: P/TP linear,8,8,Qm,P_over_TP
-0.0012503569202659826,0.7057326703810305,1.0294950377702614,0.261904761904762,Qm: P/TP linear,9,8,Qm,P_over_TP
-0.34066717247813627,0.48336964432801144,0.632434542229808,-0.1666666666666667,Qm: P/TP linear,10,8,Qm,P_over_TP
0.03435724255018091,0.5003688436742169,0.6374264483504983,0.14285714285714288,Qm: P/TP linear,11,8,Qm,P_over_TP
0.021372728820535203,0.4930257251769311,0.8208410124863733,0.5149792926227014,Qm: P/TP linear,12,8,Qm,P_over_TP
-5.846729059363772,0.43854935496319547,0.5052950475068989,-0.09581010095306071,Qm: P/TP linear,13,8,Qm,P_over_TP
0.09217854508343071,0.3553190540031973,0.42444337043967495,0.4311454542887732,Qm: P/TP linear,14,8,Qm,P_over_TP
-0.25978022180022564,0.5553905099034033,0.8461497023165847,0.203596464525254,Qm: P/TP linear,15,8,Qm,P_over_TP
-0.6441811834317774,0.43026320782690697,0.4933356864345066,0.28743030285918214,Qm: P/TP linear,16,8,Qm,P_over_TP
0.1156797942155301,0.5121130558852482,0.7940841225955196,0.523809523809524,Qm: P/TP linear,17,8,Qm,P_over_TP
-0.5802320042616775,0.689890178630382,0.9249483681412305,0.19047619047619052,Qm: P/TP linear,18,8,Qm,P_over_TP
-0.04901779144039753,0.3571093197128729,0.4214800035382205,0.4523809523809524,Qm: P/TP linear,19,8,Qm,P_over_TP
-0.09296377672552336,0.40585668775557054,0.5823158408356667,0.2142857142857143,Qm: P/TP linear,20,8,Qm,P_over_TP
-0.26319775767074494,0.5554868877466078,0.8593487369560567,0.5476190476190477,Qm: P/TP linear,21,8,Qm,P_over_TP
0.18759601349559107,0.3725243527967589,0.5380507639986762,0.7425282823862205,Qm: P/TP linear,22,8,Qm,P_over_TP
-0.536500039936687,0.414970550097336,0.49588237485930003,-0.14285714285714288,Qm: P/TP linear,23,8,Qm,P_over_TP
-8.096252968681661,0.5234273757372887,0.5717760570639322,0.27545404024004955,Qm: P/TP linear,24,8,Qm,P_over_TP
0.1265863308879558,0.5907064774914287,0.8335869883224671,0.45509797952703834,Qm: P/TP linear,25,8,Qm,P_over_TP
-0.18723525727559953,0.4757285276841756,0.6333451321543885,0.036147201953390995,Qm: P/TP linear,26,8,Qm,P_over_TP
0.06975132350672908,0.4888689799405311,0.7030314467032532,0.614502433207647,Qm: P/TP linear,27,8,Qm,P_over_TP
0.06459182849599576,0.5064305091220705,0.7974806258864434,0.29940656547831473,Qm: P/TP linear,28,8,Qm,P_over_TP
0.159029884355112,0.5069222502395523,0.6364062300408516,0.626551500525444,Qm: P/TP linear,29,8,Qm,P_over_TP
-7.730607519066345,0.4534671851852444,0.5748579646671083,0.14285714285714288,Qm: P/TP linear,30,8,Qm,P_over_TP
-0.3655383912528549,0.7696193010894186,0.9531561609371768,-0.07142857142857144,Qm: P/TP linear,31,8,Qm,P_over_TP
-0.21041748585661213,0.41552329600384963,0.4671252791506932,0.6190476190476191,Qm: P/TP linear,32,8,Qm,P_over_TP
-2.36448076266742,0.3150257387602464,0.4274510307018481,0.16766767666785626,Qm: P/TP linear,33,8,Qm,P_over_TP
-0.0682797147300398,0.28646935108882965,0.38267407732662406,0.6666666666666669,Qm: P/TP linear,34,8,Qm,P_over_TP
0.011036074701903598,0.6773648847093225,0.9623679363639327,0.7784570702436182,Qm: P/TP linear,35,8,Qm,P_over_TP
-0.2873904401076002,0.39293226290469185,0.501077610631207,-0.07185757571479554,Qm: P/TP linear,36,8,Qm,P_over_TP
0.07452003960068065,0.6138921665357615,0.8574482354291285,0.7075275528876865,Qm: P/TP linear,37,8,Qm,P_over_TP
-0.15624020338624045,0.36503633236462774,0.41734704205678536,0.7545045450053531,Qm: P/TP linear,38,8,Qm,P_over_TP
-0.0001228433032838261,0.33900872629077466,0.5279876806736277,0.4761904761904762,Qm: P/TP linear,39,8,Qm,P_over_TP
0.01181401929073822,0.6349961024677468,0.8382609670141956,0.14371515142959107,Qm: P/TP linear,40,8,Qm,P_over_TP
0.09295088489592884,0.49899070773476006,0.8044428477845714,0.34731161595484505,Qm: P/TP linear,41,8,Qm,P_over_TP
-0.1195285609690302,0.5575869195225853,0.7717901299038523,0.19047619047619052,Qm: P/TP linear,42,8,Qm,P_over_TP
0.06799237900578825,0.5084915668969949,0.6337035325329136,0.5269555552418339,Qm: P/TP linear,43,8,Qm,P_over_TP
-0.0034801686082608363,0.47124398319441557,0.615897750050274,0.4047619047619048,Qm: P/TP linear,44,8,Qm,P_over_TP
-2.1903484607141244,0.33487345087602904,0.3653329686803269,0.7857142857142858,Qm: P/TP linear,45,8,Qm,P_over_TP
-0.09664898058920568,0.5082718472511843,0.6414693422001161,0.09581010095306071,Qm: P/TP linear,46,8,Qm,P_over_TP
-0.3777572945529599,0.8375114036269353,1.177726659720843,0.7545045450053531,Qm: P/TP linear,47,8,Qm,P_over_TP
-2.8358877455312603,0.7190532648258051,0.8066971389395471,0.11904761904761905,Qm: P/TP linear,48,8,Qm,P_over_TP
0.038129093935162506,0.24654930633208666,0.2897587502060022,0.8503146459584139,Qm: P/TP linear,49,8,Qm,P_over_TP
-0.23495724794238804,0.27781186356740384,0.3423780661156734,0.6666666666666669,Qm: P/TP linear,50,8,Qm,P_over_TP
0.17670812657949608,0.3972132903170208,0.5528681120619621,0.7229440390678199,Qm: P/TP linear,51,8,Qm,P_over_TP
-0.125894312003199,0.4974657354497709,0.6207570225185071,0.2515015150017844,Qm: P/TP linear,52,8,Qm,P_over_TP
-0.17676570559606897,0.4875420155387269,0.8321619450688985,0.5389318178609664,Qm: P/TP linear,53,8,Qm,P_over_TP
-0.20175903446754218,0.4059223666381405,0.46060962335283717,0.2142857142857143,Qm: P/TP linear,54,8,Qm,P_over_TP
-0.08885520021591797,0.599410468261743,0.7718118994021551,0.33737388489831593,Qm: P/TP linear,55,8,Qm,P_over_TP
0.11190752634138912,0.5298140956980915,0.8276250882624824,0.6666666666666669,Qm: P/TP linear,56,8,Qm,P_over_TP
-0.09885562877292631,0.41895598388449595,0.4842662158063934,0.14285714285714288,Qm: P/TP linear,57,8,Qm,P_over_TP
-0.24478936580104604,0.6964197650939508,0.9158565090748779,-0.14371515142959107,Qm: P/TP linear,58,8,Qm,P_over_TP
0.11189850058254547,0.3959575619437029,0.5505507746078504,0.37126414119311024,Qm: P/TP linear,59,8,Qm,P_over_TP
0.13101511625778073,0.3288198727593201,0.38240321591573934,0.5988131309566295,Qm: P/TP linear,60,8,Qm,P_over_TP
-0.23999930931404068,0.42166840454891674,0.4869338845587975,0.3952166664313755,Qm: P/TP linear,61,8,Qm,P_over_TP
-0.08955394396396321,0.6364223428198705,0.8626978544229004,0.2395252523826518,Qm: P/TP linear,62,8,Qm,P_over_TP
-3.0692727154116053,0.34523415246582967,0.45725961263280207,-0.3571428571428572,Qm: P/TP linear,63,8,Qm,P_over_TP
0.11167478503882888,0.491121982085379,0.7942042726862941,0.4523809523809524,Qm: P/TP linear,64,8,Qm,P_over_TP
0.13627766526422835,0.49836711834500275,0.6215617906484909,0.7142857142857144,Qm: P/TP linear,65,8,Qm,P_over_TP
-0.1450123436281201,0.7588816274913763,1.0749285498663246,0.4523809523809524,Qm: P/TP linear,66,8,Qm,P_over_TP
0.08509148151340884,0.5714440030391482,0.7374707608217499,0.467074242146171,Qm: P/TP linear,67,8,Qm,P_over_TP
-0.8745367439910143,0.28830258204090253,0.3720952765639342,0.37126414119311024,Qm: P/TP linear,68,8,Qm,P_over_TP
-1.879857216448062,0.5511402532428253,0.6334797066089826,-0.2155727271443866,Qm: P/TP linear,69,8,Qm,P_over_TP
0.3372048199958735,0.29902293448966843,0.344263966583404,0.8742671711966791,Qm: P/TP linear,70,8,Qm,P_over_TP
-3.800972820699129,0.4185035945280872,0.46080207371699833,0.27545404024004955,Qm: P/TP linear,71,8,Qm,P_over_TP
-5.229760756577657,0.4847831502015121,0.6036224129122091,0.09523809523809526,Qm: P/TP linear,72,8,Qm,P_over_TP
0.20818540147945486,0.3171805688314644,0.37431666608856035,0.5714285714285715,Qm: P/TP linear,73,8,Qm,P_over_TP
-0.15528152376625592,0.8504618484923909,1.1633932526628934,0.7857142857142858,Qm: P/TP linear,74,8,Qm,P_over_TP
-0.32137668674759023,0.566521541988277,0.6934296367957643,-0.28743030285918214,Qm: P/TP linear,75,8,Qm,P_over_TP
-1.2740525779029497,0.23329820340985385,0.30434076053705994,0.6904761904761906,Qm: P/TP linear,76,8,Qm,P_over_TP
-0.029276701930210924,0.607034528552704,0.858588463457685,0.7142857142857144,Qm: P/TP linear,77,8,Qm,P_over_TP
0.0063370801433900725,0.5625866694751642,0.8141094282756334,0.09581010095306071,Qm: P/TP linear,78,8,Qm,P_over_TP
0.0892605087493975,0.6051306300458492,0.6788705674336157,0.3592878785739777,Qm: P/TP linear,79,8,Qm,P_over_TP
-0.09074497727884623,0.34326349703634945,0.4298082291229532,0.4191691916696407,Qm: P/TP linear,80,8,Qm,P_over_TP
-1.0194129808948462,0.3727361999087097,0.4387703759908699,0.730552019767088,Qm: P/TP linear,81,8,Qm,P_over_TP
-0.12444612553409229,0.5212285515900537,0.7380600021857464,0.5904042985720529,Qm: P/TP linear,82,8,Qm,P_over_TP
-0.059735647051898155,0.5329940867060119,0.7571608448022895,0.09523809523809526,Qm: P/TP linear,83,8,Qm,P_over_TP
-0.45139063643172816,0.3591437100031497,0.4415199937213902,0.407192929050508,Qm: P/TP linear,84,8,Qm,P_over_TP
0.01993120469159304,0.572244092699909,0.838565511640469,0.407192929050508,Qm: P/TP linear,85,8,Qm,P_over_TP
0.10907575566592664,0.5936390645647285,0.8362626153293152,0.22754898976351917,Qm: P/TP linear,86,8,Qm,P_over_TP
-0.041939222325124925,0.5579096118668702,0.8478824830534721,0.5868368683374969,Qm: P/TP linear,87,8,Qm,P_over_TP
0.0012798082199614313,0.4613796177566312,0.6123517973190079,0.4047619047619048,Qm: P/TP linear,88,8,Qm,P_over_TP
0.2052039225392518,0.33854457712355945,0.3963909933896923,0.3233590907165799,Qm: P/TP linear,89,8,Qm,P_over_TP
-2.3349899062672437,0.4073864105713364,0.48359317944335045,0.29940656547831473,Qm: P/TP linear,90,8,Qm,P_over_TP
-1.6805498417697007,0.3913853753353929,0.47217155718935233,0.14285714285714288,Qm: P/TP linear,91,8,Qm,P_over_TP
-0.7351465637044701,1.0868784874627226,1.316608581793133,0.2155727271443866,Qm: P/TP linear,92,8,Qm,P_over_TP
-0.17603205806166788,0.3759972639227611,0.45435580488431376,0.5389318178609664,Qm: P/TP linear,93,8,Qm,P_over_TP
-0.44365073606401295,0.38774139212885644,0.4558984415207152,0.4191691916696407,Qm: P/TP linear,94,8,Qm,P_over_TP
0.10638966910856673,0.3229649228543876,0.3486132133944036,0.8675328468813838,Qm: P/TP linear,95,8,Qm,P_over_TP
-1.3906408674553292,0.4162544538926393,0.48426991367622435,0.6428571428571429,Qm: P/TP linear,96,8,Qm,P_over_TP
-0.35136532688558075,0.7881847806659426,1.0903359484419186,0.16766767666785626,Qm: P/TP linear,97,8,Qm,P_over_TP
-0.05416441431496577,0.5303769725869818,0.7533488993491227,0.43915503282683993,Qm: P/TP linear,98,8,Qm,P_over_TP
-0.8736816304118169,0.3400707562022483,0.4162156303208626,0.38095238095238104,Qm: P/TP linear,99,8,Qm,P_over_TP
-0.1142829678950148,0.3940313479592463,0.43967093099540855,0.16766767666785626,Qm: P/TP linear,100,8,Qm,P_over_TP
-0.01562110039787945,0.6346804175800704,0.9176303567868912,0.6506496351610379,Qm: P/TP power law,1,8,Qm,P_over_TP
0.04158319681438416,0.39768599825294804,0.5848544682296356,0.4910267673844361,Qm: P/TP power law,2,8,Qm,P_over_TP
0.45738013485398665,0.2117434988333186,0.27671291757978694,0.730552019767088,Qm: P/TP power law,3,8,Qm,P_over_TP
-0.9757304673863658,0.3691494703603398,0.44750944309964397,-0.07185757571479554,Qm: P/TP power law,4,8,Qm,P_over_TP
-0.1630004210642204,0.5546851786008079,0.8769519448037526,0.4285714285714286,Qm: P/TP power law,5,8,Qm,P_over_TP
0.047559757003936,0.36296120836371104,0.6165455099622769,0.7142857142857144,Qm: P/TP power law,6,8,Qm,P_over_TP
0.23120657841721726,0.36805076385704616,0.43819777787263564,0.5748606057183643,Qm: P/TP power law,7,8,Qm,P_over_TP
-10.00097907385773,0.40170979516998606,0.5502163263817853,-0.5952380952380953,Qm: P/TP power law,8,8,Qm,P_over_TP
-0.046506827370309756,0.6777882270340967,1.052504469310702,0.261904761904762,Qm: P/TP power law,9,8,Qm,P_over_TP
-0.37747819522073023,0.485910249679236,0.6410582016834626,-0.1666666666666667,Qm: P/TP power law,10,8,Qm,P_over_TP
0.04073075502406087,0.47790513973366056,0.6353193692820589,0.14285714285714288,Qm: P/TP power law,11,8,Qm,P_over_TP
-0.04269048649084972,0.4873239084919269,0.847282225828253,0.5149792926227014,Qm: P/TP power law,12,8,Qm,P_over_TP
-4.279154445419001,0.36674090893213274,0.4436961440138186,-0.09581010095306071,Qm: P/TP power law,13,8,Qm,P_over_TP
0.1646951788506701,0.30233812708940583,0.40713836417189697,0.4311454542887732,Qm: P/TP power law,14,8,Qm,P_over_TP
-0.43446507084010433,0.5743812811648397,0.9029107046819291,0.203596464525254,Qm: P/TP power law,15,8,Qm,P_over_TP
-0.05835340565735625,0.3492397324375482,0.3958066177185949,0.28743030285918214,Qm: P/TP power law,16,8,Qm,P_over_TP
0.1103266604882922,0.46571426900805535,0.7964839461403974,0.523809523809524,Qm: P/TP power law,17,8,Qm,P_over_TP
-0.7984374896676403,0.7348991130936393,0.986744552461953,0.19047619047619052,Qm: P/TP power law,18,8,Qm,P_over_TP
0.12853106229986633,0.29161628756692515,0.3841594350271256,0.4523809523809524,Qm: P/TP power law,19,8,Qm,P_over_TP
-0.1209737267278097,0.34547643353949786,0.5897302929932218,0.2142857142857143,Qm: P/TP power law,20,8,Qm,P_over_TP
-0.468115956915502,0.6019835021504623,0.9264328571328286,0.5476190476190477,Qm: P/TP power law,21,8,Qm,P_over_TP
0.08363919066749737,0.3689591255222124,0.5714397972761279,0.7425282823862205,Qm: P/TP power law,22,8,Qm,P_over_TP
-0.7053229855116274,0.3900839909584419,0.5224150831824289,-0.14285714285714288,Qm: P/TP power law,23,8,Qm,P_over_TP
-4.982184772278935,0.3837472447380352,0.4636866711626818,0.27545404024004955,Qm: P/TP power law,24,8,Qm,P_over_TP
0.1481474633483395,0.5329385350974176,0.8232337091213447,0.45509797952703834,Qm: P/TP power law,25,8,Qm,P_over_TP
-0.40357303052803917,0.5052152022478517,0.688635728753464,0.036147201953390995,Qm: P/TP power law,26,8,Qm,P_over_TP
0.06394047974041595,0.4124827071442255,0.7052237885151637,0.614502433207647,Qm: P/TP power law,27,8,Qm,P_over_TP
0.03152215604898856,0.4944545363682135,0.8114549356247517,0.29940656547831473,Qm: P/TP power law,28,8,Qm,P_over_TP
0.11654203723466738,0.4693758640994245,0.6522845405064494,0.626551500525444,Qm: P/TP power law,29,8,Qm,P_over_TP
-6.210138832581523,0.3942749810099024,0.5224083788745795,0.14285714285714288,Qm: P/TP power law,30,8,Qm,P_over_TP
-0.47190221394860177,0.7620406305716698,0.9895815312237923,-0.07142857142857144,Qm: P/TP power law,31,8,Qm,P_over_TP
0.08128866965370285,0.31080921893536473,0.40696336176295084,0.6190476190476191,Qm: P/TP power law,32,8,Qm,P_over_TP
-1.9024381630611282,0.2654958039325977,0.39701675174480233,0.16766767666785626,Qm: P/TP power law,33,8,Qm,P_over_TP
0.2916359938019786,0.2470978640080259,0.3116124461665048,0.6666666666666669,Qm: P/TP power law,34,8,Qm,P_over_TP
-0.004145361437595696,0.6126602101054375,0.9697263868606778,0.7784570702436182,Qm: P/TP power law,35,8,Qm,P_over_TP
-0.4346497759767267,0.3878013073634077,0.5289599676771449,-0.07185757571479554,Qm: P/TP power law,36,8,Qm,P_over_TP
0.002842874270785778,0.587334623502763,0.8900331852964742,0.7075275528876865,Qm: P/TP power law,37,8,Qm,P_over_TP
0.2736062489687594,0.2893557471954105,0.3307953198605997,0.7545045450053531,Qm: P/TP power law,38,8,Qm,P_over_TP
-0.18021985065713708,0.3391810649754229,0.5735596267674842,0.4761904761904762,Qm: P/TP power law,39,8,Qm,P_over_TP
0.012305570639548513,0.6002414693888267,0.8380524538542882,0.14371515142959107,Qm: P/TP power law,40,8,Qm,P_over_TP
0.07874729576870299,0.4833771578624326,0.8107168147332589,0.34731161595484505,Qm: P/TP power law,41,8,Qm,P_over_TP
-0.21400786766231628,0.5416314231614315,0.8036970645672298,0.19047619047619052,Qm: P/TP power law,42,8,Qm,P_over_TP
0.08342916306730808,0.4822068276877288,0.6284336240990052,0.5269555552418339,Qm: P/TP power law,43,8,Qm,P_over_TP
-0.1746372100431619,0.481187353072683,0.6663556702558736,0.4047619047619048,Qm: P/TP power law,44,8,Qm,P_over_TP
-0.35684295822517,0.18786868133433932,0.23825092645502718,0.7857142857142858,Qm: P/TP power law,45,8,Qm,P_over_TP
-0.2170614100098962,0.506686931955139,0.6757691030266626,0.09581010095306071,Qm: P/TP power law,46,8,Qm,P_over_TP
-0.4621215132975116,0.8452830379099743,1.2132488272868405,0.7545045450053531,Qm: P/TP power law,47,8,Qm,P_over_TP
-2.7726686851531324,0.705352164556361,0.8000219551803385,0.11904761904761905,Qm: P/TP power law,48,8,Qm,P_over_TP
0.6513421292158235,0.12435007590035811,0.174452783078779,0.8503146459584139,Qm: P/TP power law,49,8,Qm,P_over_TP
0.4264035443908124,0.19112666361069805,0.23333678107449599,0.6666666666666669,Qm: P/TP power law,50,8,Qm,P_over_TP
0.1378819966471747,0.35927513790269294,0.565754457848286,0.7229440390678199,Qm: P/TP power law,51,8,Qm,P_over_TP
-0.07111852404891406,0.3952225490942608,0.6054685562247895,0.2515015150017844,Qm: P/TP power law,52,8,Qm,P_over_TP
-0.31811652815966185,0.543724026202733,0.8807238410529352,0.5389318178609664,Qm: P/TP power law,53,8,Qm,P_over_TP
-0.19553634063436687,0.38994895895283743,0.4594155600892314,0.2142857142857143,Qm: P/TP power law,54,8,Qm,P_over_TP
-0.04677568650409025,0.5391060002287358,0.7567513747301711,0.33737388489831593,Qm: P/TP power law,55,8,Qm,P_over_TP
0.15569139644398844,0.42734337439745507,0.8069658567363244,0.6666666666666669,Qm: P/TP power law,56,8,Qm,P_over_TP
-0.12677928587828546,0.4179073602614901,0.4903806001579854,0.14285714285714288,Qm: P/TP power law,57,8,Qm,P_over_TP
-0.31039687714217146,0.6799129757723321,0.9396820399383751,-0.14371515142959107,Qm: P/TP power law,58,8,Qm,P_over_TP
0.049213977482720606,0.3727410728173002,0.5696491722372414,0.37126414119311024,Qm: P/TP power law,59,8,Qm,P_over_TP
0.20430611797533316,0.2577734885533768,0.36592192709062654,0.5988131309566295,Qm: P/TP power law,60,8,Qm,P_over_TP
-0.01644165463708336,0.3262969557696379,0.44085980348513054,0.3952166664313755,Qm: P/TP power law,61,8,Qm,P_over_TP
-0.17355859408164043,0.6107905365786309,0.895337425273154,0.2395252523826518,Qm: P/TP power law,62,8,Qm,P_over_TP
-3.016562853845252,0.37783156111874794,0.45428848589367005,-0.3571428571428572,Qm: P/TP power law,63,8,Qm,P_over_TP
0.11323977054580359,0.4265626925100027,0.7935043791909856,0.4523809523809524,Qm: P/TP power law,64,8,Qm,P_over_TP
0.03195919951034776,0.4805315469602133,0.6580275323820951,0.7142857142857144,Qm: P/TP power law,65,8,Qm,P_over_TP
-0.221775209470088,0.7614884963158255,1.110376259994801,0.4523809523809524,Qm: P/TP power law,66,8,Qm,P_over_TP
-0.007849530568877716,0.5334495442736238,0.7740229172285157,0.467074242146171,Qm: P/TP power law,67,8,Qm,P_over_TP
-0.318007240296456,0.22637599253452512,0.3120082489787223,0.37126414119311024,Qm: P/TP power law,68,8,Qm,P_over_TP
-1.4276175224558676,0.463829436466131,0.5816173599133811,-0.2155727271443866,Qm: P/TP power law,69,8,Qm,P_over_TP
0.5112270766127243,0.25185271772179574,0.2956347404267435,0.8742671711966791,Qm: P/TP power law,70,8,Qm,P_over_TP
-1.011889858366073,0.2289527786927451,0.298299071725844,0.27545404024004955,Qm: P/TP power law,71,8,Qm,P_over_TP
-3.568199678704138,0.3829733648443019,0.5168948583690584,0.09523809523809526,Qm: P/TP power law,72,8,Qm,P_over_TP
0.13992624396711395,0.31034120653146285,0.3901173449366739,0.5714285714285715,Qm: P/TP power law,73,8,Qm,P_over_TP
-0.21955384796826882,0.8570660841567648,1.1953170579437429,0.7857142857142858,Qm: P/TP power law,74,8,Qm,P_over_TP
-0.45439396395125686,0.5749350784948222,0.7274951642289961,-0.28743030285918214,Qm: P/TP power law,75,8,Qm,P_over_TP
-0.2771642346201133,0.1558494901602221,0.22807792058459872,0.6904761904761906,Qm: P/TP power law,76,8,Qm,P_over_TP
-0.13799243498515223,0.6219908809932782,0.9027940019134907,0.7142857142857144,Qm: P/TP power law,77,8,Qm,P_over_TP
-0.04715055464094253,0.5695400853537803,0.8357334904717313,0.09581010095306071,Qm: P/TP power law,78,8,Qm,P_over_TP
0.12462718825926111,0.5376939231263134,0.6655587886583082,0.3592878785739777,Qm: P/TP power law,79,8,Qm,P_over_TP
-0.024990023297612796,0.28801113643301124,0.41665148539975644,0.4191691916696407,Qm: P/TP power law,80,8,Qm,P_over_TP
-0.1335577280428808,0.26234999956439287,0.32873545567454165,0.730552019767088,Qm: P/TP power law,81,8,Qm,P_over_TP
-0.2795014207980788,0.5415489148229763,0.7873044936247162,0.5904042985720529,Qm: P/TP power law,82,8,Qm,P_over_TP
-0.19367678926512122,0.5372397876496122,0.8035867182958403,0.09523809523809526,Qm: P/TP power law,83,8,Qm,P_over_TP
0.061040056896276895,0.2902503148799275,0.35512541074684983,0.407192929050508,Qm: P/TP power law,84,8,Qm,P_over_TP
-0.04842186503620116,0.5676553346616183,0.8673147869549025,0.407192929050508,Qm: P/TP power law,85,8,Qm,P_over_TP
0.14242514404540807,0.5372365902776975,0.8204617011559371,0.22754898976351917,Qm: P/TP power law,86,8,Qm,P_over_TP
-0.14581982259977644,0.5624562279615181,0.8891450913411646,0.5868368683374969,Qm: P/TP power law,87,8,Qm,P_over_TP
-0.14144638029478562,0.4429344722355163,0.6546464834092323,0.4047619047619048,Qm: P/TP power law,88,8,Qm,P_over_TP
0.15614370308422965,0.32543006360073734,0.40844178761513084,0.3233590907165799,Qm: P/TP power law,89,8,Qm,P_over_TP
-1.5293998871648693,0.32975016984878375,0.4211547007818981,0.29940656547831473,Qm: P/TP power law,90,8,Qm,P_over_TP
-0.9426877870017831,0.31354301549014196,0.4019660590075596,0.14285714285714288,Qm: P/TP power law,91,8,Qm,P_over_TP
-0.8114048117333865,1.1109800294118806,1.345229423421436,0.2155727271443866,Qm: P/TP power law,92,8,Qm,P_over_TP
0.02350046199825251,0.31503446022495973,0.4140211447213829,0.5389318178609664,Qm: P/TP power law,93,8,Qm,P_over_TP
-0.2742901637692241,0.2953023103699822,0.428322811617993,0.4191691916696407,Qm: P/TP power law,94,8,Qm,P_over_TP
0.536134505712065,0.21683278912899429,0.251168855947427,0.8675328468813838,Qm: P/TP power law,95,8,Qm,P_over_TP
-0.31543088581362055,0.2868901454622335,0.3592231658896704,0.6428571428571429,Qm: P/TP power law,96,8,Qm,P_over_TP
-0.43204848686728536,0.8134771653063531,1.1224133060968522,0.16766767666785626,Qm: P/TP power law,97,8,Qm,P_over_TP
-0.1867827076267925,0.5390618563066658,0.7993327132956266,0.43915503282683993,Qm: P/TP power law,98,8,Qm,P_over_TP
-0.1865528181731888,0.26897045964041355,0.3312180709865376,0.38095238095238104,Qm: P/TP power law,99,8,Qm,P_over_TP
-0.03886329996887583,0.3182151011119282,0.4245308047896953,0.16766767666785626,Qm: P/TP power law,100,8,Qm,P_over_TP
-0.02881470603615477,0.708556626994664,0.923571444130311,0.07142857142857144,Qm: P/yield-stress dimensionless ratio linear,1,8,Qm,P_over_Yield_dimless
-0.011001645745535082,0.4560344106011788,0.6006846497435078,0.2380952380952381,Qm: P/yield-stress dimensionless ratio linear,2,8,Qm,P_over_Yield_dimless
0.19161924494563054,0.261771583021552,0.33774550035795214,0.5952380952380953,Qm: P/yield-stress dimensionless ratio linear,3,8,Qm,P_over_Yield_dimless
-0.6252577183697905,0.3522823990636368,0.405881703118521,0.09523809523809526,Qm: P/yield-stress dimensionless ratio linear,4,8,Qm,P_over_Yield_dimless
-0.10709823990831824,0.6129292007749079,0.8556160836522735,0.07142857142857144,Qm: P/yield-stress dimensionless ratio linear,5,8,Qm,P_over_Yield_dimless
0.038473449290091666,0.4353179099426887,0.6194794601586255,0.523809523809524,Qm: P/yield-stress dimensionless ratio linear,6,8,Qm,P_over_Yield_dimless
-0.012377611098804309,0.44202013265103735,0.5028478617125532,0.38095238095238104,Qm: P/yield-stress dimensionless ratio linear,7,8,Qm,P_over_Yield_dimless
-5.735565850843582,0.38568351077296503,0.43053141530898953,-0.14285714285714288,Qm: P/yield-stress dimensionless ratio linear,8,8,Qm,P_over_Yield_dimless
-0.04941389472008373,0.7401866024433144,1.0539653195296672,0.11904761904761905,Qm: P/yield-stress dimensionless ratio linear,9,8,Qm,P_over_Yield_dimless
-0.15237335181189193,0.4343473407258008,0.5863429367247834,-0.14285714285714288,Qm: P/yield-stress dimensionless ratio linear,10,8,Qm,P_over_Yield_dimless
0.0755077982396476,0.4880580210766595,0.6236967223432709,0.28571428571428575,Qm: P/yield-stress dimensionless ratio linear,11,8,Qm,P_over_Yield_dimless
-0.05111601730182658,0.5138358966495573,0.8506985987460736,0.1666666666666667,Qm: P/yield-stress dimensionless ratio linear,12,8,Qm,P_over_Yield_dimless
-5.1187443057587645,0.43023162521179226,0.47767732162216625,-0.19047619047619052,Qm: P/yield-stress dimensionless ratio linear,13,8,Qm,P_over_Yield_dimless
-0.23116710436557342,0.42762757415066444,0.49428568707001225,0.261904761904762,Qm: P/yield-stress dimensionless ratio linear,14,8,Qm,P_over_Yield_dimless
-0.2953063228995605,0.587387872182169,0.8579975660575054,0.023809523809523815,Qm: P/yield-stress dimensionless ratio linear,15,8,Qm,P_over_Yield_dimless
-0.8446633219564874,0.4529788731410126,0.522548074336381,0.09523809523809526,Qm: P/yield-stress dimensionless ratio linear,16,8,Qm,P_over_Yield_dimless
0.05397285192198398,0.5432499683685896,0.8213221553151092,0.5952380952380953,Qm: P/yield-stress dimensionless ratio linear,17,8,Qm,P_over_Yield_dimless
-0.6447673445062294,0.7058053260229191,0.943646430175806,-0.14285714285714288,Qm: P/yield-stress dimensionless ratio linear,18,8,Qm,P_over_Yield_dimless
-0.21404716979535343,0.3672939178628679,0.4534227728570867,0.04761904761904763,Qm: P/yield-stress dimensionless ratio linear,19,8,Qm,P_over_Yield_dimless
-0.08120669227231136,0.4198934309708376,0.5791753672039338,0.28571428571428575,Qm: P/yield-stress dimensionless ratio linear,20,8,Qm,P_over_Yield_dimless
-0.338328517110313,0.6054300739971092,0.884535231894561,0.261904761904762,Qm: P/yield-stress dimensionless ratio linear,21,8,Qm,P_over_Yield_dimless
0.05035918829324526,0.4102766467517761,0.5817239103191844,0.261904761904762,Qm: P/yield-stress dimensionless ratio linear,22,8,Qm,P_over_Yield_dimless
-0.5112170950018373,0.4126012342250088,0.4917856060803542,-0.1666666666666667,Qm: P/yield-stress dimensionless ratio linear,23,8,Qm,P_over_Yield_dimless
-7.314444984172672,0.5121687136577677,0.5466524924697028,0.261904761904762,Qm: P/yield-stress dimensionless ratio linear,24,8,Qm,P_over_Yield_dimless
0.04441775180292262,0.6155312762757399,0.8719166508927377,0.7857142857142858,Qm: P/yield-stress dimensionless ratio linear,25,8,Qm,P_over_Yield_dimless
-0.26062603553270636,0.5034156209458371,0.6526272153194788,-0.2142857142857143,Qm: P/yield-stress dimensionless ratio linear,26,8,Qm,P_over_Yield_dimless
-0.033461170855272115,0.5608439342746765,0.7410069871942012,0.4761904761904762,Qm: P/yield-stress dimensionless ratio linear,27,8,Qm,P_over_Yield_dimless
-0.011062977856725276,0.5183645712127065,0.8291033412756116,0.5000000000000001,Qm: P/yield-stress dimensionless ratio linear,28,8,Qm,P_over_Yield_dimless
0.06454839956692726,0.5321747347995134,0.6712044112427814,0.2142857142857143,Qm: P/yield-stress dimensionless ratio linear,29,8,Qm,P_over_Yield_dimless
-3.273855652206639,0.34513951928575815,0.40220572245518244,0.19047619047619052,Qm: P/yield-stress dimensionless ratio linear,30,8,Qm,P_over_Yield_dimless
-0.3949853551728697,0.7783706181374582,0.9633784477554781,-0.2380952380952381,Qm: P/yield-stress dimensionless ratio linear,31,8,Qm,P_over_Yield_dimless
-0.7649259529898484,0.5329007259962649,0.5640648283607154,0.28571428571428575,Qm: P/yield-stress dimensionless ratio linear,32,8,Qm,P_over_Yield_dimless
-0.2923857216310941,0.22227603835047707,0.2649252906818783,0.3571428571428572,Qm: P/yield-stress dimensionless ratio linear,33,8,Qm,P_over_Yield_dimless
0.005093396703492514,0.29465576382987935,0.36929864103672483,0.7857142857142858,Qm: P/yield-stress dimensionless ratio linear,34,8,Qm,P_over_Yield_dimless
-0.04656207786276845,0.7080480232192801,0.9899959478916366,0.7619047619047621,Qm: P/yield-stress dimensionless ratio linear,35,8,Qm,P_over_Yield_dimless
-0.35890038339599806,0.42520333345071615,0.5148060813215162,-0.4047619047619048,Qm: P/yield-stress dimensionless ratio linear,36,8,Qm,P_over_Yield_dimless
0.010141987534371566,0.6625130536104773,0.8867697150996494,0.2142857142857143,Qm: P/yield-stress dimensionless ratio linear,37,8,Qm,P_over_Yield_dimless
-0.34612467141993264,0.38403639139234236,0.4503145180320277,0.4047619047619048,Qm: P/yield-stress dimensionless ratio linear,38,8,Qm,P_over_Yield_dimless
-0.04156183855309892,0.3637123007567622,0.5388149606333471,0.28571428571428575,Qm: P/yield-stress dimensionless ratio linear,39,8,Qm,P_over_Yield_dimless
0.03971082615528565,0.5581832404186009,0.826344072629596,0.8333333333333335,Qm: P/yield-stress dimensionless ratio linear,40,8,Qm,P_over_Yield_dimless
0.021878736287280875,0.5257265552021468,0.8353647453703233,0.523809523809524,Qm: P/yield-stress dimensionless ratio linear,41,8,Qm,P_over_Yield_dimless
-0.07719114716527575,0.532398715386638,0.7570560234434337,0.261904761904762,Qm: P/yield-stress dimensionless ratio linear,42,8,Qm,P_over_Yield_dimless
0.03948607457273656,0.5160124569338482,0.6433217417290746,0.3333333333333334,Qm: P/yield-stress dimensionless ratio linear,43,8,Qm,P_over_Yield_dimless
-0.12064787835134294,0.5124211108677815,0.6508618362609078,-0.07142857142857144,Qm: P/yield-stress dimensionless ratio linear,44,8,Qm,P_over_Yield_dimless
-3.374243460259631,0.38760418437402683,0.4277807929447133,0.28571428571428575,Qm: P/yield-stress dimensionless ratio linear,45,8,Qm,P_over_Yield_dimless
-0.12678672830548865,0.4926922746091019,0.6502239272670013,-0.023809523809523815,Qm: P/yield-stress dimensionless ratio linear,46,8,Qm,P_over_Yield_dimless
-0.4259304096155945,0.8814555254097781,1.1981392956211385,0.0,Qm: P/yield-stress dimensionless ratio linear,47,8,Qm,P_over_Yield_dimless
-0.5782412219691844,0.49150056379541873,0.5174450815571475,0.11904761904761905,Qm: P/yield-stress dimensionless ratio linear,48,8,Qm,P_over_Yield_dimless
-0.45686094841837543,0.2955282097454507,0.35660482613804667,0.6666666666666669,Qm: P/yield-stress dimensionless ratio linear,49,8,Qm,P_over_Yield_dimless
-0.6353386284146987,0.31723600440852195,0.39398874949200174,0.523809523809524,Qm: P/yield-stress dimensionless ratio linear,50,8,Qm,P_over_Yield_dimless
0.0692183132091525,0.4307125932365453,0.5878527340418949,0.3333333333333334,Qm: P/yield-stress dimensionless ratio linear,51,8,Qm,P_over_Yield_dimless
-0.11637916156001671,0.5146196102176186,0.6181283881719267,0.023809523809523815,Qm: P/yield-stress dimensionless ratio linear,52,8,Qm,P_over_Yield_dimless
-0.25656395951800404,0.5088145270699651,0.8599142571682202,0.5952380952380953,Qm: P/yield-stress dimensionless ratio linear,53,8,Qm,P_over_Yield_dimless
-0.5268929848864765,0.4858497648885227,0.5191927380110123,-0.4523809523809524,Qm: P/yield-stress dimensionless ratio linear,54,8,Qm,P_over_Yield_dimless
0.017017947380967513,0.5430136122081923,0.7333295735498857,0.4047619047619048,Qm: P/yield-stress dimensionless ratio linear,55,8,Qm,P_over_Yield_dimless
0.05004093249084918,0.5697673802891416,0.8559669546543505,0.523809523809524,Qm: P/yield-stress dimensionless ratio linear,56,8,Qm,P_over_Yield_dimless
-0.17690977198492552,0.45574976873311995,0.5011704289459665,-0.11904761904761905,Qm: P/yield-stress dimensionless ratio linear,57,8,Qm,P_over_Yield_dimless
-0.10864702007996052,0.618350851427397,0.8643231565709738,-0.023809523809523815,Qm: P/yield-stress dimensionless ratio linear,58,8,Qm,P_over_Yield_dimless
0.005175584259934696,0.42315739445862127,0.582692320107905,0.07142857142857144,Qm: P/yield-stress dimensionless ratio linear,59,8,Qm,P_over_Yield_dimless
0.14186180225618572,0.32137508888244526,0.38000913958949223,0.4523809523809524,Qm: P/yield-stress dimensionless ratio linear,60,8,Qm,P_over_Yield_dimless
-0.39195320780919785,0.45297632236208724,0.5159072055141545,0.07142857142857144,Qm: P/yield-stress dimensionless ratio linear,61,8,Qm,P_over_Yield_dimless
-0.13689253682230174,0.6744673516848216,0.8812397064773104,0.023809523809523815,Qm: P/yield-stress dimensionless ratio linear,62,8,Qm,P_over_Yield_dimless
-1.0481349428086895,0.2784801924501795,0.3244021541199447,-0.261904761904762,Qm: P/yield-stress dimensionless ratio linear,63,8,Qm,P_over_Yield_dimless
0.04524080574558165,0.5088726361273637,0.8233664164548592,0.5476190476190477,Qm: P/yield-stress dimensionless ratio linear,64,8,Qm,P_over_Yield_dimless
0.044199467409737236,0.5286227761515576,0.6538541254650724,0.38095238095238104,Qm: P/yield-stress dimensionless ratio linear,65,8,Qm,P_over_Yield_dimless
-0.19228563192894366,0.7510717808322347,1.0968940197284087,0.3333333333333334,Qm: P/yield-stress dimensionless ratio linear,66,8,Qm,P_over_Yield_dimless
-0.005350937546378276,0.61958722751259,0.7730628689619946,0.0,Qm: P/yield-stress dimensionless ratio linear,67,8,Qm,P_over_Yield_dimless
-0.6831677501491711,0.30764425966643877,0.3525907209475358,0.30952380952380953,Qm: P/yield-stress dimensionless ratio linear,68,8,Qm,P_over_Yield_dimless
-0.4320211981501856,0.3875965317821364,0.44670617132753443,0.14285714285714288,Qm: P/yield-stress dimensionless ratio linear,69,8,Qm,P_over_Yield_dimless
0.04678476215189309,0.35003844518541405,0.41285484516940923,0.5000000000000001,Qm: P/yield-stress dimensionless ratio linear,70,8,Qm,P_over_Yield_dimless
-5.212593424602421,0.48328717016847345,0.5241870258408727,0.09523809523809526,Qm: P/yield-stress dimensionless ratio linear,71,8,Qm,P_over_Yield_dimless
-1.0023238124927905,0.3049563145089769,0.34221325634940825,0.4761904761904762,Qm: P/yield-stress dimensionless ratio linear,72,8,Qm,P_over_Yield_dimless
-0.0013612411713399553,0.3541961653082,0.42094252382144914,0.07142857142857144,Qm: P/yield-stress dimensionless ratio linear,73,8,Qm,P_over_Yield_dimless
-0.202556503860984,0.8900812914422056,1.1869580563847235,0.4047619047619048,Qm: P/yield-stress dimensionless ratio linear,74,8,Qm,P_over_Yield_dimless
-0.11871192962051036,0.49037333871028654,0.638040451613578,-0.1666666666666667,Qm: P/yield-stress dimensionless ratio linear,75,8,Qm,P_over_Yield_dimless
-0.7223470954514419,0.22972253709620974,0.2648623385294424,0.5476190476190477,Qm: P/yield-stress dimensionless ratio linear,76,8,Qm,P_over_Yield_dimless
-0.11308826384750104,0.6847828353477368,0.8928608475552969,0.19047619047619052,Qm: P/yield-stress dimensionless ratio linear,77,8,Qm,P_over_Yield_dimless
-0.04001620765046732,0.5520416534817609,0.8328816545698849,0.4285714285714286,Qm: P/yield-stress dimensionless ratio linear,78,8,Qm,P_over_Yield_dimless
0.008976165871854236,0.6382367180951005,0.7081609021066004,0.5714285714285715,Qm: P/yield-stress dimensionless ratio linear,79,8,Qm,P_over_Yield_dimless
-0.08387885324548972,0.3449462861875336,0.42845329483944405,0.2380952380952381,Qm: P/yield-stress dimensionless ratio linear,80,8,Qm,P_over_Yield_dimless
-1.1620441733374882,0.39825913733258433,0.45400120727326365,0.8333333333333335,Qm: P/yield-stress dimensionless ratio linear,81,8,Qm,P_over_Yield_dimless
-0.13141771421151227,0.4956187914473298,0.7403444601921614,0.523809523809524,Qm: P/yield-stress dimensionless ratio linear,82,8,Qm,P_over_Yield_dimless
-0.12646702469764048,0.5707055985656502,0.7806360747593377,-0.1666666666666667,Qm: P/yield-stress dimensionless ratio linear,83,8,Qm,P_over_Yield_dimless
-0.7331986430180288,0.3902832719276633,0.48248341188102933,0.3571428571428572,Qm: P/yield-stress dimensionless ratio linear,84,8,Qm,P_over_Yield_dimless
-0.04286314851343853,0.5826536229172234,0.8650124864115749,0.38095238095238104,Qm: P/yield-stress dimensionless ratio linear,85,8,Qm,P_over_Yield_dimless
0.052328495020478094,0.6232449649058389,0.8624843129262441,0.6904761904761906,Qm: P/yield-stress dimensionless ratio linear,86,8,Qm,P_over_Yield_dimless
-0.12227974247320073,0.6390386415546186,0.8799642559894852,0.07142857142857144,Qm: P/yield-stress dimensionless ratio linear,87,8,Qm,P_over_Yield_dimless
0.0078679276066701,0.4483941320492515,0.6103287472923032,0.30952380952380953,Qm: P/yield-stress dimensionless ratio linear,88,8,Qm,P_over_Yield_dimless
-0.0588281320396884,0.38318482028438106,0.4575184964723887,-0.30952380952380953,Qm: P/yield-stress dimensionless ratio linear,89,8,Qm,P_over_Yield_dimless
-1.104223935974158,0.33139779867571373,0.38413058115666976,0.3571428571428572,Qm: P/yield-stress dimensionless ratio linear,90,8,Qm,P_over_Yield_dimless
-0.8149666634250536,0.3394972043352852,0.3885278950472779,0.14285714285714288,Qm: P/yield-stress dimensionless ratio linear,91,8,Qm,P_over_Yield_dimless
-0.7876842635415138,1.0841660457289493,1.3363924330161485,0.38095238095238104,Qm: P/yield-stress dimensionless ratio linear,92,8,Qm,P_over_Yield_dimless
-0.34901638855661155,0.4237366521330947,0.4866257808385638,0.09523809523809526,Qm: P/yield-stress dimensionless ratio linear,93,8,Qm,P_over_Yield_dimless
-0.42279402372682995,0.3926470948630719,0.45259323212664476,0.2380952380952381,Qm: P/yield-stress dimensionless ratio linear,94,8,Qm,P_over_Yield_dimless
-0.2574844542782837,0.37844180397163174,0.41354337325144236,0.7142857142857144,Qm: P/yield-stress dimensionless ratio linear,95,8,Qm,P_over_Yield_dimless
-0.5731425135696873,0.3351929414752385,0.39283877909216347,0.9285714285714287,Qm: P/yield-stress dimensionless ratio linear,96,8,Qm,P_over_Yield_dimless
-0.41007686542189536,0.8090988092016282,1.113769546386147,0.09523809523809526,Qm: P/yield-stress dimensionless ratio linear,97,8,Qm,P_over_Yield_dimless
-0.09086362370659207,0.5368848203011511,0.7663500891542426,-0.023809523809523815,Qm: P/yield-stress dimensionless ratio linear,98,8,Qm,P_over_Yield_dimless
-1.047994935976003,0.35905146866878773,0.43514592930908513,0.28571428571428575,Qm: P/yield-stress dimensionless ratio linear,99,8,Qm,P_over_Yield_dimless
-0.2892707238976111,0.42692001664990165,0.472935666277644,-0.3333333333333334,Qm: P/yield-stress dimensionless ratio linear,100,8,Qm,P_over_Yield_dimless
-0.11224514126125329,0.6795342104801922,0.9602894848953986,0.07142857142857144,Qm: P/yield-stress dimensionless ratio power law,1,8,Qm,P_over_Yield_dimless
0.008486688719294477,0.4027597754550456,0.5948669997847851,0.2380952380952381,Qm: P/yield-stress dimensionless ratio power law,2,8,Qm,P_over_Yield_dimless
0.2884211847023129,0.23798767727914272,0.31687873372882475,0.5952380952380953,Qm: P/yield-stress dimensionless ratio power law,3,8,Qm,P_over_Yield_dimless
-0.12120468924133454,0.3102727788913139,0.33711712006929484,0.09523809523809526,Qm: P/yield-stress dimensionless ratio power law,4,8,Qm,P_over_Yield_dimless
-0.20034846989834199,0.5496303810022644,0.8909216878726466,0.07142857142857144,Qm: P/yield-stress dimensionless ratio power law,5,8,Qm,P_over_Yield_dimless
-0.09827146359796912,0.39434463682692467,0.6620657483925739,0.523809523809524,Qm: P/yield-stress dimensionless ratio power law,6,8,Qm,P_over_Yield_dimless
0.11351549146444162,0.419916346984997,0.4705447334534826,0.38095238095238104,Qm: P/yield-stress dimensionless ratio power law,7,8,Qm,P_over_Yield_dimless
-2.418464177893492,0.2657433776977981,0.3067138025480503,-0.14285714285714288,Qm: P/yield-stress dimensionless ratio power law,8,8,Qm,P_over_Yield_dimless
-0.11754506317321711,0.7335227093717736,1.0876406678227946,0.11904761904761905,Qm: P/yield-stress dimensionless ratio power law,9,8,Qm,P_over_Yield_dimless
-0.32465489566770445,0.45183081882652726,0.6286464521515543,-0.14285714285714288,Qm: P/yield-stress dimensionless ratio power law,10,8,Qm,P_over_Yield_dimless
0.04178958448087167,0.4580601870799046,0.6349686436662972,0.28571428571428575,Qm: P/yield-stress dimensionless ratio power law,11,8,Qm,P_over_Yield_dimless
-0.1705257726024345,0.5361449205431209,0.8977199582934802,0.1666666666666667,Qm: P/yield-stress dimensionless ratio power law,12,8,Qm,P_over_Yield_dimless
-2.16389111756399,0.3000731114658145,0.3434901085007516,-0.19047619047619052,Qm: P/yield-stress dimensionless ratio power law,13,8,Qm,P_over_Yield_dimless
0.02078385740063815,0.34970754587622677,0.4408174880946298,0.261904761904762,Qm: P/yield-stress dimensionless ratio power law,14,8,Qm,P_over_Yield_dimless
-0.4501549383578827,0.5987748103520254,0.9078351961800459,0.023809523809523815,Qm: P/yield-stress dimensionless ratio power law,15,8,Qm,P_over_Yield_dimless
-0.19673670331287285,0.3785805896641904,0.4208884429406027,0.09523809523809526,Qm: P/yield-stress dimensionless ratio power law,16,8,Qm,P_over_Yield_dimless
0.021642622476840456,0.4683234872256652,0.8352384918758088,0.5952380952380953,Qm: P/yield-stress dimensionless ratio power law,17,8,Qm,P_over_Yield_dimless
-0.8749963431652785,0.74471427092767,1.007528352720957,-0.14285714285714288,Qm: P/yield-stress dimensionless ratio power law,18,8,Qm,P_over_Yield_dimless
-0.08403879032418371,0.31240843201090174,0.4284577072804896,0.04761904761904763,Qm: P/yield-stress dimensionless ratio power law,19,8,Qm,P_over_Yield_dimless
-0.056410635970944645,0.34385633107400887,0.5724955333514198,0.28571428571428575,Qm: P/yield-stress dimensionless ratio power law,20,8,Qm,P_over_Yield_dimless
-0.5306874147269065,0.645428664277174,0.9459692638909958,0.261904761904762,Qm: P/yield-stress dimensionless ratio power law,21,8,Qm,P_over_Yield_dimless
-0.05095181379438829,0.42873681052764256,0.6119678846882877,0.261904761904762,Qm: P/yield-stress dimensionless ratio power law,22,8,Qm,P_over_Yield_dimless
-0.7095144756504319,0.3712874876296227,0.5230567076231099,-0.1666666666666667,Qm: P/yield-stress dimensionless ratio power law,23,8,Qm,P_over_Yield_dimless
-3.5593349174638647,0.35394451405767363,0.40480460880545377,0.261904761904762,Qm: P/yield-stress dimensionless ratio power law,24,8,Qm,P_over_Yield_dimless
0.03497957578775157,0.549714850737164,0.87621198109664,0.7857142857142858,Qm: P/yield-stress dimensionless ratio power law,25,8,Qm,P_over_Yield_dimless
-0.42609047684444246,0.5441564559726495,0.6941376228070701,-0.2142857142857143,Qm: P/yield-stress dimensionless ratio power law,26,8,Qm,P_over_Yield_dimless
-0.0007558517221397665,0.46075816735046365,0.7291876259551071,0.4761904761904762,Qm: P/yield-stress dimensionless ratio power law,27,8,Qm,P_over_Yield_dimless
-0.09266607150291795,0.5008447425179009,0.8619127205122136,0.5000000000000001,Qm: P/yield-stress dimensionless ratio power law,28,8,Qm,P_over_Yield_dimless
0.005269343594151099,0.5097009242625584,0.6921446912216908,0.2142857142857143,Qm: P/yield-stress dimensionless ratio power law,29,8,Qm,P_over_Yield_dimless
-1.2473333171794363,0.2439361833795164,0.291656772474473,0.19047619047619052,Qm: P/yield-stress dimensionless ratio power law,30,8,Qm,P_over_Yield_dimless
-0.4884551111012083,0.7545537643937856,0.9951303526791911,-0.2380952380952381,Qm: P/yield-stress dimensionless ratio power law,31,8,Qm,P_over_Yield_dimless
-0.3250940628098513,0.42208575394956316,0.4887526554307395,0.28571428571428575,Qm: P/yield-stress dimensionless ratio power law,32,8,Qm,P_over_Yield_dimless
0.31164697915598205,0.1667920228828484,0.19334500434025317,0.3571428571428572,Qm: P/yield-stress dimensionless ratio power law,33,8,Qm,P_over_Yield_dimless
0.3095249268456427,0.26313311558660857,0.30765257556948705,0.7857142857142858,Qm: P/yield-stress dimensionless ratio power law,34,8,Qm,P_over_Yield_dimless
-0.10601715176574311,0.6531897063375971,1.017728299588776,0.7619047619047621,Qm: P/yield-stress dimensionless ratio power law,35,8,Qm,P_over_Yield_dimless
-0.45229308197811036,0.40472229805012855,0.5322026003941543,-0.4047619047619048,Qm: P/yield-stress dimensionless ratio power law,36,8,Qm,P_over_Yield_dimless
-0.0554863688932814,0.6357970712624673,0.915694732135267,0.2142857142857143,Qm: P/yield-stress dimensionless ratio power law,37,8,Qm,P_over_Yield_dimless
0.09157961132997205,0.30824901223285567,0.3699276071326027,0.4047619047619048,Qm: P/yield-stress dimensionless ratio power law,38,8,Qm,P_over_Yield_dimless
-0.21168812407960758,0.3704495156277063,0.5811557534082809,0.28571428571428575,Qm: P/yield-stress dimensionless ratio power law,39,8,Qm,P_over_Yield_dimless
0.00764870153027597,0.5062441330648988,0.8400257925113469,0.8333333333333335,Qm: P/yield-stress dimensionless ratio power law,40,8,Qm,P_over_Yield_dimless
-0.03410633245091721,0.5007588462242044,0.8589391370731373,0.523809523809524,Qm: P/yield-stress dimensionless ratio power law,41,8,Qm,P_over_Yield_dimless
-0.1664820391138011,0.5078868119198894,0.7878084950021268,0.261904761904762,Qm: P/yield-stress dimensionless ratio power law,42,8,Qm,P_over_Yield_dimless
0.058054419026446924,0.5013021575369918,0.6370731515316365,0.3333333333333334,Qm: P/yield-stress dimensionless ratio power law,43,8,Qm,P_over_Yield_dimless
-0.33219691820286434,0.5213701277358551,0.7096405647371209,-0.07142857142857144,Qm: P/yield-stress dimensionless ratio power law,44,8,Qm,P_over_Yield_dimless
-0.9751867057522159,0.2271552095923239,0.28745765770431597,0.28571428571428575,Qm: P/yield-stress dimensionless ratio power law,45,8,Qm,P_over_Yield_dimless
-0.2654133198245421,0.506107005976345,0.6890619773694182,-0.023809523809523815,Qm: P/yield-stress dimensionless ratio power law,46,8,Qm,P_over_Yield_dimless
-0.5431193401817556,0.8869778148436148,1.2464013300357584,0.0,Qm: P/yield-stress dimensionless ratio power law,47,8,Qm,P_over_Yield_dimless
-0.26847134477268875,0.41664334488169474,0.4638930888430641,0.11904761904761905,Qm: P/yield-stress dimensionless ratio power law,48,8,Qm,P_over_Yield_dimless
0.248871269756765,0.18884388298655688,0.2560562331644339,0.6666666666666669,Qm: P/yield-stress dimensionless ratio power law,49,8,Qm,P_over_Yield_dimless
0.11339336529079425,0.2411545584028732,0.29009848537468524,0.523809523809524,Qm: P/yield-stress dimensionless ratio power law,50,8,Qm,P_over_Yield_dimless
0.036268442311484295,0.38076483642712944,0.5981672997572927,0.3333333333333334,Qm: P/yield-stress dimensionless ratio power law,51,8,Qm,P_over_Yield_dimless
-0.018735505551423115,0.4053966673278752,0.5904777672735587,0.023809523809523815,Qm: P/yield-stress dimensionless ratio power law,52,8,Qm,P_over_Yield_dimless
-0.45912132444592335,0.5991824629573259,0.9266346846791378,0.5952380952380953,Qm: P/yield-stress dimensionless ratio power law,53,8,Qm,P_over_Yield_dimless
-0.4364527445527129,0.45142262619775025,0.5035817481774305,-0.4523809523809524,Qm: P/yield-stress dimensionless ratio power law,54,8,Qm,P_over_Yield_dimless
0.010528377085983975,0.4803341631086392,0.7357462834988452,0.4047619047619048,Qm: P/yield-stress dimensionless ratio power law,55,8,Qm,P_over_Yield_dimless
0.05622999623102154,0.485635484455911,0.8531740496334916,0.523809523809524,Qm: P/yield-stress dimensionless ratio power law,56,8,Qm,P_over_Yield_dimless
-0.16851951622613925,0.4569984518818561,0.49938079760000664,-0.11904761904761905,Qm: P/yield-stress dimensionless ratio power law,57,8,Qm,P_over_Yield_dimless
-0.19199984721033303,0.5954349391240751,0.896226129134654,-0.023809523809523815,Qm: P/yield-stress dimensionless ratio power law,58,8,Qm,P_over_Yield_dimless
-0.046348283385176714,0.3941165235954277,0.5975912218962389,0.07142857142857144,Qm: P/yield-stress dimensionless ratio power law,59,8,Qm,P_over_Yield_dimless
0.136006869893039,0.2633551150911435,0.3813033050457345,0.4523809523809524,Qm: P/yield-stress dimensionless ratio power law,60,8,Qm,P_over_Yield_dimless
-0.08590184364506737,0.3453721411492214,0.45567432688250725,0.07142857142857144,Qm: P/yield-stress dimensionless ratio power law,61,8,Qm,P_over_Yield_dimless
-0.1993583557838352,0.64426713710476,0.9051255657731953,0.023809523809523815,Qm: P/yield-stress dimensionless ratio power law,62,8,Qm,P_over_Yield_dimless
-0.6468887310933629,0.25534742001268596,0.2908952131934391,-0.261904761904762,Qm: P/yield-stress dimensionless ratio power law,63,8,Qm,P_over_Yield_dimless
0.010363902434936345,0.44876246227831773,0.8382701244131479,0.5476190476190477,Qm: P/yield-stress dimensionless ratio power law,64,8,Qm,P_over_Yield_dimless
-0.10638486817106152,0.5245697504643212,0.7034777207928868,0.38095238095238104,Qm: P/yield-stress dimensionless ratio power law,65,8,Qm,P_over_Yield_dimless
-0.29120001016537644,0.7665209746137267,1.141487799303274,0.3333333333333334,Qm: P/yield-stress dimensionless ratio power law,66,8,Qm,P_over_Yield_dimless
-0.08484265581208006,0.5916538299427474,0.8030440102507095,0.0,Qm: P/yield-stress dimensionless ratio power law,67,8,Qm,P_over_Yield_dimless
0.03782092032458595,0.22414976990496766,0.26658464640236257,0.30952380952380953,Qm: P/yield-stress dimensionless ratio power law,68,8,Qm,P_over_Yield_dimless
-0.15073012492683957,0.29418523157861654,0.4004367890290516,0.14285714285714288,Qm: P/yield-stress dimensionless ratio power law,69,8,Qm,P_over_Yield_dimless
0.2311634916808819,0.3266823157114592,0.3707822166485353,0.5000000000000001,Qm: P/yield-stress dimensionless ratio power law,70,8,Qm,P_over_Yield_dimless
-2.248901556124229,0.3170499769486159,0.37906883212098125,0.09523809523809526,Qm: P/yield-stress dimensionless ratio power law,71,8,Qm,P_over_Yield_dimless
-0.019814886901292406,0.2099693042673159,0.24422512829394907,0.4761904761904762,Qm: P/yield-stress dimensionless ratio power law,72,8,Qm,P_over_Yield_dimless
-0.11745459823994886,0.35647256985750975,0.44467463301146126,0.07142857142857144,Qm: P/yield-stress dimensionless ratio power law,73,8,Qm,P_over_Yield_dimless
-0.27742047212636445,0.9107531894695775,1.2233467224489254,0.4047619047619048,Qm: P/yield-stress dimensionless ratio power law,74,8,Qm,P_over_Yield_dimless
-0.2953884960110038,0.5076461221701432,0.6865767571403413,-0.1666666666666667,Qm: P/yield-stress dimensionless ratio power law,75,8,Qm,P_over_Yield_dimless
0.4777884013488046,0.12128013459059721,0.145842173320554,0.5476190476190477,Qm: P/yield-stress dimensionless ratio power law,76,8,Qm,P_over_Yield_dimless
-0.1912663471834033,0.6750571211922876,0.9236839857066033,0.19047619047619052,Qm: P/yield-stress dimensionless ratio power law,77,8,Qm,P_over_Yield_dimless
-0.14391214550352704,0.5461934356042889,0.8734932998958824,0.4285714285714286,Qm: P/yield-stress dimensionless ratio power law,78,8,Qm,P_over_Yield_dimless
0.031133221040402947,0.575819861076219,0.7001997126490733,0.5714285714285715,Qm: P/yield-stress dimensionless ratio power law,79,8,Qm,P_over_Yield_dimless
0.006503137362057432,0.292044449181564,0.4102006699623219,0.2380952380952381,Qm: P/yield-stress dimensionless ratio power law,80,8,Qm,P_over_Yield_dimless
-0.14136408209663864,0.28214465162049995,0.32986544769090015,0.8333333333333335,Qm: P/yield-stress dimensionless ratio power law,81,8,Qm,P_over_Yield_dimless
-0.3189965022127863,0.5163009745569168,0.7993632276095007,0.523809523809524,Qm: P/yield-stress dimensionless ratio power law,82,8,Qm,P_over_Yield_dimless
-0.2552983631414929,0.5554858793184547,0.8240676332322777,-0.1666666666666667,Qm: P/yield-stress dimensionless ratio power law,83,8,Qm,P_over_Yield_dimless
-0.10339029094803376,0.3190511328225959,0.3849663731457045,0.3571428571428572,Qm: P/yield-stress dimensionless ratio power law,84,8,Qm,P_over_Yield_dimless
-0.1452928093181327,0.5780106534168374,0.9064982770287493,0.38095238095238104,Qm: P/yield-stress dimensionless ratio power law,85,8,Qm,P_over_Yield_dimless
0.06280277534533996,0.5529228308395209,0.8577047012839943,0.6904761904761906,Qm: P/yield-stress dimensionless ratio power law,86,8,Qm,P_over_Yield_dimless
-0.19503664377044339,0.6181988038418814,0.9080402107597205,0.07142857142857144,Qm: P/yield-stress dimensionless ratio power law,87,8,Qm,P_over_Yield_dimless
-0.17862482707862992,0.41438914140164806,0.665222414453242,0.30952380952380953,Qm: P/yield-stress dimensionless ratio power law,88,8,Qm,P_over_Yield_dimless
-0.12768972083177776,0.37794398522963635,0.4721616734793569,-0.30952380952380953,Qm: P/yield-stress dimensionless ratio power law,89,8,Qm,P_over_Yield_dimless
-0.0772850215779668,0.244043715738685,0.27485156604961736,0.3571428571428572,Qm: P/yield-stress dimensionless ratio power law,90,8,Qm,P_over_Yield_dimless
-0.16960191859415197,0.2646314880599372,0.31189392443233516,0.14285714285714288,Qm: P/yield-stress dimensionless ratio power law,91,8,Qm,P_over_Yield_dimless
-0.9076935420470684,1.1184285332050434,1.3805206398311507,0.38095238095238104,Qm: P/yield-stress dimensionless ratio power law,92,8,Qm,P_over_Yield_dimless
-0.1060166439591379,0.3456820119983504,0.4406231713831924,0.09523809523809526,Qm: P/yield-stress dimensionless ratio power law,93,8,Qm,P_over_Yield_dimless
-0.15305252140657566,0.29432865407328684,0.4074380495615415,0.2380952380952381,Qm: P/yield-stress dimensionless ratio power law,94,8,Qm,P_over_Yield_dimless
0.22493148702280952,0.28563997476067077,0.3246682354192416,0.7142857142857144,Qm: P/yield-stress dimensionless ratio power law,95,8,Qm,P_over_Yield_dimless
0.1847488484423785,0.2108785230475757,0.2827978016774428,0.9285714285714287,Qm: P/yield-stress dimensionless ratio power law,96,8,Qm,P_over_Yield_dimless
-0.5429772752174546,0.8171355190592189,1.1650745353663627,0.09523809523809526,Qm: P/yield-stress dimensionless ratio power law,97,8,Qm,P_over_Yield_dimless
-0.21330838172181643,0.5430064419840104,0.808216255763029,-0.023809523809523815,Qm: P/yield-stress dimensionless ratio power law,98,8,Qm,P_over_Yield_dimless
-0.3058250580657491,0.28917946276587425,0.34746653630220203,0.28571428571428575,Qm: P/yield-stress dimensionless ratio power law,99,8,Qm,P_over_Yield_dimless
-0.18801863293187537,0.36517801046643794,0.45398513517231,-0.3333333333333334,Qm: P/yield-stress dimensionless ratio power law,100,8,Qm,P_over_Yield_dimless
-0.08440172976800708,1.260822378655669,1.3940852543091555,-0.41666666666666663,SR: P/TP linear,1,9,SR,P_over_TP
-0.05950444707525482,0.9146398815463649,1.1575762476012073,0.32774266465824703,SR: P/TP linear,2,9,SR,P_over_TP
-0.029181861352546967,1.1606845783921944,1.3170431951657806,-0.4016771562027471,SR: P/TP linear,3,9,SR,P_over_TP
-0.17489558739647437,1.1749748979429788,1.3791238670032535,-0.14285714285714288,SR: P/TP linear,4,8,SR,P_over_TP
-0.08860511454064013,1.0922519192768292,1.3337589248420152,-0.15569141404872364,SR: P/TP linear,5,8,SR,P_over_TP
-0.0862736237933357,1.1498583511516833,1.3468704766853932,-0.43333333333333335,SR: P/TP linear,6,9,SR,P_over_TP
-0.14134637398622285,1.5985564375613797,1.7472155534138547,-0.3765723339400754,SR: P/TP linear,7,9,SR,P_over_TP
-0.08986254172839536,1.0459025322864979,1.1606406674684304,-0.01673654817511446,SR: P/TP linear,8,9,SR,P_over_TP
-0.041975395735274645,0.9844857933300393,1.2219653797530177,-0.5212982933415374,SR: P/TP linear,9,8,SR,P_over_TP
-0.6260782165634264,0.8303335935624484,1.0051522022211883,-0.5628843430992317,SR: P/TP linear,10,8,SR,P_over_TP
-0.10877848215825403,1.22709549386542,1.4050907885049222,-0.025104822262671692,SR: P/TP linear,11,9,SR,P_over_TP
-3.2502711724774,0.9323674253091061,1.1501134264741333,-0.6302743551120135,SR: P/TP linear,12,9,SR,P_over_TP
-1.3467868845513005,1.1716522383170402,1.342736250227131,-0.35598333940092547,SR: P/TP linear,13,9,SR,P_over_TP
-0.24598434659025625,1.5314159479271388,1.6762749707434688,-0.6343350474165467,SR: P/TP linear,14,8,SR,P_over_TP
-1.6620192512136023,1.136344363084302,1.3762629604809116,-0.07185757571479554,SR: P/TP linear,15,8,SR,P_over_TP
-0.03526314438925793,1.3953015314820638,1.5506294674189656,0.10924755488608233,SR: P/TP linear,16,9,SR,P_over_TP
-0.10220884631223703,1.110158373032025,1.311446930723235,-0.07531446678801507,SR: P/TP linear,17,9,SR,P_over_TP
-0.2094336971623687,1.4961450736610702,1.6291256847172977,0.11666666666666665,SR: P/TP linear,18,9,SR,P_over_TP
-0.4936542452131685,0.8174244591192061,0.8817589896225203,0.011976262619132589,SR: P/TP linear,19,8,SR,P_over_TP
-0.2648953301829724,0.8240714388719609,0.9410413559637678,-0.14285714285714288,SR: P/TP linear,20,8,SR,P_over_TP
-0.15361312257728876,1.2559710871716292,1.3790764014551014,-0.3666666666666667,SR: P/TP linear,21,9,SR,P_over_TP
-0.06467121787313612,0.7094078299126625,0.8937928385328073,0.5763539780776888,SR: P/TP linear,22,9,SR,P_over_TP
-0.07396575278320028,1.296035647808518,1.449082846437999,-0.4184137043778615,SR: P/TP linear,23,9,SR,P_over_TP
-0.19301303163112937,1.2497084269628467,1.3757142994645184,0.04761904761904763,SR: P/TP linear,24,8,SR,P_over_TP
-0.33212503703989316,1.3145519690905907,1.49722799390567,-0.22754898976351917,SR: P/TP linear,25,8,SR,P_over_TP
-1.323381466133541,0.8442208975436051,0.9982919556873947,-0.4033755872716886,SR: P/TP linear,26,9,SR,P_over_TP
-0.06058500210828943,0.6114307055517874,0.701237797639106,0.25,SR: P/TP linear,27,9,SR,P_over_TP
-1.4810041964370773,1.4300213420429282,1.558531180259798,-0.08333333333333334,SR: P/TP linear,28,9,SR,P_over_TP
-0.01693046207917792,1.6801786890624317,1.8124024896324662,-0.34731161595484505,SR: P/TP linear,29,8,SR,P_over_TP
-0.07132765219244752,1.3247598407106942,1.4653937999313857,0.07142857142857144,SR: P/TP linear,30,8,SR,P_over_TP
0.01330336625122519,0.8469374411704058,0.9671137650407532,0.3051285766293647,SR: P/TP linear,31,9,SR,P_over_TP
-0.05295566143125652,1.0118756710101933,1.2662236169899044,-0.03361463227264072,SR: P/TP linear,32,9,SR,P_over_TP
-0.1447096806264223,1.3230329104867335,1.5277683110254825,-0.23431167445160245,SR: P/TP linear,33,9,SR,P_over_TP
-0.041452542204763354,1.2238883803193539,1.3025008585633802,-0.2142857142857143,SR: P/TP linear,34,8,SR,P_over_TP
-0.26058794676902886,1.215025537308931,1.4178766636872828,-0.16766767666785626,SR: P/TP linear,35,8,SR,P_over_TP
-0.08270758085554841,0.9393297961973222,1.0951792318902616,0.25,SR: P/TP linear,36,9,SR,P_over_TP
0.0013960790558577019,1.665279290140337,1.762089370457594,0.08368274087557231,SR: P/TP linear,37,9,SR,P_over_TP
-0.03527305234311062,0.9562729397253721,1.1200387055676582,0.17573375583870182,SR: P/TP linear,38,9,SR,P_over_TP
-0.4278229723914242,0.7829275429404434,1.0204090102896484,0.5988131309566295,SR: P/TP linear,39,8,SR,P_over_TP
-0.06156300315403329,1.2184351850639767,1.319157775919461,-0.38324040381224284,SR: P/TP linear,40,8,SR,P_over_TP
-0.0465530416278066,1.199660582579904,1.3236814535256138,-0.30382181012509996,SR: P/TP linear,41,9,SR,P_over_TP
-0.26168484848883034,1.1288160037592023,1.3311291491806811,-0.01673654817511446,SR: P/TP linear,42,9,SR,P_over_TP
-0.20692672304753512,1.1289686219649158,1.3583677648162866,-0.39999999999999997,SR: P/TP linear,43,9,SR,P_over_TP
-0.699520550351858,1.418737158497592,1.5460755920657614,-0.8571428571428572,SR: P/TP linear,44,8,SR,P_over_TP
-0.2962693393361149,1.018579719760412,1.2560724226060578,-0.4096682888050979,SR: P/TP linear,45,8,SR,P_over_TP
0.007709570471200133,1.0688088403162008,1.2607956927405906,0.049999999999999996,SR: P/TP linear,46,9,SR,P_over_TP
-0.18652073225054733,1.0550607977550006,1.2403772808311617,-0.4201829034080089,SR: P/TP linear,47,9,SR,P_over_TP
-0.03768233737242399,1.2587504174821345,1.381535386084318,-0.5272012675161055,SR: P/TP linear,48,9,SR,P_over_TP
-0.09606940886934923,1.1431774138659878,1.3098677293499328,-0.22754898976351917,SR: P/TP linear,49,8,SR,P_over_TP
-0.1278457312914767,1.0809977262565773,1.3390435329698747,0.1077863635721933,SR: P/TP linear,50,8,SR,P_over_TP
-0.05578817839487926,1.1749166427913549,1.3578807294399453,-0.25104822262671694,SR: P/TP linear,51,9,SR,P_over_TP
-0.06935051493974553,0.7328954257769025,0.8850466182956708,-0.09999999999999999,SR: P/TP linear,52,9,SR,P_over_TP
-1.4453460324416163,1.0249603543423838,1.2117927645006006,0.5774109120414489,SR: P/TP linear,53,9,SR,P_over_TP
-0.18151545795328117,1.6476359019528095,1.8336304780961177,-0.5030030300035688,SR: P/TP linear,54,8,SR,P_over_TP
-0.2430516812630814,1.3137789113409704,1.3518231375990681,-0.09523809523809526,SR: P/TP linear,55,8,SR,P_over_TP
-0.06797521106043902,1.3150422604837595,1.5989187383116674,-0.1422606594884729,SR: P/TP linear,56,9,SR,P_over_TP
-7.722705339083307,1.2352398390106611,1.306670638764436,0.47060485181697,SR: P/TP linear,57,9,SR,P_over_TP
-0.33006640027483947,1.2721247508331064,1.4251411122449436,0.11666666666666665,SR: P/TP linear,58,9,SR,P_over_TP
-0.8324585062907373,1.029958512654352,1.1849987346552178,-0.14285714285714288,SR: P/TP linear,59,8,SR,P_over_TP
-0.5906570864607343,1.1449886651181997,1.3614460838379099,0.09523809523809526,SR: P/TP linear,60,8,SR,P_over_TP
-0.08906626220501757,1.2636475766246582,1.4209502146681054,-0.38656827113536824,SR: P/TP linear,61,9,SR,P_over_TP
-0.024495949971108377,1.3199960402445121,1.469419301717101,0.2845213189769458,SR: P/TP linear,62,9,SR,P_over_TP
-0.031034002044901143,1.1120132348550742,1.3107994222050021,-0.30125786715206027,SR: P/TP linear,63,9,SR,P_over_TP
-0.07192566255762745,0.8431857295814998,0.9796853897074134,0.0,SR: P/TP linear,64,8,SR,P_over_TP
-0.12030431099271688,1.0654027516125502,1.2529421089851709,0.14285714285714288,SR: P/TP linear,65,8,SR,P_over_TP
-0.04489480123639522,1.0770198793393773,1.3137701514759887,-0.4769916229907622,SR: P/TP linear,66,9,SR,P_over_TP
-0.10203189393605028,0.9681745357033472,1.072929849531951,-0.37977726265637496,SR: P/TP linear,67,9,SR,P_over_TP
-0.07564268652443795,1.1347999827201045,1.3069564518892751,-0.17647681943136376,SR: P/TP linear,68,9,SR,P_over_TP
-0.009283272352021532,1.1767805989628375,1.3800763571993027,-0.14285714285714288,SR: P/TP linear,69,8,SR,P_over_TP
-0.006633988836646898,1.2422038287057569,1.4277331681532237,-0.023809523809523815,SR: P/TP linear,70,8,SR,P_over_TP
-0.09601785978152666,1.4542617387954364,1.5289428231415807,-0.3096261412396175,SR: P/TP linear,71,9,SR,P_over_TP
-0.032023164876574306,1.0207382448693345,1.236379468356816,0.20083857810137354,SR: P/TP linear,72,9,SR,P_over_TP
-0.17938779763617907,1.232318166846036,1.3336514884391937,-0.1422606594884729,SR: P/TP linear,73,9,SR,P_over_TP
-0.001735441811612226,0.7226036921688503,0.9932066638880883,-0.3353353533357125,SR: P/TP linear,74,8,SR,P_over_TP
-0.2378688015889241,1.2264719943889006,1.3945023215354393,-0.3333333333333334,SR: P/TP linear,75,8,SR,P_over_TP
-0.31236404321494793,1.2954517076870693,1.4999696261868756,0.20083857810137354,SR: P/TP linear,76,9,SR,P_over_TP
-0.02586463239116754,1.3765014553867385,1.615705575836929,-0.09205101496312953,SR: P/TP linear,77,9,SR,P_over_TP
-0.06365910055772495,1.3328513187797764,1.4403933659821073,-0.3,SR: P/TP linear,78,9,SR,P_over_TP
-0.8066106242815931,0.7561537379601526,0.8649728046260355,0.024708310555370042,SR: P/TP linear,79,8,SR,P_over_TP
-0.3045452330216565,0.894793466748482,0.9886138678849038,-0.14371515142959107,SR: P/TP linear,80,8,SR,P_over_TP
-0.03383561779298572,1.0288698473906541,1.214815870828125,0.17573375583870182,SR: P/TP linear,81,9,SR,P_over_TP
-0.26047158287443795,0.8199344966942619,0.885195006063817,-0.2677847708018314,SR: P/TP linear,82,9,SR,P_over_TP
-0.008081920781947582,0.9766320507431033,1.1922334495984683,0.01673654817511446,SR: P/TP linear,83,9,SR,P_over_TP
-0.017685513995186586,1.4574991936768336,1.5452003098804614,-0.011976262619132589,SR: P/TP linear,84,8,SR,P_over_TP
-0.08251764081467905,1.3467951315325255,1.5876161828673712,-0.5389318178609664,SR: P/TP linear,85,8,SR,P_over_TP
-0.011479454166357872,0.9140056140222769,1.0196586570296042,0.34309923758984645,SR: P/TP linear,86,9,SR,P_over_TP
0.004699866085993598,1.0670160778794133,1.2648751457997522,0.2857243743174461,SR: P/TP linear,87,9,SR,P_over_TP
-0.0831446483876277,1.3260711354110752,1.4326820126881723,-0.21666666666666667,SR: P/TP linear,88,9,SR,P_over_TP
-0.016755473151888634,0.9038448031184696,1.1612853765644868,-0.6099375455928333,SR: P/TP linear,89,8,SR,P_over_TP
5.187872450351794e-05,1.3647919897999323,1.5359685741466986,-0.11904761904761905,SR: P/TP linear,90,8,SR,P_over_TP
-0.20267958412228015,0.9539765610343769,1.213991532384111,-0.08403658068160179,SR: P/TP linear,91,9,SR,P_over_TP
-0.16498244536663464,1.3152742314630284,1.4436993326314713,0.03333333333333333,SR: P/TP linear,92,9,SR,P_over_TP
-0.9142325383100736,1.5538176348153663,1.7684899851024527,0.3765723339400754,SR: P/TP linear,93,9,SR,P_over_TP
-0.30984958511701,0.8407333994497179,0.9155400594459593,0.07185757571479554,SR: P/TP linear,94,8,SR,P_over_TP
-0.04053328524586575,1.0566719361136527,1.1937911848448794,0.38095238095238104,SR: P/TP linear,95,8,SR,P_over_TP
-0.13336700004780688,1.1016090979101798,1.27407970781997,-0.3666666666666667,SR: P/TP linear,96,9,SR,P_over_TP
-0.07194773511591634,1.1387157117886122,1.2275304379066325,-0.14286218715872304,SR: P/TP linear,97,9,SR,P_over_TP
-0.06002280099963242,1.227046007623542,1.4677571534540377,-0.3096261412396175,SR: P/TP linear,98,9,SR,P_over_TP
-0.12864129527904655,0.6205858124317771,0.6911819872885517,-0.07142857142857144,SR: P/TP linear,99,8,SR,P_over_TP
-0.052746239779577264,1.4666976347730918,1.6443999538804266,0.16766767666785626,SR: P/TP linear,100,8,SR,P_over_TP
-0.11479516384205901,1.2362233711050057,1.4134868442017094,-0.41666666666666663,SR: P/TP power law,1,9,SR,P_over_TP
-0.16233642079265098,0.8939408085556332,1.2124508380648171,0.32774266465824703,SR: P/TP power law,2,9,SR,P_over_TP
-0.06998039001814194,1.1487859642037794,1.3428944105366947,-0.4016771562027471,SR: P/TP power law,3,9,SR,P_over_TP
-0.11922205030669009,1.1632747679646913,1.346051780841386,-0.14285714285714288,SR: P/TP power law,4,8,SR,P_over_TP
-0.03281459301635126,1.050852485269702,1.299132166764497,-0.15569141404872364,SR: P/TP power law,5,8,SR,P_over_TP
-0.18152931903721758,1.1773188425426528,1.4046834563775406,-0.43333333333333335,SR: P/TP power law,6,9,SR,P_over_TP
-0.11712223348198147,1.5840954261745546,1.7285745042915794,-0.3765723339400754,SR: P/TP power law,7,9,SR,P_over_TP
-0.2147852450277583,1.0684600590667244,1.2253542873683532,-0.01673654817511446,SR: P/TP power law,8,9,SR,P_over_TP
-0.10064931018726142,0.9506533211557829,1.2558988207905186,-0.5212982933415374,SR: P/TP power law,9,8,SR,P_over_TP
-0.3794176002462759,0.7399754692288574,0.92578255739694,-0.5628843430992317,SR: P/TP power law,10,8,SR,P_over_TP
-0.15519717229380992,1.2362971331790409,1.4342010980769462,-0.025104822262671692,SR: P/TP power law,11,9,SR,P_over_TP
-2.3115562879939344,0.7815508499966557,1.0151925555464325,-0.6302743551120135,SR: P/TP power law,12,9,SR,P_over_TP
-1.8217426470964573,1.2570131052975968,1.4723551801563608,-0.35598333940092547,SR: P/TP power law,13,9,SR,P_over_TP
-0.3386336685680458,1.566236230275861,1.7374801003156177,-0.6343350474165467,SR: P/TP power law,14,8,SR,P_over_TP
-1.2234050329173902,1.0185995218705022,1.2577812550663625,-0.07185757571479554,SR: P/TP power law,15,8,SR,P_over_TP
-0.005720986223044955,1.34480518253307,1.5283450421447424,0.10924755488608233,SR: P/TP power law,16,9,SR,P_over_TP
-0.18636106787000895,1.1666336491282177,1.3605898224060684,-0.07531446678801507,SR: P/TP power law,17,9,SR,P_over_TP
-0.3022298451152572,1.5441525082012189,1.6904696603398686,0.11666666666666665,SR: P/TP power law,18,9,SR,P_over_TP
-0.20139698137129147,0.6805933210992539,0.7908026672799177,0.011976262619132589,SR: P/TP power law,19,8,SR,P_over_TP
-0.07203360976339179,0.7445009864074633,0.866334512382194,-0.14285714285714288,SR: P/TP power law,20,8,SR,P_over_TP
-0.13424795200661288,1.2403521799028896,1.367452454303297,-0.3666666666666667,SR: P/TP power law,21,9,SR,P_over_TP
-0.23897853577515127,0.7307312690287125,0.964186408254177,0.5763539780776888,SR: P/TP power law,22,9,SR,P_over_TP
-0.04341270710033007,1.236528207364235,1.4283217842335976,-0.4184137043778615,SR: P/TP power law,23,9,SR,P_over_TP
-0.30966315652642074,1.2853742025187853,1.4414031363028816,0.04761904761904763,SR: P/TP power law,24,8,SR,P_over_TP
-0.20174335018930534,1.1942086447600488,1.422071088246078,-0.22754898976351917,SR: P/TP power law,25,8,SR,P_over_TP
-0.7605658217960547,0.7363488997800633,0.8690073396425373,-0.4033755872716886,SR: P/TP power law,26,9,SR,P_over_TP
0.02410756382107937,0.548153113671419,0.6726568239408184,0.25,SR: P/TP power law,27,9,SR,P_over_TP
-1.7950643632166745,1.4843298665795084,1.6542367028486247,-0.08333333333333334,SR: P/TP power law,28,9,SR,P_over_TP
-0.029225877928632737,1.6807059911728799,1.823326190502338,-0.34731161595484505,SR: P/TP power law,29,8,SR,P_over_TP
-0.01860021510412846,1.2926676360562304,1.4288777517843125,0.07142857142857144,SR: P/TP power law,30,8,SR,P_over_TP
-0.00987116016540135,0.9093664434789974,0.9784051417037628,0.3051285766293647,SR: P/TP power law,31,9,SR,P_over_TP
-0.10782265820616987,0.9888173228611173,1.2987946447495837,-0.03361463227264072,SR: P/TP power law,32,9,SR,P_over_TP
-0.24017698314202018,1.3085240200872883,1.5901996490899253,-0.23431167445160245,SR: P/TP power law,33,9,SR,P_over_TP
-0.035388991821602156,1.2209852239054753,1.2987036097834368,-0.2142857142857143,SR: P/TP power law,34,8,SR,P_over_TP
-0.1343785434445135,1.0876777242608386,1.3450266245616704,-0.16766767666785626,SR: P/TP power law,35,8,SR,P_over_TP
-0.01310093230628584,0.8441453117532138,1.0593902418512935,0.25,SR: P/TP power law,36,9,SR,P_over_TP
0.007958842831408908,1.6449392805062375,1.7562896542229902,0.08368274087557231,SR: P/TP power law,37,9,SR,P_over_TP
0.004975551367803588,0.9200389764748214,1.0980508490534597,0.17573375583870182,SR: P/TP power law,38,9,SR,P_over_TP
-0.7538147228043937,0.8277471530322664,1.1309123793645084,0.5988131309566295,SR: P/TP power law,39,8,SR,P_over_TP
-0.06722192278091543,1.2143923490727857,1.3226691481723167,-0.38324040381224284,SR: P/TP power law,40,8,SR,P_over_TP
-0.04876967506134089,1.1456248887783258,1.3250825122646963,-0.30382181012509996,SR: P/TP power law,41,9,SR,P_over_TP
-0.14529786573260361,1.0401536529815583,1.2682473853215113,-0.01673654817511446,SR: P/TP power law,42,9,SR,P_over_TP
-0.13009593136427333,1.1089080097865953,1.3144212477326898,-0.39999999999999997,SR: P/TP power law,43,9,SR,P_over_TP
-0.93026109286551,1.496623789986128,1.6476901379305737,-0.8571428571428572,SR: P/TP power law,44,8,SR,P_over_TP
-0.25627520832102646,1.0220968290102532,1.236543648280199,-0.4096682888050979,SR: P/TP power law,45,8,SR,P_over_TP
-0.019412550480066182,1.0500044119979524,1.2779101016548882,0.049999999999999996,SR: P/TP power law,46,9,SR,P_over_TP
-0.269577549054723,1.0093450654621554,1.2830564207059179,-0.4201829034080089,SR: P/TP power law,47,9,SR,P_over_TP
-0.1026133181144473,1.2908364885463568,1.4241030543406137,-0.5272012675161055,SR: P/TP power law,48,9,SR,P_over_TP
-0.040975480143980114,1.0984758679584903,1.2765230591250851,-0.22754898976351917,SR: P/TP power law,49,8,SR,P_over_TP
-0.06953239835024183,1.0463324553824533,1.3039676545797183,0.1077863635721933,SR: P/TP power law,50,8,SR,P_over_TP
-0.05687249138849859,1.152535084211805,1.358577834174572,-0.25104822262671694,SR: P/TP power law,51,9,SR,P_over_TP
-0.07883347649984018,0.7008067883649027,0.8889622372111458,-0.09999999999999999,SR: P/TP power law,52,9,SR,P_over_TP
-1.0177391906782698,0.9441437243009041,1.100755104516224,-0.5774109120414489,SR: P/TP power law,53,9,SR,P_over_TP
-0.23805709478512638,1.641698680899362,1.8769921301920798,-0.5030030300035688,SR: P/TP power law,54,8,SR,P_over_TP
-0.33276527167951464,1.3381812289938573,1.3997552874118724,-0.09523809523809526,SR: P/TP power law,55,8,SR,P_over_TP
-0.11122397317138155,1.292622179108347,1.6309723824372682,0.1422606594884729,SR: P/TP power law,56,9,SR,P_over_TP
-5.583049396233619,1.050606504770077,1.1351521825369346,0.47060485181697,SR: P/TP power law,57,9,SR,P_over_TP
-0.21504808282487975,1.2271708779763164,1.3621280604424275,0.11666666666666665,SR: P/TP power law,58,9,SR,P_over_TP
-1.1860913102239983,1.111569611592544,1.2943000289154345,-0.14285714285714288,SR: P/TP power law,59,8,SR,P_over_TP
-0.8290218496461854,1.2401442618285963,1.4598949676624386,0.09523809523809526,SR: P/TP power law,60,8,SR,P_over_TP
-0.09230045394130304,1.189119208865674,1.4230585430406133,-0.38656827113536824,SR: P/TP power law,61,9,SR,P_over_TP
-0.06758491300319802,1.3679002435320378,1.5000019761186019,0.2845213189769458,SR: P/TP power law,62,9,SR,P_over_TP
-0.027447654585334158,1.052782137120455,1.3085176947030437,-0.30125786715206027,SR: P/TP power law,63,9,SR,P_over_TP
-0.1292074166814221,0.8404655655250114,1.0055210301743507,0.0,SR: P/TP power law,64,8,SR,P_over_TP
-0.028223483378895464,1.0209445614118107,1.2003468604971559,0.14285714285714288,SR: P/TP power law,65,8,SR,P_over_TP
-0.02450272827919142,1.024886131305115,1.3008872764654837,-0.4769916229907622,SR: P/TP power law,66,9,SR,P_over_TP
-0.1720892965397638,0.9777489967808969,1.10650809623538,-0.37977726265637496,SR: P/TP power law,67,9,SR,P_over_TP
-0.07318692290504147,1.1155355160409346,1.3054636652232652,-0.17647681943136376,SR: P/TP power law,68,9,SR,P_over_TP
-0.027202744322005756,1.1331107199924562,1.3922738417204745,-0.14285714285714288,SR: P/TP power law,69,8,SR,P_over_TP
-0.009966364425036511,1.2418902452586025,1.430094409770179,-0.023809523809523815,SR: P/TP power law,70,8,SR,P_over_TP
-0.11690625290341461,1.458887351432224,1.5434436925122115,-0.3096261412396175,SR: P/TP power law,71,9,SR,P_over_TP
-0.009770103782160477,1.0450320187221631,1.2229770741157233,-0.20083857810137354,SR: P/TP power law,72,9,SR,P_over_TP
-0.07706612171916194,1.1350142185728425,1.2744864478837554,-0.1422606594884729,SR: P/TP power law,73,9,SR,P_over_TP
-0.030678938318395632,0.6323344470532958,1.0074530261250443,-0.3353353533357125,SR: P/TP power law,74,8,SR,P_over_TP
-0.33169303676608175,1.2407328802258366,1.4463852934776973,-0.3333333333333334,SR: P/TP power law,75,8,SR,P_over_TP
-0.42945808473317904,1.289984422657534,1.5654565427509468,0.20083857810137354,SR: P/TP power law,76,9,SR,P_over_TP
-0.017443171890167974,1.360914762659661,1.6090601374084554,-0.09205101496312953,SR: P/TP power law,77,9,SR,P_over_TP
-0.12740781278246982,1.362169905076633,1.4829291506858409,-0.3,SR: P/TP power law,78,9,SR,P_over_TP
-0.3491906833435503,0.6574522950416264,0.7474925008181363,0.024708310555370042,SR: P/TP power law,79,8,SR,P_over_TP
-0.1300287757284193,0.8355498681937026,0.9201145080783582,-0.14371515142959107,SR: P/TP power law,80,8,SR,P_over_TP
-0.00952246209435037,1.007630074652213,1.2004462108505816,0.17573375583870182,SR: P/TP power law,81,9,SR,P_over_TP
-0.14435850082987423,0.7519696362463457,0.8434386059030424,-0.2677847708018314,SR: P/TP power law,82,9,SR,P_over_TP
-0.0609364010652651,0.9567759655053503,1.2230890118998814,0.01673654817511446,SR: P/TP power law,83,9,SR,P_over_TP
0.0007595668486259921,1.4215826209475773,1.5311332570258056,-0.011976262619132589,SR: P/TP power law,84,8,SR,P_over_TP
-0.15006362613055702,1.384802054933603,1.6363980747536566,-0.5389318178609664,SR: P/TP power law,85,8,SR,P_over_TP
-0.055749146012233464,0.8904187077231617,1.041733540874325,0.34309923758984645,SR: P/TP power law,86,9,SR,P_over_TP
0.0013316054857683834,1.0862851608181485,1.267013611655149,0.2857243743174461,SR: P/TP power law,87,9,SR,P_over_TP
-0.07603437585759654,1.2886271660211253,1.427971869705041,-0.21666666666666667,SR: P/TP power law,88,9,SR,P_over_TP
-0.03340663190964932,0.817546861616657,1.1707558053290907,-0.6099375455928333,SR: P/TP power law,89,8,SR,P_over_TP
-0.011964689326451783,1.3630197354459668,1.5451700270337658,-0.11904761904761905,SR: P/TP power law,90,8,SR,P_over_TP
-0.09795070937195827,0.9402127601384017,1.1599308786397666,-0.08403658068160179,SR: P/TP power law,91,9,SR,P_over_TP
-0.07598874017714863,1.221781529316045,1.3874614600317576,0.03333333333333333,SR: P/TP power law,92,9,SR,P_over_TP
-1.1278414812487947,1.6408467415730472,1.8645536889983085,0.3765723339400754,SR: P/TP power law,93,9,SR,P_over_TP
-0.09945070575745674,0.7452168482287054,0.8387924628494717,0.07185757571479554,SR: P/TP power law,94,8,SR,P_over_TP
-0.10451183752335491,1.0540298859221768,1.2299446462090864,0.38095238095238104,SR: P/TP power law,95,8,SR,P_over_TP
-0.09823824731999431,1.0893155011984579,1.2541792157251261,-0.3666666666666667,SR: P/TP power law,96,9,SR,P_over_TP
-0.028471258008201383,1.081901976471935,1.2023794466194597,-0.14286218715872304,SR: P/TP power law,97,9,SR,P_over_TP
-0.12226628404885287,1.2087914360728969,1.510235101322623,-0.3096261412396175,SR: P/TP power law,98,9,SR,P_over_TP
-0.0684040916887445,0.5609467684819017,0.6724844007044334,-0.07142857142857144,SR: P/TP power law,99,8,SR,P_over_TP
-0.09702312384184508,1.505115724887693,1.6786242682370724,0.16766767666785626,SR: P/TP power law,100,8,SR,P_over_TP
-0.11605121595341195,1.2804248448590387,1.4142829157042145,-0.5,SR: P/yield-stress dimensionless ratio linear,1,9,SR,P_over_Yield_dimless
-0.0699681932224192,0.9294234018257641,1.1632783589079108,-0.2333333333333333,SR: P/yield-stress dimensionless ratio linear,2,9,SR,P_over_Yield_dimless
-0.2742183400926117,1.244289801668221,1.465466458886168,-0.6166666666666666,SR: P/yield-stress dimensionless ratio linear,3,9,SR,P_over_Yield_dimless
-0.4216755725199952,1.2409341819222215,1.5170639513709516,-0.4047619047619048,SR: P/yield-stress dimensionless ratio linear,4,8,SR,P_over_Yield_dimless
-0.133095204988674,1.1192055966717636,1.360740635344365,-0.28571428571428575,SR: P/yield-stress dimensionless ratio linear,5,8,SR,P_over_Yield_dimless
-0.2898641204772012,1.2289026054393755,1.4676692571872036,-0.6,SR: P/yield-stress dimensionless ratio linear,6,9,SR,P_over_Yield_dimless
-0.30011296352283323,1.6517551285516296,1.8647829928714028,-0.7333333333333334,SR: P/yield-stress dimensionless ratio linear,7,9,SR,P_over_Yield_dimless
-0.12654014474121267,1.0554177198174983,1.1800088291551378,-0.13333333333333333,SR: P/yield-stress dimensionless ratio linear,8,9,SR,P_over_Yield_dimless
-0.1344621208762924,1.0245301701725888,1.2750439931296471,-0.6190476190476191,SR: P/yield-stress dimensionless ratio linear,9,8,SR,P_over_Yield_dimless
-0.7638410553217492,0.8695776577615362,1.0468653757111819,-0.6428571428571429,SR: P/yield-stress dimensionless ratio linear,10,8,SR,P_over_Yield_dimless
-0.058615251297789994,1.2076039637353229,1.3729384420126658,-0.03333333333333333,SR: P/yield-stress dimensionless ratio linear,11,9,SR,P_over_Yield_dimless
-3.7563393287411477,0.9612714833570803,1.2166587085999765,-0.6,SR: P/yield-stress dimensionless ratio linear,12,9,SR,P_over_Yield_dimless
-1.404362393658114,1.1912652726147084,1.3591076310611523,-0.3666666666666667,SR: P/yield-stress dimensionless ratio linear,13,9,SR,P_over_Yield_dimless
-0.36267451764417813,1.587332043903342,1.7530125875024996,-0.8095238095238096,SR: P/yield-stress dimensionless ratio linear,14,8,SR,P_over_Yield_dimless
-1.6906022696892662,1.137734523302345,1.3836319374326713,0.2142857142857143,SR: P/yield-stress dimensionless ratio linear,15,8,SR,P_over_Yield_dimless
-0.12335058045650249,1.419749518810831,1.615252095793694,-0.19999999999999998,SR: P/yield-stress dimensionless ratio linear,16,9,SR,P_over_Yield_dimless
-0.09613054249781539,1.1356278191791584,1.307825841506537,0.049999999999999996,SR: P/yield-stress dimensionless ratio linear,17,9,SR,P_over_Yield_dimless
-0.27418430466489463,1.5092193030250656,1.672167137006169,-0.45,SR: P/yield-stress dimensionless ratio linear,18,9,SR,P_over_Yield_dimless
-0.6124533280958011,0.8562875666160976,0.9161538980064609,-0.2142857142857143,SR: P/yield-stress dimensionless ratio linear,19,8,SR,P_over_Yield_dimless
-0.2427209707225637,0.797655264671349,0.9327563809361877,-0.2380952380952381,SR: P/yield-stress dimensionless ratio linear,20,8,SR,P_over_Yield_dimless
-0.13906407473941318,1.2267524881121976,1.3703525444652538,-0.7833333333333333,SR: P/yield-stress dimensionless ratio linear,21,9,SR,P_over_Yield_dimless
-0.17945609211220614,0.7491521836170035,0.9407408496800947,-0.7166666666666667,SR: P/yield-stress dimensionless ratio linear,22,9,SR,P_over_Yield_dimless
-0.10037884876099512,1.3204576154238794,1.4667939708951279,-0.35,SR: P/yield-stress dimensionless ratio linear,23,9,SR,P_over_Yield_dimless
-0.17994230033254244,1.235989086640536,1.3681573344428082,0.38095238095238104,SR: P/yield-stress dimensionless ratio linear,24,8,SR,P_over_Yield_dimless
-0.41045516230863743,1.3524435684681588,1.5406184179574933,-0.2380952380952381,SR: P/yield-stress dimensionless ratio linear,25,8,SR,P_over_Yield_dimless
-1.3758524880760281,0.8616566911940807,1.0095016835956505,0.5666666666666667,SR: P/yield-stress dimensionless ratio linear,26,9,SR,P_over_Yield_dimless
-0.15879317532539705,0.6365723832176867,0.7329857655155836,-0.35,SR: P/yield-stress dimensionless ratio linear,27,9,SR,P_over_Yield_dimless
-1.3143343118664363,1.3335519808030312,1.5052713402844162,-0.13333333333333333,SR: P/yield-stress dimensionless ratio linear,28,9,SR,P_over_Yield_dimless
-0.012910943592845614,1.6719673222188458,1.8088170929400083,-0.14285714285714288,SR: P/yield-stress dimensionless ratio linear,29,8,SR,P_over_Yield_dimless
-0.07499959862669203,1.3461435819379655,1.4679029504862213,-0.11904761904761905,SR: P/yield-stress dimensionless ratio linear,30,8,SR,P_over_Yield_dimless
-0.011471886127517372,0.8543889129288811,0.9791802595819299,-0.13333333333333333,SR: P/yield-stress dimensionless ratio linear,31,9,SR,P_over_Yield_dimless
-0.02882704536318026,0.9903267245529928,1.251631699089342,0.049999999999999996,SR: P/yield-stress dimensionless ratio linear,32,9,SR,P_over_Yield_dimless
-0.14664716327891925,1.319595593896231,1.5290606793911854,-0.049999999999999996,SR: P/yield-stress dimensionless ratio linear,33,9,SR,P_over_Yield_dimless
-0.029998698623791675,1.2105639541182365,1.2953186365061997,-0.2142857142857143,SR: P/yield-stress dimensionless ratio linear,34,8,SR,P_over_Yield_dimless
-0.24176986591548255,1.2078482878026744,1.4072538252293372,-0.11904761904761905,SR: P/yield-stress dimensionless ratio linear,35,8,SR,P_over_Yield_dimless
-0.11200258332731194,0.9585522087609619,1.1098965689852738,-0.16666666666666669,SR: P/yield-stress dimensionless ratio linear,36,9,SR,P_over_Yield_dimless
-0.011047793472559464,1.6809146346484487,1.773034314266631,-0.11666666666666665,SR: P/yield-stress dimensionless ratio linear,37,9,SR,P_over_Yield_dimless
-0.04328258985719824,0.9438438207365034,1.1243630272851837,0.0,SR: P/yield-stress dimensionless ratio linear,38,9,SR,P_over_Yield_dimless
-0.40890585023620685,0.785824022763098,1.0136268089823866,0.4761904761904762,SR: P/yield-stress dimensionless ratio linear,39,8,SR,P_over_Yield_dimless
-0.02630424037949841,1.2046268793180774,1.297065524918605,-0.4285714285714286,SR: P/yield-stress dimensionless ratio linear,40,8,SR,P_over_Yield_dimless
-0.06857762144137247,1.2114850315082708,1.337537291027702,-0.25,SR: P/yield-stress dimensionless ratio linear,41,9,SR,P_over_Yield_dimless
-0.27863722574989436,1.134809915766854,1.3400420359115843,0.21666666666666667,SR: P/yield-stress dimensionless ratio linear,42,9,SR,P_over_Yield_dimless
-0.059091402419378714,1.0631516192657697,1.2724585273009865,0.0,SR: P/yield-stress dimensionless ratio linear,43,9,SR,P_over_Yield_dimless
-0.70957615947599,1.417323398401226,1.5506427045797968,-0.7380952380952381,SR: P/yield-stress dimensionless ratio linear,44,8,SR,P_over_Yield_dimless
-0.3755218602014243,1.03822918702246,1.2939002734106202,-0.5476190476190477,SR: P/yield-stress dimensionless ratio linear,45,8,SR,P_over_Yield_dimless
-0.016826829278159927,1.0684654595780156,1.2762883748867146,0.0,SR: P/yield-stress dimensionless ratio linear,46,9,SR,P_over_Yield_dimless
-0.12498778088302465,0.9676242615060793,1.2077861359443798,0.15,SR: P/yield-stress dimensionless ratio linear,47,9,SR,P_over_Yield_dimless
-0.1420407426771939,1.3135704849720566,1.44934107284711,-0.5833333333333334,SR: P/yield-stress dimensionless ratio linear,48,9,SR,P_over_Yield_dimless
-0.14695666002323127,1.171598022647094,1.339929405652199,-0.19047619047619052,SR: P/yield-stress dimensionless ratio linear,49,8,SR,P_over_Yield_dimless
-0.2122157995110967,1.1060499008866378,1.3882248567327977,-0.3333333333333334,SR: P/yield-stress dimensionless ratio linear,50,8,SR,P_over_Yield_dimless
-0.026260161990780295,1.1591176434912984,1.3387576416560998,-0.08333333333333334,SR: P/yield-stress dimensionless ratio linear,51,9,SR,P_over_Yield_dimless
-0.010993012878613984,0.6800510747575358,0.8605580720015316,-0.15,SR: P/yield-stress dimensionless ratio linear,52,9,SR,P_over_Yield_dimless
-1.452555728002542,1.024264523427581,1.2135778343087804,-0.2333333333333333,SR: P/yield-stress dimensionless ratio linear,53,9,SR,P_over_Yield_dimless
-0.15467684953982763,1.6201817584829183,1.8126850143023476,-0.4047619047619048,SR: P/yield-stress dimensionless ratio linear,54,8,SR,P_over_Yield_dimless
-0.13631679986289158,1.24524898431597,1.2924834674700816,-0.023809523809523815,SR: P/yield-stress dimensionless ratio linear,55,8,SR,P_over_Yield_dimless
-0.07047734281375018,1.3147943642284028,1.6007906753932486,-0.16666666666666669,SR: P/yield-stress dimensionless ratio linear,56,9,SR,P_over_Yield_dimless
-6.873166372481277,1.1596507974367576,1.2414100186993282,0.18333333333333335,SR: P/yield-stress dimensionless ratio linear,57,9,SR,P_over_Yield_dimless
-0.3275525631075493,1.2709710564020962,1.4237937106900729,0.3,SR: P/yield-stress dimensionless ratio linear,58,9,SR,P_over_Yield_dimless
-0.9630138093722809,1.0744171086313679,1.2264857008961267,-0.3571428571428572,SR: P/yield-stress dimensionless ratio linear,59,8,SR,P_over_Yield_dimless
-0.6126698854309598,1.158046264823076,1.3708341115455298,-0.09523809523809526,SR: P/yield-stress dimensionless ratio linear,60,8,SR,P_over_Yield_dimless
-0.018337115668196624,1.1827157816561733,1.3740340535106943,-0.19999999999999998,SR: P/yield-stress dimensionless ratio linear,61,9,SR,P_over_Yield_dimless
-0.037131942040941945,1.3308994784101604,1.4784533386757328,-0.16666666666666669,SR: P/yield-stress dimensionless ratio linear,62,9,SR,P_over_Yield_dimless
-0.03983288589736933,1.1210495892454364,1.3163807460518675,-0.26666666666666666,SR: P/yield-stress dimensionless ratio linear,63,9,SR,P_over_Yield_dimless
-0.03742030577039923,0.8369770875478164,0.9637883433211736,-0.4047619047619048,SR: P/yield-stress dimensionless ratio linear,64,8,SR,P_over_Yield_dimless
-0.15359275226740565,1.083073134505302,1.2714206508654076,-0.09523809523809526,SR: P/yield-stress dimensionless ratio linear,65,8,SR,P_over_Yield_dimless
-0.3477619391211755,1.2582859215487991,1.4920717241078538,-0.65,SR: P/yield-stress dimensionless ratio linear,66,9,SR,P_over_Yield_dimless
-0.05666634932839787,0.933634589615028,1.050614001915023,-0.33333333333333337,SR: P/yield-stress dimensionless ratio linear,67,9,SR,P_over_Yield_dimless
-0.3109124375720542,1.2519903738413842,1.4428259496594864,-0.26666666666666666,SR: P/yield-stress dimensionless ratio linear,68,9,SR,P_over_Yield_dimless
-0.022643507921210837,1.1831710372918511,1.3891806038678212,0.09523809523809526,SR: P/yield-stress dimensionless ratio linear,69,8,SR,P_over_Yield_dimless
-0.00401344576751228,1.2471067590576275,1.425873567509134,0.04761904761904763,SR: P/yield-stress dimensionless ratio linear,70,8,SR,P_over_Yield_dimless
-0.24590374548944394,1.5433394047757014,1.6301391392667322,-0.39999999999999997,SR: P/yield-stress dimensionless ratio linear,71,9,SR,P_over_Yield_dimless
-0.048388909227573995,1.0294286681301388,1.2461441143560987,0.016666666666666666,SR: P/yield-stress dimensionless ratio linear,72,9,SR,P_over_Yield_dimless
-0.23604625434434134,1.2656421131723512,1.365310406272188,0.0,SR: P/yield-stress dimensionless ratio linear,73,9,SR,P_over_Yield_dimless
-0.14396125454023956,0.7667672711111406,1.0613747770646935,-0.523809523809524,SR: P/yield-stress dimensionless ratio linear,74,8,SR,P_over_Yield_dimless
-0.19952287851759976,1.1661591339435111,1.3727334003414051,-0.11904761904761905,SR: P/yield-stress dimensionless ratio linear,75,8,SR,P_over_Yield_dimless
-0.28695139558188787,1.247054504457027,1.4853759093220567,0.049999999999999996,SR: P/yield-stress dimensionless ratio linear,76,9,SR,P_over_Yield_dimless
-0.20590453909493345,1.47419368577478,1.7517561867638036,-0.2833333333333333,SR: P/yield-stress dimensionless ratio linear,77,9,SR,P_over_Yield_dimless
-0.1854088101842557,1.4046942301175789,1.5205963990750389,-0.45,SR: P/yield-stress dimensionless ratio linear,78,9,SR,P_over_Yield_dimless
-0.9207690142730895,0.7766287428347931,0.8918827078492151,-0.2380952380952381,SR: P/yield-stress dimensionless ratio linear,79,8,SR,P_over_Yield_dimless
-0.15950942783300093,0.863544171317326,0.9320393949863804,-0.2142857142857143,SR: P/yield-stress dimensionless ratio linear,80,8,SR,P_over_Yield_dimless
-0.10526559248742196,1.0678343071778444,1.2560821300507226,0.06666666666666667,SR: P/yield-stress dimensionless ratio linear,81,9,SR,P_over_Yield_dimless
-0.11703360490459569,0.7777458515838469,0.8333079880099027,-0.31666666666666665,SR: P/yield-stress dimensionless ratio linear,82,9,SR,P_over_Yield_dimless
-0.06227798842850851,1.0003318681357938,1.223862084796739,-0.31666666666666665,SR: P/yield-stress dimensionless ratio linear,83,9,SR,P_over_Yield_dimless
-0.029227437758150288,1.4714455210411606,1.5539379314810078,-0.09523809523809526,SR: P/yield-stress dimensionless ratio linear,84,8,SR,P_over_Yield_dimless
-0.14148382195987375,1.3622670272398627,1.630282648441625,-0.5000000000000001,SR: P/yield-stress dimensionless ratio linear,85,8,SR,P_over_Yield_dimless
3.543565199137788e-05,0.9251421136144692,1.0138380420716002,0.03333333333333333,SR: P/yield-stress dimensionless ratio linear,86,9,SR,P_over_Yield_dimless
-0.00679858716452153,1.0717504235906543,1.272160557523236,0.06666666666666667,SR: P/yield-stress dimensionless ratio linear,87,9,SR,P_over_Yield_dimless
-0.009262523199039974,1.2326277749109085,1.382956922953714,-0.3,SR: P/yield-stress dimensionless ratio linear,88,9,SR,P_over_Yield_dimless
-0.02201440758007478,0.9031347339436462,1.1642847442795115,-0.1666666666666667,SR: P/yield-stress dimensionless ratio linear,89,8,SR,P_over_Yield_dimless
-0.0035335289379112567,1.3752415253073182,1.5387197897729619,-0.04761904761904763,SR: P/yield-stress dimensionless ratio linear,90,8,SR,P_over_Yield_dimless
-0.24409512280274326,0.9707906380504946,1.2347171541862203,-0.5,SR: P/yield-stress dimensionless ratio linear,91,9,SR,P_over_Yield_dimless
-0.13011837606687804,1.2845633594637382,1.421932672943589,0.0,SR: P/yield-stress dimensionless ratio linear,92,9,SR,P_over_Yield_dimless
-0.9206516080418521,1.553858742135414,1.7714526762606644,0.16666666666666669,SR: P/yield-stress dimensionless ratio linear,93,9,SR,P_over_Yield_dimless
-0.33404083957859854,0.8409128840524784,0.9239558098984115,-0.04761904761904763,SR: P/yield-stress dimensionless ratio linear,94,8,SR,P_over_Yield_dimless
-0.129013542819836,1.1170391713718968,1.243511925970091,-0.6666666666666669,SR: P/yield-stress dimensionless ratio linear,95,8,SR,P_over_Yield_dimless
-0.29688920386972395,1.1439009140672458,1.362896118343538,-0.39999999999999997,SR: P/yield-stress dimensionless ratio linear,96,9,SR,P_over_Yield_dimless
-0.051611890480521616,1.144466215728929,1.2158309883204117,-0.08333333333333334,SR: P/yield-stress dimensionless ratio linear,97,9,SR,P_over_Yield_dimless
-0.07469807591845679,1.244538061045341,1.477882266181882,-0.03333333333333333,SR: P/yield-stress dimensionless ratio linear,98,9,SR,P_over_Yield_dimless
-0.04045818799230916,0.6005983811817469,0.6636311445913964,-0.4761904761904762,SR: P/yield-stress dimensionless ratio linear,99,8,SR,P_over_Yield_dimless
-0.12072152188467,1.4910638187542031,1.6966585988773113,-0.11904761904761905,SR: P/yield-stress dimensionless ratio linear,100,8,SR,P_over_Yield_dimless
-0.1434144376288593,1.2524398057674968,1.4315155453316042,-0.5,SR: P/yield-stress dimensionless ratio power law,1,9,SR,P_over_Yield_dimless
-0.16304009929149044,0.9115515146655571,1.212817791418996,-0.2333333333333333,SR: P/yield-stress dimensionless ratio power law,2,9,SR,P_over_Yield_dimless
-0.4398981836627436,1.324046498677882,1.557829232232906,-0.6166666666666666,SR: P/yield-stress dimensionless ratio power law,3,9,SR,P_over_Yield_dimless
-0.3340578186904619,1.2258460458044556,1.4695723235305393,-0.4047619047619048,SR: P/yield-stress dimensionless ratio power law,4,8,SR,P_over_Yield_dimless
-0.06489880985281715,1.071496547842904,1.319156507300595,-0.28571428571428575,SR: P/yield-stress dimensionless ratio power law,5,8,SR,P_over_Yield_dimless
-0.3918711337551779,1.26367365170558,1.5245993494717187,-0.6,SR: P/yield-stress dimensionless ratio power law,6,9,SR,P_over_Yield_dimless
-0.23400462001386524,1.6187314707753242,1.8167540966872961,-0.7333333333333334,SR: P/yield-stress dimensionless ratio power law,7,9,SR,P_over_Yield_dimless
-0.2872205496772986,1.084225054625528,1.261358106651896,-0.13333333333333333,SR: P/yield-stress dimensionless ratio power law,8,9,SR,P_over_Yield_dimless
-0.1800776571182925,0.9864189234464327,1.3004254601960583,-0.6190476190476191,SR: P/yield-stress dimensionless ratio power law,9,8,SR,P_over_Yield_dimless
-0.5008236942748523,0.7813419940589676,0.9656638001449893,-0.6428571428571429,SR: P/yield-stress dimensionless ratio power law,10,8,SR,P_over_Yield_dimless
-0.1291445688573052,1.2253192603589942,1.4179364508970933,-0.03333333333333333,SR: P/yield-stress dimensionless ratio power law,11,9,SR,P_over_Yield_dimless
-2.5540632443327884,0.8067190035564294,1.0517073997908173,-0.6,SR: P/yield-stress dimensionless ratio power law,12,9,SR,P_over_Yield_dimless
-1.8471519125792089,1.2645993491014924,1.4789694651197476,-0.3666666666666667,SR: P/yield-stress dimensionless ratio power law,13,9,SR,P_over_Yield_dimless
-0.44701215620741563,1.6155213322317605,1.806446304936745,-0.8095238095238096,SR: P/yield-stress dimensionless ratio power law,14,8,SR,P_over_Yield_dimless
-1.2460546947270124,1.0214106206568943,1.2641714841839915,0.2142857142857143,SR: P/yield-stress dimensionless ratio power law,15,8,SR,P_over_Yield_dimless
-0.06782036054883567,1.359800657814125,1.5748230216190355,-0.19999999999999998,SR: P/yield-stress dimensionless ratio power law,16,9,SR,P_over_Yield_dimless
-0.19823683826459915,1.1955545818981368,1.3673827867770816,0.049999999999999996,SR: P/yield-stress dimensionless ratio power law,17,9,SR,P_over_Yield_dimless
-0.3580219351089504,1.5516408708482574,1.726302704241157,-0.45,SR: P/yield-stress dimensionless ratio power law,18,9,SR,P_over_Yield_dimless
-0.2753401125645192,0.7140193962029264,0.8147753228538249,-0.2142857142857143,SR: P/yield-stress dimensionless ratio power law,19,8,SR,P_over_Yield_dimless
-0.049588096246342195,0.709340452208311,0.8572171741917222,-0.2380952380952381,SR: P/yield-stress dimensionless ratio power law,20,8,SR,P_over_Yield_dimless
-0.15554838138172244,1.2324942866015514,1.3802326605744741,-0.7833333333333333,SR: P/yield-stress dimensionless ratio power law,21,9,SR,P_over_Yield_dimless
-0.3351210139395806,0.784639650095224,1.0008970967551978,-0.7166666666666667,SR: P/yield-stress dimensionless ratio power law,22,9,SR,P_over_Yield_dimless
-0.07835064219524002,1.2639436102953887,1.4520380596152005,-0.35,SR: P/yield-stress dimensionless ratio power law,23,9,SR,P_over_Yield_dimless
-0.30166536042728076,1.2744773856820926,1.4369952463738185,0.38095238095238104,SR: P/yield-stress dimensionless ratio power law,24,8,SR,P_over_Yield_dimless
-0.2193135597742062,1.2118024834435408,1.4324291321480835,-0.2380952380952381,SR: P/yield-stress dimensionless ratio power law,25,8,SR,P_over_Yield_dimless
-0.7982929045613765,0.7467985995292681,0.8782689448602423,-0.5666666666666667,SR: P/yield-stress dimensionless ratio power law,26,9,SR,P_over_Yield_dimless
-0.053661495922583624,0.5718308222788362,0.6989452074196242,-0.35,SR: P/yield-stress dimensionless ratio power law,27,9,SR,P_over_Yield_dimless
-1.6884396486191675,1.4208699595852632,1.6223774141506453,0.13333333333333333,SR: P/yield-stress dimensionless ratio power law,28,9,SR,P_over_Yield_dimless
-0.0283359674174275,1.681826507674362,1.8225377590852623,0.14285714285714288,SR: P/yield-stress dimensionless ratio power law,29,8,SR,P_over_Yield_dimless
-0.024581499174282984,1.319917737124291,1.4330668408303417,0.11904761904761905,SR: P/yield-stress dimensionless ratio power law,30,8,SR,P_over_Yield_dimless
-0.02482092982264672,0.9142154571605603,0.985620515371669,-0.13333333333333333,SR: P/yield-stress dimensionless ratio power law,31,9,SR,P_over_Yield_dimless
-0.08958838384540124,0.9721364485123201,1.2880615011048697,0.049999999999999996,SR: P/yield-stress dimensionless ratio power law,32,9,SR,P_over_Yield_dimless
-0.2510985879672962,1.3117720641353694,1.5971863385286789,-0.049999999999999996,SR: P/yield-stress dimensionless ratio power law,33,9,SR,P_over_Yield_dimless
-0.017290311243903123,1.2107495853148946,1.2873028482377513,-0.2142857142857143,SR: P/yield-stress dimensionless ratio power law,34,8,SR,P_over_Yield_dimless
-0.1472373930331825,1.0957313162811149,1.352628477287997,-0.11904761904761905,SR: P/yield-stress dimensionless ratio power law,35,8,SR,P_over_Yield_dimless
-0.02923713808849948,0.8585570045828085,1.0677936529327143,-0.16666666666666669,SR: P/yield-stress dimensionless ratio power law,36,9,SR,P_over_Yield_dimless
-0.009266581518747818,1.6632832381620313,1.771471805486833,-0.11666666666666665,SR: P/yield-stress dimensionless ratio power law,37,9,SR,P_over_Yield_dimless
-0.0018380427505571006,0.900779824344959,1.1018039771727666,0.0,SR: P/yield-stress dimensionless ratio power law,38,9,SR,P_over_Yield_dimless
-0.7192240046712475,0.8300674584615709,1.1197042727061863,0.4761904761904762,SR: P/yield-stress dimensionless ratio power law,39,8,SR,P_over_Yield_dimless
-0.05627974419949244,1.2025616915607338,1.3158710443415753,-0.4285714285714286,SR: P/yield-stress dimensionless ratio power law,40,8,SR,P_over_Yield_dimless
-0.06809033272277798,1.1561383853502905,1.337232286907952,-0.25,SR: P/yield-stress dimensionless ratio power law,41,9,SR,P_over_Yield_dimless
-0.16507768569599057,1.0556641815848167,1.279152111767734,0.21666666666666667,SR: P/yield-stress dimensionless ratio power law,42,9,SR,P_over_Yield_dimless
-0.016200079428089653,1.0480300184273306,1.2464260798545808,0.0,SR: P/yield-stress dimensionless ratio power law,43,9,SR,P_over_Yield_dimless
-0.9309433314640299,1.4944297567037732,1.6479812950450476,-0.7380952380952381,SR: P/yield-stress dimensionless ratio power law,44,8,SR,P_over_Yield_dimless
-0.21962778467173738,0.9769607591023899,1.2183742481418565,-0.5476190476190477,SR: P/yield-stress dimensionless ratio power law,45,8,SR,P_over_Yield_dimless
-0.042257078114639635,1.0524188479224432,1.2921494340715451,0.0,SR: P/yield-stress dimensionless ratio power law,46,9,SR,P_over_Yield_dimless
-0.25528621725465284,0.9528981511989217,1.2758144526273685,0.15,SR: P/yield-stress dimensionless ratio power law,47,9,SR,P_over_Yield_dimless
-0.23253663435362326,1.35250349633474,1.5056697293127135,-0.5833333333333334,SR: P/yield-stress dimensionless ratio power law,48,9,SR,P_over_Yield_dimless
-0.09305957381678742,1.1312211686831302,1.3080680275980663,-0.19047619047619052,SR: P/yield-stress dimensionless ratio power law,49,8,SR,P_over_Yield_dimless
-0.09794235413118035,1.0471249699028182,1.321172774730323,-0.3333333333333334,SR: P/yield-stress dimensionless ratio power law,50,8,SR,P_over_Yield_dimless
-0.02530400650211262,1.1392235212861126,1.3381338433210959,-0.08333333333333334,SR: P/yield-stress dimensionless ratio power law,51,9,SR,P_over_Yield_dimless
-0.045311313856363,0.658117603353636,0.8750420652623404,-0.15,SR: P/yield-stress dimensionless ratio power law,52,9,SR,P_over_Yield_dimless
-1.051005015100876,0.9385721073914441,1.1097919097402056,-0.2333333333333333,SR: P/yield-stress dimensionless ratio power law,53,9,SR,P_over_Yield_dimless
-0.21886012888611006,1.6185569721182946,1.862383221908713,-0.4047619047619048,SR: P/yield-stress dimensionless ratio power law,54,8,SR,P_over_Yield_dimless
-0.25239172405982746,1.2854546966604419,1.3568922981829776,-0.023809523809523815,SR: P/yield-stress dimensionless ratio power law,55,8,SR,P_over_Yield_dimless
-0.12353615690978814,1.2983824400680872,1.6399829487399842,-0.16666666666666669,SR: P/yield-stress dimensionless ratio power law,56,9,SR,P_over_Yield_dimless
-4.945741306512579,0.9832425000134702,1.0788064549140914,0.18333333333333335,SR: P/yield-stress dimensionless ratio power law,57,9,SR,P_over_Yield_dimless
-0.20568030775252022,1.2234958136086205,1.3568670344777232,0.3,SR: P/yield-stress dimensionless ratio power law,58,9,SR,P_over_Yield_dimless
-1.4365615427999758,1.1957353885196356,1.3664366581624776,-0.3571428571428572,SR: P/yield-stress dimensionless ratio power law,59,8,SR,P_over_Yield_dimless
-0.8334170204740601,1.2273368832210396,1.461647991462269,-0.09523809523809526,SR: P/yield-stress dimensionless ratio power law,60,8,SR,P_over_Yield_dimless
-0.05881698636148758,1.1204072715176698,1.4010775032148075,0.19999999999999998,SR: P/yield-stress dimensionless ratio power law,61,9,SR,P_over_Yield_dimless
-0.08430324906750442,1.382130991289325,1.511701335963358,-0.16666666666666669,SR: P/yield-stress dimensionless ratio power law,62,9,SR,P_over_Yield_dimless
-0.03989741292935256,1.0607426811920904,1.3164215895498566,-0.26666666666666666,SR: P/yield-stress dimensionless ratio power law,63,9,SR,P_over_Yield_dimless
-0.05184541382697594,0.839109802237504,0.9704658468028887,-0.4047619047619048,SR: P/yield-stress dimensionless ratio power law,64,8,SR,P_over_Yield_dimless
-0.03817371084334109,1.0262996658888213,1.2061408188586773,-0.09523809523809526,SR: P/yield-stress dimensionless ratio power law,65,8,SR,P_over_Yield_dimless
-0.371258467243627,1.2058571850647282,1.5050217198074354,-0.65,SR: P/yield-stress dimensionless ratio power law,66,9,SR,P_over_Yield_dimless
-0.12972152815190663,0.9461913551166796,1.0863254356075955,-0.33333333333333337,SR: P/yield-stress dimensionless ratio power law,67,9,SR,P_over_Yield_dimless
-0.19429284322216422,1.1880700567651379,1.3771540307241537,-0.26666666666666666,SR: P/yield-stress dimensionless ratio power law,68,9,SR,P_over_Yield_dimless
-0.042826423208947695,1.1418688680069622,1.4028220754578842,0.09523809523809526,SR: P/yield-stress dimensionless ratio power law,69,8,SR,P_over_Yield_dimless
-0.013521315896765751,1.246236575612282,1.4326090729209728,0.04761904761904763,SR: P/yield-stress dimensionless ratio power law,70,8,SR,P_over_Yield_dimless
-0.18016429396072065,1.5078995366277983,1.586549638935624,-0.39999999999999997,SR: P/yield-stress dimensionless ratio power law,71,9,SR,P_over_Yield_dimless
-0.025433038982936695,1.0556158222158294,1.2324256106811946,0.016666666666666666,SR: P/yield-stress dimensionless ratio power law,72,9,SR,P_over_Yield_dimless
-0.13046763477908585,1.1711368912456537,1.30569910213028,0.0,SR: P/yield-stress dimensionless ratio power law,73,9,SR,P_over_Yield_dimless
-0.1687745151115021,0.678019189921937,1.0728239781731712,-0.523809523809524,SR: P/yield-stress dimensionless ratio power law,74,8,SR,P_over_Yield_dimless
-0.31483937188493205,1.20199563212072,1.4372035557643599,-0.11904761904761905,SR: P/yield-stress dimensionless ratio power law,75,8,SR,P_over_Yield_dimless
-0.4254694271360173,1.2802815828025063,1.5632709480705977,0.049999999999999996,SR: P/yield-stress dimensionless ratio power law,76,9,SR,P_over_Yield_dimless
-0.1726842199624501,1.4499371565508135,1.7274589488441785,-0.2833333333333333,SR: P/yield-stress dimensionless ratio power law,77,9,SR,P_over_Yield_dimless
-0.28994602093804955,1.4631846730325688,1.586228143220099,-0.45,SR: P/yield-stress dimensionless ratio power law,78,9,SR,P_over_Yield_dimless
-0.4331081975668769,0.6791886053624614,0.7703882731095706,-0.2380952380952381,SR: P/yield-stress dimensionless ratio power law,79,8,SR,P_over_Yield_dimless
-0.03266758302914008,0.800155726654129,0.8795841589400127,-0.2142857142857143,SR: P/yield-stress dimensionless ratio power law,80,8,SR,P_over_Yield_dimless
-0.051170660427415804,1.036566977602751,1.224958363376326,0.06666666666666667,SR: P/yield-stress dimensionless ratio power law,81,9,SR,P_over_Yield_dimless
-0.03441442627383906,0.7194705231955606,0.8018990703349296,-0.31666666666666665,SR: P/yield-stress dimensionless ratio power law,82,9,SR,P_over_Yield_dimless
-0.11367088414498516,0.9808001625323217,1.253117578152714,-0.31666666666666665,SR: P/yield-stress dimensionless ratio power law,83,9,SR,P_over_Yield_dimless
-0.010230395627405908,1.4352157993719226,1.5395301761984348,-0.09523809523809526,SR: P/yield-stress dimensionless ratio power law,84,8,SR,P_over_Yield_dimless
-0.21420215021301336,1.4041935143331432,1.681409607855338,-0.5000000000000001,SR: P/yield-stress dimensionless ratio power law,85,8,SR,P_over_Yield_dimless
-0.029168281810593832,0.9053017694633196,1.0285359466475816,0.03333333333333333,SR: P/yield-stress dimensionless ratio power law,86,9,SR,P_over_Yield_dimless
-0.007231206978564275,1.0899041189824352,1.2724338508915074,0.06666666666666667,SR: P/yield-stress dimensionless ratio power law,87,9,SR,P_over_Yield_dimless
-0.02804906125463802,1.2157005857199183,1.395768843209707,-0.3,SR: P/yield-stress dimensionless ratio power law,88,9,SR,P_over_Yield_dimless
-0.051459492116551875,0.8216421302782939,1.1809376555294913,-0.1666666666666667,SR: P/yield-stress dimensionless ratio power law,89,8,SR,P_over_Yield_dimless
-0.02339252466643993,1.377656772252195,1.5538701213957686,0.04761904761904763,SR: P/yield-stress dimensionless ratio power law,90,8,SR,P_over_Yield_dimless
-0.14016561438498787,0.9553366557372394,1.1820195450001327,-0.5,SR: P/yield-stress dimensionless ratio power law,91,9,SR,P_over_Yield_dimless
-0.05772455507710461,1.196845047876417,1.3756354480891142,0.0,SR: P/yield-stress dimensionless ratio power law,92,9,SR,P_over_Yield_dimless
-1.136244727961476,1.6378952220745495,1.8682317980103198,-0.16666666666666669,SR: P/yield-stress dimensionless ratio power law,93,9,SR,P_over_Yield_dimless
-0.11731111674533778,0.7442113250469213,0.8455780447396888,0.04761904761904763,SR: P/yield-stress dimensionless ratio power law,94,8,SR,P_over_Yield_dimless
-0.2175092819030413,1.1344125630753372,1.2913278556833212,-0.6666666666666669,SR: P/yield-stress dimensionless ratio power law,95,8,SR,P_over_Yield_dimless
-0.3282747429009343,1.13680301020253,1.3792890057376432,-0.39999999999999997,SR: P/yield-stress dimensionless ratio power law,96,9,SR,P_over_Yield_dimless
-0.007401962858154532,1.0887695143092424,1.1899997237445632,-0.08333333333333334,SR: P/yield-stress dimensionless ratio power law,97,9,SR,P_over_Yield_dimless
-0.14590966332062316,1.231674152171015,1.526060646569344,-0.03333333333333333,SR: P/yield-stress dimensionless ratio power law,98,9,SR,P_over_Yield_dimless
-0.0647157266118017,0.5521120064667061,0.671322615386412,-0.4761904761904762,SR: P/yield-stress dimensionless ratio power law,99,8,SR,P_over_Yield_dimless
-0.1395764566891402,1.5132874522111834,1.7108712983531604,-0.11904761904761905,SR: P/yield-stress dimensionless ratio power law,100,8,SR,P_over_Yield_dimless
