Target,Repeat,Outer_fold,Row_index,Observed,Predicted,Selected_feature_set,Selected_model
Pr,1,1,4,1.049,0.9530574880952385,rheology_enhanced,RandomForest
Pr,1,1,12,1.098,1.028132297619048,rheology_enhanced,RandomForest
Pr,1,1,15,0.969,1.0474497539682543,rheology_enhanced,RandomForest
Pr,1,1,16,1.094,1.0430470634920646,rheology_enhanced,RandomForest
Pr,1,1,19,0.936,1.025326996031746,rheology_enhanced,RandomForest
Pr,1,1,26,1.081,1.0698507023809525,rheology_enhanced,RandomForest
Pr,1,1,27,1.179,1.0658190357142858,rheology_enhanced,RandomForest
Pr,1,1,37,0.986,0.9858437420634926,rheology_enhanced,RandomForest
Pr,1,2,6,1.014,1.006402968253968,rheology_enhanced,RandomForest
Pr,1,2,8,0.971,1.0148816283068778,rheology_enhanced,RandomForest
Pr,1,2,9,0.883,1.0036830119047613,rheology_enhanced,RandomForest
Pr,1,2,13,0.999,1.060340384920634,rheology_enhanced,RandomForest
Pr,1,2,25,1.069,1.1237404246031752,rheology_enhanced,RandomForest
Pr,1,2,31,1.194,1.2089175555555551,rheology_enhanced,RandomForest
Pr,1,2,34,1.177,1.2072600158730153,rheology_enhanced,RandomForest
Pr,1,2,39,1.017,0.9790098333333326,rheology_enhanced,RandomForest
Pr,1,3,0,1.01,1.0338938779718578,core,GradientBoosting
Pr,1,3,1,0.959,0.9542058150887047,core,GradientBoosting
Pr,1,3,5,1.136,0.9568641257505414,core,GradientBoosting
Pr,1,3,11,1.048,1.0169946160554888,core,GradientBoosting
Pr,1,3,17,1.034,1.0228613093067092,core,GradientBoosting
Pr,1,3,24,0.928,0.9944423356197446,core,GradientBoosting
Pr,1,3,29,1.076,1.080860406488146,core,GradientBoosting
Pr,1,3,33,1.232,1.1664441818425701,core,GradientBoosting
Pr,1,4,2,0.967,1.0203217774262947,rheology_enhanced,GradientBoosting
Pr,1,4,3,0.932,1.0569057082405786,rheology_enhanced,GradientBoosting
Pr,1,4,21,1.004,1.033839783262953,rheology_enhanced,GradientBoosting
Pr,1,4,23,0.981,0.9377061065141189,rheology_enhanced,GradientBoosting
Pr,1,4,30,1.42,1.2081090483912496,rheology_enhanced,GradientBoosting
Pr,1,4,32,1.097,1.203871892927063,rheology_enhanced,GradientBoosting
Pr,1,4,35,0.978,0.9851259127536014,rheology_enhanced,GradientBoosting
Pr,1,4,36,0.998,0.979416243340427,rheology_enhanced,GradientBoosting
Pr,1,5,7,0.984,1.038890543650792,core,RandomForest
Pr,1,5,10,1.005,1.067794522486773,core,RandomForest
Pr,1,5,14,1.004,1.0735017116402124,core,RandomForest
Pr,1,5,18,1.081,0.9810145555555551,core,RandomForest
Pr,1,5,20,0.985,0.9541782857142855,core,RandomForest
Pr,1,5,22,1.054,0.968534505291005,core,RandomForest
Pr,1,5,28,1.057,1.1046418425925921,core,RandomForest
Pr,1,5,38,0.966,0.9990880952380949,core,RandomForest
Pr,2,1,6,1.014,1.0283327791005294,rheology_enhanced,RandomForest
Pr,2,1,7,0.984,1.0266185238095242,rheology_enhanced,RandomForest
Pr,2,1,9,0.883,1.0234417380952385,rheology_enhanced,RandomForest
Pr,2,1,13,0.999,1.059702916666666,rheology_enhanced,RandomForest
Pr,2,1,19,0.936,1.0403514920634926,rheology_enhanced,RandomForest
Pr,2,1,24,0.928,1.005484753968254,rheology_enhanced,RandomForest
Pr,2,1,31,1.194,1.2181548677248688,rheology_enhanced,RandomForest
Pr,2,1,35,0.978,0.9914462341269836,rheology_enhanced,RandomForest
Pr,2,2,5,1.136,0.9467365444481252,core,GradientBoosting
Pr,2,2,8,0.971,0.9784948827167648,core,GradientBoosting
Pr,2,2,10,1.005,1.039451454721903,core,GradientBoosting
Pr,2,2,12,1.098,1.0748440872112208,core,GradientBoosting
Pr,2,2,14,1.004,1.0161680063882879,core,GradientBoosting
Pr,2,2,20,0.985,1.0384834871705462,core,GradientBoosting
Pr,2,2,32,1.097,1.2173462699673987,core,GradientBoosting
Pr,2,2,37,0.986,0.9821925580699173,core,GradientBoosting
Pr,2,3,15,0.969,1.0677900277777785,rheology_enhanced,RandomForest
Pr,2,3,22,1.054,0.9668111917989421,rheology_enhanced,RandomForest
Pr,2,3,26,1.081,1.1360213769841276,rheology_enhanced,RandomForest
Pr,2,3,28,1.057,1.143545496031747,rheology_enhanced,RandomForest
Pr,2,3,29,1.076,1.1414830357142867,rheology_enhanced,RandomForest
Pr,2,3,33,1.232,1.1859114312169317,rheology_enhanced,RandomForest
Pr,2,3,36,0.998,0.9787412208994704,rheology_enhanced,RandomForest
Pr,2,3,39,1.017,0.9733471812169309,rheology_enhanced,RandomForest
Pr,2,4,1,0.959,1.0355328650793647,rheology_enhanced,RandomForest
Pr,2,4,3,0.932,1.0085889126984122,rheology_enhanced,RandomForest
Pr,2,4,11,1.048,1.0570252936507933,rheology_enhanced,RandomForest
Pr,2,4,18,1.081,1.0262745357142862,rheology_enhanced,RandomForest
Pr,2,4,23,0.981,0.9489695595238095,rheology_enhanced,RandomForest
Pr,2,4,25,1.069,1.1133830357142855,rheology_enhanced,RandomForest
Pr,2,4,34,1.177,1.1924582843915337,rheology_enhanced,RandomForest
Pr,2,4,38,0.966,0.9961224034391537,rheology_enhanced,RandomForest
Pr,2,5,0,1.01,0.9986660423280425,core,RandomForest
Pr,2,5,2,0.967,0.9998515343915343,core,RandomForest
Pr,2,5,4,1.049,0.9868890462962958,core,RandomForest
Pr,2,5,16,1.094,1.0158970105820115,core,RandomForest
Pr,2,5,17,1.034,1.0183226375661387,core,RandomForest
Pr,2,5,21,1.004,0.9639362182539692,core,RandomForest
Pr,2,5,27,1.179,1.0735240767195764,core,RandomForest
Pr,2,5,30,1.42,1.1329631111111116,core,RandomForest
Pr,3,1,5,1.136,0.9940192142857145,rheology_enhanced,RandomForest
Pr,3,1,11,1.048,1.0433835119047619,rheology_enhanced,RandomForest
Pr,3,1,15,0.969,1.0472733280423276,rheology_enhanced,RandomForest
Pr,3,1,17,1.034,1.0547356917989414,rheology_enhanced,RandomForest
Pr,3,1,19,0.936,1.0435396798941794,rheology_enhanced,RandomForest
Pr,3,1,27,1.179,1.0751648730158712,rheology_enhanced,RandomForest
Pr,3,1,36,0.998,0.9932871970899481,rheology_enhanced,RandomForest
Pr,3,1,38,0.966,1.0042562883597888,rheology_enhanced,RandomForest
Pr,3,2,2,0.967,0.9829854761904754,rheology_enhanced,RandomForest
Pr,3,2,8,0.971,1.0103024126984121,rheology_enhanced,RandomForest
Pr,3,2,9,0.883,0.9984080555555545,rheology_enhanced,RandomForest
Pr,3,2,12,1.098,1.029843496031745,rheology_enhanced,RandomForest
Pr,3,2,16,1.094,0.9988099126984126,rheology_enhanced,RandomForest
Pr,3,2,18,1.081,0.9959929338624337,rheology_enhanced,RandomForest
Pr,3,2,26,1.081,1.1189566468253975,rheology_enhanced,RandomForest
Pr,3,2,31,1.194,1.217683055555557,rheology_enhanced,RandomForest
Pr,3,3,0,1.01,1.065840161375663,rheology_enhanced,RandomForest
Pr,3,3,1,0.959,1.064977161375663,rheology_enhanced,RandomForest
Pr,3,3,4,1.049,0.9436668915343923,rheology_enhanced,RandomForest
Pr,3,3,10,1.005,1.0671383611111118,rheology_enhanced,RandomForest
Pr,3,3,14,1.004,1.0333240793650795,rheology_enhanced,RandomForest
Pr,3,3,24,0.928,0.9992516904761906,rheology_enhanced,RandomForest
Pr,3,3,29,1.076,1.0971947328042315,rheology_enhanced,RandomForest
Pr,3,3,33,1.232,1.1907976388888897,rheology_enhanced,RandomForest
Pr,3,4,6,1.014,1.0350382023809532,core,RandomForest
Pr,3,4,7,0.984,1.0312149166666678,core,RandomForest
Pr,3,4,13,0.999,1.0675182929292921,core,RandomForest
Pr,3,4,21,1.004,0.9609728809523811,core,RandomForest
Pr,3,4,25,1.069,1.1007152175324681,core,RandomForest
Pr,3,4,28,1.057,1.1190376302308807,core,RandomForest
Pr,3,4,30,1.42,1.1522923275613282,core,RandomForest
Pr,3,4,34,1.177,1.143401121933622,core,RandomForest
Pr,3,5,3,0.932,1.0043993923745056,rheology_enhanced,GradientBoosting
Pr,3,5,20,0.985,0.9976274697661582,rheology_enhanced,GradientBoosting
Pr,3,5,22,1.054,1.0045912919759448,rheology_enhanced,GradientBoosting
Pr,3,5,23,0.981,0.930194509235848,rheology_enhanced,GradientBoosting
Pr,3,5,32,1.097,1.2126852869848213,rheology_enhanced,GradientBoosting
Pr,3,5,35,0.978,0.9929505445157347,rheology_enhanced,GradientBoosting
Pr,3,5,37,0.986,0.9948343630458691,rheology_enhanced,GradientBoosting
Pr,3,5,39,1.017,0.9678360035556917,rheology_enhanced,GradientBoosting
Pr,4,1,0,1.01,1.0014419555664062,core,XGBoost
Pr,4,1,5,1.136,0.9241280555725098,core,XGBoost
Pr,4,1,7,0.984,0.9585516452789307,core,XGBoost
Pr,4,1,9,0.883,0.9799749255180359,core,XGBoost
Pr,4,1,13,0.999,1.0259478092193604,core,XGBoost
Pr,4,1,19,0.936,1.043266773223877,core,XGBoost
Pr,4,1,20,0.985,1.0149227380752563,core,XGBoost
Pr,4,1,37,0.986,0.9835218787193298,core,XGBoost
Pr,4,2,10,1.005,1.054993748664856,rheology_enhanced,XGBoost
Pr,4,2,16,1.094,1.0009604692459106,rheology_enhanced,XGBoost
Pr,4,2,18,1.081,1.0015907287597656,rheology_enhanced,XGBoost
Pr,4,2,24,0.928,0.9808663725852966,rheology_enhanced,XGBoost
Pr,4,2,28,1.057,1.087868571281433,rheology_enhanced,XGBoost
Pr,4,2,35,0.978,0.9755157232284546,rheology_enhanced,XGBoost
Pr,4,2,36,0.998,0.9718157052993774,rheology_enhanced,XGBoost
Pr,4,2,39,1.017,0.9807610511779785,rheology_enhanced,XGBoost
Pr,4,3,2,0.967,0.9686285685680052,core,GradientBoosting
Pr,4,3,6,1.014,1.1178589017671532,core,GradientBoosting
Pr,4,3,12,1.098,1.017219710190754,core,GradientBoosting
Pr,4,3,17,1.034,1.01129543872038,core,GradientBoosting
Pr,4,3,26,1.081,1.0809412886737684,core,GradientBoosting
Pr,4,3,27,1.179,1.0686517042203394,core,GradientBoosting
Pr,4,3,29,1.076,1.072701866543627,core,GradientBoosting
Pr,4,3,33,1.232,1.1515966640312427,core,GradientBoosting
Pr,4,4,1,0.959,1.0132775022360827,engineered,GradientBoosting
Pr,4,4,8,0.971,0.9956001033574052,engineered,GradientBoosting
Pr,4,4,14,1.004,1.0160975520328286,engineered,GradientBoosting
Pr,4,4,22,1.054,0.9479248947235706,engineered,GradientBoosting
Pr,4,4,23,0.981,0.9123200880394037,engineered,GradientBoosting
Pr,4,4,25,1.069,1.079351412840007,engineered,GradientBoosting
Pr,4,4,34,1.177,1.1965419257058438,engineered,GradientBoosting
Pr,4,4,38,0.966,0.9907069169601805,engineered,GradientBoosting
Pr,4,5,3,0.932,0.9470014572143555,engineered,XGBoost
Pr,4,5,4,1.049,0.9432691931724548,engineered,XGBoost
Pr,4,5,11,1.048,1.0229213237762451,engineered,XGBoost
Pr,4,5,15,0.969,1.103184461593628,engineered,XGBoost
Pr,4,5,21,1.004,1.0082027912139893,engineered,XGBoost
Pr,4,5,30,1.42,1.194549798965454,engineered,XGBoost
Pr,4,5,31,1.194,1.1891930103302002,engineered,XGBoost
Pr,4,5,32,1.097,1.190028429031372,engineered,XGBoost
Pr,5,1,3,0.932,0.9721869801587301,rheology_enhanced,RandomForest
Pr,5,1,4,1.049,0.9718665357142856,rheology_enhanced,RandomForest
Pr,5,1,6,1.014,0.9939351825396826,rheology_enhanced,RandomForest
Pr,5,1,9,0.883,0.9835230039682543,rheology_enhanced,RandomForest
Pr,5,1,10,1.005,1.0636305846560834,rheology_enhanced,RandomForest
Pr,5,1,17,1.034,1.0529693928571426,rheology_enhanced,RandomForest
Pr,5,1,38,0.966,0.98891255952381,rheology_enhanced,RandomForest
Pr,5,1,39,1.017,0.9917514298941804,rheology_enhanced,RandomForest
Pr,5,2,1,0.959,1.0407507976190469,engineered,RandomForest
Pr,5,2,7,0.984,1.0003825873015877,engineered,RandomForest
Pr,5,2,12,1.098,1.0519550304232803,engineered,RandomForest
Pr,5,2,13,0.999,1.047692451058201,engineered,RandomForest
Pr,5,2,14,1.004,1.0481611931216934,engineered,RandomForest
Pr,5,2,20,0.985,0.9992985595238099,engineered,RandomForest
Pr,5,2,26,1.081,1.1068462261904768,engineered,RandomForest
Pr,5,2,30,1.42,1.1487489841269845,engineered,RandomForest
Pr,5,3,21,1.004,1.0123449722222218,rheology_enhanced,RandomForest
Pr,5,3,24,0.928,0.9823259682539681,rheology_enhanced,RandomForest
Pr,5,3,28,1.057,1.1334871494708993,rheology_enhanced,RandomForest
Pr,5,3,31,1.194,1.2049530396825405,rheology_enhanced,RandomForest
Pr,5,3,33,1.232,1.1993748650793659,rheology_enhanced,RandomForest
Pr,5,3,35,0.978,0.9881035211640208,rheology_enhanced,RandomForest
Pr,5,3,36,0.998,0.9889993809523804,rheology_enhanced,RandomForest
Pr,5,3,37,0.986,0.990994035714285,rheology_enhanced,RandomForest
Pr,5,4,0,1.01,1.0004993677139282,core,XGBoost
Pr,5,4,8,0.971,1.0025416612625122,core,XGBoost
Pr,5,4,15,0.969,1.0366575717926025,core,XGBoost
Pr,5,4,22,1.054,0.9643875360488892,core,XGBoost
Pr,5,4,23,0.981,0.9543545246124268,core,XGBoost
Pr,5,4,25,1.069,1.0884596109390259,core,XGBoost
Pr,5,4,32,1.097,1.2275010347366333,core,XGBoost
Pr,5,4,34,1.177,1.2299625873565674,core,XGBoost
Pr,5,5,2,0.967,0.947063820062728,core,GradientBoosting
Pr,5,5,5,1.136,0.947063820062728,core,GradientBoosting
Pr,5,5,11,1.048,1.0296537504989307,core,GradientBoosting
Pr,5,5,16,1.094,1.1151358061233017,core,GradientBoosting
Pr,5,5,18,1.081,1.0025002133037733,core,GradientBoosting
Pr,5,5,19,0.936,1.0025002133037733,core,GradientBoosting
Pr,5,5,27,1.179,1.1177276716043845,core,GradientBoosting
Pr,5,5,29,1.076,1.064472563752353,core,GradientBoosting
Pr,6,1,5,1.136,0.9315476417541504,core,XGBoost
Pr,6,1,10,1.005,1.0444499254226685,core,XGBoost
Pr,6,1,14,1.004,1.038124918937683,core,XGBoost
Pr,6,1,15,0.969,1.0024900436401367,core,XGBoost
Pr,6,1,21,1.004,0.9662537574768066,core,XGBoost
Pr,6,1,24,0.928,1.0050296783447266,core,XGBoost
Pr,6,1,30,1.42,1.1843843460083008,core,XGBoost
Pr,6,1,38,0.966,0.9954043626785278,core,XGBoost
Pr,6,2,0,1.01,1.018006826719576,rheology_enhanced,RandomForest
Pr,6,2,2,0.967,0.9853853531746026,rheology_enhanced,RandomForest
Pr,6,2,3,0.932,0.9790127499999992,rheology_enhanced,RandomForest
Pr,6,2,4,1.049,0.9732531865079359,rheology_enhanced,RandomForest
Pr,6,2,12,1.098,1.0326287089947097,rheology_enhanced,RandomForest
Pr,6,2,19,0.936,1.0305702103174599,rheology_enhanced,RandomForest
Pr,6,2,28,1.057,1.123689870370371,rheology_enhanced,RandomForest
Pr,6,2,29,1.076,1.1214748703703712,rheology_enhanced,RandomForest
Pr,6,3,1,0.959,1.0390946891534392,rheology_enhanced,RandomForest
Pr,6,3,9,0.883,0.9753043968253958,rheology_enhanced,RandomForest
Pr,6,3,20,0.985,0.9915284007936506,rheology_enhanced,RandomForest
Pr,6,3,22,1.054,0.97967173015873,rheology_enhanced,RandomForest
Pr,6,3,25,1.069,1.0770586666666664,rheology_enhanced,RandomForest
Pr,6,3,27,1.179,1.0833737222222217,rheology_enhanced,RandomForest
Pr,6,3,32,1.097,1.2496021058201057,rheology_enhanced,RandomForest
Pr,6,3,35,0.978,0.9821801071428566,rheology_enhanced,RandomForest
Pr,6,4,11,1.048,1.0610652380952372,core,RandomForest
Pr,6,4,13,0.999,1.065407206349205,core,RandomForest
Pr,6,4,17,1.034,1.0101667777777776,core,RandomForest
Pr,6,4,18,1.081,0.9849924801587305,core,RandomForest
Pr,6,4,26,1.081,1.104252488095238,core,RandomForest
Pr,6,4,31,1.194,1.2015840634920636,core,RandomForest
Pr,6,4,33,1.232,1.1915923412698413,core,RandomForest
Pr,6,4,37,0.986,0.9872430714285718,core,RandomForest
Pr,6,5,6,1.014,1.0051950238095233,engineered,RandomForest
Pr,6,5,7,0.984,1.0196920224867716,engineered,RandomForest
Pr,6,5,8,0.971,1.0155170224867716,engineered,RandomForest
Pr,6,5,16,1.094,1.0095916984126987,engineered,RandomForest
Pr,6,5,23,0.981,0.9536275873015867,engineered,RandomForest
Pr,6,5,34,1.177,1.1689735634920628,engineered,RandomForest
Pr,6,5,36,0.998,0.9743038730158726,engineered,RandomForest
Pr,6,5,39,1.017,0.9756035185185185,engineered,RandomForest
Pr,7,1,3,0.932,0.9898662567138672,engineered,XGBoost
Pr,7,1,9,0.883,0.9793104529380798,engineered,XGBoost
Pr,7,1,23,0.981,1.0212558507919312,engineered,XGBoost
Pr,7,1,24,0.928,1.0143711566925049,engineered,XGBoost
Pr,7,1,25,1.069,1.1665449142456055,engineered,XGBoost
Pr,7,1,26,1.081,1.1704106330871582,engineered,XGBoost
Pr,7,1,36,0.998,0.9779335260391235,engineered,XGBoost
Pr,7,1,37,0.986,0.9830762147903442,engineered,XGBoost
Pr,7,2,1,0.959,0.9455021644812823,core,GradientBoosting
Pr,7,2,5,1.136,0.9390759826669117,core,GradientBoosting
Pr,7,2,11,1.048,1.0249324529059478,core,GradientBoosting
Pr,7,2,13,0.999,1.0157947439000692,core,GradientBoosting
Pr,7,2,19,0.936,1.02413362161557,core,GradientBoosting
Pr,7,2,30,1.42,1.2092921054610966,core,GradientBoosting
Pr,7,2,32,1.097,1.1921508333021176,core,GradientBoosting
Pr,7,2,35,0.978,0.9955771078122573,core,GradientBoosting
Pr,7,3,2,0.967,0.9815102579365087,rheology_enhanced,RandomForest
Pr,7,3,8,0.971,0.998007301587302,rheology_enhanced,RandomForest
Pr,7,3,10,1.005,1.0713094351851855,rheology_enhanced,RandomForest
Pr,7,3,15,0.969,1.0773061613756627,rheology_enhanced,RandomForest
Pr,7,3,18,1.081,1.0018656706349205,rheology_enhanced,RandomForest
Pr,7,3,20,0.985,1.0061789365079363,rheology_enhanced,RandomForest
Pr,7,3,21,1.004,1.0132642460317456,rheology_enhanced,RandomForest
Pr,7,3,38,0.966,0.9968081349206348,rheology_enhanced,RandomForest
Pr,7,4,7,0.984,1.0001208333333342,rheology_enhanced,RandomForest
Pr,7,4,12,1.098,1.0332782380952383,rheology_enhanced,RandomForest
Pr,7,4,14,1.004,1.0249576666666675,rheology_enhanced,RandomForest
Pr,7,4,16,1.094,1.0132196812169312,rheology_enhanced,RandomForest
Pr,7,4,22,1.054,0.9767152738095236,rheology_enhanced,RandomForest
Pr,7,4,29,1.076,1.1099144761904767,rheology_enhanced,RandomForest
Pr,7,4,31,1.194,1.2022492341269853,rheology_enhanced,RandomForest
Pr,7,4,33,1.232,1.1975011706349217,rheology_enhanced,RandomForest
Pr,7,5,0,1.01,1.0346326111111113,rheology_enhanced,RandomForest
Pr,7,5,4,1.049,0.9477570833333329,rheology_enhanced,RandomForest
Pr,7,5,6,1.014,0.9810966507936507,rheology_enhanced,RandomForest
Pr,7,5,17,1.034,1.061754801587301,rheology_enhanced,RandomForest
Pr,7,5,27,1.179,1.0840084510582004,rheology_enhanced,RandomForest
Pr,7,5,28,1.057,1.081049673280423,rheology_enhanced,RandomForest
Pr,7,5,34,1.177,1.208420761904762,rheology_enhanced,RandomForest
Pr,7,5,39,1.017,0.9820467738095243,rheology_enhanced,RandomForest
Pr,8,1,0,1.01,1.0149050753968247,rheology_enhanced,RandomForest
Pr,8,1,2,0.967,0.9860993452380952,rheology_enhanced,RandomForest
Pr,8,1,14,1.004,1.035920527777778,rheology_enhanced,RandomForest
Pr,8,1,16,1.094,1.012976396825397,rheology_enhanced,RandomForest
Pr,8,1,19,0.936,1.0297868928571423,rheology_enhanced,RandomForest
Pr,8,1,21,1.004,1.0158865357142852,rheology_enhanced,RandomForest
Pr,8,1,23,0.981,0.9651594484126984,rheology_enhanced,RandomForest
Pr,8,1,25,1.069,1.1162905198412696,rheology_enhanced,RandomForest
Pr,8,2,10,1.005,1.1193851269841266,engineered,RandomForest
Pr,8,2,11,1.048,1.1233266269841267,engineered,RandomForest
Pr,8,2,13,0.999,1.1087175277777779,engineered,RandomForest
Pr,8,2,17,1.034,1.068375194444445,engineered,RandomForest
Pr,8,2,22,1.054,0.9770646825396828,engineered,RandomForest
Pr,8,2,28,1.057,1.165408567460318,engineered,RandomForest
Pr,8,2,29,1.076,1.1663401547619057,engineered,RandomForest
Pr,8,2,33,1.232,1.1622637698412703,engineered,RandomForest
Pr,8,3,3,0.932,1.0022870399762334,rheology_enhanced,SVR_RBF
Pr,8,3,7,0.984,1.0229051688526465,rheology_enhanced,SVR_RBF
Pr,8,3,9,0.883,0.9172319406486572,rheology_enhanced,SVR_RBF
Pr,8,3,20,0.985,1.0577165501446322,rheology_enhanced,SVR_RBF
Pr,8,3,24,0.928,0.9555237549619373,rheology_enhanced,SVR_RBF
Pr,8,3,30,1.42,1.1182190184325165,rheology_enhanced,SVR_RBF
Pr,8,3,35,0.978,1.0182412445433318,rheology_enhanced,SVR_RBF
Pr,8,3,37,0.986,0.999557281182318,rheology_enhanced,SVR_RBF
Pr,8,4,1,0.959,1.0200599431991577,rheology_enhanced,XGBoost
Pr,8,4,4,1.049,0.9364689588546753,rheology_enhanced,XGBoost
Pr,8,4,6,1.014,1.0520875453948975,rheology_enhanced,XGBoost
Pr,8,4,8,0.971,0.9970395565032959,rheology_enhanced,XGBoost
Pr,8,4,15,0.969,1.1038730144500732,rheology_enhanced,XGBoost
Pr,8,4,27,1.179,1.0871162414550781,rheology_enhanced,XGBoost
Pr,8,4,31,1.194,1.3205814361572266,rheology_enhanced,XGBoost
Pr,8,4,34,1.177,1.2021468877792358,rheology_enhanced,XGBoost
Pr,8,5,5,1.136,0.9387943148612976,core,XGBoost
Pr,8,5,12,1.098,1.0516935586929321,core,XGBoost
Pr,8,5,18,1.081,0.9832096099853516,core,XGBoost
Pr,8,5,26,1.081,1.1291241645812988,core,XGBoost
Pr,8,5,32,1.097,1.2295960187911987,core,XGBoost
Pr,8,5,36,0.998,0.9922491312026978,core,XGBoost
Pr,8,5,38,0.966,0.9824625253677368,core,XGBoost
Pr,8,5,39,1.017,0.9824625253677368,core,XGBoost
Pr,9,1,1,0.959,1.0279860701058197,rheology_enhanced,RandomForest
Pr,9,1,8,0.971,0.9998565555555562,rheology_enhanced,RandomForest
Pr,9,1,16,1.094,1.0093059722222222,rheology_enhanced,RandomForest
Pr,9,1,25,1.069,1.0820793849206347,rheology_enhanced,RandomForest
Pr,9,1,27,1.179,1.091969107142857,rheology_enhanced,RandomForest
Pr,9,1,28,1.057,1.085471706349206,rheology_enhanced,RandomForest
Pr,9,1,31,1.194,1.2183027076719586,rheology_enhanced,RandomForest
Pr,9,1,36,0.998,0.9760162936507929,rheology_enhanced,RandomForest
Pr,9,2,12,1.098,1.0283709563492074,rheology_enhanced,RandomForest
Pr,9,2,18,1.081,1.0238298650793645,rheology_enhanced,RandomForest
Pr,9,2,19,0.936,1.0043283915343908,rheology_enhanced,RandomForest
Pr,9,2,21,1.004,1.003682035714285,rheology_enhanced,RandomForest
Pr,9,2,23,0.981,0.9904263716931208,rheology_enhanced,RandomForest
Pr,9,2,24,0.928,0.9895120939153431,rheology_enhanced,RandomForest
Pr,9,2,29,1.076,1.0917559365079355,rheology_enhanced,RandomForest
Pr,9,2,39,1.017,0.9706738637566127,rheology_enhanced,RandomForest
Pr,9,3,0,1.01,1.0350251468253986,rheology_enhanced,RandomForest
Pr,9,3,3,0.932,0.9937913174603176,rheology_enhanced,RandomForest
Pr,9,3,9,0.883,0.981924588624338,rheology_enhanced,RandomForest
Pr,9,3,10,1.005,1.0620797057479563,rheology_enhanced,RandomForest
Pr,9,3,17,1.034,1.0539177023809527,rheology_enhanced,RandomForest
Pr,9,3,20,0.985,1.0178192645502644,rheology_enhanced,RandomForest
Pr,9,3,37,0.986,1.0010000132275132,rheology_enhanced,RandomForest
Pr,9,3,38,0.966,1.0058269259259258,rheology_enhanced,RandomForest
Pr,9,4,2,0.967,0.9444096088409424,core,XGBoost
Pr,9,4,5,1.136,0.9251338243484497,core,XGBoost
Pr,9,4,7,0.984,0.9455904960632324,core,XGBoost
Pr,9,4,13,0.999,1.0487204790115356,core,XGBoost
Pr,9,4,14,1.004,1.0511053800582886,core,XGBoost
Pr,9,4,15,0.969,1.0001689195632935,core,XGBoost
Pr,9,4,26,1.081,1.1027190685272217,core,XGBoost
Pr,9,4,35,0.978,1.0015416145324707,core,XGBoost
Pr,9,5,4,1.049,0.9446128554776397,core,LinearRegression
Pr,9,5,6,1.014,0.9969287932687458,core,LinearRegression
Pr,9,5,11,1.048,1.0567718176507745,core,LinearRegression
Pr,9,5,22,1.054,0.9916037360528608,core,LinearRegression
Pr,9,5,30,1.42,1.1003165083451552,core,LinearRegression
Pr,9,5,32,1.097,1.0758816343900224,core,LinearRegression
Pr,9,5,33,1.232,1.0636641974124559,core,LinearRegression
Pr,9,5,34,1.177,1.0514467604348896,core,LinearRegression
Pr,10,1,0,1.01,1.0579253528342905,rheology_enhanced,GradientBoosting
Pr,10,1,11,1.048,1.0266907891739632,rheology_enhanced,GradientBoosting
Pr,10,1,15,0.969,1.1035606246563903,rheology_enhanced,GradientBoosting
Pr,10,1,17,1.034,1.0539620898895823,rheology_enhanced,GradientBoosting
Pr,10,1,18,1.081,0.9702412114773309,rheology_enhanced,GradientBoosting
Pr,10,1,22,1.054,0.9946080504454785,rheology_enhanced,GradientBoosting
Pr,10,1,23,0.981,0.9287232598326393,rheology_enhanced,GradientBoosting
Pr,10,1,34,1.177,1.2143502601907623,rheology_enhanced,GradientBoosting
Pr,10,2,2,0.967,0.9919623108465603,rheology_enhanced,RandomForest
Pr,10,2,12,1.098,1.0359338915343925,rheology_enhanced,RandomForest
Pr,10,2,14,1.004,1.024611074074075,rheology_enhanced,RandomForest
Pr,10,2,19,0.936,1.0199504814814817,rheology_enhanced,RandomForest
Pr,10,2,29,1.076,1.1040457976190476,rheology_enhanced,RandomForest
Pr,10,2,31,1.194,1.2134940674603172,rheology_enhanced,RandomForest
Pr,10,2,36,0.998,0.980912251322752,rheology_enhanced,RandomForest
Pr,10,2,39,1.017,0.9822131441798945,rheology_enhanced,RandomForest
Pr,10,3,1,0.959,1.0085117436875983,engineered,GradientBoosting
Pr,10,3,7,0.984,0.9898102866860599,engineered,GradientBoosting
Pr,10,3,8,0.971,0.981775519722316,engineered,GradientBoosting
Pr,10,3,13,0.999,1.0264441892727199,engineered,GradientBoosting
Pr,10,3,24,0.928,0.989174190626078,engineered,GradientBoosting
Pr,10,3,25,1.069,1.15677591650878,engineered,GradientBoosting
Pr,10,3,26,1.081,1.15677591650878,engineered,GradientBoosting
Pr,10,3,35,0.978,0.9902653205145466,engineered,GradientBoosting
Pr,10,4,3,0.932,0.9741121438581395,core,GradientBoosting
Pr,10,4,4,1.049,1.0718370053572193,core,GradientBoosting
Pr,10,4,6,1.014,1.1469106117116132,core,GradientBoosting
Pr,10,4,10,1.005,1.0452497514064625,core,GradientBoosting
Pr,10,4,20,0.985,1.0411814910420838,core,GradientBoosting
Pr,10,4,27,1.179,1.0927952941091195,core,GradientBoosting
Pr,10,4,28,1.057,1.0723663065124158,core,GradientBoosting
Pr,10,4,38,0.966,0.9916444189171811,core,GradientBoosting
Pr,10,5,5,1.136,0.9511951370766052,core,GradientBoosting
Pr,10,5,9,0.883,0.9321543444322227,core,GradientBoosting
Pr,10,5,16,1.094,1.036498569976415,core,GradientBoosting
Pr,10,5,21,1.004,0.9711264854611906,core,GradientBoosting
Pr,10,5,30,1.42,1.1815085267937417,core,GradientBoosting
Pr,10,5,32,1.097,1.1815085267937417,core,GradientBoosting
Pr,10,5,33,1.232,1.1815085267937417,core,GradientBoosting
Pr,10,5,37,0.986,0.9723612276004708,core,GradientBoosting
Pr,11,1,0,1.01,1.0168150132275122,engineered,RandomForest
Pr,11,1,2,0.967,0.9797362394179882,engineered,RandomForest
Pr,11,1,8,0.971,0.990952699735449,engineered,RandomForest
Pr,11,1,18,1.081,1.0056443822751324,engineered,RandomForest
Pr,11,1,19,0.936,0.9951420621693117,engineered,RandomForest
Pr,11,1,24,0.928,0.9848263293650795,engineered,RandomForest
Pr,11,1,35,0.978,0.9904350462962965,engineered,RandomForest
Pr,11,1,36,0.998,0.9887101574074074,engineered,RandomForest
Pr,11,2,4,1.049,0.9560811177248676,rheology_enhanced,RandomForest
Pr,11,2,6,1.014,0.9902533095238097,rheology_enhanced,RandomForest
Pr,11,2,7,0.984,0.9822064867724871,rheology_enhanced,RandomForest
Pr,11,2,9,0.883,0.9817843981481486,rheology_enhanced,RandomForest
Pr,11,2,12,1.098,1.0316530965608475,rheology_enhanced,RandomForest
Pr,11,2,15,0.969,1.0694364484126981,rheology_enhanced,RandomForest
Pr,11,2,21,1.004,1.005730452380952,rheology_enhanced,RandomForest
Pr,11,2,37,0.986,0.9865836269841268,rheology_enhanced,RandomForest
Pr,11,3,14,1.004,1.0291368267989995,core,LinearRegression
Pr,11,3,16,1.094,1.0550425834331376,core,LinearRegression
Pr,11,3,17,1.034,1.0321438435579224,core,LinearRegression
Pr,11,3,20,0.985,1.046600230254453,core,LinearRegression
Pr,11,3,25,1.069,1.1229748002324371,core,LinearRegression
Pr,11,3,30,1.42,1.103083077116145,core,LinearRegression
Pr,11,3,31,1.194,1.0916337071785374,core,LinearRegression
Pr,11,3,33,1.232,1.0687349673033222,core,LinearRegression
Pr,11,4,1,0.959,1.036182481481481,rheology_enhanced,RandomForest
Pr,11,4,3,0.932,1.0029636798941797,rheology_enhanced,RandomForest
Pr,11,4,10,1.005,1.062260309523809,rheology_enhanced,RandomForest
Pr,11,4,26,1.081,1.0889648505291003,rheology_enhanced,RandomForest
Pr,11,4,27,1.179,1.0903595449735441,rheology_enhanced,RandomForest
Pr,11,4,29,1.076,1.083331612433862,rheology_enhanced,RandomForest
Pr,11,4,34,1.177,1.2069309166666664,rheology_enhanced,RandomForest
Pr,11,4,38,0.966,0.9974807830687833,rheology_enhanced,RandomForest
Pr,11,5,5,1.136,0.9293312430381775,core,XGBoost
Pr,11,5,11,1.048,1.0202707052230835,core,XGBoost
Pr,11,5,13,0.999,1.0355829000473022,core,XGBoost
Pr,11,5,22,1.054,0.9653372168540955,core,XGBoost
Pr,11,5,23,0.981,0.9616405963897705,core,XGBoost
Pr,11,5,28,1.057,1.1052818298339844,core,XGBoost
Pr,11,5,32,1.097,1.2291290760040283,core,XGBoost
Pr,11,5,39,1.017,0.9790141582489014,core,XGBoost
Pr,12,1,1,0.959,1.0335727298082165,engineered,GradientBoosting
Pr,12,1,4,1.049,0.9362257846690144,engineered,GradientBoosting
Pr,12,1,7,0.984,0.9699305241540301,engineered,GradientBoosting
Pr,12,1,8,0.971,0.9498610303456213,engineered,GradientBoosting
Pr,12,1,15,0.969,1.0970550871877423,engineered,GradientBoosting
Pr,12,1,27,1.179,1.0887507945097081,engineered,GradientBoosting
Pr,12,1,35,0.978,0.9716381768512968,engineered,GradientBoosting
Pr,12,1,36,0.998,0.9737640331999784,engineered,GradientBoosting
Pr,12,2,0,1.01,1.0125209093093872,core,XGBoost
Pr,12,2,2,0.967,0.9759331345558167,core,XGBoost
Pr,12,2,10,1.005,1.039267659187317,core,XGBoost
Pr,12,2,17,1.034,1.0485403537750244,core,XGBoost
Pr,12,2,19,0.936,0.9921970367431641,core,XGBoost
Pr,12,2,21,1.004,0.9801069498062134,core,XGBoost
Pr,12,2,31,1.194,1.300901174545288,core,XGBoost
Pr,12,2,32,1.097,1.2382649183273315,core,XGBoost
Pr,12,3,13,0.999,1.046207111205685,core,LinearRegression
Pr,12,3,14,1.004,1.0364766245878216,core,LinearRegression
Pr,12,3,16,1.094,1.0495278776851344,core,LinearRegression
Pr,12,3,28,1.057,1.0927625124786067,core,LinearRegression
Pr,12,3,30,1.42,1.0960832789580561,core,LinearRegression
Pr,12,3,33,1.232,1.0668918191044663,core,LinearRegression
Pr,12,3,34,1.177,1.057161332486603,core,LinearRegression
Pr,12,3,38,0.966,0.9923686926410094,core,LinearRegression
Pr,12,4,3,0.932,0.9489633074319309,core,LinearRegression
Pr,12,4,6,1.014,1.0251214333455807,core,LinearRegression
Pr,12,4,11,1.048,1.082104717950923,core,LinearRegression
Pr,12,4,18,1.081,1.0099382118651357,core,LinearRegression
Pr,12,4,20,0.985,1.1120742362473717,core,LinearRegression
Pr,12,4,23,0.981,0.9813473383963542,core,LinearRegression
Pr,12,4,26,1.081,1.1540727617044895,core,LinearRegression
Pr,12,4,39,1.017,0.9661641169159091,core,LinearRegression
Pr,12,5,5,1.136,0.9348538517951965,core,XGBoost
Pr,12,5,9,0.883,0.9372868537902832,core,XGBoost
Pr,12,5,12,1.098,1.0439778566360474,core,XGBoost
Pr,12,5,22,1.054,0.9844740629196167,core,XGBoost
Pr,12,5,24,0.928,0.9848753809928894,core,XGBoost
Pr,12,5,25,1.069,1.1069682836532593,core,XGBoost
Pr,12,5,29,1.076,1.1092866659164429,core,XGBoost
Pr,12,5,37,0.986,0.9905308485031128,core,XGBoost
Pr,13,1,14,1.004,1.0384359642857144,rheology_enhanced,RandomForest
Pr,13,1,19,0.936,1.025051738095238,rheology_enhanced,RandomForest
Pr,13,1,24,0.928,0.987440718253968,rheology_enhanced,RandomForest
Pr,13,1,27,1.179,1.0822583849206338,rheology_enhanced,RandomForest
Pr,13,1,28,1.057,1.079014996031745,rheology_enhanced,RandomForest
Pr,13,1,34,1.177,1.2027942566137568,rheology_enhanced,RandomForest
Pr,13,1,37,0.986,0.9874998690476198,rheology_enhanced,RandomForest
Pr,13,1,39,1.017,0.9869733690476195,rheology_enhanced,RandomForest
Pr,13,2,8,0.971,0.9917938333333346,rheology_enhanced,RandomForest
Pr,13,2,10,1.005,1.0424244642857143,rheology_enhanced,RandomForest
Pr,13,2,12,1.098,1.0442376468253967,rheology_enhanced,RandomForest
Pr,13,2,21,1.004,1.015240833333334,rheology_enhanced,RandomForest
Pr,13,2,29,1.076,1.098800357142857,rheology_enhanced,RandomForest
Pr,13,2,32,1.097,1.2508389589947093,rheology_enhanced,RandomForest
Pr,13,2,35,0.978,0.9942985343915342,rheology_enhanced,RandomForest
Pr,13,2,38,0.966,1.0019604074074075,rheology_enhanced,RandomForest
Pr,13,3,1,0.959,1.0392208373015872,engineered,RandomForest
Pr,13,3,3,0.932,1.0168612301587294,engineered,RandomForest
Pr,13,3,11,1.048,1.0472369047619048,engineered,RandomForest
Pr,13,3,16,1.094,1.0069684126984133,engineered,RandomForest
Pr,13,3,18,1.081,1.0129295714285724,engineered,RandomForest
Pr,13,3,22,1.054,0.9678838095238085,engineered,RandomForest
Pr,13,3,25,1.069,1.1135796746031748,engineered,RandomForest
Pr,13,3,30,1.42,1.1527796428571428,engineered,RandomForest
Pr,13,4,4,1.049,0.956517488095238,rheology_enhanced,RandomForest
Pr,13,4,6,1.014,0.9917472420634925,rheology_enhanced,RandomForest
Pr,13,4,9,0.883,0.9831334404761917,rheology_enhanced,RandomForest
Pr,13,4,13,0.999,1.062485821428571,rheology_enhanced,RandomForest
Pr,13,4,20,0.985,0.9992765965608457,rheology_enhanced,RandomForest
Pr,13,4,26,1.081,1.1108427116402122,rheology_enhanced,RandomForest
Pr,13,4,31,1.194,1.2136395740740746,rheology_enhanced,RandomForest
Pr,13,4,36,0.998,0.9818638333333319,rheology_enhanced,RandomForest
Pr,13,5,0,1.01,0.9844903349876404,core,XGBoost
Pr,13,5,2,0.967,0.9377552270889282,core,XGBoost
Pr,13,5,5,1.136,0.9238948822021484,core,XGBoost
Pr,13,5,7,0.984,0.9421340823173523,core,XGBoost
Pr,13,5,15,0.969,0.9972550868988037,core,XGBoost
Pr,13,5,17,1.034,1.0205202102661133,core,XGBoost
Pr,13,5,23,0.981,0.9693630337715149,core,XGBoost
Pr,13,5,33,1.232,1.162523865699768,core,XGBoost
Pr,14,1,2,0.967,0.9491478204727173,core,XGBoost
Pr,14,1,3,0.932,0.9491478204727173,core,XGBoost
Pr,14,1,5,1.136,0.9379546046257019,core,XGBoost
Pr,14,1,6,1.014,1.0633865594863892,core,XGBoost
Pr,14,1,17,1.034,1.0119925737380981,core,XGBoost
Pr,14,1,20,0.985,1.017145037651062,core,XGBoost
Pr,14,1,22,1.054,0.9647052884101868,core,XGBoost
Pr,14,1,38,0.966,0.9936609268188477,core,XGBoost
Pr,14,2,4,1.049,0.9538432777777778,rheology_enhanced,RandomForest
Pr,14,2,9,0.883,0.9775206904761908,rheology_enhanced,RandomForest
Pr,14,2,14,1.004,1.0318548452380953,rheology_enhanced,RandomForest
Pr,14,2,18,1.081,1.0012849920634916,rheology_enhanced,RandomForest
Pr,14,2,25,1.069,1.1274200727513233,rheology_enhanced,RandomForest
Pr,14,2,28,1.057,1.1328986256613767,rheology_enhanced,RandomForest
Pr,14,2,31,1.194,1.2207215674603182,rheology_enhanced,RandomForest
Pr,14,2,36,0.998,0.982050067460317,rheology_enhanced,RandomForest
Pr,14,3,0,1.01,1.0006823539733887,rheology_enhanced,XGBoost
Pr,14,3,10,1.005,1.0562090873718262,rheology_enhanced,XGBoost
Pr,14,3,11,1.048,1.049075961112976,rheology_enhanced,XGBoost
Pr,14,3,16,1.094,1.0024596452713013,rheology_enhanced,XGBoost
Pr,14,3,19,0.936,1.0274972915649414,rheology_enhanced,XGBoost
Pr,14,3,32,1.097,1.2238490581512451,rheology_enhanced,XGBoost
Pr,14,3,35,0.978,0.998528778553009,rheology_enhanced,XGBoost
Pr,14,3,37,0.986,0.9836861491203308,rheology_enhanced,XGBoost
Pr,14,4,1,0.959,1.0402903730158735,rheology_enhanced,RandomForest
Pr,14,4,7,0.984,0.9903263373015879,rheology_enhanced,RandomForest
Pr,14,4,12,1.098,1.030818167989418,rheology_enhanced,RandomForest
Pr,14,4,15,0.969,1.064732523809524,rheology_enhanced,RandomForest
Pr,14,4,21,1.004,1.0162081031746049,rheology_enhanced,RandomForest
Pr,14,4,23,0.981,1.0010248253968268,rheology_enhanced,RandomForest
Pr,14,4,24,0.928,1.0008669920634936,rheology_enhanced,RandomForest
Pr,14,4,34,1.177,1.214714325396824,rheology_enhanced,RandomForest
Pr,14,5,8,0.971,0.9588625760336085,core,LinearRegression
Pr,14,5,13,0.999,1.0378733484822549,core,LinearRegression
Pr,14,5,26,1.081,1.1099194020524223,core,LinearRegression
Pr,14,5,27,1.179,1.0976833397708827,core,LinearRegression
Pr,14,5,29,1.076,1.0732112152078035,core,LinearRegression
Pr,14,5,30,1.42,1.102954683173943,core,LinearRegression
Pr,14,5,33,1.232,1.0662464963293243,core,LinearRegression
Pr,14,5,39,1.017,0.973629341480068,core,LinearRegression
Pr,15,1,7,0.984,1.0157847962962956,engineered,RandomForest
Pr,15,1,8,0.971,0.996189923280423,engineered,RandomForest
Pr,15,1,18,1.081,1.012571149470899,engineered,RandomForest
Pr,15,1,19,0.936,0.995055697089947,engineered,RandomForest
Pr,15,1,29,1.076,1.1264701785714275,engineered,RandomForest
Pr,15,1,31,1.194,1.2070197896825399,engineered,RandomForest
Pr,15,1,38,0.966,0.9971757341269836,engineered,RandomForest
Pr,15,1,39,1.017,0.998054702380952,engineered,RandomForest
Pr,15,2,3,0.932,0.9691234230995178,core,XGBoost
Pr,15,2,5,1.136,0.9401764273643494,core,XGBoost
Pr,15,2,9,0.883,0.9399848580360413,core,XGBoost
Pr,15,2,13,0.999,1.0259360074996948,core,XGBoost
Pr,15,2,20,0.985,1.0453649759292603,core,XGBoost
Pr,15,2,27,1.179,1.0959726572036743,core,XGBoost
Pr,15,2,28,1.057,1.0678813457489014,core,XGBoost
Pr,15,2,30,1.42,1.1790246963500977,core,XGBoost
Pr,15,3,1,0.959,1.0344585542328049,rheology_enhanced,RandomForest
Pr,15,3,2,0.967,1.0184429470899474,rheology_enhanced,RandomForest
Pr,15,3,6,1.014,0.9966172539682535,rheology_enhanced,RandomForest
Pr,15,3,10,1.005,1.0651462685185176,rheology_enhanced,RandomForest
Pr,15,3,11,1.048,1.068706506613756,rheology_enhanced,RandomForest
Pr,15,3,16,1.094,1.0122038928571426,rheology_enhanced,RandomForest
Pr,15,3,32,1.097,1.2512137314814817,rheology_enhanced,RandomForest
Pr,15,3,35,0.978,0.9804917500000001,rheology_enhanced,RandomForest
Pr,15,4,4,1.049,0.9352520396608089,engineered,GradientBoosting
Pr,15,4,12,1.098,1.0229004889843882,engineered,GradientBoosting
Pr,15,4,17,1.034,1.0470520326463164,engineered,GradientBoosting
Pr,15,4,24,0.928,0.9807496362773152,engineered,GradientBoosting
Pr,15,4,25,1.069,1.159815569416531,engineered,GradientBoosting
Pr,15,4,26,1.081,1.159815569416531,engineered,GradientBoosting
Pr,15,4,33,1.232,1.1185639316802687,engineered,GradientBoosting
Pr,15,4,37,0.986,0.9844130911911151,engineered,GradientBoosting
Pr,15,5,0,1.01,0.930524199492714,core,SVR_RBF
Pr,15,5,14,1.004,1.039221121907726,core,SVR_RBF
Pr,15,5,15,0.969,1.190013111273522,core,SVR_RBF
Pr,15,5,21,1.004,0.9006009505777374,core,SVR_RBF
Pr,15,5,22,1.054,0.869661835385747,core,SVR_RBF
Pr,15,5,23,0.981,0.863946247870012,core,SVR_RBF
Pr,15,5,34,1.177,1.1585462415431773,core,SVR_RBF
Pr,15,5,36,0.998,1.0147275417245294,core,SVR_RBF
Pr,16,1,9,0.883,0.9025806414146827,core,LinearRegression
Pr,16,1,10,1.005,1.1099470136776406,core,LinearRegression
Pr,16,1,20,0.985,1.1086991720473314,core,LinearRegression
Pr,16,1,23,0.981,0.9870953470475279,core,LinearRegression
Pr,16,1,25,1.069,1.1849519880423234,core,LinearRegression
Pr,16,1,29,1.076,1.1038827713757877,core,LinearRegression
Pr,16,1,31,1.194,1.153927110977218,core,LinearRegression
Pr,16,1,36,0.998,1.0418330172455768,core,LinearRegression
Pr,16,2,3,0.932,0.9927317499999995,engineered,RandomForest
Pr,16,2,7,0.984,1.0120258399470905,engineered,RandomForest
Pr,16,2,13,0.999,1.0604441693121698,engineered,RandomForest
Pr,16,2,19,0.936,1.0157888611111112,engineered,RandomForest
Pr,16,2,21,1.004,1.0206603002645502,engineered,RandomForest
Pr,16,2,28,1.057,1.1257102724867731,engineered,RandomForest
Pr,16,2,30,1.42,1.1556404034391545,engineered,RandomForest
Pr,16,2,35,0.978,0.9965117539682539,engineered,RandomForest
Pr,16,3,0,1.01,1.038985212962963,rheology_enhanced,RandomForest
Pr,16,3,4,1.049,0.9465835119047614,rheology_enhanced,RandomForest
Pr,16,3,6,1.014,0.9768864351851856,rheology_enhanced,RandomForest
Pr,16,3,12,1.098,1.0355427896825398,rheology_enhanced,RandomForest
Pr,16,3,14,1.004,1.0228866547619047,rheology_enhanced,RandomForest
Pr,16,3,18,1.081,0.9931967539682544,rheology_enhanced,RandomForest
Pr,16,3,32,1.097,1.2520434616402127,rheology_enhanced,RandomForest
Pr,16,3,37,0.986,0.9850173346560839,rheology_enhanced,RandomForest
Pr,16,4,1,0.959,1.0199545256522553,engineered,GradientBoosting
Pr,16,4,2,0.967,1.0319074621196134,engineered,GradientBoosting
Pr,16,4,11,1.048,1.0198746057518577,engineered,GradientBoosting
Pr,16,4,16,1.094,1.021493064515733,engineered,GradientBoosting
Pr,16,4,24,0.928,0.9842141171322804,engineered,GradientBoosting
Pr,16,4,26,1.081,1.0663823354219857,engineered,GradientBoosting
Pr,16,4,27,1.179,1.08257597668785,engineered,GradientBoosting
Pr,16,4,33,1.232,1.1151338433305462,engineered,GradientBoosting
Pr,16,5,5,1.136,0.9379045367240906,core,XGBoost
Pr,16,5,8,0.971,0.9804188013076782,core,XGBoost
Pr,16,5,15,0.969,0.9996916055679321,core,XGBoost
Pr,16,5,17,1.034,1.0141792297363281,core,XGBoost
Pr,16,5,22,1.054,0.9682549834251404,core,XGBoost
Pr,16,5,34,1.177,1.1710325479507446,core,XGBoost
Pr,16,5,38,0.966,0.9884561896324158,core,XGBoost
Pr,16,5,39,1.017,0.9884561896324158,core,XGBoost
Pr,17,1,1,0.959,1.0439847539682536,rheology_enhanced,RandomForest
Pr,17,1,4,1.049,0.9581376150793651,rheology_enhanced,RandomForest
Pr,17,1,9,0.883,0.9745598293650789,rheology_enhanced,RandomForest
Pr,17,1,11,1.048,1.053960474867724,rheology_enhanced,RandomForest
Pr,17,1,15,0.969,1.049819021164021,rheology_enhanced,RandomForest
Pr,17,1,16,1.094,1.0397487195767205,rheology_enhanced,RandomForest
Pr,17,1,27,1.179,1.0779452632275122,rheology_enhanced,RandomForest
Pr,17,1,31,1.194,1.224041182539683,rheology_enhanced,RandomForest
Pr,17,2,7,0.984,0.9977096998388846,rheology_enhanced,GradientBoosting
Pr,17,2,13,0.999,1.0441302749275843,rheology_enhanced,GradientBoosting
Pr,17,2,19,0.936,1.0012688454970526,rheology_enhanced,GradientBoosting
Pr,17,2,22,1.054,1.0035876126751229,rheology_enhanced,GradientBoosting
Pr,17,2,24,0.928,0.9796542148273297,rheology_enhanced,GradientBoosting
Pr,17,2,33,1.232,1.1062321494553524,rheology_enhanced,GradientBoosting
Pr,17,2,34,1.177,1.1062321494553524,rheology_enhanced,GradientBoosting
Pr,17,2,38,0.966,0.9914615158512553,rheology_enhanced,GradientBoosting
Pr,17,3,3,0.932,0.9898731997354503,rheology_enhanced,RandomForest
Pr,17,3,8,0.971,1.000543694444445,rheology_enhanced,RandomForest
Pr,17,3,12,1.098,1.0282861481481476,rheology_enhanced,RandomForest
Pr,17,3,17,1.034,1.0407943439153446,rheology_enhanced,RandomForest
Pr,17,3,18,1.081,1.0146636917989418,rheology_enhanced,RandomForest
Pr,17,3,29,1.076,1.1003650158730147,rheology_enhanced,RandomForest
Pr,17,3,37,0.986,0.9786683849206355,rheology_enhanced,RandomForest
Pr,17,3,39,1.017,0.9785587222222227,rheology_enhanced,RandomForest
Pr,17,4,0,1.01,1.0272796030193723,core,GradientBoosting
Pr,17,4,2,0.967,0.9421890650813074,core,GradientBoosting
Pr,17,4,5,1.136,0.9385649389306224,core,GradientBoosting
Pr,17,4,6,1.014,1.039155110322597,core,GradientBoosting
Pr,17,4,10,1.005,1.0327330115545315,core,GradientBoosting
Pr,17,4,20,0.985,1.051704921460923,core,GradientBoosting
Pr,17,4,28,1.057,1.0744515088355868,core,GradientBoosting
Pr,17,4,30,1.42,1.1832225772453677,core,GradientBoosting
Pr,17,5,14,1.004,1.0131404399871826,rheology_enhanced,XGBoost
Pr,17,5,21,1.004,1.0117155313491821,rheology_enhanced,XGBoost
Pr,17,5,23,0.981,0.946316659450531,rheology_enhanced,XGBoost
Pr,17,5,25,1.069,1.1499344110488892,rheology_enhanced,XGBoost
Pr,17,5,26,1.081,1.1699479818344116,rheology_enhanced,XGBoost
Pr,17,5,32,1.097,1.2191919088363647,rheology_enhanced,XGBoost
Pr,17,5,35,0.978,0.9778550267219543,rheology_enhanced,XGBoost
Pr,17,5,36,0.998,0.9778550267219543,rheology_enhanced,XGBoost
Pr,18,1,7,0.984,1.0047227857142866,rheology_enhanced,RandomForest
Pr,18,1,12,1.098,1.0296531746031747,rheology_enhanced,RandomForest
Pr,18,1,21,1.004,1.016434882275133,rheology_enhanced,RandomForest
Pr,18,1,26,1.081,1.1315255674603184,rheology_enhanced,RandomForest
Pr,18,1,28,1.057,1.1362950436507944,rheology_enhanced,RandomForest
Pr,18,1,29,1.076,1.1329319880952387,rheology_enhanced,RandomForest
Pr,18,1,33,1.232,1.184758341269842,rheology_enhanced,RandomForest
Pr,18,1,35,0.978,0.9885489880952382,rheology_enhanced,RandomForest
Pr,18,2,8,0.971,0.985577404499054,engineered,XGBoost
Pr,18,2,10,1.005,1.0457382202148438,engineered,XGBoost
Pr,18,2,14,1.004,1.0021635293960571,engineered,XGBoost
Pr,18,2,27,1.179,1.0729564428329468,engineered,XGBoost
Pr,18,2,30,1.42,1.1895183324813843,engineered,XGBoost
Pr,18,2,32,1.097,1.1984150409698486,engineered,XGBoost
Pr,18,2,34,1.177,1.1377995014190674,engineered,XGBoost
Pr,18,2,37,0.986,0.9857022166252136,engineered,XGBoost
Pr,18,3,1,0.959,1.0316436507936522,rheology_enhanced,RandomForest
Pr,18,3,4,1.049,0.9481980476190486,rheology_enhanced,RandomForest
Pr,18,3,6,1.014,0.989142404401155,rheology_enhanced,RandomForest
Pr,18,3,11,1.048,1.0577324589947081,rheology_enhanced,RandomForest
Pr,18,3,17,1.034,1.0204930317460326,rheology_enhanced,RandomForest
Pr,18,3,18,1.081,1.0018214559884562,rheology_enhanced,RandomForest
Pr,18,3,22,1.054,0.9855426825396822,rheology_enhanced,RandomForest
Pr,18,3,24,0.928,0.9817664880952376,rheology_enhanced,RandomForest
Pr,18,4,2,0.967,0.978569969576719,rheology_enhanced,RandomForest
Pr,18,4,5,1.136,0.9918031494708991,rheology_enhanced,RandomForest
Pr,18,4,9,0.883,0.9741816851851858,rheology_enhanced,RandomForest
Pr,18,4,16,1.094,1.0124313214285718,rheology_enhanced,RandomForest
Pr,18,4,20,0.985,1.0105424470899467,rheology_enhanced,RandomForest
Pr,18,4,25,1.069,1.111255142857143,rheology_enhanced,RandomForest
Pr,18,4,38,0.966,0.9899733015873028,rheology_enhanced,RandomForest
Pr,18,4,39,1.017,0.9904991269841283,rheology_enhanced,RandomForest
Pr,18,5,0,1.01,1.0044454032371717,core,SVR_RBF
Pr,18,5,3,0.932,1.0065000729163076,core,SVR_RBF
Pr,18,5,13,0.999,1.0666926920822903,core,SVR_RBF
Pr,18,5,15,0.969,1.1877367783616437,core,SVR_RBF
Pr,18,5,19,0.936,0.9989323445517906,core,SVR_RBF
Pr,18,5,23,0.981,0.9928608835665937,core,SVR_RBF
Pr,18,5,31,1.194,1.307182360658962,core,SVR_RBF
Pr,18,5,36,0.998,1.0179673884344345,core,SVR_RBF
Pr,19,1,7,0.984,1.011469829365079,rheology_enhanced,RandomForest
Pr,19,1,14,1.004,1.041498908730159,rheology_enhanced,RandomForest
Pr,19,1,16,1.094,1.010540043650794,rheology_enhanced,RandomForest
Pr,19,1,19,0.936,1.0226137460317462,rheology_enhanced,RandomForest
Pr,19,1,25,1.069,1.0689048095238092,rheology_enhanced,RandomForest
Pr,19,1,26,1.081,1.0729965317460308,rheology_enhanced,RandomForest
Pr,19,1,27,1.179,1.0772330555555547,rheology_enhanced,RandomForest
Pr,19,1,38,0.966,1.0010857539682543,rheology_enhanced,RandomForest
Pr,19,2,5,1.136,0.9264060854911804,core,XGBoost
Pr,19,2,9,0.883,0.9417306184768677,core,XGBoost
Pr,19,2,11,1.048,1.0257537364959717,core,XGBoost
Pr,19,2,20,0.985,1.020208477973938,core,XGBoost
Pr,19,2,24,0.928,1.003857970237732,core,XGBoost
Pr,19,2,33,1.232,1.1707042455673218,core,XGBoost
Pr,19,2,37,0.986,0.9849135875701904,core,XGBoost
Pr,19,2,39,1.017,0.9849135875701904,core,XGBoost
Pr,19,3,0,1.01,1.0332681227478517,engineered,GradientBoosting
Pr,19,3,3,0.932,0.938452082052108,engineered,GradientBoosting
Pr,19,3,4,1.049,0.9440664047974031,engineered,GradientBoosting
Pr,19,3,18,1.081,0.9848939882532372,engineered,GradientBoosting
Pr,19,3,28,1.057,1.0914870743229177,engineered,GradientBoosting
Pr,19,3,31,1.194,1.3550936457930725,engineered,GradientBoosting
Pr,19,3,32,1.097,1.2363094517935513,engineered,GradientBoosting
Pr,19,3,35,0.978,0.9863700397103962,engineered,GradientBoosting
Pr,19,4,2,0.967,1.0022625489417971,engineered,RandomForest
Pr,19,4,12,1.098,1.031904555555555,engineered,RandomForest
Pr,19,4,21,1.004,0.9810329034391532,engineered,RandomForest
Pr,19,4,22,1.054,0.9704831574074069,engineered,RandomForest
Pr,19,4,29,1.076,1.1157972380952372,engineered,RandomForest
Pr,19,4,30,1.42,1.1563205502645497,engineered,RandomForest
Pr,19,4,34,1.177,1.155522875661376,engineered,RandomForest
Pr,19,4,36,0.998,0.9804806851851847,engineered,RandomForest
Pr,19,5,1,0.959,1.0212749479756664,rheology_enhanced,GradientBoosting
Pr,19,5,6,1.014,1.0485827738712818,rheology_enhanced,GradientBoosting
Pr,19,5,8,0.971,1.0035435161024637,rheology_enhanced,GradientBoosting
Pr,19,5,10,1.005,1.054494018143303,rheology_enhanced,GradientBoosting
Pr,19,5,13,0.999,1.0505108281712416,rheology_enhanced,GradientBoosting
Pr,19,5,15,0.969,1.0956660692385556,rheology_enhanced,GradientBoosting
Pr,19,5,17,1.034,1.0660356714194041,rheology_enhanced,GradientBoosting
Pr,19,5,23,0.981,0.9343864846450904,rheology_enhanced,GradientBoosting
Pr,20,1,0,1.01,0.9693168997764587,core,XGBoost
Pr,20,1,7,0.984,1.0463416576385498,core,XGBoost
Pr,20,1,12,1.098,1.01358163356781,core,XGBoost
Pr,20,1,20,0.985,1.0376445055007935,core,XGBoost
Pr,20,1,26,1.081,1.0675603151321411,core,XGBoost
Pr,20,1,27,1.179,1.0675603151321411,core,XGBoost
Pr,20,1,30,1.42,1.1842317581176758,core,XGBoost
Pr,20,1,32,1.097,1.1911461353302002,core,XGBoost
Pr,20,2,3,0.932,0.9919027222222225,rheology_enhanced,RandomForest
Pr,20,2,9,0.883,0.9827310105820103,rheology_enhanced,RandomForest
Pr,20,2,11,1.048,1.0494634338624338,rheology_enhanced,RandomForest
Pr,20,2,17,1.034,1.0648578518518517,rheology_enhanced,RandomForest
Pr,20,2,21,1.004,1.0078172645502645,rheology_enhanced,RandomForest
Pr,20,2,31,1.194,1.2102394880952396,rheology_enhanced,RandomForest
Pr,20,2,38,0.966,0.9920351944444451,rheology_enhanced,RandomForest
Pr,20,2,39,1.017,0.9919899166666671,rheology_enhanced,RandomForest
Pr,20,3,6,1.014,1.0410114034391542,core,RandomForest
Pr,20,3,8,0.971,1.005210792328043,core,RandomForest
Pr,20,3,13,0.999,1.122946862433862,core,RandomForest
Pr,20,3,14,1.004,1.1440239100529102,core,RandomForest
Pr,20,3,24,0.928,0.9958118571428567,core,RandomForest
Pr,20,3,28,1.057,1.1473957499999998,core,RandomForest
Pr,20,3,29,1.076,1.1668155753968255,core,RandomForest
Pr,20,3,33,1.232,1.1911872182539691,core,RandomForest
Pr,20,4,2,0.967,0.9826162420634912,rheology_enhanced,RandomForest
Pr,20,4,4,1.049,0.9501085952380943,rheology_enhanced,RandomForest
Pr,20,4,10,1.005,1.07177816931217,rheology_enhanced,RandomForest
Pr,20,4,15,0.969,1.074961414021165,rheology_enhanced,RandomForest
Pr,20,4,19,0.936,1.0295658082010593,rheology_enhanced,RandomForest
Pr,20,4,22,1.054,0.9827972447089941,rheology_enhanced,RandomForest
Pr,20,4,25,1.069,1.1092808531746035,rheology_enhanced,RandomForest
Pr,20,4,36,0.998,0.9829193597883593,rheology_enhanced,RandomForest
Pr,20,5,1,0.959,0.9477092027664185,core,XGBoost
Pr,20,5,5,1.136,0.9403881430625916,core,XGBoost
Pr,20,5,16,1.094,1.0848742723464966,core,XGBoost
Pr,20,5,18,1.081,0.9904512763023376,core,XGBoost
Pr,20,5,23,0.981,1.0003873109817505,core,XGBoost
Pr,20,5,34,1.177,1.1483933925628662,core,XGBoost
Pr,20,5,35,0.978,1.0125677585601807,core,XGBoost
Pr,20,5,37,0.986,0.9797267913818359,core,XGBoost
SR,1,1,4,6.203,4.98078329256617,core,LinearRegression
SR,1,1,8,4.767,4.57783628682342,core,LinearRegression
SR,1,1,12,4.559,5.303823689556465,core,LinearRegression
SR,1,1,24,3.413,4.17608978402896,core,LinearRegression
SR,1,1,25,3.85,4.445521456489655,core,LinearRegression
SR,1,1,34,6.376,4.767361350531659,core,LinearRegression
SR,1,1,36,6.955,5.036793022992353,core,LinearRegression
SR,1,1,37,7.023,5.171508859222701,core,LinearRegression
SR,1,1,39,3.885,4.742357742689296,core,LinearRegression
SR,1,2,3,6.138,5.621724111364359,engineered,SVR_RBF
SR,1,2,6,3.943,2.8109459716431155,engineered,SVR_RBF
SR,1,2,13,5.156,4.489322457420046,engineered,SVR_RBF
SR,1,2,15,7.238,5.193959708056133,engineered,SVR_RBF
SR,1,2,17,4.586,3.2878681047967646,engineered,SVR_RBF
SR,1,2,19,4.056,4.595913495478288,engineered,SVR_RBF
SR,1,2,27,4.657,5.286294843024289,engineered,SVR_RBF
SR,1,2,31,6.838,6.104651194338584,engineered,SVR_RBF
SR,1,2,40,4.816,4.5329839428458225,engineered,SVR_RBF
SR,1,3,0,3.422,5.069607330087057,engineered,SVR_RBF
SR,1,3,5,3.589,7.213195565421925,engineered,SVR_RBF
SR,1,3,9,4.49,6.1314942741334235,engineered,SVR_RBF
SR,1,3,11,4.142,4.213799201196911,engineered,SVR_RBF
SR,1,3,16,7.447,7.980831741564144,engineered,SVR_RBF
SR,1,3,26,4.56,4.149480379805298,engineered,SVR_RBF
SR,1,3,29,6.059,6.147602317812309,engineered,SVR_RBF
SR,1,3,30,6.469,6.607010851529804,engineered,SVR_RBF
SR,1,3,41,5.536,4.634401963979608,engineered,SVR_RBF
SR,1,4,1,4.538,4.295462777262323,core,LinearRegression
SR,1,4,2,5.597,4.521128821761427,core,LinearRegression
SR,1,4,21,6.194,5.650822206142921,core,LinearRegression
SR,1,4,23,2.796,3.559508322245616,core,LinearRegression
SR,1,4,32,3.074,7.612707329433259,core,LinearRegression
SR,1,4,33,5.633,4.618729267539536,core,LinearRegression
SR,1,4,35,6.424,5.070061356537745,core,LinearRegression
SR,1,4,42,4.683,5.686740006629694,core,LinearRegression
SR,1,5,7,3.697,4.480362916954929,engineered,SVR_RBF
SR,1,5,10,7.511,4.088373864860409,engineered,SVR_RBF
SR,1,5,14,4.706,5.809528279194138,engineered,SVR_RBF
SR,1,5,18,3.873,5.030366843864141,engineered,SVR_RBF
SR,1,5,20,5.379,5.88468868989294,engineered,SVR_RBF
SR,1,5,22,3.129,2.5344776397449933,engineered,SVR_RBF
SR,1,5,28,5.419,5.429350887832717,engineered,SVR_RBF
SR,1,5,38,4.431,4.635203878913654,engineered,SVR_RBF
SR,2,1,5,3.589,6.996751403655503,engineered,SVR_RBF
SR,2,1,6,3.943,3.074296503057758,engineered,SVR_RBF
SR,2,1,7,3.697,3.783450186970139,engineered,SVR_RBF
SR,2,1,13,5.156,5.171982660054991,engineered,SVR_RBF
SR,2,1,14,4.706,5.742372736862478,engineered,SVR_RBF
SR,2,1,31,6.838,6.382532530809406,engineered,SVR_RBF
SR,2,1,35,6.424,6.660435162581154,engineered,SVR_RBF
SR,2,1,37,7.023,7.0520514490610395,engineered,SVR_RBF
SR,2,1,38,4.431,4.622463644251815,engineered,SVR_RBF
SR,2,2,8,4.767,4.655735959451456,engineered,SVR_RBF
SR,2,2,9,4.49,4.517896516812824,engineered,SVR_RBF
SR,2,2,10,7.511,4.122900012449877,engineered,SVR_RBF
SR,2,2,18,3.873,5.150121040046143,engineered,SVR_RBF
SR,2,2,19,4.056,5.6748310889190385,engineered,SVR_RBF
SR,2,2,20,5.379,6.015954882434517,engineered,SVR_RBF
SR,2,2,22,3.129,2.5857404267585,engineered,SVR_RBF
SR,2,2,24,3.413,3.2842089430020973,engineered,SVR_RBF
SR,2,2,26,4.56,4.256990518400192,engineered,SVR_RBF
SR,2,3,3,6.138,5.642892856034254,rheology_enhanced,GradientBoosting
SR,2,3,12,4.559,4.628899418737284,rheology_enhanced,GradientBoosting
SR,2,3,28,5.419,5.459598849293007,rheology_enhanced,GradientBoosting
SR,2,3,29,6.059,6.170373903631196,rheology_enhanced,GradientBoosting
SR,2,3,33,5.633,6.035777027187016,rheology_enhanced,GradientBoosting
SR,2,3,34,6.376,6.290881878763057,rheology_enhanced,GradientBoosting
SR,2,3,39,3.885,4.637533949727698,rheology_enhanced,GradientBoosting
SR,2,3,40,4.816,5.399549966817681,rheology_enhanced,GradientBoosting
SR,2,3,42,4.683,5.459254572158726,rheology_enhanced,GradientBoosting
SR,2,4,1,4.538,5.301621916458605,rheology_enhanced,SVR_RBF
SR,2,4,11,4.142,4.47559845027685,rheology_enhanced,SVR_RBF
SR,2,4,15,7.238,5.439735822069263,rheology_enhanced,SVR_RBF
SR,2,4,23,2.796,3.1795718022592316,rheology_enhanced,SVR_RBF
SR,2,4,25,3.85,3.965066453814533,rheology_enhanced,SVR_RBF
SR,2,4,32,3.074,7.29865827191941,rheology_enhanced,SVR_RBF
SR,2,4,36,6.955,6.729246432171787,rheology_enhanced,SVR_RBF
SR,2,4,41,5.536,4.645441695770295,rheology_enhanced,SVR_RBF
SR,2,5,0,3.422,4.932623043650793,rheology_enhanced,RandomForest
SR,2,5,2,5.597,5.059891850529097,rheology_enhanced,RandomForest
SR,2,5,4,6.203,4.843900079365077,rheology_enhanced,RandomForest
SR,2,5,16,7.447,5.4425768558201035,rheology_enhanced,RandomForest
SR,2,5,17,4.586,4.254138134920638,rheology_enhanced,RandomForest
SR,2,5,21,6.194,4.715298347883599,rheology_enhanced,RandomForest
SR,2,5,27,4.657,5.686831948412699,rheology_enhanced,RandomForest
SR,2,5,30,6.469,5.810402604497358,rheology_enhanced,RandomForest
SR,3,1,5,3.589,7.2090538245443865,engineered,SVR_RBF
SR,3,1,11,4.142,4.170821073878972,engineered,SVR_RBF
SR,3,1,12,4.559,4.593941214951515,engineered,SVR_RBF
SR,3,1,16,7.447,7.896401861245366,engineered,SVR_RBF
SR,3,1,17,4.586,3.4241152901117182,engineered,SVR_RBF
SR,3,1,24,3.413,3.3945871768279807,engineered,SVR_RBF
SR,3,1,30,6.469,6.546256028850982,engineered,SVR_RBF
SR,3,1,38,4.431,4.1248375655639915,engineered,SVR_RBF
SR,3,1,41,5.536,4.567568811668725,engineered,SVR_RBF
SR,3,2,2,5.597,5.160393087351363,engineered,SVR_RBF
SR,3,2,8,4.767,5.711788367909775,engineered,SVR_RBF
SR,3,2,9,4.49,6.715826506464861,engineered,SVR_RBF
SR,3,2,15,7.238,5.651283267415331,engineered,SVR_RBF
SR,3,2,18,3.873,4.6049449802495435,engineered,SVR_RBF
SR,3,2,28,5.419,5.43207335521241,engineered,SVR_RBF
SR,3,2,29,6.059,6.036015611382834,engineered,SVR_RBF
SR,3,2,34,6.376,6.0542777022216265,engineered,SVR_RBF
SR,3,2,36,6.955,6.716022087596025,engineered,SVR_RBF
SR,3,3,0,3.422,5.3970940749437535,engineered,SVR_RBF
SR,3,3,1,4.538,5.5925685740117945,engineered,SVR_RBF
SR,3,3,4,6.203,5.229419206694031,engineered,SVR_RBF
SR,3,3,10,7.511,4.381960792076612,engineered,SVR_RBF
SR,3,3,14,4.706,5.817905052733438,engineered,SVR_RBF
SR,3,3,19,4.056,4.896407753889311,engineered,SVR_RBF
SR,3,3,26,4.56,4.129349292170355,engineered,SVR_RBF
SR,3,3,27,4.657,4.784224545688202,engineered,SVR_RBF
SR,3,3,39,3.885,4.653647826122973,engineered,SVR_RBF
SR,3,4,6,3.943,3.1520647252888505,engineered,SVR_RBF
SR,3,4,7,3.697,3.9639066662967237,engineered,SVR_RBF
SR,3,4,13,5.156,4.988433909612185,engineered,SVR_RBF
SR,3,4,21,6.194,5.5904700673694405,engineered,SVR_RBF
SR,3,4,25,3.85,3.9734793711938714,engineered,SVR_RBF
SR,3,4,31,6.838,6.4152199118563775,engineered,SVR_RBF
SR,3,4,33,5.633,6.025176888058792,engineered,SVR_RBF
SR,3,4,37,7.023,6.809401970989068,engineered,SVR_RBF
SR,3,5,3,6.138,5.743478775024414,engineered,XGBoost
SR,3,5,20,5.379,4.418350696563721,engineered,XGBoost
SR,3,5,22,3.129,4.197508811950684,engineered,XGBoost
SR,3,5,23,2.796,4.6869306564331055,engineered,XGBoost
SR,3,5,32,3.074,7.2345123291015625,engineered,XGBoost
SR,3,5,35,6.424,6.508747100830078,engineered,XGBoost
SR,3,5,40,4.816,4.86827278137207,engineered,XGBoost
SR,3,5,42,4.683,5.291385173797607,engineered,XGBoost
SR,4,1,0,3.422,4.864303005078127,engineered,SVR_RBF
SR,4,1,5,3.589,6.885122481111982,engineered,SVR_RBF
SR,4,1,7,3.697,4.113641810129413,engineered,SVR_RBF
SR,4,1,24,3.413,3.410779118127784,engineered,SVR_RBF
SR,4,1,29,6.059,6.093725967751968,engineered,SVR_RBF
SR,4,1,34,6.376,6.0997620868686315,engineered,SVR_RBF
SR,4,1,40,4.816,4.206908998356422,engineered,SVR_RBF
SR,4,1,41,5.536,4.156161493132959,engineered,SVR_RBF
SR,4,1,42,4.683,4.137257390814163,engineered,SVR_RBF
SR,4,2,9,4.49,4.696449194642469,engineered,SVR_RBF
SR,4,2,10,7.511,4.273418894172712,engineered,SVR_RBF
SR,4,2,13,5.156,5.187858617818134,engineered,SVR_RBF
SR,4,2,16,7.447,7.378316660316139,engineered,SVR_RBF
SR,4,2,18,3.873,5.179748104435565,engineered,SVR_RBF
SR,4,2,19,4.056,5.717690553898419,engineered,SVR_RBF
SR,4,2,20,5.379,6.047019986897846,engineered,SVR_RBF
SR,4,2,26,4.56,4.181995729099684,engineered,SVR_RBF
SR,4,2,33,5.633,6.050200176837054,engineered,SVR_RBF
SR,4,3,2,5.597,5.262703121791925,engineered,SVR_RBF
SR,4,3,6,3.943,2.72323794059502,engineered,SVR_RBF
SR,4,3,12,4.559,4.614698601026948,engineered,SVR_RBF
SR,4,3,17,4.586,3.188061123856555,engineered,SVR_RBF
SR,4,3,27,4.657,5.1649303809155285,engineered,SVR_RBF
SR,4,3,28,5.419,5.702930009999094,engineered,SVR_RBF
SR,4,3,36,6.955,6.769675347185486,engineered,SVR_RBF
SR,4,3,38,4.431,4.908207824816393,engineered,SVR_RBF
SR,4,3,39,3.885,4.899527482029465,engineered,SVR_RBF
SR,4,4,1,4.538,4.851025597715606,core,GradientBoosting
SR,4,4,8,4.767,4.179686553397318,core,GradientBoosting
SR,4,4,14,4.706,6.493959610315478,core,GradientBoosting
SR,4,4,15,7.238,6.493959610315478,core,GradientBoosting
SR,4,4,22,3.129,4.814510001536094,core,GradientBoosting
SR,4,4,23,2.796,6.000681866963076,core,GradientBoosting
SR,4,4,25,3.85,4.135681446282668,core,GradientBoosting
SR,4,4,37,7.023,6.469697689741404,core,GradientBoosting
SR,4,5,3,6.138,4.397015694437369,rheology_enhanced,SVR_RBF
SR,4,5,4,6.203,4.260012089645461,rheology_enhanced,SVR_RBF
SR,4,5,11,4.142,4.193986443687525,rheology_enhanced,SVR_RBF
SR,4,5,21,6.194,5.876768204339034,rheology_enhanced,SVR_RBF
SR,4,5,30,6.469,6.564605841882515,rheology_enhanced,SVR_RBF
SR,4,5,31,6.838,6.9902535069011975,rheology_enhanced,SVR_RBF
SR,4,5,32,3.074,6.871741740051918,rheology_enhanced,SVR_RBF
SR,4,5,35,6.424,6.6285119640433745,rheology_enhanced,SVR_RBF
SR,5,1,3,6.138,4.8100907086587394,engineered,SVR_RBF
SR,5,1,4,6.203,4.70922639432623,engineered,SVR_RBF
SR,5,1,6,3.943,3.6674120584430927,engineered,SVR_RBF
SR,5,1,7,3.697,4.298521647550398,engineered,SVR_RBF
SR,5,1,9,4.49,4.8254340825896325,engineered,SVR_RBF
SR,5,1,10,7.511,4.696427478218371,engineered,SVR_RBF
SR,5,1,17,4.586,3.1572276351659463,engineered,SVR_RBF
SR,5,1,41,5.536,4.943024149986942,engineered,SVR_RBF
SR,5,1,42,4.683,5.101976989527924,engineered,SVR_RBF
SR,5,2,0,3.422,5.1146189840710115,engineered,SVR_RBF
SR,5,2,1,4.538,5.457537086744519,engineered,SVR_RBF
SR,5,2,12,4.559,4.905006739346209,engineered,SVR_RBF
SR,5,2,13,5.156,5.645845018407468,engineered,SVR_RBF
SR,5,2,14,4.706,6.353096566606581,engineered,SVR_RBF
SR,5,2,20,5.379,4.282655214329004,engineered,SVR_RBF
SR,5,2,21,6.194,4.4768173929840565,engineered,SVR_RBF
SR,5,2,26,4.56,4.115801090672424,engineered,SVR_RBF
SR,5,2,30,6.469,6.516550111850631,engineered,SVR_RBF
SR,5,3,15,7.238,5.623914244562666,core,LinearRegression
SR,5,3,24,3.413,4.324853324583515,core,LinearRegression
SR,5,3,25,3.85,4.600151558652963,core,LinearRegression
SR,5,3,28,5.419,5.3359688047325164,core,LinearRegression
SR,5,3,33,5.633,4.617613786225578,core,LinearRegression
SR,5,3,35,6.424,4.892912020295027,core,LinearRegression
SR,5,3,37,7.023,5.1682102543644755,core,LinearRegression
SR,5,3,38,4.431,4.725153469926985,core,LinearRegression
SR,5,3,39,3.885,4.86280258696171,core,LinearRegression
SR,5,4,2,5.597,4.79485987698412,engineered,RandomForest
SR,5,4,8,4.767,4.448232149470898,engineered,RandomForest
SR,5,4,22,3.129,4.286234541005285,engineered,RandomForest
SR,5,4,23,2.796,4.36266249338624,engineered,RandomForest
SR,5,4,31,6.838,6.405170600529107,engineered,RandomForest
SR,5,4,32,3.074,6.446225880952385,engineered,RandomForest
SR,5,4,34,6.376,6.151947944444452,engineered,RandomForest
SR,5,4,36,6.955,6.42378676455027,engineered,RandomForest
SR,5,5,5,3.589,7.2188889921668355,engineered,SVR_RBF
SR,5,5,11,4.142,4.190795598350457,engineered,SVR_RBF
SR,5,5,16,7.447,7.7139213379047735,engineered,SVR_RBF
SR,5,5,18,3.873,4.796367106808501,engineered,SVR_RBF
SR,5,5,19,4.056,5.161319160802189,engineered,SVR_RBF
SR,5,5,27,4.657,4.812048528896792,engineered,SVR_RBF
SR,5,5,29,6.059,6.043044199517575,engineered,SVR_RBF
SR,5,5,40,4.816,4.54933597117628,engineered,SVR_RBF
SR,6,1,10,7.511,4.090575268737433,engineered,SVR_RBF
SR,6,1,12,4.559,4.254649584567087,engineered,SVR_RBF
SR,6,1,15,7.238,5.241685808705903,engineered,SVR_RBF
SR,6,1,17,4.586,3.54189763473018,engineered,SVR_RBF
SR,6,1,25,3.85,3.9467061990920893,engineered,SVR_RBF
SR,6,1,30,6.469,6.529566482535259,engineered,SVR_RBF
SR,6,1,32,3.074,6.150345294234352,engineered,SVR_RBF
SR,6,1,33,5.633,5.995187602567788,engineered,SVR_RBF
SR,6,1,41,5.536,4.656872711352731,engineered,SVR_RBF
SR,6,2,0,3.422,4.2075155088621035,engineered,SVR_RBF
SR,6,2,3,6.138,5.559863735253041,engineered,SVR_RBF
SR,6,2,4,6.203,6.049392257178228,engineered,SVR_RBF
SR,6,2,5,3.589,6.926130691829613,engineered,SVR_RBF
SR,6,2,13,5.156,5.284784513078155,engineered,SVR_RBF
SR,6,2,14,4.706,5.919085958888219,engineered,SVR_RBF
SR,6,2,19,4.056,5.1065649130763155,engineered,SVR_RBF
SR,6,2,21,6.194,5.51708019937569,engineered,SVR_RBF
SR,6,2,28,5.419,5.443360653488655,engineered,SVR_RBF
SR,6,3,2,5.597,5.175712233256632,engineered,SVR_RBF
SR,6,3,9,4.49,5.930721867653621,engineered,SVR_RBF
SR,6,3,20,5.379,5.259685416371439,engineered,SVR_RBF
SR,6,3,22,3.129,2.2356704191109986,engineered,SVR_RBF
SR,6,3,24,3.413,3.391422309938669,engineered,SVR_RBF
SR,6,3,29,6.059,5.894604817558895,engineered,SVR_RBF
SR,6,3,31,6.838,6.218929540575794,engineered,SVR_RBF
SR,6,3,35,6.424,6.651640551589651,engineered,SVR_RBF
SR,6,3,38,4.431,4.61589171801669,engineered,SVR_RBF
SR,6,4,1,4.538,5.068078424599155,engineered,SVR_RBF
SR,6,4,11,4.142,4.168830387427466,engineered,SVR_RBF
SR,6,4,18,3.873,4.661198105780086,engineered,SVR_RBF
SR,6,4,26,4.56,4.193880766608715,engineered,SVR_RBF
SR,6,4,27,4.657,4.80136675082588,engineered,SVR_RBF
SR,6,4,34,6.376,6.080693183629659,engineered,SVR_RBF
SR,6,4,36,6.955,6.746022096200368,engineered,SVR_RBF
SR,6,4,40,4.816,4.571254256414963,engineered,SVR_RBF
SR,6,5,6,3.943,3.1079744229142796,engineered,SVR_RBF
SR,6,5,7,3.697,3.9558498122202836,engineered,SVR_RBF
SR,6,5,8,4.767,4.800033968823017,engineered,SVR_RBF
SR,6,5,16,7.447,7.793422096852764,engineered,SVR_RBF
SR,6,5,23,2.796,3.1857247642400215,engineered,SVR_RBF
SR,6,5,37,7.023,6.982790646747846,engineered,SVR_RBF
SR,6,5,39,3.885,4.666312469906255,engineered,SVR_RBF
SR,6,5,42,4.683,5.28010744692216,engineered,SVR_RBF
SR,7,1,3,6.138,5.170994547619049,rheology_enhanced,RandomForest
SR,7,1,9,4.49,5.1769480793650775,rheology_enhanced,RandomForest
SR,7,1,11,4.142,4.710154313492062,rheology_enhanced,RandomForest
SR,7,1,25,3.85,3.8841456309523825,rheology_enhanced,RandomForest
SR,7,1,26,4.56,4.170883119047622,rheology_enhanced,RandomForest
SR,7,1,32,3.074,6.800247087301585,rheology_enhanced,RandomForest
SR,7,1,35,6.424,6.575480603174606,rheology_enhanced,RandomForest
SR,7,1,40,4.816,4.641244857142859,rheology_enhanced,RandomForest
SR,7,1,41,5.536,4.712355357142859,rheology_enhanced,RandomForest
SR,7,2,1,4.538,5.007805651012294,engineered,SVR_RBF
SR,7,2,5,3.589,6.828278391534625,engineered,SVR_RBF
SR,7,2,12,4.559,4.452166848312371,engineered,SVR_RBF
SR,7,2,13,5.156,4.884341841747604,engineered,SVR_RBF
SR,7,2,19,4.056,5.182633952354777,engineered,SVR_RBF
SR,7,2,20,5.379,5.658930721746316,engineered,SVR_RBF
SR,7,2,24,3.413,3.383754414213448,engineered,SVR_RBF
SR,7,2,31,6.838,6.422286391396155,engineered,SVR_RBF
SR,7,2,38,4.431,4.63808998335481,engineered,SVR_RBF
SR,7,3,2,5.597,4.892841667898468,engineered,GradientBoosting
SR,7,3,7,3.697,4.758176116428627,engineered,GradientBoosting
SR,7,3,8,4.767,4.091569540484919,engineered,GradientBoosting
SR,7,3,10,7.511,3.973580203429098,engineered,GradientBoosting
SR,7,3,15,7.238,5.91759261161073,engineered,GradientBoosting
SR,7,3,18,3.873,4.722649939838631,engineered,GradientBoosting
SR,7,3,21,6.194,5.248621485986293,engineered,GradientBoosting
SR,7,3,23,2.796,3.592953946393611,engineered,GradientBoosting
SR,7,3,30,6.469,5.899104910732128,engineered,GradientBoosting
SR,7,4,14,4.706,6.401158603204777,rheology_enhanced,GradientBoosting
SR,7,4,16,7.447,5.622887934354422,rheology_enhanced,GradientBoosting
SR,7,4,22,3.129,3.5973522217517186,rheology_enhanced,GradientBoosting
SR,7,4,28,5.419,5.483899276908243,rheology_enhanced,GradientBoosting
SR,7,4,29,6.059,5.483899276908243,rheology_enhanced,GradientBoosting
SR,7,4,33,5.633,5.6780065342428765,rheology_enhanced,GradientBoosting
SR,7,4,36,6.955,6.382210371741176,rheology_enhanced,GradientBoosting
SR,7,4,39,3.885,4.729474533965205,rheology_enhanced,GradientBoosting
SR,7,5,0,3.422,5.058956597387669,engineered,SVR_RBF
SR,7,5,4,6.203,5.3082558491181056,engineered,SVR_RBF
SR,7,5,6,3.943,3.3105468808135754,engineered,SVR_RBF
SR,7,5,17,4.586,3.210491838287478,engineered,SVR_RBF
SR,7,5,27,4.657,4.809446503114273,engineered,SVR_RBF
SR,7,5,34,6.376,6.113596968044101,engineered,SVR_RBF
SR,7,5,37,7.023,6.902956020858035,engineered,SVR_RBF
SR,7,5,42,4.683,5.383251873014173,engineered,SVR_RBF
SR,8,1,0,3.422,4.618616898069126,engineered,SVR_RBF
SR,8,1,2,5.597,5.504548407651094,engineered,SVR_RBF
SR,8,1,10,7.511,4.155395313593942,engineered,SVR_RBF
SR,8,1,14,4.706,5.826785276011753,engineered,SVR_RBF
SR,8,1,16,7.447,7.388444933076933,engineered,SVR_RBF
SR,8,1,19,4.056,5.118781413880855,engineered,SVR_RBF
SR,8,1,21,6.194,5.355543030828938,engineered,SVR_RBF
SR,8,1,23,2.796,3.165984005393851,engineered,SVR_RBF
SR,8,1,25,3.85,3.947872203593145,engineered,SVR_RBF
SR,8,2,7,3.697,4.385938208759614,engineered,SVR_RBF
SR,8,2,11,4.142,4.070030471794226,engineered,SVR_RBF
SR,8,2,13,5.156,5.0086387580811165,engineered,SVR_RBF
SR,8,2,17,4.586,3.4906048973178274,engineered,SVR_RBF
SR,8,2,22,3.129,2.368492141715257,engineered,SVR_RBF
SR,8,2,28,5.419,5.440735679091774,engineered,SVR_RBF
SR,8,2,29,6.059,6.0595675847421395,engineered,SVR_RBF
SR,8,2,33,5.633,5.935931313827401,engineered,SVR_RBF
SR,8,2,38,4.431,4.6360646997610395,engineered,SVR_RBF
SR,8,3,3,6.138,4.731709487461085,core,LinearRegression
SR,8,3,8,4.767,4.504797109503743,core,LinearRegression
SR,8,3,9,4.49,4.7687421509350365,core,LinearRegression
SR,8,3,15,7.238,5.5755919511201215,core,LinearRegression
SR,8,3,20,5.379,4.945254673070237,core,LinearRegression
SR,8,3,24,3.413,4.182944874304706,core,LinearRegression
SR,8,3,30,6.469,5.620131952539675,core,LinearRegression
SR,8,3,34,6.376,4.725849633058498,core,LinearRegression
SR,8,3,35,6.424,4.857822153774145,core,LinearRegression
SR,8,4,1,4.538,4.308156300945082,core,LinearRegression
SR,8,4,4,6.203,4.874342679929889,core,LinearRegression
SR,8,4,6,3.943,3.6106897836002956,core,LinearRegression
SR,8,4,26,4.56,4.66923105784489,core,LinearRegression
SR,8,4,27,4.657,5.853396914411624,core,LinearRegression
SR,8,4,31,6.838,6.608312086391368,core,LinearRegression
SR,8,4,32,3.074,7.551956051366046,core,LinearRegression
SR,8,4,37,7.023,5.559883662977663,core,LinearRegression
SR,8,5,5,3.589,7.198894601058772,engineered,SVR_RBF
SR,8,5,12,4.559,4.616636272636037,engineered,SVR_RBF
SR,8,5,18,3.873,4.584606598343705,engineered,SVR_RBF
SR,8,5,36,6.955,6.767400323732532,engineered,SVR_RBF
SR,8,5,39,3.885,4.549980343098823,engineered,SVR_RBF
SR,8,5,40,4.816,4.6263015613284235,engineered,SVR_RBF
SR,8,5,41,5.536,4.705484901809644,engineered,SVR_RBF
SR,8,5,42,4.683,4.782212599798837,engineered,SVR_RBF
SR,9,1,1,4.538,4.625276089918502,core,LinearRegression
SR,9,1,8,4.767,4.601294662628705,core,LinearRegression
SR,9,1,13,5.156,5.502842684167294,core,LinearRegression
SR,9,1,16,7.447,6.306025714242845,core,LinearRegression
SR,9,1,18,3.873,4.569125514636458,core,LinearRegression
SR,9,1,28,5.419,5.585413969042983,core,LinearRegression
SR,9,1,34,6.376,4.881177665248019,core,LinearRegression
SR,9,1,35,6.424,4.995918098115956,core,LinearRegression
SR,9,1,39,3.885,4.750643525792736,core,LinearRegression
SR,9,2,12,4.559,5.014444345238096,rheology_enhanced,RandomForest
SR,9,2,19,4.056,5.295517968253967,rheology_enhanced,RandomForest
SR,9,2,23,2.796,5.121949781746032,rheology_enhanced,RandomForest
SR,9,2,24,3.413,5.1494028716931215,rheology_enhanced,RandomForest
SR,9,2,25,3.85,5.0342206256613755,rheology_enhanced,RandomForest
SR,9,2,27,4.657,5.52815059126984,rheology_enhanced,RandomForest
SR,9,2,29,6.059,5.627683369047618,rheology_enhanced,RandomForest
SR,9,2,40,4.816,4.655386958994708,rheology_enhanced,RandomForest
SR,9,2,42,4.683,4.865428550264553,rheology_enhanced,RandomForest
SR,9,3,0,3.422,4.927599117055013,engineered,SVR_RBF
SR,9,3,3,6.138,5.58936490145347,engineered,SVR_RBF
SR,9,3,9,4.49,4.657851513882766,engineered,SVR_RBF
SR,9,3,10,7.511,4.346079842318077,engineered,SVR_RBF
SR,9,3,17,4.586,3.412672972020184,engineered,SVR_RBF
SR,9,3,20,5.379,4.500127539526465,engineered,SVR_RBF
SR,9,3,21,6.194,4.682035653712407,engineered,SVR_RBF
SR,9,3,36,6.955,6.804248399212781,engineered,SVR_RBF
SR,9,3,41,5.536,4.6616098028309345,engineered,SVR_RBF
SR,9,4,2,5.597,5.065186927241017,engineered,SVR_RBF
SR,9,4,5,3.589,7.353142582747763,engineered,SVR_RBF
SR,9,4,7,3.697,4.18467407379591,engineered,SVR_RBF
SR,9,4,14,4.706,5.5290755605111865,engineered,SVR_RBF
SR,9,4,15,7.238,5.9858383113230715,engineered,SVR_RBF
SR,9,4,26,4.56,4.112528104999724,engineered,SVR_RBF
SR,9,4,31,6.838,6.389318399985417,engineered,SVR_RBF
SR,9,4,38,4.431,4.7139760723960915,engineered,SVR_RBF
SR,9,5,4,6.203,5.0033035487918145,core,LinearRegression
SR,9,5,6,3.943,3.6117192311098,core,LinearRegression
SR,9,5,11,4.142,5.413742039760848,core,LinearRegression
SR,9,5,22,3.129,3.061006841981993,core,LinearRegression
SR,9,5,30,6.469,6.343823101281955,core,LinearRegression
SR,9,5,32,3.074,7.5615265083198935,core,LinearRegression
SR,9,5,33,5.633,4.660079082793385,core,LinearRegression
SR,9,5,37,7.023,5.4718813541520115,core,LinearRegression
SR,10,1,0,3.422,5.325854169749123,engineered,SVR_RBF
SR,10,1,4,6.203,5.1289837506843705,engineered,SVR_RBF
SR,10,1,14,4.706,5.832185280997567,engineered,SVR_RBF
SR,10,1,17,4.586,3.2549079073316887,engineered,SVR_RBF
SR,10,1,22,3.129,2.3185388826894884,engineered,SVR_RBF
SR,10,1,24,3.413,3.410425849017584,engineered,SVR_RBF
SR,10,1,26,4.56,4.250313400219982,engineered,SVR_RBF
SR,10,1,40,4.816,4.519902697687028,engineered,SVR_RBF
SR,10,1,41,5.536,4.579510577346694,engineered,SVR_RBF
SR,10,2,2,5.597,4.419181715608464,rheology_enhanced,RandomForest
SR,10,2,3,6.138,4.6251731521164015,rheology_enhanced,RandomForest
SR,10,2,11,4.142,4.9130095476190485,rheology_enhanced,RandomForest
SR,10,2,12,4.559,5.116959928571432,rheology_enhanced,RandomForest
SR,10,2,15,7.238,5.434584750000006,rheology_enhanced,RandomForest
SR,10,2,18,3.873,4.9494934365079395,rheology_enhanced,RandomForest
SR,10,2,19,4.056,5.32024817857143,rheology_enhanced,RandomForest
SR,10,2,39,3.885,4.72753407936508,rheology_enhanced,RandomForest
SR,10,2,42,4.683,4.912651293650796,rheology_enhanced,RandomForest
SR,10,3,1,4.538,5.175465291889285,engineered,SVR_RBF
SR,10,3,7,3.697,4.495729866357916,engineered,SVR_RBF
SR,10,3,8,4.767,5.134475041830673,engineered,SVR_RBF
SR,10,3,13,5.156,4.923879162682551,engineered,SVR_RBF
SR,10,3,23,2.796,3.342972220427885,engineered,SVR_RBF
SR,10,3,25,3.85,4.13359801563028,engineered,SVR_RBF
SR,10,3,31,6.838,6.413889185152325,engineered,SVR_RBF
SR,10,3,35,6.424,6.648899126544453,engineered,SVR_RBF
SR,10,3,38,4.431,4.703415402693999,engineered,SVR_RBF
SR,10,4,6,3.943,4.608752047990184,rheology_enhanced,GradientBoosting
SR,10,4,10,7.511,4.125212063991712,rheology_enhanced,GradientBoosting
SR,10,4,20,5.379,4.6367893792255295,rheology_enhanced,GradientBoosting
SR,10,4,27,4.657,6.016198740757595,rheology_enhanced,GradientBoosting
SR,10,4,28,5.419,6.398329111286037,rheology_enhanced,GradientBoosting
SR,10,4,29,6.059,6.42473830927147,rheology_enhanced,GradientBoosting
SR,10,4,33,5.633,6.036604790632136,rheology_enhanced,GradientBoosting
SR,10,4,34,6.376,6.352316794467444,rheology_enhanced,GradientBoosting
SR,10,5,5,3.589,7.66829383252138,rheology_enhanced,SVR_RBF
SR,10,5,9,4.49,5.90265294389482,rheology_enhanced,SVR_RBF
SR,10,5,16,7.447,8.39965728723228,rheology_enhanced,SVR_RBF
SR,10,5,21,6.194,6.009380752107829,rheology_enhanced,SVR_RBF
SR,10,5,30,6.469,6.464478775415047,rheology_enhanced,SVR_RBF
SR,10,5,32,3.074,7.192844042207296,rheology_enhanced,SVR_RBF
SR,10,5,36,6.955,6.710810219327198,rheology_enhanced,SVR_RBF
SR,10,5,37,7.023,7.000701015148252,rheology_enhanced,SVR_RBF
SR,11,1,1,4.538,4.504887507936509,rheology_enhanced,RandomForest
SR,11,1,3,6.138,5.108329599206351,rheology_enhanced,RandomForest
SR,11,1,6,3.943,4.565454849206353,rheology_enhanced,RandomForest
SR,11,1,8,4.767,5.1399465396825414,rheology_enhanced,RandomForest
SR,11,1,9,4.49,5.258737404761909,rheology_enhanced,RandomForest
SR,11,1,21,6.194,4.913540580687829,rheology_enhanced,RandomForest
SR,11,1,24,3.413,4.064516519841269,rheology_enhanced,RandomForest
SR,11,1,25,3.85,4.356513317460319,rheology_enhanced,RandomForest
SR,11,1,37,7.023,6.380809484126982,rheology_enhanced,RandomForest
SR,11,2,0,3.422,4.727695648158621,rheology_enhanced,GradientBoosting
SR,11,2,2,5.597,4.952576068742384,rheology_enhanced,GradientBoosting
SR,11,2,18,3.873,4.725653991343061,rheology_enhanced,GradientBoosting
SR,11,2,19,4.056,5.481879367519233,rheology_enhanced,GradientBoosting
SR,11,2,26,4.56,4.608697709995491,rheology_enhanced,GradientBoosting
SR,11,2,29,6.059,5.510571449819073,rheology_enhanced,GradientBoosting
SR,11,2,31,6.838,6.158157003444493,rheology_enhanced,GradientBoosting
SR,11,2,36,6.955,6.747656509770544,rheology_enhanced,GradientBoosting
SR,11,2,39,3.885,4.732088945738235,rheology_enhanced,GradientBoosting
SR,11,3,4,6.203,4.997325150420343,engineered,SVR_RBF
SR,11,3,7,3.697,4.515476740611526,engineered,SVR_RBF
SR,11,3,10,7.511,4.125154232695379,engineered,SVR_RBF
SR,11,3,12,4.559,4.627885729665975,engineered,SVR_RBF
SR,11,3,14,4.706,5.601130184134032,engineered,SVR_RBF
SR,11,3,15,7.238,6.083810058802772,engineered,SVR_RBF
SR,11,3,20,5.379,5.4264661935247105,engineered,SVR_RBF
SR,11,3,33,5.633,5.97835619434953,engineered,SVR_RBF
SR,11,3,40,4.816,4.578935647640427,engineered,SVR_RBF
SR,11,4,16,7.447,7.558771252106208,rheology_enhanced,SVR_RBF
SR,11,4,17,4.586,3.2609090391880207,rheology_enhanced,SVR_RBF
SR,11,4,27,4.657,5.410642117565883,rheology_enhanced,SVR_RBF
SR,11,4,30,6.469,6.080726183638375,rheology_enhanced,SVR_RBF
SR,11,4,34,6.376,6.093633062429215,rheology_enhanced,SVR_RBF
SR,11,4,35,6.424,6.472872000336075,rheology_enhanced,SVR_RBF
SR,11,4,38,4.431,3.8856233808365355,rheology_enhanced,SVR_RBF
SR,11,4,41,5.536,4.52556762377502,rheology_enhanced,SVR_RBF
SR,11,5,5,3.589,7.563666768941789,rheology_enhanced,SVR_RBF
SR,11,5,11,4.142,4.267041875445051,rheology_enhanced,SVR_RBF
SR,11,5,13,5.156,4.826533747374337,rheology_enhanced,SVR_RBF
SR,11,5,22,3.129,2.8612220949572365,rheology_enhanced,SVR_RBF
SR,11,5,23,2.796,2.9930778964948677,rheology_enhanced,SVR_RBF
SR,11,5,28,5.419,5.291941397486025,rheology_enhanced,SVR_RBF
SR,11,5,32,3.074,7.254229747040025,rheology_enhanced,SVR_RBF
SR,11,5,42,4.683,5.372607317571416,rheology_enhanced,SVR_RBF
SR,12,1,1,4.538,4.520560731942247,rheology_enhanced,GradientBoosting
SR,12,1,4,6.203,5.573132633287199,rheology_enhanced,GradientBoosting
SR,12,1,7,3.697,4.65916291482869,rheology_enhanced,GradientBoosting
SR,12,1,8,4.767,4.590101114515281,rheology_enhanced,GradientBoosting
SR,12,1,15,7.238,5.425042839505955,rheology_enhanced,GradientBoosting
SR,12,1,17,4.586,3.8178370688196748,rheology_enhanced,GradientBoosting
SR,12,1,28,5.419,5.410231820058537,rheology_enhanced,GradientBoosting
SR,12,1,31,6.838,6.197828032884782,rheology_enhanced,GradientBoosting
SR,12,1,38,4.431,4.291837050306598,rheology_enhanced,GradientBoosting
SR,12,2,0,3.422,4.8291049589947095,rheology_enhanced,RandomForest
SR,12,2,2,5.597,5.109490708994705,rheology_enhanced,RandomForest
SR,12,2,10,7.511,4.227770686507933,rheology_enhanced,RandomForest
SR,12,2,16,7.447,5.168582537037033,rheology_enhanced,RandomForest
SR,12,2,19,4.056,4.657486382275136,rheology_enhanced,RandomForest
SR,12,2,21,6.194,4.686879247354497,rheology_enhanced,RandomForest
SR,12,2,34,6.376,6.193558912698412,rheology_enhanced,RandomForest
SR,12,2,35,6.424,6.428649289682544,rheology_enhanced,RandomForest
SR,12,2,39,3.885,4.683113953703708,rheology_enhanced,RandomForest
SR,12,3,13,5.156,5.11313009262085,rheology_enhanced,XGBoost
SR,12,3,14,4.706,5.880804061889648,rheology_enhanced,XGBoost
SR,12,3,27,4.657,5.41286563873291,rheology_enhanced,XGBoost
SR,12,3,30,6.469,6.229556083679199,rheology_enhanced,XGBoost
SR,12,3,32,3.074,7.401479244232178,rheology_enhanced,XGBoost
SR,12,3,33,5.633,6.048203468322754,rheology_enhanced,XGBoost
SR,12,3,36,6.955,6.554347038269043,rheology_enhanced,XGBoost
SR,12,3,40,4.816,4.476794719696045,rheology_enhanced,XGBoost
SR,12,3,41,5.536,4.54061222076416,rheology_enhanced,XGBoost
SR,12,4,3,6.138,5.143201994709002,rheology_enhanced,RandomForest
SR,12,4,6,3.943,4.418292002645504,rheology_enhanced,RandomForest
SR,12,4,11,4.142,4.837293285714287,rheology_enhanced,RandomForest
SR,12,4,18,3.873,4.578395693121693,rheology_enhanced,RandomForest
SR,12,4,20,5.379,4.948301007936507,rheology_enhanced,RandomForest
SR,12,4,23,2.796,4.135554439153439,rheology_enhanced,RandomForest
SR,12,4,26,4.56,4.39249164814815,rheology_enhanced,RandomForest
SR,12,4,42,4.683,4.9764217777777775,rheology_enhanced,RandomForest
SR,12,5,5,3.589,7.385477421440305,engineered,SVR_RBF
SR,12,5,9,4.49,6.17659341853656,engineered,SVR_RBF
SR,12,5,12,4.559,4.6224994274366304,engineered,SVR_RBF
SR,12,5,22,3.129,2.22546766621295,engineered,SVR_RBF
SR,12,5,24,3.413,3.571686058820565,engineered,SVR_RBF
SR,12,5,25,3.85,4.201331952624419,engineered,SVR_RBF
SR,12,5,29,6.059,6.037413892927738,engineered,SVR_RBF
SR,12,5,37,7.023,6.974804558527687,engineered,SVR_RBF
SR,13,1,10,7.511,4.110291071518405,engineered,SVR_RBF
SR,13,1,19,4.056,5.087185333420414,engineered,SVR_RBF
SR,13,1,25,3.85,3.884211217543683,engineered,SVR_RBF
SR,13,1,27,4.657,4.976766483530931,engineered,SVR_RBF
SR,13,1,29,6.059,5.972705099186605,engineered,SVR_RBF
SR,13,1,32,3.074,6.485272191947655,engineered,SVR_RBF
SR,13,1,34,6.376,6.088007792207499,engineered,SVR_RBF
SR,13,1,37,7.023,7.087836460969853,engineered,SVR_RBF
SR,13,1,42,4.683,5.363668620369647,engineered,SVR_RBF
SR,13,2,8,4.767,4.465935434402257,rheology_enhanced,GradientBoosting
SR,13,2,12,4.559,4.898452393706495,rheology_enhanced,GradientBoosting
SR,13,2,14,4.706,5.988761593712953,rheology_enhanced,GradientBoosting
SR,13,2,26,4.56,4.4465086799339115,rheology_enhanced,GradientBoosting
SR,13,2,28,5.419,5.615227655661092,rheology_enhanced,GradientBoosting
SR,13,2,35,6.424,6.673867228394347,rheology_enhanced,GradientBoosting
SR,13,2,36,6.955,6.715470484894109,rheology_enhanced,GradientBoosting
SR,13,2,40,4.816,4.38693483813595,rheology_enhanced,GradientBoosting
SR,13,2,41,5.536,4.644535152570049,rheology_enhanced,GradientBoosting
SR,13,3,1,4.538,4.500675629629634,rheology_enhanced,RandomForest
SR,13,3,3,6.138,5.109621038359789,rheology_enhanced,RandomForest
SR,13,3,11,4.142,4.770684194444447,rheology_enhanced,RandomForest
SR,13,3,16,7.447,5.489144150793652,rheology_enhanced,RandomForest
SR,13,3,18,3.873,4.507267895502645,rheology_enhanced,RandomForest
SR,13,3,21,6.194,4.997472182539683,rheology_enhanced,RandomForest
SR,13,3,24,3.413,3.8806371798941783,rheology_enhanced,RandomForest
SR,13,3,38,4.431,4.820881376984128,rheology_enhanced,RandomForest
SR,13,3,39,3.885,4.772239043650794,rheology_enhanced,RandomForest
SR,13,4,4,6.203,5.536445381286421,engineered,SVR_RBF
SR,13,4,6,3.943,2.918018650256461,engineered,SVR_RBF
SR,13,4,9,4.49,5.881371721015696,engineered,SVR_RBF
SR,13,4,13,5.156,4.893003111001766,engineered,SVR_RBF
SR,13,4,20,5.379,5.305203768580361,engineered,SVR_RBF
SR,13,4,22,3.129,2.2832175125709644,engineered,SVR_RBF
SR,13,4,30,6.469,5.971743780592573,engineered,SVR_RBF
SR,13,4,31,6.838,5.928162666285026,engineered,SVR_RBF
SR,13,5,0,3.422,4.300610243644653,engineered,SVR_RBF
SR,13,5,2,5.597,5.1379688898266895,engineered,SVR_RBF
SR,13,5,5,3.589,7.394002803790077,engineered,SVR_RBF
SR,13,5,7,3.697,4.186644641163159,engineered,SVR_RBF
SR,13,5,15,7.238,5.697527447962681,engineered,SVR_RBF
SR,13,5,17,4.586,3.567750818693088,engineered,SVR_RBF
SR,13,5,23,2.796,3.177091332619216,engineered,SVR_RBF
SR,13,5,33,5.633,5.9356725961699475,engineered,SVR_RBF
SR,14,1,2,5.597,4.682431093717286,engineered,SVR_RBF
SR,14,1,3,6.138,5.318722712115141,engineered,SVR_RBF
SR,14,1,4,6.203,5.889380379948242,engineered,SVR_RBF
SR,14,1,5,3.589,6.763364546911939,engineered,SVR_RBF
SR,14,1,6,3.943,3.1568213382768455,engineered,SVR_RBF
SR,14,1,18,3.873,4.821299877708293,engineered,SVR_RBF
SR,14,1,20,5.379,5.6599150080876335,engineered,SVR_RBF
SR,14,1,36,6.955,6.769096109810812,engineered,SVR_RBF
SR,14,1,41,5.536,4.650604583563554,engineered,SVR_RBF
SR,14,2,9,4.49,5.826034627495638,rheology_enhanced,SVR_RBF
SR,14,2,14,4.706,5.836417862043275,rheology_enhanced,SVR_RBF
SR,14,2,16,7.447,8.516356387624127,rheology_enhanced,SVR_RBF
SR,14,2,17,4.586,3.3054754650281657,rheology_enhanced,SVR_RBF
SR,14,2,22,3.129,2.4001022419555857,rheology_enhanced,SVR_RBF
SR,14,2,25,3.85,4.0005020665897835,rheology_enhanced,SVR_RBF
SR,14,2,31,6.838,6.939060408722678,rheology_enhanced,SVR_RBF
SR,14,2,32,3.074,6.94098447417764,rheology_enhanced,SVR_RBF
SR,14,2,38,4.431,4.488473243031859,rheology_enhanced,SVR_RBF
SR,14,3,0,3.422,4.651466833261411,engineered,SVR_RBF
SR,14,3,10,7.511,4.109705559462186,engineered,SVR_RBF
SR,14,3,11,4.142,3.987849833789532,engineered,SVR_RBF
SR,14,3,19,4.056,5.087714532416959,engineered,SVR_RBF
SR,14,3,21,6.194,5.3567468540196135,engineered,SVR_RBF
SR,14,3,23,2.796,3.1606879864782536,engineered,SVR_RBF
SR,14,3,28,5.419,5.455673767215357,engineered,SVR_RBF
SR,14,3,35,6.424,6.674757217872244,engineered,SVR_RBF
SR,14,3,40,4.816,4.553476879890402,engineered,SVR_RBF
SR,14,4,1,4.538,5.1798520309776315,engineered,SVR_RBF
SR,14,4,7,3.697,4.312343971275531,engineered,SVR_RBF
SR,14,4,12,4.559,4.339257881766299,engineered,SVR_RBF
SR,14,4,15,7.238,5.287916865752066,engineered,SVR_RBF
SR,14,4,24,3.413,3.4048626461411047,engineered,SVR_RBF
SR,14,4,30,6.469,6.411526174033573,engineered,SVR_RBF
SR,14,4,34,6.376,6.089112419373858,engineered,SVR_RBF
SR,14,4,42,4.683,5.39320753403951,engineered,SVR_RBF
SR,14,5,8,4.767,4.541553394623908,engineered,GradientBoosting
SR,14,5,13,5.156,4.46014252290342,engineered,GradientBoosting
SR,14,5,26,4.56,4.857600195864709,engineered,GradientBoosting
SR,14,5,27,4.657,5.514354754483578,engineered,GradientBoosting
SR,14,5,29,6.059,5.6593879419963855,engineered,GradientBoosting
SR,14,5,33,5.633,5.697355980778773,engineered,GradientBoosting
SR,14,5,37,7.023,6.601846652135365,engineered,GradientBoosting
SR,14,5,39,3.885,4.678626307965029,engineered,GradientBoosting
SR,15,1,3,6.138,5.574279308319092,rheology_enhanced,XGBoost
SR,15,1,7,3.697,4.411446571350098,rheology_enhanced,XGBoost
SR,15,1,8,4.767,5.041930198669434,rheology_enhanced,XGBoost
SR,15,1,17,4.586,3.9814064502716064,rheology_enhanced,XGBoost
SR,15,1,18,3.873,4.451516151428223,rheology_enhanced,XGBoost
SR,15,1,19,4.056,5.447198390960693,rheology_enhanced,XGBoost
SR,15,1,27,4.657,5.746407985687256,rheology_enhanced,XGBoost
SR,15,1,28,5.419,5.761368751525879,rheology_enhanced,XGBoost
SR,15,1,32,3.074,7.280487060546875,rheology_enhanced,XGBoost
SR,15,2,4,6.203,4.870856446523402,engineered,SVR_RBF
SR,15,2,9,4.49,5.601760128007748,engineered,SVR_RBF
SR,15,2,13,5.156,4.884693662615126,engineered,SVR_RBF
SR,15,2,20,5.379,5.228338928269821,engineered,SVR_RBF
SR,15,2,33,5.633,6.1106528961740745,engineered,SVR_RBF
SR,15,2,35,6.424,6.696436965269577,engineered,SVR_RBF
SR,15,2,38,4.431,4.723509095398089,engineered,SVR_RBF
SR,15,2,39,3.885,4.754252726724067,engineered,SVR_RBF
SR,15,2,41,5.536,4.75832216805593,engineered,SVR_RBF
SR,15,3,1,4.538,4.9644764453060395,engineered,SVR_RBF
SR,15,3,5,3.589,5.928855600448685,engineered,SVR_RBF
SR,15,3,6,3.943,3.222182090268112,engineered,SVR_RBF
SR,15,3,10,7.511,4.625507868604837,engineered,SVR_RBF
SR,15,3,16,7.447,8.003124206776263,engineered,SVR_RBF
SR,15,3,25,3.85,3.910570161246338,engineered,SVR_RBF
SR,15,3,31,6.838,6.4823738276934915,engineered,SVR_RBF
SR,15,3,40,4.816,5.141336708222541,engineered,SVR_RBF
SR,15,3,42,4.683,5.8072717050514875,engineered,SVR_RBF
SR,15,4,2,5.597,4.374462344897472,rheology_enhanced,GradientBoosting
SR,15,4,11,4.142,4.129522926207333,rheology_enhanced,GradientBoosting
SR,15,4,12,4.559,4.7336473818093605,rheology_enhanced,GradientBoosting
SR,15,4,24,3.413,3.362411669956629,rheology_enhanced,GradientBoosting
SR,15,4,26,4.56,3.9691315280252004,rheology_enhanced,GradientBoosting
SR,15,4,29,6.059,5.39978698606318,rheology_enhanced,GradientBoosting
SR,15,4,30,6.469,5.7622066389349715,rheology_enhanced,GradientBoosting
SR,15,4,37,7.023,6.733523294007783,rheology_enhanced,GradientBoosting
SR,15,5,0,3.422,5.036313954873897,engineered,SVR_RBF
SR,15,5,14,4.706,5.619582211288913,engineered,SVR_RBF
SR,15,5,15,7.238,6.118039192860465,engineered,SVR_RBF
SR,15,5,21,6.194,5.682681252830031,engineered,SVR_RBF
SR,15,5,22,3.129,2.333190378038255,engineered,SVR_RBF
SR,15,5,23,2.796,2.7779842652441706,engineered,SVR_RBF
SR,15,5,34,6.376,6.105409332724891,engineered,SVR_RBF
SR,15,5,36,6.955,6.768592164348482,engineered,SVR_RBF
SR,16,1,9,4.49,3.0879167045895763,rheology_enhanced,GradientBoosting
SR,16,1,10,7.511,3.1404980013456787,rheology_enhanced,GradientBoosting
SR,16,1,19,4.056,4.740269527554025,rheology_enhanced,GradientBoosting
SR,16,1,20,5.379,4.546349511392825,rheology_enhanced,GradientBoosting
SR,16,1,25,3.85,3.3778075061297272,rheology_enhanced,GradientBoosting
SR,16,1,27,4.657,5.141620422070393,rheology_enhanced,GradientBoosting
SR,16,1,32,3.074,7.046000008764283,rheology_enhanced,GradientBoosting
SR,16,1,33,5.633,5.896873177748283,rheology_enhanced,GradientBoosting
SR,16,1,37,7.023,6.844209939308682,rheology_enhanced,GradientBoosting
SR,16,2,0,3.422,5.044252769841268,engineered,RandomForest
SR,16,2,3,6.138,5.354068865079369,engineered,RandomForest
SR,16,2,7,3.697,4.5747490793650805,engineered,RandomForest
SR,16,2,12,4.559,4.802742082010582,engineered,RandomForest
SR,16,2,13,5.156,4.864739018518521,engineered,RandomForest
SR,16,2,23,2.796,4.231090681216929,engineered,RandomForest
SR,16,2,28,5.419,5.36035267724868,engineered,RandomForest
SR,16,2,31,6.838,5.942104920634923,engineered,RandomForest
SR,16,2,38,4.431,4.580020189153437,engineered,RandomForest
SR,16,3,4,6.203,4.958665198412702,rheology_enhanced,RandomForest
SR,16,3,6,3.943,4.428644813492066,rheology_enhanced,RandomForest
SR,16,3,14,4.706,5.423126698412699,rheology_enhanced,RandomForest
SR,16,3,18,3.873,4.524846650793654,rheology_enhanced,RandomForest
SR,16,3,21,6.194,5.093495246031744,rheology_enhanced,RandomForest
SR,16,3,30,6.469,5.830631083333331,rheology_enhanced,RandomForest
SR,16,3,35,6.424,6.452922952380953,rheology_enhanced,RandomForest
SR,16,3,39,3.885,4.7066180873015915,rheology_enhanced,RandomForest
SR,16,3,40,4.816,4.979044837301595,rheology_enhanced,RandomForest
SR,16,4,1,4.538,4.772386074066162,core,XGBoost
SR,16,4,2,5.597,5.417603015899658,core,XGBoost
SR,16,4,11,4.142,4.759790897369385,core,XGBoost
SR,16,4,16,7.447,4.330554962158203,core,XGBoost
SR,16,4,24,3.413,3.3492918014526367,core,XGBoost
SR,16,4,26,4.56,3.6638224124908447,core,XGBoost
SR,16,4,29,6.059,5.233489036560059,core,XGBoost
SR,16,4,36,6.955,4.675936698913574,core,XGBoost
SR,16,5,5,3.589,7.200805036334026,engineered,SVR_RBF
SR,16,5,8,4.767,4.475380116177026,engineered,SVR_RBF
SR,16,5,15,7.238,5.766289906506018,engineered,SVR_RBF
SR,16,5,17,4.586,3.5191409518736734,engineered,SVR_RBF
SR,16,5,22,3.129,2.480761273883753,engineered,SVR_RBF
SR,16,5,34,6.376,6.100613817654386,engineered,SVR_RBF
SR,16,5,41,5.536,4.917829103050586,engineered,SVR_RBF
SR,16,5,42,4.683,5.058994231996863,engineered,SVR_RBF
SR,17,1,1,4.538,4.608966332432774,engineered,SVR_RBF
SR,17,1,4,6.203,6.848993510590579,engineered,SVR_RBF
SR,17,1,5,3.589,8.291565372442106,engineered,SVR_RBF
SR,17,1,9,4.49,6.126104121474473,engineered,SVR_RBF
SR,17,1,11,4.142,4.237401757660568,engineered,SVR_RBF
SR,17,1,13,5.156,4.857900498751969,engineered,SVR_RBF
SR,17,1,16,7.447,7.465894421942309,engineered,SVR_RBF
SR,17,1,18,3.873,4.567245850861857,engineered,SVR_RBF
SR,17,1,24,3.413,3.3744435674986484,engineered,SVR_RBF
SR,17,2,7,3.697,4.635804543545964,engineered,GradientBoosting
SR,17,2,15,7.238,5.303794964109536,engineered,GradientBoosting
SR,17,2,22,3.129,3.694501504789435,engineered,GradientBoosting
SR,17,2,27,4.657,5.760813716143831,engineered,GradientBoosting
SR,17,2,28,5.419,5.9234962779350315,engineered,GradientBoosting
SR,17,2,31,6.838,6.247659514583119,engineered,GradientBoosting
SR,17,2,34,6.376,5.935857406487214,engineered,GradientBoosting
SR,17,2,37,7.023,6.680131900007815,engineered,GradientBoosting
SR,17,2,40,4.816,5.44688401133507,engineered,GradientBoosting
SR,17,3,3,6.138,5.911176256987173,engineered,GradientBoosting
SR,17,3,8,4.767,4.775287313519621,engineered,GradientBoosting
SR,17,3,12,4.559,4.704484340862032,engineered,GradientBoosting
SR,17,3,17,4.586,4.211995160959763,engineered,GradientBoosting
SR,17,3,19,4.056,5.603128024195981,engineered,GradientBoosting
SR,17,3,29,6.059,5.7753321477794675,engineered,GradientBoosting
SR,17,3,36,6.955,6.572699809615399,engineered,GradientBoosting
SR,17,3,38,4.431,4.160242965305592,engineered,GradientBoosting
SR,17,3,41,5.536,4.801446532958909,engineered,GradientBoosting
SR,17,4,0,3.422,4.170993219267883,engineered,SVR_RBF
SR,17,4,2,5.597,5.1786066735519,engineered,SVR_RBF
SR,17,4,6,3.943,3.075815006273836,engineered,SVR_RBF
SR,17,4,10,7.511,4.40142785761623,engineered,SVR_RBF
SR,17,4,20,5.379,5.246768624637359,engineered,SVR_RBF
SR,17,4,26,4.56,4.10327564641619,engineered,SVR_RBF
SR,17,4,30,6.469,6.518564736627221,engineered,SVR_RBF
SR,17,4,33,5.633,5.975894083928,engineered,SVR_RBF
SR,17,5,14,4.706,6.816970855386953,rheology_enhanced,GradientBoosting
SR,17,5,21,6.194,5.18045866953237,rheology_enhanced,GradientBoosting
SR,17,5,23,2.796,3.4700986583862883,rheology_enhanced,GradientBoosting
SR,17,5,25,3.85,4.124116812913149,rheology_enhanced,GradientBoosting
SR,17,5,32,3.074,6.988848782659098,rheology_enhanced,GradientBoosting
SR,17,5,35,6.424,6.75005772094848,rheology_enhanced,GradientBoosting
SR,17,5,39,3.885,4.82090105230358,rheology_enhanced,GradientBoosting
SR,17,5,42,4.683,5.427751789357369,rheology_enhanced,GradientBoosting
SR,18,1,16,7.447,7.449276250496492,rheology_enhanced,SVR_RBF
SR,18,1,24,3.413,3.4792113621942864,rheology_enhanced,SVR_RBF
SR,18,1,26,4.56,4.108894076161825,rheology_enhanced,SVR_RBF
SR,18,1,27,4.657,6.169616815802636,rheology_enhanced,SVR_RBF
SR,18,1,28,5.419,6.396015805985604,rheology_enhanced,SVR_RBF
SR,18,1,33,5.633,5.886277299035669,rheology_enhanced,SVR_RBF
SR,18,1,34,6.376,6.186512520990549,rheology_enhanced,SVR_RBF
SR,18,1,35,6.424,6.475388016786175,rheology_enhanced,SVR_RBF
SR,18,1,36,6.955,6.741342322620943,rheology_enhanced,SVR_RBF
SR,18,2,7,3.697,4.414710066674533,engineered,GradientBoosting
SR,18,2,12,4.559,4.914627414947801,engineered,GradientBoosting
SR,18,2,14,4.706,5.966770015532513,engineered,GradientBoosting
SR,18,2,21,6.194,5.811426575161166,engineered,GradientBoosting
SR,18,2,37,7.023,6.603833063904012,engineered,GradientBoosting
SR,18,2,38,4.431,4.050170931661567,engineered,GradientBoosting
SR,18,2,40,4.816,4.683299976457396,engineered,GradientBoosting
SR,18,2,41,5.536,4.683299976457396,engineered,GradientBoosting
SR,18,2,42,4.683,4.683299976457396,engineered,GradientBoosting
SR,18,3,4,6.203,5.157819747924805,engineered,XGBoost
SR,18,3,6,3.943,4.383514404296875,engineered,XGBoost
SR,18,3,8,4.767,3.821033239364624,engineered,XGBoost
SR,18,3,10,7.511,3.991339683532715,engineered,XGBoost
SR,18,3,11,4.142,3.9245479106903076,engineered,XGBoost
SR,18,3,17,4.586,4.541683197021484,engineered,XGBoost
SR,18,3,18,3.873,4.285384178161621,engineered,XGBoost
SR,18,3,29,6.059,5.913191318511963,engineered,XGBoost
SR,18,3,32,3.074,7.085000038146973,engineered,XGBoost
SR,18,4,1,4.538,4.037122295636795,engineered,SVR_RBF
SR,18,4,2,5.597,4.736505847693866,engineered,SVR_RBF
SR,18,4,5,3.589,7.680942641648033,engineered,SVR_RBF
SR,18,4,9,4.49,6.1992223928308166,engineered,SVR_RBF
SR,18,4,20,5.379,5.205879000732713,engineered,SVR_RBF
SR,18,4,22,3.129,2.2891402516912467,engineered,SVR_RBF
SR,18,4,25,3.85,4.073056743203052,engineered,SVR_RBF
SR,18,4,30,6.469,6.376916467922355,engineered,SVR_RBF
SR,18,5,0,3.422,5.0521969510582005,rheology_enhanced,RandomForest
SR,18,5,3,6.138,5.362117701058203,rheology_enhanced,RandomForest
SR,18,5,13,5.156,4.804320084656083,rheology_enhanced,RandomForest
SR,18,5,15,7.238,5.304925439153441,rheology_enhanced,RandomForest
SR,18,5,19,4.056,4.885186403439155,rheology_enhanced,RandomForest
SR,18,5,23,2.796,4.156971038359789,rheology_enhanced,RandomForest
SR,18,5,31,6.838,5.776353226190475,rheology_enhanced,RandomForest
SR,18,5,39,3.885,4.6737300793650824,rheology_enhanced,RandomForest
SR,19,1,5,3.589,7.078700838780552,engineered,SVR_RBF
SR,19,1,7,3.697,4.238662799806578,engineered,SVR_RBF
SR,19,1,14,4.706,5.843133868603207,engineered,SVR_RBF
SR,19,1,16,7.447,8.051147242822672,engineered,SVR_RBF
SR,19,1,19,4.056,4.9017920811255955,engineered,SVR_RBF
SR,19,1,25,3.85,3.7569227561555283,engineered,SVR_RBF
SR,19,1,26,4.56,4.1642623009619015,engineered,SVR_RBF
SR,19,1,27,4.657,4.809292569191197,engineered,SVR_RBF
SR,19,1,41,5.536,4.656725779293826,engineered,SVR_RBF
SR,19,2,4,6.203,4.83894251387755,engineered,SVR_RBF
SR,19,2,9,4.49,5.615622354169436,engineered,SVR_RBF
SR,19,2,11,4.142,4.207827790683863,engineered,SVR_RBF
SR,19,2,20,5.379,5.213552164193773,engineered,SVR_RBF
SR,19,2,24,3.413,3.35178187703891,engineered,SVR_RBF
SR,19,2,31,6.838,6.477382334620887,engineered,SVR_RBF
SR,19,2,37,7.023,7.000702211155103,engineered,SVR_RBF
SR,19,2,40,4.816,5.1088855110356155,engineered,SVR_RBF
SR,19,2,42,4.683,5.783715616576761,engineered,SVR_RBF
SR,19,3,0,3.422,4.825588249999998,rheology_enhanced,RandomForest
SR,19,3,2,5.597,4.959546734126982,rheology_enhanced,RandomForest
SR,19,3,3,6.138,5.070710464285714,rheology_enhanced,RandomForest
SR,19,3,18,3.873,4.569708956349202,rheology_enhanced,RandomForest
SR,19,3,22,3.129,3.8441538275613265,rheology_enhanced,RandomForest
SR,19,3,28,5.419,5.303568031746024,rheology_enhanced,RandomForest
SR,19,3,30,6.469,5.739672869047612,rheology_enhanced,RandomForest
SR,19,3,32,3.074,6.537157130952379,rheology_enhanced,RandomForest
SR,19,3,38,4.431,4.529159573593073,rheology_enhanced,RandomForest
SR,19,4,12,4.559,5.3194784223653535,core,LinearRegression
SR,19,4,21,6.194,5.299806352689488,core,LinearRegression
SR,19,4,23,2.796,3.9018885550871727,core,LinearRegression
SR,19,4,29,6.059,5.562941381914785,core,LinearRegression
SR,19,4,33,5.633,4.578497302690404,core,LinearRegression
SR,19,4,34,6.376,4.716321875483049,core,LinearRegression
SR,19,4,36,6.955,4.991971021068339,core,LinearRegression
SR,19,4,39,3.885,4.6966498058071835,core,LinearRegression
SR,19,5,1,4.538,5.0065312712205925,engineered,SVR_RBF
SR,19,5,6,3.943,3.023134536532732,engineered,SVR_RBF
SR,19,5,8,4.767,4.310705260362013,engineered,SVR_RBF
SR,19,5,10,7.511,4.452812154423396,engineered,SVR_RBF
SR,19,5,13,5.156,4.615054142192007,engineered,SVR_RBF
SR,19,5,15,7.238,5.450140287997722,engineered,SVR_RBF
SR,19,5,17,4.586,3.253651412309192,engineered,SVR_RBF
SR,19,5,35,6.424,6.634110093088259,engineered,SVR_RBF
SR,20,1,7,3.697,4.810348246031745,rheology_enhanced,RandomForest
SR,20,1,11,4.142,5.144840440476191,rheology_enhanced,RandomForest
SR,20,1,12,4.559,5.227072384920636,rheology_enhanced,RandomForest
SR,20,1,17,4.586,4.3179633531746004,rheology_enhanced,RandomForest
SR,20,1,26,4.56,3.844358555555556,rheology_enhanced,RandomForest
SR,20,1,27,4.657,5.473976246031743,rheology_enhanced,RandomForest
SR,20,1,31,6.838,5.836129936507934,rheology_enhanced,RandomForest
SR,20,1,41,5.536,4.424941384920638,rheology_enhanced,RandomForest
SR,20,1,42,4.683,4.346658051587304,rheology_enhanced,RandomForest
SR,20,2,0,3.422,4.891027520246951,engineered,SVR_RBF
SR,20,2,9,4.49,5.631348088042389,engineered,SVR_RBF
SR,20,2,20,5.379,4.438935320137004,engineered,SVR_RBF
SR,20,2,21,6.194,4.912403096698206,engineered,SVR_RBF
SR,20,2,24,3.413,3.581420121986548,engineered,SVR_RBF
SR,20,2,25,3.85,4.051881188792031,engineered,SVR_RBF
SR,20,2,32,3.074,6.490960905557587,engineered,SVR_RBF
SR,20,2,37,7.023,7.024712601546389,engineered,SVR_RBF
SR,20,2,39,3.885,4.62857688169029,engineered,SVR_RBF
SR,20,3,3,6.138,5.719499883184758,rheology_enhanced,GradientBoosting
SR,20,3,6,3.943,4.451099136752787,rheology_enhanced,GradientBoosting
SR,20,3,8,4.767,4.510412086279526,rheology_enhanced,GradientBoosting
SR,20,3,13,5.156,4.798326007267717,rheology_enhanced,GradientBoosting
SR,20,3,14,4.706,5.709814040828387,rheology_enhanced,GradientBoosting
SR,20,3,28,5.419,5.717854358946451,rheology_enhanced,GradientBoosting
SR,20,3,30,6.469,6.017498533543872,rheology_enhanced,GradientBoosting
SR,20,3,36,6.955,6.499554866547174,rheology_enhanced,GradientBoosting
SR,20,3,38,4.431,4.210604094347765,rheology_enhanced,GradientBoosting
SR,20,4,2,5.597,4.390761875677827,engineered,GradientBoosting
SR,20,4,4,6.203,5.731646827225311,engineered,GradientBoosting
SR,20,4,10,7.511,3.958863849245168,engineered,GradientBoosting
SR,20,4,15,7.238,6.076956211861868,engineered,GradientBoosting
SR,20,4,19,4.056,5.13395937283187,engineered,GradientBoosting
SR,20,4,22,3.129,3.595569028223979,engineered,GradientBoosting
SR,20,4,29,6.059,5.580212287223476,engineered,GradientBoosting
SR,20,4,33,5.633,5.25219822177011,engineered,GradientBoosting
SR,20,5,1,4.538,4.958801792793096,engineered,SVR_RBF
SR,20,5,5,3.589,6.899069241104483,engineered,SVR_RBF
SR,20,5,16,7.447,7.742695368633197,engineered,SVR_RBF
SR,20,5,18,3.873,4.6633288774518675,engineered,SVR_RBF
SR,20,5,23,2.796,3.1451500623176334,engineered,SVR_RBF
SR,20,5,34,6.376,6.123525764492733,engineered,SVR_RBF
SR,20,5,35,6.424,6.514668097717629,engineered,SVR_RBF
SR,20,5,40,4.816,4.550400232297461,engineered,SVR_RBF
Qm,1,1,4,1.834,1.5155709883227702,engineered,SVR_RBF
Qm,1,1,12,1.797,1.7584724365740865,engineered,SVR_RBF
Qm,1,1,15,0.658,0.29120616095531315,engineered,SVR_RBF
Qm,1,1,16,0.874,0.8822560410698057,engineered,SVR_RBF
Qm,1,1,19,3.336,2.298821789714683,engineered,SVR_RBF
Qm,1,1,26,0.522,0.47630658417603866,engineered,SVR_RBF
Qm,1,1,27,0.612,0.6394619918290279,engineered,SVR_RBF
Qm,1,1,37,0.768,0.8153494285501685,engineered,SVR_RBF
Qm,1,2,6,0.507,0.3795872054885905,engineered,SVR_RBF
Qm,1,2,8,1.144,1.4350502265949683,engineered,SVR_RBF
Qm,1,2,9,1.438,2.0247317079858225,engineered,SVR_RBF
Qm,1,2,13,2.403,2.2829676651917152,engineered,SVR_RBF
Qm,1,2,25,0.395,0.3308109512928774,engineered,SVR_RBF
Qm,1,2,31,0.665,0.7100037082342635,engineered,SVR_RBF
Qm,1,2,34,1.076,1.3472193275722573,engineered,SVR_RBF
Qm,1,2,39,1.027,0.9359636716168107,engineered,SVR_RBF
Qm,1,3,0,0.735,0.6049158750432093,engineered,SVR_RBF
Qm,1,3,1,0.851,0.8426080686528568,engineered,SVR_RBF
Qm,1,3,5,0.293,0.20239158421756986,engineered,SVR_RBF
Qm,1,3,11,1.134,1.3098848343223957,engineered,SVR_RBF
Qm,1,3,17,1.363,1.8761186459362427,engineered,SVR_RBF
Qm,1,3,24,1.616,1.5372392119850202,engineered,SVR_RBF
Qm,1,3,29,1.048,0.7987872954874105,engineered,SVR_RBF
Qm,1,3,33,1.084,1.0015881067211958,engineered,SVR_RBF
Qm,1,4,2,1.074,1.1828577499547293,engineered,SVR_RBF
Qm,1,4,3,1.375,1.4873750317987333,engineered,SVR_RBF
Qm,1,4,21,0.942,0.9895847754375234,engineered,SVR_RBF
Qm,1,4,23,1.45,1.4068448451487625,engineered,SVR_RBF
Qm,1,4,30,0.506,0.5609287078465524,engineered,SVR_RBF
Qm,1,4,32,0.871,0.875425880694854,engineered,SVR_RBF
Qm,1,4,35,0.644,0.666921915606381,engineered,SVR_RBF
Qm,1,4,36,0.689,0.7412479789561912,engineered,SVR_RBF
Qm,1,5,7,0.767,0.8440400829201737,engineered,LinearRegression
Qm,1,5,10,0.778,0.396451583188995,engineered,LinearRegression
Qm,1,5,14,2.881,3.1709507999174846,engineered,LinearRegression
Qm,1,5,18,2.547,2.3125105574795466,engineered,LinearRegression
Qm,1,5,20,0.811,0.8355450464219525,engineered,LinearRegression
Qm,1,5,22,1.163,1.2135886051320173,engineered,LinearRegression
Qm,1,5,28,0.769,0.8189443071265432,engineered,LinearRegression
Qm,1,5,38,0.918,0.8741333026517035,engineered,LinearRegression
Qm,2,1,6,0.507,0.48755088947707037,engineered,SVR_RBF
Qm,2,1,7,0.767,0.812308154492067,engineered,SVR_RBF
Qm,2,1,9,1.438,1.5162228719034545,engineered,SVR_RBF
Qm,2,1,13,2.403,2.28459715793052,engineered,SVR_RBF
Qm,2,1,19,3.336,2.1169914109837613,engineered,SVR_RBF
Qm,2,1,24,1.616,1.5343049888981541,engineered,SVR_RBF
Qm,2,1,31,0.665,0.7320490338838711,engineered,SVR_RBF
Qm,2,1,35,0.644,0.6644189538099424,engineered,SVR_RBF
Qm,2,2,5,0.293,-0.06776006934462497,engineered,LinearRegression
Qm,2,2,8,1.144,1.1854403629487322,engineered,LinearRegression
Qm,2,2,10,0.778,0.3566589416487318,engineered,LinearRegression
Qm,2,2,12,1.797,1.7741219643047685,engineered,LinearRegression
Qm,2,2,14,2.881,3.191584986960798,engineered,LinearRegression
Qm,2,2,20,0.811,0.7203312255578886,engineered,LinearRegression
Qm,2,2,32,0.871,0.8314457916202507,engineered,LinearRegression
Qm,2,2,37,0.768,0.8223933066203983,engineered,LinearRegression
Qm,2,3,15,0.658,0.2249325695519243,engineered,SVR_RBF
Qm,2,3,22,1.163,1.2175654881344349,engineered,SVR_RBF
Qm,2,3,26,0.522,0.5561871399322149,engineered,SVR_RBF
Qm,2,3,28,0.769,0.7464187682439356,engineered,SVR_RBF
Qm,2,3,29,1.048,0.8135321992850539,engineered,SVR_RBF
Qm,2,3,33,1.084,1.006094238124869,engineered,SVR_RBF
Qm,2,3,36,0.689,0.7556895529922969,engineered,SVR_RBF
Qm,2,3,39,1.027,0.9204623825039911,engineered,SVR_RBF
Qm,2,4,1,0.851,0.9633303743067414,engineered,LinearRegression
Qm,2,4,3,1.375,1.4641594455824178,engineered,LinearRegression
Qm,2,4,11,1.134,1.243169108314046,engineered,LinearRegression
Qm,2,4,18,2.547,2.302161639584779,engineered,LinearRegression
Qm,2,4,23,1.45,1.3920815718080919,engineered,LinearRegression
Qm,2,4,25,0.395,0.37992166506367675,engineered,LinearRegression
Qm,2,4,34,1.076,1.5480160639580147,engineered,LinearRegression
Qm,2,4,38,0.918,0.9446504189229687,engineered,LinearRegression
Qm,2,5,0,0.735,0.7023586238238754,engineered,SVR_RBF
Qm,2,5,2,1.074,1.114927017330658,engineered,SVR_RBF
Qm,2,5,4,1.834,1.5125030120201175,engineered,SVR_RBF
Qm,2,5,16,0.874,1.3522088572839412,engineered,SVR_RBF
Qm,2,5,17,1.363,2.0152451012621624,engineered,SVR_RBF
Qm,2,5,21,0.942,0.9884558419429303,engineered,SVR_RBF
Qm,2,5,27,0.612,0.6409977038399488,engineered,SVR_RBF
Qm,2,5,30,0.506,0.5320558533002202,engineered,SVR_RBF
Qm,3,1,5,0.293,0.15351756295312224,engineered,SVR_RBF
Qm,3,1,11,1.134,1.295307480785704,engineered,SVR_RBF
Qm,3,1,15,0.658,0.1502393887625375,engineered,SVR_RBF
Qm,3,1,17,1.363,1.7420757808765341,engineered,SVR_RBF
Qm,3,1,19,3.336,2.7921652767718905,engineered,SVR_RBF
Qm,3,1,27,0.612,0.6401156806651809,engineered,SVR_RBF
Qm,3,1,36,0.689,0.7505652853850295,engineered,SVR_RBF
Qm,3,1,38,0.918,0.8944974834686534,engineered,SVR_RBF
Qm,3,2,2,1.074,1.1965467862910275,engineered,LinearRegression
Qm,3,2,8,1.144,1.3413112431920071,engineered,LinearRegression
Qm,3,2,9,1.438,1.7482575359296542,engineered,LinearRegression
Qm,3,2,12,1.797,1.7981447953830498,engineered,LinearRegression
Qm,3,2,16,0.874,1.216572257979343,engineered,LinearRegression
Qm,3,2,18,2.547,2.359322166644386,engineered,LinearRegression
Qm,3,2,26,0.522,0.5353999133225082,engineered,LinearRegression
Qm,3,2,31,0.665,0.5789040779178558,engineered,LinearRegression
Qm,3,3,0,0.735,0.7594283496325619,engineered,SVR_RBF
Qm,3,3,1,0.851,0.9275695283917662,engineered,SVR_RBF
Qm,3,3,4,1.834,1.50534750932116,engineered,SVR_RBF
Qm,3,3,10,0.778,1.0129411153838053,engineered,SVR_RBF
Qm,3,3,14,2.881,2.6005038982960125,engineered,SVR_RBF
Qm,3,3,24,1.616,1.540438720978817,engineered,SVR_RBF
Qm,3,3,29,1.048,0.8405011650234604,engineered,SVR_RBF
Qm,3,3,33,1.084,0.9738303537983979,engineered,SVR_RBF
Qm,3,4,6,0.507,0.5155928504301164,engineered,LinearRegression
Qm,3,4,7,0.767,0.8450051866777839,engineered,LinearRegression
Qm,3,4,13,2.403,2.3746871912376823,engineered,LinearRegression
Qm,3,4,21,0.942,1.0031339598714153,engineered,LinearRegression
Qm,3,4,25,0.395,0.35759749171879474,engineered,LinearRegression
Qm,3,4,28,0.769,0.8334071789616457,engineered,LinearRegression
Qm,3,4,30,0.506,0.18879517881458252,engineered,LinearRegression
Qm,3,4,34,1.076,1.5630591556848819,engineered,LinearRegression
Qm,3,5,3,1.375,1.4678273611206105,engineered,SVR_RBF
Qm,3,5,20,0.811,0.5440560439352804,engineered,SVR_RBF
Qm,3,5,22,1.163,1.3509936032251253,engineered,SVR_RBF
Qm,3,5,23,1.45,1.5372047118370458,engineered,SVR_RBF
Qm,3,5,32,0.871,0.8699862745304865,engineered,SVR_RBF
Qm,3,5,35,0.644,0.6689202615193282,engineered,SVR_RBF
Qm,3,5,37,0.768,0.8037146220239826,engineered,SVR_RBF
Qm,3,5,39,1.027,0.9331587341805438,engineered,SVR_RBF
Qm,4,1,0,0.735,0.5364848379488822,engineered,LinearRegression
Qm,4,1,5,0.293,-0.05415410604466353,engineered,LinearRegression
Qm,4,1,7,0.767,0.8299239355100612,engineered,LinearRegression
Qm,4,1,9,1.438,1.714001977064784,engineered,LinearRegression
Qm,4,1,13,2.403,2.334527917012096,engineered,LinearRegression
Qm,4,1,19,3.336,2.7082393733302332,engineered,LinearRegression
Qm,4,1,20,0.811,0.7026680101999767,engineered,LinearRegression
Qm,4,1,37,0.768,0.821763519691453,engineered,LinearRegression
Qm,4,2,10,0.778,0.4947802983712992,engineered,LinearRegression
Qm,4,2,16,0.874,1.2072948358918691,engineered,LinearRegression
Qm,4,2,18,2.547,2.352424185307831,engineered,LinearRegression
Qm,4,2,24,1.616,1.5551038446566277,engineered,LinearRegression
Qm,4,2,28,0.769,0.8203746067145938,engineered,LinearRegression
Qm,4,2,35,0.644,0.6719942915400945,engineered,LinearRegression
Qm,4,2,36,0.689,0.7407701948050369,engineered,LinearRegression
Qm,4,2,39,1.027,0.9470979045998926,engineered,LinearRegression
Qm,4,3,2,1.074,1.1551586372652929,rheology_enhanced,SVR_RBF
Qm,4,3,6,0.507,0.48250753867637985,rheology_enhanced,SVR_RBF
Qm,4,3,12,1.797,1.8244624263096174,rheology_enhanced,SVR_RBF
Qm,4,3,17,1.363,1.8791401529362808,rheology_enhanced,SVR_RBF
Qm,4,3,26,0.522,0.5531707070771241,rheology_enhanced,SVR_RBF
Qm,4,3,27,0.612,0.6591753711745925,rheology_enhanced,SVR_RBF
Qm,4,3,29,1.048,0.8360508034586376,rheology_enhanced,SVR_RBF
Qm,4,3,33,1.084,0.9815015652881725,rheology_enhanced,SVR_RBF
Qm,4,4,1,0.851,0.9533059439327434,engineered,LinearRegression
Qm,4,4,8,1.144,1.177099617482432,engineered,LinearRegression
Qm,4,4,14,2.881,3.0829159566088777,engineered,LinearRegression
Qm,4,4,22,1.163,1.1912623350871976,engineered,LinearRegression
Qm,4,4,23,1.45,1.3981618206163753,engineered,LinearRegression
Qm,4,4,25,0.395,0.3803412358262528,engineered,LinearRegression
Qm,4,4,34,1.076,1.5615854536763831,engineered,LinearRegression
Qm,4,4,38,0.918,0.9377822429485811,engineered,LinearRegression
Qm,4,5,3,1.375,1.142443612321683,engineered,SVR_RBF
Qm,4,5,4,1.834,1.2475911585451116,engineered,SVR_RBF
Qm,4,5,11,1.134,1.3007349469503542,engineered,SVR_RBF
Qm,4,5,15,0.658,0.23808051072566672,engineered,SVR_RBF
Qm,4,5,21,0.942,1.000887992462131,engineered,SVR_RBF
Qm,4,5,30,0.506,0.6040660416459386,engineered,SVR_RBF
Qm,4,5,31,0.665,0.768212492718304,engineered,SVR_RBF
Qm,4,5,32,0.871,0.9131357447580494,engineered,SVR_RBF
Qm,5,1,3,1.375,1.1418439230097832,engineered,LinearRegression
Qm,5,1,4,1.834,1.2716360395511253,engineered,LinearRegression
Qm,5,1,6,0.507,0.5107415356383307,engineered,LinearRegression
Qm,5,1,9,1.438,1.5472495901367858,engineered,LinearRegression
Qm,5,1,10,0.778,0.37276900137160784,engineered,LinearRegression
Qm,5,1,17,1.363,1.8602775059623051,engineered,LinearRegression
Qm,5,1,38,0.918,0.8139763361713677,engineered,LinearRegression
Qm,5,1,39,1.027,0.870660730400487,engineered,LinearRegression
Qm,5,2,1,0.851,0.878041777613625,engineered,SVR_RBF
Qm,5,2,7,0.767,0.8020498712226557,engineered,SVR_RBF
Qm,5,2,12,1.797,1.1809208131291036,engineered,SVR_RBF
Qm,5,2,13,2.403,1.4277988355880114,engineered,SVR_RBF
Qm,5,2,14,2.881,1.7174592230542918,engineered,SVR_RBF
Qm,5,2,20,0.811,0.5513757295229851,engineered,SVR_RBF
Qm,5,2,26,0.522,0.49706691475726816,engineered,SVR_RBF
Qm,5,2,30,0.506,0.5885687387543556,engineered,SVR_RBF
Qm,5,3,21,0.942,0.9843197886459522,rheology_enhanced,SVR_RBF
Qm,5,3,24,1.616,1.5174065834036623,rheology_enhanced,SVR_RBF
Qm,5,3,28,0.769,0.8344429118920853,rheology_enhanced,SVR_RBF
Qm,5,3,31,0.665,0.674398047245557,rheology_enhanced,SVR_RBF
Qm,5,3,33,1.084,0.9735749838017774,rheology_enhanced,SVR_RBF
Qm,5,3,35,0.644,0.9092983188216188,rheology_enhanced,SVR_RBF
Qm,5,3,36,0.689,0.935424533635504,rheology_enhanced,SVR_RBF
Qm,5,3,37,0.768,0.9545146261883715,rheology_enhanced,SVR_RBF
Qm,5,4,0,0.735,0.5927559017913482,engineered,LinearRegression
Qm,5,4,8,1.144,1.1911135829316228,engineered,LinearRegression
Qm,5,4,15,0.658,0.47233083969359435,engineered,LinearRegression
Qm,5,4,22,1.163,1.1912823241964914,engineered,LinearRegression
Qm,5,4,23,1.45,1.3993884735692268,engineered,LinearRegression
Qm,5,4,25,0.395,0.39581683003564394,engineered,LinearRegression
Qm,5,4,32,0.871,0.9748648806750622,engineered,LinearRegression
Qm,5,4,34,1.076,1.6383055304558687,engineered,LinearRegression
Qm,5,5,2,1.074,1.1490004827774238,engineered,SVR_RBF
Qm,5,5,5,0.293,0.29287668716084503,engineered,SVR_RBF
Qm,5,5,11,1.134,1.3200465107973822,engineered,SVR_RBF
Qm,5,5,16,0.874,1.0491540171522062,engineered,SVR_RBF
Qm,5,5,18,2.547,1.6374158171899753,engineered,SVR_RBF
Qm,5,5,19,3.336,1.7173036670000312,engineered,SVR_RBF
Qm,5,5,27,0.612,0.7028070705461837,engineered,SVR_RBF
Qm,5,5,29,1.048,0.9136436880831263,engineered,SVR_RBF
Qm,6,1,5,0.293,0.2043888042524118,engineered,SVR_RBF
Qm,6,1,10,0.778,0.7703028252675956,engineered,SVR_RBF
Qm,6,1,14,2.881,2.8090286084857317,engineered,SVR_RBF
Qm,6,1,15,0.658,0.2780952425992994,engineered,SVR_RBF
Qm,6,1,21,0.942,0.9976766252191688,engineered,SVR_RBF
Qm,6,1,24,1.616,1.5504284826176655,engineered,SVR_RBF
Qm,6,1,30,0.506,0.5337146863051196,engineered,SVR_RBF
Qm,6,1,38,0.918,0.8954038271473208,engineered,SVR_RBF
Qm,6,2,0,0.735,0.7226751858812803,engineered,SVR_RBF
Qm,6,2,2,1.074,0.8853187319528312,engineered,SVR_RBF
Qm,6,2,3,1.375,0.9655233929927808,engineered,SVR_RBF
Qm,6,2,4,1.834,1.0344475030315858,engineered,SVR_RBF
Qm,6,2,12,1.797,1.8108042900974144,engineered,SVR_RBF
Qm,6,2,19,3.336,2.242086003303422,engineered,SVR_RBF
Qm,6,2,28,0.769,0.755904902297847,engineered,SVR_RBF
Qm,6,2,29,1.048,0.827687454741679,engineered,SVR_RBF
Qm,6,3,1,0.851,0.9563106515670721,engineered,LinearRegression
Qm,6,3,9,1.438,1.6610463460653544,engineered,LinearRegression
Qm,6,3,20,0.811,0.6690800255590825,engineered,LinearRegression
Qm,6,3,22,1.163,1.1668643524465376,engineered,LinearRegression
Qm,6,3,25,0.395,0.466483167423426,engineered,LinearRegression
Qm,6,3,27,0.612,0.7016053475608213,engineered,LinearRegression
Qm,6,3,32,0.871,0.8320446666367434,engineered,LinearRegression
Qm,6,3,35,0.644,0.5945619021905109,engineered,LinearRegression
Qm,6,4,11,1.134,1.243252084309954,engineered,LinearRegression
Qm,6,4,13,2.403,2.392164716491801,engineered,LinearRegression
Qm,6,4,17,1.363,1.8170539003762922,engineered,LinearRegression
Qm,6,4,18,2.547,2.3944660039103534,engineered,LinearRegression
Qm,6,4,26,0.522,0.5441463982759231,engineered,LinearRegression
Qm,6,4,31,0.665,0.5456328307818012,engineered,LinearRegression
Qm,6,4,33,1.084,1.0895856933689523,engineered,LinearRegression
Qm,6,4,37,0.768,0.8193250135987402,engineered,LinearRegression
Qm,6,5,6,0.507,0.519713302331682,engineered,LinearRegression
Qm,6,5,7,0.767,0.8628304253313648,engineered,LinearRegression
Qm,6,5,8,1.144,1.205947548331044,engineered,LinearRegression
Qm,6,5,16,0.874,1.2338262142587457,engineered,LinearRegression
Qm,6,5,23,1.45,1.3841791793759246,engineered,LinearRegression
Qm,6,5,34,1.076,1.5472118286419694,engineered,LinearRegression
Qm,6,5,36,0.689,0.6907968071035218,engineered,LinearRegression
Qm,6,5,39,1.027,1.0686028963001288,engineered,LinearRegression
Qm,7,1,3,1.375,1.4417512107964967,engineered,LinearRegression
Qm,7,1,9,1.438,1.6563603040749104,engineered,LinearRegression
Qm,7,1,23,1.45,1.413663498676316,engineered,LinearRegression
Qm,7,1,24,1.616,1.6363078176229653,engineered,LinearRegression
Qm,7,1,25,0.395,0.5080491926858972,engineered,LinearRegression
Qm,7,1,26,0.522,0.6087238900269671,engineered,LinearRegression
Qm,7,1,36,0.689,0.73374082651012,engineered,LinearRegression
Qm,7,1,37,0.768,0.8306697617066074,engineered,LinearRegression
Qm,7,2,1,0.851,0.9383074586758411,engineered,LinearRegression
Qm,7,2,5,0.293,0.06100863153564773,engineered,LinearRegression
Qm,7,2,11,1.134,1.2776264222651823,engineered,LinearRegression
Qm,7,2,13,2.403,2.3606368364397206,engineered,LinearRegression
Qm,7,2,19,3.336,2.696958080822906,engineered,LinearRegression
Qm,7,2,30,0.506,0.2830162009320494,engineered,LinearRegression
Qm,7,2,32,0.871,0.7764807272530427,engineered,LinearRegression
Qm,7,2,35,0.644,0.6116472897638123,engineered,LinearRegression
Qm,7,3,2,1.074,1.1985017121794876,engineered,LinearRegression
Qm,7,3,8,1.144,1.2151208193021739,engineered,LinearRegression
Qm,7,3,10,0.778,0.41433413801957863,engineered,LinearRegression
Qm,7,3,15,0.658,0.43238860725747097,engineered,LinearRegression
Qm,7,3,18,2.547,2.2635195772614787,engineered,LinearRegression
Qm,7,3,20,0.811,0.7683028172291153,engineered,LinearRegression
Qm,7,3,21,0.942,0.9819587031706747,engineered,LinearRegression
Qm,7,3,38,0.918,0.8982669389052291,engineered,LinearRegression
Qm,7,4,7,0.767,0.84458116865522,engineered,LinearRegression
Qm,7,4,12,1.797,1.842922507329354,engineered,LinearRegression
Qm,7,4,14,2.881,3.0492849743101216,engineered,LinearRegression
Qm,7,4,16,0.874,1.2394317835173154,engineered,LinearRegression
Qm,7,4,22,1.163,1.2061182160394057,engineered,LinearRegression
Qm,7,4,29,1.048,0.7783797972463045,engineered,LinearRegression
Qm,7,4,31,0.665,0.5581938488022995,engineered,LinearRegression
Qm,7,4,33,1.084,1.0768906727247536,engineered,LinearRegression
Qm,7,5,0,0.735,0.7783711354446081,core,SVR_RBF
Qm,7,5,4,1.834,1.2813605680636062,core,SVR_RBF
Qm,7,5,6,0.507,0.5143686645801613,core,SVR_RBF
Qm,7,5,17,1.363,2.0308273651054254,core,SVR_RBF
Qm,7,5,27,0.612,0.6817932778769871,core,SVR_RBF
Qm,7,5,28,0.769,0.8403020751834788,core,SVR_RBF
Qm,7,5,34,1.076,1.156035863518643,core,SVR_RBF
Qm,7,5,39,1.027,0.9421425469721336,core,SVR_RBF
Qm,8,1,0,0.735,0.7181906683817061,engineered,LinearRegression
Qm,8,1,2,1.074,1.1965258561884957,engineered,LinearRegression
Qm,8,1,14,2.881,2.9142705558405027,engineered,LinearRegression
Qm,8,1,16,0.874,1.166069791425331,engineered,LinearRegression
Qm,8,1,19,3.336,2.712371924765195,engineered,LinearRegression
Qm,8,1,21,0.942,1.0221318663135863,engineered,LinearRegression
Qm,8,1,23,1.45,1.3791654116080532,engineered,LinearRegression
Qm,8,1,25,0.395,0.3689958869157197,engineered,LinearRegression
Qm,8,2,10,0.778,1.1093120397907665,engineered,SVR_RBF
Qm,8,2,11,1.134,1.44258203931437,engineered,SVR_RBF
Qm,8,2,13,2.403,2.299700157732424,engineered,SVR_RBF
Qm,8,2,17,1.363,1.8292364286572056,engineered,SVR_RBF
Qm,8,2,22,1.163,1.214325622357046,engineered,SVR_RBF
Qm,8,2,28,0.769,0.7365203675120348,engineered,SVR_RBF
Qm,8,2,29,1.048,0.8286212396568302,engineered,SVR_RBF
Qm,8,2,33,1.084,0.9942419484803444,engineered,SVR_RBF
Qm,8,3,3,1.375,1.4606398404707372,engineered,SVR_RBF
Qm,8,3,7,0.767,0.7772931830509859,engineered,SVR_RBF
Qm,8,3,9,1.438,1.547900571547633,engineered,SVR_RBF
Qm,8,3,20,0.811,0.5124168114412964,engineered,SVR_RBF
Qm,8,3,24,1.616,1.4580646997867643,engineered,SVR_RBF
Qm,8,3,30,0.506,0.5689910017795149,engineered,SVR_RBF
Qm,8,3,35,0.644,0.6489992550508876,engineered,SVR_RBF
Qm,8,3,37,0.768,0.8223424503437751,engineered,SVR_RBF
Qm,8,4,1,0.851,0.9307305278896868,engineered,SVR_RBF
Qm,8,4,4,1.834,1.5141825512955602,engineered,SVR_RBF
Qm,8,4,6,0.507,0.48388901241906424,engineered,SVR_RBF
Qm,8,4,8,1.144,1.1767117160741163,engineered,SVR_RBF
Qm,8,4,15,0.658,0.2533135913466924,engineered,SVR_RBF
Qm,8,4,27,0.612,0.64160258377937,engineered,SVR_RBF
Qm,8,4,31,0.665,0.696078826431269,engineered,SVR_RBF
Qm,8,4,34,1.076,1.326736016129061,engineered,SVR_RBF
Qm,8,5,5,0.293,-0.026137296944555688,engineered,LinearRegression
Qm,8,5,12,1.797,1.7960640214013834,engineered,LinearRegression
Qm,8,5,18,2.547,2.276217562381624,engineered,LinearRegression
Qm,8,5,26,0.522,0.5402296756169618,engineered,LinearRegression
Qm,8,5,32,0.871,0.8322257329174454,engineered,LinearRegression
Qm,8,5,36,0.689,0.7056154821818981,engineered,LinearRegression
Qm,8,5,38,0.918,0.8664273999338354,engineered,LinearRegression
Qm,8,5,39,1.027,0.9468333588097855,engineered,LinearRegression
Qm,9,1,1,0.851,0.8700834756783065,engineered,SVR_RBF
Qm,9,1,8,1.144,1.1945934735719306,engineered,SVR_RBF
Qm,9,1,16,0.874,1.140620627912472,engineered,SVR_RBF
Qm,9,1,25,0.395,0.41163216943111536,engineered,SVR_RBF
Qm,9,1,27,0.612,0.7344951213646337,engineered,SVR_RBF
Qm,9,1,28,0.769,0.8808780340332698,engineered,SVR_RBF
Qm,9,1,31,0.665,0.735553428682442,engineered,SVR_RBF
Qm,9,1,36,0.689,0.7434168656549585,engineered,SVR_RBF
Qm,9,2,12,1.797,1.8036277785137165,engineered,LinearRegression
Qm,9,2,18,2.547,1.818818117020211,engineered,LinearRegression
Qm,9,2,19,3.336,2.2518975468819296,engineered,LinearRegression
Qm,9,2,21,0.942,0.992950017868161,engineered,LinearRegression
Qm,9,2,23,1.45,1.1963643976417944,engineered,LinearRegression
Qm,9,2,24,1.616,1.2980715875285933,engineered,LinearRegression
Qm,9,2,29,1.048,0.8711672357827072,engineered,LinearRegression
Qm,9,2,39,1.027,0.8535205520655504,engineered,LinearRegression
Qm,9,3,0,0.735,0.5533751808815671,engineered,SVR_RBF
Qm,9,3,3,1.375,1.4605020110742135,engineered,SVR_RBF
Qm,9,3,9,1.438,1.5087454380316792,engineered,SVR_RBF
Qm,9,3,10,0.778,0.7671236251444216,engineered,SVR_RBF
Qm,9,3,17,1.363,1.8341089120065144,engineered,SVR_RBF
Qm,9,3,20,0.811,0.5425346626649883,engineered,SVR_RBF
Qm,9,3,37,0.768,0.820947157918156,engineered,SVR_RBF
Qm,9,3,38,0.918,0.9005507741716985,engineered,SVR_RBF
Qm,9,4,2,1.074,1.1958502590028015,engineered,LinearRegression
Qm,9,4,5,0.293,-0.04861148364745649,engineered,LinearRegression
Qm,9,4,7,0.767,0.765043145176314,engineered,LinearRegression
Qm,9,4,13,2.403,2.6483640189255304,engineered,LinearRegression
Qm,9,4,14,2.881,3.3552362534568587,engineered,LinearRegression
Qm,9,4,15,0.658,0.4367499169207747,engineered,LinearRegression
Qm,9,4,26,0.522,0.5447147828616608,engineered,LinearRegression
Qm,9,4,35,0.644,0.6473669453611048,engineered,LinearRegression
Qm,9,5,4,1.834,1.5098906969090726,engineered,SVR_RBF
Qm,9,5,6,0.507,0.4754959360451274,engineered,SVR_RBF
Qm,9,5,11,1.134,1.2818024763798213,engineered,SVR_RBF
Qm,9,5,22,1.163,1.223783706269283,engineered,SVR_RBF
Qm,9,5,30,0.506,0.48978223307735314,engineered,SVR_RBF
Qm,9,5,32,0.871,0.9568984050125263,engineered,SVR_RBF
Qm,9,5,33,1.084,1.2031334501153848,engineered,SVR_RBF
Qm,9,5,34,1.076,1.4410489864112495,engineered,SVR_RBF
Qm,10,1,0,0.735,0.6144697617476217,rheology_enhanced,LinearRegression
Qm,10,1,11,1.134,1.2616607324696985,rheology_enhanced,LinearRegression
Qm,10,1,15,0.658,0.5116395166937575,rheology_enhanced,LinearRegression
Qm,10,1,17,1.363,1.7863279033387658,rheology_enhanced,LinearRegression
Qm,10,1,18,2.547,2.4236720966612664,rheology_enhanced,LinearRegression
Qm,10,1,22,1.163,1.1906890340367426,rheology_enhanced,LinearRegression
Qm,10,1,23,1.45,1.3937561361469535,rheology_enhanced,LinearRegression
Qm,10,1,34,1.076,1.6729976582848745,rheology_enhanced,LinearRegression
Qm,10,2,2,1.074,1.201141712453462,engineered,LinearRegression
Qm,10,2,12,1.797,1.821759781175962,engineered,LinearRegression
Qm,10,2,14,2.881,2.959388561697309,engineered,LinearRegression
Qm,10,2,19,3.336,2.6786491221399187,engineered,LinearRegression
Qm,10,2,29,1.048,0.8149408443658206,engineered,LinearRegression
Qm,10,2,31,0.665,0.6044320438083932,engineered,LinearRegression
Qm,10,2,36,0.689,0.7269866155932483,engineered,LinearRegression
Qm,10,2,39,1.027,0.9538434819206845,engineered,LinearRegression
Qm,10,3,1,0.851,0.8685314631094108,engineered,SVR_RBF
Qm,10,3,7,0.767,0.817458618455914,engineered,SVR_RBF
Qm,10,3,8,1.144,1.2102303551668387,engineered,SVR_RBF
Qm,10,3,13,2.403,2.285208456606778,engineered,SVR_RBF
Qm,10,3,24,1.616,1.5429903712332107,engineered,SVR_RBF
Qm,10,3,25,0.395,0.27987539924134053,engineered,SVR_RBF
Qm,10,3,26,0.522,0.44010054896876716,engineered,SVR_RBF
Qm,10,3,35,0.644,0.6595148263641681,engineered,SVR_RBF
Qm,10,4,3,1.375,1.1380761637523495,engineered,SVR_RBF
Qm,10,4,4,1.834,1.2296752210248527,engineered,SVR_RBF
Qm,10,4,6,0.507,0.48789943223730436,engineered,SVR_RBF
Qm,10,4,10,0.778,0.7783185749266008,engineered,SVR_RBF
Qm,10,4,20,0.811,0.5329209782406019,engineered,SVR_RBF
Qm,10,4,27,0.612,0.7436280143111256,engineered,SVR_RBF
Qm,10,4,28,0.769,0.8898413603668685,engineered,SVR_RBF
Qm,10,4,38,0.918,0.8990877215516315,engineered,SVR_RBF
Qm,10,5,5,0.293,0.22637668700781388,engineered,SVR_RBF
Qm,10,5,9,1.438,1.5373724516707563,engineered,SVR_RBF
Qm,10,5,16,0.874,1.1702451707688806,engineered,SVR_RBF
Qm,10,5,21,0.942,0.9880666580557148,engineered,SVR_RBF
Qm,10,5,30,0.506,0.5291643157692933,engineered,SVR_RBF
Qm,10,5,32,0.871,0.8464390605202194,engineered,SVR_RBF
Qm,10,5,33,1.084,0.9933761493962294,engineered,SVR_RBF
Qm,10,5,37,0.768,0.819418088418448,engineered,SVR_RBF
Qm,11,1,0,0.735,0.4978159472001533,rheology_enhanced,LinearRegression
Qm,11,1,2,1.074,1.139453986800054,rheology_enhanced,LinearRegression
Qm,11,1,8,1.144,1.1101190823929215,rheology_enhanced,LinearRegression
Qm,11,1,18,2.547,1.7039885156491688,rheology_enhanced,LinearRegression
Qm,11,1,19,3.336,2.073482773473739,rheology_enhanced,LinearRegression
Qm,11,1,24,1.616,1.6266403633382573,rheology_enhanced,LinearRegression
Qm,11,1,35,0.644,0.5167199902632613,rheology_enhanced,LinearRegression
Qm,11,1,36,0.689,0.645924437953258,rheology_enhanced,LinearRegression
Qm,11,2,4,1.834,1.494706958733298,engineered,SVR_RBF
Qm,11,2,6,0.507,0.5647277025159324,engineered,SVR_RBF
Qm,11,2,7,0.767,0.903845662512681,engineered,SVR_RBF
Qm,11,2,9,1.438,1.397204413426382,engineered,SVR_RBF
Qm,11,2,12,1.797,1.7268473922518854,engineered,SVR_RBF
Qm,11,2,15,0.658,0.23188736589222414,engineered,SVR_RBF
Qm,11,2,21,0.942,0.9995456294276773,engineered,SVR_RBF
Qm,11,2,37,0.768,0.8180159897601551,engineered,SVR_RBF
Qm,11,3,14,2.881,2.7356679139569686,engineered,SVR_RBF
Qm,11,3,16,0.874,1.334516553672903,engineered,SVR_RBF
Qm,11,3,17,1.363,1.9977881858875088,engineered,SVR_RBF
Qm,11,3,20,0.811,0.6556481538424694,engineered,SVR_RBF
Qm,11,3,25,0.395,0.3278580776909612,engineered,SVR_RBF
Qm,11,3,30,0.506,0.5982355396718383,engineered,SVR_RBF
Qm,11,3,31,0.665,0.7589812430221057,engineered,SVR_RBF
Qm,11,3,33,1.084,1.0259024499758995,engineered,SVR_RBF
Qm,11,4,1,0.851,0.8629147270177566,engineered,SVR_RBF
Qm,11,4,3,1.375,1.4492461023986547,engineered,SVR_RBF
Qm,11,4,10,0.778,0.8344280445473208,engineered,SVR_RBF
Qm,11,4,26,0.522,0.5656205385158585,engineered,SVR_RBF
Qm,11,4,27,0.612,0.6945402975389571,engineered,SVR_RBF
Qm,11,4,29,1.048,0.9303697870121502,engineered,SVR_RBF
Qm,11,4,34,1.076,1.336023270193818,engineered,SVR_RBF
Qm,11,4,38,0.918,0.8953978348367668,engineered,SVR_RBF
Qm,11,5,5,0.293,-0.02665661709024758,engineered,LinearRegression
Qm,11,5,11,1.134,1.2251048321552231,engineered,LinearRegression
Qm,11,5,13,2.403,2.4025917119654014,engineered,LinearRegression
Qm,11,5,22,1.163,1.1935976324443571,engineered,LinearRegression
Qm,11,5,23,1.45,1.4253794330897966,engineered,LinearRegression
Qm,11,5,28,0.769,0.8152376682205136,engineered,LinearRegression
Qm,11,5,32,0.871,0.8318480019004382,engineered,LinearRegression
Qm,11,5,39,1.027,0.9795660801379233,engineered,LinearRegression
Qm,12,1,1,0.851,0.9181012296234163,engineered,SVR_RBF
Qm,12,1,4,1.834,1.4996462990913786,engineered,SVR_RBF
Qm,12,1,7,0.767,0.9246306731302976,engineered,SVR_RBF
Qm,12,1,8,1.144,1.2588123353955474,engineered,SVR_RBF
Qm,12,1,15,0.658,0.18900787189706647,engineered,SVR_RBF
Qm,12,1,27,0.612,0.6408070648208882,engineered,SVR_RBF
Qm,12,1,35,0.644,0.6631875656167807,engineered,SVR_RBF
Qm,12,1,36,0.689,0.7395533874247555,engineered,SVR_RBF
Qm,12,2,0,0.735,0.7022482561973065,engineered,SVR_RBF
Qm,12,2,2,1.074,1.1481792667264847,engineered,SVR_RBF
Qm,12,2,10,0.778,0.7288434631442635,engineered,SVR_RBF
Qm,12,2,17,1.363,1.9518379780444233,engineered,SVR_RBF
Qm,12,2,19,3.336,2.814102748901343,engineered,SVR_RBF
Qm,12,2,21,0.942,0.9973942987729855,engineered,SVR_RBF
Qm,12,2,31,0.665,0.7425892153160113,engineered,SVR_RBF
Qm,12,2,32,0.871,0.9045102651357269,engineered,SVR_RBF
Qm,12,3,13,2.403,2.442689319973069,engineered,LinearRegression
Qm,12,3,14,2.881,3.04745815277398,engineered,LinearRegression
Qm,12,3,16,0.874,1.1929374388375402,engineered,LinearRegression
Qm,12,3,28,0.769,0.8416614602631034,engineered,LinearRegression
Qm,12,3,30,0.506,0.25160805198284475,engineered,LinearRegression
Qm,12,3,33,1.084,1.2926215818620639,engineered,LinearRegression
Qm,12,3,34,1.076,1.6396260918218024,engineered,LinearRegression
Qm,12,3,38,0.918,0.9673803604664988,engineered,LinearRegression
Qm,12,4,3,1.375,1.425786354474944,engineered,LinearRegression
Qm,12,4,6,0.507,0.453432163182109,engineered,LinearRegression
Qm,12,4,11,1.134,1.2471851598510924,engineered,LinearRegression
Qm,12,4,18,2.547,2.2673065000483987,engineered,LinearRegression
Qm,12,4,20,0.811,0.727652542563952,engineered,LinearRegression
Qm,12,4,23,1.45,1.386351288496435,engineered,LinearRegression
Qm,12,4,26,0.522,0.5436938276555594,engineered,LinearRegression
Qm,12,4,39,1.027,1.0023911578664801,engineered,LinearRegression
Qm,12,5,5,0.293,0.36426691206462225,engineered,SVR_RBF
Qm,12,5,9,1.438,1.5648423282784458,engineered,SVR_RBF
Qm,12,5,12,1.797,1.7133997725299543,engineered,SVR_RBF
Qm,12,5,22,1.163,1.220851149922944,engineered,SVR_RBF
Qm,12,5,24,1.616,1.5153723782020552,engineered,SVR_RBF
Qm,12,5,25,0.395,0.41132904848539287,engineered,SVR_RBF
Qm,12,5,29,1.048,0.8493225125884176,engineered,SVR_RBF
Qm,12,5,37,0.768,0.815742745296457,engineered,SVR_RBF
Qm,13,1,14,2.881,2.9494729883847315,engineered,LinearRegression
Qm,13,1,19,3.336,2.7324908043993217,engineered,LinearRegression
Qm,13,1,24,1.616,1.5568825228439218,engineered,LinearRegression
Qm,13,1,27,0.612,0.7068006149950401,engineered,LinearRegression
Qm,13,1,28,0.769,0.86326699374741,engineered,LinearRegression
Qm,13,1,34,1.076,1.4613686237778252,engineered,LinearRegression
Qm,13,1,37,0.768,0.8200757117656741,engineered,LinearRegression
Qm,13,1,39,1.027,1.0307441851661148,engineered,LinearRegression
Qm,13,2,8,1.144,1.2087148627858153,engineered,LinearRegression
Qm,13,2,10,0.778,0.41629031981435505,engineered,LinearRegression
Qm,13,2,12,1.797,1.7101250505573664,engineered,LinearRegression
Qm,13,2,21,0.942,1.011037516334309,engineered,LinearRegression
Qm,13,2,29,1.048,0.7646024737465109,engineered,LinearRegression
Qm,13,2,32,0.871,0.8322758644567441,engineered,LinearRegression
Qm,13,2,35,0.644,0.6265889264977038,engineered,LinearRegression
Qm,13,2,38,0.918,0.8876523527425744,engineered,LinearRegression
Qm,13,3,1,0.851,0.954428166050968,core,SVR_RBF
Qm,13,3,3,1.375,1.2853643188312296,core,SVR_RBF
Qm,13,3,11,1.134,1.3435038944470892,core,SVR_RBF
Qm,13,3,16,0.874,1.3738102330847584,core,SVR_RBF
Qm,13,3,18,2.547,2.525825330370139,core,SVR_RBF
Qm,13,3,22,1.163,1.2816640085674684,core,SVR_RBF
Qm,13,3,25,0.395,0.31792886637063855,core,SVR_RBF
Qm,13,3,30,0.506,0.5285270744172039,core,SVR_RBF
Qm,13,4,4,1.834,1.468658644665579,engineered,LinearRegression
Qm,13,4,6,0.507,0.4931898494231761,engineered,LinearRegression
Qm,13,4,9,1.438,1.6025639801676215,engineered,LinearRegression
Qm,13,4,13,2.403,2.383485113402818,engineered,LinearRegression
Qm,13,4,20,0.811,0.6240441195981725,engineered,LinearRegression
Qm,13,4,26,0.522,0.5418073712702502,engineered,LinearRegression
Qm,13,4,31,0.665,0.5626387492237102,engineered,LinearRegression
Qm,13,4,36,0.689,0.7127815192102103,engineered,LinearRegression
Qm,13,5,0,0.735,0.6656575470154079,engineered,SVR_RBF
Qm,13,5,2,1.074,1.1609423710217568,engineered,SVR_RBF
Qm,13,5,5,0.293,0.08628563095326691,engineered,SVR_RBF
Qm,13,5,7,0.767,0.8503614379671112,engineered,SVR_RBF
Qm,13,5,15,0.658,0.13653070604427575,engineered,SVR_RBF
Qm,13,5,17,1.363,1.7964862776472073,engineered,SVR_RBF
Qm,13,5,23,1.45,1.3919567829710107,engineered,SVR_RBF
Qm,13,5,33,1.084,0.9933053827430031,engineered,SVR_RBF
Qm,14,1,2,1.074,1.228647481553072,engineered,LinearRegression
Qm,14,1,3,1.375,1.51024904269711,engineered,LinearRegression
Qm,14,1,5,0.293,-0.2622731752883316,engineered,LinearRegression
Qm,14,1,6,0.507,0.20005667296374718,engineered,LinearRegression
Qm,14,1,17,1.363,1.858910804177157,engineered,LinearRegression
Qm,14,1,20,0.811,0.5679637346052806,engineered,LinearRegression
Qm,14,1,22,1.163,1.1386229251639206,engineered,LinearRegression
Qm,14,1,38,0.918,0.8848615973798373,engineered,LinearRegression
Qm,14,2,4,1.834,1.5176505263427666,engineered,SVR_RBF
Qm,14,2,9,1.438,1.527444656918303,engineered,SVR_RBF
Qm,14,2,14,2.881,2.6813990322486725,engineered,SVR_RBF
Qm,14,2,18,2.547,2.021014095093283,engineered,SVR_RBF
Qm,14,2,25,0.395,0.2897174112193378,engineered,SVR_RBF
Qm,14,2,28,0.769,0.842309025451805,engineered,SVR_RBF
Qm,14,2,31,0.665,0.7101837938374762,engineered,SVR_RBF
Qm,14,2,36,0.689,0.736301212042016,engineered,SVR_RBF
Qm,14,3,0,0.735,0.5566559319697556,rheology_enhanced,LinearRegression
Qm,14,3,10,0.778,0.4859311306210128,rheology_enhanced,LinearRegression
Qm,14,3,11,1.134,1.110731864858444,rheology_enhanced,LinearRegression
Qm,14,3,16,0.874,1.1996459441180245,rheology_enhanced,LinearRegression
Qm,14,3,19,3.336,2.6532391955869175,rheology_enhanced,LinearRegression
Qm,14,3,32,0.871,0.8327499999999993,rheology_enhanced,LinearRegression
Qm,14,3,35,0.644,0.5719625181731871,rheology_enhanced,LinearRegression
Qm,14,3,37,0.768,0.8014906295433042,rheology_enhanced,LinearRegression
Qm,14,4,1,0.851,0.9457679445761413,engineered,LinearRegression
Qm,14,4,7,0.767,0.8457444853329332,engineered,LinearRegression
Qm,14,4,12,1.797,1.793483736466872,engineered,LinearRegression
Qm,14,4,15,0.658,0.48820118044795224,engineered,LinearRegression
Qm,14,4,21,0.942,0.9822934021778775,engineered,LinearRegression
Qm,14,4,23,1.45,1.419441689289855,engineered,LinearRegression
Qm,14,4,24,1.616,1.6380158328458028,engineered,LinearRegression
Qm,14,4,34,1.076,1.5912446905225743,engineered,LinearRegression
Qm,14,5,8,1.144,1.198823643266781,engineered,SVR_RBF
Qm,14,5,13,2.403,2.2852526488280223,engineered,SVR_RBF
Qm,14,5,26,0.522,0.5714222899639416,engineered,SVR_RBF
Qm,14,5,27,0.612,0.697948172926782,engineered,SVR_RBF
Qm,14,5,29,1.048,0.9043475522182858,engineered,SVR_RBF
Qm,14,5,30,0.506,0.5834224022204452,engineered,SVR_RBF
Qm,14,5,33,1.084,0.9939159675656574,engineered,SVR_RBF
Qm,14,5,39,1.027,0.9303122334862717,engineered,SVR_RBF
Qm,15,1,7,0.767,0.8948591491370671,rheology_enhanced,SVR_RBF
Qm,15,1,8,1.144,1.2274014656510825,rheology_enhanced,SVR_RBF
Qm,15,1,18,2.547,1.5879433120360846,rheology_enhanced,SVR_RBF
Qm,15,1,19,3.336,1.7498781390337945,rheology_enhanced,SVR_RBF
Qm,15,1,29,1.048,0.9018609622210343,rheology_enhanced,SVR_RBF
Qm,15,1,31,0.665,0.7428419715263188,rheology_enhanced,SVR_RBF
Qm,15,1,38,0.918,0.8254010829090423,rheology_enhanced,SVR_RBF
Qm,15,1,39,1.027,0.8648562737515681,rheology_enhanced,SVR_RBF
Qm,15,2,3,1.375,1.4551095347776135,engineered,SVR_RBF
Qm,15,2,5,0.293,0.3423521708326607,engineered,SVR_RBF
Qm,15,2,9,1.438,1.5671426256065826,engineered,SVR_RBF
Qm,15,2,13,2.403,2.284876259717513,engineered,SVR_RBF
Qm,15,2,20,0.811,0.5460070365534716,engineered,SVR_RBF
Qm,15,2,27,0.612,0.7330235157464937,engineered,SVR_RBF
Qm,15,2,28,0.769,0.8789738420014496,engineered,SVR_RBF
Qm,15,2,30,0.506,0.5566521456377819,engineered,SVR_RBF
Qm,15,3,1,0.851,1.0254460339642855,engineered,LinearRegression
Qm,15,3,2,1.074,1.2429046804727923,engineered,LinearRegression
Qm,15,3,6,0.507,0.46008200962382184,engineered,LinearRegression
Qm,15,3,10,0.778,0.46792153778026724,engineered,LinearRegression
Qm,15,3,11,1.134,1.0999084650397146,engineered,LinearRegression
Qm,15,3,16,0.874,1.2341006212636574,engineered,LinearRegression
Qm,15,3,32,0.871,0.8321287633896228,engineered,LinearRegression
Qm,15,3,35,0.644,0.6637748617045409,engineered,LinearRegression
Qm,15,4,4,1.834,1.5135509017396198,rheology_enhanced,SVR_RBF
Qm,15,4,12,1.797,1.8249454471412987,rheology_enhanced,SVR_RBF
Qm,15,4,17,1.363,1.8544778865414862,rheology_enhanced,SVR_RBF
Qm,15,4,24,1.616,1.5218806451625504,rheology_enhanced,SVR_RBF
Qm,15,4,25,0.395,0.2685300489648086,rheology_enhanced,SVR_RBF
Qm,15,4,26,0.522,0.4396745288972903,rheology_enhanced,SVR_RBF
Qm,15,4,33,1.084,0.9785951390657956,rheology_enhanced,SVR_RBF
Qm,15,4,37,0.768,0.8225888249076214,rheology_enhanced,SVR_RBF
Qm,15,5,0,0.735,0.6266370896796901,engineered,SVR_RBF
Qm,15,5,14,2.881,2.7662720386360697,engineered,SVR_RBF
Qm,15,5,15,0.658,0.22835188516795613,engineered,SVR_RBF
Qm,15,5,21,0.942,1.1486262680172579,engineered,SVR_RBF
Qm,15,5,22,1.163,1.4398359407300845,engineered,SVR_RBF
Qm,15,5,23,1.45,1.5960588285805237,engineered,SVR_RBF
Qm,15,5,34,1.076,1.344160765921333,engineered,SVR_RBF
Qm,15,5,36,0.689,0.7446088585382125,engineered,SVR_RBF
Qm,16,1,9,1.438,1.5455788593905089,engineered,SVR_RBF
Qm,16,1,10,0.778,0.8184573678500958,engineered,SVR_RBF
Qm,16,1,20,0.811,0.535797814880059,engineered,SVR_RBF
Qm,16,1,23,1.45,1.4387236306654723,engineered,SVR_RBF
Qm,16,1,25,0.395,0.4263159597266235,engineered,SVR_RBF
Qm,16,1,29,1.048,0.8333109598789021,engineered,SVR_RBF
Qm,16,1,31,0.665,0.7160572989401002,engineered,SVR_RBF
Qm,16,1,36,0.689,0.7396285205072541,engineered,SVR_RBF
Qm,16,2,3,1.375,1.4353460567374203,engineered,LinearRegression
Qm,16,2,7,0.767,0.8435878478074674,engineered,LinearRegression
Qm,16,2,13,2.403,2.3339915492888474,engineered,LinearRegression
Qm,16,2,19,3.336,2.6923544514933804,engineered,LinearRegression
Qm,16,2,21,0.942,1.0259093242538626,engineered,LinearRegression
Qm,16,2,28,0.769,0.8316980777237248,engineered,LinearRegression
Qm,16,2,30,0.506,0.2771749125567624,engineered,LinearRegression
Qm,16,2,35,0.644,0.5986593201654202,engineered,LinearRegression
Qm,16,3,0,0.735,0.6986508231641853,rheology_enhanced,SVR_RBF
Qm,16,3,4,1.834,1.5153884833005713,rheology_enhanced,SVR_RBF
Qm,16,3,6,0.507,0.48885301533168835,rheology_enhanced,SVR_RBF
Qm,16,3,12,1.797,1.5645640655579698,rheology_enhanced,SVR_RBF
Qm,16,3,14,2.881,2.3254909553747565,rheology_enhanced,SVR_RBF
Qm,16,3,18,2.547,1.9778573976963096,rheology_enhanced,SVR_RBF
Qm,16,3,32,0.871,0.8717929904344484,rheology_enhanced,SVR_RBF
Qm,16,3,37,0.768,0.8227192704934334,rheology_enhanced,SVR_RBF
Qm,16,4,1,0.851,1.0141551691544335,engineered,LinearRegression
Qm,16,4,2,1.074,1.238925804020074,engineered,LinearRegression
Qm,16,4,11,1.134,1.254569130653197,engineered,LinearRegression
Qm,16,4,16,0.874,1.2701424020622805,engineered,LinearRegression
Qm,16,4,24,1.616,1.626295176229496,engineered,LinearRegression
Qm,16,4,26,0.522,0.565961976536107,engineered,LinearRegression
Qm,16,4,27,0.612,0.6945454122183163,engineered,LinearRegression
Qm,16,4,33,1.084,1.103743376201953,engineered,LinearRegression
Qm,16,5,5,0.293,0.03829484400164329,engineered,LinearRegression
Qm,16,5,8,1.144,1.1566323576734652,engineered,LinearRegression
Qm,16,5,15,0.658,0.6028361709017522,engineered,LinearRegression
Qm,16,5,17,1.363,1.848018668891322,engineered,LinearRegression
Qm,16,5,22,1.163,1.201021937690384,engineered,LinearRegression
Qm,16,5,34,1.076,1.5709415132222668,engineered,LinearRegression
Qm,16,5,38,0.918,0.963758891388891,engineered,LinearRegression
Qm,16,5,39,1.027,1.0962208938963611,engineered,LinearRegression
Qm,17,1,1,0.851,0.93443229217855,engineered,LinearRegression
Qm,17,1,4,1.834,1.48952861588187,engineered,LinearRegression
Qm,17,1,9,1.438,1.5477711138973902,engineered,LinearRegression
Qm,17,1,11,1.134,1.2541327867906418,engineered,LinearRegression
Qm,17,1,15,0.658,0.7434392569970534,engineered,LinearRegression
Qm,17,1,16,0.874,1.3019196913236106,engineered,LinearRegression
Qm,17,1,27,0.612,0.6838410084011741,engineered,LinearRegression
Qm,17,1,31,0.665,0.5741584301999829,engineered,LinearRegression
Qm,17,2,7,0.767,0.841968298632765,engineered,LinearRegression
Qm,17,2,13,2.403,2.335768920453863,engineered,LinearRegression
Qm,17,2,19,3.336,2.751942734660152,engineered,LinearRegression
Qm,17,2,22,1.163,1.1979270636540178,engineered,LinearRegression
Qm,17,2,24,1.616,1.5788794623634252,engineered,LinearRegression
Qm,17,2,33,1.084,1.2593758521358793,engineered,LinearRegression
Qm,17,2,34,1.076,1.5479775599406789,engineered,LinearRegression
Qm,17,2,38,0.918,0.9323450103326081,engineered,LinearRegression
Qm,17,3,3,1.375,1.4263289948043456,engineered,LinearRegression
Qm,17,3,8,1.144,1.2087802348189316,engineered,LinearRegression
Qm,17,3,12,1.797,1.7988592185698986,engineered,LinearRegression
Qm,17,3,17,1.363,1.8173796985848718,engineered,LinearRegression
Qm,17,3,18,2.547,2.4003925428985795,engineered,LinearRegression
Qm,17,3,29,1.048,0.7620551950573111,engineered,LinearRegression
Qm,17,3,37,0.768,0.8147366306391464,engineered,LinearRegression
Qm,17,3,39,1.027,1.0076147538746414,engineered,LinearRegression
Qm,17,4,0,0.735,0.5435535665874326,engineered,LinearRegression
Qm,17,4,2,1.074,1.1488261074193356,engineered,LinearRegression
Qm,17,4,5,0.293,-0.24809801664037656,engineered,LinearRegression
Qm,17,4,6,0.507,0.2081697404038485,engineered,LinearRegression
Qm,17,4,10,0.778,0.45416409714377814,engineered,LinearRegression
Qm,17,4,20,0.811,0.647121933165643,engineered,LinearRegression
Qm,17,4,28,0.769,0.8281944788074329,engineered,LinearRegression
Qm,17,4,30,0.506,0.24574132665136283,engineered,LinearRegression
Qm,17,5,14,2.881,2.7518338540599174,engineered,SVR_RBF
Qm,17,5,21,0.942,0.993540941905252,engineered,SVR_RBF
Qm,17,5,23,1.45,1.4025564313368728,engineered,SVR_RBF
Qm,17,5,25,0.395,0.25561975834165096,engineered,SVR_RBF
Qm,17,5,26,0.522,0.4294344018943269,engineered,SVR_RBF
Qm,17,5,32,0.871,0.8751579080530979,engineered,SVR_RBF
Qm,17,5,35,0.644,0.6828968216608535,engineered,SVR_RBF
Qm,17,5,36,0.689,0.7479661564576996,engineered,SVR_RBF
Qm,18,1,7,0.767,0.8025216073893716,engineered,SVR_RBF
Qm,18,1,12,1.797,1.7659107343542964,engineered,SVR_RBF
Qm,18,1,21,0.942,0.9883487817354477,engineered,SVR_RBF
Qm,18,1,26,0.522,0.5549192077735194,engineered,SVR_RBF
Qm,18,1,28,0.769,0.757168011393825,engineered,SVR_RBF
Qm,18,1,29,1.048,0.8365041047256149,engineered,SVR_RBF
Qm,18,1,33,1.084,0.9910937374870629,engineered,SVR_RBF
Qm,18,1,35,0.644,0.6582515316942306,engineered,SVR_RBF
Qm,18,2,8,1.144,1.2047290950138523,engineered,SVR_RBF
Qm,18,2,10,0.778,1.0832493460387793,engineered,SVR_RBF
Qm,18,2,14,2.881,2.5892075414229776,engineered,SVR_RBF
Qm,18,2,27,0.612,0.6486622038743912,engineered,SVR_RBF
Qm,18,2,30,0.506,0.5358762817507956,engineered,SVR_RBF
Qm,18,2,32,0.871,0.9149983495695482,engineered,SVR_RBF
Qm,18,2,34,1.076,1.3534214675261285,engineered,SVR_RBF
Qm,18,2,37,0.768,0.8167991898312026,engineered,SVR_RBF
Qm,18,3,1,0.851,0.9276346988973586,engineered,SVR_RBF
Qm,18,3,4,1.834,1.509789322672234,engineered,SVR_RBF
Qm,18,3,6,0.507,0.48103004486276757,engineered,SVR_RBF
Qm,18,3,11,1.134,1.3030944884611904,engineered,SVR_RBF
Qm,18,3,17,1.363,1.9965284860033223,engineered,SVR_RBF
Qm,18,3,18,2.547,2.720375668474418,engineered,SVR_RBF
Qm,18,3,22,1.163,1.2129355312278458,engineered,SVR_RBF
Qm,18,3,24,1.616,1.5369990136291858,engineered,SVR_RBF
Qm,18,4,2,1.074,1.1458004404570934,engineered,SVR_RBF
Qm,18,4,5,0.293,0.29271690730665734,engineered,SVR_RBF
Qm,18,4,9,1.438,1.566454256012309,engineered,SVR_RBF
Qm,18,4,16,0.874,1.0800672183728774,engineered,SVR_RBF
Qm,18,4,20,0.811,0.5549367807749317,engineered,SVR_RBF
Qm,18,4,25,0.395,0.33510582250345633,engineered,SVR_RBF
Qm,18,4,38,0.918,0.8059782134301197,engineered,SVR_RBF
Qm,18,4,39,1.027,0.8343594834400914,engineered,SVR_RBF
Qm,18,5,0,0.735,0.5886022601448044,engineered,SVR_RBF
Qm,18,5,3,1.375,1.4534107199582764,engineered,SVR_RBF
Qm,18,5,13,2.403,2.3027851827698687,engineered,SVR_RBF
Qm,18,5,15,0.658,0.37753042211795074,engineered,SVR_RBF
Qm,18,5,19,3.336,2.271089801389131,engineered,SVR_RBF
Qm,18,5,23,1.45,1.4080145087651244,engineered,SVR_RBF
Qm,18,5,31,0.665,0.7427441985394151,engineered,SVR_RBF
Qm,18,5,36,0.689,0.744242137217201,engineered,SVR_RBF
Qm,19,1,7,0.767,0.8425222631297076,engineered,LinearRegression
Qm,19,1,14,2.881,2.9049287971167446,engineered,LinearRegression
Qm,19,1,16,0.874,1.1579254910747907,engineered,LinearRegression
Qm,19,1,19,3.336,2.741218059616964,engineered,LinearRegression
Qm,19,1,25,0.395,0.7120010818471525,engineered,LinearRegression
Qm,19,1,26,0.522,0.7678420382477182,engineered,LinearRegression
Qm,19,1,27,0.612,0.8236829946482911,engineered,LinearRegression
Qm,19,1,38,0.918,0.8791319778396578,engineered,LinearRegression
Qm,19,2,5,0.293,-0.16232245038515813,engineered,LinearRegression
Qm,19,2,9,1.438,1.784790893682774,engineered,LinearRegression
Qm,19,2,11,1.134,1.2428833858990016,engineered,LinearRegression
Qm,19,2,20,0.811,0.5045819421294793,engineered,LinearRegression
Qm,19,2,24,1.616,1.8553939292309058,engineered,LinearRegression
Qm,19,2,33,1.084,1.070462959441337,engineered,LinearRegression
Qm,19,2,37,0.768,0.812435889542992,engineered,LinearRegression
Qm,19,2,39,1.027,0.9980064609037802,engineered,LinearRegression
Qm,19,3,0,0.735,0.7843594126094793,rheology_enhanced,SVR_RBF
Qm,19,3,3,1.375,1.1436144145784355,rheology_enhanced,SVR_RBF
Qm,19,3,4,1.834,1.251822130286716,rheology_enhanced,SVR_RBF
Qm,19,3,18,2.547,1.9788804187177196,rheology_enhanced,SVR_RBF
Qm,19,3,28,0.769,0.8336910418076604,rheology_enhanced,SVR_RBF
Qm,19,3,31,0.665,0.7183154487350194,rheology_enhanced,SVR_RBF
Qm,19,3,32,0.871,0.8795159824113715,rheology_enhanced,SVR_RBF
Qm,19,3,35,0.644,0.6436102560779422,rheology_enhanced,SVR_RBF
Qm,19,4,2,1.074,1.1986638221144226,engineered,LinearRegression
Qm,19,4,12,1.797,1.7940217848469366,engineered,LinearRegression
Qm,19,4,21,0.942,1.0179308248995973,engineered,LinearRegression
Qm,19,4,22,1.163,1.2232359675949347,engineered,LinearRegression
Qm,19,4,29,1.048,0.8277585309906961,engineered,LinearRegression
Qm,19,4,30,0.506,0.20009439509017213,engineered,LinearRegression
Qm,19,4,34,1.076,1.5511963223723217,engineered,LinearRegression
Qm,19,4,36,0.689,0.639687357238973,engineered,LinearRegression
Qm,19,5,1,0.851,0.9724943522298584,engineered,LinearRegression
Qm,19,5,6,0.507,0.4665518125652608,engineered,LinearRegression
Qm,19,5,8,1.144,1.2028792754944182,engineered,LinearRegression
Qm,19,5,10,0.778,0.43958567486939915,engineered,LinearRegression
Qm,19,5,13,2.403,2.3671936282758,engineered,LinearRegression
Qm,19,5,15,0.658,0.6278015362501184,engineered,LinearRegression
Qm,19,5,17,1.363,1.8439459261176099,engineered,LinearRegression
Qm,19,5,23,1.45,1.388266212035536,engineered,LinearRegression
Qm,20,1,0,0.735,0.6202989520492197,engineered,SVR_RBF
Qm,20,1,7,0.767,0.8076831284190308,engineered,SVR_RBF
Qm,20,1,12,1.797,1.7648881088012742,engineered,SVR_RBF
Qm,20,1,20,0.811,0.5400909318848811,engineered,SVR_RBF
Qm,20,1,26,0.522,0.47785324314458766,engineered,SVR_RBF
Qm,20,1,27,0.612,0.640622478694605,engineered,SVR_RBF
Qm,20,1,30,0.506,0.5651892976458779,engineered,SVR_RBF
Qm,20,1,32,0.871,0.8665109295757829,engineered,SVR_RBF
Qm,20,2,3,1.375,1.4283731917677678,rheology_enhanced,SVR_RBF
Qm,20,2,9,1.438,1.5393080993496018,rheology_enhanced,SVR_RBF
Qm,20,2,11,1.134,1.3202470271150204,rheology_enhanced,SVR_RBF
Qm,20,2,17,1.363,1.8755773825328514,rheology_enhanced,SVR_RBF
Qm,20,2,21,0.942,0.981369281238174,rheology_enhanced,SVR_RBF
Qm,20,2,31,0.665,0.7238361516785929,rheology_enhanced,SVR_RBF
Qm,20,2,38,0.918,0.8223364598782903,rheology_enhanced,SVR_RBF
Qm,20,2,39,1.027,0.8594663334398984,rheology_enhanced,SVR_RBF
Qm,20,3,6,0.507,0.4696275134752519,engineered,LinearRegression
Qm,20,3,8,1.144,1.1962384656957614,engineered,LinearRegression
Qm,20,3,13,2.403,2.532616445706421,engineered,LinearRegression
Qm,20,3,14,2.881,3.180123129187174,engineered,LinearRegression
Qm,20,3,24,1.616,1.6022360626044165,engineered,LinearRegression
Qm,20,3,28,0.769,0.5187616787896989,engineered,LinearRegression
Qm,20,3,29,1.048,0.523350325336627,engineered,LinearRegression
Qm,20,3,33,1.084,1.0959968708974064,engineered,LinearRegression
Qm,20,4,2,1.074,1.1036525217272712,engineered,LinearRegression
Qm,20,4,4,1.834,1.455936446482564,engineered,LinearRegression
Qm,20,4,10,0.778,0.5186933805719602,engineered,LinearRegression
Qm,20,4,15,0.658,0.4907304775404542,engineered,LinearRegression
Qm,20,4,19,3.336,2.6905307476809135,engineered,LinearRegression
Qm,20,4,22,1.163,1.2040984277257463,engineered,LinearRegression
Qm,20,4,25,0.395,0.37929069021425454,engineered,LinearRegression
Qm,20,4,36,0.689,0.7508061412293416,engineered,LinearRegression
Qm,20,5,1,0.851,0.9312006536065043,engineered,LinearRegression
Qm,20,5,5,0.293,0.06227761778835972,engineered,LinearRegression
Qm,20,5,16,0.874,1.1993353543113396,engineered,LinearRegression
Qm,20,5,18,2.547,2.3820207096452384,engineered,LinearRegression
Qm,20,5,23,1.45,1.4023172808434043,engineered,LinearRegression
Qm,20,5,34,1.076,1.5165541924091197,engineered,LinearRegression
Qm,20,5,35,0.644,0.5640230771978885,engineered,LinearRegression
Qm,20,5,37,0.768,0.7993932137252198,engineered,LinearRegression
AF,1,1,0,2.29017,1.8193501540740726,angle_engineered,RandomForest
AF,1,1,4,1.75407,1.84415736951058,angle_engineered,RandomForest
AF,1,1,10,1.17573,1.2005081373280415,angle_engineered,RandomForest
AF,1,1,12,2.04975,1.8677140858201051,angle_engineered,RandomForest
AF,1,1,18,1.42223,1.4002530618518523,angle_engineered,RandomForest
AF,1,1,22,1.16534,1.189361547989418,angle_engineered,RandomForest
AF,1,1,26,2.14773,2.1641765337698384,angle_engineered,RandomForest
AF,1,1,30,1.52016,1.3805211493650789,angle_engineered,RandomForest
AF,1,1,31,1.21458,1.1314266436111107,angle_engineered,RandomForest
AF,1,1,33,1.00068,1.1729354230158717,angle_engineered,RandomForest
AF,1,1,42,1.23805,1.197461120476189,angle_engineered,RandomForest
AF,1,1,53,1.22687,1.201980547222223,angle_engineered,RandomForest
AF,1,1,64,1.4624,1.5368503959391546,angle_engineered,RandomForest
AF,1,1,69,1.27114,1.1996041244179887,angle_engineered,RandomForest
AF,1,1,73,1.41795,1.343639050079365,angle_engineered,RandomForest
AF,1,1,77,1.17845,1.156874397671956,angle_engineered,RandomForest
AF,1,1,79,1.19772,1.1495584871031737,angle_engineered,RandomForest
AF,1,1,80,1.16671,1.1499385182142852,angle_engineered,RandomForest
AF,1,1,85,1.70334,1.7603386060317454,angle_engineered,RandomForest
AF,1,1,94,1.35987,1.2136546156746044,angle_engineered,RandomForest
AF,1,2,5,1.28243,1.4428075859934844,angle_engineered,LinearRegression
AF,1,2,9,1.17187,1.0217876256664593,angle_engineered,LinearRegression
AF,1,2,11,1.28156,0.8882283968505506,angle_engineered,LinearRegression
AF,1,2,15,1.4926,1.5542269065174958,angle_engineered,LinearRegression
AF,1,2,16,1.39505,1.5235944395049188,angle_engineered,LinearRegression
AF,1,2,28,1.38725,1.5812496500822737,angle_engineered,LinearRegression
AF,1,2,35,1.18045,1.056878610188488,angle_engineered,LinearRegression
AF,1,2,39,1.45212,1.6002471578424813,angle_engineered,LinearRegression
AF,1,2,40,1.42363,1.5931754857608926,angle_engineered,LinearRegression
AF,1,2,44,1.20002,1.2498411466797374,angle_engineered,LinearRegression
AF,1,2,45,1.15453,1.2376692611305267,angle_engineered,LinearRegression
AF,1,2,47,1.95358,1.645920712402553,angle_engineered,LinearRegression
AF,1,2,49,1.92546,1.6924893279451185,angle_engineered,LinearRegression
AF,1,2,55,1.18237,1.208846394341006,angle_engineered,LinearRegression
AF,1,2,67,1.21931,1.0855901570821196,angle_engineered,LinearRegression
AF,1,2,68,1.22121,1.185349201085549,angle_engineered,LinearRegression
AF,1,2,70,2.36855,1.7334855242042821,angle_engineered,LinearRegression
AF,1,2,72,1.7423,1.7647555619021278,angle_engineered,LinearRegression
AF,1,2,88,1.62833,1.4653100437988091,angle_engineered,LinearRegression
AF,1,3,3,1.29597,1.3824747246164009,angle_engineered,RandomForest
AF,1,3,6,1.30412,1.3966130665211636,angle_engineered,RandomForest
AF,1,3,7,1.38795,1.4051015994576717,angle_engineered,RandomForest
AF,1,3,8,1.05256,1.1582649440873014,angle_engineered,RandomForest
AF,1,3,13,1.87831,1.9959121989682547,angle_engineered,RandomForest
AF,1,3,17,1.44103,1.3966984936904756,angle_engineered,RandomForest
AF,1,3,19,1.2125,1.1900728310582012,angle_engineered,RandomForest
AF,1,3,24,1.80422,2.0911560089682553,angle_engineered,RandomForest
AF,1,3,25,2.44505,2.0928470603968274,angle_engineered,RandomForest
AF,1,3,27,1.55854,1.3966430641005276,angle_engineered,RandomForest
AF,1,3,34,1.15143,1.1623062164021154,angle_engineered,RandomForest
AF,1,3,36,1.97211,1.999966154444445,angle_engineered,RandomForest
AF,1,3,38,1.94988,1.8710580036507949,angle_engineered,RandomForest
AF,1,3,62,1.53985,1.5084839945899475,angle_engineered,RandomForest
AF,1,3,75,1.32876,1.4974351073280427,angle_engineered,RandomForest
AF,1,3,78,1.14397,1.1800997134391524,angle_engineered,RandomForest
AF,1,3,84,1.78987,1.7315275804761916,angle_engineered,RandomForest
AF,1,3,89,1.49292,1.5403498989947095,angle_engineered,RandomForest
AF,1,3,91,1.20107,1.2306040610714277,angle_engineered,RandomForest
AF,1,4,32,1.18475,1.145237814960317,angle_rheology_enhanced,RandomForest
AF,1,4,41,1.35048,1.4068339723015888,angle_rheology_enhanced,RandomForest
AF,1,4,43,1.18126,1.1849317939550257,angle_rheology_enhanced,RandomForest
AF,1,4,46,1.60113,1.8834782854497367,angle_rheology_enhanced,RandomForest
AF,1,4,48,1.82522,1.8857186460052924,angle_rheology_enhanced,RandomForest
AF,1,4,50,1.36288,1.3851489357142879,angle_rheology_enhanced,RandomForest
AF,1,4,54,1.18756,1.2031504201322751,angle_rheology_enhanced,RandomForest
AF,1,4,56,1.19584,1.2072547326322753,angle_rheology_enhanced,RandomForest
AF,1,4,57,1.80075,2.194265545820105,angle_rheology_enhanced,RandomForest
AF,1,4,58,1.93806,2.2118131099867724,angle_rheology_enhanced,RandomForest
AF,1,4,59,2.0106,2.210748537843915,angle_rheology_enhanced,RandomForest
AF,1,4,61,1.5134,1.50963539781746,angle_rheology_enhanced,RandomForest
AF,1,4,65,1.62994,1.4907836379761907,angle_rheology_enhanced,RandomForest
AF,1,4,66,1.09488,1.1732933590873005,angle_rheology_enhanced,RandomForest
AF,1,4,76,1.46489,1.3942050128174601,angle_rheology_enhanced,RandomForest
AF,1,4,83,1.81434,1.695845229246032,angle_rheology_enhanced,RandomForest
AF,1,4,90,1.54228,1.510797615515872,angle_rheology_enhanced,RandomForest
AF,1,4,93,1.30275,1.2436824327380958,angle_rheology_enhanced,RandomForest
AF,1,4,95,1.16353,1.2644666901587298,angle_rheology_enhanced,RandomForest
AF,1,5,1,1.7596,2.001789739616403,angle_engineered,RandomForest
AF,1,5,2,1.80526,1.9550028435052926,angle_engineered,RandomForest
AF,1,5,14,1.74885,1.8942296470370377,angle_engineered,RandomForest
AF,1,5,20,1.19111,1.2151972506265032,angle_engineered,RandomForest
AF,1,5,21,1.16533,1.2083154467772974,angle_engineered,RandomForest
AF,1,5,23,1.20579,1.1871445339682545,angle_engineered,RandomForest
AF,1,5,29,1.36564,1.443595728201058,angle_engineered,RandomForest
AF,1,5,37,2.18925,1.936420720952381,angle_engineered,RandomForest
AF,1,5,51,1.34172,1.4075419181746023,angle_engineered,RandomForest
AF,1,5,52,1.42105,1.4412490353571423,angle_engineered,RandomForest
AF,1,5,60,2.31133,1.9867542854761897,angle_engineered,RandomForest
AF,1,5,63,1.49433,1.512483950674604,angle_engineered,RandomForest
AF,1,5,71,1.56292,2.0969830791269826,angle_engineered,RandomForest
AF,1,5,74,1.31523,1.4109056765873027,angle_engineered,RandomForest
AF,1,5,81,1.11558,1.2123586238492055,angle_engineered,RandomForest
AF,1,5,82,1.50363,1.798694378809523,angle_engineered,RandomForest
AF,1,5,86,1.27302,1.4974530777777786,angle_engineered,RandomForest
AF,1,5,87,1.4647,1.520735316230159,angle_engineered,RandomForest
AF,1,5,92,1.21688,1.2315685456878311,angle_engineered,RandomForest
AF,2,1,0,2.29017,1.927566163293651,angle_engineered,RandomForest
AF,2,1,1,1.7596,1.9146163256746032,angle_engineered,RandomForest
AF,2,1,2,1.80526,1.9135932849999995,angle_engineered,RandomForest
AF,2,1,5,1.28243,1.3448196433862447,angle_engineered,RandomForest
AF,2,1,9,1.17187,1.1264117601851842,angle_engineered,RandomForest
AF,2,1,11,1.28156,1.1809255041269837,angle_engineered,RandomForest
AF,2,1,13,1.87831,1.946456608187831,angle_engineered,RandomForest
AF,2,1,15,1.4926,1.3888233848677238,angle_engineered,RandomForest
AF,2,1,20,1.19111,1.1977871418783064,angle_engineered,RandomForest
AF,2,1,22,1.16534,1.1962899160846563,angle_engineered,RandomForest
AF,2,1,38,1.94988,1.8959460661243388,angle_engineered,RandomForest
AF,2,1,55,1.18237,1.2029757949735462,angle_engineered,RandomForest
AF,2,1,56,1.19584,1.229143199880952,angle_engineered,RandomForest
AF,2,1,57,1.80075,2.0487778350396844,angle_engineered,RandomForest
AF,2,1,62,1.53985,1.5120895793253981,angle_engineered,RandomForest
AF,2,1,67,1.21931,1.1479841733201053,angle_engineered,RandomForest
AF,2,1,76,1.46489,1.4239820738095246,angle_engineered,RandomForest
AF,2,1,82,1.50363,1.8155803260245313,angle_engineered,RandomForest
AF,2,1,84,1.78987,1.8113212237097165,angle_engineered,RandomForest
AF,2,1,85,1.70334,1.8121157070430498,angle_engineered,RandomForest
AF,2,2,8,1.05256,1.178404832261905,angle_engineered,RandomForest
AF,2,2,12,2.04975,1.8699690278439163,angle_engineered,RandomForest
AF,2,2,14,1.74885,1.8714861551455029,angle_engineered,RandomForest
AF,2,2,19,1.2125,1.194561038452382,angle_engineered,RandomForest
AF,2,2,24,1.80422,2.2485810196825384,angle_engineered,RandomForest
AF,2,2,33,1.00068,1.1830205955555553,angle_engineered,RandomForest
AF,2,2,37,2.18925,1.896339465661376,angle_engineered,RandomForest
AF,2,2,39,1.45212,1.365839473769842,angle_engineered,RandomForest
AF,2,2,44,1.20002,1.1893621663095237,angle_engineered,RandomForest
AF,2,2,45,1.15453,1.2042631690079366,angle_engineered,RandomForest
AF,2,2,46,1.60113,1.8988202716402123,angle_engineered,RandomForest
AF,2,2,54,1.18756,1.1963132387830684,angle_engineered,RandomForest
AF,2,2,78,1.14397,1.186132901984127,angle_engineered,RandomForest
AF,2,2,80,1.16671,1.1669772715079367,angle_engineered,RandomForest
AF,2,2,88,1.62833,1.4085178136904766,angle_engineered,RandomForest
AF,2,2,89,1.49292,1.4115624357539682,angle_engineered,RandomForest
AF,2,2,90,1.54228,1.4093775325000004,angle_engineered,RandomForest
AF,2,2,91,1.20107,1.221121329708995,angle_engineered,RandomForest
AF,2,2,93,1.30275,1.2134696388756614,angle_engineered,RandomForest
AF,2,3,6,1.30412,1.3660346269607544,angle_rheology_enhanced,XGBoost
AF,2,3,10,1.17573,1.2018013000488281,angle_rheology_enhanced,XGBoost
AF,2,3,18,1.42223,1.3974032402038574,angle_rheology_enhanced,XGBoost
AF,2,3,23,1.20579,1.2073379755020142,angle_rheology_enhanced,XGBoost
AF,2,3,25,2.44505,1.8481870889663696,angle_rheology_enhanced,XGBoost
AF,2,3,26,2.14773,1.887291431427002,angle_rheology_enhanced,XGBoost
AF,2,3,27,1.55854,1.483889102935791,angle_rheology_enhanced,XGBoost
AF,2,3,29,1.36564,1.4287878274917603,angle_rheology_enhanced,XGBoost
AF,2,3,31,1.21458,1.0968211889266968,angle_rheology_enhanced,XGBoost
AF,2,3,42,1.23805,1.179614543914795,angle_rheology_enhanced,XGBoost
AF,2,3,43,1.18126,1.2095261812210083,angle_rheology_enhanced,XGBoost
AF,2,3,63,1.49433,1.4916266202926636,angle_rheology_enhanced,XGBoost
AF,2,3,69,1.27114,1.2641388177871704,angle_rheology_enhanced,XGBoost
AF,2,3,70,2.36855,1.6797822713851929,angle_rheology_enhanced,XGBoost
AF,2,3,72,1.7423,1.6407767534255981,angle_rheology_enhanced,XGBoost
AF,2,3,77,1.17845,1.1864964962005615,angle_rheology_enhanced,XGBoost
AF,2,3,83,1.81434,1.7581446170806885,angle_rheology_enhanced,XGBoost
AF,2,3,87,1.4647,1.348301887512207,angle_rheology_enhanced,XGBoost
AF,2,3,92,1.21688,1.1565797328948975,angle_rheology_enhanced,XGBoost
AF,2,4,3,1.29597,1.3636824220899477,angle_engineered,RandomForest
AF,2,4,4,1.75407,1.8959062267063465,angle_engineered,RandomForest
AF,2,4,7,1.38795,1.350293179510583,angle_engineered,RandomForest
AF,2,4,28,1.38725,1.4842116291798944,angle_engineered,RandomForest
AF,2,4,32,1.18475,1.1343778757671965,angle_engineered,RandomForest
AF,2,4,36,1.97211,2.0304881194973547,angle_engineered,RandomForest
AF,2,4,40,1.42363,1.418105861772487,angle_engineered,RandomForest
AF,2,4,41,1.35048,1.3832567199603167,angle_engineered,RandomForest
AF,2,4,47,1.95358,1.723767678849208,angle_engineered,RandomForest
AF,2,4,48,1.82522,1.769111025079366,angle_engineered,RandomForest
AF,2,4,52,1.42105,1.421867683227513,angle_engineered,RandomForest
AF,2,4,53,1.22687,1.1990717396164037,angle_engineered,RandomForest
AF,2,4,60,2.31133,1.9747815891666665,angle_engineered,RandomForest
AF,2,4,61,1.5134,1.5043408633333333,angle_engineered,RandomForest
AF,2,4,71,1.56292,2.103466655079365,angle_engineered,RandomForest
AF,2,4,73,1.41795,1.432602007169311,angle_engineered,RandomForest
AF,2,4,74,1.31523,1.4055547294708979,angle_engineered,RandomForest
AF,2,4,79,1.19772,1.153082615383598,angle_engineered,RandomForest
AF,2,4,95,1.16353,1.280347246349205,angle_engineered,RandomForest
AF,2,5,16,1.39505,1.439867037751322,angle_engineered,RandomForest
AF,2,5,17,1.44103,1.4307947344179879,angle_engineered,RandomForest
AF,2,5,21,1.16533,1.2005228807142863,angle_engineered,RandomForest
AF,2,5,30,1.52016,1.3822071572619057,angle_engineered,RandomForest
AF,2,5,34,1.15143,1.1618495871825396,angle_engineered,RandomForest
AF,2,5,35,1.18045,1.1809468952777786,angle_engineered,RandomForest
AF,2,5,49,1.92546,1.8071496339153452,angle_engineered,RandomForest
AF,2,5,50,1.36288,1.4203609642592583,angle_engineered,RandomForest
AF,2,5,51,1.34172,1.4165611764814814,angle_engineered,RandomForest
AF,2,5,58,1.93806,2.1678445430423277,angle_engineered,RandomForest
AF,2,5,59,2.0106,2.1908310474867716,angle_engineered,RandomForest
AF,2,5,64,1.4624,1.5041538776984125,angle_engineered,RandomForest
AF,2,5,65,1.62994,1.5036669915873015,angle_engineered,RandomForest
AF,2,5,66,1.09488,1.193950729761905,angle_engineered,RandomForest
AF,2,5,68,1.22121,1.2132040428968256,angle_engineered,RandomForest
AF,2,5,75,1.32876,1.4803039545767196,angle_engineered,RandomForest
AF,2,5,81,1.11558,1.1875257594047623,angle_engineered,RandomForest
AF,2,5,86,1.27302,1.433160820555555,angle_engineered,RandomForest
AF,2,5,94,1.35987,1.2262413319047643,angle_engineered,RandomForest
AF,3,1,7,1.38795,1.2578262855445352,angle_engineered,SVR_RBF
AF,3,1,19,1.2125,1.2234308604613187,angle_engineered,SVR_RBF
AF,3,1,24,1.80422,2.4289424291380155,angle_engineered,SVR_RBF
AF,3,1,26,2.14773,2.3155635085429696,angle_engineered,SVR_RBF
AF,3,1,27,1.55854,1.4739848876031372,angle_engineered,SVR_RBF
AF,3,1,30,1.52016,1.4112730759048844,angle_engineered,SVR_RBF
AF,3,1,33,1.00068,1.1158603975063608,angle_engineered,SVR_RBF
AF,3,1,37,2.18925,1.94424117586038,angle_engineered,SVR_RBF
AF,3,1,39,1.45212,1.4186261900500536,angle_engineered,SVR_RBF
AF,3,1,42,1.23805,1.1992563156103553,angle_engineered,SVR_RBF
AF,3,1,53,1.22687,1.122264103132059,angle_engineered,SVR_RBF
AF,3,1,62,1.53985,1.4945739493811299,angle_engineered,SVR_RBF
AF,3,1,64,1.4624,1.6086988490008935,angle_engineered,SVR_RBF
AF,3,1,66,1.09488,1.3081967396625283,angle_engineered,SVR_RBF
AF,3,1,69,1.27114,1.2686521557102661,angle_engineered,SVR_RBF
AF,3,1,83,1.81434,1.6717135260467788,angle_engineered,SVR_RBF
AF,3,1,87,1.4647,1.4004148212086533,angle_engineered,SVR_RBF
AF,3,1,89,1.49292,1.5378782813224303,angle_engineered,SVR_RBF
AF,3,1,92,1.21688,1.2760578817342874,angle_engineered,SVR_RBF
AF,3,1,95,1.16353,1.4678334566198679,angle_engineered,SVR_RBF
AF,3,2,0,2.29017,1.7469990242369422,angle_engineered,GradientBoosting
AF,3,2,4,1.75407,1.8901833439996687,angle_engineered,GradientBoosting
AF,3,2,5,1.28243,1.3411476327293086,angle_engineered,GradientBoosting
AF,3,2,25,2.44505,1.9337095650503537,angle_engineered,GradientBoosting
AF,3,2,32,1.18475,1.1353564830236773,angle_engineered,GradientBoosting
AF,3,2,38,1.94988,1.8239226113927485,angle_engineered,GradientBoosting
AF,3,2,46,1.60113,1.8793775845789489,angle_engineered,GradientBoosting
AF,3,2,48,1.82522,1.8784550333104977,angle_engineered,GradientBoosting
AF,3,2,54,1.18756,1.1856496071902267,angle_engineered,GradientBoosting
AF,3,2,58,1.93806,1.8558635823171896,angle_engineered,GradientBoosting
AF,3,2,60,2.31133,2.0146586141130602,angle_engineered,GradientBoosting
AF,3,2,68,1.22121,1.1953029396289143,angle_engineered,GradientBoosting
AF,3,2,70,2.36855,1.6492572366592015,angle_engineered,GradientBoosting
AF,3,2,76,1.46489,1.3443116561018094,angle_engineered,GradientBoosting
AF,3,2,80,1.16671,1.1476002143194144,angle_engineered,GradientBoosting
AF,3,2,86,1.27302,1.3506410932448198,angle_engineered,GradientBoosting
AF,3,2,88,1.62833,1.4692932093009792,angle_engineered,GradientBoosting
AF,3,2,90,1.54228,1.4090500299871704,angle_engineered,GradientBoosting
AF,3,2,94,1.35987,1.2691391044759075,angle_engineered,GradientBoosting
AF,3,3,6,1.30412,1.3405612927910033,angle_engineered,RandomForest
AF,3,3,8,1.05256,1.1601305872366514,angle_engineered,RandomForest
AF,3,3,10,1.17573,1.1999881888263584,angle_engineered,RandomForest
AF,3,3,13,1.87831,1.9518020057275143,angle_engineered,RandomForest
AF,3,3,15,1.4926,1.3667540772751317,angle_engineered,RandomForest
AF,3,3,17,1.44103,1.386034694021164,angle_engineered,RandomForest
AF,3,3,21,1.16533,1.205394422314814,angle_engineered,RandomForest
AF,3,3,28,1.38725,1.4706274369312182,angle_engineered,RandomForest
AF,3,3,34,1.15143,1.1575174772643093,angle_engineered,RandomForest
AF,3,3,40,1.42363,1.3890770994312172,angle_engineered,RandomForest
AF,3,3,41,1.35048,1.367678961560847,angle_engineered,RandomForest
AF,3,3,43,1.18126,1.171090868745791,angle_engineered,RandomForest
AF,3,3,44,1.20002,1.172204260066137,angle_engineered,RandomForest
AF,3,3,47,1.95358,1.7360794321031752,angle_engineered,RandomForest
AF,3,3,49,1.92546,1.7704166844312166,angle_engineered,RandomForest
AF,3,3,52,1.42105,1.3960208145238107,angle_engineered,RandomForest
AF,3,3,73,1.41795,1.3703548761904767,angle_engineered,RandomForest
AF,3,3,77,1.17845,1.1628936359523812,angle_engineered,RandomForest
AF,3,3,82,1.50363,1.8110209371825405,angle_engineered,RandomForest
AF,3,4,2,1.80526,1.9042626322222242,angle_engineered,RandomForest
AF,3,4,9,1.17187,1.1247061178174598,angle_engineered,RandomForest
AF,3,4,11,1.28156,1.177748045317461,angle_engineered,RandomForest
AF,3,4,12,2.04975,1.86433564718254,angle_engineered,RandomForest
AF,3,4,16,1.39505,1.4322532286111112,angle_engineered,RandomForest
AF,3,4,18,1.42223,1.4238569145634918,angle_engineered,RandomForest
AF,3,4,29,1.36564,1.440757217261906,angle_engineered,RandomForest
AF,3,4,31,1.21458,1.1144965106084648,angle_engineered,RandomForest
AF,3,4,50,1.36288,1.4080405316666664,angle_engineered,RandomForest
AF,3,4,51,1.34172,1.4076500538888888,angle_engineered,RandomForest
AF,3,4,56,1.19584,1.1942286695502644,angle_engineered,RandomForest
AF,3,4,61,1.5134,1.4991299358730155,angle_engineered,RandomForest
AF,3,4,63,1.49433,1.4918724591269843,angle_engineered,RandomForest
AF,3,4,65,1.62994,1.4922749141269842,angle_engineered,RandomForest
AF,3,4,72,1.7423,1.8133818105026456,angle_engineered,RandomForest
AF,3,4,75,1.32876,1.4656549276984128,angle_engineered,RandomForest
AF,3,4,78,1.14397,1.1854592095370378,angle_engineered,RandomForest
AF,3,4,81,1.11558,1.2251525003968253,angle_engineered,RandomForest
AF,3,4,93,1.30275,1.212260552724868,angle_engineered,RandomForest
AF,3,5,1,1.7596,2.025832201693124,angle_engineered,RandomForest
AF,3,5,3,1.29597,1.3665934128968262,angle_engineered,RandomForest
AF,3,5,14,1.74885,1.8815808329365078,angle_engineered,RandomForest
AF,3,5,20,1.19111,1.2208891644047615,angle_engineered,RandomForest
AF,3,5,22,1.16534,1.1959944063888883,angle_engineered,RandomForest
AF,3,5,23,1.20579,1.1984787271031743,angle_engineered,RandomForest
AF,3,5,35,1.18045,1.166276353968254,angle_engineered,RandomForest
AF,3,5,36,1.97211,2.0401859903835975,angle_engineered,RandomForest
AF,3,5,45,1.15453,1.2096436340873014,angle_engineered,RandomForest
AF,3,5,55,1.18237,1.1935989946031746,angle_engineered,RandomForest
AF,3,5,57,1.80075,2.0869183691534388,angle_engineered,RandomForest
AF,3,5,59,2.0106,2.1274242237566137,angle_engineered,RandomForest
AF,3,5,67,1.21931,1.142264639378306,angle_engineered,RandomForest
AF,3,5,71,1.56292,2.164921660780423,angle_engineered,RandomForest
AF,3,5,74,1.31523,1.3941859582275133,angle_engineered,RandomForest
AF,3,5,79,1.19772,1.1502157839682532,angle_engineered,RandomForest
AF,3,5,84,1.78987,1.7448254975264554,angle_engineered,RandomForest
AF,3,5,85,1.70334,1.7460825703042333,angle_engineered,RandomForest
AF,3,5,91,1.20107,1.2443631603174603,angle_engineered,RandomForest
AF,4,1,0,2.29017,1.9852346925132258,angle_engineered,RandomForest
AF,4,1,1,1.7596,1.9814157432539665,angle_engineered,RandomForest
AF,4,1,2,1.80526,1.9908897643650774,angle_engineered,RandomForest
AF,4,1,4,1.75407,1.996608935634919,angle_engineered,RandomForest
AF,4,1,7,1.38795,1.3269821205952381,angle_engineered,RandomForest
AF,4,1,10,1.17573,1.1957264800264542,angle_engineered,RandomForest
AF,4,1,26,2.14773,2.187050083703703,angle_engineered,RandomForest
AF,4,1,33,1.00068,1.1731172011772482,angle_engineered,RandomForest
AF,4,1,37,2.18925,1.939175724960316,angle_engineered,RandomForest
AF,4,1,38,1.94988,1.8994383407539677,angle_engineered,RandomForest
AF,4,1,45,1.15453,1.2036607597354503,angle_engineered,RandomForest
AF,4,1,50,1.36288,1.3872402435185185,angle_engineered,RandomForest
AF,4,1,58,1.93806,2.1238603664814826,angle_engineered,RandomForest
AF,4,1,59,2.0106,2.159656340449736,angle_engineered,RandomForest
AF,4,1,67,1.21931,1.2002910901190469,angle_engineered,RandomForest
AF,4,1,71,1.56292,2.0770699094444436,angle_engineered,RandomForest
AF,4,1,81,1.11558,1.2129377051058197,angle_engineered,RandomForest
AF,4,1,82,1.50363,1.8025193598809521,angle_engineered,RandomForest
AF,4,1,89,1.49292,1.5285965599603182,angle_engineered,RandomForest
AF,4,1,95,1.16353,1.2808274563888884,angle_engineered,RandomForest
AF,4,2,5,1.28243,1.343854453095061,angle_engineered,GradientBoosting
AF,4,2,9,1.17187,1.137193431612489,angle_engineered,GradientBoosting
AF,4,2,18,1.42223,1.421940157005175,angle_engineered,GradientBoosting
AF,4,2,19,1.2125,1.2294927791540062,angle_engineered,GradientBoosting
AF,4,2,20,1.19111,1.2222828812437243,angle_engineered,GradientBoosting
AF,4,2,21,1.16533,1.199964510984063,angle_engineered,GradientBoosting
AF,4,2,23,1.20579,1.2358373923679513,angle_engineered,GradientBoosting
AF,4,2,25,2.44505,1.8729749538335982,angle_engineered,GradientBoosting
AF,4,2,28,1.38725,1.5895216518054462,angle_engineered,GradientBoosting
AF,4,2,29,1.36564,1.5265166025790697,angle_engineered,GradientBoosting
AF,4,2,43,1.18126,1.2172481978031642,angle_engineered,GradientBoosting
AF,4,2,51,1.34172,1.4129241888888506,angle_engineered,GradientBoosting
AF,4,2,62,1.53985,1.5989870997442006,angle_engineered,GradientBoosting
AF,4,2,63,1.49433,1.702669007206175,angle_engineered,GradientBoosting
AF,4,2,64,1.4624,1.6069667051717123,angle_engineered,GradientBoosting
AF,4,2,66,1.09488,1.1495994192267514,angle_engineered,GradientBoosting
AF,4,2,70,2.36855,1.771099080065274,angle_engineered,GradientBoosting
AF,4,2,87,1.4647,1.4005624632845584,angle_engineered,GradientBoosting
AF,4,2,93,1.30275,1.3208400209021625,angle_engineered,GradientBoosting
AF,4,3,13,1.87831,1.951979947526454,angle_engineered,RandomForest
AF,4,3,16,1.39505,1.4381509337902834,angle_engineered,RandomForest
AF,4,3,22,1.16534,1.1966438955026464,angle_engineered,RandomForest
AF,4,3,27,1.55854,1.4012464112169305,angle_engineered,RandomForest
AF,4,3,39,1.45212,1.371188247301587,angle_engineered,RandomForest
AF,4,3,41,1.35048,1.3985965480627713,angle_engineered,RandomForest
AF,4,3,47,1.95358,1.6408682874735454,angle_engineered,RandomForest
AF,4,3,48,1.82522,1.6508990634259266,angle_engineered,RandomForest
AF,4,3,49,1.92546,1.6799731353703715,angle_engineered,RandomForest
AF,4,3,52,1.42105,1.4227955639490149,angle_engineered,RandomForest
AF,4,3,54,1.18756,1.2018277347619049,angle_engineered,RandomForest
AF,4,3,55,1.18237,1.2007678018253967,angle_engineered,RandomForest
AF,4,3,60,2.31133,2.0022167583465644,angle_engineered,RandomForest
AF,4,3,73,1.41795,1.3888439811772493,angle_engineered,RandomForest
AF,4,3,76,1.46489,1.4686820105687834,angle_engineered,RandomForest
AF,4,3,77,1.17845,1.159313029325395,angle_engineered,RandomForest
AF,4,3,79,1.19772,1.1480415071957661,angle_engineered,RandomForest
AF,4,3,86,1.27302,1.441944678075999,angle_engineered,RandomForest
AF,4,3,92,1.21688,1.24535859702381,angle_engineered,RandomForest
AF,4,4,6,1.30412,1.3251861143546582,angle_rheology_enhanced,SVR_RBF
AF,4,4,11,1.28156,1.204261906305222,angle_rheology_enhanced,SVR_RBF
AF,4,4,17,1.44103,1.4475499382789003,angle_rheology_enhanced,SVR_RBF
AF,4,4,24,1.80422,2.4013864801086813,angle_rheology_enhanced,SVR_RBF
AF,4,4,31,1.21458,1.1656986889312906,angle_rheology_enhanced,SVR_RBF
AF,4,4,36,1.97211,2.2776991997153564,angle_rheology_enhanced,SVR_RBF
AF,4,4,40,1.42363,1.4535942282915824,angle_rheology_enhanced,SVR_RBF
AF,4,4,42,1.23805,1.1725872580606538,angle_rheology_enhanced,SVR_RBF
AF,4,4,44,1.20002,1.1403033948789467,angle_rheology_enhanced,SVR_RBF
AF,4,4,56,1.19584,1.1189083134812738,angle_rheology_enhanced,SVR_RBF
AF,4,4,69,1.27114,1.2033017185844679,angle_rheology_enhanced,SVR_RBF
AF,4,4,74,1.31523,1.3786916957496358,angle_rheology_enhanced,SVR_RBF
AF,4,4,78,1.14397,1.1429750050370968,angle_rheology_enhanced,SVR_RBF
AF,4,4,80,1.16671,1.1557850226993618,angle_rheology_enhanced,SVR_RBF
AF,4,4,83,1.81434,1.6676711789505674,angle_rheology_enhanced,SVR_RBF
AF,4,4,88,1.62833,1.4515962925734744,angle_rheology_enhanced,SVR_RBF
AF,4,4,90,1.54228,1.4953572516547007,angle_rheology_enhanced,SVR_RBF
AF,4,4,91,1.20107,1.268270627277727,angle_rheology_enhanced,SVR_RBF
AF,4,4,94,1.35987,1.2356534318195311,angle_rheology_enhanced,SVR_RBF
AF,4,5,3,1.29597,1.3399563965079364,angle_rheology_enhanced,RandomForest
AF,4,5,8,1.05256,1.165344782023811,angle_rheology_enhanced,RandomForest
AF,4,5,12,2.04975,1.8913216270310258,angle_rheology_enhanced,RandomForest
AF,4,5,14,1.74885,1.8949011758405496,angle_rheology_enhanced,RandomForest
AF,4,5,15,1.4926,1.4120470957539668,angle_rheology_enhanced,RandomForest
AF,4,5,30,1.52016,1.3899504238492058,angle_rheology_enhanced,RandomForest
AF,4,5,32,1.18475,1.1418304071428564,angle_rheology_enhanced,RandomForest
AF,4,5,34,1.15143,1.1442398376190468,angle_rheology_enhanced,RandomForest
AF,4,5,35,1.18045,1.1536098423015857,angle_rheology_enhanced,RandomForest
AF,4,5,46,1.60113,1.9005115818590677,angle_rheology_enhanced,RandomForest
AF,4,5,53,1.22687,1.1917942713888892,angle_rheology_enhanced,RandomForest
AF,4,5,57,1.80075,2.011664413664023,angle_rheology_enhanced,RandomForest
AF,4,5,61,1.5134,1.5091105690740727,angle_rheology_enhanced,RandomForest
AF,4,5,65,1.62994,1.4930002453439144,angle_rheology_enhanced,RandomForest
AF,4,5,68,1.22121,1.2061755650396826,angle_rheology_enhanced,RandomForest
AF,4,5,72,1.7423,1.8454720795634918,angle_rheology_enhanced,RandomForest
AF,4,5,75,1.32876,1.46780683845238,angle_rheology_enhanced,RandomForest
AF,4,5,84,1.78987,1.713683050370368,angle_rheology_enhanced,RandomForest
AF,4,5,85,1.70334,1.7139345837037012,angle_rheology_enhanced,RandomForest
AF,5,1,10,1.17573,1.1652924095378767,angle_engineered,GradientBoosting
AF,5,1,11,1.28156,1.1954490138463718,angle_engineered,GradientBoosting
AF,5,1,13,1.87831,1.9269715515295103,angle_engineered,GradientBoosting
AF,5,1,15,1.4926,1.4175677790273513,angle_engineered,GradientBoosting
AF,5,1,20,1.19111,1.2096392561879437,angle_engineered,GradientBoosting
AF,5,1,24,1.80422,2.3010290913565585,angle_engineered,GradientBoosting
AF,5,1,29,1.36564,1.4994905904045963,angle_engineered,GradientBoosting
AF,5,1,34,1.15143,1.1686030346641754,angle_engineered,GradientBoosting
AF,5,1,37,2.18925,1.9039202340970673,angle_engineered,GradientBoosting
AF,5,1,42,1.23805,1.1768852592666736,angle_engineered,GradientBoosting
AF,5,1,45,1.15453,1.1768852592666736,angle_engineered,GradientBoosting
AF,5,1,47,1.95358,1.668433843829269,angle_engineered,GradientBoosting
AF,5,1,49,1.92546,1.7759671888339004,angle_engineered,GradientBoosting
AF,5,1,52,1.42105,1.4648905926204359,angle_engineered,GradientBoosting
AF,5,1,53,1.22687,1.203513097486246,angle_engineered,GradientBoosting
AF,5,1,64,1.4624,1.6168046376307017,angle_engineered,GradientBoosting
AF,5,1,67,1.21931,1.1576260922029016,angle_engineered,GradientBoosting
AF,5,1,71,1.56292,2.0635988278484114,angle_engineered,GradientBoosting
AF,5,1,87,1.4647,1.4141358822017258,angle_engineered,GradientBoosting
AF,5,1,91,1.20107,1.1068732565873092,angle_engineered,GradientBoosting
AF,5,2,4,1.75407,1.8835740089416504,angle_engineered,XGBoost
AF,5,2,6,1.30412,1.3488779067993164,angle_engineered,XGBoost
AF,5,2,8,1.05256,1.160958170890808,angle_engineered,XGBoost
AF,5,2,14,1.74885,1.898647427558899,angle_engineered,XGBoost
AF,5,2,21,1.16533,1.210645079612732,angle_engineered,XGBoost
AF,5,2,25,2.44505,1.9429471492767334,angle_engineered,XGBoost
AF,5,2,33,1.00068,1.1881165504455566,angle_engineered,XGBoost
AF,5,2,39,1.45212,1.3225418329238892,angle_engineered,XGBoost
AF,5,2,41,1.35048,1.3991535902023315,angle_engineered,XGBoost
AF,5,2,44,1.20002,1.2012001276016235,angle_engineered,XGBoost
AF,5,2,50,1.36288,1.3502105474472046,angle_engineered,XGBoost
AF,5,2,51,1.34172,1.4125224351882935,angle_engineered,XGBoost
AF,5,2,54,1.18756,1.2001361846923828,angle_engineered,XGBoost
AF,5,2,66,1.09488,1.1529725790023804,angle_engineered,XGBoost
AF,5,2,70,2.36855,1.8248450756072998,angle_engineered,XGBoost
AF,5,2,73,1.41795,1.3595788478851318,angle_engineered,XGBoost
AF,5,2,74,1.31523,1.3647228479385376,angle_engineered,XGBoost
AF,5,2,89,1.49292,1.5397776365280151,angle_engineered,XGBoost
AF,5,2,92,1.21688,1.25770902633667,angle_engineered,XGBoost
AF,5,3,0,2.29017,1.799607548174602,angle_rheology_enhanced,RandomForest
AF,5,3,3,1.29597,1.3298366692063497,angle_rheology_enhanced,RandomForest
AF,5,3,7,1.38795,1.3271930330158737,angle_rheology_enhanced,RandomForest
AF,5,3,9,1.17187,1.1360073726190472,angle_rheology_enhanced,RandomForest
AF,5,3,12,2.04975,1.8326667185978829,angle_rheology_enhanced,RandomForest
AF,5,3,26,2.14773,2.2195233250529083,angle_rheology_enhanced,RandomForest
AF,5,3,35,1.18045,1.1613275060317465,angle_rheology_enhanced,RandomForest
AF,5,3,36,1.97211,2.0050623892063495,angle_rheology_enhanced,RandomForest
AF,5,3,38,1.94988,1.9986507915343912,angle_rheology_enhanced,RandomForest
AF,5,3,43,1.18126,1.178763403492064,angle_rheology_enhanced,RandomForest
AF,5,3,46,1.60113,1.887169363465609,angle_rheology_enhanced,RandomForest
AF,5,3,56,1.19584,1.2086253765476178,angle_rheology_enhanced,RandomForest
AF,5,3,57,1.80075,2.030613530158732,angle_rheology_enhanced,RandomForest
AF,5,3,62,1.53985,1.5109013684920642,angle_rheology_enhanced,RandomForest
AF,5,3,68,1.22121,1.1976796069179894,angle_rheology_enhanced,RandomForest
AF,5,3,78,1.14397,1.1785919600529107,angle_rheology_enhanced,RandomForest
AF,5,3,82,1.50363,1.8172447514814807,angle_rheology_enhanced,RandomForest
AF,5,3,88,1.62833,1.4273023426406932,angle_rheology_enhanced,RandomForest
AF,5,3,90,1.54228,1.4469052572438679,angle_rheology_enhanced,RandomForest
AF,5,4,1,1.7596,2.015653318558203,angle_engineered,RandomForest
AF,5,4,5,1.28243,1.3576958386507936,angle_engineered,RandomForest
AF,5,4,16,1.39505,1.4151950100529114,angle_engineered,RandomForest
AF,5,4,17,1.44103,1.4013092356878314,angle_engineered,RandomForest
AF,5,4,23,1.20579,1.1780333623148156,angle_engineered,RandomForest
AF,5,4,28,1.38725,1.4744686751984135,angle_engineered,RandomForest
AF,5,4,48,1.82522,1.846052216957673,angle_engineered,RandomForest
AF,5,4,63,1.49433,1.5071091840476194,angle_engineered,RandomForest
AF,5,4,65,1.62994,1.4852231406216938,angle_engineered,RandomForest
AF,5,4,76,1.46489,1.4031465355555566,angle_engineered,RandomForest
AF,5,4,77,1.17845,1.1682757661904755,angle_engineered,RandomForest
AF,5,4,79,1.19772,1.1641480466666654,angle_engineered,RandomForest
AF,5,4,81,1.11558,1.1779154954894173,angle_engineered,RandomForest
AF,5,4,83,1.81434,1.6591588869973555,angle_engineered,RandomForest
AF,5,4,84,1.78987,1.6862622688227515,angle_engineered,RandomForest
AF,5,4,86,1.27302,1.4577171960317477,angle_engineered,RandomForest
AF,5,4,93,1.30275,1.2052926999074085,angle_engineered,RandomForest
AF,5,4,94,1.35987,1.205709788161377,angle_engineered,RandomForest
AF,5,4,95,1.16353,1.2045548826851864,angle_engineered,RandomForest
AF,5,5,2,1.80526,1.889647597473546,angle_engineered,RandomForest
AF,5,5,18,1.42223,1.3917915536640213,angle_engineered,RandomForest
AF,5,5,19,1.2125,1.1913647636111109,angle_engineered,RandomForest
AF,5,5,22,1.16534,1.1921589258201064,angle_engineered,RandomForest
AF,5,5,27,1.55854,1.4047332705555546,angle_engineered,RandomForest
AF,5,5,30,1.52016,1.3839490974206343,angle_engineered,RandomForest
AF,5,5,31,1.21458,1.0838008615873005,angle_engineered,RandomForest
AF,5,5,32,1.18475,1.095078913571427,angle_engineered,RandomForest
AF,5,5,40,1.42363,1.4035248102910052,angle_engineered,RandomForest
AF,5,5,55,1.18237,1.1952846856613764,angle_engineered,RandomForest
AF,5,5,58,1.93806,2.0327305508970643,angle_engineered,RandomForest
AF,5,5,59,2.0106,2.0262377087542074,angle_engineered,RandomForest
AF,5,5,60,2.31133,2.036555064865319,angle_engineered,RandomForest
AF,5,5,61,1.5134,1.5076882609523812,angle_engineered,RandomForest
AF,5,5,69,1.27114,1.1954257691931225,angle_engineered,RandomForest
AF,5,5,72,1.7423,1.823300371637807,angle_engineered,RandomForest
AF,5,5,75,1.32876,1.4986527333333333,angle_engineered,RandomForest
AF,5,5,80,1.16671,1.1713114781746043,angle_engineered,RandomForest
AF,5,5,85,1.70334,1.7410817479076461,angle_engineered,RandomForest
AF,6,1,0,2.29017,1.6680032014846802,angle_engineered,XGBoost
AF,6,1,1,1.7596,1.7759804725646973,angle_engineered,XGBoost
AF,6,1,5,1.28243,1.373470425605774,angle_engineered,XGBoost
AF,6,1,12,2.04975,1.8799781799316406,angle_engineered,XGBoost
AF,6,1,14,1.74885,1.9290883541107178,angle_engineered,XGBoost
AF,6,1,17,1.44103,1.4043322801589966,angle_engineered,XGBoost
AF,6,1,29,1.36564,1.457468867301941,angle_engineered,XGBoost
AF,6,1,30,1.52016,1.4652715921401978,angle_engineered,XGBoost
AF,6,1,32,1.18475,1.2151697874069214,angle_engineered,XGBoost
AF,6,1,40,1.42363,1.3804675340652466,angle_engineered,XGBoost
AF,6,1,54,1.18756,1.1886756420135498,angle_engineered,XGBoost
AF,6,1,58,1.93806,2.1709353923797607,angle_engineered,XGBoost
AF,6,1,61,1.5134,1.3966920375823975,angle_engineered,XGBoost
AF,6,1,67,1.21931,1.1506562232971191,angle_engineered,XGBoost
AF,6,1,74,1.31523,1.4501131772994995,angle_engineered,XGBoost
AF,6,1,75,1.32876,1.3918055295944214,angle_engineered,XGBoost
AF,6,1,82,1.50363,1.8057430982589722,angle_engineered,XGBoost
AF,6,1,85,1.70334,1.7857165336608887,angle_engineered,XGBoost
AF,6,1,87,1.4647,1.4036712646484375,angle_engineered,XGBoost
AF,6,1,90,1.54228,1.4449377059936523,angle_engineered,XGBoost
AF,6,2,15,1.4926,1.3782310485839844,angle_engineered,XGBoost
AF,6,2,16,1.39505,1.3819605112075806,angle_engineered,XGBoost
AF,6,2,18,1.42223,1.353750228881836,angle_engineered,XGBoost
AF,6,2,24,1.80422,2.007542133331299,angle_engineered,XGBoost
AF,6,2,25,2.44505,2.011439323425293,angle_engineered,XGBoost
AF,6,2,37,2.18925,1.8755011558532715,angle_engineered,XGBoost
AF,6,2,38,1.94988,1.7458689212799072,angle_engineered,XGBoost
AF,6,2,39,1.45212,1.3260740041732788,angle_engineered,XGBoost
AF,6,2,46,1.60113,1.7455044984817505,angle_engineered,XGBoost
AF,6,2,47,1.95358,1.7455044984817505,angle_engineered,XGBoost
AF,6,2,49,1.92546,1.670556664466858,angle_engineered,XGBoost
AF,6,2,63,1.49433,1.4695518016815186,angle_engineered,XGBoost
AF,6,2,68,1.22121,1.24249267578125,angle_engineered,XGBoost
AF,6,2,70,2.36855,1.657261610031128,angle_engineered,XGBoost
AF,6,2,81,1.11558,1.2459676265716553,angle_engineered,XGBoost
AF,6,2,83,1.81434,1.6684503555297852,angle_engineered,XGBoost
AF,6,2,88,1.62833,1.4308068752288818,angle_engineered,XGBoost
AF,6,2,92,1.21688,1.2549281120300293,angle_engineered,XGBoost
AF,6,2,94,1.35987,1.3192719221115112,angle_engineered,XGBoost
AF,6,3,2,1.80526,1.8990982201984135,angle_engineered,RandomForest
AF,6,3,3,1.29597,1.3572876082936514,angle_engineered,RandomForest
AF,6,3,11,1.28156,1.1784183592063497,angle_engineered,RandomForest
AF,6,3,13,1.87831,1.9501880730158727,angle_engineered,RandomForest
AF,6,3,20,1.19111,1.1909126165211648,angle_engineered,RandomForest
AF,6,3,22,1.16534,1.1838758618915344,angle_engineered,RandomForest
AF,6,3,26,2.14773,2.1467914229365053,angle_engineered,RandomForest
AF,6,3,28,1.38725,1.4641161686772493,angle_engineered,RandomForest
AF,6,3,31,1.21458,1.107928080304232,angle_engineered,RandomForest
AF,6,3,36,1.97211,2.0464364526190475,angle_engineered,RandomForest
AF,6,3,42,1.23805,1.1871661081349205,angle_engineered,RandomForest
AF,6,3,44,1.20002,1.174378372328042,angle_engineered,RandomForest
AF,6,3,56,1.19584,1.221669777751323,angle_engineered,RandomForest
AF,6,3,60,2.31133,1.9821624209259248,angle_engineered,RandomForest
AF,6,3,62,1.53985,1.5147617445346337,angle_engineered,RandomForest
AF,6,3,69,1.27114,1.1978557829629632,angle_engineered,RandomForest
AF,6,3,77,1.17845,1.184829794365079,angle_engineered,RandomForest
AF,6,3,78,1.14397,1.1839428600793651,angle_engineered,RandomForest
AF,6,3,84,1.78987,1.7357935197222225,angle_engineered,RandomForest
AF,6,4,4,1.75407,1.8803716446825387,angle_engineered,RandomForest
AF,6,4,9,1.17187,1.1870261567195755,angle_engineered,RandomForest
AF,6,4,10,1.17573,1.196991137156083,angle_engineered,RandomForest
AF,6,4,19,1.2125,1.1988237285918704,angle_engineered,RandomForest
AF,6,4,21,1.16533,1.193436833181818,angle_engineered,RandomForest
AF,6,4,27,1.55854,1.404691058122896,angle_engineered,RandomForest
AF,6,4,33,1.00068,1.1890189314153434,angle_engineered,RandomForest
AF,6,4,34,1.15143,1.1925165208994708,angle_engineered,RandomForest
AF,6,4,35,1.18045,1.1902246614153436,angle_engineered,RandomForest
AF,6,4,43,1.18126,1.1657527890211639,angle_engineered,RandomForest
AF,6,4,48,1.82522,1.868052945687832,angle_engineered,RandomForest
AF,6,4,53,1.22687,1.2034017725072148,angle_engineered,RandomForest
AF,6,4,57,1.80075,2.0379685562433876,angle_engineered,RandomForest
AF,6,4,64,1.4624,1.5305044502116416,angle_engineered,RandomForest
AF,6,4,66,1.09488,1.2064850866005286,angle_engineered,RandomForest
AF,6,4,73,1.41795,1.3852301098809539,angle_engineered,RandomForest
AF,6,4,76,1.46489,1.477616189828043,angle_engineered,RandomForest
AF,6,4,79,1.19772,1.1586335708994706,angle_engineered,RandomForest
AF,6,4,86,1.27302,1.4406341368518516,angle_engineered,RandomForest
AF,6,5,6,1.30412,1.328013934285714,angle_rheology_enhanced,RandomForest
AF,6,5,7,1.38795,1.3302114169047619,angle_rheology_enhanced,RandomForest
AF,6,5,8,1.05256,1.1769434272089938,angle_rheology_enhanced,RandomForest
AF,6,5,23,1.20579,1.1791671349603186,angle_rheology_enhanced,RandomForest
AF,6,5,41,1.35048,1.4165037917063492,angle_rheology_enhanced,RandomForest
AF,6,5,45,1.15453,1.2063938741402112,angle_rheology_enhanced,RandomForest
AF,6,5,50,1.36288,1.3989094306084648,angle_rheology_enhanced,RandomForest
AF,6,5,51,1.34172,1.3987981406084649,angle_rheology_enhanced,RandomForest
AF,6,5,52,1.42105,1.427514030608465,angle_rheology_enhanced,RandomForest
AF,6,5,55,1.18237,1.2049855765873028,angle_rheology_enhanced,RandomForest
AF,6,5,59,2.0106,2.0673716815476197,angle_rheology_enhanced,RandomForest
AF,6,5,65,1.62994,1.4886518535185174,angle_rheology_enhanced,RandomForest
AF,6,5,71,1.56292,2.234146656746031,angle_rheology_enhanced,RandomForest
AF,6,5,72,1.7423,2.2316397667460306,angle_rheology_enhanced,RandomForest
AF,6,5,80,1.16671,1.1566265093915336,angle_rheology_enhanced,RandomForest
AF,6,5,89,1.49292,1.514358269047619,angle_rheology_enhanced,RandomForest
AF,6,5,91,1.20107,1.2502050214814824,angle_rheology_enhanced,RandomForest
AF,6,5,93,1.30275,1.249860696878308,angle_rheology_enhanced,RandomForest
AF,6,5,95,1.16353,1.2641872760846562,angle_rheology_enhanced,RandomForest
AF,7,1,4,1.75407,1.872329551468252,angle_engineered,RandomForest
AF,7,1,5,1.28243,1.3559086429761893,angle_engineered,RandomForest
AF,7,1,8,1.05256,1.1799693700396832,angle_engineered,RandomForest
AF,7,1,9,1.17187,1.1812988026587306,angle_engineered,RandomForest
AF,7,1,11,1.28156,1.186584128055556,angle_engineered,RandomForest
AF,7,1,17,1.44103,1.4012541344179894,angle_engineered,RandomForest
AF,7,1,24,1.80422,2.2510733489153423,angle_engineered,RandomForest
AF,7,1,33,1.00068,1.1854704559259264,angle_engineered,RandomForest
AF,7,1,43,1.18126,1.1907017034656089,angle_engineered,RandomForest
AF,7,1,55,1.18237,1.2013853771428573,angle_engineered,RandomForest
AF,7,1,57,1.80075,2.1150226418518505,angle_engineered,RandomForest
AF,7,1,62,1.53985,1.506468145692642,angle_engineered,RandomForest
AF,7,1,67,1.21931,1.1786502814947086,angle_engineered,RandomForest
AF,7,1,72,1.7423,1.86717072892857,angle_engineered,RandomForest
AF,7,1,75,1.32876,1.4962965034175089,angle_engineered,RandomForest
AF,7,1,78,1.14397,1.18603657,angle_engineered,RandomForest
AF,7,1,82,1.50363,1.7710741425000014,angle_engineered,RandomForest
AF,7,1,84,1.78987,1.7467137514682547,angle_engineered,RandomForest
AF,7,1,92,1.21688,1.2188536926322753,angle_engineered,RandomForest
AF,7,1,93,1.30275,1.2127205762037039,angle_engineered,RandomForest
AF,7,2,1,1.7596,2.015821058730157,angle_engineered,RandomForest
AF,7,2,10,1.17573,1.184229841494709,angle_engineered,RandomForest
AF,7,2,14,1.74885,1.885922377791006,angle_engineered,RandomForest
AF,7,2,19,1.2125,1.1953250883994695,angle_engineered,RandomForest
AF,7,2,20,1.19111,1.1970680265873008,angle_engineered,RandomForest
AF,7,2,23,1.20579,1.1760565040476187,angle_engineered,RandomForest
AF,7,2,32,1.18475,1.13359140558201,angle_engineered,RandomForest
AF,7,2,38,1.94988,1.9214453855158733,angle_engineered,RandomForest
AF,7,2,39,1.45212,1.3799446085317462,angle_engineered,RandomForest
AF,7,2,41,1.35048,1.3927968816943246,angle_engineered,RandomForest
AF,7,2,52,1.42105,1.4185049340223679,angle_engineered,RandomForest
AF,7,2,59,2.0106,2.082593873650794,angle_engineered,RandomForest
AF,7,2,65,1.62994,1.4885408408513707,angle_engineered,RandomForest
AF,7,2,76,1.46489,1.4068114444576725,angle_engineered,RandomForest
AF,7,2,77,1.17845,1.171429641322751,angle_engineered,RandomForest
AF,7,2,85,1.70334,1.7583473915873007,angle_engineered,RandomForest
AF,7,2,87,1.4647,1.404541453412699,angle_engineered,RandomForest
AF,7,2,89,1.49292,1.506385440674605,angle_engineered,RandomForest
AF,7,2,94,1.35987,1.2096010666666677,angle_engineered,RandomForest
AF,7,3,2,1.80526,1.8724257502116413,angle_engineered,RandomForest
AF,7,3,3,1.29597,1.3629978660714284,angle_engineered,RandomForest
AF,7,3,7,1.38795,1.3504876578968252,angle_engineered,RandomForest
AF,7,3,12,2.04975,1.8083103658994704,angle_engineered,RandomForest
AF,7,3,13,1.87831,1.7944556455820093,angle_engineered,RandomForest
AF,7,3,22,1.16534,1.1999181211772496,angle_engineered,RandomForest
AF,7,3,26,2.14773,2.2030812092592575,angle_engineered,RandomForest
AF,7,3,35,1.18045,1.1648563504894187,angle_engineered,RandomForest
AF,7,3,36,1.97211,1.8342565023941806,angle_engineered,RandomForest
AF,7,3,37,2.18925,1.7843999048148158,angle_engineered,RandomForest
AF,7,3,40,1.42363,1.4094285753306874,angle_engineered,RandomForest
AF,7,3,44,1.20002,1.173066638809525,angle_engineered,RandomForest
AF,7,3,50,1.36288,1.3837171591666666,angle_engineered,RandomForest
AF,7,3,54,1.18756,1.2066370192460323,angle_engineered,RandomForest
AF,7,3,56,1.19584,1.2444546085317447,angle_engineered,RandomForest
AF,7,3,61,1.5134,1.4873488080952386,angle_engineered,RandomForest
AF,7,3,63,1.49433,1.5136806225793649,angle_engineered,RandomForest
AF,7,3,73,1.41795,1.3695522028571432,angle_engineered,RandomForest
AF,7,3,95,1.16353,1.2814245182142843,angle_engineered,RandomForest
AF,7,4,16,1.39505,1.4272783935714286,angle_engineered,RandomForest
AF,7,4,18,1.42223,1.3933276867063495,angle_engineered,RandomForest
AF,7,4,21,1.16533,1.2010031688095237,angle_engineered,RandomForest
AF,7,4,25,2.44505,1.990052157063492,angle_engineered,RandomForest
AF,7,4,27,1.55854,1.411049443571428,angle_engineered,RandomForest
AF,7,4,30,1.52016,1.3901528121055793,angle_engineered,RandomForest
AF,7,4,42,1.23805,1.2059664862698412,angle_engineered,RandomForest
AF,7,4,45,1.15453,1.1978612099206358,angle_engineered,RandomForest
AF,7,4,47,1.95358,1.6903411718783066,angle_engineered,RandomForest
AF,7,4,49,1.92546,1.7314423133068773,angle_engineered,RandomForest
AF,7,4,53,1.22687,1.2046171534920636,angle_engineered,RandomForest
AF,7,4,60,2.31133,2.023760741190478,angle_engineered,RandomForest
AF,7,4,66,1.09488,1.1854688026719584,angle_engineered,RandomForest
AF,7,4,69,1.27114,1.2031959935714287,angle_engineered,RandomForest
AF,7,4,71,1.56292,2.099393873121694,angle_engineered,RandomForest
AF,7,4,74,1.31523,1.415120091150795,angle_engineered,RandomForest
AF,7,4,79,1.19772,1.148911507328041,angle_engineered,RandomForest
AF,7,4,83,1.81434,1.6946430650793645,angle_engineered,RandomForest
AF,7,4,86,1.27302,1.4531025051984146,angle_engineered,RandomForest
AF,7,5,0,2.29017,1.7247697114944458,angle_engineered,XGBoost
AF,7,5,6,1.30412,1.3441718816757202,angle_engineered,XGBoost
AF,7,5,15,1.4926,1.375314474105835,angle_engineered,XGBoost
AF,7,5,28,1.38725,1.4614741802215576,angle_engineered,XGBoost
AF,7,5,29,1.36564,1.4898083209991455,angle_engineered,XGBoost
AF,7,5,31,1.21458,1.0881961584091187,angle_engineered,XGBoost
AF,7,5,34,1.15143,1.151330828666687,angle_engineered,XGBoost
AF,7,5,46,1.60113,1.9111591577529907,angle_engineered,XGBoost
AF,7,5,48,1.82522,1.830145001411438,angle_engineered,XGBoost
AF,7,5,51,1.34172,1.3786958456039429,angle_engineered,XGBoost
AF,7,5,58,1.93806,2.1252729892730713,angle_engineered,XGBoost
AF,7,5,64,1.4624,1.645125389099121,angle_engineered,XGBoost
AF,7,5,68,1.22121,1.281355381011963,angle_engineered,XGBoost
AF,7,5,70,2.36855,1.7022655010223389,angle_engineered,XGBoost
AF,7,5,80,1.16671,1.1618976593017578,angle_engineered,XGBoost
AF,7,5,81,1.11558,1.2026156187057495,angle_engineered,XGBoost
AF,7,5,88,1.62833,1.4411578178405762,angle_engineered,XGBoost
AF,7,5,90,1.54228,1.40725839138031,angle_engineered,XGBoost
AF,7,5,91,1.20107,1.1362730264663696,angle_engineered,XGBoost
AF,8,1,0,2.29017,1.8230257805158745,angle_engineered,RandomForest
AF,8,1,1,1.7596,1.8250702577380968,angle_engineered,RandomForest
AF,8,1,21,1.16533,1.2111863664153433,angle_engineered,RandomForest
AF,8,1,22,1.16534,1.205821945198412,angle_engineered,RandomForest
AF,8,1,23,1.20579,1.20527823797619,angle_engineered,RandomForest
AF,8,1,25,2.44505,1.9252001056746046,angle_engineered,RandomForest
AF,8,1,28,1.38725,1.4712950029761906,angle_engineered,RandomForest
AF,8,1,38,1.94988,1.907939884986774,angle_engineered,RandomForest
AF,8,1,44,1.20002,1.1691039176190492,angle_engineered,RandomForest
AF,8,1,48,1.82522,1.8783586170502664,angle_engineered,RandomForest
AF,8,1,50,1.36288,1.387823158134921,angle_engineered,RandomForest
AF,8,1,63,1.49433,1.509203928571428,angle_engineered,RandomForest
AF,8,1,64,1.4624,1.4956416221428572,angle_engineered,RandomForest
AF,8,1,65,1.62994,1.4992724571428568,angle_engineered,RandomForest
AF,8,1,66,1.09488,1.1945338676984127,angle_engineered,RandomForest
AF,8,1,74,1.31523,1.3861092894444442,angle_engineered,RandomForest
AF,8,1,77,1.17845,1.1504928012698399,angle_engineered,RandomForest
AF,8,1,79,1.19772,1.1518638135185173,angle_engineered,RandomForest
AF,8,1,87,1.4647,1.3854089510317453,angle_engineered,RandomForest
AF,8,1,88,1.62833,1.4111130063095234,angle_engineered,RandomForest
AF,8,2,11,1.28156,1.184855341911316,angle_engineered,XGBoost
AF,8,2,13,1.87831,2.0796751976013184,angle_engineered,XGBoost
AF,8,2,14,1.74885,2.0564749240875244,angle_engineered,XGBoost
AF,8,2,17,1.44103,1.3577898740768433,angle_engineered,XGBoost
AF,8,2,19,1.2125,1.2055070400238037,angle_engineered,XGBoost
AF,8,2,24,1.80422,2.340742588043213,angle_engineered,XGBoost
AF,8,2,29,1.36564,1.4516104459762573,angle_engineered,XGBoost
AF,8,2,41,1.35048,1.354247808456421,angle_engineered,XGBoost
AF,8,2,47,1.95358,1.7295340299606323,angle_engineered,XGBoost
AF,8,2,53,1.22687,1.2013919353485107,angle_engineered,XGBoost
AF,8,2,57,1.80075,2.0461485385894775,angle_engineered,XGBoost
AF,8,2,67,1.21931,1.1393064260482788,angle_engineered,XGBoost
AF,8,2,76,1.46489,1.3440661430358887,angle_engineered,XGBoost
AF,8,2,78,1.14397,1.1930210590362549,angle_engineered,XGBoost
AF,8,2,83,1.81434,1.7726514339447021,angle_engineered,XGBoost
AF,8,2,85,1.70334,1.769190788269043,angle_engineered,XGBoost
AF,8,2,86,1.27302,1.3603006601333618,angle_engineered,XGBoost
AF,8,2,92,1.21688,1.2527848482131958,angle_engineered,XGBoost
AF,8,2,95,1.16353,1.327791690826416,angle_engineered,XGBoost
AF,8,3,2,1.80526,1.8886802204292952,angle_engineered,RandomForest
AF,8,3,3,1.29597,1.3560318126190478,angle_engineered,RandomForest
AF,8,3,7,1.38795,1.362065724417991,angle_engineered,RandomForest
AF,8,3,8,1.05256,1.1754217216269824,angle_engineered,RandomForest
AF,8,3,9,1.17187,1.1920731546957661,angle_engineered,RandomForest
AF,8,3,10,1.17573,1.2087746266005288,angle_engineered,RandomForest
AF,8,3,16,1.39505,1.4290210530290994,angle_engineered,RandomForest
AF,8,3,27,1.55854,1.39754655,angle_engineered,RandomForest
AF,8,3,32,1.18475,1.145803389748676,angle_engineered,RandomForest
AF,8,3,34,1.15143,1.1484125959788356,angle_engineered,RandomForest
AF,8,3,35,1.18045,1.1667871959788358,angle_engineered,RandomForest
AF,8,3,46,1.60113,1.894044155039685,angle_engineered,RandomForest
AF,8,3,51,1.34172,1.3844332869709008,angle_engineered,RandomForest
AF,8,3,55,1.18237,1.2025281267063503,angle_engineered,RandomForest
AF,8,3,56,1.19584,1.224126753174603,angle_engineered,RandomForest
AF,8,3,71,1.56292,2.1742287887301566,angle_engineered,RandomForest
AF,8,3,75,1.32876,1.5164983561111116,angle_engineered,RandomForest
AF,8,3,89,1.49292,1.5199139313095245,angle_engineered,RandomForest
AF,8,3,90,1.54228,1.5180187884523817,angle_engineered,RandomForest
AF,8,4,4,1.75407,1.8665588716666666,angle_engineered,RandomForest
AF,8,4,20,1.19111,1.2018252935317475,angle_engineered,RandomForest
AF,8,4,30,1.52016,1.383101993240741,angle_engineered,RandomForest
AF,8,4,31,1.21458,1.1144448669444447,angle_engineered,RandomForest
AF,8,4,37,2.18925,1.892963256917991,angle_engineered,RandomForest
AF,8,4,39,1.45212,1.3837509107936514,angle_engineered,RandomForest
AF,8,4,43,1.18126,1.1863238172222226,angle_engineered,RandomForest
AF,8,4,52,1.42105,1.3945043426190482,angle_engineered,RandomForest
AF,8,4,58,1.93806,1.9941518802777758,angle_engineered,RandomForest
AF,8,4,60,2.31133,1.9837718665740731,angle_engineered,RandomForest
AF,8,4,61,1.5134,1.4813379095502646,angle_engineered,RandomForest
AF,8,4,62,1.53985,1.5135094062169316,angle_engineered,RandomForest
AF,8,4,68,1.22121,1.2047583621572864,angle_engineered,RandomForest
AF,8,4,73,1.41795,1.3523071505820112,angle_engineered,RandomForest
AF,8,4,80,1.16671,1.1880766827380955,angle_engineered,RandomForest
AF,8,4,81,1.11558,1.19386891186508,angle_engineered,RandomForest
AF,8,4,84,1.78987,1.7296938705555567,angle_engineered,RandomForest
AF,8,4,93,1.30275,1.2011533242460326,angle_engineered,RandomForest
AF,8,4,94,1.35987,1.1925194188492074,angle_engineered,RandomForest
AF,8,5,5,1.28243,1.3716091298015862,angle_engineered,RandomForest
AF,8,5,6,1.30412,1.3738257285317452,angle_engineered,RandomForest
AF,8,5,12,2.04975,1.861990653928572,angle_engineered,RandomForest
AF,8,5,15,1.4926,1.3891651900793645,angle_engineered,RandomForest
AF,8,5,18,1.42223,1.4051815941534387,angle_engineered,RandomForest
AF,8,5,26,2.14773,2.1166516666666686,angle_engineered,RandomForest
AF,8,5,33,1.00068,1.1801442708068786,angle_engineered,RandomForest
AF,8,5,36,1.97211,1.996957480793651,angle_engineered,RandomForest
AF,8,5,40,1.42363,1.3903835815079366,angle_engineered,RandomForest
AF,8,5,42,1.23805,1.2034816338095244,angle_engineered,RandomForest
AF,8,5,45,1.15453,1.1950184559126986,angle_engineered,RandomForest
AF,8,5,49,1.92546,1.8224505775793656,angle_engineered,RandomForest
AF,8,5,54,1.18756,1.1918835767724876,angle_engineered,RandomForest
AF,8,5,59,2.0106,2.0766049715476194,angle_engineered,RandomForest
AF,8,5,69,1.27114,1.2010934150396824,angle_engineered,RandomForest
AF,8,5,70,2.36855,1.8977160096428585,angle_engineered,RandomForest
AF,8,5,72,1.7423,1.8533563082142863,angle_engineered,RandomForest
AF,8,5,82,1.50363,1.8098435511904771,angle_engineered,RandomForest
AF,8,5,91,1.20107,1.235451781785715,angle_engineered,RandomForest
AF,9,1,3,1.29597,1.3516496292724856,angle_engineered,RandomForest
AF,9,1,8,1.05256,1.1548078635606056,angle_engineered,RandomForest
AF,9,1,15,1.4926,1.3548570866931215,angle_engineered,RandomForest
AF,9,1,16,1.39505,1.3507976436772482,angle_engineered,RandomForest
AF,9,1,17,1.44103,1.3518548581216925,angle_engineered,RandomForest
AF,9,1,18,1.42223,1.3574019520105811,angle_engineered,RandomForest
AF,9,1,25,2.44505,1.9915679232936527,angle_engineered,RandomForest
AF,9,1,39,1.45212,1.3697615800661362,angle_engineered,RandomForest
AF,9,1,44,1.20002,1.1734857089177488,angle_engineered,RandomForest
AF,9,1,50,1.36288,1.3508921673015866,angle_engineered,RandomForest
AF,9,1,52,1.42105,1.379441380555556,angle_engineered,RandomForest
AF,9,1,56,1.19584,1.2132965374603175,angle_engineered,RandomForest
AF,9,1,57,1.80075,1.9992358005291013,angle_engineered,RandomForest
AF,9,1,65,1.62994,1.4807692305820113,angle_engineered,RandomForest
AF,9,1,67,1.21931,1.1423937249206344,angle_engineered,RandomForest
AF,9,1,77,1.17845,1.1632734798809516,angle_engineered,RandomForest
AF,9,1,84,1.78987,1.7300740455820114,angle_engineered,RandomForest
AF,9,1,90,1.54228,1.5123576053835965,angle_engineered,RandomForest
AF,9,1,93,1.30275,1.2316617311904772,angle_engineered,RandomForest
AF,9,1,95,1.16353,1.2466660435185188,angle_engineered,RandomForest
AF,9,2,12,2.04975,1.8581213786868704,angle_engineered,RandomForest
AF,9,2,14,1.74885,1.8537324646825413,angle_engineered,RandomForest
AF,9,2,21,1.16533,1.1967429639947091,angle_engineered,RandomForest
AF,9,2,23,1.20579,1.1831975040873013,angle_engineered,RandomForest
AF,9,2,32,1.18475,1.1376304880158727,angle_engineered,RandomForest
AF,9,2,34,1.15143,1.1645125895238084,angle_engineered,RandomForest
AF,9,2,37,2.18925,1.8172990644805205,angle_engineered,RandomForest
AF,9,2,38,1.94988,1.810849751666668,angle_engineered,RandomForest
AF,9,2,40,1.42363,1.4019155648544968,angle_engineered,RandomForest
AF,9,2,53,1.22687,1.205529887288359,angle_engineered,RandomForest
AF,9,2,54,1.18756,1.1898452375793644,angle_engineered,RandomForest
AF,9,2,58,1.93806,2.057085711071429,angle_engineered,RandomForest
AF,9,2,61,1.5134,1.4921376023280424,angle_engineered,RandomForest
AF,9,2,74,1.31523,1.3845470133333344,angle_engineered,RandomForest
AF,9,2,76,1.46489,1.4283004009126987,angle_engineered,RandomForest
AF,9,2,80,1.16671,1.1814121762698409,angle_engineered,RandomForest
AF,9,2,88,1.62833,1.429578105198413,angle_engineered,RandomForest
AF,9,2,89,1.49292,1.4423479482142862,angle_engineered,RandomForest
AF,9,2,92,1.21688,1.2349809498280415,angle_engineered,RandomForest
AF,9,3,1,1.7596,2.059324448518521,angle_engineered,RandomForest
AF,9,3,7,1.38795,1.3338643171428572,angle_engineered,RandomForest
AF,9,3,9,1.17187,1.1573584594047612,angle_engineered,RandomForest
AF,9,3,13,1.87831,1.95557472920635,angle_engineered,RandomForest
AF,9,3,24,1.80422,2.2346528631878315,angle_engineered,RandomForest
AF,9,3,27,1.55854,1.4100671501851854,angle_engineered,RandomForest
AF,9,3,28,1.38725,1.3978256970105818,angle_engineered,RandomForest
AF,9,3,36,1.97211,2.02817787527778,angle_engineered,RandomForest
AF,9,3,42,1.23805,1.2033953401587294,angle_engineered,RandomForest
AF,9,3,45,1.15453,1.194042023658008,angle_engineered,RandomForest
AF,9,3,46,1.60113,1.8374548949603176,angle_engineered,RandomForest
AF,9,3,47,1.95358,1.839795368849207,angle_engineered,RandomForest
AF,9,3,55,1.18237,1.1945416527116408,angle_engineered,RandomForest
AF,9,3,59,2.0106,2.0537366946560836,angle_engineered,RandomForest
AF,9,3,69,1.27114,1.1986536908802305,angle_engineered,RandomForest
AF,9,3,73,1.41795,1.3686104886507944,angle_engineered,RandomForest
AF,9,3,75,1.32876,1.5058319301455032,angle_engineered,RandomForest
AF,9,3,79,1.19772,1.150533249835257,angle_engineered,RandomForest
AF,9,3,85,1.70334,1.7793156363492058,angle_engineered,RandomForest
AF,9,4,0,2.29017,1.810459311626984,angle_engineered,RandomForest
AF,9,4,10,1.17573,1.1755375230555547,angle_engineered,RandomForest
AF,9,4,19,1.2125,1.1952433136904743,angle_engineered,RandomForest
AF,9,4,29,1.36564,1.4668857858862439,angle_engineered,RandomForest
AF,9,4,30,1.52016,1.4572672997751333,angle_engineered,RandomForest
AF,9,4,41,1.35048,1.3988315888095242,angle_engineered,RandomForest
AF,9,4,51,1.34172,1.4167744417857144,angle_engineered,RandomForest
AF,9,4,60,2.31133,2.0056748386904775,angle_engineered,RandomForest
AF,9,4,62,1.53985,1.5541483571428585,angle_engineered,RandomForest
AF,9,4,63,1.49433,1.548933447936509,angle_engineered,RandomForest
AF,9,4,64,1.4624,1.5472169518253978,angle_engineered,RandomForest
AF,9,4,66,1.09488,1.1844457994709001,angle_engineered,RandomForest
AF,9,4,72,1.7423,1.8306949482407409,angle_engineered,RandomForest
AF,9,4,81,1.11558,1.1979674567195766,angle_engineered,RandomForest
AF,9,4,82,1.50363,1.8342175871825406,angle_engineered,RandomForest
AF,9,4,83,1.81434,1.762766755674604,angle_engineered,RandomForest
AF,9,4,86,1.27302,1.4795584086772477,angle_engineered,RandomForest
AF,9,4,87,1.4647,1.4888341621428567,angle_engineered,RandomForest
AF,9,4,94,1.35987,1.2216237057142867,angle_engineered,RandomForest
AF,9,5,2,1.80526,2.016265429325398,angle_engineered,RandomForest
AF,9,5,4,1.75407,2.0071268998809533,angle_engineered,RandomForest
AF,9,5,5,1.28243,1.380350606574074,angle_engineered,RandomForest
AF,9,5,6,1.30412,1.392626492407407,angle_engineered,RandomForest
AF,9,5,11,1.28156,1.178826774761905,angle_engineered,RandomForest
AF,9,5,20,1.19111,1.19454165765873,angle_engineered,RandomForest
AF,9,5,22,1.16534,1.1898578080158733,angle_engineered,RandomForest
AF,9,5,26,2.14773,2.151778640357144,angle_engineered,RandomForest
AF,9,5,31,1.21458,1.133245078809524,angle_engineered,RandomForest
AF,9,5,33,1.00068,1.1788317290343924,angle_engineered,RandomForest
AF,9,5,35,1.18045,1.1751156198809536,angle_engineered,RandomForest
AF,9,5,43,1.18126,1.1792495963227532,angle_engineered,RandomForest
AF,9,5,48,1.82522,1.787016232910055,angle_engineered,RandomForest
AF,9,5,49,1.92546,1.772368459219579,angle_engineered,RandomForest
AF,9,5,68,1.22121,1.2133453910714291,angle_engineered,RandomForest
AF,9,5,70,2.36855,1.9651395561904765,angle_engineered,RandomForest
AF,9,5,71,1.56292,1.9310736100000023,angle_engineered,RandomForest
AF,9,5,78,1.14397,1.1862412691666677,angle_engineered,RandomForest
AF,9,5,91,1.20107,1.230691913201058,angle_engineered,RandomForest
AF,10,1,0,2.29017,1.5882765382241597,angle_engineered,GradientBoosting
AF,10,1,2,1.80526,1.9411004766538806,angle_engineered,GradientBoosting
AF,10,1,4,1.75407,1.9042969816036992,angle_engineered,GradientBoosting
AF,10,1,11,1.28156,1.182624503982667,angle_engineered,GradientBoosting
AF,10,1,12,2.04975,1.8670350288252142,angle_engineered,GradientBoosting
AF,10,1,19,1.2125,1.2071590100288678,angle_engineered,GradientBoosting
AF,10,1,46,1.60113,1.8400443645974645,angle_engineered,GradientBoosting
AF,10,1,49,1.92546,1.7892216108832915,angle_engineered,GradientBoosting
AF,10,1,58,1.93806,2.269067075590234,angle_engineered,GradientBoosting
AF,10,1,59,2.0106,2.275242558097064,angle_engineered,GradientBoosting
AF,10,1,67,1.21931,1.159509061949953,angle_engineered,GradientBoosting
AF,10,1,70,2.36855,1.9246155082937468,angle_engineered,GradientBoosting
AF,10,1,71,1.56292,1.9246155082937468,angle_engineered,GradientBoosting
AF,10,1,72,1.7423,1.9209866497821566,angle_engineered,GradientBoosting
AF,10,1,76,1.46489,1.3417115451353667,angle_engineered,GradientBoosting
AF,10,1,79,1.19772,1.1539861275756127,angle_engineered,GradientBoosting
AF,10,1,85,1.70334,1.725348322615608,angle_engineered,GradientBoosting
AF,10,1,87,1.4647,1.3900019542553241,angle_engineered,GradientBoosting
AF,10,1,90,1.54228,1.4233786335145535,angle_engineered,GradientBoosting
AF,10,1,94,1.35987,1.2936040136550244,angle_engineered,GradientBoosting
AF,10,2,9,1.17187,1.1294275773544966,angle_engineered,RandomForest
AF,10,2,14,1.74885,1.9101176559920618,angle_engineered,RandomForest
AF,10,2,15,1.4926,1.3862705768518502,angle_engineered,RandomForest
AF,10,2,20,1.19111,1.2076289751455034,angle_engineered,RandomForest
AF,10,2,26,2.14773,2.1915688252380936,angle_engineered,RandomForest
AF,10,2,29,1.36564,1.4496381864285721,angle_engineered,RandomForest
AF,10,2,31,1.21458,1.1048715340079367,angle_engineered,RandomForest
AF,10,2,32,1.18475,1.1040977758333332,angle_engineered,RandomForest
AF,10,2,43,1.18126,1.1648895327380955,angle_engineered,RandomForest
AF,10,2,44,1.20002,1.1710909480555562,angle_engineered,RandomForest
AF,10,2,65,1.62994,1.490911625992063,angle_engineered,RandomForest
AF,10,2,66,1.09488,1.154022770714285,angle_engineered,RandomForest
AF,10,2,75,1.32876,1.4454269102645496,angle_engineered,RandomForest
AF,10,2,77,1.17845,1.1878687459920636,angle_engineered,RandomForest
AF,10,2,78,1.14397,1.1882598698809526,angle_engineered,RandomForest
AF,10,2,80,1.16671,1.1864829814682545,angle_engineered,RandomForest
AF,10,2,88,1.62833,1.4675082267724866,angle_engineered,RandomForest
AF,10,2,91,1.20107,1.241205669312169,angle_engineered,RandomForest
AF,10,2,92,1.21688,1.2478893598677243,angle_engineered,RandomForest
AF,10,3,1,1.7596,2.053041664343943,angle_engineered,LinearRegression
AF,10,3,3,1.29597,1.684054063631533,angle_engineered,LinearRegression
AF,10,3,5,1.28243,1.5826118766330715,angle_engineered,LinearRegression
AF,10,3,8,1.05256,1.315066462919123,angle_engineered,LinearRegression
AF,10,3,13,1.87831,1.8596052881312464,angle_engineered,LinearRegression
AF,10,3,22,1.16534,1.1119029789034236,angle_engineered,LinearRegression
AF,10,3,23,1.20579,1.0713831226635462,angle_engineered,LinearRegression
AF,10,3,38,1.94988,1.9043837869232356,angle_engineered,LinearRegression
AF,10,3,41,1.35048,1.555706980110628,angle_engineered,LinearRegression
AF,10,3,45,1.15453,1.2070301732980206,angle_engineered,LinearRegression
AF,10,3,47,1.95358,1.722502868874961,angle_engineered,LinearRegression
AF,10,3,50,1.36288,1.4221161146170735,angle_engineered,LinearRegression
AF,10,3,51,1.34172,1.4562084252794467,angle_engineered,LinearRegression
AF,10,3,62,1.53985,1.545650996243971,angle_engineered,LinearRegression
AF,10,3,64,1.4624,1.6534804551703812,angle_engineered,LinearRegression
AF,10,3,68,1.22121,1.205650526736028,angle_engineered,LinearRegression
AF,10,3,74,1.31523,1.4929772848773815,angle_engineered,LinearRegression
AF,10,3,82,1.50363,1.7787104137195358,angle_engineered,LinearRegression
AF,10,3,83,1.81434,1.7780897094654897,angle_engineered,LinearRegression
AF,10,4,7,1.38795,1.3234539031982422,angle_engineered,XGBoost
AF,10,4,17,1.44103,1.342177391052246,angle_engineered,XGBoost
AF,10,4,18,1.42223,1.35501229763031,angle_engineered,XGBoost
AF,10,4,24,1.80422,2.3047006130218506,angle_engineered,XGBoost
AF,10,4,30,1.52016,1.4157882928848267,angle_engineered,XGBoost
AF,10,4,33,1.00068,1.1711004972457886,angle_engineered,XGBoost
AF,10,4,34,1.15143,1.1612904071807861,angle_engineered,XGBoost
AF,10,4,39,1.45212,1.278931736946106,angle_engineered,XGBoost
AF,10,4,40,1.42363,1.3331276178359985,angle_engineered,XGBoost
AF,10,4,48,1.82522,1.8263124227523804,angle_engineered,XGBoost
AF,10,4,53,1.22687,1.1951874494552612,angle_engineered,XGBoost
AF,10,4,54,1.18756,1.2250118255615234,angle_engineered,XGBoost
AF,10,4,55,1.18237,1.2250118255615234,angle_engineered,XGBoost
AF,10,4,56,1.19584,1.3019049167633057,angle_engineered,XGBoost
AF,10,4,61,1.5134,1.4022804498672485,angle_engineered,XGBoost
AF,10,4,63,1.49433,1.4996637105941772,angle_engineered,XGBoost
AF,10,4,81,1.11558,1.2084699869155884,angle_engineered,XGBoost
AF,10,4,93,1.30275,1.348230242729187,angle_engineered,XGBoost
AF,10,4,95,1.16353,1.3514585494995117,angle_engineered,XGBoost
AF,10,5,6,1.30412,1.3544127775396813,angle_engineered,RandomForest
AF,10,5,10,1.17573,1.185937570833333,angle_engineered,RandomForest
AF,10,5,16,1.39505,1.4305093048015876,angle_engineered,RandomForest
AF,10,5,21,1.16533,1.2079864652380956,angle_engineered,RandomForest
AF,10,5,25,2.44505,1.9836888440211666,angle_engineered,RandomForest
AF,10,5,27,1.55854,1.4059700483333333,angle_engineered,RandomForest
AF,10,5,28,1.38725,1.398323079933862,angle_engineered,RandomForest
AF,10,5,35,1.18045,1.15023143829365,angle_engineered,RandomForest
AF,10,5,36,1.97211,1.8944926466269842,angle_engineered,RandomForest
AF,10,5,37,2.18925,1.8427606276851858,angle_engineered,RandomForest
AF,10,5,42,1.23805,1.199225011322752,angle_engineered,RandomForest
AF,10,5,52,1.42105,1.4217375193650803,angle_engineered,RandomForest
AF,10,5,57,1.80075,1.989875289497357,angle_engineered,RandomForest
AF,10,5,60,2.31133,2.01091422660053,angle_engineered,RandomForest
AF,10,5,69,1.27114,1.1998749587698405,angle_engineered,RandomForest
AF,10,5,73,1.41795,1.3881890597619042,angle_engineered,RandomForest
AF,10,5,84,1.78987,1.73119382026455,angle_engineered,RandomForest
AF,10,5,86,1.27302,1.4468719252380948,angle_engineered,RandomForest
AF,10,5,89,1.49292,1.5325197828968256,angle_engineered,RandomForest
AF,11,1,2,1.80526,1.954152596825398,angle_rheology_enhanced,RandomForest
AF,11,1,4,1.75407,1.9463126877777788,angle_rheology_enhanced,RandomForest
AF,11,1,8,1.05256,1.1723928407142852,angle_rheology_enhanced,RandomForest
AF,11,1,14,1.74885,1.9252688253306902,angle_rheology_enhanced,RandomForest
AF,11,1,19,1.2125,1.179797627486772,angle_rheology_enhanced,RandomForest
AF,11,1,24,1.80422,2.2106604793253966,angle_rheology_enhanced,RandomForest
AF,11,1,27,1.55854,1.4377974797883601,angle_rheology_enhanced,RandomForest
AF,11,1,29,1.36564,1.4367327497089952,angle_rheology_enhanced,RandomForest
AF,11,1,40,1.42363,1.4068622765476204,angle_rheology_enhanced,RandomForest
AF,11,1,44,1.20002,1.1780991132539682,angle_rheology_enhanced,RandomForest
AF,11,1,53,1.22687,1.1950355719444443,angle_rheology_enhanced,RandomForest
AF,11,1,55,1.18237,1.1993674964285719,angle_rheology_enhanced,RandomForest
AF,11,1,58,1.93806,1.9822782357936528,angle_rheology_enhanced,RandomForest
AF,11,1,60,2.31133,1.9527630693253983,angle_rheology_enhanced,RandomForest
AF,11,1,65,1.62994,1.4872012128835965,angle_rheology_enhanced,RandomForest
AF,11,1,70,2.36855,1.8347475142857137,angle_rheology_enhanced,RandomForest
AF,11,1,72,1.7423,1.772571962619047,angle_rheology_enhanced,RandomForest
AF,11,1,77,1.17845,1.1709839325661375,angle_rheology_enhanced,RandomForest
AF,11,1,78,1.14397,1.1706850985257333,angle_rheology_enhanced,RandomForest
AF,11,1,91,1.20107,1.252455091494708,angle_rheology_enhanced,RandomForest
AF,11,2,3,1.29597,1.3557494894047621,angle_engineered,RandomForest
AF,11,2,12,2.04975,1.897813106560845,angle_engineered,RandomForest
AF,11,2,36,1.97211,1.9876284360317429,angle_engineered,RandomForest
AF,11,2,47,1.95358,1.6116090294973555,angle_engineered,RandomForest
AF,11,2,48,1.82522,1.6047083393386246,angle_engineered,RandomForest
AF,11,2,49,1.92546,1.6047776591798948,angle_engineered,RandomForest
AF,11,2,51,1.34172,1.4100420819047625,angle_engineered,RandomForest
AF,11,2,56,1.19584,1.2049891935581996,angle_engineered,RandomForest
AF,11,2,62,1.53985,1.5127726075925927,angle_engineered,RandomForest
AF,11,2,67,1.21931,1.1392800394444438,angle_engineered,RandomForest
AF,11,2,68,1.22121,1.1837805123015865,angle_engineered,RandomForest
AF,11,2,80,1.16671,1.170290776851851,angle_engineered,RandomForest
AF,11,2,82,1.50363,1.5716322480687828,angle_engineered,RandomForest
AF,11,2,83,1.81434,1.6160860754497355,angle_engineered,RandomForest
AF,11,2,84,1.78987,1.613884725727513,angle_engineered,RandomForest
AF,11,2,85,1.70334,1.6136625590608464,angle_engineered,RandomForest
AF,11,2,89,1.49292,1.4947503185582003,angle_engineered,RandomForest
AF,11,2,90,1.54228,1.4943286785582004,angle_engineered,RandomForest
AF,11,2,93,1.30275,1.229468454616402,angle_engineered,RandomForest
AF,11,3,0,2.29017,1.7996432803968245,angle_rheology_enhanced,RandomForest
AF,11,3,9,1.17187,1.1670042228571413,angle_rheology_enhanced,RandomForest
AF,11,3,10,1.17573,1.2055360419047612,angle_rheology_enhanced,RandomForest
AF,11,3,15,1.4926,1.3891015883333335,angle_rheology_enhanced,RandomForest
AF,11,3,17,1.44103,1.3971056753174598,angle_rheology_enhanced,RandomForest
AF,11,3,21,1.16533,1.1915041462698406,angle_rheology_enhanced,RandomForest
AF,11,3,25,2.44505,1.973611861160414,angle_rheology_enhanced,RandomForest
AF,11,3,26,2.14773,2.0856848023773438,angle_rheology_enhanced,RandomForest
AF,11,3,30,1.52016,1.397989897936507,angle_rheology_enhanced,RandomForest
AF,11,3,31,1.21458,1.1266764134920615,angle_rheology_enhanced,RandomForest
AF,11,3,38,1.94988,1.9909351747619026,angle_rheology_enhanced,RandomForest
AF,11,3,41,1.35048,1.39655658968254,angle_rheology_enhanced,RandomForest
AF,11,3,52,1.42105,1.3882597111507942,angle_rheology_enhanced,RandomForest
AF,11,3,57,1.80075,1.994072819837663,angle_rheology_enhanced,RandomForest
AF,11,3,66,1.09488,1.1865707801322734,angle_rheology_enhanced,RandomForest
AF,11,3,73,1.41795,1.354468520357144,angle_rheology_enhanced,RandomForest
AF,11,3,76,1.46489,1.4366247459523809,angle_rheology_enhanced,RandomForest
AF,11,3,79,1.19772,1.150550169960317,angle_rheology_enhanced,RandomForest
AF,11,3,92,1.21688,1.2540383820370373,angle_rheology_enhanced,RandomForest
AF,11,4,1,1.7596,1.9465837828571444,angle_engineered,RandomForest
AF,11,4,6,1.30412,1.3400801282142842,angle_engineered,RandomForest
AF,11,4,7,1.38795,1.3480354532936494,angle_engineered,RandomForest
AF,11,4,18,1.42223,1.3984524599206345,angle_engineered,RandomForest
AF,11,4,20,1.19111,1.2177480073015865,angle_engineered,RandomForest
AF,11,4,22,1.16534,1.2020296289550267,angle_engineered,RandomForest
AF,11,4,34,1.15143,1.1692772202910044,angle_engineered,RandomForest
AF,11,4,37,2.18925,1.8889623996031757,angle_engineered,RandomForest
AF,11,4,39,1.45212,1.3963457058670032,angle_engineered,RandomForest
AF,11,4,43,1.18126,1.1843655353439142,angle_engineered,RandomForest
AF,11,4,50,1.36288,1.3768239502453088,angle_engineered,RandomForest
AF,11,4,59,2.0106,2.0683705603439138,angle_engineered,RandomForest
AF,11,4,63,1.49433,1.5481719292195788,angle_engineered,RandomForest
AF,11,4,64,1.4624,1.5534141375529116,angle_engineered,RandomForest
AF,11,4,71,1.56292,2.146536937301584,angle_engineered,RandomForest
AF,11,4,74,1.31523,1.4154853830423275,angle_engineered,RandomForest
AF,11,4,75,1.32876,1.4666141648280429,angle_engineered,RandomForest
AF,11,4,81,1.11558,1.2052372092857147,angle_engineered,RandomForest
AF,11,4,88,1.62833,1.4715270398148153,angle_engineered,RandomForest
AF,11,5,5,1.28243,1.3541300067592597,angle_engineered,RandomForest
AF,11,5,11,1.28156,1.1665039868386238,angle_engineered,RandomForest
AF,11,5,13,1.87831,1.9529900334523833,angle_engineered,RandomForest
AF,11,5,16,1.39505,1.433809608703703,angle_engineered,RandomForest
AF,11,5,23,1.20579,1.1776474337830682,angle_engineered,RandomForest
AF,11,5,28,1.38725,1.4789140009920654,angle_engineered,RandomForest
AF,11,5,32,1.18475,1.182711871587301,angle_engineered,RandomForest
AF,11,5,33,1.00068,1.1794709233068768,angle_engineered,RandomForest
AF,11,5,35,1.18045,1.1686736998412688,angle_engineered,RandomForest
AF,11,5,42,1.23805,1.1880069111507925,angle_engineered,RandomForest
AF,11,5,45,1.15453,1.1906865514285698,angle_engineered,RandomForest
AF,11,5,46,1.60113,1.89424142596561,angle_engineered,RandomForest
AF,11,5,54,1.18756,1.1986048115079362,angle_engineered,RandomForest
AF,11,5,61,1.5134,1.5028343056084665,angle_engineered,RandomForest
AF,11,5,69,1.27114,1.196519809047618,angle_engineered,RandomForest
AF,11,5,86,1.27302,1.4686611709126989,angle_engineered,RandomForest
AF,11,5,87,1.4647,1.4793648827380952,angle_engineered,RandomForest
AF,11,5,94,1.35987,1.2323277325793651,angle_engineered,RandomForest
AF,11,5,95,1.16353,1.2323277325793651,angle_engineered,RandomForest
AF,12,1,0,2.29017,1.8116187239285697,angle_rheology_enhanced,RandomForest
AF,12,1,3,1.29597,1.37799118813492,angle_rheology_enhanced,RandomForest
AF,12,1,5,1.28243,1.37261841313492,angle_rheology_enhanced,RandomForest
AF,12,1,10,1.17573,1.1868044903968245,angle_rheology_enhanced,RandomForest
AF,12,1,19,1.2125,1.1866438541269846,angle_rheology_enhanced,RandomForest
AF,12,1,28,1.38725,1.4776882475264566,angle_rheology_enhanced,RandomForest
AF,12,1,32,1.18475,1.1389165574086093,angle_rheology_enhanced,RandomForest
AF,12,1,34,1.15143,1.1414469317869165,angle_rheology_enhanced,RandomForest
AF,12,1,36,1.97211,2.024738305476191,angle_rheology_enhanced,RandomForest
AF,12,1,39,1.45212,1.394310550357144,angle_rheology_enhanced,RandomForest
AF,12,1,50,1.36288,1.3790198308201058,angle_rheology_enhanced,RandomForest
AF,12,1,53,1.22687,1.196201279047619,angle_rheology_enhanced,RandomForest
AF,12,1,55,1.18237,1.2041438454100537,angle_rheology_enhanced,RandomForest
AF,12,1,62,1.53985,1.5088778095502655,angle_rheology_enhanced,RandomForest
AF,12,1,65,1.62994,1.4852750289947092,angle_rheology_enhanced,RandomForest
AF,12,1,68,1.22121,1.2064083373544972,angle_rheology_enhanced,RandomForest
AF,12,1,79,1.19772,1.1462724260052912,angle_rheology_enhanced,RandomForest
AF,12,1,83,1.81434,1.6864002989682538,angle_rheology_enhanced,RandomForest
AF,12,1,89,1.49292,1.5321696393253974,angle_rheology_enhanced,RandomForest
AF,12,1,95,1.16353,1.2855947494047606,angle_rheology_enhanced,RandomForest
AF,12,2,4,1.75407,1.8696695951707538,angle_rheology_enhanced,RandomForest
AF,12,2,7,1.38795,1.3047434042460313,angle_rheology_enhanced,RandomForest
AF,12,2,15,1.4926,1.4006323038492061,angle_rheology_enhanced,RandomForest
AF,12,2,17,1.44103,1.3999443113888885,angle_rheology_enhanced,RandomForest
AF,12,2,20,1.19111,1.2105421863095236,angle_rheology_enhanced,RandomForest
AF,12,2,21,1.16533,1.2026810449206347,angle_rheology_enhanced,RandomForest
AF,12,2,24,1.80422,2.2298267792063506,angle_rheology_enhanced,RandomForest
AF,12,2,30,1.52016,1.3900192613756608,angle_rheology_enhanced,RandomForest
AF,12,2,42,1.23805,1.1881987750757583,angle_rheology_enhanced,RandomForest
AF,12,2,49,1.92546,1.8392182412698428,angle_rheology_enhanced,RandomForest
AF,12,2,51,1.34172,1.3866214644576729,angle_rheology_enhanced,RandomForest
AF,12,2,57,1.80075,2.096880770753971,angle_rheology_enhanced,RandomForest
AF,12,2,70,2.36855,1.8246113379365068,angle_rheology_enhanced,RandomForest
AF,12,2,74,1.31523,1.3935497182275138,angle_rheology_enhanced,RandomForest
AF,12,2,76,1.46489,1.449821351402116,angle_rheology_enhanced,RandomForest
AF,12,2,78,1.14397,1.1847334076190477,angle_rheology_enhanced,RandomForest
AF,12,2,81,1.11558,1.2068415754497364,angle_rheology_enhanced,RandomForest
AF,12,2,82,1.50363,1.7895031342857146,angle_rheology_enhanced,RandomForest
AF,12,2,93,1.30275,1.2165214814646461,angle_rheology_enhanced,RandomForest
AF,12,3,1,1.7596,2.0802112265873007,angle_engineered,RandomForest
AF,12,3,2,1.80526,2.0501905328571417,angle_engineered,RandomForest
AF,12,3,8,1.05256,1.1861626056746029,angle_engineered,RandomForest
AF,12,3,23,1.20579,1.1805221243650812,angle_engineered,RandomForest
AF,12,3,31,1.21458,1.1853370488095243,angle_engineered,RandomForest
AF,12,3,33,1.00068,1.1805484664285713,angle_engineered,RandomForest
AF,12,3,40,1.42363,1.4170954429761906,angle_engineered,RandomForest
AF,12,3,41,1.35048,1.392398218637566,angle_engineered,RandomForest
AF,12,3,43,1.18126,1.1842057207972587,angle_engineered,RandomForest
AF,12,3,46,1.60113,1.8860816532539673,angle_engineered,RandomForest
AF,12,3,56,1.19584,1.1896752368121697,angle_engineered,RandomForest
AF,12,3,64,1.4624,1.5337172018386243,angle_engineered,RandomForest
AF,12,3,66,1.09488,1.2137563279232795,angle_engineered,RandomForest
AF,12,3,71,1.56292,2.1868700872486753,angle_engineered,RandomForest
AF,12,3,72,1.7423,2.1854290830820085,angle_engineered,RandomForest
AF,12,3,73,1.41795,1.3651014921031746,angle_engineered,RandomForest
AF,12,3,84,1.78987,1.722316706415343,angle_engineered,RandomForest
AF,12,3,92,1.21688,1.2204652160401646,angle_engineered,RandomForest
AF,12,3,94,1.35987,1.2040788649422804,angle_engineered,RandomForest
AF,12,4,6,1.30412,1.3552631131084645,angle_engineered,RandomForest
AF,12,4,11,1.28156,1.1790488482936508,angle_engineered,RandomForest
AF,12,4,13,1.87831,1.9873093516666664,angle_engineered,RandomForest
AF,12,4,14,1.74885,1.9596967072222233,angle_engineered,RandomForest
AF,12,4,16,1.39505,1.4341777722222215,angle_engineered,RandomForest
AF,12,4,26,2.14773,2.1398487328042313,angle_engineered,RandomForest
AF,12,4,44,1.20002,1.18502658670635,angle_engineered,RandomForest
AF,12,4,45,1.15453,1.2067150943386244,angle_engineered,RandomForest
AF,12,4,47,1.95358,1.7203330653835989,angle_engineered,RandomForest
AF,12,4,52,1.42105,1.4135643868253969,angle_engineered,RandomForest
AF,12,4,54,1.18756,1.194315682804233,angle_engineered,RandomForest
AF,12,4,59,2.0106,1.9750322995899459,angle_engineered,RandomForest
AF,12,4,60,2.31133,1.9773065961772474,angle_engineered,RandomForest
AF,12,4,67,1.21931,1.1430142863095227,angle_engineered,RandomForest
AF,12,4,77,1.17845,1.1660964099603164,angle_engineered,RandomForest
AF,12,4,80,1.16671,1.178806790436508,angle_engineered,RandomForest
AF,12,4,86,1.27302,1.4436827951984121,angle_engineered,RandomForest
AF,12,4,90,1.54228,1.5206985506878299,angle_engineered,RandomForest
AF,12,4,91,1.20107,1.2342614474999996,angle_engineered,RandomForest
AF,12,5,9,1.17187,1.14538969876984,angle_engineered,RandomForest
AF,12,5,12,2.04975,1.8464408434920638,angle_engineered,RandomForest
AF,12,5,18,1.42223,1.398252734761905,angle_engineered,RandomForest
AF,12,5,22,1.16534,1.1924934952777775,angle_engineered,RandomForest
AF,12,5,25,2.44505,2.022650107261905,angle_engineered,RandomForest
AF,12,5,27,1.55854,1.456687021772487,angle_engineered,RandomForest
AF,12,5,29,1.36564,1.4516975713756615,angle_engineered,RandomForest
AF,12,5,35,1.18045,1.1534227459126989,angle_engineered,RandomForest
AF,12,5,37,2.18925,1.833786835198412,angle_engineered,RandomForest
AF,12,5,38,1.94988,1.8044875236111095,angle_engineered,RandomForest
AF,12,5,48,1.82522,1.8716762372619067,angle_engineered,RandomForest
AF,12,5,58,1.93806,1.9877865887698407,angle_engineered,RandomForest
AF,12,5,61,1.5134,1.5094291034920628,angle_engineered,RandomForest
AF,12,5,63,1.49433,1.5412697301851852,angle_engineered,RandomForest
AF,12,5,69,1.27114,1.1953162355952378,angle_engineered,RandomForest
AF,12,5,75,1.32876,1.4443669570370383,angle_engineered,RandomForest
AF,12,5,85,1.70334,1.7497702033597875,angle_engineered,RandomForest
AF,12,5,87,1.4647,1.3564258569576728,angle_engineered,RandomForest
AF,12,5,88,1.62833,1.4481982896560852,angle_engineered,RandomForest
AF,13,1,0,2.29017,1.551232475413919,angle_engineered,GradientBoosting
AF,13,1,10,1.17573,1.1509699207442188,angle_engineered,GradientBoosting
AF,13,1,22,1.16534,1.2155606530682446,angle_engineered,GradientBoosting
AF,13,1,29,1.36564,1.4830635471926827,angle_engineered,GradientBoosting
AF,13,1,31,1.21458,1.1141509126790539,angle_engineered,GradientBoosting
AF,13,1,32,1.18475,1.1902573485090435,angle_engineered,GradientBoosting
AF,13,1,33,1.00068,1.1787189331226702,angle_engineered,GradientBoosting
AF,13,1,36,1.97211,1.910463173449214,angle_engineered,GradientBoosting
AF,13,1,37,2.18925,1.882703566341208,angle_engineered,GradientBoosting
AF,13,1,42,1.23805,1.190153490926058,angle_engineered,GradientBoosting
AF,13,1,58,1.93806,2.266409141327899,angle_engineered,GradientBoosting
AF,13,1,72,1.7423,1.6608640060589737,angle_engineered,GradientBoosting
AF,13,1,74,1.31523,1.432693196447922,angle_engineered,GradientBoosting
AF,13,1,78,1.14397,1.201343043562315,angle_engineered,GradientBoosting
AF,13,1,84,1.78987,1.7952463647314403,angle_engineered,GradientBoosting
AF,13,1,85,1.70334,1.7089553816294074,angle_engineered,GradientBoosting
AF,13,1,86,1.27302,1.3309384850375807,angle_engineered,GradientBoosting
AF,13,1,87,1.4647,1.3818729370942393,angle_engineered,GradientBoosting
AF,13,1,88,1.62833,1.466848356553599,angle_engineered,GradientBoosting
AF,13,1,90,1.54228,1.3824955513622532,angle_engineered,GradientBoosting
AF,13,2,4,1.75407,1.894636869430542,angle_engineered,XGBoost
AF,13,2,11,1.28156,1.183767557144165,angle_engineered,XGBoost
AF,13,2,20,1.19111,1.2027692794799805,angle_engineered,XGBoost
AF,13,2,21,1.16533,1.1993361711502075,angle_engineered,XGBoost
AF,13,2,28,1.38725,1.377264142036438,angle_engineered,XGBoost
AF,13,2,34,1.15143,1.157272219657898,angle_engineered,XGBoost
AF,13,2,38,1.94988,1.774645209312439,angle_engineered,XGBoost
AF,13,2,59,2.0106,2.153958320617676,angle_engineered,XGBoost
AF,13,2,61,1.5134,1.4857511520385742,angle_engineered,XGBoost
AF,13,2,65,1.62994,1.4865984916687012,angle_engineered,XGBoost
AF,13,2,66,1.09488,1.1922221183776855,angle_engineered,XGBoost
AF,13,2,67,1.21931,1.1790456771850586,angle_engineered,XGBoost
AF,13,2,70,2.36855,1.7014179229736328,angle_engineered,XGBoost
AF,13,2,73,1.41795,1.3657618761062622,angle_engineered,XGBoost
AF,13,2,75,1.32876,1.4015796184539795,angle_engineered,XGBoost
AF,13,2,80,1.16671,1.201629400253296,angle_engineered,XGBoost
AF,13,2,81,1.11558,1.238808035850525,angle_engineered,XGBoost
AF,13,2,82,1.50363,1.7591882944107056,angle_engineered,XGBoost
AF,13,2,93,1.30275,1.306011438369751,angle_engineered,XGBoost
AF,13,3,12,2.04975,1.860708190846561,angle_rheology_enhanced,RandomForest
AF,13,3,27,1.55854,1.4051593475661377,angle_rheology_enhanced,RandomForest
AF,13,3,35,1.18045,1.1523513275264539,angle_rheology_enhanced,RandomForest
AF,13,3,40,1.42363,1.4263828604629623,angle_rheology_enhanced,RandomForest
AF,13,3,41,1.35048,1.4182478541798942,angle_rheology_enhanced,RandomForest
AF,13,3,43,1.18126,1.185140659140211,angle_rheology_enhanced,RandomForest
AF,13,3,45,1.15453,1.2112873658862424,angle_rheology_enhanced,RandomForest
AF,13,3,46,1.60113,1.8331794392460332,angle_rheology_enhanced,RandomForest
AF,13,3,47,1.95358,1.8328653020238108,angle_rheology_enhanced,RandomForest
AF,13,3,48,1.82522,1.8336093398015885,angle_rheology_enhanced,RandomForest
AF,13,3,50,1.36288,1.4128915660714294,angle_rheology_enhanced,RandomForest
AF,13,3,51,1.34172,1.4128459944047627,angle_rheology_enhanced,RandomForest
AF,13,3,53,1.22687,1.1974869583333336,angle_rheology_enhanced,RandomForest
AF,13,3,63,1.49433,1.5229870684391544,angle_rheology_enhanced,RandomForest
AF,13,3,71,1.56292,2.1597577011423734,angle_rheology_enhanced,RandomForest
AF,13,3,76,1.46489,1.4602339517460314,angle_rheology_enhanced,RandomForest
AF,13,3,79,1.19772,1.1472174462698406,angle_rheology_enhanced,RandomForest
AF,13,3,83,1.81434,1.6953271796296299,angle_rheology_enhanced,RandomForest
AF,13,3,94,1.35987,1.2233848384920643,angle_rheology_enhanced,RandomForest
AF,13,4,1,1.7596,2.090432643890381,angle_engineered,XGBoost
AF,13,4,5,1.28243,1.3202428817749023,angle_engineered,XGBoost
AF,13,4,8,1.05256,1.1659873723983765,angle_engineered,XGBoost
AF,13,4,14,1.74885,1.9756340980529785,angle_engineered,XGBoost
AF,13,4,18,1.42223,1.3595315217971802,angle_engineered,XGBoost
AF,13,4,19,1.2125,1.2134764194488525,angle_engineered,XGBoost
AF,13,4,24,1.80422,2.3737006187438965,angle_engineered,XGBoost
AF,13,4,26,2.14773,2.083367347717285,angle_engineered,XGBoost
AF,13,4,39,1.45212,1.3376718759536743,angle_engineered,XGBoost
AF,13,4,44,1.20002,1.1967829465866089,angle_engineered,XGBoost
AF,13,4,49,1.92546,1.7206264734268188,angle_engineered,XGBoost
AF,13,4,54,1.18756,1.2279012203216553,angle_engineered,XGBoost
AF,13,4,55,1.18237,1.230013370513916,angle_engineered,XGBoost
AF,13,4,57,1.80075,2.030749797821045,angle_engineered,XGBoost
AF,13,4,60,2.31133,2.0012457370758057,angle_engineered,XGBoost
AF,13,4,77,1.17845,1.1839754581451416,angle_engineered,XGBoost
AF,13,4,89,1.49292,1.5492206811904907,angle_engineered,XGBoost
AF,13,4,91,1.20107,1.1327682733535767,angle_engineered,XGBoost
AF,13,4,95,1.16353,1.3413301706314087,angle_engineered,XGBoost
AF,13,5,2,1.80526,1.889975020574797,angle_engineered,RandomForest
AF,13,5,3,1.29597,1.3943702885317457,angle_engineered,RandomForest
AF,13,5,6,1.30412,1.3713334932936498,angle_engineered,RandomForest
AF,13,5,7,1.38795,1.3708484998809516,angle_engineered,RandomForest
AF,13,5,9,1.17187,1.144899068240741,angle_engineered,RandomForest
AF,13,5,13,1.87831,1.9766687365476197,angle_engineered,RandomForest
AF,13,5,15,1.4926,1.3701513177513223,angle_engineered,RandomForest
AF,13,5,16,1.39505,1.374333153862433,angle_engineered,RandomForest
AF,13,5,17,1.44103,1.3777756798809515,angle_engineered,RandomForest
AF,13,5,23,1.20579,1.1796890849603185,angle_engineered,RandomForest
AF,13,5,25,2.44505,1.9907630939682546,angle_engineered,RandomForest
AF,13,5,30,1.52016,1.400035372354497,angle_engineered,RandomForest
AF,13,5,52,1.42105,1.3938508009920634,angle_engineered,RandomForest
AF,13,5,56,1.19584,1.2164927603571425,angle_engineered,RandomForest
AF,13,5,62,1.53985,1.5371239541666681,angle_engineered,RandomForest
AF,13,5,64,1.4624,1.5391595078174614,angle_engineered,RandomForest
AF,13,5,68,1.22121,1.1740010401984122,angle_engineered,RandomForest
AF,13,5,69,1.27114,1.1775553465476183,angle_engineered,RandomForest
AF,13,5,92,1.21688,1.2382575672222214,angle_engineered,RandomForest
AF,14,1,4,1.75407,1.6958541036187893,angle_rheology_enhanced,SVR_RBF
AF,14,1,5,1.28243,1.3256226055941958,angle_rheology_enhanced,SVR_RBF
AF,14,1,6,1.30412,1.3231648022310272,angle_rheology_enhanced,SVR_RBF
AF,14,1,8,1.05256,1.121413274040657,angle_rheology_enhanced,SVR_RBF
AF,14,1,9,1.17187,1.1411602157082772,angle_rheology_enhanced,SVR_RBF
AF,14,1,14,1.74885,1.8642079310098492,angle_rheology_enhanced,SVR_RBF
AF,14,1,17,1.44103,1.4487102284713498,angle_rheology_enhanced,SVR_RBF
AF,14,1,22,1.16534,1.2398934021360788,angle_rheology_enhanced,SVR_RBF
AF,14,1,23,1.20579,1.2700865200337579,angle_rheology_enhanced,SVR_RBF
AF,14,1,47,1.95358,1.7202644115471846,angle_rheology_enhanced,SVR_RBF
AF,14,1,56,1.19584,1.205956958347037,angle_rheology_enhanced,SVR_RBF
AF,14,1,70,2.36855,1.6011758145976982,angle_rheology_enhanced,SVR_RBF
AF,14,1,73,1.41795,1.232586791777623,angle_rheology_enhanced,SVR_RBF
AF,14,1,75,1.32876,1.3452885505063132,angle_rheology_enhanced,SVR_RBF
AF,14,1,78,1.14397,1.148413295782526,angle_rheology_enhanced,SVR_RBF
AF,14,1,81,1.11558,1.2615188212925255,angle_rheology_enhanced,SVR_RBF
AF,14,1,83,1.81434,1.6844209607220126,angle_rheology_enhanced,SVR_RBF
AF,14,1,85,1.70334,1.7952453090146927,angle_rheology_enhanced,SVR_RBF
AF,14,1,88,1.62833,1.4614669723390665,angle_rheology_enhanced,SVR_RBF
AF,14,1,94,1.35987,1.233688973281711,angle_rheology_enhanced,SVR_RBF
AF,14,2,2,1.80526,1.836338845194285,angle_engineered,LinearRegression
AF,14,2,11,1.28156,0.9215054363765556,angle_engineered,LinearRegression
AF,14,2,15,1.4926,1.5348733630014968,angle_engineered,LinearRegression
AF,14,2,20,1.19111,1.1827806880005616,angle_engineered,LinearRegression
AF,14,2,25,2.44505,1.9672365557068643,angle_engineered,LinearRegression
AF,14,2,28,1.38725,1.5406851039649454,angle_engineered,LinearRegression
AF,14,2,30,1.52016,1.5387844634847678,angle_engineered,LinearRegression
AF,14,2,34,1.15143,1.1234626780973047,angle_engineered,LinearRegression
AF,14,2,36,1.97211,1.908793130983257,angle_engineered,LinearRegression
AF,14,2,38,1.94988,1.8883166653346692,angle_engineered,LinearRegression
AF,14,2,40,1.42363,1.5394881449037794,angle_engineered,LinearRegression
AF,14,2,50,1.36288,1.4568266478743037,angle_engineered,LinearRegression
AF,14,2,58,1.93806,1.961292754162952,angle_engineered,LinearRegression
AF,14,2,65,1.62994,1.6896112774393095,angle_engineered,LinearRegression
AF,14,2,67,1.21931,1.0943239207507631,angle_engineered,LinearRegression
AF,14,2,76,1.46489,1.481953103637478,angle_engineered,LinearRegression
AF,14,2,79,1.19772,1.1093231730687836,angle_engineered,LinearRegression
AF,14,2,84,1.78987,1.7421199133050973,angle_engineered,LinearRegression
AF,14,2,93,1.30275,1.2023360409369745,angle_engineered,LinearRegression
AF,14,3,1,1.7596,2.0128461178439156,angle_engineered,RandomForest
AF,14,3,3,1.29597,1.34866682635642,angle_engineered,RandomForest
AF,14,3,7,1.38795,1.3545061490476185,angle_engineered,RandomForest
AF,14,3,16,1.39505,1.4280995466738806,angle_engineered,RandomForest
AF,14,3,18,1.42223,1.4079453621031754,angle_engineered,RandomForest
AF,14,3,19,1.2125,1.1952085642460324,angle_engineered,RandomForest
AF,14,3,27,1.55854,1.4008285191402108,angle_engineered,RandomForest
AF,14,3,32,1.18475,1.1417450552777775,angle_engineered,RandomForest
AF,14,3,41,1.35048,1.4003314078703706,angle_engineered,RandomForest
AF,14,3,42,1.23805,1.2034727937698408,angle_engineered,RandomForest
AF,14,3,45,1.15453,1.1939394155687837,angle_engineered,RandomForest
AF,14,3,53,1.22687,1.2036804435582018,angle_engineered,RandomForest
AF,14,3,57,1.80075,2.032114412261905,angle_engineered,RandomForest
AF,14,3,63,1.49433,1.5199631054894178,angle_engineered,RandomForest
AF,14,3,68,1.22121,1.1612107022222211,angle_engineered,RandomForest
AF,14,3,69,1.27114,1.165155645185184,angle_engineered,RandomForest
AF,14,3,82,1.50363,1.7940372124735449,angle_engineered,RandomForest
AF,14,3,86,1.27302,1.436650438029101,angle_engineered,RandomForest
AF,14,3,87,1.4647,1.4531311681878314,angle_engineered,RandomForest
AF,14,4,0,2.29017,1.6301383972167969,angle_engineered,XGBoost
AF,14,4,10,1.17573,1.161691665649414,angle_engineered,XGBoost
AF,14,4,13,1.87831,1.9645594358444214,angle_engineered,XGBoost
AF,14,4,21,1.16533,1.1921753883361816,angle_engineered,XGBoost
AF,14,4,43,1.18126,1.198683261871338,angle_engineered,XGBoost
AF,14,4,44,1.20002,1.2036592960357666,angle_engineered,XGBoost
AF,14,4,48,1.82522,1.7857227325439453,angle_engineered,XGBoost
AF,14,4,49,1.92546,1.7368495464324951,angle_engineered,XGBoost
AF,14,4,51,1.34172,1.4381842613220215,angle_engineered,XGBoost
AF,14,4,52,1.42105,1.4334959983825684,angle_engineered,XGBoost
AF,14,4,59,2.0106,2.018106698989868,angle_engineered,XGBoost
AF,14,4,60,2.31133,2.0224342346191406,angle_engineered,XGBoost
AF,14,4,62,1.53985,1.5350139141082764,angle_engineered,XGBoost
AF,14,4,64,1.4624,1.499306082725525,angle_engineered,XGBoost
AF,14,4,66,1.09488,1.2146859169006348,angle_engineered,XGBoost
AF,14,4,74,1.31523,1.455822467803955,angle_engineered,XGBoost
AF,14,4,80,1.16671,1.143498420715332,angle_engineered,XGBoost
AF,14,4,89,1.49292,1.5350052118301392,angle_engineered,XGBoost
AF,14,4,91,1.20107,1.1199169158935547,angle_engineered,XGBoost
AF,14,5,12,2.04975,1.8412284363095244,angle_rheology_enhanced,RandomForest
AF,14,5,24,1.80422,2.269353811058199,angle_rheology_enhanced,RandomForest
AF,14,5,26,2.14773,2.2797307215343885,angle_rheology_enhanced,RandomForest
AF,14,5,29,1.36564,1.4601588472354514,angle_rheology_enhanced,RandomForest
AF,14,5,31,1.21458,1.1268786685714285,angle_rheology_enhanced,RandomForest
AF,14,5,33,1.00068,1.1700052490476185,angle_rheology_enhanced,RandomForest
AF,14,5,35,1.18045,1.1673991261111105,angle_rheology_enhanced,RandomForest
AF,14,5,37,2.18925,1.924526443145744,angle_rheology_enhanced,RandomForest
AF,14,5,39,1.45212,1.3810933907539693,angle_rheology_enhanced,RandomForest
AF,14,5,46,1.60113,1.9140598713997137,angle_rheology_enhanced,RandomForest
AF,14,5,54,1.18756,1.2132893291005298,angle_rheology_enhanced,RandomForest
AF,14,5,55,1.18237,1.2150939777777778,angle_rheology_enhanced,RandomForest
AF,14,5,61,1.5134,1.5124875278968257,angle_rheology_enhanced,RandomForest
AF,14,5,71,1.56292,2.2578588704497324,angle_rheology_enhanced,RandomForest
AF,14,5,72,1.7423,2.2448055102116373,angle_rheology_enhanced,RandomForest
AF,14,5,77,1.17845,1.1667972725925924,angle_rheology_enhanced,RandomForest
AF,14,5,90,1.54228,1.5110136490343917,angle_rheology_enhanced,RandomForest
AF,14,5,92,1.21688,1.2543594431349196,angle_rheology_enhanced,RandomForest
AF,14,5,95,1.16353,1.2892708532010555,angle_rheology_enhanced,RandomForest
AF,15,1,2,1.80526,1.9390417337417603,angle_engineered,XGBoost
AF,15,1,4,1.75407,1.9577791690826416,angle_engineered,XGBoost
AF,15,1,5,1.28243,1.365426778793335,angle_engineered,XGBoost
AF,15,1,6,1.30412,1.3910259008407593,angle_engineered,XGBoost
AF,15,1,23,1.20579,1.2302000522613525,angle_engineered,XGBoost
AF,15,1,27,1.55854,1.6201841831207275,angle_engineered,XGBoost
AF,15,1,35,1.18045,1.1890547275543213,angle_engineered,XGBoost
AF,15,1,38,1.94988,1.8137165307998657,angle_engineered,XGBoost
AF,15,1,47,1.95358,1.691100001335144,angle_engineered,XGBoost
AF,15,1,48,1.82522,1.6942442655563354,angle_engineered,XGBoost
AF,15,1,52,1.42105,1.5862711668014526,angle_engineered,XGBoost
AF,15,1,56,1.19584,1.3789222240447998,angle_engineered,XGBoost
AF,15,1,58,1.93806,2.1063852310180664,angle_engineered,XGBoost
AF,15,1,60,2.31133,2.0333032608032227,angle_engineered,XGBoost
AF,15,1,70,2.36855,1.7821885347366333,angle_engineered,XGBoost
AF,15,1,71,1.56292,1.7749229669570923,angle_engineered,XGBoost
AF,15,1,76,1.46489,1.3668806552886963,angle_engineered,XGBoost
AF,15,1,81,1.11558,1.182661771774292,angle_engineered,XGBoost
AF,15,1,83,1.81434,1.7511357069015503,angle_engineered,XGBoost
AF,15,1,95,1.16353,1.340559720993042,angle_engineered,XGBoost
AF,15,2,0,2.29017,1.7820945099999994,angle_rheology_enhanced,RandomForest
AF,15,2,7,1.38795,1.32321349186508,angle_rheology_enhanced,RandomForest
AF,15,2,9,1.17187,1.1388272721825385,angle_rheology_enhanced,RandomForest
AF,15,2,21,1.16533,1.195480428875661,angle_rheology_enhanced,RandomForest
AF,15,2,26,2.14773,2.201500806071426,angle_rheology_enhanced,RandomForest
AF,15,2,39,1.45212,1.3639450979629641,angle_rheology_enhanced,RandomForest
AF,15,2,40,1.42363,1.3753293734391547,angle_rheology_enhanced,RandomForest
AF,15,2,45,1.15453,1.2075857182804226,angle_rheology_enhanced,RandomForest
AF,15,2,46,1.60113,1.9062601857010604,angle_rheology_enhanced,RandomForest
AF,15,2,50,1.36288,1.3738672909788363,angle_rheology_enhanced,RandomForest
AF,15,2,53,1.22687,1.19755284218254,angle_rheology_enhanced,RandomForest
AF,15,2,62,1.53985,1.5123664473015876,angle_rheology_enhanced,RandomForest
AF,15,2,67,1.21931,1.1460938601190467,angle_rheology_enhanced,RandomForest
AF,15,2,68,1.22121,1.1762056986904759,angle_rheology_enhanced,RandomForest
AF,15,2,72,1.7423,1.8199243310317463,angle_rheology_enhanced,RandomForest
AF,15,2,73,1.41795,1.366941190211641,angle_rheology_enhanced,RandomForest
AF,15,2,86,1.27302,1.4763574295105806,angle_rheology_enhanced,RandomForest
AF,15,2,89,1.49292,1.513790805952379,angle_rheology_enhanced,RandomForest
AF,15,2,90,1.54228,1.509972440396824,angle_rheology_enhanced,RandomForest
AF,15,3,1,1.7596,1.9950666966534398,angle_engineered,RandomForest
AF,15,3,3,1.29597,1.354620494563492,angle_engineered,RandomForest
AF,15,3,17,1.44103,1.3931583786507944,angle_engineered,RandomForest
AF,15,3,18,1.42223,1.3879641834920635,angle_engineered,RandomForest
AF,15,3,25,2.44505,2.0003238474470892,angle_engineered,RandomForest
AF,15,3,42,1.23805,1.1911439712962968,angle_engineered,RandomForest
AF,15,3,49,1.92546,1.8181148388888893,angle_engineered,RandomForest
AF,15,3,51,1.34172,1.3746214639021175,angle_engineered,RandomForest
AF,15,3,59,2.0106,2.0622958260714284,angle_engineered,RandomForest
AF,15,3,61,1.5134,1.517320393554594,angle_engineered,RandomForest
AF,15,3,63,1.49433,1.5269869940836946,angle_engineered,RandomForest
AF,15,3,74,1.31523,1.4152937567989436,angle_engineered,RandomForest
AF,15,3,75,1.32876,1.4603234838888897,angle_engineered,RandomForest
AF,15,3,78,1.14397,1.1734915197354492,angle_engineered,RandomForest
AF,15,3,79,1.19772,1.1597254626058193,angle_engineered,RandomForest
AF,15,3,82,1.50363,1.7999714099999995,angle_engineered,RandomForest
AF,15,3,88,1.62833,1.4687551564947088,angle_engineered,RandomForest
AF,15,3,91,1.20107,1.2135863811507948,angle_engineered,RandomForest
AF,15,3,93,1.30275,1.221089375634921,angle_engineered,RandomForest
AF,15,4,8,1.05256,1.1545741668253962,angle_engineered,RandomForest
AF,15,4,13,1.87831,1.9212785719841274,angle_engineered,RandomForest
AF,15,4,16,1.39505,1.4334097993518522,angle_engineered,RandomForest
AF,15,4,19,1.2125,1.1905839620851366,angle_engineered,RandomForest
AF,15,4,20,1.19111,1.206728335339104,angle_engineered,RandomForest
AF,15,4,29,1.36564,1.4139474614550267,angle_engineered,RandomForest
AF,15,4,30,1.52016,1.4142661175925932,angle_engineered,RandomForest
AF,15,4,32,1.18475,1.1438055312169306,angle_engineered,RandomForest
AF,15,4,36,1.97211,1.8956681006878315,angle_engineered,RandomForest
AF,15,4,37,2.18925,1.8535152317989427,angle_engineered,RandomForest
AF,15,4,41,1.35048,1.3942125710052908,angle_engineered,RandomForest
AF,15,4,44,1.20002,1.171714430502645,angle_engineered,RandomForest
AF,15,4,54,1.18756,1.1856586508068792,angle_engineered,RandomForest
AF,15,4,65,1.62994,1.486874681124339,angle_engineered,RandomForest
AF,15,4,69,1.27114,1.190810362883598,angle_engineered,RandomForest
AF,15,4,77,1.17845,1.1602283434920628,angle_engineered,RandomForest
AF,15,4,84,1.78987,1.735719750873017,angle_engineered,RandomForest
AF,15,4,92,1.21688,1.2246861857359324,angle_engineered,RandomForest
AF,15,4,94,1.35987,1.2074993040873019,angle_engineered,RandomForest
AF,15,5,10,1.17573,1.1496422838756608,angle_engineered,RandomForest
AF,15,5,11,1.28156,1.155942320806878,angle_engineered,RandomForest
AF,15,5,12,2.04975,1.8657255104100519,angle_engineered,RandomForest
AF,15,5,14,1.74885,1.854886326441798,angle_engineered,RandomForest
AF,15,5,15,1.4926,1.3952804737301574,angle_engineered,RandomForest
AF,15,5,22,1.16534,1.1845663112962972,angle_engineered,RandomForest
AF,15,5,24,1.80422,2.2575542502056254,angle_engineered,RandomForest
AF,15,5,28,1.38725,1.4725833713888912,angle_engineered,RandomForest
AF,15,5,31,1.21458,1.1818232326984133,angle_engineered,RandomForest
AF,15,5,33,1.00068,1.182701308968254,angle_engineered,RandomForest
AF,15,5,34,1.15143,1.184567092619048,angle_engineered,RandomForest
AF,15,5,43,1.18126,1.1751951758730157,angle_engineered,RandomForest
AF,15,5,55,1.18237,1.1974287586111123,angle_engineered,RandomForest
AF,15,5,57,1.80075,2.113693285787637,angle_engineered,RandomForest
AF,15,5,64,1.4624,1.535144728526936,angle_engineered,RandomForest
AF,15,5,66,1.09488,1.2177805163888888,angle_engineered,RandomForest
AF,15,5,80,1.16671,1.1839677412698417,angle_engineered,RandomForest
AF,15,5,85,1.70334,1.7455801352513212,angle_engineered,RandomForest
AF,15,5,87,1.4647,1.3998734391269843,angle_engineered,RandomForest
AF,16,1,3,1.29597,1.32888991424603,angle_rheology_enhanced,RandomForest
AF,16,1,7,1.38795,1.3258874079365064,angle_rheology_enhanced,RandomForest
AF,16,1,8,1.05256,1.1792506257407414,angle_rheology_enhanced,RandomForest
AF,16,1,17,1.44103,1.4225768344312166,angle_rheology_enhanced,RandomForest
AF,16,1,20,1.19111,1.1996569934523824,angle_rheology_enhanced,RandomForest
AF,16,1,24,1.80422,2.2308455342857103,angle_rheology_enhanced,RandomForest
AF,16,1,32,1.18475,1.1468069521164015,angle_rheology_enhanced,RandomForest
AF,16,1,36,1.97211,2.036332000185186,angle_rheology_enhanced,RandomForest
AF,16,1,39,1.45212,1.3927333223148142,angle_rheology_enhanced,RandomForest
AF,16,1,49,1.92546,1.8302957904894197,angle_rheology_enhanced,RandomForest
AF,16,1,53,1.22687,1.196073882949736,angle_rheology_enhanced,RandomForest
AF,16,1,55,1.18237,1.1935551424603177,angle_rheology_enhanced,RandomForest
AF,16,1,59,2.0106,2.045929708730159,angle_rheology_enhanced,RandomForest
AF,16,1,66,1.09488,1.2017516531613752,angle_rheology_enhanced,RandomForest
AF,16,1,71,1.56292,2.19165234887566,angle_rheology_enhanced,RandomForest
AF,16,1,80,1.16671,1.1662507381216927,angle_rheology_enhanced,RandomForest
AF,16,1,83,1.81434,1.7124768654629652,angle_rheology_enhanced,RandomForest
AF,16,1,85,1.70334,1.7158646076851864,angle_rheology_enhanced,RandomForest
AF,16,1,91,1.20107,1.234280628492063,angle_rheology_enhanced,RandomForest
AF,16,1,94,1.35987,1.229967973769841,angle_rheology_enhanced,RandomForest
AF,16,2,0,2.29017,1.789078558571429,angle_rheology_enhanced,RandomForest
AF,16,2,15,1.4926,1.4065141136507933,angle_rheology_enhanced,RandomForest
AF,16,2,19,1.2125,1.1861147428439156,angle_rheology_enhanced,RandomForest
AF,16,2,31,1.21458,1.1192385546031747,angle_rheology_enhanced,RandomForest
AF,16,2,34,1.15143,1.162010163611111,angle_rheology_enhanced,RandomForest
AF,16,2,35,1.18045,1.1626336882407409,angle_rheology_enhanced,RandomForest
AF,16,2,41,1.35048,1.4162338253174604,angle_rheology_enhanced,RandomForest
AF,16,2,42,1.23805,1.180642152116402,angle_rheology_enhanced,RandomForest
AF,16,2,43,1.18126,1.1771539924470893,angle_rheology_enhanced,RandomForest
AF,16,2,47,1.95358,1.7246182338095242,angle_rheology_enhanced,RandomForest
AF,16,2,51,1.34172,1.3905358512301584,angle_rheology_enhanced,RandomForest
AF,16,2,61,1.5134,1.506968136230159,angle_rheology_enhanced,RandomForest
AF,16,2,63,1.49433,1.4983943253571428,angle_rheology_enhanced,RandomForest
AF,16,2,65,1.62994,1.4937164736904762,angle_rheology_enhanced,RandomForest
AF,16,2,69,1.27114,1.1998419542989416,angle_rheology_enhanced,RandomForest
AF,16,2,73,1.41795,1.3811309817460324,angle_rheology_enhanced,RandomForest
AF,16,2,75,1.32876,1.4640461271428566,angle_rheology_enhanced,RandomForest
AF,16,2,78,1.14397,1.1770918683730163,angle_rheology_enhanced,RandomForest
AF,16,2,84,1.78987,1.739150083968254,angle_rheology_enhanced,RandomForest
AF,16,3,4,1.75407,1.8760845186507917,angle_engineered,RandomForest
AF,16,3,6,1.30412,1.3459971299470888,angle_engineered,RandomForest
AF,16,3,9,1.17187,1.1587434647222208,angle_engineered,RandomForest
AF,16,3,10,1.17573,1.2082631612698396,angle_engineered,RandomForest
AF,16,3,16,1.39505,1.4259040236507936,angle_engineered,RandomForest
AF,16,3,21,1.16533,1.2009994215873,angle_engineered,RandomForest
AF,16,3,25,2.44505,2.0117457278968254,angle_engineered,RandomForest
AF,16,3,27,1.55854,1.4854672246428577,angle_engineered,RandomForest
AF,16,3,28,1.38725,1.4846873772619058,angle_engineered,RandomForest
AF,16,3,29,1.36564,1.488948682896826,angle_engineered,RandomForest
AF,16,3,38,1.94988,1.9817082548148146,angle_engineered,RandomForest
AF,16,3,45,1.15453,1.2133661911640206,angle_engineered,RandomForest
AF,16,3,46,1.60113,1.8953310693253984,angle_engineered,RandomForest
AF,16,3,52,1.42105,1.4025551936507943,angle_engineered,RandomForest
AF,16,3,57,1.80075,2.0210789050216453,angle_engineered,RandomForest
AF,16,3,62,1.53985,1.52498766128307,angle_engineered,RandomForest
AF,16,3,76,1.46489,1.4362555066402118,angle_engineered,RandomForest
AF,16,3,89,1.49292,1.5295875177380964,angle_engineered,RandomForest
AF,16,3,92,1.21688,1.2387435426322753,angle_engineered,RandomForest
AF,16,4,2,1.80526,1.9148092659920652,angle_engineered,RandomForest
AF,16,4,12,2.04975,1.9289984535317475,angle_engineered,RandomForest
AF,16,4,13,1.87831,1.9395909890079372,angle_engineered,RandomForest
AF,16,4,14,1.74885,1.9239759944841281,angle_engineered,RandomForest
AF,16,4,18,1.42223,1.4042787588227512,angle_engineered,RandomForest
AF,16,4,23,1.20579,1.184030244444444,angle_engineered,RandomForest
AF,16,4,26,2.14773,2.1369363288359775,angle_engineered,RandomForest
AF,16,4,30,1.52016,1.3935602876984114,angle_engineered,RandomForest
AF,16,4,33,1.00068,1.1776956832539678,angle_engineered,RandomForest
AF,16,4,44,1.20002,1.1713139244179895,angle_engineered,RandomForest
AF,16,4,50,1.36288,1.3802049465211634,angle_engineered,RandomForest
AF,16,4,54,1.18756,1.190584424338624,angle_engineered,RandomForest
AF,16,4,60,2.31133,1.9595033588888873,angle_engineered,RandomForest
AF,16,4,64,1.4624,1.5356823741931223,angle_engineered,RandomForest
AF,16,4,67,1.21931,1.1766334822883588,angle_engineered,RandomForest
AF,16,4,74,1.31523,1.3818021984920639,angle_engineered,RandomForest
AF,16,4,77,1.17845,1.1688866374999987,angle_engineered,RandomForest
AF,16,4,87,1.4647,1.4469891753571429,angle_engineered,RandomForest
AF,16,4,90,1.54228,1.5057490756481486,angle_engineered,RandomForest
AF,16,5,1,1.7596,2.074488930978835,angle_engineered,RandomForest
AF,16,5,5,1.28243,1.341524015066137,angle_engineered,RandomForest
AF,16,5,11,1.28156,1.176178202539681,angle_engineered,RandomForest
AF,16,5,22,1.16534,1.198312811269843,angle_engineered,RandomForest
AF,16,5,37,2.18925,1.9105100328174616,angle_engineered,RandomForest
AF,16,5,40,1.42363,1.4073711433333334,angle_engineered,RandomForest
AF,16,5,48,1.82522,1.8881154461904774,angle_engineered,RandomForest
AF,16,5,56,1.19584,1.2058744600661386,angle_engineered,RandomForest
AF,16,5,58,1.93806,2.0668544413359786,angle_engineered,RandomForest
AF,16,5,68,1.22121,1.230055156706348,angle_engineered,RandomForest
AF,16,5,70,2.36855,1.8406750998015877,angle_engineered,RandomForest
AF,16,5,72,1.7423,1.793846073928571,angle_engineered,RandomForest
AF,16,5,79,1.19772,1.1608522246031745,angle_engineered,RandomForest
AF,16,5,81,1.11558,1.2374791416137563,angle_engineered,RandomForest
AF,16,5,82,1.50363,1.7818732567857136,angle_engineered,RandomForest
AF,16,5,86,1.27302,1.4350629073280439,angle_engineered,RandomForest
AF,16,5,88,1.62833,1.4557338719444453,angle_engineered,RandomForest
AF,16,5,93,1.30275,1.2237373315476197,angle_engineered,RandomForest
AF,16,5,95,1.16353,1.2626949126587292,angle_engineered,RandomForest
AF,17,1,4,1.75407,1.8697899063888868,angle_rheology_enhanced,RandomForest
AF,17,1,8,1.05256,1.156502442142857,angle_rheology_enhanced,RandomForest
AF,17,1,17,1.44103,1.4265134211447803,angle_rheology_enhanced,RandomForest
AF,17,1,20,1.19111,1.1940154291137572,angle_rheology_enhanced,RandomForest
AF,17,1,30,1.52016,1.3840172984656085,angle_rheology_enhanced,RandomForest
AF,17,1,31,1.21458,1.1203725655158725,angle_rheology_enhanced,RandomForest
AF,17,1,41,1.35048,1.4117569155098615,angle_rheology_enhanced,RandomForest
AF,17,1,42,1.23805,1.181850187592593,angle_rheology_enhanced,RandomForest
AF,17,1,43,1.18126,1.1808851145767192,angle_rheology_enhanced,RandomForest
AF,17,1,48,1.82522,1.8722575329761924,angle_rheology_enhanced,RandomForest
AF,17,1,50,1.36288,1.4061208337109192,angle_rheology_enhanced,RandomForest
AF,17,1,51,1.34172,1.4057606371236175,angle_rheology_enhanced,RandomForest
AF,17,1,53,1.22687,1.189197924920635,angle_rheology_enhanced,RandomForest
AF,17,1,55,1.18237,1.19278593468254,angle_rheology_enhanced,RandomForest
AF,17,1,56,1.19584,1.2064088931746033,angle_rheology_enhanced,RandomForest
AF,17,1,60,2.31133,1.9873626807936509,angle_rheology_enhanced,RandomForest
AF,17,1,65,1.62994,1.4823324972089944,angle_rheology_enhanced,RandomForest
AF,17,1,73,1.41795,1.3514787498941812,angle_rheology_enhanced,RandomForest
AF,17,1,78,1.14397,1.1739534913095238,angle_rheology_enhanced,RandomForest
AF,17,1,91,1.20107,1.249455979113756,angle_rheology_enhanced,RandomForest
AF,17,2,5,1.28243,1.3860033391666677,angle_engineered,RandomForest
AF,17,2,6,1.30412,1.3863725009126993,angle_engineered,RandomForest
AF,17,2,7,1.38795,1.390087567579366,angle_engineered,RandomForest
AF,17,2,9,1.17187,1.1611925089285704,angle_engineered,RandomForest
AF,17,2,10,1.17573,1.192889695674602,angle_engineered,RandomForest
AF,17,2,15,1.4926,1.3891677423412705,angle_engineered,RandomForest
AF,17,2,16,1.39505,1.3973090778174606,angle_engineered,RandomForest
AF,17,2,19,1.2125,1.1981136433044741,angle_engineered,RandomForest
AF,17,2,22,1.16534,1.1909400309235219,angle_engineered,RandomForest
AF,17,2,26,2.14773,2.229526268148148,angle_engineered,RandomForest
AF,17,2,28,1.38725,1.4714591244179906,angle_engineered,RandomForest
AF,17,2,45,1.15453,1.2043670921825405,angle_engineered,RandomForest
AF,17,2,57,1.80075,2.0242602208333356,angle_engineered,RandomForest
AF,17,2,68,1.22121,1.191660318227512,angle_engineered,RandomForest
AF,17,2,71,1.56292,2.2183897208994705,angle_engineered,RandomForest
AF,17,2,80,1.16671,1.1734476427513219,angle_engineered,RandomForest
AF,17,2,83,1.81434,1.7103442285582011,angle_engineered,RandomForest
AF,17,2,90,1.54228,1.5164694091402109,angle_engineered,RandomForest
AF,17,2,94,1.35987,1.2090636654761913,angle_engineered,RandomForest
AF,17,3,2,1.80526,1.9162185352116416,angle_rheology_enhanced,RandomForest
AF,17,3,11,1.28156,1.173819171428571,angle_rheology_enhanced,RandomForest
AF,17,3,13,1.87831,1.9399638654497346,angle_rheology_enhanced,RandomForest
AF,17,3,18,1.42223,1.420260429351852,angle_rheology_enhanced,RandomForest
AF,17,3,24,1.80422,2.2270675387830687,angle_rheology_enhanced,RandomForest
AF,17,3,36,1.97211,2.0672625106878315,angle_rheology_enhanced,RandomForest
AF,17,3,40,1.42363,1.4107111332539681,angle_rheology_enhanced,RandomForest
AF,17,3,44,1.20002,1.187210724404762,angle_rheology_enhanced,RandomForest
AF,17,3,58,1.93806,2.0523853767063462,angle_rheology_enhanced,RandomForest
AF,17,3,63,1.49433,1.517741039126986,angle_rheology_enhanced,RandomForest
AF,17,3,69,1.27114,1.2112886384656079,angle_rheology_enhanced,RandomForest
AF,17,3,70,2.36855,1.767235616428572,angle_rheology_enhanced,RandomForest
AF,17,3,76,1.46489,1.4327541110714312,angle_rheology_enhanced,RandomForest
AF,17,3,77,1.17845,1.1591638470502639,angle_rheology_enhanced,RandomForest
AF,17,3,79,1.19772,1.1592465887566124,angle_rheology_enhanced,RandomForest
AF,17,3,81,1.11558,1.1902651680820098,angle_rheology_enhanced,RandomForest
AF,17,3,86,1.27302,1.4573667325396837,angle_rheology_enhanced,RandomForest
AF,17,3,87,1.4647,1.4759042806349219,angle_rheology_enhanced,RandomForest
AF,17,3,93,1.30275,1.2254679202248686,angle_rheology_enhanced,RandomForest
AF,17,4,1,1.7596,2.052507709761906,angle_engineered,RandomForest
AF,17,4,27,1.55854,1.4397141070634927,angle_engineered,RandomForest
AF,17,4,29,1.36564,1.4402650232142866,angle_engineered,RandomForest
AF,17,4,34,1.15143,1.1733378041402112,angle_engineered,RandomForest
AF,17,4,38,1.94988,1.8628252966931222,angle_engineered,RandomForest
AF,17,4,39,1.45212,1.3863074690476191,angle_engineered,RandomForest
AF,17,4,47,1.95358,1.711272222341269,angle_engineered,RandomForest
AF,17,4,49,1.92546,1.7680704338492061,angle_engineered,RandomForest
AF,17,4,54,1.18756,1.1925905844708995,angle_engineered,RandomForest
AF,17,4,59,2.0106,2.059503747896825,angle_engineered,RandomForest
AF,17,4,61,1.5134,1.498013278928571,angle_engineered,RandomForest
AF,17,4,64,1.4624,1.558620255251324,angle_engineered,RandomForest
AF,17,4,67,1.21931,1.1443892696825377,angle_engineered,RandomForest
AF,17,4,72,1.7423,1.8470448184391512,angle_engineered,RandomForest
AF,17,4,74,1.31523,1.4174051035714288,angle_engineered,RandomForest
AF,17,4,75,1.32876,1.4615221531746023,angle_engineered,RandomForest
AF,17,4,82,1.50363,1.77987789388889,angle_engineered,RandomForest
AF,17,4,88,1.62833,1.4479180839682526,angle_engineered,RandomForest
AF,17,4,89,1.49292,1.4662897164285706,angle_engineered,RandomForest
AF,17,5,0,2.29017,1.7057874202728271,angle_engineered,XGBoost
AF,17,5,3,1.29597,1.3192380666732788,angle_engineered,XGBoost
AF,17,5,12,2.04975,1.9168486595153809,angle_engineered,XGBoost
AF,17,5,14,1.74885,1.936012625694275,angle_engineered,XGBoost
AF,17,5,21,1.16533,1.2128854990005493,angle_engineered,XGBoost
AF,17,5,23,1.20579,1.2168517112731934,angle_engineered,XGBoost
AF,17,5,25,2.44505,1.9501031637191772,angle_engineered,XGBoost
AF,17,5,32,1.18475,1.1947672367095947,angle_engineered,XGBoost
AF,17,5,33,1.00068,1.1806658506393433,angle_engineered,XGBoost
AF,17,5,35,1.18045,1.2188403606414795,angle_engineered,XGBoost
AF,17,5,37,2.18925,1.9563640356063843,angle_engineered,XGBoost
AF,17,5,46,1.60113,1.8853031396865845,angle_engineered,XGBoost
AF,17,5,52,1.42105,1.4541608095169067,angle_engineered,XGBoost
AF,17,5,62,1.53985,1.5268412828445435,angle_engineered,XGBoost
AF,17,5,66,1.09488,1.183429479598999,angle_engineered,XGBoost
AF,17,5,84,1.78987,1.7970762252807617,angle_engineered,XGBoost
AF,17,5,85,1.70334,1.810213565826416,angle_engineered,XGBoost
AF,17,5,92,1.21688,1.2777745723724365,angle_engineered,XGBoost
AF,17,5,95,1.16353,1.3380801677703857,angle_engineered,XGBoost
AF,18,1,10,1.17573,1.1806512226190469,angle_engineered,RandomForest
AF,18,1,12,2.04975,1.8745824549855692,angle_engineered,RandomForest
AF,18,1,15,1.4926,1.3923322051322753,angle_engineered,RandomForest
AF,18,1,16,1.39505,1.3976627219576712,angle_engineered,RandomForest
AF,18,1,18,1.42223,1.3914271556613755,angle_engineered,RandomForest
AF,18,1,22,1.16534,1.1949312735582,angle_engineered,RandomForest
AF,18,1,24,1.80422,2.212703547460317,angle_engineered,RandomForest
AF,18,1,26,2.14773,2.2215876285317453,angle_engineered,RandomForest
AF,18,1,30,1.52016,1.3970660192063495,angle_engineered,RandomForest
AF,18,1,38,1.94988,1.8186431665079366,angle_engineered,RandomForest
AF,18,1,54,1.18756,1.1920664965343903,angle_engineered,RandomForest
AF,18,1,58,1.93806,2.1463488342063517,angle_engineered,RandomForest
AF,18,1,59,2.0106,2.136260359365081,angle_engineered,RandomForest
AF,18,1,63,1.49433,1.5276359630952394,angle_engineered,RandomForest
AF,18,1,69,1.27114,1.1998518510449734,angle_engineered,RandomForest
AF,18,1,76,1.46489,1.4211532655555559,angle_engineered,RandomForest
AF,18,1,80,1.16671,1.1671749924603165,angle_engineered,RandomForest
AF,18,1,85,1.70334,1.7571850899470882,angle_engineered,RandomForest
AF,18,1,90,1.54228,1.516464814285714,angle_engineered,RandomForest
AF,18,1,92,1.21688,1.2415970865740726,angle_engineered,RandomForest
AF,18,2,1,1.7596,1.980177317275134,angle_engineered,RandomForest
AF,18,2,13,1.87831,1.9407029994708982,angle_engineered,RandomForest
AF,18,2,19,1.2125,1.1859603858333332,angle_engineered,RandomForest
AF,18,2,25,2.44505,2.003248666269841,angle_engineered,RandomForest
AF,18,2,27,1.55854,1.4286704865079363,angle_engineered,RandomForest
AF,18,2,28,1.38725,1.4183374069047612,angle_engineered,RandomForest
AF,18,2,34,1.15143,1.1658545298809517,angle_engineered,RandomForest
AF,18,2,43,1.18126,1.1755502280555545,angle_engineered,RandomForest
AF,18,2,46,1.60113,1.8506873853968238,angle_engineered,RandomForest
AF,18,2,47,1.95358,1.8500092909523793,angle_engineered,RandomForest
AF,18,2,52,1.42105,1.3917520805952373,angle_engineered,RandomForest
AF,18,2,62,1.53985,1.507737211997354,angle_engineered,RandomForest
AF,18,2,71,1.56292,2.130654960013226,angle_engineered,RandomForest
AF,18,2,82,1.50363,1.8304812966402093,angle_engineered,RandomForest
AF,18,2,84,1.78987,1.7923897021825386,angle_engineered,RandomForest
AF,18,2,86,1.27302,1.4220399421825383,angle_engineered,RandomForest
AF,18,2,88,1.62833,1.4471820003968248,angle_engineered,RandomForest
AF,18,2,89,1.49292,1.4614072776984117,angle_engineered,RandomForest
AF,18,2,93,1.30275,1.221826463015874,angle_engineered,RandomForest
AF,18,3,3,1.29597,1.4692759952380943,angle_engineered,RandomForest
AF,18,3,5,1.28243,1.460030643809523,angle_engineered,RandomForest
AF,18,3,6,1.30412,1.451952792936507,angle_engineered,RandomForest
AF,18,3,7,1.38795,1.452445365158729,angle_engineered,RandomForest
AF,18,3,8,1.05256,1.1550338699206348,angle_engineered,RandomForest
AF,18,3,11,1.28156,1.1848765509656076,angle_engineered,RandomForest
AF,18,3,17,1.44103,1.4096705149338622,angle_engineered,RandomForest
AF,18,3,21,1.16533,1.1916329872354494,angle_engineered,RandomForest
AF,18,3,36,1.97211,1.8821953357142862,angle_engineered,RandomForest
AF,18,3,37,2.18925,1.8160066560317467,angle_engineered,RandomForest
AF,18,3,55,1.18237,1.2078206866931211,angle_engineered,RandomForest
AF,18,3,60,2.31133,1.921429880436509,angle_engineered,RandomForest
AF,18,3,61,1.5134,1.4982992469047618,angle_engineered,RandomForest
AF,18,3,65,1.62994,1.4844555296428574,angle_engineered,RandomForest
AF,18,3,70,2.36855,1.806643745634921,angle_engineered,RandomForest
AF,18,3,72,1.7423,1.7478132797619048,angle_engineered,RandomForest
AF,18,3,74,1.31523,1.3764828836507939,angle_engineered,RandomForest
AF,18,3,91,1.20107,1.2407173741269844,angle_engineered,RandomForest
AF,18,3,95,1.16353,1.2826968674999983,angle_engineered,RandomForest
AF,18,4,2,1.80526,1.9724366175000014,angle_engineered,RandomForest
AF,18,4,4,1.75407,1.97352237873016,angle_engineered,RandomForest
AF,18,4,9,1.17187,1.1283492240476178,angle_engineered,RandomForest
AF,18,4,14,1.74885,1.9212416959523826,angle_engineered,RandomForest
AF,18,4,29,1.36564,1.4430899204365089,angle_engineered,RandomForest
AF,18,4,31,1.21458,1.088319904404761,angle_engineered,RandomForest
AF,18,4,32,1.18475,1.0961919894047603,angle_engineered,RandomForest
AF,18,4,35,1.18045,1.1798435921825403,angle_engineered,RandomForest
AF,18,4,39,1.45212,1.3800332686904753,angle_engineered,RandomForest
AF,18,4,40,1.42363,1.39271819047619,angle_engineered,RandomForest
AF,18,4,41,1.35048,1.3885829540476193,angle_engineered,RandomForest
AF,18,4,42,1.23805,1.1897426596428573,angle_engineered,RandomForest
AF,18,4,51,1.34172,1.4007051580158734,angle_engineered,RandomForest
AF,18,4,56,1.19584,1.1952117734391545,angle_engineered,RandomForest
AF,18,4,68,1.22121,1.1900197026984123,angle_engineered,RandomForest
AF,18,4,78,1.14397,1.1864669382142852,angle_engineered,RandomForest
AF,18,4,81,1.11558,1.1879974551322754,angle_engineered,RandomForest
AF,18,4,87,1.4647,1.3993591344312177,angle_engineered,RandomForest
AF,18,4,94,1.35987,1.2168052251058215,angle_engineered,RandomForest
AF,18,5,0,2.29017,1.8103443509126995,angle_engineered,RandomForest
AF,18,5,20,1.19111,1.2051890138756611,angle_engineered,RandomForest
AF,18,5,23,1.20579,1.1748601549867734,angle_engineered,RandomForest
AF,18,5,33,1.00068,1.1803296502116396,angle_engineered,RandomForest
AF,18,5,44,1.20002,1.1811366816269842,angle_engineered,RandomForest
AF,18,5,45,1.15453,1.2018333203571427,angle_engineered,RandomForest
AF,18,5,48,1.82522,1.779566991825396,angle_engineered,RandomForest
AF,18,5,49,1.92546,1.7411097065079373,angle_engineered,RandomForest
AF,18,5,50,1.36288,1.3833646798280426,angle_engineered,RandomForest
AF,18,5,53,1.22687,1.2049566747486773,angle_engineered,RandomForest
AF,18,5,57,1.80075,2.051510649007938,angle_engineered,RandomForest
AF,18,5,64,1.4624,1.5373808702645513,angle_engineered,RandomForest
AF,18,5,66,1.09488,1.2099348358730144,angle_engineered,RandomForest
AF,18,5,67,1.21931,1.2145457413888872,angle_engineered,RandomForest
AF,18,5,73,1.41795,1.3706935048941806,angle_engineered,RandomForest
AF,18,5,75,1.32876,1.4973943713756617,angle_engineered,RandomForest
AF,18,5,77,1.17845,1.1604323284259257,angle_engineered,RandomForest
AF,18,5,79,1.19772,1.1553145406481478,angle_engineered,RandomForest
AF,18,5,83,1.81434,1.6739614700000005,angle_engineered,RandomForest
AF,19,1,3,1.29597,1.320155122169497,angle_engineered,GradientBoosting
AF,19,1,4,1.75407,1.964567967862435,angle_engineered,GradientBoosting
AF,19,1,13,1.87831,2.023370777302534,angle_engineered,GradientBoosting
AF,19,1,14,1.74885,2.0046241949866044,angle_engineered,GradientBoosting
AF,19,1,19,1.2125,1.2156672064012262,angle_engineered,GradientBoosting
AF,19,1,21,1.16533,1.2140322808856523,angle_engineered,GradientBoosting
AF,19,1,25,2.44505,1.9003011137357149,angle_engineered,GradientBoosting
AF,19,1,29,1.36564,1.4812165541679831,angle_engineered,GradientBoosting
AF,19,1,35,1.18045,1.1853159078407698,angle_engineered,GradientBoosting
AF,19,1,37,2.18925,2.0072466935923248,angle_engineered,GradientBoosting
AF,19,1,52,1.42105,1.4330277494110242,angle_engineered,GradientBoosting
AF,19,1,53,1.22687,1.2140322808856523,angle_engineered,GradientBoosting
AF,19,1,55,1.18237,1.1984647433265534,angle_engineered,GradientBoosting
AF,19,1,58,1.93806,1.9429301663606273,angle_engineered,GradientBoosting
AF,19,1,66,1.09488,1.176638428478351,angle_engineered,GradientBoosting
AF,19,1,73,1.41795,1.3652972060071518,angle_engineered,GradientBoosting
AF,19,1,74,1.31523,1.4046493062064738,angle_engineered,GradientBoosting
AF,19,1,85,1.70334,1.8158153393974201,angle_engineered,GradientBoosting
AF,19,1,93,1.30275,1.3418622937150066,angle_engineered,GradientBoosting
AF,19,1,95,1.16353,1.2993081861082172,angle_engineered,GradientBoosting
AF,19,2,0,2.29017,1.7968146276190469,angle_rheology_enhanced,RandomForest
AF,19,2,12,2.04975,1.8486383500000008,angle_rheology_enhanced,RandomForest
AF,19,2,16,1.39505,1.446734721640212,angle_rheology_enhanced,RandomForest
AF,19,2,28,1.38725,1.4954277727910052,angle_rheology_enhanced,RandomForest
AF,19,2,30,1.52016,1.44667980521164,angle_rheology_enhanced,RandomForest
AF,19,2,48,1.82522,1.8616128086243395,angle_rheology_enhanced,RandomForest
AF,19,2,51,1.34172,1.383412003108466,angle_rheology_enhanced,RandomForest
AF,19,2,56,1.19584,1.2091386516197693,angle_rheology_enhanced,RandomForest
AF,19,2,62,1.53985,1.5176367656084664,angle_rheology_enhanced,RandomForest
AF,19,2,68,1.22121,1.2024559002777784,angle_rheology_enhanced,RandomForest
AF,19,2,71,1.56292,2.0960494238492076,angle_rheology_enhanced,RandomForest
AF,19,2,76,1.46489,1.3601788404365085,angle_rheology_enhanced,RandomForest
AF,19,2,78,1.14397,1.178132141388889,angle_rheology_enhanced,RandomForest
AF,19,2,83,1.81434,1.673449825462964,angle_rheology_enhanced,RandomForest
AF,19,2,84,1.78987,1.6760456033201072,angle_rheology_enhanced,RandomForest
AF,19,2,87,1.4647,1.3509401425396816,angle_rheology_enhanced,RandomForest
AF,19,2,88,1.62833,1.3993837503571411,angle_rheology_enhanced,RandomForest
AF,19,2,90,1.54228,1.4073663815476174,angle_rheology_enhanced,RandomForest
AF,19,2,92,1.21688,1.2444017516666661,angle_rheology_enhanced,RandomForest
AF,19,3,1,1.7596,2.041388398373017,angle_engineered,RandomForest
AF,19,3,5,1.28243,1.3766747617724862,angle_engineered,RandomForest
AF,19,3,6,1.30412,1.3949327056746033,angle_engineered,RandomForest
AF,19,3,8,1.05256,1.1650423580291,angle_engineered,RandomForest
AF,19,3,20,1.19111,1.2214688410317462,angle_engineered,RandomForest
AF,19,3,22,1.16534,1.1951229189682546,angle_engineered,RandomForest
AF,19,3,23,1.20579,1.1943843217460328,angle_engineered,RandomForest
AF,19,3,24,1.80422,2.2158624758333323,angle_engineered,RandomForest
AF,19,3,26,2.14773,2.2348817642460306,angle_engineered,RandomForest
AF,19,3,27,1.55854,1.4186264848677244,angle_engineered,RandomForest
AF,19,3,38,1.94988,1.8634394782142873,angle_engineered,RandomForest
AF,19,3,41,1.35048,1.402195864563491,angle_engineered,RandomForest
AF,19,3,49,1.92546,1.805295824973547,angle_engineered,RandomForest
AF,19,3,59,2.0106,2.0826214212962952,angle_engineered,RandomForest
AF,19,3,61,1.5134,1.478947947063493,angle_engineered,RandomForest
AF,19,3,64,1.4624,1.5368093310317474,angle_engineered,RandomForest
AF,19,3,79,1.19772,1.148063372169311,angle_engineered,RandomForest
AF,19,3,89,1.49292,1.5315503322222233,angle_engineered,RandomForest
AF,19,3,94,1.35987,1.207031911349206,angle_engineered,RandomForest
AF,19,4,2,1.80526,1.893317873068783,angle_engineered,RandomForest
AF,19,4,7,1.38795,1.3294839683333333,angle_engineered,RandomForest
AF,19,4,9,1.17187,1.125514145714285,angle_engineered,RandomForest
AF,19,4,11,1.28156,1.1745387451587301,angle_engineered,RandomForest
AF,19,4,18,1.42223,1.4032174697751327,angle_engineered,RandomForest
AF,19,4,31,1.21458,1.1113199917063492,angle_engineered,RandomForest
AF,19,4,39,1.45212,1.3939140517857154,angle_engineered,RandomForest
AF,19,4,42,1.23805,1.1960176882936515,angle_engineered,RandomForest
AF,19,4,43,1.18126,1.186008682023809,angle_engineered,RandomForest
AF,19,4,45,1.15453,1.1940079321825392,angle_engineered,RandomForest
AF,19,4,46,1.60113,1.8986325331782121,angle_engineered,RandomForest
AF,19,4,50,1.36288,1.3764164096164007,angle_engineered,RandomForest
AF,19,4,57,1.80075,2.023675524007938,angle_engineered,RandomForest
AF,19,4,63,1.49433,1.524457440066139,angle_engineered,RandomForest
AF,19,4,69,1.27114,1.204402676944445,angle_engineered,RandomForest
AF,19,4,75,1.32876,1.498117164285715,angle_engineered,RandomForest
AF,19,4,80,1.16671,1.2117219019841277,angle_engineered,RandomForest
AF,19,4,81,1.11558,1.2139926842063495,angle_engineered,RandomForest
AF,19,4,91,1.20107,1.219890107499999,angle_engineered,RandomForest
AF,19,5,10,1.17573,1.1811616373412688,angle_engineered,RandomForest
AF,19,5,15,1.4926,1.394488380462964,angle_engineered,RandomForest
AF,19,5,17,1.44103,1.3934820551455034,angle_engineered,RandomForest
AF,19,5,32,1.18475,1.166211300436508,angle_engineered,RandomForest
AF,19,5,33,1.00068,1.1772795111507945,angle_engineered,RandomForest
AF,19,5,34,1.15143,1.190114278650794,angle_engineered,RandomForest
AF,19,5,36,1.97211,2.049927136798943,angle_engineered,RandomForest
AF,19,5,40,1.42363,1.3968764126719593,angle_engineered,RandomForest
AF,19,5,44,1.20002,1.1741752125396816,angle_engineered,RandomForest
AF,19,5,47,1.95358,1.741029651230157,angle_engineered,RandomForest
AF,19,5,54,1.18756,1.191249731481483,angle_engineered,RandomForest
AF,19,5,60,2.31133,1.9640999503174612,angle_engineered,RandomForest
AF,19,5,65,1.62994,1.4794345123015873,angle_engineered,RandomForest
AF,19,5,67,1.21931,1.157774232936506,angle_engineered,RandomForest
AF,19,5,70,2.36855,1.8831892197883588,angle_engineered,RandomForest
AF,19,5,72,1.7423,1.8174805367592572,angle_engineered,RandomForest
AF,19,5,77,1.17845,1.1725415475396823,angle_engineered,RandomForest
AF,19,5,82,1.50363,1.793686902645501,angle_engineered,RandomForest
AF,19,5,86,1.27302,1.452150809325397,angle_engineered,RandomForest
AF,20,1,1,1.7596,2.1033551256084677,angle_engineered,RandomForest
AF,20,1,2,1.80526,2.0678760022751326,angle_engineered,RandomForest
AF,20,1,9,1.17187,1.1593053299999996,angle_engineered,RandomForest
AF,20,1,13,1.87831,1.9914115253968263,angle_engineered,RandomForest
AF,20,1,14,1.74885,1.946171576349207,angle_engineered,RandomForest
AF,20,1,17,1.44103,1.3979521714285699,angle_engineered,RandomForest
AF,20,1,29,1.36564,1.4440905657142873,angle_engineered,RandomForest
AF,20,1,31,1.21458,1.124832068015872,angle_engineered,RandomForest
AF,20,1,32,1.18475,1.1516701014285702,angle_engineered,RandomForest
AF,20,1,33,1.00068,1.1527160736507924,angle_engineered,RandomForest
AF,20,1,43,1.18126,1.17041024021164,angle_engineered,RandomForest
AF,20,1,44,1.20002,1.1696145014417982,angle_engineered,RandomForest
AF,20,1,55,1.18237,1.2004285217063497,angle_engineered,RandomForest
AF,20,1,58,1.93806,1.9828182543783082,angle_engineered,RandomForest
AF,20,1,60,2.31133,1.9452446262830703,angle_engineered,RandomForest
AF,20,1,62,1.53985,1.513371092103175,angle_engineered,RandomForest
AF,20,1,70,2.36855,1.8088714365873027,angle_engineered,RandomForest
AF,20,1,77,1.17845,1.168445460396824,angle_engineered,RandomForest
AF,20,1,92,1.21688,1.2260175424206345,angle_engineered,RandomForest
AF,20,1,93,1.30275,1.2267108357142857,angle_engineered,RandomForest
AF,20,2,0,2.29017,1.8211877005414452,angle_engineered,LinearRegression
AF,20,2,3,1.29597,1.452851260659149,angle_engineered,LinearRegression
AF,20,2,6,1.30412,1.4154896256126437,angle_engineered,LinearRegression
AF,20,2,8,1.05256,1.1035475567959816,angle_engineered,LinearRegression
AF,20,2,11,1.28156,1.048560859713851,angle_engineered,LinearRegression
AF,20,2,12,2.04975,1.8112593595902866,angle_engineered,LinearRegression
AF,20,2,24,1.80422,2.0097405887846,angle_engineered,LinearRegression
AF,20,2,25,2.44505,1.9927781246234124,angle_engineered,LinearRegression
AF,20,2,28,1.38725,1.5613738125340686,angle_engineered,LinearRegression
AF,20,2,37,2.18925,1.8349281917794693,angle_engineered,LinearRegression
AF,20,2,49,1.92546,1.7390702328068346,angle_engineered,LinearRegression
AF,20,2,50,1.36288,1.453556154967054,angle_engineered,LinearRegression
AF,20,2,52,1.42105,1.4954932230287044,angle_engineered,LinearRegression
AF,20,2,68,1.22121,1.1975054612844478,angle_engineered,LinearRegression
AF,20,2,74,1.31523,1.5065737161861574,angle_engineered,LinearRegression
AF,20,2,75,1.32876,1.5175354994601593,angle_engineered,LinearRegression
AF,20,2,81,1.11558,1.183249529711152,angle_engineered,LinearRegression
AF,20,2,84,1.78987,1.7436380578314181,angle_engineered,LinearRegression
AF,20,2,90,1.54228,1.494470427858972,angle_engineered,LinearRegression
AF,20,3,4,1.75407,1.8949950157142859,angle_engineered,RandomForest
AF,20,3,7,1.38795,1.3265806801190474,angle_engineered,RandomForest
AF,20,3,20,1.19111,1.2210638655555557,angle_engineered,RandomForest
AF,20,3,21,1.16533,1.2219275061507937,angle_engineered,RandomForest
AF,20,3,22,1.16534,1.209008507738095,angle_engineered,RandomForest
AF,20,3,23,1.20579,1.206555302738095,angle_engineered,RandomForest
AF,20,3,26,2.14773,2.192055502103173,angle_engineered,RandomForest
AF,20,3,27,1.55854,1.3969919239417983,angle_engineered,RandomForest
AF,20,3,30,1.52016,1.3752019667460311,angle_engineered,RandomForest
AF,20,3,35,1.18045,1.1578685203968258,angle_engineered,RandomForest
AF,20,3,36,1.97211,2.029574587645502,angle_engineered,RandomForest
AF,20,3,39,1.45212,1.384488049920634,angle_engineered,RandomForest
AF,20,3,56,1.19584,1.2161564992328036,angle_engineered,RandomForest
AF,20,3,59,2.0106,2.06454088744709,angle_engineered,RandomForest
AF,20,3,66,1.09488,1.1915569344841264,angle_engineered,RandomForest
AF,20,3,73,1.41795,1.3698621462698417,angle_engineered,RandomForest
AF,20,3,85,1.70334,1.7736009450396815,angle_engineered,RandomForest
AF,20,3,86,1.27302,1.4418510023677247,angle_engineered,RandomForest
AF,20,3,89,1.49292,1.5323858394312184,angle_engineered,RandomForest
AF,20,4,5,1.28243,1.3365307510449749,angle_rheology_enhanced,RandomForest
AF,20,4,15,1.4926,1.3980780759920626,angle_rheology_enhanced,RandomForest
AF,20,4,38,1.94988,1.9944622370634912,angle_rheology_enhanced,RandomForest
AF,20,4,40,1.42363,1.4107307254100534,angle_rheology_enhanced,RandomForest
AF,20,4,41,1.35048,1.4028644156084658,angle_rheology_enhanced,RandomForest
AF,20,4,46,1.60113,1.9041926927380954,angle_rheology_enhanced,RandomForest
AF,20,4,53,1.22687,1.1899728622222228,angle_rheology_enhanced,RandomForest
AF,20,4,63,1.49433,1.539534431097884,angle_rheology_enhanced,RandomForest
AF,20,4,64,1.4624,1.5470130783201066,angle_rheology_enhanced,RandomForest
AF,20,4,67,1.21931,1.1448627539682528,angle_rheology_enhanced,RandomForest
AF,20,4,71,1.56292,2.227617792239055,angle_rheology_enhanced,RandomForest
AF,20,4,72,1.7423,2.2260517255723893,angle_rheology_enhanced,RandomForest
AF,20,4,76,1.46489,1.4162465758862446,angle_rheology_enhanced,RandomForest
AF,20,4,78,1.14397,1.1776253760918716,angle_rheology_enhanced,RandomForest
AF,20,4,80,1.16671,1.1790064591005298,angle_rheology_enhanced,RandomForest
AF,20,4,83,1.81434,1.7006801470634925,angle_rheology_enhanced,RandomForest
AF,20,4,87,1.4647,1.3579109730158738,angle_rheology_enhanced,RandomForest
AF,20,4,88,1.62833,1.4210051142195756,angle_rheology_enhanced,RandomForest
AF,20,4,95,1.16353,1.2878658964021146,angle_rheology_enhanced,RandomForest
AF,20,5,10,1.17573,1.2017994682804232,angle_rheology_enhanced,RandomForest
AF,20,5,16,1.39505,1.444573734153439,angle_rheology_enhanced,RandomForest
AF,20,5,18,1.42223,1.4381132191005295,angle_rheology_enhanced,RandomForest
AF,20,5,19,1.2125,1.1877623001190476,angle_rheology_enhanced,RandomForest
AF,20,5,34,1.15143,1.1552515319504566,angle_rheology_enhanced,RandomForest
AF,20,5,42,1.23805,1.1960681627044252,angle_rheology_enhanced,RandomForest
AF,20,5,45,1.15453,1.1955730579160657,angle_rheology_enhanced,RandomForest
AF,20,5,47,1.95358,1.7408587831349196,angle_rheology_enhanced,RandomForest
AF,20,5,48,1.82522,1.8096738190079347,angle_rheology_enhanced,RandomForest
AF,20,5,51,1.34172,1.3869016215476198,angle_rheology_enhanced,RandomForest
AF,20,5,54,1.18756,1.1884334594372299,angle_rheology_enhanced,RandomForest
AF,20,5,57,1.80075,2.0224871587830693,angle_rheology_enhanced,RandomForest
AF,20,5,61,1.5134,1.5071633102777784,angle_rheology_enhanced,RandomForest
AF,20,5,65,1.62994,1.4904201060317464,angle_rheology_enhanced,RandomForest
AF,20,5,69,1.27114,1.1994597671031744,angle_rheology_enhanced,RandomForest
AF,20,5,79,1.19772,1.1479951597619042,angle_rheology_enhanced,RandomForest
AF,20,5,82,1.50363,1.793012839841268,angle_rheology_enhanced,RandomForest
AF,20,5,91,1.20107,1.2301983442460316,angle_rheology_enhanced,RandomForest
AF,20,5,94,1.35987,1.2225562171296294,angle_rheology_enhanced,RandomForest
