Feature_set,Model,R2,MAE,RMSE,Spearman,Target,Repeat,Outer_fold
rheology_enhanced,RandomForest,0.5261578279710314,0.051083909515542175,0.07037233271513438,0.5594354344822935,Pr,1,1
engineered,GradientBoosting,0.49667959967233366,0.05354003072833946,0.07252827674133921,0.644487217444215,Pr,1,1
engineered,RandomForest,0.49633353019599424,0.05276106758432532,0.07255320669622319,0.6338557445739748,Pr,1,1
engineered,XGBoost,0.48249349445435363,0.055157399639487265,0.07354328061897554,0.6815140712336721,Pr,1,1
rheology_enhanced,XGBoost,0.47547069299211653,0.05555164155364037,0.07404060715024835,0.5526532879961058,Pr,1,1
rheology_enhanced,GradientBoosting,0.46390812499820333,0.056575909354385286,0.07485222333317273,0.5471542503046023,Pr,1,1
rheology_enhanced,SVR_RBF,0.4543220941600635,0.05576721575436833,0.07551848642591741,0.6597012217240413,Pr,1,1
core,LinearRegression,0.4417676588454088,0.055723217393271914,0.07638227492444116,0.7106589709986408,Pr,1,1
core,SVR_RBF,0.4402651443685115,0.05918744509140921,0.07648499949329902,0.55925213322591,Pr,1,1
engineered,SVR_RBF,0.3922622480536635,0.06120205509649081,0.07969722496885491,0.5695170035833833,Pr,1,1
core,GradientBoosting,0.35929029261536394,0.06469443602015348,0.08183060162659939,0.418698441796517,Pr,1,1
core,RandomForest,0.34786103320819595,0.06464638314694579,0.08255724041958348,0.43098075160403315,Pr,1,1
core,XGBoost,0.2879916032779518,0.06689057822525502,0.08626361418138531,0.4201503554304428,Pr,1,1
engineered,LinearRegression,-11.830544099349225,0.14626114507126076,0.36619096855340144,0.5062780701310927,Pr,1,1
rheology_enhanced,LinearRegression,-12.546161575642374,0.1557203462564814,0.37626447632450793,0.5414719113567152,Pr,1,1
rheology_enhanced,RandomForest,0.2988838997222748,0.06019786574074075,0.08173269971955022,0.5512374061459002,Pr,1,2
core,LinearRegression,0.27600491285240614,0.06047099536993556,0.08305555484338344,0.5921173335055728,Pr,1,2
engineered,RandomForest,0.2726545054702837,0.061645208374669164,0.08324750970376914,0.5022914841502384,Pr,1,2
rheology_enhanced,XGBoost,0.2291352855653609,0.06255919852852822,0.08570180277644829,0.5088909343069568,Pr,1,2
core,XGBoost,0.21677883931327213,0.06189861083030702,0.08638594341108477,0.4984874894901031,Pr,1,2
core,RandomForest,0.2164555039911158,0.06318148152281748,0.08640377282256052,0.4249702098705623,Pr,1,2
engineered,XGBoost,0.1908213819281933,0.06425496464967728,0.08780577357433947,0.48854262965707485,Pr,1,2
rheology_enhanced,GradientBoosting,0.14878357864712544,0.06638593582816897,0.09005770407161282,0.4928041087713855,Pr,1,2
engineered,GradientBoosting,0.14168020337838072,0.06532107983397618,0.09043268779711675,0.47039414172609906,Pr,1,2
core,GradientBoosting,0.1116975463405705,0.0649194325583428,0.09199861835085918,0.40278669158137426,Pr,1,2
core,SVR_RBF,-0.1794982608117348,0.0745145457859995,0.10601065714829905,0.3699358448960514,Pr,1,2
engineered,SVR_RBF,-0.2076292430176494,0.07327889855629659,0.10726738286856896,0.3732355699744106,Pr,1,2
rheology_enhanced,SVR_RBF,-0.2417525864713186,0.07565749887727259,0.10877232480690445,0.3725022977347753,Pr,1,2
rheology_enhanced,LinearRegression,-4.906520681869585,0.12798406564655637,0.23722843222694323,0.31750687976212144,Pr,1,2
engineered,LinearRegression,-11.100614988893208,0.15296399840811586,0.3395506731169509,0.4009165970206464,Pr,1,2
core,GradientBoosting,0.5238830334950646,0.046957130820671225,0.06824537710607448,0.7514440299301172,Pr,1,3
core,XGBoost,0.5176668480728308,0.04752399165928364,0.0686894383769393,0.7695269526952696,Pr,1,3
engineered,XGBoost,0.38527128476520534,0.05511209234595299,0.0775457782901627,0.5637030342197017,Pr,1,3
rheology_enhanced,XGBoost,0.3763357991237807,0.05461520753800869,0.07810733441599865,0.5591200827219805,Pr,1,3
rheology_enhanced,GradientBoosting,0.35735885322827265,0.05719146141809729,0.07928676043105293,0.5505041339062648,Pr,1,3
core,RandomForest,0.3396298708493879,0.05846471316964272,0.08037298890537227,0.5430378609303734,Pr,1,3
engineered,GradientBoosting,0.333693071337567,0.05815354849274133,0.0807334615158347,0.5626031258602486,Pr,1,3
engineered,RandomForest,0.3274106543169547,0.06072759937169314,0.08111317489600542,0.5248396055190264,Pr,1,3
rheology_enhanced,RandomForest,0.32067130574149383,0.06001081183862439,0.08151853919606962,0.5352887349338306,Pr,1,3
core,LinearRegression,0.2169270977945441,0.06454276057364286,0.0875220551118966,0.5924839696253905,Pr,1,3
core,SVR_RBF,0.049607660703868794,0.07197957089486626,0.09642016546853412,0.3686526184766895,Pr,1,3
rheology_enhanced,SVR_RBF,0.011191174843484641,0.07232485337189679,0.09834959500720689,0.37305225191450175,Pr,1,3
engineered,SVR_RBF,-0.17047962121876115,0.07605047040248276,0.10700358721695281,0.3283226452967434,Pr,1,3
engineered,LinearRegression,-0.4561149369113504,0.08942989118245911,0.11934775041595362,0.2531622407341165,Pr,1,3
rheology_enhanced,LinearRegression,-1.0668392665436666,0.10048725133470171,0.14219023136157763,0.23153070966487263,Pr,1,3
rheology_enhanced,GradientBoosting,0.4274367314553068,0.047448323720336874,0.06064687127564765,0.5744661375057365,Pr,1,4
engineered,XGBoost,0.42506446806785414,0.050365266546607015,0.06077237848680296,0.5660342797120977,Pr,1,4
rheology_enhanced,XGBoost,0.410402928233517,0.051024618759751325,0.06154238433815888,0.5434882251769333,Pr,1,4
engineered,GradientBoosting,0.4059479261574762,0.04944759713784623,0.06177445425500234,0.5680505935323158,Pr,1,4
engineered,RandomForest,0.39533624128728173,0.05329479286540993,0.062323757468235236,0.5605352420205942,Pr,1,4
rheology_enhanced,RandomForest,0.3598007431907797,0.05342817142030436,0.0641289666589435,0.5433049239205497,Pr,1,4
core,RandomForest,0.3570530209088182,0.05200579076479066,0.06426643942423244,0.5345064636141441,Pr,1,4
core,GradientBoosting,0.3489281505045059,0.04975323917134532,0.06467122958374726,0.5644362969752521,Pr,1,4
core,XGBoost,0.311601874409279,0.05178794136643411,0.06649921195016378,0.5413382218148488,Pr,1,4
core,LinearRegression,0.24059332426223923,0.055283025495318716,0.06984476564098592,0.5315736435120089,Pr,1,4
engineered,SVR_RBF,0.21559549445215997,0.05616574632196453,0.0709850183484847,0.4573366346767111,Pr,1,4
rheology_enhanced,SVR_RBF,0.1842388840560979,0.0573433820808604,0.07238993044689566,0.3968472200701722,Pr,1,4
core,SVR_RBF,0.05200951948080168,0.06241457180584496,0.07803665535531305,0.4072953916840289,Pr,1,4
engineered,LinearRegression,-0.1826155894772612,0.06995941456137664,0.08716024833985477,0.39006507358398446,Pr,1,4
rheology_enhanced,LinearRegression,-600.8362379203273,0.5360249800663959,1.966236827602535,0.44633855929370403,Pr,1,4
core,RandomForest,0.5185924700279945,0.05513588297784375,0.07385003924907264,0.657624633431085,Pr,1,5
engineered,RandomForest,0.4713550553945949,0.06112905353009269,0.0773884828449837,0.6356304985337243,Pr,1,5
rheology_enhanced,RandomForest,0.4604999267083929,0.05989932258597881,0.07817898810983287,0.597507331378299,Pr,1,5
engineered,GradientBoosting,0.388907393331804,0.06752966313394722,0.08320468976766932,0.565301074686564,Pr,1,5
engineered,XGBoost,0.36891267708260833,0.06965972305834293,0.08455494650009558,0.5612170087976538,Pr,1,5
core,LinearRegression,0.3561239035232142,0.058751034336448515,0.0854073884050172,0.6950146627565981,Pr,1,5
rheology_enhanced,GradientBoosting,0.28453233646330167,0.07380046465284851,0.09003042410372196,0.5117771078225961,Pr,1,5
rheology_enhanced,XGBoost,0.27503132592245694,0.0748550464361906,0.09062622948378037,0.500366568914956,Pr,1,5
core,XGBoost,0.22724946946032587,0.07184808588027955,0.09356511309964184,0.5113636363636364,Pr,1,5
core,GradientBoosting,0.168442417122307,0.07382963072109629,0.0970600375591583,0.5182401553623078,Pr,1,5
core,SVR_RBF,0.09807836059094965,0.07584663457204782,0.10108313306500274,0.48497067448680353,Pr,1,5
rheology_enhanced,SVR_RBF,0.06024676248177174,0.07434195418181114,0.1031813501056384,0.47434017595307915,Pr,1,5
engineered,SVR_RBF,-0.0205011076010424,0.08010035250241064,0.1075229153313989,0.44868035190615835,Pr,1,5
engineered,LinearRegression,-0.3392567841555201,0.09499363122743269,0.12317603451265033,0.4175219941348973,Pr,1,5
rheology_enhanced,LinearRegression,-72.65599932136926,0.3255980682455465,0.9134785503430528,0.3112170087976539,Pr,1,5
rheology_enhanced,RandomForest,0.29319587186188556,0.061147305803571375,0.08045084168071047,0.5481209991274498,Pr,2,1
core,XGBoost,0.2777294112255322,0.057963125988841055,0.08132630083277609,0.5509212599918204,Pr,2,1
core,GradientBoosting,0.2540304949398552,0.05864308404571845,0.08264975878439057,0.535838689113557,Pr,2,1
rheology_enhanced,GradientBoosting,0.22411925195676674,0.06221587691599007,0.08429048278110729,0.5112740690857718,Pr,2,1
engineered,GradientBoosting,0.2169699794312464,0.06026563166716813,0.08467793523980692,0.48377636009944486,Pr,2,1
core,RandomForest,0.2122006606367408,0.06395062487599189,0.08493542407573824,0.47465395744386796,Pr,2,1
rheology_enhanced,XGBoost,0.21162789814623884,0.061912887856364264,0.08496629423744446,0.4770373106484914,Pr,2,1
engineered,RandomForest,0.2027087901114848,0.06646898057208996,0.08544556805973606,0.49917507713178794,Pr,2,1
engineered,XGBoost,0.16262272804576294,0.062304222881793984,0.08756723523969134,0.48340972397962717,Pr,2,1
core,LinearRegression,0.06638019220683633,0.07137448880988156,0.09246259586273771,0.4714940500855522,Pr,2,1
core,SVR_RBF,-0.1620709463764598,0.07221180028867959,0.10315668443814821,0.4060495026980941,Pr,2,1
rheology_enhanced,SVR_RBF,-0.2964828062860858,0.07347530963408369,0.1089593325405762,0.4441796591591341,Pr,2,1
engineered,SVR_RBF,-0.3386016535335117,0.07563586360038269,0.11071506821212912,0.419248403011531,Pr,2,1
rheology_enhanced,LinearRegression,-7.3126018831285915,0.1391010443343172,0.2758986300376673,0.3264894646976549,Pr,2,1
engineered,LinearRegression,-15.526618326101616,0.16708858436281251,0.3890210055421797,0.3855178799883034,Pr,2,1
core,GradientBoosting,0.6015584468555542,0.04724159561677477,0.0661358665908561,0.7214737451252645,Pr,2,2
core,XGBoost,0.5781698715825604,0.04992738904058933,0.0680492799218777,0.6755889660798197,Pr,2,2
engineered,XGBoost,0.548634394403019,0.05471140794456005,0.07039129703429135,0.6744271310724108,Pr,2,2
rheology_enhanced,XGBoost,0.53491910486239,0.054648036330938336,0.07145275626972504,0.6423464711274062,Pr,2,2
rheology_enhanced,GradientBoosting,0.5214016903323098,0.05592498095141761,0.0724836937237494,0.5906507791017416,Pr,2,2
engineered,GradientBoosting,0.5096957746877064,0.05721686371255499,0.07336476898450663,0.6070937611419908,Pr,2,2
engineered,RandomForest,0.5066624977093768,0.05663154150132283,0.07359135539097258,0.5786820664025558,Pr,2,2
rheology_enhanced,RandomForest,0.502294696092812,0.05523601814649491,0.07391641087020898,0.5434882251769333,Pr,2,2
core,RandomForest,0.47098905014146464,0.056385703579695884,0.07620563163955774,0.5339565598449938,Pr,2,2
core,SVR_RBF,0.2786640075930942,0.06989462815906239,0.08898637956269993,0.44505545049901984,Pr,2,2
core,LinearRegression,0.21576910062976162,0.0653917455566746,0.09278477337641595,0.6477866400591171,Pr,2,2
engineered,SVR_RBF,0.18152429545991144,0.07419103396039346,0.09478893256201873,0.3609201738190157,Pr,2,2
rheology_enhanced,SVR_RBF,0.16600962926736051,0.0739015470993505,0.09568310377458546,0.40032994394145777,Pr,2,2
engineered,LinearRegression,0.07171135180488031,0.07649132070311797,0.10094765997553223,0.3792502994573608,Pr,2,2
rheology_enhanced,LinearRegression,-0.6930301883324497,0.09180081794549583,0.13632863534484316,0.4261754210915244,Pr,2,2
rheology_enhanced,RandomForest,0.3738859703373463,0.0599816510830027,0.08066262827278649,0.593346166913232,Pr,2,3
rheology_enhanced,GradientBoosting,0.3631151950574061,0.06586581704495553,0.08135347243395642,0.568967099814233,Pr,2,3
engineered,RandomForest,0.3545304214975674,0.06063484499007922,0.0818999318330077,0.6215745603962836,Pr,2,3
core,RandomForest,0.3043864782040556,0.06305795547739296,0.08502167541849616,0.5196590618470847,Pr,2,3
core,XGBoost,0.2829103566771122,0.06352487275004387,0.08632416300841454,0.6386215772399445,Pr,2,3
core,LinearRegression,0.2645846740725446,0.06052514000788658,0.08742023894193211,0.6791311549006873,Pr,2,3
engineered,GradientBoosting,0.20332504933076223,0.06980694051121725,0.09098844273203859,0.6191916440632986,Pr,2,3
rheology_enhanced,SVR_RBF,0.17399184816937374,0.06701030725741701,0.09264837741318191,0.45312070577989166,Pr,2,3
engineered,XGBoost,0.1264973016097577,0.07250312724709511,0.09527474093334207,0.5942626731951492,Pr,2,3
rheology_enhanced,XGBoost,0.12617433004313783,0.0740962532311678,0.09529235289297139,0.5750160412748868,Pr,2,3
engineered,SVR_RBF,0.05498392111537165,0.06867905959339382,0.09909808222793347,0.4753001578022893,Pr,2,3
core,GradientBoosting,0.03537110262443044,0.07532102138996748,0.10012113979379508,0.5471542503046023,Pr,2,3
core,SVR_RBF,-0.23155486293200234,0.07918705559348937,0.11312863129664641,0.44340573919156884,Pr,2,3
rheology_enhanced,LinearRegression,-98.66967694579134,0.3831658840081884,1.0177173452173427,0.318394282338055,Pr,2,3
engineered,LinearRegression,-671.7697172346569,0.7204287958556805,2.6441060412132815,0.36440289769030126,Pr,2,3
rheology_enhanced,RandomForest,0.3913719878030958,0.061233537769811164,0.0793756736555582,0.48299881057039434,Pr,2,4
engineered,RandomForest,0.3861196818534468,0.061552546968945306,0.0797174339163064,0.5594354344822935,Pr,2,4
core,RandomForest,0.3802969050259434,0.06322561330191775,0.08009460948322872,0.516176337975799,Pr,2,4
core,GradientBoosting,0.3541103377829635,0.060326184799910726,0.08176936448613988,0.5907424381301559,Pr,2,4
engineered,GradientBoosting,0.3470770165410819,0.06654112614040524,0.08221336681649392,0.48354871433954466,Pr,2,4
rheology_enhanced,XGBoost,0.33254524851410583,0.06442933546006681,0.08312322225232675,0.505178262592792,Pr,2,4
rheology_enhanced,GradientBoosting,0.30973144969550137,0.068541607627548,0.08453187438930708,0.4795160866991087,Pr,2,4
engineered,XGBoost,0.2959285956722134,0.06492645950615407,0.08537285568493143,0.5483043079743356,Pr,2,4
core,LinearRegression,0.2949104747533813,0.06069947560629477,0.08543456000203513,0.5686004973014661,Pr,2,4
core,XGBoost,0.2840311320333011,0.06633621388673783,0.08609115313419721,0.5420218151258657,Pr,2,4
core,SVR_RBF,0.09386305261377681,0.0726721609991191,0.09685195133637325,0.4230592997330057,Pr,2,4
engineered,LinearRegression,0.07488930313718645,0.0757837768433123,0.09786069752861029,0.5092108902332279,Pr,2,4
rheology_enhanced,SVR_RBF,-0.08826761255244486,0.0767707909839945,0.10614005489926352,0.4551370196001097,Pr,2,4
engineered,SVR_RBF,-0.1372577417392118,0.07776548338138763,0.10850279025249362,0.37760058814990977,Pr,2,4
rheology_enhanced,LinearRegression,-0.4185102382316528,0.09527363378020069,0.1211790917298245,0.3917147848914356,Pr,2,4
core,RandomForest,0.3477717327826333,0.05137190323247351,0.06411433252450216,0.45589586781756825,Pr,2,5
rheology_enhanced,RandomForest,0.3105772631402366,0.05283894515842959,0.06591710386033157,0.41096141681169795,Pr,2,5
engineered,RandomForest,0.3102353972047952,0.05310830589751686,0.06593344508195136,0.459719551009696,Pr,2,5
rheology_enhanced,SVR_RBF,0.18295125025049552,0.05516372240509814,0.07175948309891628,0.2969480353411912,Pr,2,5
engineered,SVR_RBF,0.16359411123896095,0.05584839001717436,0.07260455329681327,0.35688754617857976,Pr,2,5
core,LinearRegression,0.11824706290403875,0.05842223347686041,0.07454676029299434,0.5163596392321825,Pr,2,5
rheology_enhanced,XGBoost,0.05778089109474549,0.06030673670768738,0.07706040208428946,0.32392300641613203,Pr,2,5
core,GradientBoosting,0.027343108337626765,0.06272965468436276,0.0782952023709882,0.3251421454708562,Pr,2,5
rheology_enhanced,GradientBoosting,0.023549435646656236,0.05948051188762721,0.07844774193175867,0.29789184234647115,Pr,2,5
engineered,XGBoost,0.0002517535194771492,0.06192088015377522,0.07937808957762932,0.3197066911090743,Pr,2,5
engineered,GradientBoosting,-0.0006004675882327337,0.06086977390807173,0.07941191472985228,0.32181169274528043,Pr,2,5
core,SVR_RBF,-0.08852820348768753,0.0636642327472088,0.08282761570248758,0.26816973808898936,Pr,2,5
core,XGBoost,-0.1322834510724027,0.06612318059802055,0.08447591349479693,0.3353206230849318,Pr,2,5
engineered,LinearRegression,-3.2553200479951494,0.08673073728638493,0.1637651289748582,0.6122261963207275,Pr,2,5
rheology_enhanced,LinearRegression,-497.09250781712836,0.6142915158785213,1.771782147643473,0.3114288345954838,Pr,2,5
rheology_enhanced,RandomForest,0.4521484165275155,0.05410244612794614,0.07499414892742895,0.538221823892372,Pr,3,1
core,XGBoost,0.42901105989971344,0.05775203152000905,0.07656138272532274,0.7318056951561137,Pr,3,1
engineered,XGBoost,0.4131709021905069,0.057413733884692196,0.0776160863284535,0.5781851609525006,Pr,3,1
rheology_enhanced,XGBoost,0.41185925437896476,0.05882737402617932,0.07770277949554093,0.5939505141046614,Pr,3,1
core,RandomForest,0.4047463908517829,0.05521247796792307,0.07817122881584493,0.6328139428053366,Pr,3,1
core,GradientBoosting,0.39951791725359764,0.057939312025070556,0.07851379089297517,0.7318727686813136,Pr,3,1
engineered,GradientBoosting,0.39935676942735787,0.05944545779307919,0.07852432532718404,0.5948671044042055,Pr,3,1
engineered,RandomForest,0.3890997571353516,0.06028970071623963,0.07919195585721621,0.5435380476297287,Pr,3,1
rheology_enhanced,SVR_RBF,0.3781060840123539,0.05732623618765186,0.07990134212240707,0.6713107353861943,Pr,3,1
engineered,SVR_RBF,0.3337003501267062,0.06162882351062175,0.08270479943641612,0.6196150424918998,Pr,3,1
core,SVR_RBF,0.33192257877913467,0.060239279102368606,0.08281505934695745,0.6850595898793579,Pr,3,1
rheology_enhanced,GradientBoosting,0.3311482498162368,0.06313048953919183,0.08286303846326183,0.6119156839757283,Pr,3,1
core,LinearRegression,0.30725570531476576,0.057645491457592936,0.08433005801842988,0.6850595898793579,Pr,3,1
rheology_enhanced,LinearRegression,-0.5359350620616894,0.09012651843107618,0.12556897451832655,0.3488542680065341,Pr,3,1
engineered,LinearRegression,-6.086265518679358,0.13053220443358532,0.2697147085597213,0.37158570743523106,Pr,3,1
rheology_enhanced,RandomForest,0.35369526893933956,0.05763421788194438,0.07944446223426568,0.4978462123374538,Pr,3,2
engineered,RandomForest,0.35179679486365223,0.05741366862448902,0.07956105789649884,0.4950966934917021,Pr,3,2
core,XGBoost,0.2948056276220843,0.05726659761369228,0.08298495847734523,0.5208620446625416,Pr,3,2
core,LinearRegression,0.240580187066178,0.06139476143952592,0.08611641140345767,0.5401888025620312,Pr,3,2
rheology_enhanced,XGBoost,0.23904224152867148,0.06553525027632713,0.08620356699381182,0.4324869392082211,Pr,3,2
core,RandomForest,0.22706436999050406,0.06399979880651757,0.08687936255960248,0.4236868658373035,Pr,3,2
engineered,XGBoost,0.2148203709418457,0.06322300726175308,0.08756478262397702,0.4015033475481154,Pr,3,2
rheology_enhanced,SVR_RBF,0.10576158836594873,0.06290098094676613,0.09344834677212832,0.4762166640842066,Pr,3,2
core,GradientBoosting,0.06496743104454006,0.06893594276421097,0.0955560813071126,0.4272485721347598,Pr,3,2
engineered,SVR_RBF,0.05675680572374431,0.06522154040512942,0.09597470861863516,0.4888644507746648,Pr,3,2
core,SVR_RBF,0.044149580846110204,0.06900767050424708,0.09661397029540521,0.48923105328743166,Pr,3,2
rheology_enhanced,GradientBoosting,-0.04460251655519376,0.07409846852655139,0.10099979585552146,0.4500458295142072,Pr,3,2
engineered,GradientBoosting,-0.047242145342584196,0.07159713180869434,0.10112732463145266,0.4266202236276094,Pr,3,2
engineered,LinearRegression,-0.08070307069517924,0.0796544925225306,0.10273020501582804,0.46356887739374847,Pr,3,2
rheology_enhanced,LinearRegression,-0.7490827545474252,0.09292380288281996,0.1306923421254168,0.3928145924297362,Pr,3,2
rheology_enhanced,RandomForest,0.4004933050870553,0.05487133449074065,0.07736145763800766,0.5775822588642552,Pr,3,3
engineered,GradientBoosting,0.3828624688261041,0.05995077442938601,0.07849077275359999,0.5031619487725739,Pr,3,3
rheology_enhanced,XGBoost,0.34793662049336826,0.057487279757857335,0.08068123374531695,0.4538539108054256,Pr,3,3
core,LinearRegression,0.34713206380977346,0.05812860421695423,0.08073099318352223,0.6523691714687033,Pr,3,3
engineered,RandomForest,0.3407234887777716,0.058329139963624176,0.08112625473633762,0.5643845684046467,Pr,3,3
engineered,XGBoost,0.3105270568983225,0.0577628380060196,0.08296334218825427,0.5136571952337305,Pr,3,3
rheology_enhanced,GradientBoosting,0.30357848042858715,0.06166045154430955,0.08338035054075514,0.4357070864234638,Pr,3,3
core,RandomForest,0.28025866508748176,0.060428973131613606,0.0847648597764028,0.4106324472960587,Pr,3,3
rheology_enhanced,SVR_RBF,0.23324420807986235,0.06416342207691486,0.08748954501653422,0.48813124574913097,Pr,3,3
engineered,SVR_RBF,0.13684172132536232,0.07090457814565937,0.09282668589835584,0.36311978889561713,Pr,3,3
core,SVR_RBF,0.13565424625291078,0.07115438587115089,0.09289051630628996,0.3763174793552256,Pr,3,3
core,XGBoost,0.10225338038822507,0.07042113365232945,0.09466828610947675,0.41125779935870965,Pr,3,3
core,GradientBoosting,0.03266061807856324,0.07076149184917437,0.09826911839582503,0.43505362727473873,Pr,3,3
rheology_enhanced,LinearRegression,-74.18471370133665,0.321012296757476,0.8663480466810572,0.3779671906626767,Pr,3,3
engineered,LinearRegression,-90.93539861353449,0.3470354445330077,0.9580077162570894,0.3178443785689047,Pr,3,3
core,RandomForest,0.33995563076225555,0.05260830861441797,0.06512606132685031,0.5273577146151894,Pr,3,4
rheology_enhanced,RandomForest,0.33143654704391656,0.05504813347387566,0.06554499953070396,0.5126936141045134,Pr,3,4
core,LinearRegression,0.32072132907828166,0.05262347513338106,0.06606816392504054,0.5959123845026003,Pr,3,4
engineered,RandomForest,0.315487572320727,0.05637361342592585,0.06632219898525891,0.5189258568215507,Pr,3,4
core,XGBoost,0.2147110914841358,0.05590758983790875,0.07103673307216599,0.48373201559592816,Pr,3,4
core,GradientBoosting,0.18156690078890358,0.055376200963745646,0.07252034158401216,0.5269043930836912,Pr,3,4
engineered,GradientBoosting,0.1473637137577053,0.06088013653557614,0.07402018296130519,0.5128769153608969,Pr,3,4
rheology_enhanced,SVR_RBF,0.13053433269004655,0.05937972378710471,0.07474712059022444,0.4360736889362307,Pr,3,4
rheology_enhanced,GradientBoosting,0.12803823415041615,0.06196483824264033,0.07485433728074185,0.48556502815976266,Pr,3,4
engineered,SVR_RBF,0.11960692051352739,0.06000644498053405,0.07521536348521228,0.47218403644377066,Pr,3,4
engineered,XGBoost,0.1160251183477482,0.062111617520451544,0.07536821174120603,0.44138942537135084,Pr,3,4
rheology_enhanced,XGBoost,0.09419340934748643,0.06380900692939759,0.07629322734437924,0.4303913499883438,Pr,3,4
core,SVR_RBF,-0.48657656730133203,0.07547397160038291,0.0977376494010517,0.3851159396616312,Pr,3,4
engineered,LinearRegression,-1.8035914308429608,0.10667730695446384,0.1342225886731903,0.3358079016944829,Pr,3,4
rheology_enhanced,LinearRegression,-23.683952888491504,0.19461732676933932,0.39826817411687676,0.2791678134719964,Pr,3,4
rheology_enhanced,GradientBoosting,0.4373452388719017,0.0622425711016374,0.07822667959972321,0.5179209848508795,Pr,3,5
rheology_enhanced,XGBoost,0.41701746966439623,0.06345768280327321,0.07962724096972369,0.48854262965707485,Pr,3,5
rheology_enhanced,RandomForest,0.4130125371889577,0.06212695866402117,0.07990028165942162,0.5072410717677771,Pr,3,5
core,SVR_RBF,0.3742332210221384,0.0653216937886252,0.08249737867683977,0.5039413466894179,Pr,3,5
engineered,GradientBoosting,0.3685025467274379,0.06439246962154332,0.08287426681853688,0.4440370355075504,Pr,3,5
rheology_enhanced,SVR_RBF,0.34975709667262467,0.06276266933856711,0.0840952968749529,0.47516041128372905,Pr,3,5
engineered,SVR_RBF,0.34189065595365875,0.06495160370631473,0.08460244730024882,0.4595783761914771,Pr,3,5
engineered,RandomForest,0.3164321581372823,0.06900075276951062,0.08622331364785847,0.45004583707621715,Pr,3,5
core,LinearRegression,0.2969078523101264,0.0661267348159398,0.08744601466157133,0.6060495060586452,Pr,3,5
engineered,XGBoost,0.2698284612244648,0.07006539699435235,0.08911408410363403,0.439596707661413,Pr,3,5
core,XGBoost,0.22933783701459087,0.06987607078254224,0.09155159524026679,0.5012375124185149,Pr,3,5
core,RandomForest,0.08582962415746453,0.07576461425264557,0.09971200965210329,0.39581996682939774,Pr,3,5
core,GradientBoosting,0.01996418918144305,0.07906126450961175,0.1032416341602488,0.41217455078841225,Pr,3,5
rheology_enhanced,LinearRegression,-232.9702012047731,0.5128116623954961,1.5951964401879244,0.4570119233527533,Pr,3,5
engineered,LinearRegression,-80817.51108748169,7.4781863284177295,29.647584814140767,0.28047663166053455,Pr,3,5
core,XGBoost,0.5572830194210507,0.04629752270877362,0.06631185238081301,0.8269001593386686,Pr,4,1
core,GradientBoosting,0.5476425650748529,0.04610774549475554,0.06702995630568091,0.853868720205354,Pr,4,1
rheology_enhanced,RandomForest,0.4457258695179055,0.05401602686838629,0.07419768829191083,0.6353469638940611,Pr,4,1
core,RandomForest,0.4351666249166787,0.05432001979617618,0.0749011085171294,0.6799596626329301,Pr,4,1
rheology_enhanced,XGBoost,0.4275415828483957,0.05548288226127626,0.07540498234862997,0.710605924701596,Pr,4,1
core,SVR_RBF,0.4195189143925603,0.05323673029703509,0.07593152224774942,0.7618698569811644,Pr,4,1
rheology_enhanced,GradientBoosting,0.39559575546564363,0.05948618955968911,0.07748039439265814,0.6622971885924963,Pr,4,1
engineered,RandomForest,0.39377236342050326,0.05875020659722218,0.07759717942833232,0.6474793875980445,Pr,4,1
engineered,GradientBoosting,0.37995889249703607,0.06023408728928166,0.07847626256560787,0.6856723834839962,Pr,4,1
engineered,XGBoost,0.36717466568753854,0.06168717470765116,0.07928116048235899,0.6717389339800433,Pr,4,1
core,LinearRegression,0.3500134881353393,0.05899674022629264,0.08034895673377422,0.6788267758424571,Pr,4,1
rheology_enhanced,SVR_RBF,0.34246139240609663,0.056176074915398985,0.08081438992318321,0.7030247597504248,Pr,4,1
engineered,SVR_RBF,0.2868745763407802,0.05929456905029029,0.08416102764960184,0.6900091774968967,Pr,4,1
engineered,LinearRegression,-0.1663530286191801,0.07898610851247571,0.10763241395050156,0.5618698536206134,Pr,4,1
rheology_enhanced,LinearRegression,-0.23694951996669267,0.07987650295414556,0.11084192461985574,0.5347387807541041,Pr,4,1
rheology_enhanced,XGBoost,0.415006474571888,0.06260020259022712,0.08048725199938361,0.6365386404963729,Pr,4,2
rheology_enhanced,RandomForest,0.3982945849209183,0.06257213661541006,0.08162882219461304,0.5645678696610301,Pr,4,2
engineered,XGBoost,0.39584169071394915,0.062409242525696754,0.0817950357729194,0.6488220762432787,Pr,4,2
rheology_enhanced,GradientBoosting,0.3849266135698769,0.06596807583413197,0.08253060679319787,0.6315885992252317,Pr,4,2
core,XGBoost,0.3772908825663315,0.061203823983669275,0.08304130824079684,0.6592721633712434,Pr,4,2
engineered,GradientBoosting,0.3735426668470765,0.06735870180229032,0.08329085474075083,0.5699358386801101,Pr,4,2
core,LinearRegression,0.3544221474309768,0.06108845499069754,0.0845523887495379,0.6908624353092281,Pr,4,2
engineered,RandomForest,0.34314952739262194,0.06604737520667987,0.08528739086907675,0.5550362043290906,Pr,4,2
core,RandomForest,0.3189123590120171,0.06617308692956331,0.08684664985947094,0.5411549037580202,Pr,4,2
core,GradientBoosting,0.2913915161230002,0.06833811171211149,0.08858388927133919,0.5998166819431715,Pr,4,2
rheology_enhanced,SVR_RBF,0.2569529786863336,0.06832938627025298,0.09071095077927856,0.6620841380570263,Pr,4,2
core,SVR_RBF,0.10348166336088138,0.07611047645123883,0.0996394125922008,0.5187425555651674,Pr,4,2
engineered,LinearRegression,-0.11722975514637746,0.0852399855170039,0.11123022534762034,0.625423886780336,Pr,4,2
engineered,SVR_RBF,-0.12704480162061804,0.0846618534390686,0.11171774483258205,0.6039776397834722,Pr,4,2
rheology_enhanced,LinearRegression,-200.70262035913836,0.45498481796663276,1.4945393025107607,0.3860324459435486,Pr,4,2
core,GradientBoosting,0.38254810205668766,0.059655550754970865,0.07722063603647869,0.35585296693648033,Pr,4,3
rheology_enhanced,RandomForest,0.3654463207560632,0.05421519651124357,0.07828273542272993,0.3972138225829391,Pr,4,3
rheology_enhanced,XGBoost,0.3364689306243376,0.060534606203436855,0.08005020364125541,0.4339138405132906,Pr,4,3
core,XGBoost,0.3356362916243746,0.06122323907911778,0.08010041381803532,0.37800183318056835,Pr,4,3
engineered,RandomForest,0.32171670888053394,0.058237036665013266,0.08093518594737137,0.4564201283947938,Pr,4,3
core,RandomForest,0.3041807546825793,0.05851303505290994,0.08197473619279567,0.31420714940421635,Pr,4,3
engineered,XGBoost,0.30396251661103224,0.06289026221632958,0.08198759054104672,0.5026120450034236,Pr,4,3
engineered,GradientBoosting,0.22920678627332514,0.06753751572706426,0.08627813537259406,0.40179635399252533,Pr,4,3
rheology_enhanced,GradientBoosting,0.22741124996209572,0.06715737603269419,0.08637856789424694,0.30134726549439406,Pr,4,3
core,LinearRegression,-0.08409940253452453,0.07465523389148171,0.10232137368461489,0.4472550655756213,Pr,4,3
core,SVR_RBF,-0.13635316001608788,0.07636849994594183,0.10475830706850077,0.1939327292536915,Pr,4,3
rheology_enhanced,SVR_RBF,-0.18828496359745728,0.0759752219188339,0.10712531458567146,0.19283292171539085,Pr,4,3
engineered,SVR_RBF,-0.38066308842780106,0.08343431418716112,0.1154717284398937,0.15397305536209913,Pr,4,3
engineered,LinearRegression,-10.085214893196708,0.15239994603012952,0.32719289753281317,0.2613875916028016,Pr,4,3
rheology_enhanced,LinearRegression,-10.347686594545424,0.14755642238506123,0.3310438131783959,0.23829163329848677,Pr,4,3
engineered,GradientBoosting,0.21735219522559412,0.06807640371397927,0.09093076628927202,0.5260746058205054,Pr,4,4
rheology_enhanced,XGBoost,0.14304368370653975,0.07329837550222873,0.09514960885907664,0.45843644221501184,Pr,4,4
engineered,XGBoost,0.13796495055985936,0.07283636313676833,0.0954311434016995,0.5037118525417242,Pr,4,4
engineered,RandomForest,0.1332220496280504,0.07173803187003952,0.09569331347746489,0.5060947688747092,Pr,4,4
rheology_enhanced,GradientBoosting,0.12132526736751448,0.07332582064541165,0.0963477848616255,0.4122445256063821,Pr,4,4
core,GradientBoosting,0.10355930622812881,0.07305253837855767,0.09731694047174401,0.5351674106779213,Pr,4,4
rheology_enhanced,RandomForest,0.09491492142611335,0.073445636326058,0.09778502875320538,0.44652186055008747,Pr,4,4
core,RandomForest,0.09221596271897126,0.07655214543876254,0.09793071743127078,0.4670944087992668,Pr,4,4
core,LinearRegression,0.07046462644028606,0.07364083590685006,0.09909702713060733,0.44798827060115515,Pr,4,4
core,XGBoost,0.05308853424917326,0.07481155116856097,0.10001896425240016,0.49935838680109995,Pr,4,4
core,SVR_RBF,-0.1667773086997948,0.0807360818594682,0.11102522257254205,0.4091284042478634,Pr,4,4
rheology_enhanced,SVR_RBF,-0.23440444260428195,0.0841465039754229,0.11419744920143357,0.3213271024401902,Pr,4,4
engineered,SVR_RBF,-0.2875356871925543,0.08637182316654926,0.11662920169253406,0.3365411067200167,Pr,4,4
engineered,LinearRegression,-0.3311063149457043,0.09524843938455048,0.11858616845862376,0.21409586745587117,Pr,4,4
rheology_enhanced,LinearRegression,-421.1174925157155,0.6209150399444378,2.1117589335235136,0.16112180436105375,Pr,4,4
engineered,XGBoost,0.4459457118267618,0.04407269825041295,0.05696896831993499,0.5510035766886549,Pr,4,5
rheology_enhanced,XGBoost,0.44376581196611153,0.044229335144162184,0.05708092913033675,0.5634680621227295,Pr,4,5
rheology_enhanced,GradientBoosting,0.4106823746426962,0.04475654996569495,0.058753928378856714,0.560403299725023,Pr,4,5
engineered,GradientBoosting,0.4078436202706307,0.04498775149712166,0.058895267778006716,0.5400549954170486,Pr,4,5
engineered,LinearRegression,0.4060440479604469,0.044617523692677546,0.05898469169992291,0.7198240338178133,Pr,4,5
core,LinearRegression,0.3637627825074572,0.04671959476375241,0.06104804061397595,0.6606177280059586,Pr,4,5
engineered,SVR_RBF,0.36018413498319535,0.04964088524578532,0.061219488517187955,0.48354871433954466,Pr,4,5
core,XGBoost,0.3584992703325698,0.045500940248370175,0.06130004195573505,0.5507379251299264,Pr,4,5
engineered,RandomForest,0.3518773086015301,0.04921468394510586,0.06161561786238356,0.5207588693853853,Pr,4,5
rheology_enhanced,SVR_RBF,0.3478870446431347,0.04931225833589725,0.06180499968817668,0.48483182313422873,Pr,4,5
core,GradientBoosting,0.32612890641654946,0.04587986764530774,0.06282761995781881,0.5039413382218149,Pr,4,5
core,SVR_RBF,0.31418706185451617,0.05218321252319234,0.06338186753033662,0.44670516180647096,Pr,4,5
rheology_enhanced,RandomForest,0.306939958273301,0.05044246407903431,0.0637158710429418,0.4851984256469958,Pr,4,5
core,RandomForest,0.20495043470567453,0.054448395213293754,0.06824318640066002,0.4035200310289507,Pr,4,5
rheology_enhanced,LinearRegression,-0.4563228061606155,0.06057004138213268,0.09236150898970821,0.5379891874854297,Pr,4,5
rheology_enhanced,RandomForest,0.38289854192505546,0.05758897065145492,0.07968817614074221,0.609715867256822,Pr,5,1
engineered,GradientBoosting,0.3782483894245394,0.0580860983130836,0.07998785676385793,0.6478460237178622,Pr,5,1
engineered,RandomForest,0.35928056840091693,0.059041778728505155,0.0811987882972487,0.6546287919344894,Pr,5,1
rheology_enhanced,GradientBoosting,0.3590571171512219,0.05877496916858629,0.0812129461237246,0.7180568406629501,Pr,5,1
rheology_enhanced,XGBoost,0.33047449572176324,0.06186591871082782,0.08300402707752895,0.6381301665426933,Pr,5,1
core,RandomForest,0.3227077299174267,0.06444619303902092,0.08348407898366585,0.5512879297156087,Pr,5,1
core,XGBoost,0.286242812395914,0.0658750264197588,0.08570197850336593,0.5515629320084499,Pr,5,1
core,GradientBoosting,0.26472684345249264,0.06735535166942694,0.08698411641390372,0.6307635923467082,Pr,5,1
engineered,XGBoost,0.21764599403004725,0.06549372877180576,0.08972578282847718,0.6161319993536317,Pr,5,1
core,LinearRegression,0.16835348981884657,0.06635068884373557,0.09250921282340145,0.5301558292563829,Pr,5,1
core,SVR_RBF,0.08189314570897743,0.07272894526621967,0.09719909372378417,0.5083409801272302,Pr,5,1
rheology_enhanced,SVR_RBF,-0.10712048599261537,0.07675946716728431,0.10673652126168558,0.5488542713670852,Pr,5,1
engineered,LinearRegression,-0.12051257633219103,0.08488519631113295,0.1073801406344505,0.49239230891516056,Pr,5,1
engineered,SVR_RBF,-0.17256509157018796,0.07997057784854461,0.10984595806931892,0.5380385058324633,Pr,5,1
rheology_enhanced,LinearRegression,-289.3975906896384,0.5097998718983563,1.7286700400287172,0.4659945082882868,Pr,5,1
engineered,RandomForest,0.45229376430220425,0.05102557022982809,0.06061503483280354,0.6019061583577713,Pr,5,2
rheology_enhanced,RandomForest,0.44068998717232544,0.05063124078207672,0.06125376858302118,0.5883431085043987,Pr,5,2
core,RandomForest,0.41490934836618476,0.053535735107774145,0.062649570201861,0.516542940488566,Pr,5,2
rheology_enhanced,SVR_RBF,0.38065642741502737,0.05362791032516842,0.06445733325584917,0.6249999999999999,Pr,5,2
core,LinearRegression,0.37563268348611567,0.05096246784932622,0.06471822490633312,0.6444281524926686,Pr,5,2
engineered,SVR_RBF,0.3384958739097996,0.05505501537330908,0.06661511700696753,0.5986070381231672,Pr,5,2
engineered,XGBoost,0.33206038164922946,0.05629260678589344,0.0669383677862597,0.6129032258064515,Pr,5,2
core,GradientBoosting,0.31100110748461085,0.05545534469312144,0.06798541896425452,0.5516862170087976,Pr,5,2
rheology_enhanced,XGBoost,0.2890978105786838,0.05949864563345909,0.06905759383739565,0.565615835777126,Pr,5,2
rheology_enhanced,GradientBoosting,0.2882644878330157,0.06039912403575547,0.06909805679428936,0.6260997067448679,Pr,5,2
core,XGBoost,0.278960646713835,0.05768079744279385,0.06954821701583387,0.4629765395894428,Pr,5,2
engineered,GradientBoosting,0.27591163353675696,0.06062643761437884,0.06969510894876177,0.597140762463343,Pr,5,2
core,SVR_RBF,0.20207487675143776,0.06084606818356826,0.07316233977571629,0.5256598240469208,Pr,5,2
engineered,LinearRegression,-0.4523414038614071,0.07697594295882805,0.0987053915476881,0.4567448680351906,Pr,5,2
rheology_enhanced,LinearRegression,-0.5033089538324922,0.08017111488540407,0.10042240972041963,0.3962609970674486,Pr,5,2
rheology_enhanced,RandomForest,0.23433988140297268,0.06594888041501322,0.08434931048060067,0.3187608848508219,Pr,5,3
engineered,RandomForest,0.2147223578238967,0.06598910871362437,0.08542306303525442,0.30556319439121343,Pr,5,3
core,RandomForest,0.14942171545807803,0.06667959263392848,0.08890387056433614,0.28267644362969757,Pr,5,3
core,LinearRegression,0.08793030549271696,0.059781822260600054,0.09206139181192376,0.5488039616120532,Pr,5,3
core,XGBoost,0.011358591411095964,0.07261679236590862,0.0958479705962896,0.453795387165763,Pr,5,3
engineered,XGBoost,-0.1047071351721025,0.07543524427711963,0.10131811544291475,0.35377142482006113,Pr,5,3
core,GradientBoosting,-0.12070203124759726,0.0737207609424321,0.10204896471137487,0.44509624197983505,Pr,5,3
rheology_enhanced,XGBoost,-0.1310784445157942,0.0764248952716589,0.10252030429548582,0.34387315697535475,Pr,5,3
rheology_enhanced,GradientBoosting,-0.14095501962532153,0.07129792438640825,0.10296693498394546,0.4217761909383215,Pr,5,3
engineered,GradientBoosting,-0.15507611848552694,0.07260831921011715,0.10360216379275146,0.41664375575958496,Pr,5,3
rheology_enhanced,SVR_RBF,-0.6165775294296179,0.09214546213976854,0.12256368006410587,0.252589131296396,Pr,5,3
engineered,SVR_RBF,-0.7009705070573666,0.09375651940919294,0.12572218357650838,0.21079644484096904,Pr,5,3
core,SVR_RBF,-0.71827316784486,0.09862420637784669,0.1263600030629169,0.2063972146877662,Pr,5,3
engineered,LinearRegression,-2.085838637315417,0.1103104673976988,0.16933632481551,0.21006323981543526,Pr,5,3
rheology_enhanced,LinearRegression,-104.14962254824201,0.2888739124083173,0.9884788528961903,0.25643845768044843,Pr,5,3
core,XGBoost,0.5237828595790279,0.05060217551887035,0.07147580369887992,0.7216873267132239,Pr,5,4
core,GradientBoosting,0.49908042636292704,0.052947502740123664,0.07330617125565538,0.5924431799946064,Pr,5,4
rheology_enhanced,SVR_RBF,0.4927059121949141,0.05434684836032533,0.07377113009668392,0.7800183449121402,Pr,5,4
core,SVR_RBF,0.46610355674854675,0.05662901052076731,0.07568068422004559,0.7321723312759314,Pr,5,4
rheology_enhanced,GradientBoosting,0.4610152783648582,0.056934971113248134,0.07604046487874282,0.5789473781561008,Pr,5,4
rheology_enhanced,RandomForest,0.4479311222312301,0.059117703993055506,0.07695789294164326,0.5596700369017071,Pr,5,4
rheology_enhanced,XGBoost,0.4452808254057935,0.057801174223423,0.07714239624008784,0.5613713471197851,Pr,5,4
engineered,GradientBoosting,0.4446202959334872,0.057924089078164195,0.07718831106427103,0.5562076015037863,Pr,5,4
engineered,XGBoost,0.43774869705651376,0.05897496476769447,0.07766436062563216,0.5463378884444675,Pr,5,4
engineered,RandomForest,0.43200491954781106,0.06052788686342567,0.07806004963348981,0.5356553710536482,Pr,5,4
core,RandomForest,0.4098882386102841,0.06433176583167981,0.0795652938894995,0.5269142794528823,Pr,5,4
engineered,SVR_RBF,0.335890405280329,0.05983220925107356,0.08440660129243964,0.6322639886256101,Pr,5,4
core,LinearRegression,0.2724723171726975,0.0628540186005429,0.08834486217540273,0.610999093676184,Pr,5,4
engineered,LinearRegression,-0.44360632247978504,0.09315134787574646,0.12444599479462581,0.49972503131151447,Pr,5,4
rheology_enhanced,LinearRegression,-139.5765603291982,0.373207843464071,1.2280413554244995,0.5963336488834763,Pr,5,4
core,GradientBoosting,0.5233516849952216,0.04847114444263234,0.070035128539613,0.769019248395967,Pr,5,5
core,XGBoost,0.4808278934827609,0.053189952254295354,0.07309245930227673,0.6744271310724108,Pr,5,5
core,RandomForest,0.4623401253011218,0.051489331679893995,0.0743824899542101,0.50980751604033,Pr,5,5
rheology_enhanced,RandomForest,0.4568633995560396,0.05221597759589962,0.07476036858138281,0.4512876932160573,Pr,5,5
rheology_enhanced,XGBoost,0.42735477036607306,0.05483215793967248,0.07676437576113815,0.5121906507791019,Pr,5,5
engineered,RandomForest,0.3863353559587801,0.05743989136904756,0.07946620077859542,0.46947754353803856,Pr,5,5
rheology_enhanced,GradientBoosting,0.35076153912544505,0.06062826488757525,0.08173706117914852,0.382549722072263,Pr,5,5
engineered,GradientBoosting,0.3120546452697821,0.06534511106400158,0.08413832660830022,0.4560535258820269,Pr,5,5
engineered,XGBoost,0.3033990754480973,0.06067853254079819,0.0846659766155758,0.5521539871677361,Pr,5,5
core,SVR_RBF,0.2641448057133633,0.06907189370633326,0.08701879778098755,0.4714508314182369,Pr,5,5
core,LinearRegression,0.24829602688129138,0.06277603147993999,0.08795090687306094,0.629089911908005,Pr,5,5
engineered,SVR_RBF,0.2149571061190143,0.07109823565270504,0.08988010941058074,0.4492713793958393,Pr,5,5
rheology_enhanced,SVR_RBF,0.18058409187417834,0.07451328016288739,0.09182672480745277,0.3928145924297362,Pr,5,5
engineered,LinearRegression,-8.396118869687232,0.14186087303643774,0.31095042176396825,0.2720190644730418,Pr,5,5
rheology_enhanced,LinearRegression,-8.821195581901232,0.15024142414744768,0.31790625932783934,0.3246265250550923,Pr,5,5
core,XGBoost,0.5963543160911089,0.039058302372694025,0.05022526649630446,0.7997250229147572,Pr,6,1
core,GradientBoosting,0.47188622119682666,0.04488401183678428,0.057449445679246,0.7498166609351061,Pr,6,1
core,RandomForest,0.47013085038354074,0.04727925144675911,0.05754484313405154,0.6512373968835932,Pr,6,1
rheology_enhanced,SVR_RBF,0.42291773506651686,0.04744939997875648,0.06005386413705127,0.6945284604368972,Pr,6,1
core,LinearRegression,0.4028680458175563,0.048442574513444456,0.06108818885411809,0.731005410457204,Pr,6,1
engineered,RandomForest,0.3940817790921691,0.05200917771088848,0.061535976908563716,0.61607552270478,Pr,6,1
rheology_enhanced,RandomForest,0.39203798540775536,0.05149709830447313,0.06163967156618986,0.5927962631440816,Pr,6,1
engineered,SVR_RBF,0.34841719301544616,0.050693415146024684,0.06381266779620336,0.6465035312644329,Pr,6,1
engineered,GradientBoosting,0.28445716538996935,0.057176127747547933,0.06687132243748882,0.5905966480674804,Pr,6,1
engineered,XGBoost,0.25234959366427934,0.056420014008879665,0.06835517195031761,0.5860141166578939,Pr,6,1
rheology_enhanced,GradientBoosting,0.24307288215926282,0.05861923867719143,0.06877793393203573,0.5605352420205942,Pr,6,1
rheology_enhanced,XGBoost,0.21997089343283494,0.05790366837382317,0.06981962269689451,0.5711667148908344,Pr,6,1
core,SVR_RBF,-0.1729291457761657,0.06674707155095695,0.0856166010158675,0.5306571372300917,Pr,6,1
engineered,LinearRegression,-43.153172194609525,0.21291771208613747,0.5252947360643324,0.6186417402941483,Pr,6,1
rheology_enhanced,LinearRegression,-390.0819032394891,0.5505161865321438,1.5633490472829312,0.6268902968314036,Pr,6,1
rheology_enhanced,RandomForest,0.49883193900018696,0.052576854125330724,0.0735006697580131,0.5563703118233478,Pr,6,2
engineered,RandomForest,0.4840911701178955,0.053362170300474944,0.07457376743180134,0.5609532633210691,Pr,6,2
core,RandomForest,0.46897731048543523,0.05436795978385064,0.07565822400952145,0.5536712829202323,Pr,6,2
engineered,GradientBoosting,0.44849928896557234,0.05906625994190451,0.07710324242999972,0.5655362148187901,Pr,6,2
rheology_enhanced,GradientBoosting,0.4191702056723847,0.05985194920330461,0.07912688086992604,0.5631530800399752,Pr,6,2
core,SVR_RBF,0.3990282196693462,0.057451192372430196,0.080487167358355,0.5836847027497659,Pr,6,2
rheology_enhanced,XGBoost,0.3818704680227296,0.0632798775881529,0.08162803651063034,0.4828597697999006,Pr,6,2
engineered,XGBoost,0.3799093659816063,0.06379413342475893,0.08175742212643554,0.4775435460625441,Pr,6,2
engineered,SVR_RBF,0.2755853807316937,0.06252567200325479,0.08836762981966294,0.5351054168739218,Pr,6,2
rheology_enhanced,SVR_RBF,0.2387741861876067,0.0637544610634216,0.09058501427255751,0.5541704951044417,Pr,6,2
core,LinearRegression,0.23713742372529745,0.06588145907693305,0.09068234842403412,0.5499541797265383,Pr,6,2
core,XGBoost,0.12005135444057324,0.07371541272103785,0.09739311738865625,0.40771981467779783,Pr,6,2
core,GradientBoosting,0.08876372525598486,0.07753297763590045,0.09910945853848022,0.4558122478914559,Pr,6,2
rheology_enhanced,LinearRegression,-65.36919121303578,0.2026433443268904,0.8458295743740984,0.7275893797782101,Pr,6,2
engineered,LinearRegression,-77.75552955385429,0.2211038270241628,0.9213828653015123,0.5596700369017071,Pr,6,2
rheology_enhanced,RandomForest,0.5255127485655927,0.05012779021990754,0.06866981339070889,0.5123739774452248,Pr,6,3
engineered,RandomForest,0.46665324912232564,0.05330307981977534,0.07280453291339843,0.5651695786989726,Pr,6,3
core,RandomForest,0.4546620177565681,0.052687456349206456,0.07361841562005322,0.49482079225222075,Pr,6,3
rheology_enhanced,XGBoost,0.40937391624054675,0.058185030862689016,0.07661431173607285,0.47355394827250313,Pr,6,3
rheology_enhanced,GradientBoosting,0.40463962294398004,0.05978347660001718,0.07692075829874159,0.48052067302447965,Pr,6,3
core,XGBoost,0.38172057696219985,0.055398563861846925,0.0783873512343763,0.5094408884866832,Pr,6,3
engineered,XGBoost,0.35459911602611305,0.05988126337528228,0.0800881701476456,0.5391384141919163,Pr,6,3
core,GradientBoosting,0.3457201821402972,0.06042004231714811,0.08063718439625464,0.45742048042582095,Pr,6,3
engineered,GradientBoosting,0.3196686440996358,0.061640655655169185,0.0822268847583748,0.4944088075741579,Pr,6,3
core,LinearRegression,0.24176520468735652,0.061030491076670274,0.08680714005680161,0.5961503308235675,Pr,6,3
engineered,LinearRegression,0.1023501415974869,0.07219895687453055,0.09445111223353923,0.3781851575919495,Pr,6,3
core,SVR_RBF,0.08357871083534063,0.06891237098011364,0.09543357166485021,0.42126490167052827,Pr,6,3
rheology_enhanced,SVR_RBF,0.060087901970604984,0.06252563635475386,0.09664896618037104,0.4344638019839652,Pr,6,3
engineered,SVR_RBF,0.009641648450737561,0.06733150421105813,0.0992087042042556,0.4581118317122064,Pr,6,3
rheology_enhanced,LinearRegression,-0.1362772900075251,0.08063491338405276,0.10626634820151984,0.3519706750249845,Pr,6,3
core,RandomForest,0.2506542434078789,0.06098430336474843,0.08512558913256175,0.4379067015000653,Pr,6,4
rheology_enhanced,RandomForest,0.2367854127027783,0.06428954298941798,0.08590972634165572,0.4533040070362752,Pr,6,4
engineered,RandomForest,0.23519909182623322,0.06433633560681214,0.08599896051929103,0.4796993879554922,Pr,6,4
core,XGBoost,0.18899470372712923,0.06301604750752449,0.08855862188552983,0.596883593033914,Pr,6,4
engineered,GradientBoosting,0.17896600371347338,0.06599636501879444,0.08910448706505675,0.5393217231897344,Pr,6,4
core,LinearRegression,0.15066004268898991,0.0619141767758527,0.09062745460522247,0.5812482839919242,Pr,6,4
rheology_enhanced,GradientBoosting,-0.004151350621197425,0.07169813136786721,0.09854136929564408,0.5121437103353631,Pr,6,4
core,GradientBoosting,-0.0685491838150123,0.07282564673679948,0.1016520784309035,0.5240627027243323,Pr,6,4
engineered,XGBoost,-0.08774700457437157,0.07149398823082447,0.10256116666046586,0.5233730522456462,Pr,6,4
rheology_enhanced,XGBoost,-0.12053344097073593,0.07276161815226079,0.10409537053800148,0.5004582951420715,Pr,6,4
core,SVR_RBF,-0.31969603773641686,0.08711670261011581,0.11296813546429903,0.23315919811975014,Pr,6,4
rheology_enhanced,SVR_RBF,-0.34350878097875515,0.08063443658992608,0.11398278367105211,0.39996334142869083,Pr,6,4
engineered,SVR_RBF,-0.5455372355288044,0.0904351909915028,0.12225277917932321,0.35047200220515895,Pr,6,4
engineered,LinearRegression,-1.2937208073214088,0.10598066529903745,0.14893243205135653,0.45147099447244066,Pr,6,4
rheology_enhanced,LinearRegression,-6.54497943845123,0.17403096371100435,0.27011458492960144,0.2857666587018007,Pr,6,4
engineered,RandomForest,0.30740720944235644,0.06597720944940473,0.08628406358071325,0.5411549128509137,Pr,6,5
rheology_enhanced,RandomForest,0.2890355142351396,0.06422113620205028,0.08742095783717223,0.5246562874591175,Pr,6,5
core,LinearRegression,0.23562674457860944,0.06391295187514788,0.09064510335641583,0.5992667378420179,Pr,6,5
core,RandomForest,0.22635047371661332,0.0709070400320165,0.09119346948434673,0.48835931159716595,Pr,6,5
engineered,GradientBoosting,0.1671755873059957,0.06802485920504003,0.09461681627069582,0.5092142682078905,Pr,6,5
engineered,XGBoost,0.15296018331252725,0.07172623451054097,0.09542090247689392,0.425297898988523,Pr,6,5
rheology_enhanced,XGBoost,0.13616725008114605,0.06828420224785806,0.09636214073047038,0.4114411441144115,Pr,6,5
rheology_enhanced,GradientBoosting,0.10732868454180389,0.0694734391942526,0.09795743321261252,0.45755408874220765,Pr,6,5
core,GradientBoosting,0.08512935755008055,0.07300654314162273,0.09916797674746168,0.4236340300696737,Pr,6,5
core,XGBoost,0.04641183391318837,0.07878481373190879,0.10124463834114585,0.4126329299596627,Pr,6,5
core,SVR_RBF,-0.14420839228578664,0.07862800894222764,0.11090322396949073,0.3396883650110918,Pr,6,5
engineered,SVR_RBF,-0.1548727014697875,0.07780465726562623,0.11141884825002363,0.3813015646103999,Pr,6,5
rheology_enhanced,SVR_RBF,-0.1638395228410725,0.07919094525170373,0.11185055865233642,0.3428047720295422,Pr,6,5
engineered,LinearRegression,-0.37304120152731235,0.08756129878795421,0.12148800255855575,0.2230980789090657,Pr,6,5
rheology_enhanced,LinearRegression,-3.8092001101673594,0.13848145192696693,0.22736731390908027,-0.04051329123985499,Pr,6,5
engineered,XGBoost,0.3700045952333526,0.05751275271177292,0.0784734636455919,0.4698011201107858,Pr,7,1
engineered,GradientBoosting,0.34730017408515457,0.06214463749599518,0.07987500151794402,0.4274585298862085,Pr,7,1
rheology_enhanced,RandomForest,0.34581503151586657,0.060787632481812084,0.07996582302359415,0.4228759984766223,Pr,7,1
core,RandomForest,0.32008935860682763,0.06318816765872987,0.08152298068932498,0.32612282309807517,Pr,7,1
engineered,RandomForest,0.3196225623923642,0.06113158139054231,0.08155096090249778,0.4135276344010662,Pr,7,1
rheology_enhanced,XGBoost,0.3012811025207752,0.06571785140037538,0.08264286710718265,0.35248831602537695,Pr,7,1
rheology_enhanced,GradientBoosting,0.26692077421394145,0.06618167210973208,0.0846505116116445,0.41169462183723177,Pr,7,1
core,LinearRegression,0.20831096654985037,0.06543475446463566,0.08796936266534021,0.48831454700551435,Pr,7,1
core,XGBoost,0.15659597341877252,0.07143766869604588,0.09079709756941316,0.5044921243582209,Pr,7,1
core,GradientBoosting,0.1510539740024912,0.07133523906138524,0.09109492252892232,0.48395381945718524,Pr,7,1
core,SVR_RBF,0.010446225036114254,0.07187927277526245,0.09834987922460679,0.4159105507340511,Pr,7,1
rheology_enhanced,SVR_RBF,-0.10418350263709342,0.07397516792492924,0.10389024203771033,0.3953808100191045,Pr,7,1
engineered,SVR_RBF,-0.18243430264743976,0.07794561199584017,0.10750846005344407,0.34625607330833963,Pr,7,1
engineered,LinearRegression,-0.44933644273643103,0.08844621652604594,0.11902514992931165,0.32939235772106207,Pr,7,1
rheology_enhanced,LinearRegression,-43.18880912493579,0.2384311022838817,0.6572192565514196,0.3466226758211065,Pr,7,1
core,GradientBoosting,0.6527924977610116,0.03674448839056371,0.04652508416844413,0.764048036943731,Pr,7,2
core,XGBoost,0.51298454108533,0.04381299374997617,0.05510157219857065,0.6418813632919412,Pr,7,2
engineered,XGBoost,0.5039688160144973,0.04482331280410291,0.0556092588949306,0.622914767570259,Pr,7,2
rheology_enhanced,XGBoost,0.49786225185071376,0.0455239390730858,0.05595051038134602,0.6277385671254554,Pr,7,2
rheology_enhanced,GradientBoosting,0.4701336362892071,0.047664357305756584,0.05747457820357034,0.5781851609525006,Pr,7,2
core,RandomForest,0.4321635087428496,0.04869260925099213,0.059498260172354975,0.5990466612390261,Pr,7,2
engineered,GradientBoosting,0.42848964957066993,0.049277359148501274,0.059690424474095505,0.5819048516519262,Pr,7,2
rheology_enhanced,RandomForest,0.4267283097884834,0.04993714959490741,0.05978233378043778,0.6130155923351813,Pr,7,2
engineered,RandomForest,0.42527950766834344,0.05107434771825383,0.05985782862814055,0.6399633471417817,Pr,7,2
engineered,SVR_RBF,0.3907714701520686,0.052566882946692484,0.06162866124175106,0.6254812204089828,Pr,7,2
rheology_enhanced,SVR_RBF,0.3628458206751446,0.052229177638066726,0.06302529472972859,0.6124656381554547,Pr,7,2
core,SVR_RBF,0.35425367466388935,0.05319899999293409,0.06344882574091766,0.6452795708791382,Pr,7,2
core,LinearRegression,0.3112328548668063,0.052417493006790154,0.06552828903541653,0.619431724431991,Pr,7,2
engineered,LinearRegression,-0.34823757232517427,0.06991586838079797,0.09168025869750822,0.5437213656896375,Pr,7,2
rheology_enhanced,LinearRegression,-0.6263467997937577,0.0811075933172584,0.10069298068909116,0.4845096323390802,Pr,7,2
rheology_enhanced,RandomForest,0.46715814126527555,0.057331748015872985,0.07602829595729778,0.6737536656891495,Pr,7,3
core,LinearRegression,0.4635081180757805,0.05392241588307457,0.0762882524760959,0.7705278592375364,Pr,7,3
engineered,RandomForest,0.45571512852000895,0.05964858672288369,0.07684032992914208,0.6722873900293255,Pr,7,3
core,XGBoost,0.4270549333028183,0.054320844203233715,0.07883745234720421,0.670515995850665,Pr,7,3
core,RandomForest,0.4236488993651981,0.059114102761243376,0.07907144087235365,0.563049853372434,Pr,7,3
engineered,XGBoost,0.413769069930517,0.06332088486850261,0.07974628373050922,0.6979472140762462,Pr,7,3
rheology_enhanced,XGBoost,0.38492928822633954,0.06532106959819793,0.08168430402005121,0.656524926686217,Pr,7,3
core,GradientBoosting,0.33875523727618007,0.05955466592259158,0.08469489071854139,0.6223648133905325,Pr,7,3
rheology_enhanced,SVR_RBF,0.3083715278581475,0.06265672905189858,0.08661887145751972,0.7129765395894427,Pr,7,3
engineered,SVR_RBF,0.23399331319379646,0.06647709130449397,0.09115749236289697,0.6851173020527859,Pr,7,3
engineered,GradientBoosting,0.18560639647122212,0.07237169793514583,0.09399251412043622,0.6597012217240413,Pr,7,3
rheology_enhanced,GradientBoosting,0.1605582418280791,0.07282875968586194,0.09542702268099368,0.6517595307917887,Pr,7,3
core,SVR_RBF,0.12166748472939226,0.07288741885361161,0.09761253004321604,0.5340909090909091,Pr,7,3
rheology_enhanced,LinearRegression,0.019714440969743507,0.07636487643938171,0.10312225274986801,0.689516129032258,Pr,7,3
engineered,LinearRegression,0.0015574704465411982,0.07860986071964399,0.10407289254774278,0.7195747800586509,Pr,7,3
rheology_enhanced,RandomForest,0.3871042908958505,0.05084404964451055,0.07626337627610116,0.5768490538387214,Pr,7,4
engineered,RandomForest,0.37781239376852327,0.05202569312169315,0.07683930279731616,0.5521033842269554,Pr,7,4
core,RandomForest,0.29798028757650974,0.056635643311838485,0.08162015050351677,0.4444953726622858,Pr,7,4
core,LinearRegression,0.16976754393216975,0.06140973325661596,0.08876108273901379,0.5077444801821602,Pr,7,4
core,XGBoost,-0.05243896711253648,0.07300832702219487,0.0999358239646374,0.5101741521539872,Pr,7,4
engineered,GradientBoosting,-0.15413194070511227,0.07262474299818195,0.10465270732884019,0.4850595783684694,Pr,7,4
engineered,XGBoost,-0.1626055886405935,0.07367458112537861,0.10503618533887203,0.41866006957980284,Pr,7,4
rheology_enhanced,GradientBoosting,-0.2264505637238614,0.07661461544476933,0.10788169499191119,0.44065622034581703,Pr,7,4
rheology_enhanced,XGBoost,-0.23787132284549295,0.07507887028157711,0.10838283048232576,0.39519750876272114,Pr,7,4
core,GradientBoosting,-0.2844202659650008,0.07798060638112259,0.11040184020692245,0.5398716773602201,Pr,7,4
core,SVR_RBF,-0.42549157110257485,0.08433654911925015,0.11630678864062612,0.42965814496280996,Pr,7,4
engineered,SVR_RBF,-0.5065295363120248,0.08205509926436064,0.11956706341382216,0.45165429572882415,Pr,7,4
rheology_enhanced,SVR_RBF,-0.5131001334651768,0.0810165725684269,0.11982752039112947,0.4824489068012439,Pr,7,4
engineered,LinearRegression,-1.1197863372404613,0.09650959467047807,0.14183022178727603,0.45843644221501184,Pr,7,4
rheology_enhanced,LinearRegression,-4.02035026519587,0.13752350396470164,0.2182678381495883,0.484098618108695,Pr,7,4
rheology_enhanced,RandomForest,0.3298396546167962,0.06556470957341273,0.08427577235817547,0.41644513879248585,Pr,7,5
core,RandomForest,0.2805080952258301,0.06893620659722219,0.08732253485465473,0.4012651265126513,Pr,7,5
core,LinearRegression,0.22943978984913138,0.06416673298766196,0.09036841558140474,0.663428058810114,Pr,7,5
engineered,RandomForest,0.21574936843999282,0.07105025896239191,0.09116766186551967,0.4454120469717564,Pr,7,5
rheology_enhanced,SVR_RBF,-0.08085643707014012,0.07470555112089133,0.10702799382527782,0.5354720529937393,Pr,7,5
core,XGBoost,-0.0878068355521795,0.08306570410728456,0.10737156172510837,0.40388850846691127,Pr,7,5
engineered,SVR_RBF,-0.12885892914856845,0.0814787200470536,0.10937881514081546,0.48560954069853335,Pr,7,5
core,GradientBoosting,-0.24196475581866572,0.08711158694202431,0.11472762786250268,0.4905072514311263,Pr,7,5
rheology_enhanced,GradientBoosting,-0.409957023425376,0.09313743533947036,0.12224083726379734,0.436927026035937,Pr,7,5
core,SVR_RBF,-0.4869561515986738,0.09595797740994888,0.12553431560390782,0.5066911175880505,Pr,7,5
rheology_enhanced,XGBoost,-0.5159848313033859,0.0971370997130871,0.1267537469047081,0.43578696672231515,Pr,7,5
engineered,GradientBoosting,-0.5525375818574196,0.09474478064641964,0.1282727599265474,0.484279037693309,Pr,7,5
engineered,XGBoost,-0.6282124013589452,0.10051766291260719,0.13136174451961039,0.4511457454356702,Pr,7,5
rheology_enhanced,LinearRegression,-45.48444890178302,0.2938587820923369,0.7018870368541793,0.24051329460040607,Pr,7,5
engineered,LinearRegression,-600.1446453249757,0.8481275757503559,2.5240785709010027,0.33987168307100063,Pr,7,5
rheology_enhanced,RandomForest,0.3411609649480484,0.0660692265437109,0.08498175962866503,0.5530198905088727,Pr,8,1
core,RandomForest,0.320060913986306,0.06691970291832006,0.08633185282098872,0.4866177818515125,Pr,8,1
engineered,RandomForest,0.2935163233303123,0.06981760633868452,0.08800090208466833,0.5315736435120089,Pr,8,1
engineered,XGBoost,0.27067611609118736,0.07117618349194527,0.08941209608400864,0.5123270115917465,Pr,8,1
rheology_enhanced,XGBoost,0.26186851345363893,0.07215764003992081,0.08995036373196096,0.5042617563108747,Pr,8,1
engineered,GradientBoosting,0.2511972806520484,0.07298905584644538,0.09059824075018581,0.5016955387215063,Pr,8,1
rheology_enhanced,GradientBoosting,0.23754292822829115,0.07368488780233316,0.0914205345888423,0.4758500615714397,Pr,8,1
core,LinearRegression,0.15244002452032457,0.07372368585949077,0.09638762469560774,0.5159930367194155,Pr,8,1
core,XGBoost,0.12246466235962838,0.07760006999969482,0.09807726921560676,0.48721473946721366,Pr,8,1
core,GradientBoosting,0.12171844168303014,0.07625692399249465,0.0981189608323353,0.4667277726856096,Pr,8,1
core,SVR_RBF,-0.03609071911618367,0.08042967515227065,0.10656999609175138,0.3754009730733084,Pr,8,1
rheology_enhanced,SVR_RBF,-0.11950919217209899,0.07917600338201602,0.11077707407168105,0.44157272662773434,Pr,8,1
engineered,LinearRegression,-0.1764304358187032,0.08881330070644497,0.11355837886042723,0.3653194039722185,Pr,8,1
engineered,SVR_RBF,-0.21939273244218094,0.08788359625469985,0.11561331641031583,0.34002383059130226,Pr,8,1
rheology_enhanced,LinearRegression,-0.4081930472459314,0.09589179203264991,0.12424163441759378,0.261937495371952,Pr,8,1
engineered,RandomForest,0.3722198092843386,0.056703612193361924,0.08147702224830525,0.6095325491969132,Pr,8,2
engineered,GradientBoosting,0.3605278634704733,0.05630107684149338,0.08223224699673219,0.563336398099884,Pr,8,2
rheology_enhanced,RandomForest,0.34110232274979124,0.05928868287037019,0.08347190649176824,0.5369385974730102,Pr,8,2
rheology_enhanced,GradientBoosting,0.308708939686695,0.059949362181071414,0.08549915349637559,0.5131542784416323,Pr,8,2
core,RandomForest,0.27193303227527166,0.06246885247189135,0.08774391506771799,0.4095700814714565,Pr,8,2
core,GradientBoosting,0.24953729848656403,0.0652607639704014,0.08908321879674531,0.36596993032636604,Pr,8,2
engineered,XGBoost,0.23333293778652553,0.0631178688108921,0.09003984677328085,0.5065077995281417,Pr,8,2
rheology_enhanced,XGBoost,0.22911305639501955,0.06663450543582439,0.09028730495102734,0.44289643273977225,Pr,8,2
core,XGBoost,0.15461638003356615,0.06925182259082793,0.09454928717235732,0.3875698980441625,Pr,8,2
core,LinearRegression,0.12282546075744205,0.06559773828058159,0.09631065872965182,0.5873510639479429,Pr,8,2
core,SVR_RBF,-0.048890463156828545,0.08036708427178416,0.10531649884256256,0.3862511522279387,Pr,8,2
rheology_enhanced,SVR_RBF,-0.2853552713793117,0.07927042170093704,0.11658506953513942,0.37048579907577794,Pr,8,2
engineered,SVR_RBF,-0.6397657018024774,0.09051019346240813,0.13168073552499054,0.31604033528285064,Pr,8,2
engineered,LinearRegression,-1.7219063604911913,0.11027179869702408,0.169655496624611,0.21503208427307646,Pr,8,2
rheology_enhanced,LinearRegression,-4.7125157735469045,0.14410888810188852,0.24577915723268395,0.09660861757196189,Pr,8,2
rheology_enhanced,SVR_RBF,0.2235303065483586,0.054034962351261595,0.06460873733216789,0.35893676130152063,Pr,8,3
engineered,SVR_RBF,0.15607301476745783,0.05723007867092231,0.06735679836698745,0.312007337964856,Pr,8,3
core,LinearRegression,0.11621631153822065,0.056225251888100396,0.06892900187911032,0.4716773681454611,Pr,8,3
core,SVR_RBF,0.11588954489947234,0.05906225689768763,0.06894174346790612,0.2841429928587114,Pr,8,3
rheology_enhanced,RandomForest,0.07157947167406675,0.06174967436267447,0.07064824310419518,0.25517873939311375,Pr,8,3
engineered,RandomForest,0.07111175791145741,0.061868835572991956,0.0706660362238411,0.29495875839333335,Pr,8,3
core,RandomForest,-0.02619790514183462,0.0625594322127524,0.07427532499895396,0.22964796479647967,Pr,8,3
core,GradientBoosting,-0.07783337628411724,0.06144245412255918,0.07612105746609744,0.35924466188152154,Pr,8,3
core,XGBoost,-0.19650758940739754,0.06443776957690717,0.08020228241903771,0.29620462046204626,Pr,8,3
engineered,XGBoost,-0.22869154043551077,0.06848187184333802,0.08127377512504255,0.2505957878953926,Pr,8,3
engineered,GradientBoosting,-0.23117403354138188,0.07035733218400889,0.08135583794187234,0.2998441666278277,Pr,8,3
rheology_enhanced,XGBoost,-0.26493068890050897,0.06970216214656831,0.08246361390933048,0.19321723514392378,Pr,8,3
rheology_enhanced,GradientBoosting,-0.3002740360066678,0.07222611400806485,0.08360773230264072,0.25199376767346326,Pr,8,3
engineered,LinearRegression,-0.45594256442039827,0.07481006213724656,0.08847103750505864,0.366819437877601,Pr,8,3
rheology_enhanced,LinearRegression,-55.78213899781249,0.19739503280112786,0.5525032959461129,0.3871677425274829,Pr,8,3
rheology_enhanced,XGBoost,0.41718840052938877,0.057372123241424565,0.07404734681228177,0.650412476556586,Pr,8,4
rheology_enhanced,GradientBoosting,0.3886536539092533,0.057715065375436816,0.07583838377392958,0.6470803950552845,Pr,8,4
rheology_enhanced,SVR_RBF,0.32761134456664454,0.059910075264579726,0.07953450770365236,0.5926672876852994,Pr,8,4
rheology_enhanced,RandomForest,0.28980047487257343,0.05865015732473545,0.08174018143233233,0.5686526218372406,Pr,8,4
core,GradientBoosting,0.2743887841938405,0.06116753256461234,0.08262232312896513,0.5113209298226913,Pr,8,4
core,XGBoost,0.27310335741576974,0.06261677926778794,0.0826954738398183,0.39545329710560956,Pr,8,4
engineered,XGBoost,0.2661890421396981,0.06332668045163153,0.08308784688138074,0.6659945116488378,Pr,8,4
engineered,RandomForest,0.22890533581890005,0.06357180510085987,0.08517247304985712,0.6333638969850632,Pr,8,4
engineered,SVR_RBF,0.1779621175274767,0.07036922940340255,0.0879409847524138,0.5917506973857551,Pr,8,4
core,RandomForest,0.1771417684662816,0.06420963539411967,0.08798485396834169,0.40196168470285065,Pr,8,4
core,LinearRegression,0.1597889040292031,0.05818659387992083,0.08890774902227525,0.612282320095546,Pr,8,4
core,SVR_RBF,0.15907299990086443,0.07104252950454745,0.08894561800096325,0.526489468058206,Pr,8,4
engineered,GradientBoosting,0.02501147527299552,0.0735722861987119,0.09577345630638151,0.595838301155879,Pr,8,4
rheology_enhanced,LinearRegression,-19.54072547717869,0.1970440134242555,0.4395955604300126,0.4608616026108391,Pr,8,4
engineered,LinearRegression,-26.693008443039698,0.2049176590139356,0.5104232842482846,0.45426215245412066,Pr,8,4
core,XGBoost,0.6707070948581473,0.04343262051045895,0.0602963485341176,0.8173403022138096,Pr,8,5
engineered,XGBoost,0.6004357962218794,0.04955486659705639,0.06641911929894119,0.6639171506208607,Pr,8,5
rheology_enhanced,XGBoost,0.5819746232932073,0.0506316828429699,0.06793618408666266,0.6422876023676136,Pr,8,5
rheology_enhanced,RandomForest,0.5582848062827082,0.05133770250496046,0.06983465545976451,0.515809735463032,Pr,8,5
engineered,GradientBoosting,0.5482404742471223,0.05084974953018541,0.07062419087505085,0.6245073804984188,Pr,8,5
core,GradientBoosting,0.5455563363520998,0.052311780928298184,0.07083368764658862,0.7995600803446148,Pr,8,5
rheology_enhanced,GradientBoosting,0.5379282425803735,0.05332637345762052,0.07142570539032399,0.5728164261982854,Pr,8,5
engineered,RandomForest,0.5285780967709104,0.05399499483300269,0.07214474525923033,0.5409220075875649,Pr,8,5
core,RandomForest,0.47441973976973983,0.05616649099627226,0.07617620776510527,0.4756667603150562,Pr,8,5
core,SVR_RBF,0.34299100868854326,0.06505147816125294,0.08516977155019011,0.4593529484969291,Pr,8,5
engineered,LinearRegression,0.29325299080130673,0.0644838634548458,0.0883347970333549,0.5147099279247314,Pr,8,5
core,LinearRegression,0.2910603952251978,0.06420276064532832,0.0884717148386122,0.6318394307537568,Pr,8,5
rheology_enhanced,SVR_RBF,0.2412432289618236,0.06901174360654821,0.09152739790409865,0.45422051331819246,Pr,8,5
engineered,SVR_RBF,0.2047371985867309,0.07211496820679762,0.09370335917228782,0.44138942537135084,Pr,8,5
rheology_enhanced,LinearRegression,-392.3622787026748,0.4932594332383356,2.0839926426420905,0.33177527405404694,Pr,8,5
rheology_enhanced,RandomForest,0.3046705154165942,0.05940662644675922,0.08335087023779418,0.4892759018967102,Pr,9,1
engineered,RandomForest,0.21837108479344125,0.06401070490244713,0.08837208961855063,0.46342805544956295,Pr,9,1
core,RandomForest,0.19187004045315192,0.06879472052744695,0.08985772510517384,0.3756875687568757,Pr,9,1
rheology_enhanced,GradientBoosting,0.1415560502086839,0.07001329587667071,0.0926127516394783,0.5934549479512555,Pr,9,1
core,XGBoost,0.13131789792427706,0.0708294014185667,0.09316338344451887,0.4834983498349836,Pr,9,1
core,LinearRegression,0.05733800748830176,0.0693942934318612,0.09704939095106073,0.46837764306710183,Pr,9,1
rheology_enhanced,XGBoost,-0.03331258651720481,0.07388633684813975,0.10160864865171951,0.5102209206513265,Pr,9,1
engineered,XGBoost,-0.09078531570415893,0.07488883109390734,0.10439614385290881,0.45797048501150334,Pr,9,1
engineered,SVR_RBF,-0.1260378492930554,0.07646900155360037,0.10606969256132089,0.31475710886348873,Pr,9,1
rheology_enhanced,SVR_RBF,-0.15444729346998565,0.0725972994782677,0.10739940385289382,0.3285059633566522,Pr,9,1
engineered,GradientBoosting,-0.1951646001154339,0.07751361122339613,0.10927697801106191,0.5602199910814337,Pr,9,1
core,GradientBoosting,-0.19571207569918836,0.07977309177982544,0.10930200369690891,0.45713761996480773,Pr,9,1
core,SVR_RBF,-0.5928220797781585,0.09265200273151063,0.12615325173314265,0.19835014082137145,Pr,9,1
rheology_enhanced,LinearRegression,-82.65930001362254,0.332210454285195,0.9142646518501797,-0.12153987371956496,Pr,9,1
engineered,LinearRegression,-961.1456205147945,0.8738732067603135,3.1005248712903843,-0.061228232009554594,Pr,9,1
rheology_enhanced,RandomForest,0.4133091508120711,0.05790569035218247,0.07937161760342222,0.5612170087976538,Pr,9,2
engineered,RandomForest,0.4034965354815683,0.05885451496362445,0.08003262458643219,0.5575513196480938,Pr,9,2
core,RandomForest,0.39666601164940885,0.06068973780588609,0.08048954455634479,0.6048387096774194,Pr,9,2
rheology_enhanced,XGBoost,0.22270040347741504,0.06983289347589017,0.09135972745037167,0.4705343251363196,Pr,9,2
core,LinearRegression,0.20509460438207017,0.06616831988442064,0.0923885809528521,0.5927419354838709,Pr,9,2
core,XGBoost,0.1970948039260626,0.07008110094070436,0.09285230908532606,0.5380385058324633,Pr,9,2
engineered,XGBoost,0.15866637060515754,0.06910557290911676,0.09504837547477646,0.44450554672986947,Pr,9,2
core,GradientBoosting,0.06350588159612314,0.0738377335636377,0.10027971736275333,0.5425219941348973,Pr,9,2
rheology_enhanced,GradientBoosting,0.026081943627120907,0.07760932892151537,0.10226376619847528,0.39233661764049926,Pr,9,2
engineered,GradientBoosting,0.0241364323857044,0.075516081038412,0.10236585694708801,0.3911648811222852,Pr,9,2
rheology_enhanced,SVR_RBF,-0.10008866519028925,0.08241842143223227,0.10868620359277027,0.47434017595307915,Pr,9,2
core,SVR_RBF,-0.14325045594252228,0.08367928876983288,0.11079783282152215,0.47067448680351903,Pr,9,2
engineered,SVR_RBF,-0.19875624180564144,0.08746622326900816,0.11345562038465354,0.4497800586510263,Pr,9,2
engineered,LinearRegression,-0.5322160716614368,0.10314765266557055,0.12826866682136107,0.375,Pr,9,2
rheology_enhanced,LinearRegression,-194.1030152253458,0.5395839294783822,1.4474133194299856,0.16532258064516128,Pr,9,2
rheology_enhanced,RandomForest,0.33668024442663425,0.060040118442610695,0.08150934761578268,0.5151237483438575,Pr,9,3
engineered,RandomForest,0.3108533002000544,0.06230792300610272,0.08308101458511015,0.514573794164131,Pr,9,3
core,LinearRegression,0.2733774063411121,0.06416022918674931,0.08531008997370682,0.6076993685978248,Pr,9,3
core,XGBoost,0.2688666983591751,0.06113165989518165,0.08557447312946019,0.5689007083597336,Pr,9,3
core,RandomForest,0.259008529097833,0.06551879001322752,0.08614945923196823,0.5219543518125499,Pr,9,3
core,GradientBoosting,0.1961791204551543,0.06329911359186788,0.08972750517865465,0.5722930252347233,Pr,9,3
rheology_enhanced,GradientBoosting,0.16118382151507094,0.0663805081858828,0.0916598939110714,0.3377944830399099,Pr,9,3
engineered,GradientBoosting,0.1509546241028239,0.06688509660069508,0.09221708748204557,0.3651448478181152,Pr,9,3
rheology_enhanced,XGBoost,0.14677074230456744,0.06728101938962935,0.09244401955167637,0.3502933626696003,Pr,9,3
engineered,XGBoost,0.1341327125468107,0.06831884209811687,0.09312614323293077,0.38866990721552724,Pr,9,3
rheology_enhanced,SVR_RBF,0.006679897711453386,0.0729448379331954,0.09974486880180768,0.37396884221404597,Pr,9,3
core,SVR_RBF,-0.02553770650047138,0.07247275938326302,0.10134953666748422,0.2791934052411726,Pr,9,3
engineered,LinearRegression,-0.1362152291533676,0.07960196993272728,0.10667834123590691,0.48854262965707485,Pr,9,3
engineered,SVR_RBF,-0.209305895010248,0.08121487937666286,0.11005607902130496,0.22089826219015954,Pr,9,3
rheology_enhanced,LinearRegression,-748.2304376751634,0.6863528748151659,2.739388683364324,0.48542622263862445,Pr,9,3
core,XGBoost,0.5735281093936961,0.05160408630967141,0.0680383526708267,0.7642529917599793,Pr,9,4
core,GradientBoosting,0.5423439504793459,0.05294337300194104,0.07048199495128014,0.7997433816009983,Pr,9,4
engineered,XGBoost,0.4567259940580891,0.05946945078670979,0.07679236576124282,0.6847507331378299,Pr,9,4
rheology_enhanced,RandomForest,0.4456262443454809,0.0588166350859788,0.07757287999235737,0.6356304985337243,Pr,9,4
rheology_enhanced,XGBoost,0.44547872895298224,0.059813458994030955,0.0775832001352062,0.6957478005865102,Pr,9,4
engineered,RandomForest,0.44047734804209204,0.057362242063491865,0.07793228695822414,0.6755865102639296,Pr,9,4
core,RandomForest,0.41804660457570275,0.05832288256448406,0.07947905367855876,0.6258478565288005,Pr,9,4
engineered,GradientBoosting,0.4013350885989667,0.061514885648838905,0.08061214667739962,0.6655668619283118,Pr,9,4
rheology_enhanced,GradientBoosting,0.396332361037286,0.06111532505033557,0.08094826259238903,0.6556685940836054,Pr,9,4
core,LinearRegression,0.3741070839057521,0.06064370735527069,0.08242493292549638,0.6865835777126099,Pr,9,4
rheology_enhanced,SVR_RBF,0.2561507427616757,0.06913654452585397,0.08985682127010704,0.62866568914956,Pr,9,4
engineered,SVR_RBF,0.20933787457927633,0.07312377473260805,0.0926411744366609,0.5729472140762463,Pr,9,4
core,SVR_RBF,0.09136398989259886,0.08015183536094324,0.09931241811376493,0.531158357771261,Pr,9,4
engineered,LinearRegression,-0.11234767649272892,0.08942019978781232,0.10988258312658815,0.4087243401759531,Pr,9,4
rheology_enhanced,LinearRegression,-0.9607115519138014,0.10852470045860459,0.14588661184164514,0.5256598240469208,Pr,9,4
core,LinearRegression,0.4111500913224545,0.04140418176814174,0.05428399009331267,0.6648946032893849,Pr,9,5
core,RandomForest,0.1898828187130005,0.0504224265459655,0.06367125028869315,0.4696608694864637,Pr,9,5
engineered,RandomForest,0.1755699124637513,0.05153707568617724,0.06423124987454132,0.5429880934500021,Pr,9,5
rheology_enhanced,RandomForest,0.1448527284675175,0.052323149264219646,0.06541689306640654,0.487076085177804,Pr,9,5
engineered,SVR_RBF,0.13148830531308475,0.05186594727608918,0.06592608588397345,0.5120073413254072,Pr,9,5
core,GradientBoosting,0.10267399629537366,0.05046792716550172,0.06701076613309201,0.4197983571912576,Pr,9,5
core,XGBoost,0.06786391509914569,0.047737183377146726,0.06829817781299846,0.40535337964789186,Pr,9,5
engineered,XGBoost,0.039145144438198165,0.05344132590293885,0.06934231732939365,0.40989918195617986,Pr,9,5
rheology_enhanced,GradientBoosting,0.018332015548704672,0.054700755964710954,0.07008930769047625,0.40861595553681795,Pr,9,5
rheology_enhanced,XGBoost,-0.009530129115449482,0.054698873385787015,0.07107700164439072,0.37085243519559563,Pr,9,5
engineered,GradientBoosting,-0.020648189519311577,0.05552970316472164,0.07146731914431426,0.4566452872329356,Pr,9,5
rheology_enhanced,SVR_RBF,-0.02236495673880068,0.05704405977939225,0.07152739920028454,0.48487626845889786,Pr,9,5
core,SVR_RBF,-0.08784498284631836,0.05687483101951572,0.07378243146617,0.39926673448146677,Pr,9,5
rheology_enhanced,LinearRegression,-1.3710744428725397,0.06256489216258289,0.108928632439972,0.515673702523584,Pr,9,5
engineered,LinearRegression,-4.674644928708454,0.07537812914514412,0.16851509232957101,0.6130155923351813,Pr,9,5
rheology_enhanced,GradientBoosting,0.37775318783942735,0.056832815205359107,0.08254594784155804,0.629089911908005,Pr,10,1
engineered,GradientBoosting,0.3737477998983093,0.056367339198839087,0.08281119483132032,0.6344056483431252,Pr,10,1
rheology_enhanced,XGBoost,0.3299648910910412,0.058472099408507346,0.0856570667744016,0.6592117323556371,Pr,10,1
engineered,XGBoost,0.31491658423870883,0.06019026079773902,0.0866136111287363,0.6170485792850597,Pr,10,1
core,XGBoost,0.23643902533378391,0.06167104429006577,0.09144001326170348,0.6625721908853374,Pr,10,1
engineered,RandomForest,0.23634708309915153,0.06671195295965607,0.09144551835321904,0.6166254264739304,Pr,10,1
rheology_enhanced,RandomForest,0.2345832310956335,0.06621342596726175,0.09155106586425904,0.5918797568621644,Pr,10,1
core,RandomForest,0.18195746504423993,0.06856374123301469,0.09464602119602032,0.6060328458821378,Pr,10,1
core,GradientBoosting,0.14638404877475686,0.0684795130614821,0.09668201196427809,0.6700586837968812,Pr,10,1
core,LinearRegression,0.13839984773817493,0.0702715046733369,0.09713311176781317,0.6245073804984188,Pr,10,1
rheology_enhanced,SVR_RBF,0.130944534568738,0.06687336051401252,0.09755244665062963,0.6549353890580717,Pr,10,1
engineered,SVR_RBF,0.12740078350526984,0.06768683656061118,0.09775113931168675,0.6309229244718395,Pr,10,1
core,SVR_RBF,0.1237304101595571,0.07070458827053484,0.09795650660839714,0.676564937311319,Pr,10,1
engineered,LinearRegression,-28.276306081713997,0.29105119021578363,0.5662035109825603,0.2670699305506886,Pr,10,1
rheology_enhanced,LinearRegression,-55.72920277583794,0.33589556586001534,0.7881661133593717,0.36568600648498545,Pr,10,1
rheology_enhanced,RandomForest,0.3761076673546878,0.05911370953207678,0.08048692195426772,0.5532031917652562,Pr,10,2
engineered,RandomForest,0.32321955208219033,0.06304057919973549,0.08382902145738644,0.5363394761779787,Pr,10,2
engineered,XGBoost,0.2526294383433021,0.06378469057381154,0.08809240941696374,0.4936302834406345,Pr,10,2
rheology_enhanced,XGBoost,0.24043536446946023,0.06484044232964517,0.08880815814547828,0.48574832941614604,Pr,10,2
core,GradientBoosting,0.23739538863948484,0.0651425425848621,0.08898569739204966,0.4056456803765779,Pr,10,2
core,RandomForest,0.2357473943805073,0.06685102703373028,0.0890817948814482,0.3950142075063377,Pr,10,2
rheology_enhanced,GradientBoosting,0.2124530371104122,0.06747184157140354,0.09042920762189355,0.46448538367566566,Pr,10,2
core,XGBoost,0.21173337262476244,0.06477249296009542,0.09047051552588861,0.4274585298862085,Pr,10,2
engineered,GradientBoosting,0.20710746827006754,0.0672572729677033,0.0907355881129233,0.4734671452384548,Pr,10,2
core,LinearRegression,0.08217588470300852,0.0705754531248831,0.0976225678412971,0.5082943839513105,Pr,10,2
engineered,LinearRegression,-0.14046838131596617,0.07950051987463229,0.1088208514172072,0.46558519121396647,Pr,10,2
rheology_enhanced,SVR_RBF,-0.40982617233769947,0.08735594457337484,0.12099105933580068,0.21372926494310426,Pr,10,2
core,SVR_RBF,-0.4245474803054854,0.08831993506097012,0.1216211090349693,0.11969572041839373,Pr,10,2
engineered,SVR_RBF,-0.43030019648044826,0.08670260684458901,0.12186643142917704,0.18018513502493266,Pr,10,2
rheology_enhanced,LinearRegression,-552.0347455667765,0.6112815388956532,2.3963304354009796,0.4916139696204165,Pr,10,2
engineered,GradientBoosting,0.41670050243189216,0.059732453379118575,0.07877846364291918,0.6070937611419908,Pr,10,3
core,LinearRegression,0.38615319264279124,0.060693575086376544,0.08081494958956867,0.6305563219590726,Pr,10,3
core,RandomForest,0.3576218147256479,0.062429568121693174,0.08267174369130621,0.5895508707607701,Pr,10,3
rheology_enhanced,GradientBoosting,0.3426520093935074,0.06492077969256856,0.08362947598086823,0.5301558203483043,Pr,10,3
rheology_enhanced,RandomForest,0.33873263916443397,0.06398836875826716,0.0838784215570363,0.5398222000492643,Pr,10,3
engineered,XGBoost,0.32053598383035664,0.06447099120914937,0.0850246663897379,0.5785517873510541,Pr,10,3
engineered,RandomForest,0.30930685040870287,0.06502165004960321,0.08572436563109227,0.5651177734301805,Pr,10,3
rheology_enhanced,XGBoost,0.2841032687025278,0.06759549835324288,0.08727440474803622,0.5400549954170486,Pr,10,3
core,GradientBoosting,0.2366339562341796,0.07086430090117209,0.09012144042208996,0.49211588652642746,Pr,10,3
core,XGBoost,0.16004141685095863,0.07199562598764897,0.09453456754212813,0.45962049876855043,Pr,10,3
rheology_enhanced,SVR_RBF,0.073123581074929,0.0765740808287707,0.09930534448132536,0.4184767683234194,Pr,10,3
engineered,SVR_RBF,0.03768416913981254,0.07826367697179354,0.10118602161031141,0.40546237912019445,Pr,10,3
core,SVR_RBF,0.02318274339062021,0.07816902409008444,0.10194557208366685,0.4008798477106081,Pr,10,3
engineered,LinearRegression,-1.047477423803865,0.11171708794567849,0.1475948712608035,0.21446246996863808,Pr,10,3
rheology_enhanced,LinearRegression,-1.276338555150097,0.11187655356005884,0.15562527533083215,0.2283933654537804,Pr,10,3
core,GradientBoosting,0.4618723676532569,0.055310208097057445,0.07536574481562824,0.6092618295657762,Pr,10,4
rheology_enhanced,RandomForest,0.393540133235156,0.05806571622850516,0.08000780982507202,0.4861594948782598,Pr,10,4
rheology_enhanced,GradientBoosting,0.37224129200559397,0.06042711042284351,0.08140062168647134,0.558071319605691,Pr,10,4
engineered,GradientBoosting,0.34043491880524623,0.06344462031200085,0.08343728739499419,0.529972511196474,Pr,10,4
engineered,RandomForest,0.3083252689878099,0.06526046478174599,0.08544414410767871,0.49275894503497825,Pr,10,4
rheology_enhanced,XGBoost,0.30398597808736816,0.061442654773592946,0.08571174626689321,0.4608616026108391,Pr,10,4
engineered,XGBoost,0.29407842662302097,0.06473679015040398,0.08631963118427675,0.4365203061698916,Pr,10,4
core,LinearRegression,0.2849073702659872,0.06130436490728277,0.08687853717556618,0.6153987271139962,Pr,10,4
core,XGBoost,0.2605909190715755,0.061524146527051925,0.08834332459211938,0.5107748932392194,Pr,10,4
rheology_enhanced,SVR_RBF,0.23578001115737401,0.06250361947401337,0.08981327754005314,0.49899175907187904,Pr,10,4
core,RandomForest,0.2146636707270626,0.07207392319775141,0.09104564835678232,0.4362736181923863,Pr,10,4
engineered,SVR_RBF,0.1366874136558235,0.07214296560895686,0.09545867132219166,0.45866178589193285,Pr,10,4
core,SVR_RBF,0.11965402300557326,0.07287043818147738,0.09639578421956294,0.4604949664910214,Pr,10,4
engineered,LinearRegression,-7.717523948843711,0.1336778476272064,0.30333877141905263,0.42933089630651755,Pr,10,4
rheology_enhanced,LinearRegression,-1225.365009514678,1.2129991797806086,3.59783485050082,0.36590284757805686,Pr,10,4
core,GradientBoosting,0.5591498445978138,0.03560241216120685,0.045136835145164735,0.6540788267644364,Pr,10,5
core,XGBoost,0.5307328417782313,0.03611917051672936,0.046568868499536537,0.6306141154903759,Pr,10,5
rheology_enhanced,XGBoost,0.47366845193703677,0.039202580675482754,0.04931911858427193,0.5506874427131073,Pr,10,5
engineered,XGBoost,0.47258379817093366,0.04033338509500027,0.049369910367832365,0.5919340054995418,Pr,10,5
engineered,GradientBoosting,0.4363961918837136,0.042503680588745055,0.05103552242050045,0.5664008822248647,Pr,10,5
rheology_enhanced,GradientBoosting,0.40373307921922397,0.04274055467891441,0.05249355237572762,0.5488039616120532,Pr,10,5
core,RandomForest,0.29913784872433524,0.04774781774966932,0.05691174592605269,0.45055448819052335,Pr,10,5
engineered,SVR_RBF,0.28195323183533083,0.04708947072562501,0.05760523746350672,0.48849784826189785,Pr,10,5
core,SVR_RBF,0.26730406122485606,0.04851760036753195,0.058189884808761916,0.5189258568215507,Pr,10,5
engineered,RandomForest,0.2598443944171117,0.04954147094080669,0.05848535382256502,0.44193932914050116,Pr,10,5
rheology_enhanced,RandomForest,0.23825396281455868,0.05002629823908728,0.05933223485254764,0.4060122828893447,Pr,10,5
rheology_enhanced,SVR_RBF,0.215841341717791,0.047537397661385206,0.06019876426820524,0.46283567236821466,Pr,10,5
core,LinearRegression,0.10562725052177124,0.05243415792296779,0.06429021593617454,0.45568692336926,Pr,10,5
engineered,LinearRegression,-0.10746677375979075,0.05566097418854559,0.0715403331106597,0.3852992409180147,Pr,10,5
rheology_enhanced,LinearRegression,-0.8264349658325858,0.07431651521473268,0.09187296060443773,0.3471725795902568,Pr,10,5
engineered,RandomForest,0.37857608117118713,0.06082293902567347,0.08017928174512017,0.5469709490482187,Pr,11,1
rheology_enhanced,RandomForest,0.36254729692026266,0.06113240585918711,0.0812067560775201,0.4905141620821158,Pr,11,1
engineered,XGBoost,0.35454564087599094,0.060217493087053306,0.08171484248183192,0.5466544454628782,Pr,11,1
rheology_enhanced,XGBoost,0.3354701624209899,0.06254064989089966,0.08291353309507651,0.5071945764130099,Pr,11,1
core,LinearRegression,0.3037132279213488,0.05899047398725683,0.08487157293530867,0.6257904892931029,Pr,11,1
rheology_enhanced,GradientBoosting,0.293026644421014,0.06709720055997762,0.08552039576141512,0.43079743354720446,Pr,11,1
engineered,GradientBoosting,0.28882042565085675,0.06863196073148597,0.08577442516133947,0.4304307974335472,Pr,11,1
core,XGBoost,0.2846135813212771,0.06391275171935559,0.08602774205933203,0.6394719982866788,Pr,11,1
core,RandomForest,0.2759086494548135,0.06372400876322745,0.08654955886436201,0.48304307974335486,Pr,11,1
core,GradientBoosting,0.24259200527328162,0.06559093531273322,0.08851831153095338,0.5820348304307975,Pr,11,1
core,SVR_RBF,0.13969484788239517,0.07517180427006023,0.09433968909704382,0.4723673377001541,Pr,11,1
rheology_enhanced,SVR_RBF,0.03717563175176941,0.07521166937134297,0.09980256783493377,0.5449546352280009,Pr,11,1
engineered,SVR_RBF,0.03350567709891783,0.07694353600063326,0.09999259342488193,0.501145634952356,Pr,11,1
engineered,LinearRegression,-0.2520367599179687,0.08719670135640763,0.11380902919508892,0.32865915269552826,Pr,11,1
rheology_enhanced,LinearRegression,-309.4369627776986,0.5159854949432723,1.7920696783250607,0.5231417857183701,Pr,11,1
rheology_enhanced,RandomForest,0.4885025668769064,0.054940064153439314,0.07315412093823812,0.5876638279653451,Pr,11,2
engineered,RandomForest,0.467739638085816,0.05750438760747385,0.07462410390487333,0.5938960706823824,Pr,11,2
engineered,XGBoost,0.414541917306385,0.05924084803462029,0.07826452787106336,0.5378058862290462,Pr,11,2
core,RandomForest,0.41394952080013536,0.06033760826268644,0.0783041138908818,0.5783154638897889,Pr,11,2
rheology_enhanced,GradientBoosting,0.40067882805040944,0.06012298634898663,0.07918572123471115,0.5528872593950505,Pr,11,2
engineered,GradientBoosting,0.39725949967591323,0.060703871996001094,0.07941129050951352,0.5290559120073328,Pr,11,2
rheology_enhanced,XGBoost,0.39086669280724007,0.06062779968976975,0.07983130711839595,0.506461371387476,Pr,11,2
rheology_enhanced,SVR_RBF,0.311253061686826,0.06332131839938522,0.08488811840390462,0.5605352420205942,Pr,11,2
core,XGBoost,0.2976739513099511,0.06514533929526807,0.08572084723604481,0.47167736021998175,Pr,11,2
engineered,LinearRegression,0.2584241910207996,0.07166808722973844,0.08808355693888462,0.5583356269439927,Pr,11,2
core,SVR_RBF,0.2524232852211107,0.06850526730821348,0.08843922934165814,0.4588030447277787,Pr,11,2
core,GradientBoosting,0.246729646527038,0.06782442138702224,0.08877537269928377,0.4682372372775738,Pr,11,2
rheology_enhanced,LinearRegression,0.21155509902568193,0.06935212204419966,0.09082444256682737,0.5071945764130099,Pr,11,2
core,LinearRegression,0.19211272055946527,0.06483974342684913,0.09193744952801709,0.6186417402941483,Pr,11,2
engineered,SVR_RBF,0.016035143458644208,0.07471029240004018,0.10146280403063473,0.3266428388753103,Pr,11,2
core,LinearRegression,0.23957469677284526,0.04713367783845144,0.06047130185808076,0.5708001123780675,Pr,11,3
core,XGBoost,0.17171994111719147,0.05154053828120232,0.06311166553248414,0.4812540124720561,Pr,11,3
core,GradientBoosting,0.16458539446268738,0.05100183903044052,0.06338289483646226,0.5057745187901009,Pr,11,3
core,RandomForest,0.1363267423336092,0.052645930224867604,0.06444597149601994,0.261961503208066,Pr,11,3
rheology_enhanced,RandomForest,0.0958911260431049,0.052716686962632146,0.06593733718120795,0.3854825421743982,Pr,11,3
engineered,RandomForest,0.08979737476129313,0.05242865980489407,0.06615917493083455,0.37815049191906014,Pr,11,3
rheology_enhanced,XGBoost,0.03979405250701984,0.05357968811690808,0.06795215502493189,0.40370336589084477,Pr,11,3
engineered,XGBoost,0.015968238424369896,0.05346369248628617,0.06879004551496339,0.36850307240717445,Pr,11,3
engineered,SVR_RBF,0.009883042644186935,0.05488030193344749,0.0690024145427316,0.44248923290965164,Pr,11,3
rheology_enhanced,GradientBoosting,-0.008569452247004117,0.05587513217109401,0.0696424343757211,0.44432224547348603,Pr,11,3
rheology_enhanced,SVR_RBF,-0.01628191157680825,0.05500056036881759,0.0699082026526863,0.43075795250111065,Pr,11,3
engineered,LinearRegression,-0.07003786535457035,0.05816167632164443,0.07173326718068343,0.5286408234098737,Pr,11,3
engineered,GradientBoosting,-0.07774986820238139,0.05810944353972746,0.0719913019580146,0.386801099908341,Pr,11,3
core,SVR_RBF,-0.14389745596546333,0.06061159619339537,0.0741676614513237,0.3398405293349188,Pr,11,3
rheology_enhanced,LinearRegression,-0.49061074197459775,0.06689558933212605,0.08466485363490715,0.46191916608629735,Pr,11,3
rheology_enhanced,RandomForest,0.3771426798705637,0.059344735656415376,0.07825217032975407,0.47108422890546997,Pr,11,4
core,RandomForest,0.34913138704439195,0.06167548040674578,0.07999240783763442,0.3979470276084729,Pr,11,4
rheology_enhanced,GradientBoosting,0.3465319002569923,0.062174545682080834,0.08015198843192925,0.3777268560953254,Pr,11,4
core,LinearRegression,0.3330985438709323,0.05587184115537755,0.08097164044972045,0.6010448196813369,Pr,11,4
engineered,GradientBoosting,0.30474408397066455,0.06586431937521453,0.08267504722450164,0.47126753016185347,Pr,11,4
core,GradientBoosting,0.2968965372362198,0.06295237233075257,0.08314032609225502,0.4324472960586619,Pr,11,4
engineered,RandomForest,0.2812983628298943,0.06325377434689135,0.08405749089424754,0.5060947688747092,Pr,11,4
core,XGBoost,0.27919705662973626,0.06251722005009652,0.08418028288471621,0.4104491292392301,Pr,11,4
rheology_enhanced,XGBoost,0.26771515216824926,0.06719846273958682,0.08484810146635055,0.36366969266476745,Pr,11,4
engineered,XGBoost,0.24120924693303714,0.06812162879109382,0.08637003985987922,0.46448538367566566,Pr,11,4
core,SVR_RBF,0.0711220645283086,0.07220641490868851,0.09556116343386252,0.1959490430739095,Pr,11,4
rheology_enhanced,SVR_RBF,0.0343144657650607,0.07116110858182675,0.09743611695853799,0.1882503903058045,Pr,11,4
engineered,SVR_RBF,-0.09077144773373136,0.07659138913219599,0.1035545023108633,0.1396755573641899,Pr,11,4
engineered,LinearRegression,-22.534009663980918,0.18255961097975082,0.4810055294419437,0.36568600648498545,Pr,11,4
rheology_enhanced,LinearRegression,-54.54228503560436,0.253018927827935,0.738948167669728,0.0867014942693725,Pr,11,4
core,XGBoost,0.6726827373406089,0.04104160311818123,0.060840018571625964,0.8025664662809282,Pr,11,5
core,GradientBoosting,0.6228382638359427,0.04616132765600142,0.06530834763111262,0.7627864472807085,Pr,11,5
core,RandomForest,0.5821365327177865,0.04960125078538352,0.06874198749399474,0.768285989077974,Pr,11,5
rheology_enhanced,RandomForest,0.5782251927056931,0.05132336582341274,0.06906296198577876,0.6164986354734494,Pr,11,5
engineered,RandomForest,0.5662551756464449,0.05248248020006608,0.07003611311834981,0.6799266842019102,Pr,11,5
engineered,GradientBoosting,0.5257394866629834,0.05416515913503771,0.07323410294726622,0.6826764551005429,Pr,11,5
rheology_enhanced,XGBoost,0.517900568197168,0.054687694266438484,0.0738368554054889,0.6636113768700228,Pr,11,5
core,SVR_RBF,0.515514363755658,0.05130303817942764,0.07401936169032511,0.7165902961836794,Pr,11,5
engineered,XGBoost,0.5107341012209661,0.05413835179805756,0.07438362788128394,0.6790100939023659,Pr,11,5
rheology_enhanced,GradientBoosting,0.47278327431974954,0.05740390016435079,0.07721460826544248,0.6474793875980445,Pr,11,5
engineered,SVR_RBF,0.41101050067394185,0.05683328479608826,0.0816128715438385,0.6857928621189933,Pr,11,5
rheology_enhanced,SVR_RBF,0.3855072181288166,0.059019414288804806,0.08336106906282695,0.6648946032893849,Pr,11,5
core,LinearRegression,0.32779712299656694,0.06174230351651909,0.0871876688729824,0.6639780129898405,Pr,11,5
engineered,LinearRegression,0.20703467199610437,0.0744989450176009,0.09469607572659941,0.5374885516527367,Pr,11,5
rheology_enhanced,LinearRegression,-832.483682740167,0.846356177293846,3.0701064473041666,0.3519706750249845,Pr,11,5
engineered,GradientBoosting,0.5532128127104139,0.048979024830784826,0.06824189813432845,0.7364561402286663,Pr,12,1
engineered,XGBoost,0.5127248699166133,0.051284499689936626,0.0712668996772153,0.724289654699851,Pr,12,1
engineered,RandomForest,0.5042322366819345,0.05082168787202379,0.07188526614632906,0.7576535416032608,Pr,12,1
rheology_enhanced,RandomForest,0.501066740234511,0.04946370539847886,0.07211439608726306,0.6830430912203606,Pr,12,1
rheology_enhanced,XGBoost,0.5004732791321744,0.05126099956035613,0.07215727193224508,0.6951420831743443,Pr,12,1
rheology_enhanced,GradientBoosting,0.46087530193374104,0.05459169732552001,0.07496272355692295,0.6943527686101945,Pr,12,1
core,LinearRegression,0.39389242012053793,0.05650738030543641,0.079483247065022,0.6911090858563497,Pr,12,1
core,RandomForest,0.3848843051733708,0.057673664682539656,0.08007171808726168,0.5561056105610561,Pr,12,1
rheology_enhanced,SVR_RBF,0.3708927323399075,0.057805027980665856,0.08097726309756861,0.6570119267133044,Pr,12,1
core,GradientBoosting,0.3502159761023744,0.06202954052308965,0.08229723756206996,0.5405777370996765,Pr,12,1
engineered,SVR_RBF,0.34513613214410477,0.06087297836555586,0.08261830057858624,0.6460128431187736,Pr,12,1
core,SVR_RBF,0.33791193925262253,0.05961084827284889,0.0830727564836984,0.6471127514782268,Pr,12,1
core,XGBoost,0.2862623056443968,0.06190931771695613,0.08625217588735883,0.5436875423969736,Pr,12,1
engineered,LinearRegression,-0.006664933528814476,0.07683393356928009,0.10243378330650499,0.5497708616666295,Pr,12,1
rheology_enhanced,LinearRegression,-0.582952678797348,0.08750224811850385,0.12845017761503177,0.5171402470028548,Pr,12,1
core,XGBoost,0.39018071557165923,0.05738313892483711,0.07972529074894712,0.5100375857894325,Pr,12,2
rheology_enhanced,RandomForest,0.3427384454790151,0.0627201149966933,0.08276841708427053,0.44230593165326815,Pr,12,2
engineered,SVR_RBF,0.31959133952953545,0.06238163774569134,0.08421325445058378,0.4947300909789352,Pr,12,2
engineered,XGBoost,0.3141585463093728,0.06571645511686801,0.08454879071499827,0.3024747937671861,Pr,12,2
engineered,RandomForest,0.3046182760881736,0.06441396135085994,0.08513480995398216,0.4217761909383215,Pr,12,2
core,RandomForest,0.3039400576513692,0.060833100258537776,0.08517631659981689,0.4802933088909258,Pr,12,2
rheology_enhanced,XGBoost,0.28686454285094753,0.06776684206724166,0.08621474535477927,0.3066911090742439,Pr,12,2
core,GradientBoosting,0.2806194640844103,0.06234851127080494,0.08659142291547098,0.4850595783684694,Pr,12,2
rheology_enhanced,SVR_RBF,0.2800979797876899,0.06462267685519678,0.08662280261265463,0.4919805721331834,Pr,12,2
core,SVR_RBF,0.26889466868591916,0.0655568921936759,0.0872942242964253,0.4575199359330946,Pr,12,2
rheology_enhanced,GradientBoosting,0.2608253160138879,0.06844706546587646,0.08777464403417352,0.24580698481020824,Pr,12,2
engineered,GradientBoosting,0.2026149134039763,0.06964397275428542,0.09116530497420076,0.19613234433029295,Pr,12,2
core,LinearRegression,-0.12552587626323208,0.0788765382322748,0.10831117737007,0.51251031284813,Pr,12,2
engineered,LinearRegression,-0.14487211912154985,0.08483620275906191,0.1092380714677698,0.3279259476699945,Pr,12,2
rheology_enhanced,LinearRegression,-0.43679030893661497,0.08987490003904361,0.12237486613806511,0.1924663192026239,Pr,12,2
core,LinearRegression,0.322320108183101,0.04663964819470595,0.05793553887620026,0.5588855307131433,Pr,12,3
engineered,RandomForest,0.29614894213513654,0.04829357436342592,0.05904364154508562,0.5128769153608969,Pr,12,3
rheology_enhanced,RandomForest,0.2682142912357882,0.048116404389880914,0.060203912103544074,0.4751168565459059,Pr,12,3
core,RandomForest,0.24529962978752606,0.048343309858255246,0.0611392395460046,0.3176610773125212,Pr,12,3
rheology_enhanced,GradientBoosting,0.19139216345761068,0.04981088981473607,0.06328513692600712,0.5627348570971956,Pr,12,3
core,GradientBoosting,0.17901625146828382,0.04927011182250185,0.06376759403485054,0.42030978088725396,Pr,12,3
engineered,XGBoost,0.15912779377089392,0.05085338598489761,0.06453536192686962,0.40637888540211164,Pr,12,3
engineered,GradientBoosting,0.1579927231028373,0.05191168055729833,0.06457890450814037,0.5429383214077829,Pr,12,3
rheology_enhanced,XGBoost,0.15503013178685698,0.05158863811194897,0.06469241475463276,0.42067638340002084,Pr,12,3
core,XGBoost,0.151203323824172,0.05152312743663788,0.06483874291887329,0.4036293665563599,Pr,12,3
engineered,SVR_RBF,0.09248516653043048,0.054468948916225335,0.06704395367287998,0.4687013125724851,Pr,12,3
rheology_enhanced,SVR_RBF,0.01018687407438068,0.0547547088446601,0.07001794423171125,0.4593529484969291,Pr,12,3
core,SVR_RBF,-0.1528214248219324,0.06309219709852251,0.07556379665998349,0.30977912328803275,Pr,12,3
engineered,LinearRegression,-0.8536988705478814,0.07821971746444215,0.09581915657884464,0.32242690997849094,Pr,12,3
rheology_enhanced,LinearRegression,-4.1913558308588375,0.10474412821388793,0.16035154545775565,0.322060307465724,Pr,12,3
core,LinearRegression,0.3717232678144107,0.061205874152521086,0.08361455701277234,0.7053432345635208,Pr,12,4
core,XGBoost,0.3296016478090448,0.06282929892838002,0.08637197973692214,0.6071494042163154,Pr,12,4
rheology_enhanced,RandomForest,0.3292793204516149,0.06626448495370374,0.08639274105467101,0.5618183508152784,Pr,12,4
core,RandomForest,0.31731283716837144,0.06615071853580455,0.08716001039694318,0.6078269661675247,Pr,12,4
engineered,GradientBoosting,0.3139954291838206,0.06501155365134828,0.08737152374982464,0.5081110826949272,Pr,12,4
core,GradientBoosting,0.3116735306523569,0.06123218753668118,0.08751926069728405,0.6293308890925757,Pr,12,4
rheology_enhanced,XGBoost,0.3039873965147868,0.06510666199028493,0.08800654206083282,0.4865261228230981,Pr,12,4
engineered,XGBoost,0.2968624537424782,0.06521462307870389,0.08845584787014829,0.5281393217231898,Pr,12,4
rheology_enhanced,GradientBoosting,0.27468414846887224,0.06685997201441177,0.08984005095780426,0.4826764436296976,Pr,12,4
engineered,RandomForest,0.27062567493267053,0.06959188306051586,0.09009104839967633,0.5557694093546244,Pr,12,4
core,SVR_RBF,0.20033982235656111,0.06939041755332075,0.09433202114375645,0.4921638733895669,Pr,12,4
rheology_enhanced,SVR_RBF,0.17101976433858557,0.06928549466801624,0.09604582543336244,0.5616350495588949,Pr,12,4
engineered,LinearRegression,0.11008950356684677,0.07303619345482595,0.09951294288329715,0.6025112297324046,Pr,12,4
engineered,SVR_RBF,0.07515540541203536,0.07446365315084207,0.10144736857370322,0.5277243171279564,Pr,12,4
rheology_enhanced,LinearRegression,-0.258334837949058,0.08867614392559023,0.11833262955534116,0.4384566052692156,Pr,12,4
core,XGBoost,0.5841826734290366,0.04836713273823262,0.06497951563862017,0.7025391907782549,Pr,12,5
rheology_enhanced,RandomForest,0.570512554044895,0.047534038100499075,0.06603898896386634,0.528872602837021,Pr,12,5
core,GradientBoosting,0.5402140335325898,0.052580195546708904,0.06832868058572236,0.662907957462413,Pr,12,5
engineered,RandomForest,0.5327488783582734,0.04994962077245671,0.06888114458925541,0.5259395138784795,Pr,12,5
core,RandomForest,0.5295390434640499,0.049550478193392075,0.06911733309363753,0.6568888101666198,Pr,12,5
engineered,XGBoost,0.47970921849173853,0.054970837160944946,0.07268557734460285,0.5957836947037497,Pr,12,5
rheology_enhanced,XGBoost,0.4580249079492478,0.054179348945617684,0.07418478506277011,0.538221823892372,Pr,12,5
engineered,GradientBoosting,0.38493753088602,0.057544619620741935,0.07902869172532961,0.503070861037456,Pr,12,5
rheology_enhanced,GradientBoosting,0.37733009474096146,0.0571319446134546,0.07951592526054987,0.5507379251299264,Pr,12,5
core,LinearRegression,0.24636118994942047,0.06432301891054061,0.08747960359695352,0.519340063721761,Pr,12,5
rheology_enhanced,SVR_RBF,-0.07195763362215968,0.07313237078017762,0.10433114880621899,0.37800183953204064,Pr,12,5
core,SVR_RBF,-0.09072113755856193,0.07594599339273247,0.10524029181114845,0.33162237037510256,Pr,12,5
engineered,LinearRegression,-0.16779417108869588,0.0863061895839243,0.1088950980862642,0.43794684512223336,Pr,12,5
engineered,SVR_RBF,-0.2368775371019145,0.07972566526958952,0.11206978274454851,0.2735105453839983,Pr,12,5
rheology_enhanced,LinearRegression,-30.26937148312215,0.2252505827824306,0.5634881077469412,0.20953254247581107,Pr,12,5
rheology_enhanced,RandomForest,0.39218279924859856,0.05500416497189156,0.07721203945253632,0.4388232077819825,Pr,13,1
core,RandomForest,0.32896579493208433,0.05970190513392851,0.08112801686922352,0.402749770852429,Pr,13,1
engineered,RandomForest,0.3219139127534021,0.06013351137115193,0.08155318893824662,0.4358903876798473,Pr,13,1
core,GradientBoosting,0.23762976112126077,0.06329524332440722,0.08647319348654965,0.48281235879815615,Pr,13,1
core,XGBoost,0.23760662986675862,0.06481836445629596,0.08647450532833727,0.4671372281062091,Pr,13,1
core,LinearRegression,0.23264333699227524,0.06013081468320426,0.08675552956168495,0.5759325475568041,Pr,13,1
rheology_enhanced,GradientBoosting,0.2167459339791793,0.06364643708169448,0.08764958413938406,0.4160938519904345,Pr,13,1
engineered,GradientBoosting,0.20929415859949096,0.06683686476318992,0.08806554040682835,0.4302080487319603,Pr,13,1
rheology_enhanced,XGBoost,0.19114124613637007,0.06719018442928791,0.08907070214120455,0.4549954170485794,Pr,13,1
engineered,XGBoost,0.08393437325804487,0.07301934531331063,0.09478984751382989,0.42401466544454636,Pr,13,1
core,SVR_RBF,-0.16871066757390007,0.07878807309317,0.10706611272510622,0.3645861989466847,Pr,13,1
rheology_enhanced,SVR_RBF,-0.25032918860832387,0.07984895638754826,0.11074158006510548,0.25570525265491467,Pr,13,1
engineered,SVR_RBF,-0.4896093745037846,0.090473163994535,0.1208745107483317,0.09953258221621408,Pr,13,1
engineered,LinearRegression,-0.6683163979769453,0.09368552195639096,0.12791979068935003,0.2668866292943052,Pr,13,1
rheology_enhanced,LinearRegression,-70.04049288311126,0.3468214924370142,0.8347405551321838,0.1360095322365209,Pr,13,1
rheology_enhanced,RandomForest,0.46665560876134604,0.061206853505290905,0.07693149888493207,0.501145634952356,Pr,13,2
engineered,GradientBoosting,0.4549453685666147,0.059950280056446884,0.07777147665376705,0.553070577451879,Pr,13,2
rheology_enhanced,XGBoost,0.44408186923269866,0.06292180183529854,0.07854268562042933,0.5384051329055912,Pr,13,2
engineered,RandomForest,0.44084658254705367,0.061298478257275135,0.07877090219903479,0.5801484764536236,Pr,13,2
engineered,XGBoost,0.4271962949172131,0.05935956344008446,0.0797265987952699,0.5533864930216397,Pr,13,2
core,RandomForest,0.4132184826194901,0.06553218394510579,0.08069349774085281,0.5403721038184145,Pr,13,2
rheology_enhanced,GradientBoosting,0.40609732402684584,0.064397658481744,0.08118166774251753,0.4987627186193711,Pr,13,2
core,GradientBoosting,0.32594258140260557,0.06913566080275874,0.08648659005151471,0.6281734056260878,Pr,13,2
core,XGBoost,0.3228477858755746,0.06665876993536948,0.08668490534591662,0.5891629451798212,Pr,13,2
core,LinearRegression,0.302115868548013,0.061453498710245906,0.08800188798928574,0.6448538199569819,Pr,13,2
rheology_enhanced,SVR_RBF,0.19810739607558991,0.07142417918337503,0.0943318673941921,0.5469709490482187,Pr,13,2
core,SVR_RBF,0.18985886412836972,0.07388319459074155,0.09481579048856811,0.4687013125724851,Pr,13,2
engineered,SVR_RBF,0.18925638161934577,0.07195313727350064,0.0948510400495219,0.5350563673832945,Pr,13,2
engineered,LinearRegression,-0.04791891987843444,0.08758169668823498,0.10783609896814554,0.33489139541256563,Pr,13,2
rheology_enhanced,LinearRegression,-0.7045151673713523,0.10437896032774459,0.1375310513424455,0.2492897086814938,Pr,13,2
engineered,RandomForest,0.39958048650643707,0.05203875901124327,0.06273087738444265,0.5073778776693932,Pr,13,3
rheology_enhanced,RandomForest,0.3709436249107826,0.052200940310846454,0.06420941995946276,0.4939968859534014,Pr,13,3
core,RandomForest,0.36540862495612814,0.05304559346064798,0.06449128720652697,0.4976620707183425,Pr,13,3
engineered,SVR_RBF,0.34466620098755885,0.05499593377687281,0.06553680216595131,0.5264412083332722,Pr,13,3
core,GradientBoosting,0.2967735196821085,0.052559102392956976,0.06788933750692729,0.46928860341445267,Pr,13,3
core,SVR_RBF,0.28837272489747345,0.057797555586191776,0.06829363912428234,0.45055448819052335,Pr,13,3
core,LinearRegression,0.2791938878567596,0.05271211977557265,0.06873266653468227,0.5583356269439927,Pr,13,3
rheology_enhanced,SVR_RBF,0.27351770212419846,0.055933013861212494,0.06900276297186578,0.41206122434999864,Pr,13,3
engineered,GradientBoosting,0.23310008526477155,0.056710967182162786,0.07089625706950785,0.40843263061411555,Pr,13,3
engineered,LinearRegression,0.22526655996298883,0.059288085553790296,0.07125742324306954,0.4952799947480855,Pr,13,3
engineered,XGBoost,0.21409354993693885,0.05831498821079731,0.07176941218868216,0.41774356329788565,Pr,13,3
rheology_enhanced,GradientBoosting,0.18172908776778585,0.06186233849470298,0.073232273881819,0.3591200733272228,Pr,13,3
rheology_enhanced,XGBoost,0.1616417247655354,0.06084760229289532,0.07412569707058074,0.3623865838700833,Pr,13,3
rheology_enhanced,LinearRegression,0.16110866480418073,0.0641243274357307,0.07414925928934994,0.46466868493204916,Pr,13,3
core,XGBoost,0.10819582019363505,0.0624825899451971,0.07645197594051353,0.34760289815124507,Pr,13,3
rheology_enhanced,RandomForest,0.3745681319606333,0.05936069580853187,0.07938327472457456,0.6212079578835166,Pr,13,4
core,RandomForest,0.3316127709635709,0.06032861126518167,0.08206407504988007,0.555239775289293,Pr,13,4
core,XGBoost,0.32477060474979924,0.05924588954448699,0.08248304353167264,0.5869625233490842,Pr,13,4
core,GradientBoosting,0.3233183650976401,0.05869545310213538,0.08257169548456716,0.6075555149153675,Pr,13,4
engineered,RandomForest,0.29207162044734325,0.06361778906250012,0.08445661454452401,0.6129594013462614,Pr,13,4
core,LinearRegression,0.21537141136926463,0.06278210283484056,0.08891418894349187,0.6019613259632542,Pr,13,4
rheology_enhanced,GradientBoosting,0.1926928346174689,0.06934696992671305,0.09019000497500591,0.5076542325848088,Pr,13,4
engineered,XGBoost,0.16928551115773227,0.06804574276506901,0.09148816141786732,0.5016955387215063,Pr,13,4
rheology_enhanced,XGBoost,0.1692846004144739,0.06949979484081269,0.09148821156879434,0.46283567236821466,Pr,13,4
engineered,GradientBoosting,0.12639270037031702,0.07270014598946753,0.09382036850399654,0.5022914757103576,Pr,13,4
core,SVR_RBF,0.018629892349037114,0.06979057355271473,0.09943869587692145,0.525524702051355,Pr,13,4
rheology_enhanced,SVR_RBF,-0.07661224019309998,0.07150554452082716,0.10415225177504679,0.5880304304781119,Pr,13,4
engineered,LinearRegression,-0.08577767832312677,0.07513521261456613,0.10459464779476388,0.5775822588642552,Pr,13,4
engineered,SVR_RBF,-0.11868659811583337,0.07373719006530619,0.10616789947049118,0.568967099814233,Pr,13,4
rheology_enhanced,LinearRegression,-4.9702201462502344,0.157211494493519,0.2452642107870153,0.3094125207752659,Pr,13,4
core,XGBoost,0.44414754116945243,0.04953400388360024,0.07414411559138126,0.8171234794620778,Pr,13,5
engineered,XGBoost,0.4086622719143028,0.05753228417038918,0.07647416043675988,0.6487626140174063,Pr,13,5
core,RandomForest,0.3976999161961233,0.05662620566152603,0.07717975318923241,0.6098991853167309,Pr,13,5
core,GradientBoosting,0.39188461833226895,0.049706410083251995,0.07755144920967787,0.8013566813391838,Pr,13,5
engineered,RandomForest,0.38209245815743753,0.05818547247023814,0.07817334068324644,0.5666361231782432,Pr,13,5
rheology_enhanced,RandomForest,0.37998227464225165,0.05772859201388905,0.07830670974496831,0.5748854358741413,Pr,13,5
core,LinearRegression,0.31184555425770333,0.05957176089702314,0.08249732821685339,0.6700275089668325,Pr,13,5
rheology_enhanced,XGBoost,0.2888387330398563,0.06055692185461521,0.083865042443861,0.6465627972985002,Pr,13,5
engineered,GradientBoosting,0.2267878863616387,0.06352683759781827,0.0874472684750986,0.5926672876852994,Pr,13,5
rheology_enhanced,GradientBoosting,0.2215950050528923,0.06165504791822919,0.08774042438262197,0.6263978107085271,Pr,13,5
core,SVR_RBF,0.06146694865198077,0.07513296814983215,0.09634334245431533,0.5164069747632195,Pr,13,5
rheology_enhanced,SVR_RBF,-0.060940997537818786,0.07468842994183578,0.10243362440801863,0.5255728777586618,Pr,13,5
engineered,LinearRegression,-0.07866553345684202,0.0804712221445417,0.10328573029698969,0.4397800257213218,Pr,13,5
engineered,SVR_RBF,-0.2607503930274375,0.08346264304445616,0.11166356258221695,0.4139321792741745,Pr,13,5
rheology_enhanced,LinearRegression,-0.8763916943387478,0.098036413987273,0.13622558280082953,0.390650785665751,Pr,13,5
core,XGBoost,0.4820398490562594,0.05568250910937787,0.07445137478392154,0.7470895622185252,Pr,14,1
core,GradientBoosting,0.4700880229458183,0.056594396011178175,0.07530545120751761,0.7229810278794488,Pr,14,1
rheology_enhanced,RandomForest,0.42320750209953384,0.06037417567791019,0.07856594684060834,0.6271310829481624,Pr,14,1
core,RandomForest,0.4080451661712693,0.061688625082672005,0.07959189279868968,0.6416132096809614,Pr,14,1
engineered,RandomForest,0.3923957881436315,0.06339573319128797,0.08063710640822623,0.619431724431991,Pr,14,1
engineered,XGBoost,0.3879327080760334,0.06438494595885277,0.08093271939941461,0.5787351151322271,Pr,14,1
rheology_enhanced,XGBoost,0.35066981530627916,0.06736405688524247,0.083359930374184,0.5585701285422541,Pr,14,1
engineered,GradientBoosting,0.3214159689464785,0.06966271460106034,0.0852170242876836,0.5613198994408867,Pr,14,1
rheology_enhanced,GradientBoosting,0.3205253409407125,0.06877825521931819,0.08527292877264038,0.5690192579570583,Pr,14,1
core,SVR_RBF,0.21170640135066032,0.06943268935513663,0.09184775536483328,0.577635206772774,Pr,14,1
engineered,SVR_RBF,0.16824722803682468,0.07089922653937188,0.09434560542030218,0.5743354816944148,Pr,14,1
core,LinearRegression,0.14717021525726104,0.07250427049087663,0.09553350836058584,0.5094408884866832,Pr,14,1
rheology_enhanced,SVR_RBF,0.14073875354957877,0.07275037549051495,0.09589305611246318,0.5763519803534121,Pr,14,1
engineered,LinearRegression,-0.6012639640104831,0.09677479026019165,0.1309049328677275,0.3968835997026518,Pr,14,1
rheology_enhanced,LinearRegression,-10.001392332267548,0.16730542900091672,0.34312184908724114,0.2641613243286472,Pr,14,1
rheology_enhanced,RandomForest,0.367889799243433,0.0584462098627646,0.08027558958575945,0.44721407624633425,Pr,14,2
core,LinearRegression,0.32587064813274336,0.06113838366275524,0.08290080026857605,0.6469941348973607,Pr,14,2
engineered,RandomForest,0.31826128135813947,0.060342340732473604,0.08336736683815475,0.4428152492668622,Pr,14,2
core,RandomForest,0.3077749526446931,0.0626629067046958,0.08400608769290006,0.43813016318214215,Pr,14,2
rheology_enhanced,GradientBoosting,0.256319234490165,0.06411140211314956,0.08707237270161403,0.5076979472140762,Pr,14,2
rheology_enhanced,XGBoost,0.23443927698217648,0.06492507882416249,0.08834397300759132,0.51251031284813,Pr,14,2
core,XGBoost,0.19731881295419795,0.06491930755972863,0.09046042975323204,0.48648153444167985,Pr,14,2
core,GradientBoosting,0.18405510023695237,0.0633302769934652,0.09120476329694317,0.5356062711524449,Pr,14,2
engineered,GradientBoosting,0.15018006400901474,0.07041931219891182,0.0930787542246568,0.4912023460410556,Pr,14,2
engineered,XGBoost,0.0916795993341133,0.06943260310590267,0.09622914757954056,0.49747960982468703,Pr,14,2
core,SVR_RBF,-0.264424279678096,0.08101838074788437,0.11353598126698047,0.26429618768328444,Pr,14,2
rheology_enhanced,SVR_RBF,-0.27838328516860633,0.07972398263701885,0.11416096897129757,0.28042521994134895,Pr,14,2
engineered,SVR_RBF,-0.3244994403806869,0.0811286760517766,0.11620183708875423,0.23973607038123165,Pr,14,2
engineered,LinearRegression,-2.514511791478971,0.10111046822790587,0.18928648513345114,0.5872434017595308,Pr,14,2
rheology_enhanced,LinearRegression,-3.000423000260297,0.10957041709313636,0.20194823520424177,0.5381231671554252,Pr,14,2
rheology_enhanced,XGBoost,0.4797802565549203,0.05725649391114712,0.07577279831504263,0.5049042096563973,Pr,14,3
core,XGBoost,0.42388160212298576,0.0570594048500061,0.07973991769250023,0.5289802263481254,Pr,14,3
rheology_enhanced,RandomForest,0.41883544082427837,0.06018977633101835,0.08008837316936904,0.49862512295206135,Pr,14,3
engineered,XGBoost,0.3706000838701393,0.06369133074581623,0.08334571012958877,0.4266202236276093,Pr,14,3
engineered,RandomForest,0.36621752329120105,0.06474818646660048,0.08363537809085721,0.49202567279534287,Pr,14,3
rheology_enhanced,GradientBoosting,0.35486686946116963,0.0672501335053231,0.08438098362790525,0.4000366686529625,Pr,14,3
core,GradientBoosting,0.3454304772715233,0.05987186822665129,0.08499586559217884,0.5413458012467914,Pr,14,3
core,RandomForest,0.3288509720134102,0.0638855791997354,0.0860655589626186,0.4602126879354603,Pr,14,3
engineered,GradientBoosting,0.2792607712790315,0.06914273013070497,0.08918852697571386,0.37965170207122023,Pr,14,3
core,SVR_RBF,0.17573198913296917,0.07175831426339344,0.09537930064099047,0.41246563479490367,Pr,14,3
engineered,SVR_RBF,0.13412150147617108,0.07157622871999168,0.09775711778454756,0.40109991508055526,Pr,14,3
core,LinearRegression,0.11689149081801875,0.07212873506401245,0.09872495526426286,0.5204399720812141,Pr,14,3
rheology_enhanced,SVR_RBF,0.07992066197433567,0.07350009835230129,0.10077029962948171,0.4087992735967268,Pr,14,3
engineered,LinearRegression,-0.5433048133909892,0.09441869880154713,0.13051059398525144,0.3952337371634722,Pr,14,3
rheology_enhanced,LinearRegression,-0.7691422475601568,0.09687204165908203,0.13973374146694997,0.3561869904028879,Pr,14,3
rheology_enhanced,RandomForest,0.37179613734317074,0.05972873034662117,0.07976372864454924,0.5280909196407234,Pr,14,4
engineered,GradientBoosting,0.37025340270143214,0.0608120633477491,0.07986160993636578,0.49014755956934886,Pr,14,4
engineered,RandomForest,0.36411088062203045,0.061271573040674564,0.08025014819743492,0.5330400535630765,Pr,14,4
core,RandomForest,0.3515238199945122,0.060253062954695805,0.0810405090204234,0.4914306683640331,Pr,14,4
engineered,XGBoost,0.346918801637389,0.06125283849239349,0.08132774612112421,0.5352396686396779,Pr,14,4
rheology_enhanced,GradientBoosting,0.3431475777414741,0.0640767410841988,0.08156222205318092,0.48666483569806335,Pr,14,4
core,LinearRegression,0.3139271532162826,0.05754974664312759,0.08335665177093468,0.6303730207026892,Pr,14,4
rheology_enhanced,XGBoost,0.31305552969703343,0.06350334304571152,0.08340958533095266,0.5467461044912925,Pr,14,4
core,XGBoost,0.3107802502432706,0.06338472332060337,0.08354760465964511,0.5297460834430499,Pr,14,4
core,GradientBoosting,0.2677571600459643,0.06479410839467781,0.08611577472894838,0.4917972708768,Pr,14,4
rheology_enhanced,SVR_RBF,0.16218191253027592,0.06837248879008267,0.09211492697571348,0.49729630856830354,Pr,14,4
engineered,SVR_RBF,0.08905469494837204,0.07356092392741502,0.09605086870588447,0.4714508314182369,Pr,14,4
core,SVR_RBF,0.04629052892544494,0.0766957554001381,0.09827955783800302,0.49802951359383735,Pr,14,4
engineered,LinearRegression,-0.15174895462103466,0.0808436048488746,0.10800256242725687,0.42397580601492296,Pr,14,4
rheology_enhanced,LinearRegression,-102.77749123320554,0.31983936006907426,1.0251955914575008,0.5119604090789796,Pr,14,4
core,LinearRegression,0.2569107136480967,0.04649257241542792,0.06070522366297811,0.5656676771993309,Pr,14,5
rheology_enhanced,SVR_RBF,0.09671486908196458,0.052918193526472736,0.06692956375911382,0.3359912029508663,Pr,14,5
core,GradientBoosting,0.09166552778582737,0.05499730178864412,0.06711637035583273,0.4348304307974336,Pr,14,5
engineered,SVR_RBF,0.08267608275444094,0.05291219195243768,0.06744766544977059,0.27971771724114675,Pr,14,5
engineered,RandomForest,0.07932192141186456,0.05769435685350523,0.06757086289634091,0.3227935124912578,Pr,14,5
rheology_enhanced,RandomForest,0.07493818176873124,0.057306999007936385,0.0677315386608377,0.27238566698580874,Pr,14,5
core,XGBoost,0.061263045516381176,0.05595060035586358,0.06823033773630599,0.43771198277220347,Pr,14,5
rheology_enhanced,GradientBoosting,0.05405448383212996,0.058669276535999376,0.0684918071442503,0.377268560953254,Pr,14,5
core,RandomForest,0.04054962108384874,0.05761010367063489,0.06897898871927644,0.3246562786434464,Pr,14,5
core,SVR_RBF,0.026007476362959858,0.056394434909556534,0.0694997712691652,0.2969480353411912,Pr,14,5
rheology_enhanced,XGBoost,0.008892285587732363,0.05846465221047402,0.07010774396325471,0.35505453361474526,Pr,14,5
engineered,GradientBoosting,-0.03557447680529413,0.061439162373654314,0.0716632058996404,0.40142975147975846,Pr,14,5
engineered,XGBoost,-0.08069395118219536,0.06267835430800915,0.07320772719860015,0.3209604999274233,Pr,14,5
rheology_enhanced,LinearRegression,-210.36414388181768,0.32158262095256995,1.023814370459308,-0.037576757558607524,Pr,14,5
engineered,LinearRegression,-2512.186182037357,0.9444609664008758,3.53035107023594,0.05755659450440373,Pr,14,5
engineered,RandomForest,0.29390547495605135,0.06356871953538365,0.08513861441532275,0.5673173885067819,Pr,15,1
rheology_enhanced,RandomForest,0.2913991931058898,0.061819088210979034,0.08528958028643611,0.5412886101003318,Pr,15,1
core,RandomForest,0.2635222276126783,0.06595837202380946,0.08695107945814115,0.48739804072359705,Pr,15,1
rheology_enhanced,GradientBoosting,0.23272662122735277,0.0658935026521992,0.08875037996832251,0.5266245095896557,Pr,15,1
engineered,GradientBoosting,0.21649966833790357,0.06728086263682218,0.08968395421437873,0.5332233548194599,Pr,15,1
engineered,XGBoost,0.20209070714081312,0.06607148018479347,0.09050486346210657,0.5631014596099626,Pr,15,1
core,LinearRegression,0.195821501994634,0.06365535628295667,0.09085971796084062,0.5845477066068264,Pr,15,1
core,GradientBoosting,0.19200038107620476,0.06277982913097166,0.09107532589240512,0.5431714023831349,Pr,15,1
core,XGBoost,0.1380211449537172,0.06537374579906464,0.09406833609246708,0.5996333638863429,Pr,15,1
rheology_enhanced,XGBoost,0.11505112110094351,0.06911294242739678,0.09531346272005325,0.5218586769236859,Pr,15,1
core,SVR_RBF,-0.07429055367212811,0.07861737524769796,0.10501613594754297,0.3796169019701277,Pr,15,1
rheology_enhanced,SVR_RBF,-0.09671917484454173,0.07833449670454974,0.10610671623430337,0.4274585298862085,Pr,15,1
engineered,SVR_RBF,-0.17736410621207788,0.08145923531954266,0.1099386884832629,0.3508386047179259,Pr,15,1
engineered,LinearRegression,-0.7359049925573942,0.09306210457855918,0.13349288902547804,0.29163229890607106,Pr,15,1
rheology_enhanced,LinearRegression,-179.39383356885398,0.41198812441503807,1.3608366586283545,0.1246448543407469,Pr,15,1
core,XGBoost,0.4744478715860173,0.041747004002332694,0.052032225929303746,0.5624942899693666,Pr,15,2
core,GradientBoosting,0.4675519840589457,0.04073137806535047,0.05237247670199209,0.5582462779036449,Pr,15,2
rheology_enhanced,RandomForest,0.46547787120537876,0.04376922056878285,0.05247438415848543,0.4735105487445494,Pr,15,2
core,RandomForest,0.4095050019102535,0.04670592311507922,0.0551534415363978,0.5013753981244155,Pr,15,2
engineered,RandomForest,0.39475806899213295,0.048321169725528926,0.055837891412215346,0.48010999890126793,Pr,15,2
rheology_enhanced,XGBoost,0.3465179232186688,0.0485116880685091,0.058020483823145286,0.48803740236213844,Pr,15,2
rheology_enhanced,SVR_RBF,0.33689702202913097,0.048516821705164345,0.058446027067811226,0.39560037328328984,Pr,15,2
core,SVR_RBF,0.3365993318858097,0.0480315000135738,0.05845914482965005,0.41026581807599755,Pr,15,2
engineered,XGBoost,0.33366665584116983,0.04920082020759582,0.058588216661827994,0.4711705950678797,Pr,15,2
engineered,SVR_RBF,0.32074468549083135,0.0482061663750826,0.05915357928801691,0.4614115567905656,Pr,15,2
engineered,GradientBoosting,0.30770609341430244,0.048335597687710556,0.05971861957450906,0.519020994022244,Pr,15,2
rheology_enhanced,GradientBoosting,0.2771541528158018,0.05069529872264694,0.06102212832434626,0.47763109644297774,Pr,15,2
core,LinearRegression,0.21914409132084234,0.049201888710456686,0.06342346370191852,0.5244729693992086,Pr,15,2
engineered,LinearRegression,-0.13172970865418354,0.06060075312292014,0.07635471562031249,0.45151238155548795,Pr,15,2
rheology_enhanced,LinearRegression,-217.17479418343805,0.414552774590845,1.0601487196335249,0.28175985807989645,Pr,15,2
rheology_enhanced,RandomForest,0.4275763893231662,0.06382675978911129,0.07972795809302095,0.4559120149933002,Pr,15,3
engineered,RandomForest,0.38804105417009016,0.0669561009762806,0.08243526077093363,0.472777276504914,Pr,15,3
core,RandomForest,0.3458438000294006,0.06743663318828172,0.08523002250850847,0.46488815548221496,Pr,15,3
core,GradientBoosting,0.3081852640210485,0.0718482703798919,0.08764896183138139,0.49986246733339046,Pr,15,3
core,XGBoost,0.3051438207564806,0.0713985556513071,0.08784141725376542,0.4395121071162972,Pr,15,3
rheology_enhanced,XGBoost,0.29396165037083266,0.07377155938744544,0.08854540276202084,0.4674122303990503,Pr,15,3
engineered,XGBoost,0.2488624700314609,0.07843752360343932,0.0913296099827209,0.4780456523889091,Pr,15,3
rheology_enhanced,GradientBoosting,0.24716773873630715,0.07542602199854873,0.09143258176648143,0.4503620882428974,Pr,15,3
engineered,GradientBoosting,0.22141942433384243,0.07865324870926017,0.09298302148094796,0.4446787075241798,Pr,15,3
core,LinearRegression,0.20713545030991742,0.06943901342824965,0.09383208621242035,0.6141155006946344,Pr,15,3
core,SVR_RBF,-0.0029377119889715253,0.08738511262189586,0.10553313826599726,0.26617782298764453,Pr,15,3
rheology_enhanced,SVR_RBF,-0.045027020789033534,0.08578188986146297,0.10772478404987694,0.32722273693729026,Pr,15,3
engineered,SVR_RBF,-0.15167690475900497,0.0896467838910939,0.11308817643667067,0.2810265858402611,Pr,15,3
engineered,LinearRegression,-0.29921701178911175,0.0993791627044894,0.12011374873207568,0.2500458337156661,Pr,15,3
rheology_enhanced,LinearRegression,-0.9354689509469125,0.11511725076635743,0.14660371529733912,0.25261228655438994,Pr,15,3
engineered,GradientBoosting,0.42925877712013705,0.056239017317444503,0.07577354017935366,0.4785995804171914,Pr,15,4
engineered,RandomForest,0.42620064509388833,0.053138631820436405,0.07597627296175952,0.5598020369950605,Pr,15,4
rheology_enhanced,RandomForest,0.4226919148970507,0.05264024289021163,0.07620821288445068,0.5557694093546244,Pr,15,4
engineered,XGBoost,0.4204993152883352,0.05782317776978016,0.07635279404308734,0.43240766380856177,Pr,15,4
rheology_enhanced,GradientBoosting,0.38883323699972727,0.059923372260626134,0.0784111496567815,0.46705160126503403,Pr,15,4
core,RandomForest,0.3786367963388899,0.05800567245370351,0.07906253281821037,0.4498212831649896,Pr,15,4
rheology_enhanced,XGBoost,0.3700382421334265,0.060724954143166546,0.07960769522780634,0.39354779745527,Pr,15,4
core,LinearRegression,0.3560561724168787,0.0557284841903784,0.08048629754043782,0.6664833682102291,Pr,15,4
core,GradientBoosting,0.2787074590891093,0.06452997034071126,0.08518314649382504,0.516542940488566,Pr,15,4
core,XGBoost,0.2524879518348677,0.0665905292034149,0.08671756128329335,0.46975252062328143,Pr,15,4
engineered,LinearRegression,-0.03771948532357072,0.07717975197250272,0.10217342299177566,0.31362844967208525,Pr,15,4
core,SVR_RBF,-0.10142772603169736,0.07254263355959226,0.10526305248681136,0.2513060225017118,Pr,15,4
rheology_enhanced,SVR_RBF,-0.25260983485541066,0.07588612200220884,0.11225504442699949,0.23755842827295295,Pr,15,4
engineered,SVR_RBF,-0.4045888577298078,0.0786575558215864,0.11887008327157154,0.22527724409526168,Pr,15,4
rheology_enhanced,LinearRegression,-1.0410677550555234,0.09959711024472301,0.14329355863951915,0.0867014942693725,Pr,15,4
core,SVR_RBF,0.4433281405772137,0.05955690770363889,0.07768202090879335,0.653835581519771,Pr,15,5
core,XGBoost,0.42401776695144033,0.057493433058261864,0.07901788935558557,0.6414229636598239,Pr,15,5
rheology_enhanced,SVR_RBF,0.4113261617378279,0.06287979623315833,0.07988371418793448,0.6868298076687922,Pr,15,5
engineered,SVR_RBF,0.3666840714391273,0.06294279299055314,0.08285735910801735,0.591329853093014,Pr,15,5
core,RandomForest,0.35271809796973264,0.0632758381245489,0.08376596839702415,0.5855715488898084,Pr,15,5
rheology_enhanced,RandomForest,0.33308084800040316,0.06425351570767163,0.08502712137090372,0.5398222000492643,Pr,15,5
rheology_enhanced,XGBoost,0.32994362170696245,0.06781991109251975,0.08522687298594739,0.5343231623577607,Pr,15,5
engineered,RandomForest,0.32834320037763454,0.06502809974371679,0.08532859394564918,0.5603519407642108,Pr,15,5
core,GradientBoosting,0.3254041243488086,0.062232796850820254,0.08551508314025671,0.6231551955781024,Pr,15,5
engineered,XGBoost,0.28971922794804295,0.06733312618732451,0.0877477340912625,0.5262579070768888,Pr,15,5
rheology_enhanced,GradientBoosting,0.1799930728995176,0.07125974824525443,0.09428218570411873,0.4868927589367554,Pr,15,5
engineered,GradientBoosting,0.15268558333560234,0.07134225817213583,0.09583919988679888,0.5120073327222733,Pr,15,5
core,LinearRegression,0.14517156966542477,0.06937373060666448,0.09626321459372673,0.5948125769642997,Pr,15,5
rheology_enhanced,LinearRegression,-1314.3367357835682,0.991499390356979,3.7760640850117038,0.6994775943592504,Pr,15,5
engineered,LinearRegression,-5485.455392206693,1.9775953490120621,7.711996214402857,0.5376225849726628,Pr,15,5
core,LinearRegression,0.3433316351094773,0.06027869253407948,0.08098051392655833,0.6373968943030579,Pr,16,1
rheology_enhanced,RandomForest,0.2662667997246563,0.06636254592427226,0.08560055227313972,0.457378559472571,Pr,16,1
engineered,RandomForest,0.20835565981779747,0.06809157808366412,0.08891448899783672,0.4736938668044583,Pr,16,1
rheology_enhanced,GradientBoosting,0.197525446214042,0.06978477445083067,0.08952062720054618,0.4820790193505796,Pr,16,1
core,RandomForest,0.19058815748963442,0.06883864481496493,0.08990674164065011,0.3618698502600622,Pr,16,1
rheology_enhanced,XGBoost,0.1843231166589775,0.07035116401314735,0.0902540207486842,0.4414298882605014,Pr,16,1
core,XGBoost,0.17586542914786585,0.06826828034222127,0.09072073235899605,0.40526171221694474,Pr,16,1
engineered,GradientBoosting,0.17222112773015874,0.07208242248762911,0.09092109345282404,0.39829498746496833,Pr,16,1
core,GradientBoosting,0.15466755326124315,0.06747882292406837,0.09188005591332281,0.47721230599944303,Pr,16,1
engineered,XGBoost,0.10192840655309865,0.07231634092330932,0.09470283085450011,0.4023831414999171,Pr,16,1
rheology_enhanced,SVR_RBF,-0.3782180555114183,0.08201867844250928,0.1173184857645695,0.24931256147603068,Pr,16,1
engineered,SVR_RBF,-0.46793613833211256,0.08589648591924219,0.1210768357415144,0.2590284186511995,Pr,16,1
core,SVR_RBF,-0.520657610980976,0.09108821922797326,0.12323191610833714,0.2559120116327492,Pr,16,1
rheology_enhanced,LinearRegression,-17630.504482923006,4.144861632537692,13.26942692926444,0.3490375860664429,Pr,16,1
engineered,LinearRegression,-19569.091652961466,4.3506822414671715,13.979895051021922,0.4271310795876114,Pr,16,1
engineered,RandomForest,0.33806126403439574,0.0549101929976852,0.06485589496719049,0.459719551009696,Pr,16,2
engineered,SVR_RBF,0.33200204251592647,0.054491846639336435,0.06515205608010789,0.465401889957583,Pr,16,2
rheology_enhanced,RandomForest,0.326533945780179,0.05461540405919321,0.0654181733986289,0.4544038145745759,Pr,16,2
core,SVR_RBF,0.3127558410004889,0.05687226736499598,0.06608396419567229,0.46851801131610166,Pr,16,2
core,LinearRegression,0.29405371111643963,0.05531312470884348,0.06697710754510001,0.5605352420205942,Pr,16,2
rheology_enhanced,SVR_RBF,0.22517793366958838,0.05743253411797532,0.0701683959760226,0.4707176263927031,Pr,16,2
core,RandomForest,0.21959815015109985,0.05848842516308928,0.07042059717454908,0.4067454879148785,Pr,16,2
engineered,XGBoost,0.17299717887242483,0.05947125594317913,0.07249266305203174,0.42965814496280996,Pr,16,2
engineered,GradientBoosting,0.14932282477297842,0.06096288747540171,0.0735229541505399,0.3856658434307817,Pr,16,2
core,GradientBoosting,0.1172813103537923,0.06357787740729799,0.07489480933440545,0.44692942254812107,Pr,16,2
rheology_enhanced,XGBoost,0.09290145096044888,0.06249172504246235,0.07592202701797497,0.3469892783338734,Pr,16,2
rheology_enhanced,GradientBoosting,0.04262384711331224,0.06370959243787497,0.07799771165725224,0.31729447479975426,Pr,16,2
core,XGBoost,-0.05648611337619314,0.06769018073379994,0.0819355654191154,0.3439046746104492,Pr,16,2
engineered,LinearRegression,-0.3514577235466485,0.07665903306749682,0.0926705607253212,0.29474842026458975,Pr,16,2
rheology_enhanced,LinearRegression,-1.451850114850235,0.09555562348139751,0.12482095968737104,0.2852167549326503,Pr,16,2
rheology_enhanced,RandomForest,0.5048233563843163,0.055396179852844105,0.07529716970735251,0.6451612903225806,Pr,16,3
engineered,XGBoost,0.47790653170840336,0.05599067547917365,0.07731659261850389,0.6283567068824712,Pr,16,3
rheology_enhanced,XGBoost,0.4722952141795257,0.0570615976601839,0.07773097096322563,0.5850976103759767,Pr,16,3
engineered,RandomForest,0.46179210924956615,0.059240422002765906,0.07850071394912737,0.6722873900293255,Pr,16,3
rheology_enhanced,GradientBoosting,0.45281752809040543,0.058218275932332905,0.07915250515834128,0.593108504398827,Pr,16,3
engineered,GradientBoosting,0.4395730063721466,0.057898698744309945,0.08010471856477669,0.5764824513259544,Pr,16,3
core,GradientBoosting,0.31344064616459744,0.06825618342771345,0.08866201974965711,0.5631530800399752,Pr,16,3
core,SVR_RBF,0.26541168414474536,0.06860023514119289,0.09171082165141237,0.4725073313782991,Pr,16,3
core,XGBoost,0.2569411909634979,0.0707116014510393,0.09223806206610209,0.5616865355607044,Pr,16,3
core,RandomForest,0.21653125797496997,0.07420274958664022,0.09471296082001175,0.4284143060069734,Pr,16,3
engineered,SVR_RBF,0.21569887214246208,0.06578933341818169,0.09476326071942659,0.5997067448680352,Pr,16,3
rheology_enhanced,SVR_RBF,0.209761038212952,0.06506190597597489,0.09512130400688938,0.6015395894428153,Pr,16,3
core,LinearRegression,0.15078411782770962,0.07454176485287639,0.0986069736660958,0.5894428152492668,Pr,16,3
engineered,LinearRegression,-2.4397430166155654,0.11750942176698803,0.1984547851207909,0.5370234604105572,Pr,16,3
rheology_enhanced,LinearRegression,-970.353338443791,1.0408690498788082,3.334933626483648,0.6026392961876833,Pr,16,3
engineered,GradientBoosting,0.34640706079971784,0.06052579710185528,0.07760833054598214,0.44762166808838816,Pr,16,4
rheology_enhanced,GradientBoosting,0.33253795366807093,0.060378785177733194,0.0784274244747571,0.47896618292995835,Pr,16,4
rheology_enhanced,XGBoost,0.32792396169894233,0.059328005731105804,0.07869803184018083,0.48703143821083017,Pr,16,4
engineered,XGBoost,0.327101769465171,0.05819428832828999,0.07874615521433816,0.5046283588236415,Pr,16,4
rheology_enhanced,RandomForest,0.2751273514230529,0.05699038458994686,0.08173075708204416,0.4380900027564487,Pr,16,4
core,RandomForest,0.23201927495546382,0.0586986414103833,0.08412591976057764,0.340788267644363,Pr,16,4
engineered,RandomForest,0.2315758177337588,0.060460574322089705,0.08415020478592147,0.46411878116289884,Pr,16,4
core,XGBoost,0.2260054982717059,0.057887015268206596,0.08445465714242127,0.45407882676443634,Pr,16,4
core,LinearRegression,0.13635883770220802,0.06211140095360627,0.08921160072571396,0.43937311155113284,Pr,16,4
core,GradientBoosting,0.13276553783500278,0.060450741578421195,0.0893969967564985,0.362878093492209,Pr,16,4
rheology_enhanced,SVR_RBF,0.047606406156254666,0.06840784692137117,0.09368345483124692,0.2855833574454172,Pr,16,4
core,SVR_RBF,0.025702802353065657,0.071153718620484,0.09475461952220086,0.25222252878362905,Pr,16,4
engineered,SVR_RBF,-0.010897297565203745,0.07079181467376854,0.09651797090282495,0.15085693400358044,Pr,16,4
rheology_enhanced,LinearRegression,-0.04273350268561793,0.06923049215709492,0.09802601077651062,0.3968472200701722,Pr,16,4
engineered,LinearRegression,-0.10643220375706686,0.07490841228346491,0.10097574574957027,0.31546146223591975,Pr,16,4
core,XGBoost,0.5039599850686652,0.0528879946321249,0.0722224187805249,0.8287809488478932,Pr,16,5
core,RandomForest,0.4978065941856512,0.05379653902116411,0.072668998697883,0.7543538165249017,Pr,16,5
rheology_enhanced,RandomForest,0.49752839646311586,0.05252858990575386,0.07268912396305849,0.7006416249716096,Pr,16,5
engineered,RandomForest,0.4677336819546183,0.056295353794642726,0.07481318868195189,0.7191567490224032,Pr,16,5
core,GradientBoosting,0.44571138912679675,0.05357808041454494,0.07634518481606413,0.8320806739262523,Pr,16,5
rheology_enhanced,XGBoost,0.3829902042072777,0.05972595749795437,0.08054891647034201,0.6786434577825483,Pr,16,5
core,LinearRegression,0.37261753087446714,0.05455970607787648,0.08122315644374589,0.7065078028886927,Pr,16,5
engineered,XGBoost,0.3706017038294097,0.05958955539762974,0.08135353984915672,0.6962419915337975,Pr,16,5
rheology_enhanced,GradientBoosting,0.3410646221665321,0.06211078497854376,0.0832405777379441,0.6593950614921193,Pr,16,5
engineered,GradientBoosting,0.3342855872828413,0.06237102227340845,0.08366766579615142,0.6720440076258297,Pr,16,5
rheology_enhanced,SVR_RBF,0.04543529175795846,0.07285089694124575,0.10018815064280268,0.5081576620673214,Pr,16,5
core,SVR_RBF,0.02638496274104052,0.07610267764778579,0.10118294358910872,0.5158570205834928,Pr,16,5
engineered,SVR_RBF,0.005595325405686635,0.07545389589045992,0.10225751906536917,0.5041246647493267,Pr,16,5
rheology_enhanced,LinearRegression,-0.028498234961464197,0.07683650562719296,0.10399571581847779,0.5549037673440771,Pr,16,5
engineered,LinearRegression,-0.20429415022246245,0.08499539299184836,0.11253301679187275,0.45829514977211516,Pr,16,5
rheology_enhanced,RandomForest,0.4164079776543803,0.049843252487674315,0.07375019156778587,0.6087992769572779,Pr,17,1
engineered,RandomForest,0.37242780504246176,0.05140524785052886,0.07647866992086161,0.6463794792385913,Pr,17,1
engineered,GradientBoosting,0.35377315580000956,0.05054477316028741,0.07760701452062609,0.6986891586784785,Pr,17,1
rheology_enhanced,GradientBoosting,0.3368935657029771,0.05320853147344537,0.07861403730658048,0.663488865194808,Pr,17,1
rheology_enhanced,XGBoost,0.30581425940404083,0.05346032103896141,0.08043523291703003,0.6328139428053366,Pr,17,1
engineered,XGBoost,0.28002927233047403,0.051830670416355126,0.08191546467607624,0.6870760885383552,Pr,17,1
core,RandomForest,0.24831217951561102,0.05598441166501292,0.08370034271451736,0.4396369988220916,Pr,17,1
core,LinearRegression,0.176260318801723,0.06087213389947645,0.08762004525639915,0.6364803040035136,Pr,17,1
core,SVR_RBF,0.02335599547117506,0.06894901885616989,0.09540620555576347,0.4652612360486514,Pr,17,1
engineered,SVR_RBF,-0.05199596202101375,0.07091550125108927,0.09901831141183634,0.4731439126247317,Pr,17,1
rheology_enhanced,SVR_RBF,-0.05308401943148322,0.06764981536236242,0.09906950446204807,0.47717690994272643,Pr,17,1
engineered,LinearRegression,-0.14757119868848423,0.07265783321732258,0.1034185154955419,0.49349221727461373,Pr,17,1
core,XGBoost,-0.14795653828733113,0.06899431200325488,0.10343587733962516,0.28951228456178957,Pr,17,1
core,GradientBoosting,-0.24529862251687318,0.07053227523479946,0.10773212674235938,0.36230289695636236,Pr,17,1
rheology_enhanced,LinearRegression,-0.2817693674863979,0.07636211921660715,0.10929830417126735,0.30687443228740835,Pr,17,1
rheology_enhanced,GradientBoosting,0.2988529095542046,0.06340109674961908,0.07982551222107938,0.42973691627980937,Pr,17,2
core,LinearRegression,0.2711885471478743,0.056589000544178474,0.08138506979140414,0.5545371312242594,Pr,17,2
engineered,RandomForest,0.23113734386066087,0.061665019965277776,0.08359138667845109,0.39596700940310753,Pr,17,2
rheology_enhanced,RandomForest,0.22580298819438804,0.0600614037698412,0.08388086324016865,0.4245646267488875,Pr,17,2
engineered,GradientBoosting,0.2226129769942905,0.06650920927344792,0.08405349747900895,0.37015308616422143,Pr,17,2
core,GradientBoosting,0.20693805460979853,0.06256141785079314,0.0848966789247337,0.5072875628610206,Pr,17,2
core,RandomForest,0.1872875101960645,0.06349280605158726,0.0859420310232391,0.4526537740165739,Pr,17,2
rheology_enhanced,XGBoost,0.18306155009776237,0.06527579857409001,0.08616518293381481,0.39981668866119335,Pr,17,2
engineered,XGBoost,0.12851233827009778,0.06799087661504746,0.08899544261229934,0.4091659097165445,Pr,17,2
core,XGBoost,0.11315471888017659,0.06616174221038819,0.08977617039324574,0.4613127979464614,Pr,17,2
core,SVR_RBF,-0.10687771490833486,0.07539856849669627,0.10029677478763367,0.3422548178498157,Pr,17,2
rheology_enhanced,SVR_RBF,-0.39838336800465735,0.07714163144857034,0.11273279401464031,0.32245646737966027,Pr,17,2
engineered,SVR_RBF,-0.4680351615864631,0.08303046770698341,0.11550622084066715,0.26801100358673297,Pr,17,2
engineered,LinearRegression,-0.6224048763751997,0.09052435262299996,0.12142741995573883,0.29404216809378914,Pr,17,2
rheology_enhanced,LinearRegression,-2.207793821305892,0.11017925595146127,0.17074200192763234,0.0839596714382515,Pr,17,2
rheology_enhanced,RandomForest,0.42696434456367693,0.05808984693287035,0.07954757881298082,0.5170928442577162,Pr,17,3
engineered,RandomForest,0.4140173795234767,0.05967587830687823,0.08044119443538189,0.5623682545844287,Pr,17,3
engineered,XGBoost,0.35535051949561913,0.0648599436581135,0.08437192566318598,0.5162709710938325,Pr,17,3
core,XGBoost,0.3454983770477412,0.06421603618562223,0.08501420672447309,0.5759076004394592,Pr,17,3
core,RandomForest,0.343015779473156,0.06797420473710303,0.085175288297775,0.5076076993583868,Pr,17,3
core,GradientBoosting,0.32889226847760245,0.06774160525677832,0.0860859475084283,0.5676047324241851,Pr,17,3
rheology_enhanced,GradientBoosting,0.3173374154926968,0.0666672504199312,0.08682388067566595,0.48098249675017635,Pr,17,3
rheology_enhanced,XGBoost,0.3041968584385508,0.06785789896547796,0.0876555331202186,0.4742003502639887,Pr,17,3
core,LinearRegression,0.30245333837707145,0.06363878746469087,0.0877652865494438,0.6377050709580273,Pr,17,3
engineered,GradientBoosting,0.29603499312071657,0.06797788570485658,0.0881681399181389,0.549954170485793,Pr,17,3
engineered,LinearRegression,0.055393586649363336,0.07839204534631747,0.10213194149118518,0.5594354344822935,Pr,17,3
core,SVR_RBF,-0.045541406144159025,0.08236873581755644,0.10745008445313625,0.25222252878362905,Pr,17,3
rheology_enhanced,SVR_RBF,-0.05033590939184851,0.08372616831116284,0.10769616773929098,0.25295573380916286,Pr,17,3
engineered,SVR_RBF,-0.31593064573647145,0.09248725909854827,0.12054595539373016,0.1306937958014008,Pr,17,3
rheology_enhanced,LinearRegression,-5405.186609166188,1.9976889053722606,7.726479542816681,0.26761983431983893,Pr,17,3
core,GradientBoosting,0.560255226438338,0.04435513264698804,0.05422779762445507,0.7026308582092019,Pr,17,4
core,XGBoost,0.5433729608949347,0.04794107510149479,0.055258925472416065,0.6874140646719903,Pr,17,4
core,RandomForest,0.42852116162735143,0.053476933708363455,0.061818960781793185,0.5671860773579698,Pr,17,4
rheology_enhanced,SVR_RBF,0.40251765403962214,0.05331791986408575,0.06320976302329807,0.6135655465149079,Pr,17,4
engineered,SVR_RBF,0.38917526866471264,0.05363166835876072,0.06391163526340166,0.546654454648179,Pr,17,4
engineered,RandomForest,0.38660317692647417,0.05453861343344149,0.06404605508316381,0.6010999184411063,Pr,17,4
rheology_enhanced,RandomForest,0.37389369360970803,0.05492553134018757,0.06470616523977117,0.5505041339062648,Pr,17,4
engineered,XGBoost,0.37002689579154524,0.05573731730878353,0.06490566852722911,0.609715867256822,Pr,17,4
rheology_enhanced,XGBoost,0.35684615720647017,0.05606501805782318,0.06558115450177864,0.5934005599249348,Pr,17,4
engineered,GradientBoosting,0.2862734437228337,0.059614385985774024,0.0690856028240353,0.5433547295698198,Pr,17,4
rheology_enhanced,GradientBoosting,0.28093744278848043,0.05889317800491928,0.06934337268596615,0.581813184220979,Pr,17,4
core,LinearRegression,0.27374010355856204,0.05730821466491095,0.06968954917548081,0.5941338321645702,Pr,17,4
engineered,LinearRegression,0.24612734217222376,0.05408665325817081,0.07100200609280426,0.5989001017222002,Pr,17,4
core,SVR_RBF,0.2017408149805664,0.060557699248094725,0.07306234136422267,0.5019248480304206,Pr,17,4
rheology_enhanced,LinearRegression,-0.008187771035844893,0.06664459927032886,0.08210929741442369,0.4278643518272468,Pr,17,4
rheology_enhanced,XGBoost,0.501045693339665,0.06007395645976067,0.07516442508899498,0.5406891495601173,Pr,17,5
rheology_enhanced,RandomForest,0.4867818385570446,0.06105886235119046,0.07623123584301696,0.5568692168929251,Pr,17,5
rheology_enhanced,GradientBoosting,0.48091391656112326,0.05868901789424845,0.07666579527832876,0.5788653676589395,Pr,17,5
engineered,XGBoost,0.4701442413619106,0.0639781923443079,0.07745701950787934,0.5649344721737971,Pr,17,5
engineered,GradientBoosting,0.4358174827961856,0.060261268007930545,0.07992667829771305,0.5524699867397224,Pr,17,5
engineered,RandomForest,0.396731595927024,0.06797932882771168,0.08264893129129718,0.530425219941349,Pr,17,5
core,XGBoost,0.3068354222627665,0.06790156620740892,0.08859314779656947,0.5385532792895049,Pr,17,5
core,SVR_RBF,0.2692447354902874,0.06647704314029154,0.09096366050378309,0.5032991202346041,Pr,17,5
engineered,SVR_RBF,0.24855695942111722,0.07071939287641021,0.09224227075297271,0.5062316715542522,Pr,17,5
rheology_enhanced,SVR_RBF,0.2479824029508192,0.06986102868254003,0.09227752842641425,0.5260263929618768,Pr,17,5
core,GradientBoosting,0.14596452384948566,0.07384995107106107,0.09833766864060553,0.5401540517191601,Pr,17,5
core,LinearRegression,0.14123965814602657,0.06869863429848307,0.0986093150941325,0.5810117302052785,Pr,17,5
core,RandomForest,0.06511636031963042,0.07680486875826706,0.10288705400743237,0.44627799113524635,Pr,17,5
rheology_enhanced,LinearRegression,-112572.3434532202,11.186919516588452,35.70259099497932,0.25549853372434017,Pr,17,5
engineered,LinearRegression,-127452.19635471569,11.738757380323406,37.98895244869511,0.23423753665689148,Pr,17,5
rheology_enhanced,RandomForest,0.35878871033775706,0.059794706845238216,0.08109822273753493,0.46480938416422274,Pr,18,1
core,GradientBoosting,0.3566872049278862,0.06357461801490395,0.08123100965541984,0.43845660526921565,Pr,18,1
engineered,RandomForest,0.3549568963825209,0.059182424189814925,0.08134017919639622,0.46810850439882695,Pr,18,1
core,XGBoost,0.34236082146449287,0.06489892426133156,0.08213052438990016,0.4160938519904345,Pr,18,1
core,RandomForest,0.33771090764451384,0.06334534548611127,0.08242036962885807,0.5017415299705117,Pr,18,1
engineered,GradientBoosting,0.3348030704572371,0.06593345071715939,0.08260110831761679,0.469208211143695,Pr,18,1
engineered,XGBoost,0.31845553034238205,0.06574284833669664,0.08360992920257605,0.43401759530791784,Pr,18,1
rheology_enhanced,GradientBoosting,0.30882878499624045,0.06616585919496877,0.08419834945832651,0.3941338288040191,Pr,18,1
rheology_enhanced,XGBoost,0.3022507567757675,0.06653679151833058,0.08459806774880749,0.4945014662756597,Pr,18,1
core,LinearRegression,0.28458112588745743,0.06338722697556581,0.08566254113676051,0.6169354838709676,Pr,18,1
core,SVR_RBF,-0.047350554369826936,0.07874361597830376,0.10364701285933442,0.2730938416422287,Pr,18,1
rheology_enhanced,SVR_RBF,-0.1503674618219608,0.07968292570019465,0.10862481535665842,0.23277126099706744,Pr,18,1
engineered,SVR_RBF,-0.4041246998194792,0.08654757362789411,0.12000893900073926,0.2261730205278592,Pr,18,1
engineered,LinearRegression,-9.348818762812153,0.15899306936885893,0.3258038014291382,-0.006964809384164223,Pr,18,1
rheology_enhanced,LinearRegression,-12.239382576761823,0.17672952680243387,0.3685060502952609,0.06158357771260996,Pr,18,1
engineered,XGBoost,0.3409999054885683,0.04803066700696944,0.06051732021288084,0.44230593165326815,Pr,18,2
rheology_enhanced,XGBoost,0.3365618013876346,0.048225418895483,0.0607207583360173,0.4122823098075161,Pr,18,2
core,GradientBoosting,0.3231391643021353,0.049519362991712224,0.06133193166382796,0.46635497666913867,Pr,18,2
rheology_enhanced,RandomForest,0.2818901856209175,0.05110022218088606,0.06317312798996351,0.4582531409586283,Pr,18,2
rheology_enhanced,GradientBoosting,0.2818213594103671,0.05074790759290079,0.06317615528658647,0.40911174431672126,Pr,18,2
engineered,RandomForest,0.26638567008507963,0.053502688864087045,0.06385146309854108,0.5378058862290462,Pr,18,2
engineered,GradientBoosting,0.24857036694150658,0.0528832636105569,0.0646221062563617,0.40650779101741524,Pr,18,2
core,LinearRegression,0.22266743427134483,0.05015041131917528,0.0657264811071393,0.5654843759429474,Pr,18,2
core,XGBoost,0.2195758288069234,0.05323631861805915,0.06585705501841094,0.47960027485771,Pr,18,2
rheology_enhanced,SVR_RBF,0.2060135381984013,0.05109952248374344,0.0664268255971327,0.38144991453396226,Pr,18,2
engineered,SVR_RBF,0.20078497305630683,0.050769601203489556,0.06664518389913533,0.40949500676063033,Pr,18,2
core,RandomForest,0.20035188514448632,0.05381023321759239,0.06666323868628855,0.3799963393539571,Pr,18,2
core,SVR_RBF,-0.02481165491690218,0.05823453434584369,0.07546732878761885,0.3352579979253325,Pr,18,2
engineered,LinearRegression,-0.5882694296105151,0.07288939183678607,0.09395048764547101,0.4380900027564487,Pr,18,2
rheology_enhanced,LinearRegression,-1.4561246074479701,0.09443372701041755,0.11683209067320263,0.4527541032671248,Pr,18,2
rheology_enhanced,RandomForest,0.5007361145538158,0.05079853087797621,0.07467758705515024,0.6488864475974178,Pr,18,3
core,GradientBoosting,0.4570258071478689,0.05130809485538833,0.07787800091192078,0.7360652855664467,Pr,18,3
engineered,RandomForest,0.455054292120195,0.05560103178736771,0.0780192585734368,0.6628173430825601,Pr,18,3
core,XGBoost,0.442744606982853,0.054319915860891334,0.07889551960527917,0.6735423655569416,Pr,18,3
rheology_enhanced,XGBoost,0.44048617727665396,0.053706279322505004,0.07905523077319994,0.5616865261228231,Pr,18,3
rheology_enhanced,GradientBoosting,0.40941173232241324,0.05930874388914539,0.08122086460679126,0.5698047507669144,Pr,18,3
core,RandomForest,0.4084471310364076,0.05782479315476176,0.08128716611540765,0.6139321723189736,Pr,18,3
core,LinearRegression,0.40522899555141745,0.05874830455623152,0.08150797334631353,0.6800476611826045,Pr,18,3
engineered,GradientBoosting,0.3940838932845636,0.05888665283623139,0.08226809659169357,0.5418881759853347,Pr,18,3
engineered,XGBoost,0.3802641017749512,0.0572138062864542,0.08320099640498671,0.5131072410632448,Pr,18,3
core,SVR_RBF,-0.10111242825217426,0.08109353493391477,0.11090242254479417,0.3988635338903901,Pr,18,3
engineered,SVR_RBF,-0.231825622982885,0.0802510062531796,0.11730048760778873,0.4379067015000653,Pr,18,3
rheology_enhanced,SVR_RBF,-0.33382819562601984,0.08160600884890036,0.12206050080915216,0.4534873082926586,Pr,18,3
engineered,LinearRegression,-6.487865564222469,0.13848123095593737,0.28920394974731717,0.706259740845438,Pr,18,3
rheology_enhanced,LinearRegression,-64.25127368148544,0.27514618867269147,0.8537283381263999,0.6312895269846064,Pr,18,3
rheology_enhanced,RandomForest,0.5407317780517006,0.05077964905753951,0.06846222128094576,0.6164986354734494,Pr,18,4
core,XGBoost,0.5211900523239172,0.05163712203502656,0.06990357227088818,0.6970113678034471,Pr,18,4
rheology_enhanced,XGBoost,0.48472319475475834,0.0574871035218239,0.0725167086617317,0.6371803125130023,Pr,18,4
rheology_enhanced,SVR_RBF,0.48415086627962667,0.054555412607152624,0.07255697037990064,0.6086159588973691,Pr,18,4
engineered,RandomForest,0.4836614141524188,0.0563246882027115,0.0725913842629509,0.5970669211231118,Pr,18,4
engineered,GradientBoosting,0.4647141425614508,0.061405911570130055,0.07391127128545458,0.5923006515654817,Pr,18,4
rheology_enhanced,GradientBoosting,0.4519002362087252,0.05982351828171543,0.07479069950358666,0.6046383745267967,Pr,18,4
core,SVR_RBF,0.44877667453235914,0.06022491095488067,0.07500350882115384,0.5644363064593371,Pr,18,4
core,GradientBoosting,0.38950422929780926,0.0591808400541692,0.0789330923612319,0.6816473247262773,Pr,18,4
engineered,XGBoost,0.3838563864728066,0.061211583182215694,0.07929736629067163,0.6185151341324467,Pr,18,4
engineered,SVR_RBF,0.3781394804283461,0.06379465370027702,0.07966439831156755,0.5501374977864472,Pr,18,4
core,LinearRegression,0.31617592708489284,0.0602364121209598,0.08353913620477804,0.5939505141046614,Pr,18,4
core,RandomForest,0.19861337996932227,0.06428008461474863,0.09043547650922637,0.4300385181425582,Pr,18,4
rheology_enhanced,LinearRegression,-73550.60367438746,8.446620488542925,27.397684536450118,0.31934006036120993,Pr,18,4
engineered,LinearRegression,-123646.77437277953,10.928446532322312,35.52310662941195,0.3660861656379657,Pr,18,4
core,SVR_RBF,0.4429851518050041,0.06252976510190364,0.07435688432107496,0.6137488645748167,Pr,18,5
rheology_enhanced,GradientBoosting,0.4281452512183034,0.0595075624428348,0.07534087568124037,0.5476714338100478,Pr,18,5
rheology_enhanced,XGBoost,0.4180196823428932,0.05926957242190838,0.0760049620196551,0.5629697619800663,Pr,18,5
rheology_enhanced,RandomForest,0.41475625466067634,0.05426351674107138,0.07621776127372198,0.5796517054317714,Pr,18,5
engineered,XGBoost,0.40326003576892766,0.05956107540428638,0.0769627114278573,0.5767714755188909,Pr,18,5
engineered,RandomForest,0.39531175550623154,0.0556603051008597,0.07747356853041508,0.622914767570259,Pr,18,5
engineered,SVR_RBF,0.3772706467170567,0.06326722672041432,0.07862080140042234,0.5477543630076321,Pr,18,5
engineered,GradientBoosting,0.366311850702298,0.06004432736841109,0.07930956911903868,0.5844715397184438,Pr,18,5
rheology_enhanced,SVR_RBF,0.3537680365862752,0.0639313105762501,0.08009068630313756,0.5393217322518252,Pr,18,5
core,XGBoost,0.3452095235178756,0.06391724210977553,0.08061929106808204,0.5633079697279941,Pr,18,5
core,GradientBoosting,0.3072303165825564,0.06284001602012784,0.08292438031195204,0.5848693481292174,Pr,18,5
core,RandomForest,0.3069723548355422,0.0585823659474204,0.0829398178574773,0.5133376133035265,Pr,18,5
core,LinearRegression,0.21803674927196726,0.06288291964531811,0.0881010266650852,0.5809349318511332,Pr,18,5
engineered,LinearRegression,-0.47782933644843517,0.09922309747218314,0.1211155594156309,0.26232814372955876,Pr,18,5
rheology_enhanced,LinearRegression,-70.60163131571827,0.31631350806476227,0.8430420867710758,0.4278643518272468,Pr,18,5
rheology_enhanced,RandomForest,0.3778489213686067,0.05833523912863739,0.0807038380311982,0.5014662756598239,Pr,19,1
engineered,XGBoost,0.2938865170219753,0.06005279451608657,0.08597724245276273,0.5230938416422287,Pr,19,1
core,LinearRegression,0.2892720930846844,0.06468916344928705,0.08625771393630298,0.5711143695014662,Pr,19,1
rheology_enhanced,GradientBoosting,0.28729949411790456,0.06229662593268687,0.08637733353807399,0.48460410557184747,Pr,19,1
engineered,RandomForest,0.26982059560459326,0.06584430332341269,0.08743011492050327,0.46810850439882695,Pr,19,1
rheology_enhanced,XGBoost,0.2689375802016276,0.06212151469290256,0.08748296413222395,0.486114931928913,Pr,19,1
core,RandomForest,0.2517299874020902,0.06565656378141502,0.08850655367053684,0.3770506843807595,Pr,19,1
core,GradientBoosting,0.24898353487949454,0.06039043600131436,0.08866883226141437,0.49023743718256774,Pr,19,1
core,XGBoost,0.22942669041353658,0.063459961399436,0.08981590305448374,0.4312036096684366,Pr,19,1
engineered,GradientBoosting,0.21816731859877314,0.06423599037340534,0.09046970411931195,0.45916964724054554,Pr,19,1
rheology_enhanced,SVR_RBF,0.015303888550415756,0.07273439978670575,0.10153069784332196,0.3027859237536657,Pr,19,1
core,SVR_RBF,-0.016333764072160806,0.07608509889385608,0.10314886096978611,0.2807917888563049,Pr,19,1
engineered,SVR_RBF,-0.0671279102157285,0.07693253215234717,0.10569501364490293,0.2917888563049853,Pr,19,1
engineered,LinearRegression,-2.622007895905863,0.12194063116969694,0.19472466085370543,0.2723607038123167,Pr,19,1
rheology_enhanced,LinearRegression,-3.620748983191108,0.13497614018554938,0.2199391022717918,0.14809384164222872,Pr,19,1
core,XGBoost,0.4712555261275303,0.04751776315271856,0.06922396225111316,0.7767898098453722,Pr,19,2
core,GradientBoosting,0.40896608047105176,0.04711963543322751,0.0731879758473128,0.7941338355251213,Pr,19,2
rheology_enhanced,RandomForest,0.37247560156549386,0.057059487012987006,0.07541345554507112,0.5250229235789352,Pr,19,2
core,RandomForest,0.3402162768233886,0.05770696498842582,0.07732756448734954,0.5144376224748912,Pr,19,2
engineered,RandomForest,0.30392993649371347,0.06182945997925693,0.07942550982641364,0.4652612360486514,Pr,19,2
rheology_enhanced,XGBoost,0.26301440745917326,0.060697512403130545,0.08172652479694568,0.568102667657514,Pr,19,2
engineered,XGBoost,0.2138397013676937,0.06318659567832949,0.08440906452724492,0.547071227892044,Pr,19,2
core,LinearRegression,0.1590246764240093,0.05874681690789308,0.08730219427224002,0.5930339238051171,Pr,19,2
rheology_enhanced,GradientBoosting,0.043211738441269354,0.06614676846066025,0.09311967518379467,0.6071494144180982,Pr,19,2
engineered,GradientBoosting,0.0010239473402926524,0.0685411855168367,0.09515049937434394,0.5270394222379324,Pr,19,2
core,SVR_RBF,-0.2924724577729647,0.078556545223951,0.10822913358186996,0.3783684756518583,Pr,19,2
engineered,LinearRegression,-0.3248654561633313,0.0893879147965379,0.10957700387739418,0.31310724632430914,Pr,19,2
rheology_enhanced,SVR_RBF,-0.4635106804392215,0.08371251093029758,0.11516790885401859,0.3492209041263518,Pr,19,2
engineered,SVR_RBF,-0.6261044078960813,0.08721583977650539,0.12139694192829024,0.36095325996051797,Pr,19,2
rheology_enhanced,LinearRegression,-53.26170253701635,0.2636166803931845,0.701261895548925,0.08304308113870729,Pr,19,2
engineered,GradientBoosting,0.6027411010091297,0.043816262792716415,0.06450273348009487,0.6622674393134097,Pr,19,3
core,XGBoost,0.5484719298935852,0.049804237842559815,0.06876757016728653,0.5990834097158572,Pr,19,3
rheology_enhanced,GradientBoosting,0.5463836868552718,0.05016257248610073,0.06892640608079088,0.5444047314588505,Pr,19,3
rheology_enhanced,XGBoost,0.5114310670994258,0.05094339673221111,0.07153263545968161,0.5075611789257768,Pr,19,3
engineered,XGBoost,0.4968148118228748,0.05038606475293636,0.07259475209025833,0.5772156563514883,Pr,19,3
rheology_enhanced,RandomForest,0.47955194524921396,0.052262567212301644,0.0738295118527826,0.53853909125458,Pr,19,3
core,GradientBoosting,0.4528762145892967,0.051003779960694294,0.07569794677511839,0.5636513633791129,Pr,19,3
engineered,RandomForest,0.41489185058842115,0.053562265399530955,0.07828154268329016,0.6235908742165015,Pr,19,3
core,LinearRegression,0.3565816909424925,0.056833385131819486,0.08208957545758126,0.6893960252581606,Pr,19,3
core,RandomForest,0.34803199727768663,0.06119148470568794,0.0826331756122294,0.498487489490103,Pr,19,3
core,SVR_RBF,0.34173284086884326,0.06126136188724128,0.08303140685224489,0.48299881057039434,Pr,19,3
engineered,SVR_RBF,0.2629398124562372,0.061219439310085125,0.08786031961689086,0.5279076183843399,Pr,19,3
rheology_enhanced,SVR_RBF,0.19205618486989173,0.06441701978277109,0.09198814953038843,0.484098618108695,Pr,19,3
engineered,LinearRegression,-2.9062174218589663,0.11362684595488175,0.20226442698635133,0.2546054451166139,Pr,19,3
rheology_enhanced,LinearRegression,-5.141507488494344,0.13543401336405098,0.2536172534267312,0.23920813958040402,Pr,19,3
engineered,RandomForest,0.28721320630909797,0.0531160934606482,0.0665129707236196,0.5293740284354075,Pr,19,4
core,RandomForest,0.2821325987155332,0.05329518125826717,0.06674959566897298,0.4397800183318058,Pr,19,4
rheology_enhanced,RandomForest,0.224782263539699,0.054986529059193226,0.06936467782531226,0.5018788399778897,Pr,19,4
core,LinearRegression,0.1460541970476178,0.05384551054759776,0.07280172626879938,0.5286408234098737,Pr,19,4
core,XGBoost,0.10953303622870181,0.05977420656383038,0.07434220344822877,0.4295142071494043,Pr,19,4
engineered,SVR_RBF,-0.006316195023299054,0.06572909851085626,0.07903032250745755,0.4175602620415022,Pr,19,4
core,GradientBoosting,-0.009206822632870315,0.0650052353700467,0.07914374779852404,0.3757675755860752,Pr,19,4
rheology_enhanced,SVR_RBF,-0.01875431441294717,0.06306739783789721,0.07951723197591759,0.41957657586172015,Pr,19,4
engineered,GradientBoosting,-0.12697240387727549,0.0656670041964671,0.08363405691517792,0.2993583868011,Pr,19,4
engineered,XGBoost,-0.15722178149049726,0.06626706004142761,0.08474904693248887,0.2876260311640697,Pr,19,4
rheology_enhanced,GradientBoosting,-0.1762305891547451,0.06726191311677462,0.0854422660546636,0.24637946837763522,Pr,19,4
rheology_enhanced,XGBoost,-0.1802361468366196,0.06719438743591308,0.08558762575385997,0.26395380919216993,Pr,19,4
core,SVR_RBF,-0.20895083657183644,0.07108764197285196,0.0866225258455318,0.3677023203052034,Pr,19,4
rheology_enhanced,LinearRegression,-0.7328250772305689,0.08307945293071042,0.10370600043071064,0.2819173323177482,Pr,19,4
engineered,LinearRegression,-0.9592926511442592,0.08401362010353099,0.11027477440251678,0.2601044828081175,Pr,19,4
rheology_enhanced,GradientBoosting,0.5995252683078705,0.05171547918068697,0.06628486531936642,0.7624198111608909,Pr,19,5
engineered,GradientBoosting,0.5982936000770065,0.04997943503641714,0.06638671729725115,0.8036483671128603,Pr,19,5
engineered,RandomForest,0.5616687984174483,0.05215094171626969,0.06934705328752239,0.7666361265387943,Pr,19,5
engineered,XGBoost,0.540800260583492,0.05557698582112788,0.07097863369415933,0.7444312067210604,Pr,19,5
rheology_enhanced,RandomForest,0.5324741730512235,0.05418864062499987,0.07161922583041218,0.6923923122757116,Pr,19,5
rheology_enhanced,XGBoost,0.5132991288318701,0.05657686527073383,0.07307315864254738,0.7006141747283666,Pr,19,5
core,RandomForest,0.4590542283933111,0.05860117736141148,0.0770377666318875,0.6387895702521368,Pr,19,5
rheology_enhanced,SVR_RBF,0.41754996611180206,0.06621597497510161,0.07993852970357143,0.6040330073996478,Pr,19,5
core,LinearRegression,0.38664237746165164,0.060369120740353485,0.08203207593022649,0.7213565657413094,Pr,19,5
core,XGBoost,0.3421880138202471,0.0649586006104946,0.0849528024265561,0.6014672396330413,Pr,19,5
core,GradientBoosting,0.3037368879447774,0.06665674043508978,0.08740041848693492,0.5754241391519033,Pr,19,5
engineered,SVR_RBF,0.301825424436285,0.0726294227499033,0.08752030722205237,0.5351054168739218,Pr,19,5
core,SVR_RBF,0.27238383648270836,0.07081520266387978,0.08934659119395022,0.5550870854039859,Pr,19,5
engineered,LinearRegression,-0.15887814455373994,0.08429413684856973,0.1127575692073538,0.4665444624680133,Pr,19,5
rheology_enhanced,LinearRegression,-0.7509341778240171,0.10620210024670364,0.13859952079666663,0.3932172385044748,Pr,19,5
core,XGBoost,0.44166048936798286,0.04411758624017238,0.05821823530525923,0.5055005585519227,Pr,20,1
rheology_enhanced,RandomForest,0.4344225034491688,0.046571464514941194,0.05859437374809283,0.4265420236042912,Pr,20,1
rheology_enhanced,XGBoost,0.41451620291824465,0.04726000940799713,0.059616612704861016,0.4302474793767186,Pr,20,1
engineered,XGBoost,0.4027005881053217,0.047334016382694244,0.060215167653113556,0.4016498625114574,Pr,20,1
core,GradientBoosting,0.387963640314419,0.04714695108055771,0.060953474703513075,0.4460537189883857,Pr,20,1
engineered,RandomForest,0.3822983974980977,0.05087757954169672,0.06123492923765615,0.48538172690337916,Pr,20,1
core,RandomForest,0.3796769860967508,0.04885199896660068,0.06136472653385275,0.40498670992410357,Pr,20,1
engineered,GradientBoosting,0.3420178743759592,0.049540131513972074,0.0631999746793874,0.4200201685994212,Pr,20,1
rheology_enhanced,GradientBoosting,0.34152884049518806,0.04835717123214878,0.06322345646335326,0.3736364485402096,Pr,20,1
rheology_enhanced,SVR_RBF,0.2445185737633362,0.05169119489949481,0.06772074888305064,0.37705068438075945,Pr,20,1
core,LinearRegression,0.23806271092502562,0.05379659330825422,0.06800948254421238,0.5680505935323158,Pr,20,1
engineered,SVR_RBF,0.2351610825319761,0.05247257444429945,0.06813885718446762,0.42599211983514096,Pr,20,1
core,SVR_RBF,0.0649042251998172,0.05583124077819042,0.07534213167093637,0.378517094431827,Pr,20,1
engineered,LinearRegression,-0.5298850400587349,0.06631810696934218,0.09636942223417191,0.4151773457085173,Pr,20,1
rheology_enhanced,LinearRegression,-8.322890497658594,0.10823544345215777,0.2378949088733077,0.3988635338903901,Pr,20,1
rheology_enhanced,RandomForest,0.26826292637645555,0.06576846469907405,0.08425672611744377,0.4065621866584951,Pr,20,2
engineered,RandomForest,0.21595073018489774,0.0690635543568121,0.0872165147512514,0.37283475548394,Pr,20,2
core,GradientBoosting,0.13119812131330122,0.07053941597722849,0.09180945857027732,0.5063244729605867,Pr,20,2
core,RandomForest,0.12624308914302507,0.07312701488095243,0.09207089448628224,0.3095958220316493,Pr,20,2
engineered,GradientBoosting,0.10209310968421093,0.07109386819022698,0.09333460689606714,0.3502887009487755,Pr,20,2
engineered,XGBoost,0.08023596610897377,0.07161109544336797,0.0944637673970935,0.34552286828280576,Pr,20,2
rheology_enhanced,GradientBoosting,0.06082885902994639,0.0757010326842366,0.09545516222585039,0.30006415669970987,Pr,20,2
rheology_enhanced,XGBoost,0.059852187018624825,0.07430426082015038,0.09550478266033136,0.33950504124656283,Pr,20,2
core,LinearRegression,0.05293097954835713,0.06883788098695508,0.09585568296871622,0.4683347100597183,Pr,20,2
core,XGBoost,0.020516614854824144,0.07523760579526426,0.09748225957728203,0.4670944087992668,Pr,20,2
engineered,LinearRegression,-0.039041004284033454,0.07656331333243377,0.10040223809583555,0.39391439996803695,Pr,20,2
engineered,SVR_RBF,-0.11673630938979263,0.07470965878242256,0.10408840867935401,0.4978462123374538,Pr,20,2
core,SVR_RBF,-0.13155708547924339,0.07906384397905411,0.10477683721787058,0.3640362951775344,Pr,20,2
rheology_enhanced,SVR_RBF,-0.13770360680163263,0.07577654337427264,0.10506102123454808,0.4758500615714397,Pr,20,2
rheology_enhanced,LinearRegression,-473.0059766592784,0.6274991694526482,2.144464984682338,0.21611218127608914,Pr,20,2
core,RandomForest,0.4125899695648476,0.0574533736772485,0.07675327865621502,0.459719551009696,Pr,20,3
engineered,RandomForest,0.39445782174809274,0.058333330274471004,0.0779288839414795,0.5121437103353631,Pr,20,3
engineered,XGBoost,0.3434773074201868,0.06171813708543778,0.08114301267819964,0.4586197434713952,Pr,20,3
core,XGBoost,0.3232578450359883,0.06093533225357533,0.08238305108171085,0.49055912007332725,Pr,20,3
engineered,GradientBoosting,0.29344264138330056,0.06502230600373655,0.08417826477113315,0.4181101658106525,Pr,20,3
core,GradientBoosting,0.2636322996251381,0.0638428520110981,0.08593570070035224,0.4817598533455546,Pr,20,3
rheology_enhanced,RandomForest,0.26331643831730556,0.06507209875165355,0.08595412957265822,0.40032994394145777,Pr,20,3
rheology_enhanced,XGBoost,0.22259792707749437,0.06907521526515484,0.08829764169190861,0.3479057846157907,Pr,20,3
core,LinearRegression,0.19222094275563373,0.06814745125747335,0.09000622597714418,0.5181926517960169,Pr,20,3
rheology_enhanced,GradientBoosting,0.14380356148259754,0.07226959101635469,0.09266441015968081,0.3088626170061155,Pr,20,3
rheology_enhanced,SVR_RBF,-0.09837364524154579,0.07622130368753913,0.10495455921414466,0.34808908587217413,Pr,20,3
core,SVR_RBF,-0.11934625514485542,0.0782856507004834,0.10595183493619591,0.32297681374764126,Pr,20,3
engineered,SVR_RBF,-0.17367382856785074,0.07865797453697346,0.10849256260518203,0.2795344159847633,Pr,20,3
rheology_enhanced,LinearRegression,-0.751563599533561,0.10379534617429652,0.13253763377943426,0.1924663192026239,Pr,20,3
engineered,LinearRegression,-0.9832065142480357,0.10514460134769625,0.14102958479572664,0.07661992516828267,Pr,20,3
rheology_enhanced,RandomForest,0.4711224298026495,0.05558253869047626,0.07627313273918016,0.7325389673957491,Pr,20,4
engineered,RandomForest,0.4414952896745059,0.0578696358713626,0.07838039179791677,0.7318056951561137,Pr,20,4
core,RandomForest,0.4252331104126933,0.05898257291666662,0.07951331881307502,0.6905023835716907,Pr,20,4
core,LinearRegression,0.39941571818273536,0.05992972693188717,0.08127949392381388,0.7275893797782101,Pr,20,4
engineered,XGBoost,0.38820786354842396,0.06070252875983714,0.08203439040501909,0.7092575737873255,Pr,20,4
rheology_enhanced,XGBoost,0.3822023713972529,0.05996770921349525,0.08243604134814225,0.7032080778103336,Pr,20,4
rheology_enhanced,GradientBoosting,0.3221924770526453,0.06524354728309285,0.08634698987185596,0.6810265925613631,Pr,20,4
engineered,GradientBoosting,0.2923250800710253,0.06842282797179183,0.08822890964686832,0.6538955196948539,Pr,20,4
core,XGBoost,0.26097898972842515,0.0659569691568613,0.09016176455273309,0.672838943151408,Pr,20,4
core,GradientBoosting,0.17696998082594007,0.07220300478322803,0.09514847848675266,0.6168652715932671,Pr,20,4
engineered,LinearRegression,-0.058804124937385405,0.07824606530691094,0.1079199715609416,0.742071506511009,Pr,20,4
rheology_enhanced,SVR_RBF,-0.06314631921094782,0.07432879907411956,0.10814103701015779,0.49734189653269945,Pr,20,4
core,SVR_RBF,-0.06889676408044831,0.0743849033768756,0.10843310426111065,0.5054078911686887,Pr,20,4
engineered,SVR_RBF,-0.11721064639527068,0.07779079811121281,0.1108565969899822,0.4738771848643672,Pr,20,4
rheology_enhanced,LinearRegression,-0.632352458148266,0.10403397356164665,0.1339988214658362,0.5882676542474872,Pr,20,4
core,XGBoost,0.426571123980362,0.056073573157191275,0.07703812295910908,0.7108544307239043,Pr,20,5
rheology_enhanced,RandomForest,0.3472752890272309,0.06206612276785709,0.0821922634671977,0.5686004973014661,Pr,20,5
rheology_enhanced,XGBoost,0.334384675172264,0.062044439598917964,0.08299990005327844,0.6071494042163154,Pr,20,5
core,RandomForest,0.3289518101285511,0.06082741381448408,0.08333794129030261,0.5785517873510541,Pr,20,5
core,GradientBoosting,0.32422152595277776,0.06099950485757237,0.08363115411666999,0.7047933307943705,Pr,20,5
engineered,RandomForest,0.3184973969225827,0.06400759536210311,0.08398460282477388,0.5596187357386769,Pr,20,5
engineered,XGBoost,0.25797054061181546,0.0640326000750065,0.08763477722875646,0.6303730207026892,Pr,20,5
core,LinearRegression,0.23319037703605738,0.06345368585059927,0.08908604738943209,0.568967099814233,Pr,20,5
rheology_enhanced,GradientBoosting,0.1562977707408425,0.06909487318422486,0.09344595601638928,0.5697003048397667,Pr,20,5
core,SVR_RBF,0.028080894144599244,0.0779588860957004,0.10029539034539434,0.5357895724088282,Pr,20,5
engineered,GradientBoosting,-0.08261659213751571,0.07538807193538771,0.1058530199008418,0.5365227774343622,Pr,20,5
engineered,SVR_RBF,-0.40088946457355346,0.09004814311489351,0.1204114670729652,0.38639904845631545,Pr,20,5
rheology_enhanced,SVR_RBF,-0.46882057393461984,0.09250383748406281,0.12329636890859451,0.3856658434307817,Pr,20,5
engineered,LinearRegression,-1.673532715987975,0.12008105382623765,0.1663445837685814,0.32169370495295707,Pr,20,5
rheology_enhanced,LinearRegression,-3.3432807006140486,0.14471415655629583,0.21201903929237836,0.1424250762099417,Pr,20,5
core,LinearRegression,-0.12802984457034872,0.9590677489774255,1.3367133761889762,0.3234530175706646,SR,1,1
rheology_enhanced,RandomForest,-0.15262635853381123,1.0395964886009956,1.351208200766995,0.1929717341482047,SR,1,1
engineered,SVR_RBF,-0.1601417289073397,0.9454552765810074,1.3556061267882167,0.38915202444614205,SR,1,1
core,RandomForest,-0.17013317726491772,1.0975916530501093,1.3614310320722656,0.19757047960479754,SR,1,1
engineered,RandomForest,-0.19241881444506226,1.0404479542483664,1.3743343738280684,0.1654698242933537,SR,1,1
core,XGBoost,-0.2141519548416173,1.0875056553447948,1.3868021958889996,0.200168080651419,SR,1,1
rheology_enhanced,SVR_RBF,-0.26636757882418394,1.0154975630464942,1.4163085946206972,0.32773109243697474,SR,1,1
rheology_enhanced,XGBoost,-0.29984040361728104,1.0219824704001934,1.4349045577513333,0.33781512605042013,SR,1,1
engineered,XGBoost,-0.3607667185609589,1.0370191998762244,1.468148001764006,0.29106187929717336,SR,1,1
core,GradientBoosting,-0.4021114435996038,1.0865939018001762,1.4902847792596252,0.19101467215688295,SR,1,1
rheology_enhanced,GradientBoosting,-0.47139551326967943,1.1178462757007301,1.5266613563665796,0.27534571094187565,SR,1,1
core,SVR_RBF,-0.4929380293776673,1.0895100721001452,1.5377965753039518,0.24461420932009165,SR,1,1
engineered,GradientBoosting,-0.5057814005254508,1.127621949148109,1.5443970491281973,0.27122010927959445,SR,1,1
engineered,LinearRegression,-1.470378080540867,1.268308626539822,1.9781522372191007,0.4190985485103132,SR,1,1
rheology_enhanced,LinearRegression,-2.4527640199056298,1.6447397344322325,2.3386296290622886,0.2864782276546982,SR,1,1
engineered,SVR_RBF,0.21242596641424039,0.7968951743389904,1.1631618428823616,0.5593582887700533,SR,1,2
rheology_enhanced,SVR_RBF,0.1750406221870181,0.8283904058901475,1.1904488348406144,0.5703590527119938,SR,1,2
core,SVR_RBF,0.002374735848823528,0.8929121849541547,1.3091161234685909,0.43865546218487395,SR,1,2
rheology_enhanced,RandomForest,-0.0020835429427739083,1.0087527341269844,1.3120380114877626,0.19419404125286477,SR,1,2
engineered,GradientBoosting,-0.006853664924284963,0.9427704727027764,1.3151570882587917,0.3415342338165067,SR,1,2
rheology_enhanced,GradientBoosting,-0.05134769042156506,0.961807794369125,1.3439021071576331,0.26984490872550077,SR,1,2
engineered,RandomForest,-0.0660278777025296,0.9980600173619948,1.353252173910446,0.18044308632543926,SR,1,2
core,LinearRegression,-0.09941935997950835,1.047259062989678,1.374282899613636,0.39801375095492736,SR,1,2
core,RandomForest,-0.10463691221050819,1.0800225007568678,1.377540030605456,0.13904805602503154,SR,1,2
engineered,XGBoost,-0.24186974816824525,1.0096586351394656,1.4606039685444807,0.18855527597240543,SR,1,2
rheology_enhanced,XGBoost,-0.2520291868316076,1.0521009439580582,1.4665662248731954,0.1870272753567457,SR,1,2
core,XGBoost,-0.26614048818196734,1.1334814308390897,1.474807714776809,0.07594743364957666,SR,1,2
core,GradientBoosting,-0.2862174955347767,1.118964906188315,1.4864546322526822,0.22967604180143605,SR,1,2
engineered,LinearRegression,-1.7968836294472856,1.12697034771741,2.191955085132722,0.5459129106187929,SR,1,2
rheology_enhanced,LinearRegression,-7.354729089868442,1.8958684879766172,3.7884419625190286,0.36440030557677616,SR,1,2
engineered,SVR_RBF,0.33708469990152046,0.6923659401584381,1.036964198243639,0.6320855614973262,SR,1,3
rheology_enhanced,SVR_RBF,0.23735114842391358,0.7322278610558084,1.1122362650551696,0.5960275019098549,SR,1,3
engineered,GradientBoosting,0.18581842771067447,0.7700326587748016,1.1491993597354726,0.5009931245225362,SR,1,3
rheology_enhanced,RandomForest,0.0952114387260301,0.9193432917833796,1.2114578035608017,0.3558441558441558,SR,1,3
rheology_enhanced,GradientBoosting,0.0889300927933876,0.8426278554554569,1.215655703735363,0.4352941176470588,SR,1,3
engineered,RandomForest,0.06840085613368674,0.9415460373270518,1.2292756568392076,0.3708174178762414,SR,1,3
engineered,XGBoost,0.02179538753398813,0.9397728908202228,1.2596491391648736,0.35981665393430096,SR,1,3
rheology_enhanced,XGBoost,0.002660562174268799,0.8993636235068826,1.2719095770169961,0.37020626432391135,SR,1,3
core,SVR_RBF,-0.10687523123139453,0.8903038715076232,1.3399360624704668,0.47288006111535524,SR,1,3
core,LinearRegression,-0.1785301751174475,1.031534656505487,1.382627193749319,0.4194041252864782,SR,1,3
core,RandomForest,-0.2283194265589672,1.0707493005793227,1.4115309375010088,0.0826585179526356,SR,1,3
core,XGBoost,-0.27649621592205564,1.0888422660266652,1.4389460352802794,0.12727272727272726,SR,1,3
core,GradientBoosting,-0.378035268313875,1.100388279858286,1.4950816370485167,0.10252100840336134,SR,1,3
engineered,LinearRegression,-0.523024855127171,0.9600706612710475,1.5717672540633185,0.5349121466768525,SR,1,3
rheology_enhanced,LinearRegression,-9.286850809907065,2.0636751192369736,4.084848573247546,0.3390374331550802,SR,1,3
core,LinearRegression,0.1946601944778985,0.8969313369110664,1.1456297272896063,0.4739495798319328,SR,1,4
rheology_enhanced,RandomForest,0.15978130108797617,0.9431033979832344,1.1701751276738863,0.42240896358543417,SR,1,4
core,RandomForest,0.1388371015112534,0.93352886201127,1.1846698808010219,0.36246498599439775,SR,1,4
engineered,RandomForest,0.13448855431874696,0.952739584717928,1.18765718196213,0.4019607843137255,SR,1,4
rheology_enhanced,XGBoost,0.1204520463841765,0.8647325774601529,1.1972489170270806,0.4330532212885154,SR,1,4
engineered,XGBoost,0.08260973694244789,0.8893319562639509,1.2227333417145443,0.36526610644257707,SR,1,4
core,XGBoost,0.05532839354864638,0.9237346754346575,1.2407809662132314,0.4098039215686275,SR,1,4
engineered,GradientBoosting,0.05464604674392204,0.9312265177276146,1.2412290002666355,0.3683473389355743,SR,1,4
rheology_enhanced,GradientBoosting,0.00799070328291962,0.964640027873289,1.2714888694236852,0.3711484593837535,SR,1,4
engineered,SVR_RBF,-0.023389914712714566,0.837947937232002,1.291443045777205,0.45686274509803926,SR,1,4
core,SVR_RBF,-0.02550790544806114,0.8835299980899229,1.2927787295742692,0.469467787114846,SR,1,4
rheology_enhanced,SVR_RBF,-0.09703815155656303,0.8918124810665466,1.337105136773551,0.43949579831932784,SR,1,4
core,GradientBoosting,-0.25234685362704234,0.9965606170919443,1.4286209222974429,0.3711484593837535,SR,1,4
engineered,LinearRegression,-0.31720175202379197,0.9360691979796926,1.4651457898718898,0.4058823529411765,SR,1,4
rheology_enhanced,LinearRegression,-0.8307499889071512,1.2168696085024198,1.7273057220461412,0.3235294117647059,SR,1,4
engineered,SVR_RBF,0.4058858500465544,0.6936671614716835,0.9789710526398682,0.6366946778711485,SR,1,5
engineered,GradientBoosting,0.39306611282126,0.7406427861687627,0.98947675334023,0.6568627450980392,SR,1,5
engineered,XGBoost,0.32251962465710615,0.8075236704145159,1.0454018443759596,0.6355742296918768,SR,1,5
rheology_enhanced,GradientBoosting,0.30215050622995565,0.7769540756925244,1.0610009826837867,0.5983193277310924,SR,1,5
rheology_enhanced,XGBoost,0.2690645329207413,0.8161617594582694,1.0858614621672713,0.6050420168067228,SR,1,5
engineered,RandomForest,0.2610174884145643,0.8393624523672094,1.0918223559583122,0.5759103641456582,SR,1,5
rheology_enhanced,RandomForest,0.22672744829452862,0.8770282261286322,1.1168663326383534,0.4971988795518208,SR,1,5
rheology_enhanced,SVR_RBF,0.19171591047658654,0.7792608689189766,1.141870668571036,0.49943977591036415,SR,1,5
core,LinearRegression,-0.01791188505097918,1.0187697370040858,1.2814155646768002,0.3504201680672269,SR,1,5
core,RandomForest,-0.03925403557012319,1.0756728493197276,1.2947793430787065,0.28351309985385065,SR,1,5
core,XGBoost,-0.050028749710888665,1.0429519652775356,1.3014740025653413,0.36391651848829243,SR,1,5
core,SVR_RBF,-0.12450358921303373,0.9393722218439964,1.3468378885151615,0.4504201680672269,SR,1,5
core,GradientBoosting,-0.19953038926957656,1.090907056900778,1.391042918658686,0.37422969187675076,SR,1,5
rheology_enhanced,LinearRegression,-3.5408297657691623,1.683479434634352,2.7064656069788935,0.39859943977591034,SR,1,5
engineered,LinearRegression,-22.124176394331712,2.829991576303794,6.107564175386894,0.3627450980392157,SR,1,5
engineered,SVR_RBF,0.27293666346256984,0.8099235684147015,1.0908357872416885,0.5865546218487395,SR,2,1
rheology_enhanced,SVR_RBF,0.22032363718146364,0.8432434435353225,1.1296149694808666,0.5789152024446141,SR,2,1
rheology_enhanced,RandomForest,0.03829308197533776,1.0348462933006537,1.2545692106920712,0.33231474407944994,SR,2,1
rheology_enhanced,GradientBoosting,-0.004978920427758826,1.0044798732907718,1.2824833370397442,0.44568372803666917,SR,2,1
core,LinearRegression,-0.06291920673331863,1.0169096578007604,1.3189349671789543,0.37692895339954163,SR,2,1
engineered,GradientBoosting,-0.11059923343632416,0.9771373151536971,1.3481926017506607,0.40171136185693185,SR,2,1
core,GradientBoosting,-0.11221964079010172,1.1071667343793958,1.3491757759054177,0.3178484144690532,SR,2,1
rheology_enhanced,XGBoost,-0.11245026404225866,1.0860836875017952,1.3493156471888454,0.3729564553093964,SR,2,1
engineered,RandomForest,-0.12429543687743383,1.0935888779956429,1.3564802624843255,0.2110007639419404,SR,2,1
engineered,XGBoost,-0.1776646533749524,1.071041087599362,1.3883024019495638,0.336491446471565,SR,2,1
core,RandomForest,-0.179271535293533,1.145005956759472,1.3892492239351666,0.0727328293054011,SR,2,1
core,SVR_RBF,-0.23190577423703607,1.064382160299254,1.419913866300559,0.43407181054239874,SR,2,1
core,XGBoost,-0.29281546867041697,1.2234290415819955,1.454593105738937,0.16489646647055034,SR,2,1
engineered,LinearRegression,-0.6117106709888351,1.098851072036685,1.6241150679185805,0.5770817417876241,SR,2,1
rheology_enhanced,LinearRegression,-0.7895073033367466,1.190238433986368,1.7113545446812592,0.5443850267379678,SR,2,1
engineered,SVR_RBF,0.268255425187813,0.7481292494066065,1.0802563507757952,0.5651642475171886,SR,2,2
rheology_enhanced,GradientBoosting,0.19035742497162178,0.8132238830151255,1.1363019220788158,0.5618029029793735,SR,2,2
rheology_enhanced,RandomForest,0.14657218673730654,0.8946852794188388,1.1666228240026222,0.44201680672268906,SR,2,2
rheology_enhanced,SVR_RBF,0.11747396211473626,0.8265008692862462,1.1863445414981735,0.49885408708938117,SR,2,2
engineered,GradientBoosting,0.09779038384386596,0.8958218605787218,1.1995015083312301,0.4789915966386554,SR,2,2
rheology_enhanced,XGBoost,0.09262167894472495,0.8727068120732028,1.2029325374881645,0.5052711993888465,SR,2,2
engineered,RandomForest,0.06812893015554333,0.9560230660597585,1.2190597355640298,0.3952635599694423,SR,2,2
engineered,XGBoost,0.0012157477143907025,0.9308123108919929,1.2620684662750659,0.4209320091673033,SR,2,2
core,RandomForest,-0.04936692466242376,1.05585464316838,1.2936320246985997,0.3070457120364849,SR,2,2
core,XGBoost,-0.08926506623910102,1.02820595629075,1.3179952964235675,0.4078233643195705,SR,2,2
core,SVR_RBF,-0.11128330884681037,0.9038898800227049,1.3312495325241995,0.4242933537051184,SR,2,2
core,LinearRegression,-0.1754677376699718,1.1009630685465381,1.3691544096017945,0.27364400305576775,SR,2,2
core,GradientBoosting,-0.23253980791287354,1.092985624865883,1.4019985031734838,0.3030256759096791,SR,2,2
engineered,LinearRegression,-0.8818000954719054,1.0958559845217881,1.732342721424324,0.4099312452253629,SR,2,2
rheology_enhanced,LinearRegression,-0.9564830362545591,1.124484608778459,1.7663839744106775,0.39281894576012216,SR,2,2
rheology_enhanced,GradientBoosting,0.04377461138280048,1.0514191265695365,1.3414637774340203,0.35614973262032085,SR,2,3
engineered,GradientBoosting,0.033671182633786545,1.0613574824618295,1.3485320746480327,0.37967914438502676,SR,2,3
rheology_enhanced,XGBoost,0.02020749969005653,1.0613325814639822,1.3578940035030944,0.35492742551566075,SR,2,3
engineered,SVR_RBF,0.01913890482674696,0.9562022197707127,1.3586342842943149,0.45362872421695943,SR,2,3
core,LinearRegression,-0.008172694516442869,1.0475097767497465,1.3774196695276575,0.41268143621084796,SR,2,3
rheology_enhanced,RandomForest,-0.03823815543022224,1.1885558209511065,1.3978073109745557,0.2210847975553858,SR,2,3
engineered,XGBoost,-0.07803251446620418,1.1448509588802565,1.424343522631083,0.30572956455309397,SR,2,3
engineered,RandomForest,-0.07904286804531635,1.1859617909380915,1.4250108278971512,0.20733384262796029,SR,2,3
core,XGBoost,-0.10849050426947682,1.1660118302176983,1.444324584378715,0.22369929013257822,SR,2,3
rheology_enhanced,SVR_RBF,-0.1173410005132216,1.0432529106300925,1.450079065306492,0.4035141329258976,SR,2,3
core,RandomForest,-0.1478451694910916,1.2282385067304686,1.4697398528399925,0.15249446144283677,SR,2,3
core,GradientBoosting,-0.17556290995358426,1.1155997983049952,1.487379367026015,0.21651768723897769,SR,2,3
core,SVR_RBF,-0.4262460268569046,1.2307434778075754,1.6383098366279834,0.25836516424751715,SR,2,3
engineered,LinearRegression,-0.965556836092053,1.2751505255725375,1.9232760266856241,0.3295645530939648,SR,2,3
rheology_enhanced,LinearRegression,-110.61765759865163,3.8212657074340135,14.493232764413303,0.3179526355996944,SR,2,3
rheology_enhanced,SVR_RBF,0.2755705182678213,0.6484351371422339,1.0173180306460932,0.592436974789916,SR,2,4
engineered,SVR_RBF,0.2632180144213482,0.6559429246508948,1.0259546947108247,0.5865546218487395,SR,2,4
rheology_enhanced,GradientBoosting,0.21196001803818465,0.7809674177113803,1.0610425734148339,0.5011204481792717,SR,2,4
engineered,GradientBoosting,0.2055073502260234,0.794350321188202,1.0653777576570183,0.4902304094940915,SR,2,4
rheology_enhanced,XGBoost,0.17112095014981432,0.8203146144866944,1.0881888337864722,0.47366946778711494,SR,2,4
rheology_enhanced,RandomForest,0.15540532769477655,0.8462147491685569,1.0984564732866196,0.40168067226890763,SR,2,4
engineered,XGBoost,0.14367827196715954,0.8119561827523368,1.1060561264307163,0.43585434173669474,SR,2,4
core,SVR_RBF,0.12040519864299448,0.8205466460868507,1.1209855404764246,0.48431372549019613,SR,2,4
engineered,RandomForest,0.1132020677792972,0.8607406548340555,1.1255661393173095,0.3644257703081233,SR,2,4
core,LinearRegression,0.08312559292898014,0.9302253597126744,1.1444942336990542,0.3672268907563025,SR,2,4
core,RandomForest,0.019939938058711526,0.9561381482993202,1.183273203709674,0.2473389355742297,SR,2,4
engineered,LinearRegression,-0.0582675513707136,0.8061219373030861,1.229578961784735,0.6190476190476191,SR,2,4
rheology_enhanced,LinearRegression,-0.06890352074092165,0.8895990677238103,1.2357423697025371,0.5703081232492998,SR,2,4
core,GradientBoosting,-0.13814120214569092,1.027004138571595,1.2751367326089709,0.3299950985051656,SR,2,4
core,XGBoost,-0.23942491463283733,1.0723600217546736,1.3306651862861871,0.1700280112044818,SR,2,4
rheology_enhanced,RandomForest,0.10711062817527872,0.8693363905689547,1.196723445096384,0.3843137254901961,SR,2,5
core,RandomForest,0.03768045812541365,0.916359048148148,1.2423804970663868,0.3532212885154062,SR,2,5
engineered,RandomForest,0.03610103393233455,0.9164037478732904,1.2433996187021843,0.350140056022409,SR,2,5
rheology_enhanced,XGBoost,-0.09653858906494994,0.8954241184234618,1.326193614717962,0.3526610644257704,SR,2,5
engineered,XGBoost,-0.10502009650551747,0.9254219250815254,1.331312656739225,0.3263305322128852,SR,2,5
core,XGBoost,-0.12266729290002187,1.0264547769274028,1.3419010966751665,0.2867147566384015,SR,2,5
engineered,GradientBoosting,-0.12341402636889653,0.9117996891453978,1.3423473000594355,0.3369747899159664,SR,2,5
core,LinearRegression,-0.1484193135744294,0.9991844842393428,1.3572042672592997,0.2904761904761905,SR,2,5
core,GradientBoosting,-0.15881229865062285,0.9916440496488889,1.3633316609245458,0.34178456701748794,SR,2,5
rheology_enhanced,GradientBoosting,-0.20074942736313162,0.9520814464259418,1.3877817331583149,0.32072829131652664,SR,2,5
engineered,SVR_RBF,-0.3474076882000501,0.9898615621149548,1.470091894878919,0.42605042016806727,SR,2,5
rheology_enhanced,SVR_RBF,-0.35862376739875934,1.0185025627734139,1.476197877366725,0.4434173669467787,SR,2,5
core,SVR_RBF,-0.46659605159942763,1.0394860528714565,1.5337346469430022,0.3344537815126051,SR,2,5
engineered,LinearRegression,-2.3619412208221546,1.4353692359218801,2.3221487220420474,0.37703081232492996,SR,2,5
rheology_enhanced,LinearRegression,-5.412925901567665,1.7391144478834912,3.207178143386163,0.4344537815126051,SR,2,5
engineered,SVR_RBF,0.39922437121556054,0.6812834157991684,0.9929426934094304,0.6467532467532467,SR,3,1
rheology_enhanced,SVR_RBF,0.30907649277175353,0.7492000437910825,1.0648367114398363,0.628724216959511,SR,3,1
rheology_enhanced,RandomForest,0.18638546273860812,0.8735969111280874,1.1555197716867411,0.44843391902215424,SR,3,1
rheology_enhanced,GradientBoosting,0.16971421152273447,0.8623304073638312,1.167298246882612,0.4499618029029794,SR,3,1
rheology_enhanced,XGBoost,0.14167068012361284,0.851338994474972,1.1868477342477535,0.44873949579831923,SR,3,1
engineered,RandomForest,0.0991110237696391,0.9173736261671335,1.215916263495465,0.362566844919786,SR,3,1
engineered,GradientBoosting,0.09778800243971575,0.902179831663827,1.216808766906269,0.4606569900687547,SR,3,1
engineered,XGBoost,-0.004602355084249776,0.9419596996868359,1.2840003054147264,0.35431627196333076,SR,3,1
core,RandomForest,-0.013762526613146253,0.9707187066215378,1.289840911504893,0.2409656970895327,SR,3,1
core,SVR_RBF,-0.03689549025835093,0.900291517088232,1.30447428970437,0.5104660045836517,SR,3,1
core,XGBoost,-0.04575591203829754,1.006326794456033,1.3100358944402375,0.28617265087853316,SR,3,1
core,LinearRegression,-0.06959875316509345,1.0036531705013414,1.3248858905173508,0.440488922841864,SR,3,1
core,GradientBoosting,-0.0885125956114019,0.989874489633776,1.3365486157980988,0.3711229946524064,SR,3,1
engineered,LinearRegression,-0.2710046410589346,0.838017218516507,1.4442474162187828,0.6253628724216959,SR,3,1
rheology_enhanced,LinearRegression,-0.6620894284514789,1.043996059511406,1.6515633037438204,0.5764705882352941,SR,3,1
engineered,SVR_RBF,-0.049584726437924775,0.9383965544486196,1.3162187905149856,0.4796027501909854,SR,3,2
core,LinearRegression,-0.11267910984922547,1.0295573950485013,1.3552028385555162,0.31092436974789917,SR,3,2
rheology_enhanced,RandomForest,-0.1988504637025037,1.0968588572418847,1.4067011523927373,0.120550038197097,SR,3,2
rheology_enhanced,SVR_RBF,-0.24632152873683633,1.0039747839861923,1.4342814577959837,0.439877769289534,SR,3,2
core,RandomForest,-0.2571226204613535,1.1315557116331372,1.440483062049279,0.003208801292885343,SR,3,2
engineered,RandomForest,-0.25878079342122673,1.1189154457742687,1.4414327637324835,0.10374331550802139,SR,3,2
rheology_enhanced,GradientBoosting,-0.37220908629045457,1.0765756133706303,1.5049756762271023,0.24157689733579657,SR,3,2
engineered,XGBoost,-0.40571409993790875,1.08762406354792,1.523238247257287,0.24155844155844156,SR,3,2
engineered,GradientBoosting,-0.43861810341012686,1.0891928407947131,1.5409625918967504,0.23638169524255362,SR,3,2
rheology_enhanced,XGBoost,-0.5401245435138038,1.1675204838023467,1.5943998923587335,0.1651642475171887,SR,3,2
core,XGBoost,-0.5436067236872106,1.2117209092869476,1.5962013223262062,0.06311124768063413,SR,3,2
core,SVR_RBF,-0.6596650289130437,1.1344859986027689,1.6551202680712425,0.33781512605042013,SR,3,2
core,GradientBoosting,-0.7054918383586386,1.2728958785552162,1.6778153299302834,0.09718826519342204,SR,3,2
engineered,LinearRegression,-1.1699759936693135,1.1541480416481642,1.892547550841416,0.3766233766233766,SR,3,2
rheology_enhanced,LinearRegression,-1.1901524423755552,1.2352711891414878,1.9013256521051378,0.42184873949579826,SR,3,2
engineered,SVR_RBF,0.324168294972059,0.7501550329254201,1.0649074658076003,0.6192513368983957,SR,3,3
rheology_enhanced,SVR_RBF,0.22381025354427186,0.7949469441072553,1.1412388344759774,0.5795263559969441,SR,3,3
rheology_enhanced,RandomForest,0.16027776054143117,0.9292083019692736,1.1870265108974518,0.43223834988540866,SR,3,3
rheology_enhanced,XGBoost,0.139491737492914,0.8850499985638787,1.2016282037976849,0.4847975553857906,SR,3,3
engineered,RandomForest,0.1259445734464465,0.9694340570869763,1.2110500100436812,0.4148204736440031,SR,3,3
engineered,GradientBoosting,0.08766242250037659,0.9073503384349229,1.2372867792293845,0.4591291061879296,SR,3,3
core,RandomForest,0.07184667810176715,1.0218877612433876,1.2479651353984227,0.4321185741085596,SR,3,3
engineered,XGBoost,0.054790974495323,0.9481103424745448,1.259379213493,0.43712757830404886,SR,3,3
rheology_enhanced,GradientBoosting,0.0002035250328868976,0.9229237319842191,1.2952344632214936,0.4065699006875478,SR,3,3
core,XGBoost,-0.07367700428636748,1.0945197751101325,1.3422376499885507,0.3339191651882785,SR,3,3
core,SVR_RBF,-0.08717334704471424,0.9555620772990254,1.350647407327445,0.4744079449961802,SR,3,3
core,GradientBoosting,-0.09380609067346835,1.0436524272757663,1.354761229557931,0.3701100287711764,SR,3,3
core,LinearRegression,-0.14830748528472526,1.1043540199959352,1.3881029870524737,0.3433155080213904,SR,3,3
engineered,LinearRegression,-0.7037537486529819,1.0999984254211677,1.6908146537848696,0.44843391902215424,SR,3,3
rheology_enhanced,LinearRegression,-1.3680020834531992,1.3013323872692,1.993350323487074,0.36653934300993124,SR,3,3
engineered,SVR_RBF,0.24667419726827566,0.8194305452098914,1.107500539072533,0.5459383753501401,SR,3,4
rheology_enhanced,GradientBoosting,0.1508438370029399,0.8678420354120172,1.1758347954874966,0.4652661064425771,SR,3,4
rheology_enhanced,RandomForest,0.07431477222372207,0.9795039046553983,1.227677202949212,0.3689075630252101,SR,3,4
rheology_enhanced,XGBoost,0.03468478748081616,0.9512781145368304,1.2536811614272976,0.4288515406162466,SR,3,4
rheology_enhanced,SVR_RBF,0.03217340365210086,0.925122339032479,1.25531090341718,0.4098039215686275,SR,3,4
engineered,RandomForest,-0.02950571181626005,0.9792045443001446,1.2946933132979954,0.296078431372549,SR,3,4
engineered,GradientBoosting,-0.043855140476922516,0.9317008968945254,1.3036849197354463,0.39859943977591034,SR,3,4
core,SVR_RBF,-0.13345827374296237,0.9559146085566423,1.3584863945706842,0.38291316526610647,SR,3,4
core,LinearRegression,-0.16870759819428582,1.0731722166638176,1.3794483960557253,0.2635854341736695,SR,3,4
core,RandomForest,-0.169018568248553,1.112771558396894,1.3796319058626751,0.13445378151260504,SR,3,4
engineered,XGBoost,-0.18723367182408301,1.0219907458169122,1.3903387511232725,0.2689075630252101,SR,3,4
core,XGBoost,-0.27151896042050994,1.0985320257459368,1.4388447783965346,0.23557422969187677,SR,3,4
core,GradientBoosting,-0.3264109770466761,1.087118834382256,1.4695744016445098,0.19887955182072833,SR,3,4
engineered,LinearRegression,-1.052504226106186,1.1505770929973884,1.8280772953775037,0.380952380952381,SR,3,4
rheology_enhanced,LinearRegression,-1.3793720004095924,1.4000366128496406,1.9682655812226773,0.28655462184873953,SR,3,4
engineered,XGBoost,0.3761726412729832,0.7290908396039691,0.9793327736510408,0.5296918767507003,SR,3,5
core,LinearRegression,0.35541940159242535,0.829838078263269,0.9954895249201469,0.5792717086834734,SR,3,5
rheology_enhanced,RandomForest,0.3459497398864657,0.8143283603552532,1.0027753304329396,0.53109243697479,SR,3,5
rheology_enhanced,XGBoost,0.3361552910300758,0.765759226172311,1.0102557452755632,0.5333333333333334,SR,3,5
engineered,RandomForest,0.3285960936306017,0.8150120730914582,1.015991352992184,0.5369747899159664,SR,3,5
core,SVR_RBF,0.3103202349888956,0.7316886797171411,1.0297263398654326,0.5638655462184874,SR,3,5
engineered,GradientBoosting,0.30728491173047034,0.7742942776839502,1.0319897968183018,0.511204481792717,SR,3,5
core,GradientBoosting,0.2973365487926172,0.7904407026556928,1.0393737926469209,0.5958817820050792,SR,3,5
core,RandomForest,0.2797343295512429,0.8624467756682469,1.052311793694141,0.47944534048522147,SR,3,5
rheology_enhanced,GradientBoosting,0.23793923681099416,0.8327423396952056,1.082412703269267,0.4252100840336135,SR,3,5
core,XGBoost,0.2353623500169103,0.8521554035731725,1.0842412326773345,0.4722689075630252,SR,3,5
engineered,SVR_RBF,0.14460109987219483,0.8040421413182811,1.146786108744808,0.5159663865546218,SR,3,5
rheology_enhanced,SVR_RBF,0.1306638108796926,0.8152706108950087,1.1560908378301815,0.4977591036414566,SR,3,5
engineered,LinearRegression,-0.021631806790675556,0.8962693054627892,1.253271843083582,0.5142857142857143,SR,3,5
rheology_enhanced,LinearRegression,-597.3123150047335,7.384620390707227,30.329276530309684,0.4759103641456583,SR,3,5
engineered,SVR_RBF,0.44640463177909984,0.5897559229990039,0.9664747203049471,0.655309396485867,SR,4,1
rheology_enhanced,SVR_RBF,0.3941188229464446,0.6260131039790897,1.0110857862280251,0.6467532467532467,SR,4,1
engineered,GradientBoosting,0.08747502945177066,0.8546782753343309,1.2408424816881447,0.4612681436210848,SR,4,1
core,SVR_RBF,0.0605620459656695,0.8495600992943115,1.2590075252352178,0.5581359816653934,SR,4,1
rheology_enhanced,RandomForest,0.055194896670133886,0.9769789832286452,1.262598852078872,0.43346065699006875,SR,4,1
rheology_enhanced,GradientBoosting,0.048624906912777655,0.8900328300424447,1.266981179457078,0.43682200152788386,SR,4,1
rheology_enhanced,XGBoost,-0.024369557247681417,0.9352955544415641,1.314687720757603,0.4157372039724981,SR,4,1
engineered,RandomForest,-0.038581727156010936,0.9964859324229688,1.323776336836519,0.3258976317799847,SR,4,1
engineered,XGBoost,-0.08012841819293182,0.940244208167581,1.3499944130901003,0.4096256684491979,SR,4,1
core,GradientBoosting,-0.10387657973495878,1.0240903999428326,1.3647544987052547,0.38587912681940645,SR,4,1
core,LinearRegression,-0.11203650835698786,1.0319768676951444,1.3697893889955317,0.3726508785332314,SR,4,1
core,RandomForest,-0.18709504790224152,1.1046382160364139,1.4152625722770975,0.12911605202324355,SR,4,1
core,XGBoost,-0.22959554192126586,1.1273080425823436,1.4403744692771245,0.20064181163358985,SR,4,1
engineered,LinearRegression,-0.32207258103289926,0.9215911562366116,1.4935574210995812,0.5963330786860198,SR,4,1
rheology_enhanced,LinearRegression,-6.841052485330673,1.8023598687984588,3.637319537395154,0.4982429335370512,SR,4,1
engineered,SVR_RBF,0.24254504777591201,0.7765549717205777,1.1064079045346842,0.6055003819709701,SR,4,2
rheology_enhanced,RandomForest,0.22129407854361138,0.850915698529412,1.1218210987227242,0.4713521772345301,SR,4,2
engineered,RandomForest,0.18635017339991122,0.8912209760737629,1.1467153691494565,0.41145912910618787,SR,4,2
rheology_enhanced,GradientBoosting,0.18333468282567866,0.8394278367336544,1.1488383410554432,0.5135610069232209,SR,4,2
engineered,GradientBoosting,0.178665287422334,0.8290483629221272,1.1521179797917755,0.5135217723453017,SR,4,2
rheology_enhanced,XGBoost,0.16502814071465732,0.8747964807398179,1.161643280558617,0.496103896103896,SR,4,2
engineered,XGBoost,0.15957541467107195,0.855224299879635,1.1654301237859206,0.49915966386554617,SR,4,2
rheology_enhanced,SVR_RBF,0.04523867318349761,0.8507581047689361,1.2421792630254547,0.5141329258976317,SR,4,2
core,RandomForest,0.032919637299457016,1.0104695672268895,1.2501673358066687,0.2774849118037992,SR,4,2
core,XGBoost,0.019218862764569078,1.0104704378913432,1.2589918465420191,0.41931540831878944,SR,4,2
core,LinearRegression,-0.004440850948893793,1.032088330417396,1.274086895481623,0.36837280366692127,SR,4,2
core,SVR_RBF,-0.16055962338510787,0.936242722526045,1.3695269842814595,0.4160427807486631,SR,4,2
core,GradientBoosting,-0.17759830957276224,1.076646906875264,1.3795436673610257,0.3152506149277196,SR,4,2
engineered,LinearRegression,-1.274726284857576,1.208889154081687,1.9173501782596807,0.3579831932773109,SR,4,2
rheology_enhanced,LinearRegression,-1.3459746639002268,1.2219510960182078,1.9471460319382705,0.32711993888464475,SR,4,2
engineered,SVR_RBF,0.3024715399767842,0.7470813449143312,1.1334219649783444,0.5703590527119938,SR,4,3
rheology_enhanced,SVR_RBF,0.28460096593119366,0.7531533656573748,1.1478491934988924,0.5468296409472879,SR,4,3
rheology_enhanced,RandomForest,0.04568787799772411,1.0298462130407717,1.3257324263676336,0.3607609453572521,SR,4,3
engineered,RandomForest,-0.011140274665592864,1.0703920875739183,1.364634552003124,0.3051184110007639,SR,4,3
core,SVR_RBF,-0.022679382716207508,0.9537434555679705,1.3723990508202624,0.45454545454545453,SR,4,3
core,GradientBoosting,-0.03217060353146661,1.0406573934769372,1.3787527819901062,0.337765566749941,SR,4,3
core,RandomForest,-0.09982850099175034,1.1321135027551423,1.4232236228376645,0.22125448914752271,SR,4,3
core,LinearRegression,-0.1002075047235158,1.0766696103418232,1.423468824976655,0.44812834224598924,SR,4,3
core,XGBoost,-0.10494238786945154,1.0986574619517608,1.4265285762117055,0.2609825051546745,SR,4,3
rheology_enhanced,XGBoost,-0.12944187600977441,1.0429252432654885,1.4422568212520201,0.37448433919022156,SR,4,3
engineered,XGBoost,-0.13785201311552475,1.0261666339425481,1.4476165841119877,0.3659281894576012,SR,4,3
engineered,GradientBoosting,-0.20852042855469044,1.0838373060335587,1.4918929329310264,0.3234777303351558,SR,4,3
rheology_enhanced,GradientBoosting,-0.27472789616632176,1.12830031821896,1.5322139206040384,0.3017801215927882,SR,4,3
engineered,LinearRegression,-1.5486531315960805,1.2950275621475689,2.1665365744519836,0.44965622612681433,SR,4,3
rheology_enhanced,LinearRegression,-2.1248382909713572,1.4804872452856692,2.3989678764550537,0.3894576012223071,SR,4,3
core,GradientBoosting,-0.051076383202733444,0.9109047899595316,1.235176727948551,0.3367890297513447,SR,4,4
core,LinearRegression,-0.06249953135110187,0.9966991182349856,1.2418705695772319,0.17338935574229694,SR,4,4
engineered,SVR_RBF,-0.12151639569244699,0.8552764077307634,1.2758945284788652,0.3686274509803922,SR,4,4
core,RandomForest,-0.13345216624565648,1.013423694973546,1.2826659320850964,0.11654293432727457,SR,4,4
core,XGBoost,-0.14054810404457663,1.005691171864101,1.2866747103609344,0.10030118593641232,SR,4,4
rheology_enhanced,RandomForest,-0.1456296068428531,0.9858823503195219,1.2895377964563108,0.12436974789915967,SR,4,4
engineered,RandomForest,-0.1945524089002224,0.9846056217103,1.3167840753516886,0.08067226890756303,SR,4,4
rheology_enhanced,GradientBoosting,-0.23448366558036904,0.9708356810101264,1.3386117580362586,0.23853211067669652,SR,4,4
engineered,GradientBoosting,-0.2627093472762949,0.9645917570517387,1.3538285212834176,0.2587015903815963,SR,4,4
rheology_enhanced,SVR_RBF,-0.28690658320325624,0.9369111211010055,1.3667386398370467,0.32184873949579834,SR,4,4
rheology_enhanced,XGBoost,-0.34197193336299514,0.9893217318398613,1.395673003288482,0.18616052851075468,SR,4,4
engineered,XGBoost,-0.4007934631238659,1.0088223176138742,1.4259326546830562,0.11891589076013818,SR,4,4
core,SVR_RBF,-0.6882810629588396,1.015024551367262,1.565432464285875,0.22605042016806726,SR,4,4
engineered,LinearRegression,-1.8659775238312117,1.336417451134007,2.039615724841795,0.18683473389355743,SR,4,4
rheology_enhanced,LinearRegression,-104.25741970844645,4.17807983056005,12.360564957035153,0.19747899159663868,SR,4,4
rheology_enhanced,SVR_RBF,0.2946974521905893,0.7685839863180152,1.0428803510399622,0.5977591036414567,SR,4,5
engineered,SVR_RBF,0.2660673931883327,0.7664851080170458,1.063836409910069,0.6022408963585434,SR,4,5
core,SVR_RBF,0.24731048439955317,0.8449272843560176,1.0773447309712096,0.49159663865546227,SR,4,5
rheology_enhanced,XGBoost,0.19241456801290624,0.8518891050066267,1.1159403902683906,0.3550668823050063,SR,4,5
rheology_enhanced,RandomForest,0.14065141048455032,0.9227327621693137,1.1511487410616614,0.3383753501400561,SR,4,5
core,LinearRegression,0.12697292738128496,0.9105005353674775,1.1602741439285909,0.4932773109243698,SR,4,5
rheology_enhanced,GradientBoosting,0.08664215461616342,0.9000269583723555,1.1867718609842102,0.3536909966062119,SR,4,5
engineered,GradientBoosting,0.06564445779942762,0.9295309499030696,1.2003360280404762,0.36557181965130825,SR,4,5
engineered,XGBoost,0.05215636663584,0.9131494085584368,1.2089688394169835,0.305483578030461,SR,4,5
engineered,RandomForest,0.0352668281439541,0.9533459343159496,1.2196925314847893,0.2826330532212885,SR,4,5
core,RandomForest,0.0038565642438079806,0.9576110246581466,1.2393891713411214,0.2285714285714286,SR,4,5
core,XGBoost,-0.011298908029348853,0.9914861667088102,1.2487817056274833,0.22889963382695214,SR,4,5
core,GradientBoosting,-0.047608010444498916,0.9796562306294279,1.271001795049941,0.2721669728340078,SR,4,5
engineered,LinearRegression,-0.21976481414698634,0.8789304029091612,1.3714652541908385,0.6173669467787115,SR,4,5
rheology_enhanced,LinearRegression,-1.8026653484372495,1.1656424992548908,2.078894166781641,0.6204481792717087,SR,4,5
engineered,SVR_RBF,0.4526620288410731,0.6246882168549682,0.9642571955045557,0.6987012987012987,SR,5,1
rheology_enhanced,SVR_RBF,0.3544670672003375,0.6913000446693995,1.0471871418920653,0.6363636363636364,SR,5,1
rheology_enhanced,RandomForest,0.3227648950476735,0.8466840930276152,1.0725926838637276,0.600916730328495,SR,5,1
rheology_enhanced,XGBoost,0.2561163213986908,0.8399148211198696,1.1241327857479093,0.5669977081741787,SR,5,1
engineered,RandomForest,0.23676430497087364,0.8795705990825614,1.138660973721675,0.5449961802902978,SR,5,1
rheology_enhanced,GradientBoosting,0.23344265814509335,0.8599223302880276,1.1411360436393214,0.5449961802902978,SR,5,1
engineered,XGBoost,0.2020813176219708,0.8658164542703068,1.1642450930642823,0.5706646294881589,SR,5,1
core,RandomForest,0.1702728957448818,0.9532437689075623,1.187224192846696,0.5021777468231958,SR,5,1
engineered,GradientBoosting,0.16642163791323406,0.8519593076056592,1.18997631039561,0.5456073338426279,SR,5,1
core,SVR_RBF,0.09489546620646161,0.8575311784260946,1.2399793979844351,0.5828877005347594,SR,5,1
core,XGBoost,0.08026783183189923,0.9968970041836009,1.2499590565398944,0.5024066024289051,SR,5,1
core,LinearRegression,0.03643590327567181,0.9693614125911656,1.2793972239437892,0.4826585179526356,SR,5,1
core,GradientBoosting,-0.032063587501510726,1.033717923604289,1.3240925050385717,0.42887700534759354,SR,5,1
rheology_enhanced,LinearRegression,-1.9604369608343495,1.376726704378251,2.2425545094931345,0.4802139037433155,SR,5,1
engineered,LinearRegression,-2.8903609765085783,1.437940438441423,2.570751213377957,0.494881588999236,SR,5,1
engineered,SVR_RBF,0.2411058809910972,0.8291421554524169,1.189248909920201,0.5022154316271963,SR,5,2
rheology_enhanced,GradientBoosting,0.22124307568826695,0.8546526411335552,1.204711702195047,0.5032090523300924,SR,5,2
rheology_enhanced,SVR_RBF,0.15935480833440718,0.8934895276645434,1.251666229616601,0.47807486631016044,SR,5,2
rheology_enhanced,RandomForest,0.15849877054370776,0.9596084367661222,1.2523033598649613,0.40320855614973256,SR,5,2
rheology_enhanced,XGBoost,0.12035696134942464,0.9450418402166927,1.2803697454495115,0.42420538392600565,SR,5,2
engineered,GradientBoosting,0.11674905390401669,0.9118682205175569,1.2829928142865474,0.43157332837148665,SR,5,2
engineered,RandomForest,-0.01444640422535648,1.0841634554155004,1.3749810789681751,0.27914438502673794,SR,5,2
core,RandomForest,-0.04770617004372513,1.080808344251337,1.397339446115757,0.30883252194324834,SR,5,2
engineered,XGBoost,-0.05705781222096218,1.0583683075624353,1.4035617959089537,0.30195599374560056,SR,5,2
core,SVR_RBF,-0.09999506535137725,0.9987179691045514,1.4317841050981315,0.4450725744843392,SR,5,2
core,XGBoost,-0.10635079062676023,1.076641660129323,1.4359145415237253,0.3221517621129936,SR,5,2
core,GradientBoosting,-0.14133329112318993,1.0276525307063484,1.4584394759699424,0.3325437544392192,SR,5,2
core,LinearRegression,-0.17311245431626787,1.1653679106104478,1.4786043893628367,0.26355996944232235,SR,5,2
rheology_enhanced,LinearRegression,-1.0085868865308485,1.3504800377082835,1.934761692077486,0.2965622612681436,SR,5,2
engineered,LinearRegression,-1.1233933656873378,1.3691012219969192,1.9892867796444502,0.28464476699770813,SR,5,2
core,LinearRegression,0.0024355367664149474,0.9584743758353279,1.25091210808618,0.3628724216959511,SR,5,3
engineered,SVR_RBF,-0.0026826437820690607,0.8145597471348919,1.2541170151882464,0.4569900687547746,SR,5,3
rheology_enhanced,RandomForest,-0.015745598713785558,0.9842862827186433,1.2622599012636413,0.21711229946524063,SR,5,3
rheology_enhanced,XGBoost,-0.0679318011794321,0.9473451459548052,1.2942794957883499,0.3231474407944996,SR,5,3
engineered,RandomForest,-0.07090208822708144,0.9975738938686592,1.2960781650437274,0.19633307868601985,SR,5,3
core,SVR_RBF,-0.09600727671442177,0.9623322019100428,1.3111821558958983,0.4053475935828877,SR,5,3
engineered,GradientBoosting,-0.11356874434299269,0.9051077588978439,1.3216450318473196,0.387012987012987,SR,5,3
rheology_enhanced,SVR_RBF,-0.12120991291145522,0.8799326001357252,1.3261717605947638,0.4255156608097784,SR,5,3
engineered,XGBoost,-0.125529479460873,0.9675818787743063,1.328723905527106,0.30725744843391894,SR,5,3
rheology_enhanced,GradientBoosting,-0.1327690811902984,0.9343109358565556,1.332990347740737,0.40079456148753595,SR,5,3
core,XGBoost,-0.14367146890776983,1.0650459339478437,1.3393897001151582,0.1939032781272143,SR,5,3
core,GradientBoosting,-0.21631728666422423,1.0420123274910449,1.3812737261886665,0.2718313095258584,SR,5,3
core,RandomForest,-0.29481595811134365,1.121147366002462,1.425149199051212,-0.14011765645599333,SR,5,3
engineered,LinearRegression,-2.2995875619973725,1.3488352689970158,2.27502482668307,0.3711229946524064,SR,5,3
rheology_enhanced,LinearRegression,-110.36080176344903,4.419538194804977,13.216683375000759,0.32284186401833453,SR,5,3
engineered,RandomForest,0.14810399049420875,0.8308944602796667,1.0883092725177708,0.44229691876750704,SR,5,4
core,LinearRegression,0.1445909119956834,0.8702663891549206,1.0905509676824674,0.484593837535014,SR,5,4
rheology_enhanced,RandomForest,0.13713755612552225,0.8602509623960695,1.0952917609934036,0.3952380952380953,SR,5,4
core,RandomForest,0.11551941413763966,0.8858622044217689,1.1089275925775057,0.32156862745098047,SR,5,4
engineered,XGBoost,0.0645082988145187,0.8612034572056361,1.1404572412469323,0.38571428571428573,SR,5,4
engineered,GradientBoosting,0.06216608857173511,0.8751139355812594,1.141884042115021,0.35602240896358545,SR,5,4
rheology_enhanced,XGBoost,0.04224455337545674,0.905699565887451,1.153948302660366,0.34761904761904766,SR,5,4
rheology_enhanced,GradientBoosting,0.03910006800785781,0.921560641057623,1.1558410614683974,0.3416205625017397,SR,5,4
core,GradientBoosting,-0.02058145287411306,0.9456245581535498,1.191195031426485,0.38924294513830865,SR,5,4
core,SVR_RBF,-0.03291790083476753,0.8483060028949451,1.1983727899691254,0.39831932773109247,SR,5,4
engineered,SVR_RBF,-0.07793876468582028,0.8255414614353874,1.2242104506456988,0.4254901960784314,SR,5,4
rheology_enhanced,SVR_RBF,-0.08942845801640242,0.8194188774382782,1.2307175547044844,0.42633053221288525,SR,5,4
core,XGBoost,-0.16374484046615945,0.986698740059989,1.2720023736386363,0.19607843137254907,SR,5,4
engineered,LinearRegression,-0.9603627872382796,1.0753937906431332,1.6509246894365792,0.33053221288515405,SR,5,4
rheology_enhanced,LinearRegression,-1.0627139870201199,1.1274794515938573,1.6934740426430728,0.3151260504201681,SR,5,4
engineered,SVR_RBF,0.19046076338704387,0.8334660552842152,1.157468535035796,0.5728291316526611,SR,5,5
rheology_enhanced,GradientBoosting,0.0913510766499207,0.9269728273248138,1.2262762032958245,0.47366946778711494,SR,5,5
rheology_enhanced,SVR_RBF,0.07789152062160765,0.8695218605604728,1.2353250558995312,0.5142857142857143,SR,5,5
engineered,GradientBoosting,-0.019144911463467196,1.008394164224524,1.298698122282671,0.3812324929971989,SR,5,5
rheology_enhanced,XGBoost,-0.04304700728747979,1.0067664588928222,1.3138391021096076,0.42072829131652667,SR,5,5
rheology_enhanced,RandomForest,-0.057168177967779954,0.9953763725692294,1.3227028318144498,0.3182072829131653,SR,5,5
engineered,RandomForest,-0.10145939446370944,1.0173406971277394,1.3501265824674846,0.2795518207282913,SR,5,5
engineered,XGBoost,-0.10421764799828082,1.0156455867767336,1.351816006046989,0.3509803921568628,SR,5,5
core,SVR_RBF,-0.16997633008185797,0.9567551587768234,1.3914858046178236,0.42913165266106446,SR,5,5
core,LinearRegression,-0.2517661268977336,1.1173705145070123,1.4393017055847133,0.34985994397759107,SR,5,5
engineered,LinearRegression,-0.45567811460484786,1.0054484971546578,1.5521115071683562,0.5280112044817927,SR,5,5
core,RandomForest,-0.460539482915838,1.1986263272428623,1.5547010551232399,-0.0565826330532213,SR,5,5
rheology_enhanced,LinearRegression,-0.4930209878370695,0.9999674725278219,1.571893792117204,0.534453781512605,SR,5,5
core,XGBoost,-0.5935771969840398,1.2509165936606272,1.6239654888324004,-0.016949152708654113,SR,5,5
core,GradientBoosting,-0.6910813267039388,1.2488802820891622,1.6729096617505863,0.050843896756101487,SR,5,5
engineered,SVR_RBF,0.6206463406669835,0.5369196620207007,0.7532010360221948,0.7549274255156607,SR,6,1
core,SVR_RBF,0.594612552432108,0.5858099779495082,0.7786170657746051,0.7252864782276546,SR,6,1
engineered,XGBoost,0.5482626453263846,0.6359191588233499,0.8219242083502575,0.7430099312452253,SR,6,1
engineered,GradientBoosting,0.5387707831346845,0.6521551707955618,0.8305144152951235,0.7026737967914438,SR,6,1
rheology_enhanced,XGBoost,0.5124240801192268,0.6879550091238582,0.8539056639653372,0.6999236058059586,SR,6,1
rheology_enhanced,GradientBoosting,0.49258987285404465,0.6852735806524503,0.8711006449223158,0.707868601986249,SR,6,1
rheology_enhanced,SVR_RBF,0.45543557918132216,0.6266204762586606,0.9024297446130098,0.6803666921313979,SR,6,1
engineered,RandomForest,0.4466703337271988,0.7686189959150324,0.9096634545725049,0.6271963330786859,SR,6,1
rheology_enhanced,RandomForest,0.43024654472881974,0.7459220257158412,0.923064935394847,0.6174178762414056,SR,6,1
core,RandomForest,0.302170800007563,0.8467555916588859,1.0215587285622658,0.43651642475171887,SR,6,1
core,LinearRegression,0.2846189493387403,0.8520780912785156,1.0343261052567936,0.5685255920550037,SR,6,1
core,XGBoost,0.25960652866332257,0.8310336623472325,1.052252727487244,0.4973262032085561,SR,6,1
core,GradientBoosting,0.2529261073232749,0.8119217209292221,1.0569891997543979,0.4522881822352674,SR,6,1
engineered,LinearRegression,0.22761800870295879,0.6520039454051902,1.0747435304358892,0.6601986249045072,SR,6,1
rheology_enhanced,LinearRegression,-0.018737639958096963,0.8082127212934405,1.234297775124455,0.5972498090145149,SR,6,1
engineered,SVR_RBF,0.41801806886276593,0.7056227290079742,1.0172476004693765,0.6721161191749426,SR,6,2
engineered,GradientBoosting,0.3742250889766968,0.7015004529312511,1.0548264153759486,0.6094728800611153,SR,6,2
rheology_enhanced,GradientBoosting,0.3441351743189893,0.7785700854661455,1.0798889406948262,0.5648586707410237,SR,6,2
rheology_enhanced,XGBoost,0.31597696888666216,0.7966224724264706,1.102826734929891,0.5489686783804429,SR,6,2
rheology_enhanced,SVR_RBF,0.3119708851536288,0.7755447786934714,1.1060514556057828,0.6354469060351413,SR,6,2
engineered,XGBoost,0.2954232940332915,0.7602275818095487,1.119273093814357,0.5645530939648585,SR,6,2
engineered,RandomForest,0.258131469209006,0.8289827548029314,1.148511632050434,0.547440794499618,SR,6,2
rheology_enhanced,RandomForest,0.2390025828893544,0.867789327575474,1.1632244304854804,0.5260504201680672,SR,6,2
core,SVR_RBF,0.144309183550291,0.8562685009638149,1.233475020769599,0.5697478991596637,SR,6,2
core,LinearRegression,0.11169688257875077,0.9402177038379388,1.2567604832435004,0.5352177234530175,SR,6,2
core,RandomForest,0.10907938007038764,0.9455863771397435,1.258610726660214,0.38579067990832694,SR,6,2
core,XGBoost,0.0366489485711079,0.9660273466110229,1.3087726516285854,0.36717854794302285,SR,6,2
core,GradientBoosting,0.0319572326933798,0.9084122676388652,1.3119557754411304,0.3635113464654396,SR,6,2
engineered,LinearRegression,-0.3481001464714655,1.0307098077248453,1.5482211692943495,0.5651642475171886,SR,6,2
rheology_enhanced,LinearRegression,-0.683029665129748,1.2209854962871307,1.729887294495598,0.5553857906799083,SR,6,2
engineered,SVR_RBF,0.0129672229914094,1.0165530500693083,1.2835313476473718,0.4242933537051184,SR,6,3
core,GradientBoosting,-0.10399062619713217,0.9725025170327228,1.3574485734277126,0.22841864018334607,SR,6,3
rheology_enhanced,SVR_RBF,-0.11803374350282736,1.052650404271681,1.366054883278321,0.37967914438502676,SR,6,3
core,LinearRegression,-0.18346843866221896,1.1087048161338648,1.40546175662828,0.27669977081741787,SR,6,3
rheology_enhanced,RandomForest,-0.21090254851325718,1.118034869281046,1.4216585101911139,0.010542398777692894,SR,6,3
engineered,RandomForest,-0.272618666132056,1.1479791262449426,1.4574371550551042,-0.014820473644003056,SR,6,3
core,XGBoost,-0.31949321721155677,1.219834403374616,1.4840354439874834,-0.011001604432749747,SR,6,3
core,RandomForest,-0.32532415529922276,1.1681221883541297,1.487310860576207,-0.11016884438906344,SR,6,3
rheology_enhanced,GradientBoosting,-0.34129814968437255,1.1530420684150275,1.496247215648138,0.16699770817417878,SR,6,3
engineered,GradientBoosting,-0.3953465202449227,1.0975821003247728,1.5260955617863858,0.2088617265087853,SR,6,3
rheology_enhanced,XGBoost,-0.4542096156298574,1.1732040335150327,1.5579524499448645,0.12239284931434094,SR,6,3
core,SVR_RBF,-0.49387450493670415,1.2189138831114512,1.5790567927838832,0.1660809778456837,SR,6,3
engineered,XGBoost,-0.6028792257592002,1.2110451937282787,1.6356526914668543,0.05087853323147441,SR,6,3
engineered,LinearRegression,-1.5734310937963958,1.2927166459910775,2.0725115738898507,0.35645530939648584,SR,6,3
rheology_enhanced,LinearRegression,-113.76876521968758,4.472138717861099,13.840524456602287,0.2449197860962567,SR,6,3
engineered,SVR_RBF,0.15615092783635431,0.8363795751755216,1.2227175463004616,0.5246498599439776,SR,6,4
rheology_enhanced,RandomForest,0.06686926764324197,1.028766272242836,1.2857750742950496,0.3708683473389356,SR,6,4
rheology_enhanced,SVR_RBF,0.05829365125793573,0.8934478859177334,1.291669798246272,0.47114845938375355,SR,6,4
core,LinearRegression,0.05636164290851009,1.0348199034039638,1.2929941167010477,0.4554621848739496,SR,6,4
engineered,GradientBoosting,0.04223193776233114,0.89144832076299,1.3026385647334082,0.369467787114846,SR,6,4
engineered,RandomForest,-0.018755842390338007,1.0607159207482977,1.3434725956590998,0.3047619047619048,SR,6,4
rheology_enhanced,XGBoost,-0.05661327015362527,1.0170690378461569,1.3682069314169814,0.3179494370147393,SR,6,4
rheology_enhanced,GradientBoosting,-0.0635420763996033,1.0004120068869484,1.372685651428273,0.31741140527115885,SR,6,4
engineered,XGBoost,-0.1530558037845593,1.0289324864523752,1.4292852732038197,0.24891441622544103,SR,6,4
core,SVR_RBF,-0.15435445094554479,1.0343582884956142,1.430089924168837,0.40140056022408965,SR,6,4
core,RandomForest,-0.26769654508132645,1.2334577433999863,1.4986541106162012,0.0559019298739687,SR,6,4
core,XGBoost,-0.4645973150117131,1.2811101180485318,1.6108417333582452,0.10399441936799805,SR,6,4
engineered,LinearRegression,-0.5826493772973342,1.076163962327306,1.6745036999630023,0.37647058823529417,SR,6,4
core,GradientBoosting,-0.6934677810137668,1.3112717080821814,1.7321369456411662,0.09641933106514403,SR,6,4
rheology_enhanced,LinearRegression,-285.2798745233862,7.228407233642405,22.521077493976993,0.32296918767507005,SR,6,4
engineered,SVR_RBF,0.08492254785871112,0.7067434614664326,1.152847817839343,0.5288515406162465,SR,6,5
rheology_enhanced,SVR_RBF,0.01021828284809878,0.7344231794401532,1.198982290491157,0.5028011204481793,SR,6,5
rheology_enhanced,RandomForest,-0.051050538414546986,0.9446435788153652,1.2355344358232403,0.2647058823529412,SR,6,5
core,LinearRegression,-0.08734275052483698,0.962040025254663,1.2566845805906681,0.33277310924369746,SR,6,5
engineered,RandomForest,-0.11208252097736726,0.9615757157974313,1.2709005338242199,0.207843137254902,SR,6,5
rheology_enhanced,GradientBoosting,-0.1302283562490698,0.8983954445033151,1.281227212512901,0.3532212885154062,SR,6,5
rheology_enhanced,XGBoost,-0.13108231469377518,0.9123317514147077,1.2817111448977176,0.28907563025210087,SR,6,5
engineered,GradientBoosting,-0.17841468211978295,0.8896185915745658,1.3082541682311684,0.29887955182072834,SR,6,5
engineered,XGBoost,-0.1982002274858483,0.9211596549987793,1.3191912242456414,0.1834733893557423,SR,6,5
core,RandomForest,-0.25218334897341865,1.0848512524943321,1.3485809386740164,0.027450980392156866,SR,6,5
core,XGBoost,-0.2838558258346888,1.0962360039302281,1.3655298018314632,0.17030812324929973,SR,6,5
core,GradientBoosting,-0.43170320744223134,1.0663395668826101,1.4420142551465631,0.20840336134453782,SR,6,5
core,SVR_RBF,-0.44360471305914984,0.9474515397946963,1.4479954604888767,0.2697478991596639,SR,6,5
engineered,LinearRegression,-1.2654943126020881,1.092864396533794,1.813946787630201,0.2677871148459384,SR,6,5
rheology_enhanced,LinearRegression,-2.6763907324148404,1.4669299986527893,2.31075491801939,0.2165266106442577,SR,6,5
rheology_enhanced,RandomForest,0.3168766384508377,0.8621995287503892,1.098456375100204,0.5333842627960275,SR,7,1
core,LinearRegression,0.3016310013021686,0.9003003199151752,1.1106461642646155,0.5752482811306341,SR,7,1
engineered,XGBoost,0.25992621273669103,0.8441256564084221,1.1433277802120645,0.5257448433919022,SR,7,1
rheology_enhanced,XGBoost,0.24390491052696195,0.8287814433714923,1.155637041105252,0.5236058059587472,SR,7,1
rheology_enhanced,SVR_RBF,0.23868277057112974,0.7988699196726831,1.1596210068373698,0.6452253628724216,SR,7,1
engineered,RandomForest,0.23682373874771534,0.9098542635069177,1.161035960979388,0.4774637127578304,SR,7,1
engineered,SVR_RBF,0.22067060670046268,0.8101642395989546,1.1732586724941325,0.626585179526356,SR,7,1
core,SVR_RBF,0.19205173312396828,0.8341624819130734,1.1946069078133268,0.5688311688311688,SR,7,1
core,RandomForest,0.06489370011406392,1.035971638468013,1.2851793427356921,0.3457865393237872,SR,7,1
core,XGBoost,0.016518195330596952,1.0384633259492764,1.3180030328815615,0.33875773649175267,SR,7,1
engineered,GradientBoosting,0.0016993730759469194,0.9025905141669776,1.3278955539601676,0.46860198624904503,SR,7,1
rheology_enhanced,GradientBoosting,-0.004093155881785382,0.9255662901566972,1.3317424652436358,0.45760122230710465,SR,7,1
core,GradientBoosting,-0.1678878748565822,1.0733586999996678,1.4362624941367572,0.3397524230249407,SR,7,1
engineered,LinearRegression,-0.2420946934693684,0.9894726983075998,1.4811894091151938,0.4875477463712758,SR,7,1
rheology_enhanced,LinearRegression,-4.568024769342196,1.7639476228282593,3.136056108059097,0.3515660809778457,SR,7,1
engineered,SVR_RBF,0.3342618087755542,0.7906911802124629,1.0833701892740204,0.6125286478227654,SR,7,2
rheology_enhanced,SVR_RBF,0.24207613807804784,0.8308582614260163,1.1559470350422945,0.5795263559969441,SR,7,2
engineered,GradientBoosting,0.15913537946241485,0.8445015664469249,1.2175538692463792,0.5387730170816057,SR,7,2
rheology_enhanced,GradientBoosting,0.11359009260208808,0.9374274080902952,1.250093353087489,0.4684849887612601,SR,7,2
rheology_enhanced,RandomForest,0.0528388934196804,1.0214111359321505,1.2922218296290335,0.29258976317799845,SR,7,2
engineered,XGBoost,0.027948921085271472,0.9795482392030604,1.3090905522186473,0.45931698506730195,SR,7,2
rheology_enhanced,XGBoost,-0.006764632065516141,1.0255354365180522,1.3322604036739851,0.38762414056531697,SR,7,2
engineered,RandomForest,-0.014558259989888134,1.0529758894335517,1.3374071501458187,0.2360580595874713,SR,7,2
core,SVR_RBF,-0.08477376246564461,1.0157319382876888,1.3829125929805854,0.40840336134453775,SR,7,2
core,LinearRegression,-0.11788455093353889,1.0875064158654713,1.403859426058273,0.33414820473644,SR,7,2
engineered,LinearRegression,-0.3818978779299129,1.003990863451043,1.5608570135371787,0.5972498090145149,SR,7,2
core,RandomForest,-0.39390753992926975,1.2706565895368254,1.567624812333109,-0.24539689887494576,SR,7,2
core,GradientBoosting,-0.44332381849518243,1.163898701396132,1.5951702246984347,0.02582518367561057,SR,7,2
core,XGBoost,-0.761398843403126,1.4091499931111056,1.7621951379006309,-0.24805136417880289,SR,7,2
rheology_enhanced,LinearRegression,-698.5514088129166,10.900267736172653,35.11841955570203,0.37326203208556147,SR,7,2
engineered,GradientBoosting,0.32861581818565133,0.6687666714008772,0.9663331535087967,0.6302521008403361,SR,7,3
engineered,SVR_RBF,0.25813814458732065,0.6959795193110119,1.0157874622980068,0.5685255920550037,SR,7,3
engineered,XGBoost,0.17630460894964062,0.7598666871575749,1.0703471213106317,0.5162719633307868,SR,7,3
rheology_enhanced,GradientBoosting,0.17123274935127042,0.7687797268776224,1.0736373663175351,0.4854087089381207,SR,7,3
rheology_enhanced,XGBoost,0.12918480743730987,0.7905868164511287,1.1005361839398486,0.4884644766997708,SR,7,3
rheology_enhanced,RandomForest,0.11755147711817071,0.8312954929971997,1.1078628965533086,0.411764705882353,SR,7,3
core,RandomForest,0.09051556549942141,0.8585627568295005,1.124705872470986,0.3943468296409473,SR,7,3
engineered,RandomForest,0.07495051668152075,0.8564817774276378,1.1342892335551331,0.41145912910618787,SR,7,3
core,GradientBoosting,0.06473183196128152,0.840263032056203,1.1405370665763699,0.5160058079082764,SR,7,3
rheology_enhanced,SVR_RBF,-0.027853310435435263,0.8318461310910932,1.195657787701718,0.40718105423987777,SR,7,3
core,XGBoost,-0.03670204164018509,0.9676568583881152,1.2007934335122905,0.3423987776928953,SR,7,3
core,LinearRegression,-0.19450117466818861,1.0330549809789422,1.2889456880635155,0.19083269671504965,SR,7,3
core,SVR_RBF,-0.2796172129573269,0.8974538389173059,1.3340784354510273,0.362566844919786,SR,7,3
engineered,LinearRegression,-1.4114793153328309,1.1441240802706139,1.8313995281181008,0.1868601986249045,SR,7,3
rheology_enhanced,LinearRegression,-2.7721935038765046,1.53697673443601,2.290542260022397,0.06829640947288004,SR,7,3
rheology_enhanced,GradientBoosting,0.21607969188909282,0.783720407500049,1.1005839678822118,0.49159663865546227,SR,7,4
engineered,GradientBoosting,0.141642806311426,0.8751179061930762,1.1516519575051987,0.4375350140056022,SR,7,4
engineered,RandomForest,0.13079709084349034,0.9127923706349209,1.15890492932818,0.3557422969187675,SR,7,4
engineered,SVR_RBF,0.11983635669778325,0.809977451370428,1.1661889906369762,0.4817927170868348,SR,7,4
rheology_enhanced,RandomForest,0.10166502430725632,0.9143371754346181,1.178165710747232,0.3210084033613445,SR,7,4
engineered,XGBoost,0.10164277425135704,0.8911248719896588,1.178180301123492,0.3535014005602241,SR,7,4
rheology_enhanced,XGBoost,0.08370134699609721,0.8994121246882847,1.1898870791057259,0.37535014005602246,SR,7,4
core,GradientBoosting,0.046686310248655105,0.9007462647036075,1.2136826380314416,0.38672176017519616,SR,7,4
core,XGBoost,0.04311195989287342,0.9362701086316789,1.2159557975812387,0.31797170784004003,SR,7,4
core,LinearRegression,-0.061833484799087346,0.9870120900424612,1.280900611065378,0.43949579831932784,SR,7,4
core,RandomForest,-0.07639517311862787,1.013050079729265,1.289653660930433,0.07760190579003619,SR,7,4
rheology_enhanced,SVR_RBF,-0.13487142001203467,0.8952028837541186,1.3242212538734992,0.4344537815126051,SR,7,4
core,SVR_RBF,-0.21770879402708143,0.9263466150817564,1.37169939069842,0.33053221288515405,SR,7,4
engineered,LinearRegression,-1.2219783797398982,1.1540864907253656,1.8529220049341304,0.34985994397759107,SR,7,4
rheology_enhanced,LinearRegression,-1.4394088594241583,1.1961628393563741,1.9414648088088717,0.3445378151260505,SR,7,4
engineered,SVR_RBF,0.22244934458604837,0.6996800809313289,1.1445081526725813,0.5677871148459385,SR,7,5
rheology_enhanced,SVR_RBF,0.1385896085371936,0.7713265614251525,1.2046464301714679,0.5439775910364146,SR,7,5
rheology_enhanced,RandomForest,0.02429875766043299,1.0136868268707484,1.2820736480637196,0.29859943977591036,SR,7,5
rheology_enhanced,XGBoost,-0.004426287965898279,0.9612648440224785,1.300809140755246,0.3789915966386555,SR,7,5
core,GradientBoosting,-0.029457273005439655,0.9700847791957541,1.3169179213868951,0.41487499226328545,SR,7,5
engineered,RandomForest,-0.04984804012687416,1.0324636024805882,1.3298962629823419,0.23921568627450984,SR,7,5
core,LinearRegression,-0.07480587457971266,1.021392937230116,1.3456110984699254,0.2904761904761905,SR,7,5
rheology_enhanced,GradientBoosting,-0.09115522236027318,1.0530619333698061,1.3558068148573204,0.3036414565826331,SR,7,5
core,SVR_RBF,-0.10843726751070437,0.9237872329816188,1.366501473312974,0.4084033613445379,SR,7,5
engineered,XGBoost,-0.1106054025857437,0.9906582820892333,1.367837278444055,0.315406162464986,SR,7,5
core,XGBoost,-0.15232900334000354,1.0912405968802317,1.3932940779740328,0.27522935847311136,SR,7,5
engineered,GradientBoosting,-0.2083367747274163,1.0742687090448308,1.4267521684306663,0.22717086834733893,SR,7,5
core,RandomForest,-0.25357330841538395,1.165470673946953,1.4532134639728096,-0.026330532212885158,SR,7,5
rheology_enhanced,LinearRegression,-1.093378977014806,1.1025816818950969,1.8779259962101944,0.5103641456582634,SR,7,5
engineered,LinearRegression,-1.3895320782171874,1.1962942364957314,2.0063697773735516,0.461624649859944,SR,7,5
engineered,SVR_RBF,0.32660230280018476,0.6728370198150152,0.9611181309346755,0.6012223071046601,SR,8,1
rheology_enhanced,XGBoost,0.31381106110398027,0.6924340011372285,0.9702034466927559,0.5703590527119938,SR,8,1
engineered,XGBoost,0.2889626285186374,0.6848348721335917,0.9876138468072074,0.5660809778456837,SR,8,1
rheology_enhanced,GradientBoosting,0.27603701509329603,0.7103146719126439,0.9965501011666482,0.5456073338426279,SR,8,1
engineered,GradientBoosting,0.2587412713266314,0.7030841705793541,1.0083838158243374,0.5709702062643239,SR,8,1
rheology_enhanced,RandomForest,0.2543270125044724,0.7750188780522311,1.0113818647668305,0.4872421695951108,SR,8,1
engineered,RandomForest,0.213963214981171,0.7845869635818986,1.0383945305045141,0.493353705118411,SR,8,1
rheology_enhanced,SVR_RBF,0.16524447709129675,0.7676950065219648,1.0700907430173372,0.5269671504965622,SR,8,1
core,RandomForest,0.06678937092339832,0.9091476455415508,1.1314380892106826,0.38548510313216194,SR,8,1
core,GradientBoosting,-0.017087710176520998,0.9044818726926094,1.1811910833971397,0.33750954927425514,SR,8,1
core,XGBoost,-0.02621987778566015,0.9397047574660358,1.1864820380949928,0.3300481329824924,SR,8,1
core,LinearRegression,-0.10166584406087775,0.9330368198525981,1.2293226939299626,0.32895339954163483,SR,8,1
core,SVR_RBF,-0.14320273100232517,0.861049265825739,1.2522832832685522,0.43315508021390364,SR,8,1
engineered,LinearRegression,-1.0449640149921864,0.9891908708365984,1.674880366572449,0.3986249045072574,SR,8,1
rheology_enhanced,LinearRegression,-119.51952652125624,4.020890355285209,12.857888785165613,0.39618029029793733,SR,8,1
engineered,SVR_RBF,-0.08014897288012746,1.0116810923577613,1.3984334743839386,0.33445378151260496,SR,8,2
rheology_enhanced,SVR_RBF,-0.14660237912304086,1.0252986494802778,1.4408089644843558,0.32711993888464475,SR,8,2
rheology_enhanced,GradientBoosting,-0.21138831542963232,1.1964662423439294,1.4809543536843177,0.20371361427733423,SR,8,2
rheology_enhanced,RandomForest,-0.21545721667340767,1.2059977500000008,1.4834394385208318,0.15905271199388846,SR,8,2
core,XGBoost,-0.2869264397548641,1.1877492800319898,1.526429829384878,0.07715813598166539,SR,8,2
engineered,RandomForest,-0.3073934230461721,1.2458556388924258,1.5385199445639908,0.06615737203972498,SR,8,2
rheology_enhanced,XGBoost,-0.30838467610488873,1.219118411400739,1.5391030795299736,0.20200168139021066,SR,8,2
core,RandomForest,-0.3284353083165854,1.2784999714830383,1.5508514045779966,-0.010390404186485873,SR,8,2
core,SVR_RBF,-0.33810038871204817,1.1008021499487584,1.556482818730294,0.2189457601222307,SR,8,2
core,LinearRegression,-0.3619913484333164,1.2456014038178014,1.5703163664095563,0.15355233002291827,SR,8,2
engineered,GradientBoosting,-0.3952771478677495,1.2784592237667816,1.589389074384444,0.076870178530757,SR,8,2
engineered,XGBoost,-0.44842645676726844,1.2799440327812643,1.6193778965211978,0.12757830404889228,SR,8,2
core,GradientBoosting,-0.7978837468996889,1.322017375649944,1.8041838286980145,0.007793398624000824,SR,8,2
engineered,LinearRegression,-0.8169014413661597,1.2464568509519056,1.8137008952488196,0.3002291825821238,SR,8,2
rheology_enhanced,LinearRegression,-1.091554462980028,1.4218117324833681,1.945962969178132,0.22200152788388078,SR,8,2
core,LinearRegression,-0.15120184154036598,1.0206622520687896,1.3613963345391704,0.27028265851795263,SR,8,3
core,XGBoost,-0.17809944937878042,1.0200645984761856,1.3772088842635712,0.17938727227844728,SR,8,3
core,RandomForest,-0.17995059943702407,1.0268745475801433,1.3782904651166883,-0.010084804063353936,SR,8,3
rheology_enhanced,RandomForest,-0.1845550424359257,1.0183661361655771,1.3809770524994789,0.056073338426279595,SR,8,3
core,GradientBoosting,-0.22775908037782777,0.9958592047122359,1.4059355631179966,0.3117121255945762,SR,8,3
engineered,RandomForest,-0.24013749945805274,1.0466161897228583,1.413005196797666,0.045072574484339184,SR,8,3
engineered,GradientBoosting,-0.34139844308383194,1.004292542981271,1.469561406706308,0.26189930552407037,SR,8,3
engineered,SVR_RBF,-0.34219078382474155,1.061581837873029,1.469995364820632,0.29472880061115353,SR,8,3
rheology_enhanced,GradientBoosting,-0.4189722166035488,1.0255239308547546,1.5114569613355364,0.16349606587558652,SR,8,3
engineered,XGBoost,-0.421118792129239,1.030924064355738,1.5125997710337282,0.14499618029029793,SR,8,3
rheology_enhanced,XGBoost,-0.44661226393134323,1.0401656228233787,1.5261067401012745,0.10741023682200151,SR,8,3
rheology_enhanced,SVR_RBF,-0.4978167158341973,1.1221179123089442,1.5528809978989868,0.2904507257448434,SR,8,3
engineered,LinearRegression,-0.9403913821890717,1.0933980035162685,1.7674759281420875,0.33139801375095496,SR,8,3
core,SVR_RBF,-1.0932982107608713,1.2635414664172604,1.8357958774609577,0.07746371275783039,SR,8,3
rheology_enhanced,LinearRegression,-1.2555361558338873,1.1959769674945842,1.9056087386545533,0.2589763177998472,SR,8,3
core,LinearRegression,0.2992118763530487,0.8951082402746869,1.0600179050489822,0.5361344537815127,SR,8,4
rheology_enhanced,XGBoost,0.2790906076153591,0.7847352961403983,1.0751280096476379,0.5246498599439776,SR,8,4
rheology_enhanced,RandomForest,0.27759096592329047,0.8481158406651551,1.0762456738035597,0.49747899159663866,SR,8,4
rheology_enhanced,GradientBoosting,0.26741598491571317,0.8101657051551269,1.0837985199752687,0.5198879551820729,SR,8,4
engineered,RandomForest,0.18760104254263232,0.8916038561602424,1.1413123407777779,0.4000000000000001,SR,8,4
engineered,GradientBoosting,0.17514832606170105,0.8443610128118398,1.1500262793532194,0.484593837535014,SR,8,4
engineered,SVR_RBF,0.14074715938203564,0.8540157388695,1.1737627499387024,0.5011204481792717,SR,8,4
rheology_enhanced,SVR_RBF,0.1225815187669429,0.8294906781916244,1.1861052369306346,0.5249299719887955,SR,8,4
core,SVR_RBF,0.12135517662212847,0.8849810197293848,1.1869338397999785,0.4708683473389356,SR,8,4
engineered,XGBoost,0.11415555246226317,0.8811520430428642,1.1917867924638683,0.380952380952381,SR,8,4
core,RandomForest,-0.05930945679674737,1.0239658528722602,1.3032605798775383,0.19609216379763658,SR,8,4
core,XGBoost,-0.0686413119069349,1.0172780505044121,1.3089884489171302,0.2909574904887268,SR,8,4
core,GradientBoosting,-0.09781471077084425,0.9630603557439003,1.3267355234114793,0.3168511027022778,SR,8,4
engineered,LinearRegression,-0.3702973505318816,1.0052129383646138,1.482269742731207,0.5179271708683474,SR,8,4
rheology_enhanced,LinearRegression,-0.7652491115184634,1.193528339868129,1.6823751130398816,0.43109243697479,SR,8,4
engineered,SVR_RBF,0.41659621091442345,0.6635429619381342,1.0080291598621456,0.6736694677871149,SR,8,5
rheology_enhanced,SVR_RBF,0.39871077285127265,0.6666877895893517,1.0233641152403607,0.6647058823529413,SR,8,5
rheology_enhanced,RandomForest,0.0858968325346845,0.9875295964852614,1.2617870899271575,0.419327731092437,SR,8,5
engineered,GradientBoosting,0.048032304691661976,0.960378216334686,1.2876551767196742,0.43196302367993655,SR,8,5
rheology_enhanced,GradientBoosting,0.04211814762151689,0.9862772113717189,1.291648801622755,0.41988795518207284,SR,8,5
engineered,RandomForest,0.0005848454916012047,1.0339088930358007,1.3193543032890713,0.311484593837535,SR,8,5
core,SVR_RBF,-0.020169387552233742,0.9201083193031081,1.3329830172954136,0.4288515406162466,SR,8,5
core,LinearRegression,-0.17332148924422341,1.1091240598286742,1.4295422159053217,0.38907563025210085,SR,8,5
rheology_enhanced,XGBoost,-0.17579027426661886,1.078847460610526,1.431045375069471,0.280952380952381,SR,8,5
core,GradientBoosting,-0.2502179932804407,1.0633494181274354,1.475643146673291,0.19441137382222826,SR,8,5
core,RandomForest,-0.2569817798460954,1.1985674925547998,1.479629440387383,0.08907563025210086,SR,8,5
core,XGBoost,-0.3020034294324576,1.1740982286725727,1.505894464021943,0.055886266682326435,SR,8,5
engineered,XGBoost,-0.3083203852010792,1.1650483041490827,1.5095431327625253,0.15366297951564928,SR,8,5
rheology_enhanced,LinearRegression,-22084.146141431993,34.18758694907754,196.1275536813688,0.5103641456582634,SR,8,5
engineered,LinearRegression,-25347.90619548425,36.474180120580336,210.12033512876832,0.5481792717086835,SR,8,5
core,LinearRegression,-0.10922690750296749,1.0941481333232796,1.370161479371186,0.2987012987012987,SR,9,1
rheology_enhanced,XGBoost,-0.1641733084669117,1.090143517774694,1.4036873125039286,0.18227654698242934,SR,9,1
rheology_enhanced,RandomForest,-0.1740987725887082,1.1259760804720873,1.4096583642879796,0.09243697478991594,SR,9,1
engineered,RandomForest,-0.23564095641689287,1.1252710091991338,1.4461312233544568,0.0374331550802139,SR,9,1
engineered,XGBoost,-0.27154714824228576,1.1321319405611823,1.4669921492450229,0.056378915202444604,SR,9,1
engineered,SVR_RBF,-0.2846333816156139,1.0909598146947683,1.4745216621208965,0.31764705882352934,SR,9,1
rheology_enhanced,GradientBoosting,-0.29713007826939664,1.1353304690407737,1.4816762534614085,0.1608861726508785,SR,9,1
core,RandomForest,-0.3966001841180604,1.2773906036343832,1.5374379715977595,-0.14075036665373203,SR,9,1
core,XGBoost,-0.40691092582823063,1.3105079029307645,1.5431027908710615,0.05699877817161387,SR,9,1
engineered,GradientBoosting,-0.4104627005322121,1.204652187585534,1.545049359999642,0.12727272727272726,SR,9,1
rheology_enhanced,SVR_RBF,-0.5047356942083605,1.1858405010009359,1.595848527166188,0.23666921313980135,SR,9,1
core,GradientBoosting,-0.6170762618620116,1.3788336454197179,1.654347755315078,-0.09474327738981393,SR,9,1
core,SVR_RBF,-0.8682990896639857,1.3044617700610412,1.7782169952047098,0.14774637127578302,SR,9,1
engineered,LinearRegression,-1.8204903051472567,1.5298863341126459,2.1848612448549036,0.15844155844155844,SR,9,1
rheology_enhanced,LinearRegression,-2.275950955146884,1.7225098481781937,2.354671087332997,0.120244461420932,SR,9,1
rheology_enhanced,RandomForest,0.07017231472524044,0.9677677284858386,1.2510308688776126,0.33445378151260496,SR,9,2
engineered,RandomForest,0.041722930537621106,0.9851237308590098,1.2700251973850647,0.3286478227654698,SR,9,2
core,RandomForest,-0.04948594068226031,1.087106997326204,1.3290921774921265,0.2400305576776165,SR,9,2
core,XGBoost,-0.07212123345213817,1.0488649422140686,1.3433486342003509,0.2898395721925134,SR,9,2
rheology_enhanced,SVR_RBF,-0.09527160004299806,1.0234966178740648,1.3577746711886325,0.362566844919786,SR,9,2
engineered,XGBoost,-0.10443173795848204,0.9470678584154916,1.3634406205474063,0.33333334890571104,SR,9,2
core,GradientBoosting,-0.10512497274658594,1.0441010016568755,1.3638684587579064,0.34031173991470265,SR,9,2
engineered,SVR_RBF,-0.166426335522601,1.0196432208690223,1.4011848976241783,0.38242933537051177,SR,9,2
engineered,GradientBoosting,-0.18844513468952462,1.0268225585983448,1.4143482517246506,0.29337611820666,SR,9,2
rheology_enhanced,XGBoost,-0.20598613713315062,1.0042252429513372,1.4247476431774742,0.29123691734473633,SR,9,2
core,LinearRegression,-0.23831245278296498,1.0932258571980635,1.4437164654723054,0.2953399541634836,SR,9,2
rheology_enhanced,GradientBoosting,-0.26252748363945333,1.0777595867280727,1.4577639628677945,0.2077028982865022,SR,9,2
core,SVR_RBF,-0.33920643644681703,1.1069565594372872,1.5013797480170747,0.2660045836516424,SR,9,2
engineered,LinearRegression,-1.638678554661246,1.2063649905686713,2.107463361763127,0.3558441558441558,SR,9,2
rheology_enhanced,LinearRegression,-212.66219123482097,5.950201146450042,18.96402977190865,0.2696715049656226,SR,9,2
engineered,SVR_RBF,0.23449257496794806,0.6736335831025315,1.1025216767968464,0.5679144385026738,SR,9,3
engineered,GradientBoosting,0.2153394304796823,0.7533265493250534,1.1162291190552667,0.5360635759410762,SR,9,3
core,RandomForest,0.21345938891023442,0.8395889879608401,1.117565557827461,0.547024220406168,SR,9,3
rheology_enhanced,RandomForest,0.2127142520360319,0.8238193352785547,1.1180948007948237,0.5260504201680672,SR,9,3
rheology_enhanced,GradientBoosting,0.21157629584808313,0.7656191500861058,1.1189025656159433,0.5375916933183313,SR,9,3
engineered,RandomForest,0.15582322438255103,0.833606143674136,1.1577882378340094,0.549579831932773,SR,9,3
rheology_enhanced,XGBoost,0.14527380030016424,0.7609105424319997,1.165000043098929,0.5694423223834988,SR,9,3
core,LinearRegression,0.1009144220480952,0.9120738871253025,1.1948487919967703,0.5416348357524827,SR,9,3
rheology_enhanced,SVR_RBF,0.09073727305223489,0.74419096553454,1.2015922746680676,0.5483575248281131,SR,9,3
engineered,XGBoost,0.08927873026708344,0.7883994178210987,1.2025556219113422,0.5401069518716577,SR,9,3
core,SVR_RBF,0.0737256811697955,0.746624186023907,1.2127806100567458,0.5948051948051948,SR,9,3
core,GradientBoosting,0.07001881903767981,0.7794623224455183,1.215204903622973,0.555012231419039,SR,9,3
core,XGBoost,-0.006960435145392685,0.9118418690176572,1.2644994262385592,0.46118582445557815,SR,9,3
engineered,LinearRegression,-0.855071127989462,1.0554751201934707,1.7162980785675506,0.5092436974789916,SR,9,3
rheology_enhanced,LinearRegression,-1.077096975053287,1.2119582154537123,1.8161044384701817,0.42918258212375854,SR,9,3
engineered,SVR_RBF,0.29397897115530125,0.7345750570937711,1.0754527325430099,0.5775910364145659,SR,9,4
rheology_enhanced,SVR_RBF,0.22363994927392128,0.7585848657110273,1.1277532799852175,0.5635854341736695,SR,9,4
engineered,GradientBoosting,0.22037373694664808,0.7653094090115009,1.1301230667937088,0.5056022408963585,SR,9,4
rheology_enhanced,GradientBoosting,0.20942998609412378,0.7768086487984392,1.1380272932426643,0.4747899159663866,SR,9,4
rheology_enhanced,RandomForest,0.15343096409643764,0.8886764359410435,1.177643119075554,0.38599439775910366,SR,9,4
rheology_enhanced,XGBoost,0.10741922525407488,0.8442270638602121,1.2092226495126912,0.4274509803921569,SR,9,4
engineered,RandomForest,0.06490775630322942,0.9317874649659862,1.237683885036914,0.3778711484593838,SR,9,4
engineered,XGBoost,0.051878474965771026,0.8608967130388532,1.246276804891889,0.43697478991596644,SR,9,4
core,SVR_RBF,-0.14667798026813417,0.9155206795387016,1.370576387385733,0.4341736694677871,SR,9,4
core,LinearRegression,-0.14915694265025792,1.039979134880687,1.3720570877459002,0.2736694677871148,SR,9,4
core,RandomForest,-0.1809053594634662,1.0514136797052154,1.3908812603851441,0.10224089635854341,SR,9,4
core,GradientBoosting,-0.29867145753394797,1.0669212355710889,1.4585863898792484,0.15742296918767507,SR,9,4
engineered,LinearRegression,-0.37290129098141067,0.8224943382068161,1.4996923140744938,0.6616246498599441,SR,9,4
core,XGBoost,-0.40255727689726717,1.1740333399636405,1.5158031732647161,0.03529658948357459,SR,9,4
rheology_enhanced,LinearRegression,-0.5575362473701981,0.9658281100871611,1.5973555323395832,0.5756302521008404,SR,9,4
core,LinearRegression,0.2936694016333633,0.8339195256627777,1.03503322243958,0.5915966386554622,SR,9,5
core,SVR_RBF,0.2854364230034532,0.7813087083195187,1.0410479121236969,0.4243697478991597,SR,9,5
core,GradientBoosting,0.28121141974500663,0.8295312908378855,1.044121080458437,0.5092436974789917,SR,9,5
core,RandomForest,0.2588039243259618,0.8495162140211635,1.0602708839072514,0.3893557422969188,SR,9,5
engineered,XGBoost,0.21865815421820922,0.7920794278281075,1.0886062461490629,0.48123249299719895,SR,9,5
rheology_enhanced,XGBoost,0.21264449814645026,0.8044172167641775,1.0927874860417264,0.44229691876750704,SR,9,5
rheology_enhanced,RandomForest,0.20939975527632348,0.8429659086545729,1.0950368948355227,0.3907563025210084,SR,9,5
core,XGBoost,0.1928510570558014,0.8830432036808558,1.106438096815734,0.4341736694677871,SR,9,5
engineered,RandomForest,0.1589326853139874,0.8982626657974306,1.129446483856038,0.3336134453781513,SR,9,5
rheology_enhanced,SVR_RBF,0.12574236849220655,0.7578542095027384,1.1515160505124828,0.5257703081232493,SR,9,5
engineered,SVR_RBF,0.04600355049412852,0.7625384839234398,1.2028837528632963,0.49663865546218494,SR,9,5
rheology_enhanced,GradientBoosting,0.025593524968394066,0.9189668941495875,1.2156830470276614,0.319327731092437,SR,9,5
engineered,GradientBoosting,-0.07534177939436115,0.9294509731876532,1.2770959848910093,0.32184873949579834,SR,9,5
engineered,LinearRegression,-0.6999245173160025,0.9787916946741989,1.6057025556000863,0.5056022408963585,SR,9,5
rheology_enhanced,LinearRegression,-0.9902875444215042,1.068671790385948,1.7374335053018506,0.5005602240896359,SR,9,5
engineered,SVR_RBF,0.14145539857760692,0.7511043221011289,1.2135524688689225,0.5697478991596637,SR,10,1
rheology_enhanced,SVR_RBF,0.12522081521507966,0.7900657692241583,1.2249725237514486,0.5492742551566081,SR,10,1
core,RandomForest,0.06529197769244177,1.011753730275444,1.266237328571431,0.37417876241405656,SR,10,1
rheology_enhanced,RandomForest,0.06219783924707423,0.9541190572284473,1.2683313924505786,0.32528647822765466,SR,10,1
core,GradientBoosting,0.029159322883778538,0.9486866850144106,1.2904794988159787,0.4197097020626432,SR,10,1
core,XGBoost,0.024229651000844288,1.0081393849428961,1.2937517068143376,0.3637891520244461,SR,10,1
core,SVR_RBF,0.01575129867263514,0.8777268701897363,1.2993601775643042,0.4896867838044308,SR,10,1
rheology_enhanced,XGBoost,-0.039628604713116244,0.9429840503019447,1.3354149610143553,0.32436974789915957,SR,10,1
engineered,RandomForest,-0.07869887496184891,1.004958876832046,1.3602766405537774,0.23941940412528645,SR,10,1
core,LinearRegression,-0.13325275404945214,1.1242697540283468,1.3942495688356817,0.35462184873949576,SR,10,1
rheology_enhanced,GradientBoosting,-0.18573815030346363,0.9774810264182323,1.4261707461640931,0.2974789915966386,SR,10,1
engineered,XGBoost,-0.20721195949101312,0.934321070502786,1.4390268321615876,0.2573153036770913,SR,10,1
engineered,GradientBoosting,-0.29205843632037753,0.9700356278582307,1.488737765011858,0.20061115355233,SR,10,1
engineered,LinearRegression,-1.2204880897131547,1.2268538297366167,1.9516473727941868,0.40809778456837276,SR,10,1
rheology_enhanced,LinearRegression,-63.291460838886195,3.368798125590817,10.50155894173551,0.2519480519480519,SR,10,1
rheology_enhanced,RandomForest,0.21770511274640214,0.8467717180205415,1.1658138804383966,0.4841864018334606,SR,10,2
engineered,SVR_RBF,0.21694123230033013,0.7246011487271863,1.1663829274516266,0.5556913674560733,SR,10,2
rheology_enhanced,GradientBoosting,0.1546614373963784,0.838891427384389,1.2118791577025139,0.4857142857142857,SR,10,2
engineered,GradientBoosting,0.14103431532914912,0.8147665678797016,1.2216080418501716,0.49946524064171116,SR,10,2
engineered,RandomForest,0.13114898273851383,0.9022301045857732,1.2286173185852594,0.439572192513369,SR,10,2
engineered,XGBoost,0.09392131025088446,0.849046267228968,1.254662546909305,0.4884644766997708,SR,10,2
core,LinearRegression,0.08348802088742158,0.9082353864846768,1.2618654477870221,0.5459129106187929,SR,10,2
rheology_enhanced,SVR_RBF,0.07813742248213806,0.7914758446820868,1.2655434737734388,0.520550038197097,SR,10,2
rheology_enhanced,XGBoost,0.0755681244783506,0.8768769202512855,1.2673058274959226,0.4716577540106952,SR,10,2
core,RandomForest,0.04023092318939714,0.9676363198723936,1.291300598841763,0.4367025759555386,SR,10,2
core,SVR_RBF,0.01841167503622232,0.8132131562620453,1.305896229649728,0.5514132925897631,SR,10,2
core,GradientBoosting,-0.19815323582810596,1.0710174367989358,1.4427801492378212,0.3320091673032849,SR,10,2
core,XGBoost,-0.22140485937734855,1.1127035786684822,1.4567123347117548,0.21986249045072573,SR,10,2
engineered,LinearRegression,-0.6801257327863366,0.9747387543605955,1.7084995456246748,0.4863254392666157,SR,10,2
rheology_enhanced,LinearRegression,-5.724961884254582,1.6070840831389148,3.41813246716349,0.31764705882352934,SR,10,2
engineered,SVR_RBF,-0.06012099762005252,0.9748258429138277,1.3199729411495906,0.3286478227654698,SR,10,3
core,LinearRegression,-0.0866307556212762,1.0484004092515806,1.3363748895469905,0.20244461420932008,SR,10,3
rheology_enhanced,RandomForest,-0.0977463396059286,1.0976292662903542,1.3431926571827282,0.11596638655462185,SR,10,3
engineered,RandomForest,-0.10873965378008044,1.0615968879162778,1.3499015632634577,0.22077922077922077,SR,10,3
engineered,GradientBoosting,-0.11592682468084359,1.0081219977083242,1.354269721832898,0.224616090501974,SR,10,3
rheology_enhanced,SVR_RBF,-0.16410482137868487,1.0272739564868358,1.3831948209092586,0.31489686783804427,SR,10,3
rheology_enhanced,GradientBoosting,-0.16829192647267677,1.072982060940068,1.385680157050344,0.16913674560733383,SR,10,3
rheology_enhanced,XGBoost,-0.21218223948225212,1.1462345297757317,1.4114687537872628,0.1896103896103896,SR,10,3
engineered,XGBoost,-0.2297796352130279,1.1104778497359333,1.4216770694872416,0.12910618792971731,SR,10,3
core,GradientBoosting,-0.2399053331095351,1.1280529169130888,1.427517937756859,0.11124694506416863,SR,10,3
core,RandomForest,-0.2543008945274219,1.1667952146959795,1.435780914832056,-0.13307868601986247,SR,10,3
core,XGBoost,-0.48526676483312503,1.3087746228049784,1.5623903278282736,-0.09977081741787625,SR,10,3
core,SVR_RBF,-0.5313437441591002,1.1842674916897904,1.586440011000515,0.11627196333078686,SR,10,3
rheology_enhanced,LinearRegression,-2.0239961088172387,1.5621891892770272,2.2293482939173797,0.0612681436210848,SR,10,3
engineered,LinearRegression,-2.0401854880930332,1.4433869247158717,2.2353078896125456,0.26508785332314744,SR,10,3
rheology_enhanced,GradientBoosting,0.25468753217730344,0.7850725158334732,1.12050202482284,0.5372925288055244,SR,10,4
engineered,SVR_RBF,0.2303795814136873,0.8539278233428417,1.1386276954548802,0.5137254901960784,SR,10,4
engineered,GradientBoosting,0.22769466528601923,0.8011440814115355,1.1406120881142952,0.508999230886151,SR,10,4
rheology_enhanced,XGBoost,0.21685979901285757,0.7903239265986853,1.1485851886434664,0.5347338935574231,SR,10,4
engineered,XGBoost,0.19868852117550195,0.8023091726575581,1.1618341417914329,0.5215686274509804,SR,10,4
rheology_enhanced,RandomForest,0.13187601048801278,0.935161398148148,1.2093007752902512,0.39131652661064426,SR,10,4
engineered,RandomForest,0.1186076497124402,0.9544302549886622,1.2185071754439243,0.34873949579831937,SR,10,4
core,RandomForest,0.06421415935517472,1.0208262236343029,1.2555432782386533,0.3231318727722483,SR,10,4
rheology_enhanced,SVR_RBF,0.05827786221992759,0.938937772981381,1.2595193455935205,0.46442577030812326,SR,10,4
core,LinearRegression,-0.009847748676448775,1.0262658334831463,1.3042817073935433,0.39915966386554624,SR,10,4
core,SVR_RBF,-0.056993827647580764,0.9920499135918736,1.334380473480565,0.3722689075630252,SR,10,4
core,XGBoost,-0.17763147562502257,1.0771052094050815,1.4084717963958389,0.2277470416678265,SR,10,4
core,GradientBoosting,-0.32089360017153923,1.141034435818134,1.4916858515337432,0.18880874057086725,SR,10,4
engineered,LinearRegression,-0.38935052900063516,1.020687420865191,1.5298518214064734,0.4092436974789916,SR,10,4
rheology_enhanced,LinearRegression,-1.0695052824299927,1.3284329794097143,1.8671393085022883,0.22436974789915967,SR,10,4
rheology_enhanced,SVR_RBF,0.5686052489839297,0.5849905833675364,0.7590505895273608,0.7904761904761906,SR,10,5
engineered,LinearRegression,0.5655161811609319,0.5718505608521586,0.7617633905148257,0.842296918767507,SR,10,5
engineered,SVR_RBF,0.558921327101373,0.5791344275187497,0.7675228667517198,0.8011204481792717,SR,10,5
core,SVR_RBF,0.4357600890259674,0.6561117756125965,0.8680908823302791,0.7050420168067227,SR,10,5
rheology_enhanced,XGBoost,0.42267491107858135,0.6619488043103897,0.8780990538439372,0.6593837535014005,SR,10,5
engineered,XGBoost,0.3692259765455207,0.6225499998910085,0.917846790421038,0.6170868347338937,SR,10,5
core,LinearRegression,0.351751448715374,0.7772114588447455,0.9304736332473318,0.5971988795518207,SR,10,5
rheology_enhanced,RandomForest,0.32352997061083133,0.7138922038926677,0.9505119335299591,0.5476190476190477,SR,10,5
engineered,RandomForest,0.3012135225547746,0.7032635442176882,0.9660632016847588,0.5980392156862746,SR,10,5
rheology_enhanced,GradientBoosting,0.2946266548115022,0.6893106482524648,0.9706056517581011,0.6434173669467788,SR,10,5
engineered,GradientBoosting,0.2861243277629989,0.6722999056723622,0.9764378026193604,0.6137254901960785,SR,10,5
rheology_enhanced,LinearRegression,0.2737232098258263,0.7400751154787367,0.9848823995157462,0.7876750700280112,SR,10,5
core,GradientBoosting,0.12108089909541653,0.8211031862436027,1.0834471837237751,0.552139506921631,SR,10,5
core,XGBoost,0.08616341720819665,0.8425141559055873,1.1047590388433364,0.41036414565826335,SR,10,5
core,RandomForest,0.05355926200418959,0.832216871579744,1.1242942936163403,0.29932068145396384,SR,10,5
rheology_enhanced,RandomForest,0.007919078452076289,1.015093025616812,1.2997784576402767,0.26906035141329254,SR,11,1
core,LinearRegression,-0.021497175299218574,1.0350229274205116,1.3189075999837614,0.31489686783804427,SR,11,1
engineered,RandomForest,-0.05955054463633802,1.0096867000325387,1.3432493074406877,0.26325439266615736,SR,11,1
engineered,SVR_RBF,-0.06134615926473885,0.8862528192407342,1.3443870243245541,0.42734912146676857,SR,11,1
rheology_enhanced,SVR_RBF,-0.14612739439361033,0.9515917049862708,1.3970509092352437,0.4053475935828877,SR,11,1
core,RandomForest,-0.14873293016037525,1.11675346564737,1.398637992705276,0.14439605817984044,SR,11,1
engineered,XGBoost,-0.22396542442709144,1.0590474129284129,1.4437113162991868,0.25133689839572193,SR,11,1
core,GradientBoosting,-0.26379114068580245,1.088894813644602,1.4670112323661206,0.2519673015222824,SR,11,1
rheology_enhanced,XGBoost,-0.28209347186391165,1.0777944696650785,1.4775957396260992,0.26019862490450724,SR,11,1
core,XGBoost,-0.3233096618179756,1.1518204625634585,1.501158423259381,0.25624570324612955,SR,11,1
rheology_enhanced,GradientBoosting,-0.4162008040098659,1.1352164367525321,1.552952614033135,0.2088617265087853,SR,11,1
core,SVR_RBF,-0.46993775286222994,1.0649089758525212,1.582141265131319,0.2950343773873186,SR,11,1
engineered,GradientBoosting,-0.4777560817387645,1.1321210136423914,1.586343244525205,0.21955691367456073,SR,11,1
engineered,LinearRegression,-1.8892015960949071,1.415468802709277,2.218118320309992,0.1893048128342246,SR,11,1
rheology_enhanced,LinearRegression,-10.466893947431974,2.3618677295382007,4.418945890975164,0.09182582123758594,SR,11,1
rheology_enhanced,GradientBoosting,0.050282079984296235,0.9017648761979316,1.245777785801397,0.3970970206264324,SR,11,2
rheology_enhanced,RandomForest,0.0007367177600503538,0.9686729543650789,1.2778598675782376,0.28586707410236817,SR,11,2
engineered,GradientBoosting,-0.004508271630337735,0.9244453868214053,1.2812091297997108,0.38915202444614205,SR,11,2
engineered,SVR_RBF,-0.06073065423363988,0.8840011890462653,1.3165756724875333,0.4245989304812834,SR,11,2
engineered,RandomForest,-0.1009020746665259,1.0212201712962958,1.3412743246461107,0.21313980137509547,SR,11,2
core,RandomForest,-0.12290383930509341,1.0146400226812948,1.3546108488202953,0.09626403878656029,SR,11,2
rheology_enhanced,SVR_RBF,-0.1630258967643894,0.9486023649197411,1.3785989985516602,0.38548510313216194,SR,11,2
core,XGBoost,-0.22326014996089016,1.0679655306199018,1.4138478641406456,0.016045232461178168,SR,11,2
rheology_enhanced,XGBoost,-0.2427642650444808,1.0579933038038365,1.4250747479764054,0.280672268907563,SR,11,2
engineered,XGBoost,-0.24851537794640643,1.0570916119743796,1.428368335519286,0.26142093200916733,SR,11,2
core,LinearRegression,-0.3403173363856056,1.1557508829268368,1.4799501382813676,0.09243697478991594,SR,11,2
core,SVR_RBF,-0.43081560177453704,1.074345357810203,1.5290972232356772,0.29411764705882354,SR,11,2
core,GradientBoosting,-0.501479692834836,1.1457951368394286,1.5664011652204453,0.0964094728800611,SR,11,2
engineered,LinearRegression,-1.4928811173205387,1.3143918624020563,2.018338711924679,0.29136745607333836,SR,11,2
rheology_enhanced,LinearRegression,-1.5363023386308785,1.3876745958101409,2.035840628552408,0.30970206264323913,SR,11,2
engineered,SVR_RBF,0.26900123165124123,0.7728380404574406,1.0868962183102941,0.5544690603514133,SR,11,3
rheology_enhanced,GradientBoosting,0.19085083054236374,0.8623484061305092,1.1435207548225281,0.5187165775401069,SR,11,3
rheology_enhanced,XGBoost,0.13637105304859154,0.9039954278048347,1.1813901630305474,0.5001146015054156,SR,11,3
rheology_enhanced,SVR_RBF,0.08669690381401018,0.8597982544780907,1.2148907350082034,0.4869365928189457,SR,11,3
engineered,GradientBoosting,0.07607430396215875,0.9169257434598473,1.2219354880422335,0.43590527119938877,SR,11,3
core,RandomForest,0.06180518731211804,0.9674085341121296,1.231335126331219,0.42398777692895334,SR,11,3
rheology_enhanced,RandomForest,0.03553424340720868,0.9860953131914383,1.2484557714700928,0.3433155080213904,SR,11,3
core,LinearRegression,0.03092107271163813,0.9638521663335927,1.251437976403743,0.4847975553857906,SR,11,3
engineered,XGBoost,0.026380731364806675,0.9618012998244342,1.2543661774405217,0.40476736308825123,SR,11,3
core,SVR_RBF,-0.0034048465888227852,0.8980360507509545,1.2734088161806176,0.493048128342246,SR,11,3
engineered,RandomForest,-0.009276017892703159,1.0211297568188897,1.2771288981764168,0.35462184873949576,SR,11,3
core,GradientBoosting,-0.06662457135453814,1.0266145272423512,1.3129117864144384,0.39517115375815937,SR,11,3
core,XGBoost,-0.07814860319477823,1.0566045425078447,1.3199852168945274,0.3353961351373014,SR,11,3
engineered,LinearRegression,-1.4067400235906238,1.1873232929760686,1.9721699865654045,0.2507257448433919,SR,11,3
rheology_enhanced,LinearRegression,-1.9583998831378704,1.40294175447976,2.186543860555719,0.31153552330022916,SR,11,3
rheology_enhanced,SVR_RBF,0.14145314074180038,0.8353562230758322,1.1834334761348708,0.49215686274509807,SR,11,4
rheology_enhanced,RandomForest,0.13189113164491306,0.921411495427059,1.1900054343122404,0.37563025210084033,SR,11,4
engineered,SVR_RBF,0.11906021471599992,0.8361349569768137,1.1987675003075824,0.48347338935574236,SR,11,4
rheology_enhanced,GradientBoosting,0.08976260967401084,0.8500497495133199,1.2185382993794471,0.45182072829131653,SR,11,4
engineered,RandomForest,0.07570268069603758,0.9273510690098261,1.227913276132483,0.35294117647058826,SR,11,4
engineered,GradientBoosting,0.014340376930372156,0.9065328409962352,1.2680177454428927,0.3434173669467787,SR,11,4
rheology_enhanced,XGBoost,-0.013867789631999639,0.8965162120819092,1.2860341793747452,0.37731092436974795,SR,11,4
engineered,XGBoost,-0.02485918258853781,0.8996676867893765,1.292986369311777,0.2904761904761905,SR,11,4
core,SVR_RBF,-0.049515666608451525,0.957494437424217,1.308447528381556,0.42689075630252105,SR,11,4
core,LinearRegression,-0.10097413207453654,1.0066251319449788,1.3401407274492507,0.3787114845938376,SR,11,4
core,RandomForest,-0.286944461300644,1.1579440063492068,1.448911137534017,-0.003501645782100653,SR,11,4
rheology_enhanced,LinearRegression,-0.43892195219859453,1.08157031895143,1.5320765571852426,0.4557422969187675,SR,11,4
core,XGBoost,-0.47288871120406184,1.19984729750497,1.550053953050086,0.07549548306209009,SR,11,4
core,GradientBoosting,-0.679742395659946,1.2799972971380476,1.6553246794752674,-0.035436655314858616,SR,11,4
engineered,LinearRegression,-2.6976723650106478,1.2608116796310838,2.455986990505069,0.4666666666666667,SR,11,4
rheology_enhanced,SVR_RBF,0.5087164899777394,0.6318518640321157,0.8571154006444816,0.7170868347338937,SR,11,5
engineered,SVR_RBF,0.48189632299463114,0.639845435057173,0.8802003607128237,0.6991596638655462,SR,11,5
core,SVR_RBF,0.3908814541569421,0.7209752615221643,0.9543861237137818,0.6280112044817928,SR,11,5
core,LinearRegression,0.38196787934639076,0.7923773593383712,0.961343797157152,0.6473389355742297,SR,11,5
core,GradientBoosting,0.31917008489274556,0.7700997682523939,1.0090031451456403,0.6575150645820034,SR,11,5
rheology_enhanced,GradientBoosting,0.2601487679425002,0.7979305844743644,1.0518296419269915,0.5607843137254902,SR,11,5
rheology_enhanced,LinearRegression,0.23925443299714688,0.7920076299085193,1.0665787336823553,0.7378151260504202,SR,11,5
engineered,GradientBoosting,0.22174740364582968,0.8036584665289879,1.0787815097460598,0.5058823529411764,SR,11,5
rheology_enhanced,RandomForest,0.2186255589289613,0.8654971691609976,1.0809430301726064,0.4686274509803922,SR,11,5
rheology_enhanced,XGBoost,0.21166160148026514,0.8164091982160294,1.085749268242205,0.4910364145658263,SR,11,5
core,RandomForest,0.19309003446338713,0.9091129148010718,1.098463787998108,0.3997198879551821,SR,11,5
engineered,XGBoost,0.19075524797903498,0.8328867455618723,1.1000518374559969,0.46470588235294125,SR,11,5
engineered,RandomForest,0.18085795085039158,0.8715933245275895,1.1067583699681465,0.44453781512605045,SR,11,5
core,XGBoost,0.12443452968172264,0.8988789128984722,1.1442410335946676,0.46767981065736325,SR,11,5
engineered,LinearRegression,0.09696422789511783,0.7861982976656384,1.162052320239879,0.5806722689075631,SR,11,5
rheology_enhanced,GradientBoosting,0.06531224267637514,0.9302867937548166,1.2623871677428236,0.36928953399541636,SR,12,1
engineered,GradientBoosting,0.03397687410718264,0.8868722514541121,1.2833734654361058,0.3995416348357525,SR,12,1
engineered,XGBoost,0.00818633840732741,0.9742153902053832,1.30039214408452,0.3307868601986249,SR,12,1
rheology_enhanced,XGBoost,0.001200240795889651,0.9588466355379889,1.3049639327906624,0.3781512605042016,SR,12,1
rheology_enhanced,RandomForest,-0.009580380745626726,1.0213045500700288,1.311987644890108,0.2345301757066463,SR,12,1
engineered,RandomForest,-0.03082270209792859,1.0191727771553065,1.325718392030819,0.2760886172650878,SR,12,1
core,LinearRegression,-0.061457087139975775,1.0670028164217467,1.345273275028799,0.280061115355233,SR,12,1
engineered,SVR_RBF,-0.13597150075708364,0.9860031854230148,1.3916916197407065,0.38395721925133686,SR,12,1
core,RandomForest,-0.21499383229808,1.1541605702013136,1.4392834473818938,-0.010847975553857905,SR,12,1
rheology_enhanced,SVR_RBF,-0.25848457089598664,1.040297505622892,1.464816562496825,0.33964858670741016,SR,12,1
core,SVR_RBF,-0.32634743176453096,1.047489235484487,1.5037926039208642,0.3255920550038197,SR,12,1
core,GradientBoosting,-0.3357425040457096,1.164707709145198,1.509109200853431,0.13909057186642415,SR,12,1
core,XGBoost,-0.40850309087735925,1.2267362562067368,1.5496663270788817,0.04522881822352674,SR,12,1
engineered,LinearRegression,-1.0486888615205183,1.1200896765040578,1.868948340497581,0.30297937356760885,SR,12,1
rheology_enhanced,LinearRegression,-1.1295294102570503,1.1998332600703787,1.9054656113013517,0.3659281894576012,SR,12,1
rheology_enhanced,RandomForest,0.0651044153957605,0.9173700971055085,1.142034676417674,0.32742551566080974,SR,12,2
rheology_enhanced,GradientBoosting,0.04898383068533485,0.849551776426063,1.151838755637976,0.42665037172961373,SR,12,2
engineered,GradientBoosting,0.008648573761935396,0.8665409434597902,1.176011461530767,0.4489608854375376,SR,12,2
engineered,RandomForest,-0.03388465029509646,0.932824459733893,1.200974483744674,0.23361344537815126,SR,12,2
engineered,SVR_RBF,-0.038997111049076105,0.8539360993722522,1.20394017400524,0.3998472116119175,SR,12,2
core,LinearRegression,-0.07292462835906854,0.8998134169243539,1.2234390654135576,0.39067990832696714,SR,12,2
core,RandomForest,-0.12451755535590747,0.9805830610021793,1.2525090036373931,0.23485369462689393,SR,12,2
rheology_enhanced,XGBoost,-0.19096807274670446,0.9487820577060475,1.2889848001856201,0.3250057309508154,SR,12,2
engineered,XGBoost,-0.19693792252716902,0.9332540379692527,1.2922113462381943,0.3349377349526034,SR,12,2
rheology_enhanced,SVR_RBF,-0.26366671097408223,0.9442125123874928,1.327742965108535,0.306951871657754,SR,12,2
core,XGBoost,-0.35325167561855286,1.071307546896093,1.3740009194020877,0.2588630837070077,SR,12,2
core,SVR_RBF,-0.466691618875273,1.0206815391744237,1.4304317517134368,0.2559205500381971,SR,12,2
core,GradientBoosting,-0.6186768558342748,1.140626454812928,1.5027191300441043,0.21150760852200337,SR,12,2
engineered,LinearRegression,-1.6701421092673954,1.1456663948108743,1.93003384340642,0.3585943468296409,SR,12,2
rheology_enhanced,LinearRegression,-3.1417318052961285,1.5639389186915267,2.4037468221955267,0.025821237585943468,SR,12,2
rheology_enhanced,XGBoost,0.5029369574292759,0.6941085318397073,0.9350439270453358,0.6412528647822765,SR,12,3
rheology_enhanced,GradientBoosting,0.4960689503499386,0.7241822223362998,0.9414815985443032,0.6589763177998471,SR,12,3
engineered,GradientBoosting,0.44281632044885,0.7308888067344113,0.9899778335559773,0.5883880825057295,SR,12,3
engineered,SVR_RBF,0.4400649652251847,0.7127334239354988,0.9924190630592634,0.6501145912910617,SR,12,3
core,LinearRegression,0.43724638856724185,0.784768890046155,0.9949137256066245,0.628418640183346,SR,12,3
engineered,XGBoost,0.43652835595137685,0.7364783093508552,0.9955482419929583,0.574637127578304,SR,12,3
rheology_enhanced,RandomForest,0.3962879248862098,0.7915468596327425,1.030483893658045,0.5504965622612681,SR,12,3
core,SVR_RBF,0.39282841027319526,0.7454512613042631,1.0334322208739797,0.5773873185637891,SR,12,3
rheology_enhanced,SVR_RBF,0.38413142821921165,0.736531961893736,1.0408072245133153,0.6577540106951871,SR,12,3
engineered,RandomForest,0.33648547464877043,0.8341852798008099,1.080317706583026,0.5058823529411766,SR,12,3
core,XGBoost,0.23648238063850568,0.8400538188148947,1.1588729043652832,0.41879297173414815,SR,12,3
core,GradientBoosting,0.22918296886330858,0.8554363679706016,1.1643992790326858,0.43193277310924366,SR,12,3
core,RandomForest,0.12978216155668265,0.9337123534469337,1.2372010153664175,0.3038961038961039,SR,12,3
engineered,LinearRegression,-0.06203581843607142,0.9640985718012167,1.3667713260568184,0.5911382734912146,SR,12,3
rheology_enhanced,LinearRegression,-0.32645198935400077,1.054751217529823,1.5274677327042534,0.5263559969442322,SR,12,3
rheology_enhanced,RandomForest,0.0010776054052566986,1.0185777198412698,1.3024015487030014,0.3142857142857143,SR,12,4
engineered,SVR_RBF,-0.012749622689695261,0.8687604978007568,1.3113845846133536,0.4599439775910365,SR,12,4
rheology_enhanced,GradientBoosting,-0.017076230363364475,0.9730206449757739,1.3141828081444782,0.30676565646241744,SR,12,4
rheology_enhanced,SVR_RBF,-0.046738441697038224,0.8911643431931855,1.3332086298765222,0.43221288515406164,SR,12,4
rheology_enhanced,XGBoost,-0.07702660118269788,1.003084823390416,1.3523597739334128,0.32397226775995247,SR,12,4
engineered,GradientBoosting,-0.10309020598104701,0.974131176481989,1.3686252354709865,0.26486448695809345,SR,12,4
core,SVR_RBF,-0.10897190352352815,0.9807307697846536,1.3722691522056312,0.4148459383753501,SR,12,4
core,LinearRegression,-0.17059316999646512,1.1332653343858834,1.409879585262168,0.3028011204481793,SR,12,4
engineered,RandomForest,-0.17092645919039673,1.1267244528756952,1.4100802801748897,0.24257703081232493,SR,12,4
core,RandomForest,-0.24848492501222985,1.1496026018999523,1.4560311979267846,0.06038529267087847,SR,12,4
engineered,XGBoost,-0.24850480941818875,1.0798678849901473,1.4560427928606,0.1853070947887666,SR,12,4
core,XGBoost,-0.2967428247827639,1.1653467479705815,1.4839045141367129,0.07229929180130816,SR,12,4
core,GradientBoosting,-0.6013633638960936,1.2297341115438165,1.6490125974948977,0.11209192527334598,SR,12,4
engineered,LinearRegression,-2.086297591040945,1.4981718191353106,2.2892748076973914,0.3025210084033614,SR,12,4
rheology_enhanced,LinearRegression,-157.59391355414598,5.87091239435924,16.410517902708325,0.25126050420168067,SR,12,4
engineered,SVR_RBF,0.4032595253458866,0.6801337297916202,0.9627670356161192,0.7523809523809525,SR,12,5
rheology_enhanced,SVR_RBF,0.21836192169368285,0.7725947460433215,1.1018724343738309,0.680952380952381,SR,12,5
core,GradientBoosting,0.1220966976370198,0.8756677708118294,1.167755188521091,0.5368723313116722,SR,12,5
engineered,GradientBoosting,0.07445723150910477,0.8728313389368904,1.1990207810273648,0.4904761904761905,SR,12,5
rheology_enhanced,GradientBoosting,0.06427005597794,0.8988070848357798,1.2056013565373336,0.45238095238095244,SR,12,5
engineered,RandomForest,0.05243207481271683,0.9586077681405887,1.2132034595198875,0.4249299719887955,SR,12,5
core,XGBoost,0.03665880561444912,0.9369060554504393,1.2232593113178631,0.36853901468156175,SR,12,5
core,RandomForest,0.025011700094117906,0.9793643911908191,1.2306318937074887,0.29223873380253956,SR,12,5
engineered,XGBoost,0.022652335626323516,0.8644853393009729,1.2321199909195886,0.4112044817927171,SR,12,5
rheology_enhanced,RandomForest,0.02112213258734419,0.9688279347316696,1.2330841597740576,0.36246498599439775,SR,12,5
rheology_enhanced,XGBoost,0.01983563268762889,0.8865252444675991,1.2338941902281733,0.45406162464985994,SR,12,5
core,SVR_RBF,0.014992438222196425,0.8644841179086076,1.236938896679909,0.6338935574229693,SR,12,5
core,LinearRegression,-0.2420383522861398,1.0438436243952254,1.3889799203993667,0.39131652661064426,SR,12,5
engineered,LinearRegression,-0.6715461679334458,1.0308482165551145,1.6113417223286424,0.542296918767507,SR,12,5
rheology_enhanced,LinearRegression,-43.68109034915265,2.6413438929046626,8.330869770686439,0.5016806722689076,SR,12,5
engineered,SVR_RBF,0.5194774087324043,0.640321848302249,0.8480906803054078,0.7228418640183345,SR,13,1
core,SVR_RBF,0.49289441189081973,0.6959660068601154,0.8712335351217411,0.6922841864018334,SR,13,1
engineered,GradientBoosting,0.4617577710210672,0.7618798648738138,0.8975822790192259,0.6339190221543162,SR,13,1
engineered,XGBoost,0.45745140106573456,0.7318378382290112,0.9011658149325791,0.6460386603009157,SR,13,1
rheology_enhanced,GradientBoosting,0.4529665982755626,0.7553186840355318,0.904882747634632,0.649705861778499,SR,13,1
engineered,RandomForest,0.4468631658762784,0.7711342533457823,0.909916782877071,0.6663101604278074,SR,13,1
rheology_enhanced,RandomForest,0.44313201425810456,0.7695990687441637,0.9129805197687019,0.6189457601222307,SR,13,1
rheology_enhanced,XGBoost,0.43527832145804457,0.7479387059492223,0.9193960116542133,0.6595874713521771,SR,13,1
rheology_enhanced,SVR_RBF,0.4091100360343224,0.676552013514526,0.9404564566713474,0.6672268907563025,SR,13,1
core,LinearRegression,0.36729487172605657,0.8020549610089714,0.9731640628229773,0.6082505729564553,SR,13,1
core,RandomForest,0.252563699416541,0.9247214457389015,1.057724292304915,0.4677209884534303,SR,13,1
core,GradientBoosting,0.20385381281823245,0.9132453148036975,1.0916459185063574,0.5523300229182582,SR,13,1
core,XGBoost,0.19841431043310687,0.9319058028389425,1.0953687916545831,0.4891877564154139,SR,13,1
engineered,LinearRegression,-0.0876069145055347,0.7900097473098386,1.2759138906635674,0.6113063407181054,SR,13,1
rheology_enhanced,LinearRegression,-0.13025362470653667,0.845997757716791,1.3006886178512673,0.6388082505729564,SR,13,1
rheology_enhanced,GradientBoosting,0.0865023071610872,0.9613356840086892,1.3068279206314868,0.4070593640117407,SR,13,2
core,LinearRegression,0.04656982432195511,0.9924790328534013,1.335085637194315,0.4973262032085561,SR,13,2
engineered,SVR_RBF,0.02893869812385741,0.9161885918763568,1.347373498304647,0.4569900687547746,SR,13,2
rheology_enhanced,RandomForest,0.02821135818646625,1.0778036753777271,1.3478780056484057,0.31153552330022916,SR,13,2
rheology_enhanced,SVR_RBF,0.008424787487803398,0.9452971001533044,1.3615309188349123,0.45821237585943464,SR,13,2
engineered,GradientBoosting,0.005853923163343877,0.939847473085826,1.363294801865421,0.35709374387966897,SR,13,2
engineered,RandomForest,-0.02198357221949121,1.0821397558781083,1.3822501148370756,0.27669977081741787,SR,13,2
core,XGBoost,-0.032765349621242335,1.0988587008644553,1.3895222535586287,0.2472304996137374,SR,13,2
rheology_enhanced,XGBoost,-0.03423046912746064,1.0827771378124462,1.3905075183379105,0.307868601986249,SR,13,2
core,RandomForest,-0.05282018886731521,1.141222514147073,1.4029486628181682,0.2628161058934662,SR,13,2
engineered,XGBoost,-0.07568836186524552,1.041074495091158,1.4181034455819328,0.2849503437738731,SR,13,2
core,GradientBoosting,-0.11820416091269803,1.078863241224501,1.445856624886038,0.19650087917383577,SR,13,2
core,SVR_RBF,-0.22205969786824453,1.0927963350122558,1.5115095245979335,0.36409472880061117,SR,13,2
engineered,LinearRegression,-1.193122360902962,1.3667232039504338,2.024865163805406,0.3042016806722689,SR,13,2
rheology_enhanced,LinearRegression,-1.7793454097477928,1.633982480825548,2.2794808017245445,0.22200152788388078,SR,13,2
rheology_enhanced,RandomForest,-0.029752897399176526,1.0420136701680673,1.2921929251533684,0.25775401069518716,SR,13,3
engineered,RandomForest,-0.07441958464798204,1.0424121136788052,1.3199205961168523,0.1679144385026738,SR,13,3
core,LinearRegression,-0.11827080237605636,1.0005008416044907,1.3465867614171918,0.32620320855614976,SR,13,3
rheology_enhanced,GradientBoosting,-0.144978378383271,1.0166911209284786,1.362572094753499,0.28115211328138245,SR,13,3
engineered,GradientBoosting,-0.1804854206522457,1.0342985906902118,1.383538221779071,0.22064328890125884,SR,13,3
core,RandomForest,-0.20428954176082237,1.1091212084924882,1.3974179099231978,0.056230422656276494,SR,13,3
engineered,SVR_RBF,-0.20528914106284768,0.9477757456397955,1.3979977406781243,0.3943468296409473,SR,13,3
engineered,XGBoost,-0.21569579941152095,1.0032731101653154,1.4040200367917057,0.25609290318456357,SR,13,3
rheology_enhanced,SVR_RBF,-0.24422644167970842,0.981239563331953,1.420399663936402,0.32528647822765466,SR,13,3
rheology_enhanced,XGBoost,-0.25629702057948545,1.1001133655660293,1.4272728760530982,0.2609825051546745,SR,13,3
core,SVR_RBF,-0.2607000828700696,1.0080549075101448,1.4297718371058956,0.3436210847975554,SR,13,3
core,XGBoost,-0.4058788554752999,1.1994638203452617,1.5098534552991612,0.08617923472320635,SR,13,3
core,GradientBoosting,-0.5723919136262872,1.2544041504042072,1.5967658965957596,-0.04186721686907543,SR,13,3
engineered,LinearRegression,-1.7102847594787027,1.3448905252596912,2.096371800391765,0.22291825821237582,SR,13,3
rheology_enhanced,LinearRegression,-233.62334034585618,5.902534988374181,19.505022445105446,0.174025974025974,SR,13,3
engineered,SVR_RBF,0.045471513339215286,0.8033253990865844,1.2620688251944063,0.5352941176470588,SR,13,4
rheology_enhanced,RandomForest,0.003746133771707072,0.9989335272418068,1.2893582461979602,0.19607843137254907,SR,13,4
core,XGBoost,-0.03220551378717995,0.992223594556536,1.3124164933196438,0.3285944401923253,SR,13,4
core,GradientBoosting,-0.09688256757585001,0.9347272185724878,1.352909229347936,0.380138666104847,SR,13,4
rheology_enhanced,SVR_RBF,-0.10589783231495065,0.8541771070036585,1.3584576245380708,0.48935574229691886,SR,13,4
engineered,RandomForest,-0.12060192780737777,1.0647636940115441,1.3674588771574867,0.09775910364145657,SR,13,4
core,RandomForest,-0.12592979890285627,1.0465869689342404,1.3707057952295931,0.08123249299719888,SR,13,4
core,LinearRegression,-0.19436297718047624,1.1309454803965548,1.4117466264599385,0.20560224089635856,SR,13,4
rheology_enhanced,XGBoost,-0.26912552393025324,1.0912660366058349,1.455260969186063,0.10196792517477102,SR,13,4
rheology_enhanced,GradientBoosting,-0.3256539859838954,1.1247074966906232,1.4873174839904706,0.1627450980392157,SR,13,4
engineered,GradientBoosting,-0.368058731457225,1.1154298844945967,1.5109182376154722,0.17030812324929973,SR,13,4
core,SVR_RBF,-0.3901372335600153,1.079704598368346,1.5230614647740062,0.2554621848739496,SR,13,4
engineered,XGBoost,-0.4569083574603354,1.1443213570731026,1.5592103522267844,0.016527768091515085,SR,13,4
rheology_enhanced,LinearRegression,-1.6457682935080649,1.2977508424749777,2.1011859884216992,0.39159663865546224,SR,13,4
engineered,LinearRegression,-1.6539003340573504,1.2770191576587455,2.1044126164359516,0.42605042016806727,SR,13,4
engineered,SVR_RBF,0.27022997225202494,0.6842381354599154,1.0466987549021074,0.5980392156862746,SR,13,5
rheology_enhanced,SVR_RBF,0.16071679979489673,0.7254929688647932,1.1224912421880473,0.604201680672269,SR,13,5
rheology_enhanced,RandomForest,0.09515130130548166,0.8768503105442178,1.1655118121744859,0.31876750700280115,SR,13,5
rheology_enhanced,GradientBoosting,0.09329111586166461,0.7886791777104729,1.1667092250555149,0.4526610644257704,SR,13,5
core,GradientBoosting,0.049658990639315115,0.8456509140120726,1.1944512561224427,0.45619441249207315,SR,13,5
engineered,GradientBoosting,0.03681573545154648,0.7923571349894487,1.2024952948803014,0.45675467581720924,SR,13,5
engineered,RandomForest,0.01893630118109846,0.9275933301209364,1.2136048389521423,0.2574229691876751,SR,13,5
engineered,XGBoost,-0.015751184634746673,0.8190437329428536,1.234873198938801,0.4042299890856994,SR,13,5
rheology_enhanced,XGBoost,-0.020784157816094773,0.872527586364746,1.23792877198631,0.3646168966993939,SR,13,5
core,SVR_RBF,-0.058373703250847786,0.8408113909960767,1.2605155761448963,0.5123249299719889,SR,13,5
core,RandomForest,-0.06592578402305871,0.9970184406514118,1.265004819398457,0.20365571868697405,SR,13,5
core,LinearRegression,-0.08851915672548172,0.9863784302583377,1.2783410481303816,0.3067226890756303,SR,13,5
core,XGBoost,-0.17248904249374486,1.0068693415505545,1.3267316591613336,0.21697716979921672,SR,13,5
engineered,LinearRegression,-0.33141171345269527,0.743717022707234,1.4137899267822758,0.6254901960784314,SR,13,5
rheology_enhanced,LinearRegression,-0.5951463029687045,0.9667570212683888,1.5474939403844483,0.5198879551820729,SR,13,5
engineered,SVR_RBF,0.22045949170944312,0.8404498595434212,1.160265761520581,0.5572192513368983,SR,14,1
engineered,GradientBoosting,0.0686255982938736,0.9378968590410574,1.268236597633202,0.39801375095492736,SR,14,1
rheology_enhanced,SVR_RBF,0.06583216293398997,0.9251772552887245,1.2701370602868844,0.5126050420168067,SR,14,1
core,LinearRegression,-0.009414990557581993,0.9725898084203877,1.3203011690315092,0.5135217723453017,SR,14,1
engineered,RandomForest,-0.05145390534525718,1.0601818537192642,1.3475138945761511,0.25317035905271196,SR,14,1
rheology_enhanced,GradientBoosting,-0.06442495251206903,1.0598317303459173,1.3558000831807016,0.3520513418479919,SR,14,1
rheology_enhanced,RandomForest,-0.08193826978749263,1.0802594584111422,1.366908279735967,0.1755538579067991,SR,14,1
rheology_enhanced,XGBoost,-0.09358575476957842,1.0257314282024608,1.3742462324429472,0.38212375859434683,SR,14,1
engineered,XGBoost,-0.13512022868759166,1.0765803946326762,1.4001000283445388,0.33017570664629486,SR,14,1
core,RandomForest,-0.15766264211816372,1.1152516942110167,1.4139340142589942,0.18135981665393427,SR,14,1
core,SVR_RBF,-0.1681360939712533,1.0196701435429747,1.4203155912226584,0.4194041252864782,SR,14,1
core,GradientBoosting,-0.24362733801229242,1.0776384203786855,1.4654913621311538,0.2503056263943794,SR,14,1
rheology_enhanced,LinearRegression,-0.469205852827248,1.0938118397107834,1.5928667900473554,0.4844919786096256,SR,14,1
engineered,LinearRegression,-0.5117101558493833,1.0806933481052772,1.6157434281789658,0.4744079449961802,SR,14,1
core,XGBoost,-0.5667875425490281,1.297805159344393,1.644913965086355,0.005500802216374874,SR,14,1
rheology_enhanced,SVR_RBF,0.24071153332258632,0.6872601077898594,1.0677735602219116,0.6165011459129106,SR,14,2
engineered,SVR_RBF,0.2330007831398182,0.7036791554543033,1.0731816087743222,0.6085561497326203,SR,14,2
rheology_enhanced,RandomForest,0.17810646344902104,0.8580618429816369,1.110921939812846,0.44110007639419396,SR,14,2
engineered,LinearRegression,0.17159178206345937,0.6403040091136545,1.115316071915632,0.6522536287242169,SR,14,2
core,LinearRegression,0.1700880154113421,0.9255719527788423,1.1163279007742244,0.42796027501909845,SR,14,2
engineered,RandomForest,0.14566178446108635,0.8552426624402288,1.1326368258537929,0.40809778456837276,SR,14,2
core,SVR_RBF,0.11414020864038588,0.7473151787527723,1.1533423946178325,0.5388846447669977,SR,14,2
rheology_enhanced,LinearRegression,0.07711188140023817,0.6973803128902146,1.1772000955584454,0.6229182582123758,SR,14,2
core,RandomForest,0.0716985585674309,0.9614503303376902,1.180647559315932,0.29778456837280365,SR,14,2
rheology_enhanced,XGBoost,0.050253387544219486,0.8689120566424203,1.1942070696395775,0.44617617977262863,SR,14,2
engineered,XGBoost,0.03716491647423714,0.825116788415348,1.202407605378014,0.4422033781719135,SR,14,2
rheology_enhanced,GradientBoosting,-0.011981300362241099,0.844860164965973,1.2327130824198609,0.4165647970397304,SR,14,2
core,XGBoost,-0.05594433105252583,0.983379647142747,1.2592045165111534,0.25500381970970204,SR,14,2
engineered,GradientBoosting,-0.11518380987171373,0.8948347932529391,1.2940438381964618,0.40067237631627767,SR,14,2
core,GradientBoosting,-0.1183820445423669,0.9349396379788332,1.2958981032815244,0.3590801446800265,SR,14,2
engineered,SVR_RBF,0.3265973266589459,0.7415601732791826,1.0082110181278952,0.5838044308632544,SR,14,3
engineered,GradientBoosting,0.19296080735987742,0.808133667289629,1.1037261552148416,0.547746371275783,SR,14,3
engineered,XGBoost,0.17821118487617515,0.8268296670352712,1.1137664569701595,0.5465240641711229,SR,14,3
rheology_enhanced,RandomForest,0.15619393235188617,0.9010061928599726,1.1285877790357917,0.45546218487394957,SR,14,3
core,RandomForest,0.15562078039017158,0.9303588769063184,1.1289710083811564,0.4889601970110999,SR,14,3
rheology_enhanced,GradientBoosting,0.14194516257099343,0.8469675662215269,1.138076729238962,0.5006875477463713,SR,14,3
core,XGBoost,0.13180637798034966,0.892312996752122,1.144780746751987,0.503323402798301,SR,14,3
rheology_enhanced,XGBoost,0.1302607643422814,0.8407743409661684,1.1457992994661848,0.5101604278074866,SR,14,3
engineered,RandomForest,0.1156520881356351,0.8928177989028948,1.1553820033671545,0.4847975553857906,SR,14,3
rheology_enhanced,SVR_RBF,0.06989905147370612,0.8695825064949443,1.1848928118169848,0.5086325439266615,SR,14,3
core,LinearRegression,0.02856469433770903,0.9339309938876829,1.2109353651142258,0.4517952635599694,SR,14,3
core,GradientBoosting,-0.04607447995365832,0.9017427766294221,1.2565949926274353,0.4107265654893239,SR,14,3
core,SVR_RBF,-0.1697027423027213,0.9416624527649969,1.3287759994820574,0.43071046600458357,SR,14,3
engineered,LinearRegression,-0.9836512317961084,1.1289971562145387,1.7304006889243613,0.42062643239113817,SR,14,3
rheology_enhanced,LinearRegression,-1.3891924428576097,1.2681642777162403,1.8990639401755174,0.415431627196333,SR,14,3
engineered,SVR_RBF,-0.10121470691376255,0.9363905226342486,1.3346384403786649,0.3593837535014006,SR,14,4
core,LinearRegression,-0.20045789412966553,1.0974224374168018,1.3934811356293844,0.18403361344537816,SR,14,4
engineered,GradientBoosting,-0.20510736844828803,1.032769479530829,1.3961770625421546,0.2872750199635376,SR,14,4
rheology_enhanced,RandomForest,-0.25099982308053126,1.1479879329657114,1.4225130262221348,0.05518207282913166,SR,14,4
rheology_enhanced,SVR_RBF,-0.25544275087400004,1.0101389181416554,1.4250368159963087,0.2994397759103642,SR,14,4
rheology_enhanced,GradientBoosting,-0.26230450663293836,1.0505899897648459,1.4289258543210324,0.23420647379231138,SR,14,4
engineered,XGBoost,-0.2921687087980398,1.100096102850778,1.445730149068302,0.13992576545274213,SR,14,4
engineered,RandomForest,-0.33344963769499447,1.179546811980348,1.4686419756011024,-0.03165266106442577,SR,14,4
rheology_enhanced,XGBoost,-0.34276737715308125,1.14789585042681,1.4737642540940785,0.08207282913165267,SR,14,4
core,XGBoost,-0.4086646593169081,1.2432198312486922,1.5094941609888517,-0.08726101288994828,SR,14,4
core,RandomForest,-0.4309180279424425,1.2417972642479218,1.521370551420542,-0.192436974789916,SR,14,4
core,SVR_RBF,-0.6693293078977198,1.2510280803354001,1.6432310664502074,0.13529411764705884,SR,14,4
core,GradientBoosting,-0.6998125909707984,1.2990971094417183,1.6581665456700942,-0.02843933986669009,SR,14,4
engineered,LinearRegression,-1.3373817314539087,1.2735520282355937,1.9444306155882611,0.07282913165266107,SR,14,4
rheology_enhanced,LinearRegression,-2.95295321621376,1.6701082565656216,2.5286485089805604,0.010084033613445379,SR,14,4
engineered,GradientBoosting,0.08866211607742036,0.8850797999930666,1.282717874102708,0.43697478991596644,SR,14,5
engineered,RandomForest,0.053899709968246445,0.9690062557067277,1.3069531573046747,0.3708683473389356,SR,14,5
rheology_enhanced,RandomForest,0.03357762187039848,1.0164744764103628,1.320915156232944,0.3151260504201681,SR,14,5
rheology_enhanced,GradientBoosting,0.029991406393080178,0.9573452235338787,1.3233637232393312,0.4187675070028012,SR,14,5
core,LinearRegression,0.029721676504695038,0.9890174001981636,1.3235477040519121,0.4605042016806723,SR,14,5
rheology_enhanced,XGBoost,-0.05118245351293127,1.0173350222996302,1.3776233204592148,0.33193277310924374,SR,14,5
engineered,XGBoost,-0.11023996503319156,0.9908310981750489,1.4157933322753937,0.32072829131652664,SR,14,5
core,SVR_RBF,-0.14833128357693282,1.007510335467113,1.4398758000538068,0.39719887955182076,SR,14,5
core,RandomForest,-0.14954413117790222,1.1324887493575213,1.4406359853165362,0.13865546218487396,SR,14,5
rheology_enhanced,SVR_RBF,-0.16281184380658886,1.0163467315870374,1.4489258403134708,0.39831932773109247,SR,14,5
engineered,SVR_RBF,-0.16905736916342962,1.0128618137423204,1.4528117589909997,0.4033613445378152,SR,14,5
core,GradientBoosting,-0.34578523314317366,1.185666533597755,1.5587602193055308,0.1575740601945294,SR,14,5
core,XGBoost,-0.3641215765995913,1.258535151018415,1.5693433577901672,0.1338935574229692,SR,14,5
engineered,LinearRegression,-0.7277072383949372,1.122538858546395,1.7661456289853916,0.42352941176470593,SR,14,5
rheology_enhanced,LinearRegression,-0.9787047066525614,1.2590090649102457,1.890087577946231,0.4025210084033614,SR,14,5
rheology_enhanced,XGBoost,0.42169923366719075,0.7068099646287805,1.0070619712578448,0.6660554683660577,SR,15,1
engineered,RandomForest,0.3943516117207083,0.7474970399654807,1.0305987121719153,0.6183346065699006,SR,15,1
rheology_enhanced,RandomForest,0.382379456760512,0.7736298354836886,1.0407350452130861,0.6076394194041252,SR,15,1
core,LinearRegression,0.37237593289193927,0.8206158305525877,1.049129519352657,0.5798319327731092,SR,15,1
core,SVR_RBF,0.3701125069221295,0.7129944321515425,1.051019575875061,0.6345301757066463,SR,15,1
rheology_enhanced,GradientBoosting,0.36809161704630644,0.7549188972129648,1.0527042369846855,0.645274659993086,SR,15,1
engineered,XGBoost,0.366281082418801,0.7187118784960579,1.0542112546528608,0.6125754468179686,SR,15,1
engineered,GradientBoosting,0.3561624953205971,0.7237288265640365,1.0625942176621392,0.6383434109800638,SR,15,1
rheology_enhanced,SVR_RBF,0.3521951198648656,0.7309784453630733,1.0658630826624458,0.628113063407181,SR,15,1
engineered,SVR_RBF,0.2705474841067269,0.759447057142584,1.131039639188501,0.5844155844155844,SR,15,1
core,RandomForest,0.22047478951013544,0.9321657014967604,1.169215045164669,0.46515892963644134,SR,15,1
engineered,LinearRegression,0.16060782945200958,0.7773360915034995,1.2132820418308516,0.678227654698243,SR,15,1
core,GradientBoosting,0.14113303737640925,0.953194942603618,1.2272760558319076,0.5531784905663331,SR,15,1
core,XGBoost,0.07960672382347123,1.0176877122205845,1.270474729736227,0.46010399212603886,SR,15,1
rheology_enhanced,LinearRegression,-0.39457059252493276,0.9934207593653192,1.563866094464176,0.6488922841864018,SR,15,1
engineered,SVR_RBF,0.12075494346323867,0.8318591029436232,1.2893721123444148,0.4719633307868602,SR,15,2
rheology_enhanced,RandomForest,0.0940086299716929,0.9689455831564945,1.308836312152878,0.33445378151260496,SR,15,2
rheology_enhanced,GradientBoosting,0.06308703054051346,0.9129299681752311,1.3309842933187537,0.44342577866444116,SR,15,2
rheology_enhanced,XGBoost,0.05635491098719492,0.9205271541371067,1.3357575792434577,0.43520782904224214,SR,15,2
rheology_enhanced,SVR_RBF,0.04310741866523715,0.9020699093867712,1.34510101019101,0.44598930481283416,SR,15,2
engineered,RandomForest,0.041876984105256754,1.0246877742374727,1.3459655414342167,0.3283422459893048,SR,15,2
engineered,GradientBoosting,0.02932675370030846,0.9237913183367108,1.3547521064461756,0.44843391902215424,SR,15,2
core,LinearRegression,-0.03677340920941541,1.0441538101048866,1.4001199057521119,0.4242933537051184,SR,15,2
core,XGBoost,-0.07117062019719489,1.1003264425502106,1.423156403649115,0.30182624771022887,SR,15,2
engineered,XGBoost,-0.07978299254271448,1.004868455774644,1.4288661452331197,0.35694094381810293,SR,15,2
core,GradientBoosting,-0.0864387176448913,1.0309250434750796,1.433263107552889,0.35500879667385393,SR,15,2
core,RandomForest,-0.11170746654173125,1.1548289313725488,1.4498349553365806,0.2643441065091259,SR,15,2
core,SVR_RBF,-0.23987359484632376,1.069636466850892,1.5311298051853328,0.3937356760886172,SR,15,2
rheology_enhanced,LinearRegression,-23034.69723171402,51.86326321562262,208.70073855315908,0.31581359816653937,SR,15,2
engineered,LinearRegression,-33988.34647409057,62.61814506866152,253.50977641237108,0.3778456837280366,SR,15,2
engineered,SVR_RBF,0.35173486334488957,0.7430947273161721,0.9763488849794671,0.6204736440030557,SR,15,3
engineered,GradientBoosting,0.19622138778411735,0.8063105961947478,1.087168660164587,0.5275783040488923,SR,15,3
engineered,RandomForest,0.1702709965077268,0.897358019278924,1.1045791397519225,0.43834988540870884,SR,15,3
rheology_enhanced,RandomForest,0.15668834622256067,0.8905236226303654,1.11358341066777,0.4621848739495798,SR,15,3
rheology_enhanced,SVR_RBF,0.15349429424431782,0.8364133262899778,1.1156902721982596,0.5459129106187929,SR,15,3
engineered,XGBoost,0.15154555913195877,0.8669384011661305,1.116973745503481,0.4844919786096256,SR,15,3
rheology_enhanced,GradientBoosting,0.12961416775592838,0.8759442492086509,1.131317768309366,0.46829640947288,SR,15,3
rheology_enhanced,XGBoost,0.08955986291267803,0.9165471375409296,1.1570560548044166,0.45301757066462944,SR,15,3
core,RandomForest,0.0037461916362513392,0.998269671657047,1.2103575925554462,0.26360024757649847,SR,15,3
core,XGBoost,-0.09296416655793815,1.0635621014763328,1.267744290664734,0.28481931475896566,SR,15,3
core,LinearRegression,-0.12183013250209163,0.9988278598609497,1.2843762081698138,0.386707410236822,SR,15,3
core,SVR_RBF,-0.1578491308504817,0.953499157249971,1.304832269362981,0.40290297937356756,SR,15,3
core,GradientBoosting,-0.23508770334962614,1.073685042029845,1.347651504553626,0.31601467361634716,SR,15,3
engineered,LinearRegression,-1.0464752467575251,1.1180937576433043,1.7347302413414154,0.45760122230710465,SR,15,3
rheology_enhanced,LinearRegression,-8.032155960043271,1.8086194503824646,3.6443863857104506,0.3659281894576012,SR,15,3
rheology_enhanced,GradientBoosting,0.10145318584177665,0.8895746449477,1.231450334009353,0.3837535014005603,SR,15,4
rheology_enhanced,RandomForest,0.061073074276609685,0.949075417044596,1.25881654774896,0.3565826330532213,SR,15,4
engineered,SVR_RBF,0.018310691648365074,0.9847800073202125,1.287163088168102,0.40812324929971994,SR,15,4
engineered,GradientBoosting,0.004326792271536761,0.9377842944118618,1.2962983164705075,0.3515406162464987,SR,15,4
engineered,RandomForest,-0.004181292747488685,0.9773404826908544,1.3018250070734831,0.3109243697478992,SR,15,4
core,RandomForest,-0.02557487833799832,1.0217244159863943,1.315619292989481,0.23956291217753722,SR,15,4
core,LinearRegression,-0.02696576481262336,0.9872803508193968,1.3165111133327467,0.4991596638655463,SR,15,4
rheology_enhanced,XGBoost,-0.03464234995346005,0.9684470538003104,1.3214224229642977,0.34705882352941175,SR,15,4
engineered,XGBoost,-0.07513269890877572,0.9754585354941231,1.3470309730614427,0.34285714285714286,SR,15,4
rheology_enhanced,SVR_RBF,-0.07788755987648166,0.9875796186063874,1.3487556480497864,0.3450980392156863,SR,15,4
core,XGBoost,-0.15365316028482812,1.0844715043204174,1.3953532766870589,0.11011488243949957,SR,15,4
core,SVR_RBF,-0.2635363359257392,1.0577724062841325,1.4602943816456369,0.3243697478991597,SR,15,4
core,GradientBoosting,-0.6549136673388369,1.2071815672508552,1.6712222838724802,0.04776579399711614,SR,15,4
engineered,LinearRegression,-1.2782270777729674,1.3229654758735576,1.9608530641650659,0.29187675070028013,SR,15,4
rheology_enhanced,LinearRegression,-1.3420639357426976,1.3514689758953866,1.9881352240865482,0.3400560224089636,SR,15,4
engineered,SVR_RBF,-0.09733234499954402,0.8496655617744925,1.2177970461428096,0.4112044817927171,SR,15,5
core,RandomForest,-0.22375369408389068,0.9690876128117911,1.2860351350612402,0.09299719887955182,SR,15,5
rheology_enhanced,RandomForest,-0.25878950060316286,0.9845806076341646,1.3043146789038833,0.14929971988795518,SR,15,5
rheology_enhanced,SVR_RBF,-0.27305761168253584,0.9105638063592355,1.311685914556901,0.36498599439775914,SR,15,5
rheology_enhanced,GradientBoosting,-0.28343282282736015,0.9626745444741454,1.317020081209303,0.23977591036414567,SR,15,5
core,LinearRegression,-0.29739401101946306,0.9846561289748544,1.3241639811858488,0.1112044817927171,SR,15,5
engineered,RandomForest,-0.3118493668087021,0.9705556604308393,1.3315203583030355,0.12717086834733896,SR,15,5
engineered,GradientBoosting,-0.3259010748583173,0.9269147860510998,1.338632569335352,0.24789915966386555,SR,15,5
rheology_enhanced,XGBoost,-0.4185555642561041,0.9635195785522459,1.3846149031365975,0.21529626209257335,SR,15,5
core,GradientBoosting,-0.4998516014444212,1.057043000425302,1.4237376554644041,0.15758509749781716,SR,15,5
engineered,XGBoost,-0.5327909764642056,0.9921754774366107,1.4392866379219784,0.17142857142857143,SR,15,5
core,SVR_RBF,-0.645307956307996,1.0965998852937147,1.4911777843009015,0.23361344537815126,SR,15,5
core,XGBoost,-0.6719012607302419,1.12955950290135,1.5031805185502958,-0.02367112548700042,SR,15,5
engineered,LinearRegression,-1.3681630482658025,1.1439460395425745,1.7890052956308367,0.28347338935574234,SR,15,5
rheology_enhanced,LinearRegression,-1.9291833555951121,1.4052693049925669,1.9896610803674903,0.2607843137254902,SR,15,5
rheology_enhanced,GradientBoosting,0.5562764802003248,0.6548778903764598,0.8326898727271623,0.7690427098615207,SR,16,1
engineered,XGBoost,0.5497577876738522,0.6698978435291965,0.838784048941424,0.7378151260504201,SR,16,1
rheology_enhanced,XGBoost,0.5488492296985383,0.6636327221814324,0.839629926832797,0.7402597402597402,SR,16,1
rheology_enhanced,RandomForest,0.5106800084695813,0.6894999047017797,0.8744269573900164,0.7060351413292589,SR,16,1
engineered,GradientBoosting,0.5104060149240912,0.7014392372997011,0.8746717397581727,0.7384262796027501,SR,16,1
engineered,RandomForest,0.48274901612818977,0.7230718173223833,0.899037321356094,0.7081741787624141,SR,16,1
core,LinearRegression,0.45405112166348005,0.7508472485381099,0.9236406688768102,0.6595874713521771,SR,16,1
core,SVR_RBF,0.445365318771206,0.7348489229317967,0.9309590310914155,0.6482811306340718,SR,16,1
engineered,SVR_RBF,0.3506628513935963,0.6598153900959784,1.007307767508347,0.6925897631779985,SR,16,1
core,GradientBoosting,0.31645277585506804,0.8163972508797526,1.033501996859946,0.6555122641180058,SR,16,1
core,RandomForest,0.29220832761602233,0.8816305316682224,1.0516707191726198,0.5382734912146677,SR,16,1
core,XGBoost,0.28330512775787053,0.8706163460787605,1.0582644486877124,0.6098250457097811,SR,16,1
rheology_enhanced,SVR_RBF,0.28221069034530466,0.6971216185194228,1.0590721580943132,0.6828113063407182,SR,16,1
engineered,LinearRegression,-0.12239194422485666,0.8644310033508079,1.324339487703045,0.6730328495034378,SR,16,1
rheology_enhanced,LinearRegression,-0.5563666892618857,1.003388267695282,1.5594915346161033,0.627807486631016,SR,16,1
engineered,RandomForest,-0.14658112196526596,1.0739910185574228,1.3659882551806526,0.13216195569136746,SR,16,2
core,LinearRegression,-0.16476795018577928,1.0842718304334769,1.3767791418135815,0.2592818945760122,SR,16,2
rheology_enhanced,RandomForest,-0.18739724212621978,1.172928478857201,1.390088945643345,0.08999236058059586,SR,16,2
engineered,GradientBoosting,-0.2321988536813755,1.0493732405325489,1.4160708145500345,0.24203529752049446,SR,16,2
engineered,SVR_RBF,-0.26070656301217987,1.0680073906436993,1.432358002004882,0.2855614973262032,SR,16,2
rheology_enhanced,SVR_RBF,-0.30237911177095267,1.094714220171437,1.4558387770389707,0.253781512605042,SR,16,2
rheology_enhanced,GradientBoosting,-0.41449006472064376,1.1807656082183047,1.5172058984954049,0.13996485639442735,SR,16,2
core,RandomForest,-0.4800031423630713,1.2477610919701225,1.5519434436421045,-0.1373672553478059,SR,16,2
engineered,XGBoost,-0.5245131527884961,1.2620306353288537,1.5751073554691075,0.021239208557669653,SR,16,2
rheology_enhanced,XGBoost,-0.6349574455979234,1.3474782622842227,1.6311646405301778,0.03973105180863165,SR,16,2
core,SVR_RBF,-0.685897402482097,1.2861000351637017,1.656380627709185,0.12543926661573718,SR,16,2
core,XGBoost,-0.988574506048389,1.5308069744110107,1.7989351407358758,-0.19512567861974206,SR,16,2
core,GradientBoosting,-1.0468096593525908,1.4730494947340762,1.8250858613458494,-0.12636565091505614,SR,16,2
engineered,LinearRegression,-1.4034874718547137,1.3731370769279507,1.97772317728179,0.19633307868601985,SR,16,2
rheology_enhanced,LinearRegression,-2.1015640026138436,1.6017942194475214,2.24664754539355,0.13796791443850268,SR,16,2
rheology_enhanced,RandomForest,0.13062209645728473,0.9374791369967174,1.2346987447407953,0.36684491978609624,SR,16,3
core,XGBoost,0.10166637634703557,0.9326764549367568,1.255091924640508,0.47787882358981554,SR,16,3
rheology_enhanced,XGBoost,0.056708500982623034,0.9359479811612298,1.2861145989110114,0.37723453017570663,SR,16,3
engineered,SVR_RBF,0.04567953222183285,0.7897935588878219,1.293611378545324,0.4615737203972498,SR,16,3
engineered,RandomForest,0.043033459776625316,0.9724662691728213,1.2954035542698359,0.31703590527119935,SR,16,3
core,GradientBoosting,-0.01040497411853325,0.9014811850119401,1.3310808810192671,0.38261135416118564,SR,16,3
rheology_enhanced,GradientBoosting,-0.03128492707306063,0.9385462235752665,1.3447639026438332,0.387012987012987,SR,16,3
core,RandomForest,-0.03596743575199879,1.0323079930184194,1.3478133688921723,0.25425930244577194,SR,16,3
engineered,XGBoost,-0.03800906003936744,0.9824803647994995,1.349140811247763,0.3506493506493506,SR,16,3
engineered,GradientBoosting,-0.054230743111205015,0.9459907692354925,1.3596419199848022,0.39618029029793733,SR,16,3
rheology_enhanced,SVR_RBF,-0.0925920127612141,0.8899900327252938,1.3841581633131983,0.4169595110771582,SR,16,3
core,LinearRegression,-0.1099247832664918,1.0185745277477265,1.3950940359647472,0.3310924369747899,SR,16,3
core,SVR_RBF,-0.49112145844278965,1.1342663291116424,1.6170119065981643,0.3042016806722689,SR,16,3
engineered,LinearRegression,-1.3855304187377828,1.2989794516141933,2.0452631192663997,0.29595110771581357,SR,16,3
rheology_enhanced,LinearRegression,-1434.0092327927782,13.335277623265128,50.16306396445514,0.307563025210084,SR,16,3
core,XGBoost,-0.023370357943256037,1.0290551315852576,1.2737710926723664,0.21176470588235297,SR,16,4
engineered,SVR_RBF,-0.039009924368661464,0.9273248097742192,1.2834673343349425,0.3450980392156863,SR,16,4
rheology_enhanced,RandomForest,-0.04569820443787442,1.0311902487150428,1.2875916543302497,0.24677871148459385,SR,16,4
rheology_enhanced,GradientBoosting,-0.10653894671537256,1.0428706033944541,1.324519401231593,0.17914419821226943,SR,16,4
engineered,RandomForest,-0.11889640818862168,1.0596100173847327,1.331894764592591,0.13025210084033612,SR,16,4
core,GradientBoosting,-0.12722215661085823,1.0418778135597981,1.3368409189446748,0.18040479069382567,SR,16,4
rheology_enhanced,SVR_RBF,-0.1577101716926328,1.0003937975895747,1.354799090632876,0.3445378151260505,SR,16,4
core,LinearRegression,-0.1846498100317786,1.014202527873242,1.3704713675414961,0.29551820728291317,SR,16,4
core,RandomForest,-0.20881738483773504,1.089139804803133,1.3843800131359243,0.052100840336134456,SR,16,4
rheology_enhanced,XGBoost,-0.2106183810483977,1.0757041254316058,1.3854109112735307,0.09747899159663866,SR,16,4
engineered,GradientBoosting,-0.21847586929502683,1.081066180467345,1.3898996269700807,0.10504201680672269,SR,16,4
engineered,XGBoost,-0.24293083171312002,1.0781671827043806,1.4037780666921225,0.0761904761904762,SR,16,4
core,SVR_RBF,-0.46021319883505907,1.1364780897168767,1.521539063585111,0.18095238095238098,SR,16,4
engineered,LinearRegression,-1.4361940842960026,1.3218754883535992,1.9653093217892685,0.23501400560224092,SR,16,4
rheology_enhanced,LinearRegression,-2.1807260071186785,1.5637444527563003,2.2456294848112828,0.22521008403361345,SR,16,4
engineered,SVR_RBF,0.41921373467867107,0.6059022035626451,0.9749397945103402,0.6532212885154063,SR,16,5
rheology_enhanced,SVR_RBF,0.27103623647449704,0.6767058058018728,1.0922513720776938,0.627170868347339,SR,16,5
rheology_enhanced,XGBoost,0.0985960890894636,0.8574273220062256,1.2145890118071743,0.5319327731092437,SR,16,5
engineered,XGBoost,0.07992170974125523,0.8155660332815989,1.2271058329961473,0.534453781512605,SR,16,5
rheology_enhanced,RandomForest,0.06699470619435444,0.9530869280251503,1.2356961192568738,0.3535014005602241,SR,16,5
core,GradientBoosting,0.04849169456455371,0.9466078406579843,1.247888896750473,0.4593837535014006,SR,16,5
engineered,GradientBoosting,0.03548103357168053,0.8414977480929531,1.2563915731751698,0.5080187700671628,SR,16,5
rheology_enhanced,GradientBoosting,0.0277508120549268,0.8423069892765582,1.26141625558854,0.4942923186013283,SR,16,5
engineered,RandomForest,0.004501223525947062,0.9916082391774893,1.2764094007286686,0.35994397759103647,SR,16,5
core,SVR_RBF,-0.03166248486505063,0.901308876331622,1.299386791978574,0.4689075630252101,SR,16,5
core,RandomForest,-0.0697674702471871,1.0586949295265582,1.3231659691548876,0.2794313334116321,SR,16,5
core,XGBoost,-0.13872208220687976,1.0448789232526507,1.3651441115000915,0.28207282913165266,SR,16,5
core,LinearRegression,-0.2655223871890784,1.0989694909699437,1.4391449727510155,0.3478991596638656,SR,16,5
engineered,LinearRegression,-0.3833001710607802,0.8647264705467078,1.5046235123150573,0.6162464985994398,SR,16,5
rheology_enhanced,LinearRegression,-0.7871340023030806,1.0850409632857565,1.7102050626930392,0.5736694677871148,SR,16,5
engineered,SVR_RBF,0.38136904959480533,0.7239941249313274,1.0042313153919478,0.6797555385790679,SR,17,1
rheology_enhanced,SVR_RBF,0.18178175532985352,0.8320131459848809,1.1549216364621842,0.5902215431627196,SR,17,1
engineered,GradientBoosting,0.16771505630639783,0.7928506403662737,1.164806960156468,0.5343009931245225,SR,17,1
rheology_enhanced,GradientBoosting,0.14589936869743747,0.8259192468961039,1.1799740581350993,0.4973262032085561,SR,17,1
engineered,RandomForest,0.10657844434610586,0.8968193621084789,1.2068301491357003,0.39251336898395717,SR,17,1
rheology_enhanced,RandomForest,0.10264475038083631,0.8997661200060821,1.2094840398890339,0.41237585943468297,SR,17,1
engineered,XGBoost,0.05759193235097315,0.865749997924356,1.2394740412599692,0.4701298701298701,SR,17,1
rheology_enhanced,XGBoost,0.028693891538314364,0.8779971316842472,1.2583341930214649,0.45087853323147437,SR,17,1
core,GradientBoosting,0.007344920385945031,0.9321433850543271,1.2720879027741485,0.4025061171689838,SR,17,1
core,XGBoost,-0.004916221166793244,0.9779050960540772,1.2799201204100585,0.33786675211109457,SR,17,1
core,RandomForest,-0.09019484162912828,1.0339162241462236,1.3331223188641546,0.2113386332743753,SR,17,1
core,SVR_RBF,-0.1553393086995427,0.9897117721426312,1.3723747307036678,0.4832696715049656,SR,17,1
core,LinearRegression,-0.23730346870005015,1.088659196745223,1.4202214027465019,0.387012987012987,SR,17,1
engineered,LinearRegression,-0.7923962722974087,1.1396819784026684,1.7093655771307124,0.4893812070282658,SR,17,1
rheology_enhanced,LinearRegression,-2.9134461572178565,1.7024301781844338,2.5257922099235284,0.43284950343773865,SR,17,1
engineered,GradientBoosting,-0.14812374194316424,0.9611602507367846,1.3050604623077915,0.2385208961044772,SR,17,2
engineered,SVR_RBF,-0.15456468728541228,1.0114587413037464,1.3087160207803352,0.2922841864018334,SR,17,2
rheology_enhanced,RandomForest,-0.15872278522607552,1.0171896373327107,1.311070535299655,0.1550802139037433,SR,17,2
engineered,RandomForest,-0.1778077720241107,1.0183637057267352,1.3218235697995044,0.16149732620320856,SR,17,2
rheology_enhanced,GradientBoosting,-0.2141060640595016,1.0153326441049588,1.3420373348636518,0.22081296101335668,SR,17,2
core,LinearRegression,-0.23466476303811068,1.0462363504664645,1.3533521293107382,0.27028265851795263,SR,17,2
engineered,XGBoost,-0.31919994848773947,1.0268939223569982,1.3989158684565317,0.22599129105606774,SR,17,2
core,RandomForest,-0.3314632554579542,1.111418340679201,1.4054030010194953,-0.09397203786307076,SR,17,2
rheology_enhanced,SVR_RBF,-0.33951322944683926,1.0585370086148471,1.4096451041627474,0.24125286478227656,SR,17,2
rheology_enhanced,XGBoost,-0.3653720579578954,1.0406600223429063,1.4231864137677472,0.19848727997419338,SR,17,2
core,SVR_RBF,-0.44248419200705413,1.0811948907451827,1.4628231173321482,0.2409472880061115,SR,17,2
core,XGBoost,-0.7095046355432237,1.2514522195703843,1.5924706071069037,-0.048128342245989296,SR,17,2
core,GradientBoosting,-0.9246736115485934,1.2276303139872846,1.6897203313182023,0.007792803139864405,SR,17,2
engineered,LinearRegression,-1.95657053941189,1.2810268839971632,2.0942590761751374,0.2647822765469824,SR,17,2
rheology_enhanced,LinearRegression,-2.453174201456571,1.3524559269076792,2.263317740540238,0.1602750190985485,SR,17,2
engineered,GradientBoosting,0.07991760811979254,0.9142959603870997,1.2982619134354623,0.43284950343773865,SR,17,3
engineered,RandomForest,0.013469910781157557,1.0081780240429499,1.3443245344163897,0.3567608861726509,SR,17,3
rheology_enhanced,GradientBoosting,-0.014947744496170534,1.034646818997419,1.3635491539241953,0.42215431627196337,SR,17,3
rheology_enhanced,RandomForest,-0.016461613201968373,1.0710869936196694,1.3645656915925435,0.29778456837280365,SR,17,3
engineered,XGBoost,-0.054932759179596946,0.9805796444275802,1.3901489828063336,0.4148204736440031,SR,17,3
core,LinearRegression,-0.09330095736155708,1.0654728564195102,1.4152032623365574,0.42398777692895334,SR,17,3
rheology_enhanced,SVR_RBF,-0.09565673736913438,1.0225427660289506,1.4167271398816126,0.3619556913674561,SR,17,3
rheology_enhanced,XGBoost,-0.12104489119924633,1.0516466921638041,1.4330470807668434,0.39801375095492736,SR,17,3
engineered,SVR_RBF,-0.12948292302765974,1.0690714372481036,1.4384301961537496,0.35003819709702055,SR,17,3
core,RandomForest,-0.2539180816961213,1.212638117647058,1.515596310410615,0.07379679144385026,SR,17,3
core,SVR_RBF,-0.3419908266191505,1.1262384937856618,1.5679193881280533,0.29809014514896864,SR,17,3
core,XGBoost,-0.40818127110831925,1.2809477844799269,1.6061209195780444,0.05011842019363774,SR,17,3
core,GradientBoosting,-0.7297856118124995,1.3483779383498753,1.7801028562139745,0.019558407880444,SR,17,3
rheology_enhanced,LinearRegression,-0.7804687313761285,1.2122639299955642,1.8059932897368165,0.40106951871657753,SR,17,3
engineered,LinearRegression,-0.8529536565216205,1.210908889681144,1.8423885909694395,0.386401833460657,SR,17,3
engineered,SVR_RBF,0.28884849116248534,0.7691529069673684,1.0788110551446375,0.5591036414565826,SR,17,4
rheology_enhanced,RandomForest,0.2056021100370149,0.8840858728269091,1.1402061031541777,0.46470588235294125,SR,17,4
engineered,RandomForest,0.1664030036764239,0.9297971546485267,1.1679987846648676,0.4431372549019608,SR,17,4
engineered,GradientBoosting,0.14983014503378078,0.8802373760920236,1.1795522171405763,0.5050420168067227,SR,17,4
rheology_enhanced,XGBoost,0.12083780733303262,0.8855374174390521,1.1994960498263967,0.5059177825979024,SR,17,4
rheology_enhanced,GradientBoosting,0.11680718861712724,0.8880998549429299,1.2022425183472751,0.4977591036414566,SR,17,4
rheology_enhanced,SVR_RBF,0.10430456385828757,0.8547213029742092,1.2107221867232603,0.47002801120448184,SR,17,4
engineered,XGBoost,0.10229258336181812,0.9064222378322058,1.2120812329502209,0.5218852873642814,SR,17,4
core,RandomForest,0.054208913928691205,0.9611535900604697,1.2441190171856937,0.40955249067449245,SR,17,4
core,SVR_RBF,-0.10711612941633852,0.975329255985724,1.3460491227672655,0.43501400560224085,SR,17,4
core,GradientBoosting,-0.14999248395609754,1.004110143813473,1.37186640598905,0.3546466848111542,SR,17,4
core,XGBoost,-0.15378964574974785,1.0433979552677701,1.3741294232673733,0.28545416415684527,SR,17,4
core,LinearRegression,-0.15980842557723585,1.0218918320875332,1.3777088558730668,0.3557422969187675,SR,17,4
engineered,LinearRegression,-0.894035612127138,1.1478823381880703,1.7605906478101583,0.41680672268907565,SR,17,4
rheology_enhanced,LinearRegression,-1.0311270336854568,1.2171805164102454,1.8231939188250939,0.4117647058823529,SR,17,4
rheology_enhanced,GradientBoosting,0.2873384629956115,0.7561889879941809,1.052570515479174,0.5067226890756302,SR,17,5
engineered,SVR_RBF,0.28428212456626856,0.7010293168020604,1.054825141122521,0.5280112044817927,SR,17,5
rheology_enhanced,SVR_RBF,0.2765582844011045,0.7216311326285563,1.0605015661484811,0.5277310924369749,SR,17,5
core,LinearRegression,0.2500042665346728,0.8809588263082961,1.0797890940581811,0.4941176470588236,SR,17,5
rheology_enhanced,RandomForest,0.24788010891351986,0.8507402964474674,1.0813171164177802,0.5173669467787115,SR,17,5
core,SVR_RBF,0.2454638428866054,0.7401222885149819,1.0830526473967506,0.4593837535014006,SR,17,5
rheology_enhanced,XGBoost,0.22822305533960197,0.8264043563842774,1.0953563763037613,0.4708683473389356,SR,17,5
engineered,GradientBoosting,0.2041111951624538,0.821853309897231,1.112335347348482,0.4431372549019608,SR,17,5
engineered,RandomForest,0.18366392469040327,0.876781301095993,1.1265333027400637,0.4408963585434174,SR,17,5
engineered,XGBoost,0.14622951544957952,0.8635539775303432,1.1520732922477825,0.4406162464985995,SR,17,5
core,RandomForest,0.08412229457726705,0.96476803661788,1.1932413205464032,0.29887955182072834,SR,17,5
core,GradientBoosting,-0.08520246262218478,0.9937379596598831,1.2988677259644439,0.3366946778711485,SR,17,5
core,XGBoost,-0.08597634176675029,1.01615422744751,1.299330767443867,0.280952380952381,SR,17,5
engineered,LinearRegression,-0.22923220798460298,0.9118683727211463,1.3823770205176533,0.5109243697478992,SR,17,5
rheology_enhanced,LinearRegression,-104.34206416784026,3.794230248813145,12.797067254784173,0.41988795518207284,SR,17,5
rheology_enhanced,SVR_RBF,-0.050010065053166075,0.9677995342219051,1.27842345435976,0.388235294117647,SR,18,1
engineered,SVR_RBF,-0.0622744893302587,0.9826333449577215,1.2858679586663804,0.3937356760886172,SR,18,1
core,LinearRegression,-0.13882611425765545,1.010737876025028,1.3313943430999464,0.2516424751718869,SR,18,1
rheology_enhanced,RandomForest,-0.14334848131274192,1.0513715218819846,1.3340352591099298,0.029793735676088614,SR,18,1
engineered,RandomForest,-0.1656965635591614,1.03818320266743,1.3470098043489642,-0.014820473644003056,SR,18,1
core,XGBoost,-0.2423281268652595,1.1369440530889172,1.3905805725600044,0.008709603509260217,SR,18,1
core,RandomForest,-0.29568445332235616,1.141053478680361,1.4201284326114076,-0.2449384986902479,SR,18,1
core,SVR_RBF,-0.42203433828156856,1.1071545132796194,1.487760556382212,0.09671504965622613,SR,18,1
rheology_enhanced,XGBoost,-0.4314674080912486,1.1344881974388572,1.4926869325574808,0.04385026737967914,SR,18,1
rheology_enhanced,GradientBoosting,-0.4328624696928345,1.1575661713805607,1.493414117507922,0.06371275783040489,SR,18,1
engineered,XGBoost,-0.4845851512266204,1.1355446021136115,1.5201293873026613,0.005653170359052712,SR,18,1
engineered,GradientBoosting,-0.6088924418529615,1.168298402491412,1.5824919316593864,0.08204736440030558,SR,18,1
core,GradientBoosting,-0.6962197423880874,1.2435169435150324,1.6248716281527542,-0.15264726150440275,SR,18,1
engineered,LinearRegression,-3.7548839718779474,1.3990400566688612,2.7204951788197995,0.18533231474407943,SR,18,1
rheology_enhanced,LinearRegression,-15.896108069004143,2.4631866541007374,5.128275379800719,0.05851795263559969,SR,18,1
engineered,GradientBoosting,0.10149371349763814,0.9197197123465253,1.281331769780798,0.33756112863564347,SR,18,2
rheology_enhanced,XGBoost,0.02842420211858554,1.0082193829592536,1.3324145859293033,0.32332493027358983,SR,18,2
rheology_enhanced,GradientBoosting,0.0166859510677575,0.9947158663034853,1.3404393124730507,0.322408129904194,SR,18,2
engineered,XGBoost,0.014843671375147083,0.9755770265915814,1.3416944092290648,0.31703590527119935,SR,18,2
rheology_enhanced,RandomForest,0.012585730776257464,1.0825109797060235,1.3432310853489604,0.30450725744843393,SR,18,2
engineered,SVR_RBF,0.0016106022588499025,0.9500033929313616,1.350675475999583,0.4768525592055004,SR,18,2
engineered,RandomForest,-0.07957574823537983,1.1425982992636448,1.4045189212822138,0.17799847211611916,SR,18,2
rheology_enhanced,SVR_RBF,-0.0859849811815252,0.987435935158337,1.4086819306181104,0.41145912910618787,SR,18,2
core,LinearRegression,-0.10212712561473114,1.1053683277250865,1.4191126781872747,0.3121466768525592,SR,18,2
core,RandomForest,-0.1941422725627051,1.1916974767245287,1.477165209852117,0.1816653934300993,SR,18,2
core,XGBoost,-0.23401480538062946,1.199027037283953,1.5016240642317125,0.22937041832598504,SR,18,2
core,GradientBoosting,-0.30097830400634096,1.1957016591828493,1.5418284722181668,0.22217128951691853,SR,18,2
core,SVR_RBF,-0.32639159080576974,1.0618318053401459,1.5568146659857125,0.32223071046600454,SR,18,2
rheology_enhanced,LinearRegression,-33.6177797514735,2.7037478010133706,7.9533599779002255,0.360733384262796,SR,18,2
engineered,LinearRegression,-143.86749800073514,4.102668010727026,16.26996108041819,0.3454545454545454,SR,18,2
engineered,XGBoost,0.5199154739997547,0.7037974549461813,0.8750694339184149,0.708893651308624,SR,18,3
rheology_enhanced,RandomForest,0.5097433409463403,0.7225215145113609,0.8842914192725402,0.6798074739069948,SR,18,3
rheology_enhanced,XGBoost,0.5051932454040002,0.7020754632388844,0.8883855173474575,0.7131723799649382,SR,18,3
engineered,RandomForest,0.49839825351111977,0.7345450446234054,0.8944646471676755,0.7048666840038137,SR,18,3
core,RandomForest,0.4647965682869073,0.7586033468473251,0.9239385864476499,0.6673798601268706,SR,18,3
rheology_enhanced,GradientBoosting,0.4532673131673015,0.7415362727534281,0.9338372204531608,0.7140346876977719,SR,18,3
engineered,GradientBoosting,0.44292994014692566,0.7390337826988478,0.9426241648170828,0.6941706796941959,SR,18,3
core,XGBoost,0.43370019193050136,0.7762028377757353,0.9504009624078004,0.6956521921908667,SR,18,3
core,LinearRegression,0.3748920646432866,0.8381946745454694,0.9985301122036802,0.6632543926661574,SR,18,3
core,GradientBoosting,0.35805321668416756,0.8333841752746713,1.011889696399198,0.6459352153657153,SR,18,3
rheology_enhanced,SVR_RBF,0.353597323647033,0.7497521795870288,1.015395497144774,0.6488922841864018,SR,18,3
core,SVR_RBF,0.34457621199378663,0.7956156199607253,1.0224563112767437,0.6180290297937356,SR,18,3
engineered,SVR_RBF,0.3396284030208898,0.7732809438587246,1.026308328093287,0.6595874713521771,SR,18,3
rheology_enhanced,LinearRegression,-0.6002408623197875,1.049884764670563,1.5976304824427556,0.5618029029793735,SR,18,3
engineered,LinearRegression,-1.7319348258514333,1.23247135535878,2.087463197076906,0.5966386554621849,SR,18,3
engineered,SVR_RBF,0.4584371582750303,0.6740000617550752,0.9613038784808413,0.7131652661064426,SR,18,4
rheology_enhanced,SVR_RBF,0.30268657355775064,0.7818557523895812,1.0908129344886022,0.6565826330532214,SR,18,4
rheology_enhanced,XGBoost,0.15623200350593758,0.8468088599068778,1.1999075603881653,0.4686274509803922,SR,18,4
rheology_enhanced,GradientBoosting,0.1427619929857159,0.8357539914984043,1.209447369473071,0.4932773109243698,SR,18,4
rheology_enhanced,RandomForest,0.09911270218243284,0.938514994781145,1.2398567110175658,0.3988795518207283,SR,18,4
engineered,XGBoost,0.07868721025291969,0.8417227981022427,1.2538333446790029,0.4341736694677871,SR,18,4
engineered,GradientBoosting,0.07583828779690438,0.8252979012870457,1.2557704266576302,0.45406162464985994,SR,18,4
engineered,RandomForest,0.04303680222914741,0.9706529576960086,1.27786178760112,0.3064425770308124,SR,18,4
core,RandomForest,0.017825977071526666,1.0100366006715513,1.294584750769912,0.280672268907563,SR,18,4
core,SVR_RBF,0.005092843784659018,0.9095874259092647,1.3029493772701068,0.5439775910364146,SR,18,4
core,LinearRegression,-0.03955285055837132,1.065074063350294,1.3318629938992383,0.3795518207282913,SR,18,4
engineered,LinearRegression,-0.2555747032351465,0.8758063927364131,1.4637184391449893,0.6554621848739497,SR,18,4
core,XGBoost,-0.2821124147760534,1.0970955000741143,1.479106065635236,0.13796484381476576,SR,18,4
core,GradientBoosting,-0.41147021923869076,1.074992254584754,1.551929987587099,0.16472895525105155,SR,18,4
rheology_enhanced,LinearRegression,-12.435009810066804,2.009054489275702,4.7880123203575815,0.5686274509803921,SR,18,4
rheology_enhanced,RandomForest,-0.10900806406865815,0.9776187014911023,1.2717721061846987,0.1938375350140056,SR,18,5
rheology_enhanced,GradientBoosting,-0.12701045968804126,0.8929730611784216,1.2820528152081045,0.37750385578365986,SR,18,5
engineered,RandomForest,-0.17072663758115736,0.9869803895691613,1.3066813522654275,0.1949579831932773,SR,18,5
engineered,GradientBoosting,-0.19219636928399475,0.8866811370358346,1.318608408289318,0.3218712802906921,SR,18,5
engineered,SVR_RBF,-0.20533014072265932,0.9473462642885595,1.32585170573393,0.35994397759103647,SR,18,5
rheology_enhanced,XGBoost,-0.3365729708269105,0.9972192144121442,1.396169930889123,0.17759103641456586,SR,18,5
core,RandomForest,-0.34075077853145563,1.0890877361678015,1.3983502751895354,0.0008404538533216915,SR,18,5
rheology_enhanced,SVR_RBF,-0.36661096578044683,0.9907981207043197,1.4117714465009044,0.3190476190476191,SR,18,5
core,LinearRegression,-0.414078568562837,1.0881501005707785,1.4360802629667802,0.11792717086834735,SR,18,5
core,SVR_RBF,-0.463580867118796,1.010628237621661,1.4610002997719698,0.3341736694677871,SR,18,5
engineered,XGBoost,-0.475198406033128,1.0157728444780623,1.4667873659084822,0.1627564959520384,SR,18,5
core,GradientBoosting,-0.5564522123449014,1.132932010879243,1.5066411984793326,0.09355742296918769,SR,18,5
core,XGBoost,-0.62375203571498,1.1939642056601385,1.5388695193429136,-0.09943977591036417,SR,18,5
engineered,LinearRegression,-1.3247998776816772,1.1948517263724459,1.841343149292216,0.2711484593837535,SR,18,5
rheology_enhanced,LinearRegression,-1.6415034575399892,1.3223798257535062,1.9627615200653536,0.19327731092436976,SR,18,5
engineered,SVR_RBF,0.45779269325697736,0.6218248125886038,0.9541465026049043,0.7313980137509549,SR,19,1
rheology_enhanced,SVR_RBF,0.4185278586978566,0.6726582860341952,0.9880907552094929,0.7020626432391137,SR,19,1
engineered,GradientBoosting,0.3932760597634888,0.6409570536881738,1.0093178309677968,0.6228130509428885,SR,19,1
rheology_enhanced,GradientBoosting,0.39157724496878477,0.6640554585682461,1.0107298780170137,0.6383986572226172,SR,19,1
rheology_enhanced,XGBoost,0.3630166942747197,0.6852104364282945,1.0341806436983763,0.5993888464476699,SR,19,1
engineered,XGBoost,0.3447028062627485,0.694517834775588,1.0489421421216982,0.5902215431627196,SR,19,1
rheology_enhanced,RandomForest,0.2655353279964543,0.8201200961328977,1.1104981395533349,0.5223834988540871,SR,19,1
engineered,RandomForest,0.2236390156876903,0.8447204960954074,1.1417321508421856,0.4869365928189457,SR,19,1
core,GradientBoosting,0.20533528470998386,0.8168596699361378,1.1551126628049806,0.478490117256064,SR,19,1
core,SVR_RBF,0.16527281105766178,0.767173366062857,1.1838717562623555,0.6,SR,19,1
core,XGBoost,0.0968839637305815,0.9397635335922241,1.231414198519424,0.4107265654893239,SR,19,1
core,RandomForest,-0.001552019151050743,1.000046526610644,1.296788454470073,0.27320651007995206,SR,19,1
core,LinearRegression,-0.04948384449610077,0.9738011540075086,1.3274563783822189,0.4249045072574484,SR,19,1
engineered,LinearRegression,-0.12318077970480124,0.7892716000906316,1.3732740431927686,0.6919786096256685,SR,19,1
rheology_enhanced,LinearRegression,-4.932627868200647,1.4319720455984482,3.156137632337202,0.5663865546218487,SR,19,1
engineered,SVR_RBF,0.0994654876295592,0.9297948377887604,1.2365801349235284,0.4453781512605042,SR,19,2
engineered,GradientBoosting,0.022778164809855173,0.9747585295997032,1.2881566085764493,0.4255156608097784,SR,19,2
rheology_enhanced,SVR_RBF,0.01465123113329736,0.9764223535638235,1.2935019086246162,0.4019862490450726,SR,19,2
rheology_enhanced,RandomForest,-0.013425720667669117,1.0525550061469031,1.311801266773943,0.26783804430863256,SR,19,2
engineered,RandomForest,-0.03238885445843165,1.0456610355197642,1.3240175396844394,0.29595110771581357,SR,19,2
engineered,XGBoost,-0.049561984492071165,1.0347110333723182,1.3349842154569052,0.386096256684492,SR,19,2
core,XGBoost,-0.07203593309485767,1.0504526692558738,1.3492013155750895,0.30957292473265263,SR,19,2
core,LinearRegression,-0.09171652502648975,1.038068321711898,1.3615294098704789,0.42062643239113817,SR,19,2
rheology_enhanced,GradientBoosting,-0.10844622665521708,1.0817431970959148,1.3719219334193495,0.3130634071810542,SR,19,2
core,GradientBoosting,-0.16243996818399586,1.0327544244525257,1.4049386225833056,0.273512110203084,SR,19,2
rheology_enhanced,XGBoost,-0.19924902723609672,1.1106037098379695,1.4270091970927465,0.2424751718869366,SR,19,2
core,RandomForest,-0.20564284649108266,1.103389736917495,1.4308082036954677,0.10710466004583649,SR,19,2
core,SVR_RBF,-0.2721239189035045,1.1721185429508447,1.4697274107735838,0.27975553857906793,SR,19,2
engineered,LinearRegression,-1.690497923650899,1.4895428128137542,2.137412846664195,0.2760886172650878,SR,19,2
rheology_enhanced,LinearRegression,-2.6939058905167506,1.6994556706483568,2.504465180571396,0.22994652406417113,SR,19,2
rheology_enhanced,RandomForest,0.24823258697559925,0.8273189643635234,1.0948128661243255,0.5067990832696715,SR,19,3
rheology_enhanced,SVR_RBF,0.23922128401490683,0.7397667268686052,1.1013549837768963,0.6051948051948052,SR,19,3
engineered,SVR_RBF,0.23422867252654878,0.753394916040391,1.104962896107428,0.5838044308632544,SR,19,3
rheology_enhanced,XGBoost,0.22043969445954692,0.7917872178133798,1.1148668521110519,0.5315508021390374,SR,19,3
core,XGBoost,0.21862163663559686,0.8066014358857099,1.116166117867926,0.4725744843391902,SR,19,3
engineered,RandomForest,0.1912856709206543,0.8705306337535016,1.1355224200171836,0.45393430099312443,SR,19,3
core,LinearRegression,0.18490495936214824,0.9208461019048229,1.1399932234522,0.41787624140565316,SR,19,3
core,SVR_RBF,0.16437900358893942,0.7870798546888363,1.1542577954148865,0.5229946524064171,SR,19,3
core,RandomForest,0.1554129533042672,0.8974948657796443,1.1604337534016584,0.37818015237577257,SR,19,3
core,GradientBoosting,0.13124469809997563,0.8578519832338177,1.176919824658814,0.5140194071079187,SR,19,3
engineered,XGBoost,0.12529291245952046,0.849161475798663,1.1809444436197385,0.4847975553857906,SR,19,3
rheology_enhanced,GradientBoosting,0.018954442005231664,0.8901211680141751,1.2506699992428738,0.4621848739495798,SR,19,3
engineered,GradientBoosting,0.010161014342816133,0.922177325364792,1.256262574419407,0.4352941176470588,SR,19,3
engineered,LinearRegression,-1.3717684633550777,1.2491474174744757,1.9446179463377098,0.4964094728800611,SR,19,3
rheology_enhanced,LinearRegression,-1.9990192947025487,1.33396916532582,2.18669279665877,0.5312452253628723,SR,19,3
core,LinearRegression,0.05845641493638076,0.8909759681985291,1.2217389784790975,0.49019607843137253,SR,19,4
engineered,GradientBoosting,-0.11425100272242417,1.002228042579384,1.329075744591175,0.27985153090548426,SR,19,4
core,RandomForest,-0.14788382706975,1.0600677254346182,1.3489851969651876,0.08053785298831503,SR,19,4
rheology_enhanced,RandomForest,-0.158389752817647,1.061473555253212,1.355144382112009,0.18599439775910365,SR,19,4
engineered,RandomForest,-0.18992385107175425,1.0681237041950111,1.373465643756452,0.10224089635854341,SR,19,4
engineered,SVR_RBF,-0.21914883169194876,1.022543054243345,1.3902297532064454,0.2801120448179272,SR,19,4
engineered,XGBoost,-0.2438866240049884,1.0335125056675503,1.4042635214835988,0.23921568627450984,SR,19,4
core,XGBoost,-0.26332259663816115,1.0660592262813025,1.4151919438324585,0.14649859943977592,SR,19,4
rheology_enhanced,XGBoost,-0.2661084034159704,1.0729877490997315,1.4167514347714698,0.24537815126050422,SR,19,4
rheology_enhanced,SVR_RBF,-0.35319265115882015,1.102192754839587,1.4646640796395158,0.22380952380952385,SR,19,4
rheology_enhanced,GradientBoosting,-0.36196024056609,1.0597305528341008,1.469401335503178,0.2717086834733894,SR,19,4
core,SVR_RBF,-0.4622193937271031,1.1257684972810402,1.5225251852371413,0.21120448179271709,SR,19,4
core,GradientBoosting,-0.5525476676728622,1.1496332513407748,1.568847344883899,0.09244344864745725,SR,19,4
engineered,LinearRegression,-1.9000503188231002,1.4598954273743947,2.1441787233031304,-0.012605042016806725,SR,19,4
rheology_enhanced,LinearRegression,-2.842526159405907,1.7579920701903358,2.4681220493713725,-0.04061624649859944,SR,19,4
engineered,SVR_RBF,0.2658184253405189,0.7549425020976231,1.078201733453346,0.5240896358543418,SR,19,5
rheology_enhanced,SVR_RBF,0.00024532862215864704,0.8878818675484144,1.2581864571467958,0.41652661064425767,SR,19,5
engineered,GradientBoosting,-0.06387329221971827,0.9672433842193268,1.2979059948266845,0.3210084033613445,SR,19,5
core,LinearRegression,-0.16897465266200173,1.0878322332263635,1.3605071619730165,0.2697478991596639,SR,19,5
engineered,RandomForest,-0.1912487417929407,1.0865625581254734,1.3734078098170681,0.13445378151260504,SR,19,5
rheology_enhanced,RandomForest,-0.21687336246363986,1.1029541755720476,1.388100713359928,0.10980392156862746,SR,19,5
rheology_enhanced,XGBoost,-0.2261880439647821,1.0395364687238422,1.393403264851515,0.2938375350140056,SR,19,5
engineered,XGBoost,-0.24687505905698104,1.0324736246926447,1.405108154357049,0.31176470588235294,SR,19,5
rheology_enhanced,GradientBoosting,-0.2599375992411104,1.0641353950484802,1.4124490907551357,0.2574229691876751,SR,19,5
core,RandomForest,-0.3962891649045126,1.1654864227307078,1.486914406047516,-0.04145658263305322,SR,19,5
core,SVR_RBF,-0.40283582262804396,1.024109286891889,1.4903961118733315,0.3159663865546219,SR,19,5
core,XGBoost,-0.6860751858062266,1.2897338184356688,1.6339424412943384,-0.015406162464985995,SR,19,5
engineered,LinearRegression,-0.7407074638830697,1.0972641024788399,1.66020294894851,0.4476190476190477,SR,19,5
core,GradientBoosting,-0.7518313957027933,1.2787495340358606,1.6654992362158396,0.01526717560995885,SR,19,5
rheology_enhanced,LinearRegression,-0.8215479434716086,1.1580686603916615,1.6983163412085494,0.3036414565826331,SR,19,5
rheology_enhanced,RandomForest,0.12141423165580789,0.9779324216499741,1.2769136879000715,0.42765469824293356,SR,20,1
engineered,SVR_RBF,0.08692475993992277,0.8540722015139111,1.3017354839585833,0.5446906035141329,SR,20,1
rheology_enhanced,SVR_RBF,0.07194074928739591,0.88502530719486,1.3123730770684017,0.4863254392666157,SR,20,1
rheology_enhanced,GradientBoosting,0.05674537736917162,0.994419772046331,1.323073379623343,0.4111535523300229,SR,20,1
engineered,RandomForest,0.04062031049955028,1.0028586013319472,1.3343345161550757,0.3570664629488159,SR,20,1
engineered,GradientBoosting,0.03589405956669456,0.9347601846345549,1.3376171851506666,0.3647058823529411,SR,20,1
rheology_enhanced,XGBoost,-0.017103358505163646,0.9926976327896119,1.3738901330396762,0.3915966386554622,SR,20,1
core,XGBoost,-0.0236251049849181,1.0875606895895569,1.378287840319085,0.28464476699770813,SR,20,1
core,SVR_RBF,-0.027836497516674497,0.9685493822078077,1.3811202020486615,0.4600458365164247,SR,20,1
core,RandomForest,-0.05253720361246694,1.1018204127620745,1.3976170437319877,0.2932009167303285,SR,20,1
engineered,XGBoost,-0.09258136024454378,0.978429688846364,1.4239552917879255,0.31367456073338423,SR,20,1
core,GradientBoosting,-0.1648112436804814,1.1074166105695664,1.470270479482438,0.3298701298701298,SR,20,1
core,LinearRegression,-0.16952111779287682,1.1055630542735444,1.4732399747493021,0.39312452253628716,SR,20,1
rheology_enhanced,LinearRegression,-0.6540184546303771,1.182947731363234,1.7520223248387203,0.41665393430099307,SR,20,1
engineered,LinearRegression,-0.8359597111117132,1.206171652799021,1.8458696693252872,0.3647058823529411,SR,20,1
engineered,SVR_RBF,0.25693264783122505,0.6979806897525337,1.065914179362534,0.6097784568372803,SR,20,2
core,LinearRegression,0.1979333087452404,0.9051188830365905,1.1074226193700054,0.3967914438502674,SR,20,2
rheology_enhanced,SVR_RBF,0.16930464835265135,0.7666814532945045,1.127013295368923,0.5813598166539343,SR,20,2
rheology_enhanced,RandomForest,0.0893420536068944,0.9215285467242458,1.1800102781025628,0.4245989304812834,SR,20,2
rheology_enhanced,XGBoost,0.06899865876878031,0.8845774212444532,1.1931177386834633,0.4661573720397249,SR,20,2
rheology_enhanced,GradientBoosting,0.014101063945342274,0.8762620728236404,1.2277907249359572,0.4605393855598298,SR,20,2
engineered,RandomForest,-0.03189634618933357,0.9931784723424736,1.2561057007941137,0.3384262796027502,SR,20,2
core,SVR_RBF,-0.0579554006937566,0.8201742569099333,1.2718673808535716,0.45790679908326964,SR,20,2
engineered,GradientBoosting,-0.061296070364732724,0.9265646027162242,1.2738738642669343,0.3749713510828872,SR,20,2
engineered,XGBoost,-0.09797597060243945,0.9387117676454431,1.2957003232421545,0.3671504965622613,SR,20,2
core,RandomForest,-0.20786270936941542,1.0329870794817926,1.3589921121369088,0.06845965850102685,SR,20,2
core,XGBoost,-0.46592060601858276,1.1010476617252127,1.4971433104377196,0.10605134598150141,SR,20,2
core,GradientBoosting,-0.5702997489926933,1.0432001361003964,1.549528005661383,0.25767997535764736,SR,20,2
engineered,LinearRegression,-0.6434883378439002,1.0954733330279516,1.5852270069671366,0.47288006111535524,SR,20,2
rheology_enhanced,LinearRegression,-423.5007323498323,7.326356614577286,25.476946273124984,0.466768525592055,SR,20,2
rheology_enhanced,GradientBoosting,0.023147581604325063,1.0193265179627313,1.3279013696362232,0.3466768525592055,SR,20,3
rheology_enhanced,RandomForest,0.020872344898422046,1.048467498793962,1.3294469115558156,0.2864782276546982,SR,20,3
core,LinearRegression,-0.07297684718016062,1.038078862557069,1.3917028488156522,0.4102368220015278,SR,20,3
core,RandomForest,-0.088556105526443,1.1080405200746966,1.401769963402929,0.1929717341482047,SR,20,3
engineered,RandomForest,-0.1038637676288594,1.0908232920946155,1.411591648182304,0.14224598930481283,SR,20,3
engineered,GradientBoosting,-0.12573544409199844,1.0456855827687368,1.4255075142129159,0.2661777072479175,SR,20,3
rheology_enhanced,XGBoost,-0.13316350462378135,1.0824224715513342,1.4302028208769229,0.23622889518098766,SR,20,3
engineered,SVR_RBF,-0.14438415377136016,1.0489731173341679,1.4372663527106333,0.39098548510313214,SR,20,3
engineered,XGBoost,-0.19158140993422346,1.116089657839607,1.4666051320670668,0.21588999236058057,SR,20,3
rheology_enhanced,SVR_RBF,-0.2233594694852159,1.0895160511165696,1.4860327639921693,0.39220779220779217,SR,20,3
core,XGBoost,-0.2321736553509539,1.1682743727179137,1.491376516651723,0.13843685577876766,SR,20,3
core,SVR_RBF,-0.4117998052219043,1.1977981228047287,1.596385960327914,0.2378915202444614,SR,20,3
core,GradientBoosting,-0.49562109134451915,1.260108943493796,1.6430929465647728,0.044617617977262866,SR,20,3
engineered,LinearRegression,-1.7773137189056163,1.5257149655806348,2.2390500962547875,0.2510313216195569,SR,20,3
rheology_enhanced,LinearRegression,-2.1697136722853116,1.6937769141004,2.392001002917584,0.2045836516424752,SR,20,3
engineered,GradientBoosting,0.33657150511813116,0.667254966439581,0.984442864114461,0.5935574229691877,SR,20,4
rheology_enhanced,GradientBoosting,0.2953226163068132,0.6792941395570794,1.0145854302288118,0.5747899159663866,SR,20,4
engineered,XGBoost,0.29295986931564033,0.7156445462363107,1.0162849331931352,0.5717086834733894,SR,20,4
rheology_enhanced,XGBoost,0.28696970353185414,0.7173049477168493,1.020580923802067,0.5624649859943978,SR,20,4
engineered,SVR_RBF,0.2808862512413238,0.648090260485743,1.0249253876955173,0.5714285714285715,SR,20,4
rheology_enhanced,RandomForest,0.26752706112326163,0.7899043651927448,1.0344017508885135,0.4442577030812326,SR,20,4
engineered,RandomForest,0.20866614505205294,0.8442611498866214,1.0751605675809865,0.4330532212885154,SR,20,4
core,XGBoost,0.14475584927447105,0.8578402536664691,1.1177341268822583,0.4274509803921569,SR,20,4
core,RandomForest,0.1378834450341827,0.8827730354875292,1.1222159763170367,0.370053926252397,SR,20,4
rheology_enhanced,SVR_RBF,0.12002177658496105,0.7275028287201646,1.1337816330450978,0.5092436974789917,SR,20,4
core,SVR_RBF,-0.002882884713755196,0.7817646726417529,1.210371153330443,0.5554621848739496,SR,20,4
core,GradientBoosting,-0.02586757101646686,0.8926553966083653,1.2241625957655966,0.35702780394298267,SR,20,4
core,LinearRegression,-0.04767414757147037,0.9061735005757156,1.2371050179624579,0.41960784313725485,SR,20,4
engineered,LinearRegression,-0.9235321067243465,0.9503431181950776,1.676266920340888,0.37507002801120454,SR,20,4
rheology_enhanced,LinearRegression,-1.4985235956862626,1.1087021280543676,1.9104478292036147,0.4526610644257704,SR,20,4
engineered,SVR_RBF,0.10281138270122292,0.834638809757166,1.1546145189938435,0.5050420168067227,SR,20,5
rheology_enhanced,GradientBoosting,0.09123225793122591,0.839544178845366,1.1620413660197813,0.4529411764705883,SR,20,5
rheology_enhanced,SVR_RBF,0.004117382252033064,0.9145202726418079,1.216463865496838,0.4932773109243698,SR,20,5
engineered,GradientBoosting,-0.024023617671512287,0.8955537904774777,1.233531156628614,0.3557422969187675,SR,20,5
rheology_enhanced,XGBoost,-0.03435660808794894,0.9326197426387243,1.2397390569234086,0.34806359074080495,SR,20,5
engineered,RandomForest,-0.055333371664715525,0.9801825935064934,1.2522469212782443,0.26386554621848746,SR,20,5
engineered,XGBoost,-0.10492720644129339,0.9593602660587857,1.2813328795395957,0.2683473389355742,SR,20,5
rheology_enhanced,RandomForest,-0.10575418219066512,1.021496462591906,1.281812292580416,0.1913165266106443,SR,20,5
core,LinearRegression,-0.1355878398686643,1.0024292460090372,1.2989890899785121,0.4061624649859944,SR,20,5
core,GradientBoosting,-0.3748128601666343,1.0878783715037572,1.4292787268729055,0.17142857142857143,SR,20,5
core,SVR_RBF,-0.3931684923660632,1.0713488389980859,1.4387885030020147,0.31288515406162465,SR,20,5
core,RandomForest,-0.41482601786153706,1.215015601889644,1.4499287309053022,-0.19607843137254907,SR,20,5
core,XGBoost,-0.6190370137693355,1.314025507245745,1.5510418841203235,-0.1735415649609084,SR,20,5
engineered,LinearRegression,-0.6387892830376449,1.0401658225768646,1.5604745656040924,0.507843137254902,SR,20,5
rheology_enhanced,LinearRegression,-0.7608387326554118,1.1304740339620092,1.6175396241264641,0.43641456582633054,SR,20,5
engineered,SVR_RBF,0.7996759086335123,0.1659421522193528,0.25951781202519564,0.9244868035190615,Qm,1,1
rheology_enhanced,SVR_RBF,0.7757132079502729,0.17383382994953964,0.2746011994755135,0.9395161290322579,Qm,1,1
rheology_enhanced,XGBoost,0.7256016462052821,0.21310953147709372,0.3037325463362227,0.8881964809384164,Qm,1,1
core,SVR_RBF,0.7007876561127973,0.19216656848099364,0.3171687082182902,0.9237536656891493,Qm,1,1
engineered,XGBoost,0.6801623700142031,0.2387056320458651,0.3279180778294977,0.7892228739002932,Qm,1,1
engineered,GradientBoosting,0.6396955890131797,0.2609805644035709,0.34804497649314964,0.7302052785923753,Qm,1,1
rheology_enhanced,GradientBoosting,0.5972689635353989,0.23427162166683652,0.3679663714341121,0.8361436950146626,Qm,1,1
rheology_enhanced,RandomForest,0.3430927418038997,0.34688994816468255,0.46995103508728375,0.5879765395894427,Qm,1,1
engineered,RandomForest,0.3008065385086629,0.3418418014632938,0.48484091196073525,0.5725806451612903,Qm,1,1
core,XGBoost,0.2596447429505023,0.39902867348864673,0.4989082235809944,0.4728206247172185,Qm,1,1
core,RandomForest,0.25545514232365996,0.3841574361171237,0.5003178694405959,0.41975987711810364,Qm,1,1
core,GradientBoosting,0.22606247163641935,0.41088473029002487,0.5100978973688967,0.4616371977657837,Qm,1,1
core,LinearRegression,0.15735192677561238,0.4236640679865642,0.5322598366102403,0.5274926686217009,Qm,1,1
engineered,LinearRegression,-1.533553846991257,0.3583871759459823,0.9229233839802985,0.7309384164222874,Qm,1,1
rheology_enhanced,LinearRegression,-9.596757207504101,0.5664538963548786,1.8875004864565048,0.7269061583577713,Qm,1,1
engineered,SVR_RBF,0.7728805354143096,0.2053681710490507,0.32393140510504986,0.8790322580645162,Qm,1,2
rheology_enhanced,SVR_RBF,0.726369112356042,0.22487021762143766,0.3555563478466704,0.8625366568914956,Qm,1,2
core,SVR_RBF,0.5945551861099163,0.27554502767576317,0.4328044842576661,0.8313782991202345,Qm,1,2
engineered,XGBoost,0.5775550195775374,0.32424316257238384,0.44178498771809743,0.785557184750733,Qm,1,2
rheology_enhanced,XGBoost,0.5526346655500907,0.3478697266429662,0.45462890159321023,0.6946480938416421,Qm,1,2
rheology_enhanced,GradientBoosting,0.5390899088807191,0.35745088375958045,0.46145991878202536,0.656158357771261,Qm,1,2
engineered,GradientBoosting,0.4994899808988439,0.3622877396835947,0.48087507244813915,0.7236070381231671,Qm,1,2
engineered,RandomForest,0.309384558509459,0.40940819857804217,0.5648641588805677,0.6099706744868034,Qm,1,2
rheology_enhanced,RandomForest,0.2696616892716255,0.43023408420138876,0.5808819990210327,0.5806451612903225,Qm,1,2
core,LinearRegression,0.17519024201038047,0.48326108070540186,0.6173092321890505,0.5758797653958944,Qm,1,2
rheology_enhanced,LinearRegression,0.11010746848314812,0.32902630872461136,0.6412016894307118,0.7071114369501466,Qm,1,2
core,RandomForest,-0.10688891420436031,0.5111947090360451,0.7151183067167229,0.2668621700879765,Qm,1,2
core,GradientBoosting,-0.2966600670931303,0.5469284482326342,0.7739964078086996,0.26761983431983893,Qm,1,2
core,XGBoost,-0.3247518076344673,0.5530694884285331,0.7823356796483273,0.25,Qm,1,2
engineered,LinearRegression,-1.1335294675368512,0.3897688658437155,0.992830704455169,0.68841642228739,Qm,1,2
engineered,SVR_RBF,0.9039199915208668,0.15525779380638924,0.22188409973391943,0.9226539589442814,Qm,1,3
engineered,LinearRegression,0.8993899701579086,0.15529748761647932,0.22705459966556268,0.9288856304985335,Qm,1,3
rheology_enhanced,SVR_RBF,0.8953516099591058,0.15431958420836378,0.23156661167109618,0.9340175953079178,Qm,1,3
rheology_enhanced,LinearRegression,0.8458905940404736,0.204211391420953,0.2810115940667106,0.908357771260997,Qm,1,3
core,SVR_RBF,0.8225987645191446,0.21177648890840123,0.3015004643738639,0.8662023460410555,Qm,1,3
engineered,XGBoost,0.6962313112446028,0.318752004250884,0.3945310320938504,0.7881231671554252,Qm,1,3
rheology_enhanced,XGBoost,0.6922944801404615,0.3266721869036555,0.39707935600515476,0.7368035190615836,Qm,1,3
rheology_enhanced,GradientBoosting,0.6226329713065933,0.35731478856729604,0.4397356151455132,0.6979472140762462,Qm,1,3
engineered,GradientBoosting,0.6136487390873474,0.3354389330911183,0.44493936670033296,0.7408357771260996,Qm,1,3
rheology_enhanced,RandomForest,0.43076128916049716,0.4182829330770502,0.5400784872829677,0.6598240469208211,Qm,1,3
engineered,RandomForest,0.3781902272626253,0.4248635118671837,0.5644668438517896,0.6601906158357771,Qm,1,3
core,LinearRegression,0.296054180114969,0.48269616229680246,0.6005916397760975,0.6059384164222874,Qm,1,3
core,RandomForest,0.12751472504250305,0.4759583146494709,0.6686344029118093,0.4879032258064516,Qm,1,3
core,GradientBoosting,0.11069001694284719,0.4733317240221172,0.6750504780060677,0.6579888414540895,Qm,1,3
core,XGBoost,0.08153040565965564,0.49037380270659925,0.6860283404724937,0.5930339238051171,Qm,1,3
engineered,SVR_RBF,0.8253053075526,0.21706367252670472,0.3000731851337095,0.9164222873900291,Qm,1,4
rheology_enhanced,SVR_RBF,0.8133368485463816,0.22302491063108842,0.31018202704835085,0.9079912023460409,Qm,1,4
engineered,LinearRegression,0.7383066034709327,0.24925758721674912,0.36726852843302615,0.910190615835777,Qm,1,4
core,SVR_RBF,0.7067405826917181,0.2810286000585794,0.3887884159553839,0.8581378299120235,Qm,1,4
rheology_enhanced,XGBoost,0.6052152875094936,0.3786167794018984,0.4510944629609878,0.694281524926686,Qm,1,4
engineered,XGBoost,0.5722615782232365,0.35799444136768577,0.46954418258093406,0.7664956011730204,Qm,1,4
rheology_enhanced,GradientBoosting,0.527570451449143,0.4062586278163687,0.4934644370683275,0.7298387096774193,Qm,1,4
engineered,GradientBoosting,0.520797003934539,0.37719317176844247,0.4969893647582706,0.691348973607038,Qm,1,4
engineered,RandomForest,0.35314805012988004,0.4568389631696428,0.5774172827895951,0.627199413489736,Qm,1,4
core,GradientBoosting,0.34892104648034394,0.42685954120920905,0.5793008440391126,0.6273719184886862,Qm,1,4
rheology_enhanced,RandomForest,0.2553135090181484,0.5121792129817522,0.6195467322506281,0.5612170087976538,Qm,1,4
core,LinearRegression,0.15507780056340292,0.5432936748594411,0.6599266900776694,0.5582844574780057,Qm,1,4
core,XGBoost,0.13713852279817762,0.5041767553314567,0.6668956320888466,0.48446522062146186,Qm,1,4
core,RandomForest,0.010508467750977357,0.5237668553879569,0.7141564680000277,0.3225806451612903,Qm,1,4
rheology_enhanced,LinearRegression,-182.60632295597486,2.6493244451413567,9.728169958878745,0.5560850439882697,Qm,1,4
engineered,LinearRegression,0.5963647631685931,0.26870668488603955,0.388989200607914,0.8717008797653958,Qm,1,5
core,SVR_RBF,0.4913909240949442,0.263037523034361,0.43665160504032335,0.8728005865102637,Qm,1,5
rheology_enhanced,XGBoost,0.4608293150647008,0.28729409880936146,0.4495791311468612,0.8412756598240468,Qm,1,5
rheology_enhanced,GradientBoosting,0.4427839662968418,0.27877074574267313,0.4570406306605045,0.8376099706744866,Qm,1,5
rheology_enhanced,SVR_RBF,0.37790107137070017,0.2890378640159515,0.4829172676503175,0.9072580645161289,Qm,1,5
engineered,XGBoost,0.360017491492431,0.30300008381158117,0.48980933765982987,0.8103748544712384,Qm,1,5
engineered,SVR_RBF,0.3196463691955277,0.2897063697830992,0.5050220743740009,0.9145894428152491,Qm,1,5
rheology_enhanced,RandomForest,0.2916654283820138,0.34327578455687824,0.5153024739087749,0.7209238413561141,Qm,1,5
engineered,RandomForest,0.2913270780783642,0.3318662638475529,0.5154255315285056,0.7254398826979471,Qm,1,5
engineered,GradientBoosting,0.24025904127711273,0.3477313436618978,0.5336736722473946,0.7910557184750732,Qm,1,5
core,LinearRegression,0.22975127405136297,0.41383998528575927,0.537351545537763,0.6634897360703812,Qm,1,5
core,RandomForest,0.15999253310731498,0.3911089322954245,0.5611572539320867,0.565615835777126,Qm,1,5
core,GradientBoosting,0.0973516074746199,0.39317394102540537,0.5817043541331717,0.758683900171105,Qm,1,5
core,XGBoost,0.04599744715944454,0.41282609695196154,0.5980228473512261,0.6241407779856518,Qm,1,5
rheology_enhanced,LinearRegression,-55.6660853439896,1.4033682950756794,4.608977772792655,0.6202346041055717,Qm,1,5
engineered,SVR_RBF,0.618607794641422,0.20972746760898392,0.3405366861279818,0.9351173020527858,Qm,2,1
rheology_enhanced,SVR_RBF,0.5809379518356356,0.2164312154424619,0.35695803695750045,0.9325513196480938,Qm,2,1
core,SVR_RBF,0.47536543361707706,0.25030085965699966,0.3993985185542454,0.8936950146627565,Qm,2,1
rheology_enhanced,GradientBoosting,0.4598166553374444,0.2937617666774579,0.4052738608604948,0.8013196480938416,Qm,2,1
engineered,XGBoost,0.43329548816094066,0.3042667820081115,0.4151034416137228,0.7575840926328045,Qm,2,1
rheology_enhanced,XGBoost,0.360189610882686,0.30441344403475523,0.4410660627697278,0.7579506951455713,Qm,2,1
engineered,GradientBoosting,0.35973253247999204,0.32273283867487257,0.441223582702062,0.752199413489736,Qm,2,1
engineered,RandomForest,0.22379896722125747,0.3596422088293649,0.4858084976283123,0.5568181818181818,Qm,2,1
rheology_enhanced,RandomForest,0.20318542564721342,0.36219455774636244,0.49221702763210023,0.4732404692082111,Qm,2,1
core,LinearRegression,0.13672730414413004,0.4012676550182929,0.5123326121623577,0.4050586510263929,Qm,2,1
rheology_enhanced,LinearRegression,-0.13615319355327693,0.285949710815148,0.587755153481636,0.7668621700879764,Qm,2,1
core,RandomForest,-0.19695762090815117,0.42060904427083323,0.6032778583962465,0.2161121812760891,Qm,2,1
core,XGBoost,-0.2386368486811885,0.4410418507829309,0.613691342882995,0.33635780546363325,Qm,2,1
core,GradientBoosting,-0.2611398553965756,0.44316894310601335,0.6192408874315717,0.4065994568778206,Qm,2,1
engineered,LinearRegression,-0.9772171162698058,0.33489510861578986,0.7753631907529196,0.7672287390029324,Qm,2,1
engineered,LinearRegression,0.8213807900181088,0.20753330400140926,0.2697026902894535,0.883797653958944,Qm,2,2
rheology_enhanced,GradientBoosting,0.6855264986066416,0.26703608065210366,0.35786005518982106,0.8270552688021324,Qm,2,2
engineered,SVR_RBF,0.6736297930045081,0.2229545935360141,0.3645662406838283,0.9442815249266862,Qm,2,2
engineered,GradientBoosting,0.662858583056591,0.282577163248382,0.37053330514648597,0.7936217008797654,Qm,2,2
core,SVR_RBF,0.632455305550767,0.22563923749312356,0.38687999671836754,0.9270527859237535,Qm,2,2
rheology_enhanced,SVR_RBF,0.6027954205801835,0.24282551059784863,0.40218726971941426,0.9230205278592373,Qm,2,2
rheology_enhanced,XGBoost,0.5761305663351227,0.3043012580350042,0.41546768134630196,0.7454862097114966,Qm,2,2
engineered,XGBoost,0.5505923763868441,0.2964711090996862,0.4278006244543803,0.7664956011730204,Qm,2,2
engineered,RandomForest,0.41253301668812437,0.3423459818948413,0.4891171921210879,0.6378299120234603,Qm,2,2
rheology_enhanced,RandomForest,0.35608493578634226,0.36324917286706365,0.5120772585750605,0.6667888563049853,Qm,2,2
rheology_enhanced,LinearRegression,0.22320696926781292,0.2862733956777288,0.5624369658713013,0.8445747800586508,Qm,2,2
core,LinearRegression,0.19367017999552494,0.43970419065333427,0.5730302610486113,0.5685483870967741,Qm,2,2
core,GradientBoosting,0.1272072525372825,0.4295863046488957,0.5961791189290271,0.6639171506208608,Qm,2,2
core,XGBoost,0.12408508171829935,0.4475122964754701,0.5972444986479731,0.6087434724494419,Qm,2,2
core,RandomForest,0.10779248171761013,0.4413853517691802,0.6027734788643763,0.40909090909090906,Qm,2,2
engineered,SVR_RBF,0.7629591813753522,0.23577154039143694,0.3503696947447029,0.846407624633431,Qm,2,3
rheology_enhanced,SVR_RBF,0.7297747984030554,0.24758047137051,0.37409154305650216,0.8431085043988268,Qm,2,3
core,SVR_RBF,0.7001368349331585,0.24417592045256642,0.39407286013677595,0.9149560117302052,Qm,2,3
engineered,XGBoost,0.4397002294914293,0.3912654576674104,0.5386729752476801,0.6077712609970675,Qm,2,3
rheology_enhanced,GradientBoosting,0.352196534436787,0.39114653108400405,0.5792107306412493,0.6092375366568915,Qm,2,3
engineered,GradientBoosting,0.3286342496787005,0.447927095889355,0.589650344501892,0.5641495601173019,Qm,2,3
rheology_enhanced,XGBoost,0.3143381438510917,0.4143328292518854,0.595895300835246,0.5505865102639296,Qm,2,3
engineered,RandomForest,0.24704385270001394,0.46699153691302914,0.6244530731826581,0.44868035190615835,Qm,2,3
core,XGBoost,0.21446267995560786,0.4584692651666701,0.6378203580285843,0.6198680351906157,Qm,2,3
core,LinearRegression,0.17420929305927313,0.49033393069761444,0.6539581570210017,0.6044721407624634,Qm,2,3
core,GradientBoosting,0.16198653573332644,0.49550711611817505,0.6587800879205863,0.6308651026392961,Qm,2,3
core,RandomForest,0.15061178843713485,0.4984586851851855,0.6632359829743782,0.4769061583577712,Qm,2,3
rheology_enhanced,RandomForest,0.11647422982225575,0.4745728511078041,0.6764326723368607,0.5113636363636364,Qm,2,3
engineered,LinearRegression,-48.01055468804409,1.5384403529243005,5.038018692330586,0.6151026392961876,Qm,2,3
rheology_enhanced,LinearRegression,-200.2757478995353,4.080475808839308,10.209646144413304,0.721407624633431,Qm,2,3
engineered,LinearRegression,0.8485468878909275,0.16864971981963706,0.264861381609213,0.939149560117302,Qm,2,4
rheology_enhanced,LinearRegression,0.8237279676019507,0.17827875363333623,0.28574013475828614,0.9362170087976539,Qm,2,4
rheology_enhanced,SVR_RBF,0.7308698907548197,0.1980131136930633,0.3530698906801966,0.8958944281524927,Qm,2,4
engineered,SVR_RBF,0.6816861610879656,0.2176987350113292,0.38397884630023904,0.8804985337243401,Qm,2,4
core,SVR_RBF,0.5744938935571992,0.2507283581292778,0.44394834137796224,0.8687683284457477,Qm,2,4
rheology_enhanced,GradientBoosting,0.5689032608528048,0.29019628474610526,0.44685529469989926,0.7958211143695014,Qm,2,4
rheology_enhanced,XGBoost,0.5498855445329183,0.3107896136939526,0.45660537499407877,0.813782991202346,Qm,2,4
engineered,XGBoost,0.5322480470284993,0.31142618335783484,0.4654653361250682,0.7804252199413488,Qm,2,4
engineered,GradientBoosting,0.45842616268047764,0.34359639877344045,0.5008508063041888,0.7617302052785923,Qm,2,4
rheology_enhanced,RandomForest,0.2846850221162819,0.4292599878885581,0.5756098255400373,0.5916422287390029,Qm,2,4
engineered,RandomForest,0.2719516156066939,0.40450921850198396,0.5807104756362991,0.5997067448680352,Qm,2,4
core,LinearRegression,0.1694632573923497,0.4922982813057998,0.6202388480625658,0.5483870967741935,Qm,2,4
core,RandomForest,-0.13164238910330694,0.5359932492559524,0.7239926257712928,0.23863636363636362,Qm,2,4
core,XGBoost,-0.1684330455756038,0.5365611174348741,0.735667304268808,0.40909090909090906,Qm,2,4
core,GradientBoosting,-0.25445205031591844,0.5445333145476484,0.7622660405366968,0.4851984256469958,Qm,2,4
engineered,SVR_RBF,0.8857414819682611,0.15974272749126908,0.24013376361284738,0.8614369501466275,Qm,2,5
core,SVR_RBF,0.8720076149629226,0.18684701140742882,0.25415637064573815,0.787390029325513,Qm,2,5
rheology_enhanced,SVR_RBF,0.8534342557600999,0.17761843458530258,0.2719726125030049,0.8343108504398826,Qm,2,5
rheology_enhanced,GradientBoosting,0.6221220891170868,0.3280048014725161,0.43670150339626546,0.575252071993959,Qm,2,5
engineered,GradientBoosting,0.5968890787081418,0.33873438482632806,0.4510463953743419,0.6142425101409454,Qm,2,5
rheology_enhanced,XGBoost,0.59622762354427,0.3469796067252755,0.45141629936888117,0.5811182499110421,Qm,2,5
engineered,XGBoost,0.5620459782380001,0.3769632535651326,0.4701356597359177,0.547887455330136,Qm,2,5
core,GradientBoosting,0.3460029031673314,0.4360002897816536,0.5745090104252973,0.5398863828227642,Qm,2,5
engineered,RandomForest,0.3439592299516183,0.4310869471726189,0.5754059508481301,0.4908357771260997,Qm,2,5
rheology_enhanced,RandomForest,0.3336832004941852,0.43986211541005293,0.5798949353135391,0.531158357771261,Qm,2,5
core,XGBoost,0.26916377187359364,0.4658389355689287,0.6073219362470353,0.4972953671886746,Qm,2,5
core,RandomForest,0.26463947905155627,0.45323678910383625,0.6091988703824143,0.3935087971928081,Qm,2,5
core,LinearRegression,0.06568999770297046,0.5732733818032345,0.6866800550920585,0.5190615835777126,Qm,2,5
engineered,LinearRegression,-20.635897043702503,0.9454984762238187,3.304428713548626,0.8020527859237536,Qm,2,5
rheology_enhanced,LinearRegression,-78.9724447550193,2.5414421713472053,6.3530038787987815,0.5458211143695014,Qm,2,5
engineered,SVR_RBF,0.8797480202338115,0.1330813313177811,0.2061988038738233,0.93658357771261,Qm,3,1
core,SVR_RBF,0.8449328923957773,0.15805336020329824,0.23415307595117077,0.877565982404692,Qm,3,1
rheology_enhanced,LinearRegression,0.7738580326198186,0.17351160440590463,0.28276822597766854,0.9464809384164222,Qm,3,1
rheology_enhanced,SVR_RBF,0.7731704509637999,0.15122422809276376,0.28319777623757686,0.9024926686217009,Qm,3,1
rheology_enhanced,GradientBoosting,0.6127398667716729,0.27169007876826706,0.3700338202383445,0.7573313782991201,Qm,3,1
engineered,XGBoost,0.6064590043309448,0.2834384321793914,0.37302248776491775,0.7243401759530791,Qm,3,1
rheology_enhanced,XGBoost,0.547759684535299,0.29224761614948513,0.39987537634365966,0.6917789415911454,Qm,3,1
engineered,GradientBoosting,0.4982358768616729,0.31293560681545585,0.42120142017043677,0.6385630498533724,Qm,3,1
engineered,LinearRegression,0.4725087428710545,0.20780467507041628,0.43186465043909833,0.8167155425219942,Qm,3,1
rheology_enhanced,RandomForest,0.33912995600374196,0.3656903832671955,0.4833904403161974,0.6264662756598239,Qm,3,1
engineered,RandomForest,0.32876273116707666,0.36722224330357134,0.4871672162976065,0.6352639296187682,Qm,3,1
core,RandomForest,0.32069606555365726,0.3920373147734788,0.490085766031482,0.5032991202346041,Qm,3,1
core,GradientBoosting,0.283784577572777,0.3604593093526106,0.5032245942911006,0.5690192579570582,Qm,3,1
core,LinearRegression,0.2695922609440218,0.40355662949790255,0.5081860124985046,0.6103372434017595,Qm,3,1
core,XGBoost,0.21759683694237275,0.3893890202902257,0.5259631562837679,0.5109970674486803,Qm,3,1
engineered,LinearRegression,0.6613046376943035,0.26787867373309726,0.3909723481660343,0.8361436950146626,Qm,3,2
rheology_enhanced,LinearRegression,0.5573080840343358,0.286714708113718,0.4469842426020472,0.8592375366568914,Qm,3,2
engineered,SVR_RBF,0.453582125668643,0.29212352765465255,0.49659674249921415,0.8548387096774193,Qm,3,2
rheology_enhanced,SVR_RBF,0.40969749723901294,0.2983471017870718,0.516153325691894,0.847507331378299,Qm,3,2
engineered,GradientBoosting,0.39228392137456025,0.32828657895435476,0.5237111027272965,0.8051329191196521,Qm,3,2
engineered,XGBoost,0.3584599332752958,0.3421066950336099,0.5380880040688721,0.768906436628156,Qm,3,2
rheology_enhanced,GradientBoosting,0.30042108901644016,0.3625536730948288,0.5619009575702145,0.7296058784372074,Qm,3,2
core,SVR_RBF,0.28055651601487364,0.34710042300786714,0.5698227173436072,0.7994868035190615,Qm,3,2
rheology_enhanced,XGBoost,0.2138800537328278,0.3880558836013078,0.5956427027227795,0.703941350049969,Qm,3,2
core,LinearRegression,0.20608232408228866,0.4770467404674026,0.5985895810314391,0.5802785923753665,Qm,3,2
engineered,RandomForest,0.10724300905861273,0.4223456461226852,0.6347578018658934,0.5641495601173019,Qm,3,2
rheology_enhanced,RandomForest,-0.12072807898902171,0.49282852666170623,0.7111996662609468,0.4897360703812316,Qm,3,2
core,XGBoost,-0.43609564004338464,0.5561241080462933,0.805068991665331,0.331469441445805,Qm,3,2
core,RandomForest,-0.4426336835277258,0.57709199681713,0.8068995100235108,0.04656278721684691,Qm,3,2
core,GradientBoosting,-0.46955127504185734,0.5554083416800066,0.814392545330693,0.34390468038899524,Qm,3,2
engineered,SVR_RBF,0.7859762544977724,0.19105124047695266,0.2996027907839443,0.9039589442815249,Qm,3,3
rheology_enhanced,SVR_RBF,0.7522718695207474,0.20694698256863986,0.32233134249864326,0.87316715542522,Qm,3,3
rheology_enhanced,GradientBoosting,0.6719066501414807,0.2745609085640028,0.370948473535952,0.8200146627565982,Qm,3,3
core,SVR_RBF,0.6718328779348546,0.25577307077240374,0.3709901753097301,0.8152492668621699,Qm,3,3
engineered,GradientBoosting,0.6120701686776331,0.3062764205997202,0.4033587321186268,0.7679618768328444,Qm,3,3
rheology_enhanced,XGBoost,0.6039912723084907,0.27484543827176094,0.4075371961344047,0.784824046920821,Qm,3,3
engineered,XGBoost,0.5900804191016521,0.29017165253311394,0.4146333269733413,0.8004765866265321,Qm,3,3
rheology_enhanced,RandomForest,0.36256174267552144,0.4006950434854497,0.51705166023296,0.5296920821114369,Qm,3,3
engineered,RandomForest,0.33556550342263713,0.39071994718389275,0.5278869922396245,0.565615835777126,Qm,3,3
core,RandomForest,0.28106574719060096,0.41023013289517196,0.5491101382732215,0.5207588693853852,Qm,3,3
core,XGBoost,0.27623102334189586,0.40214051746577023,0.5509533857888411,0.6058661879987363,Qm,3,3
core,GradientBoosting,0.2659130505516033,0.4058143430524583,0.5548666545036153,0.6188250415505319,Qm,3,3
core,LinearRegression,-0.08238694300460092,0.5333141838659833,0.6737614314253424,0.3999266862170088,Qm,3,3
engineered,LinearRegression,-21.764177519492033,1.0853910851288717,3.089874613856497,0.7309384164222874,Qm,3,3
rheology_enhanced,LinearRegression,-22.799243746533865,1.1635195184970308,3.1593406317001587,0.7137096774193548,Qm,3,3
engineered,LinearRegression,0.8039694110834511,0.20833203335135497,0.29621359729894203,0.9303519061583577,Qm,3,4
engineered,SVR_RBF,0.7502945904262168,0.228236712636421,0.33431590883025436,0.9270527859237535,Qm,3,4
rheology_enhanced,SVR_RBF,0.7413250651647214,0.22381154786658866,0.34026732133037385,0.9255865102639295,Qm,3,4
core,SVR_RBF,0.6508497708565133,0.2765536338367658,0.3953204069382439,0.8793988269794721,Qm,3,4
rheology_enhanced,XGBoost,0.44120207643823894,0.34702587993443007,0.5001156670908039,0.8163489736070382,Qm,3,4
engineered,XGBoost,0.34776436841512515,0.3697637417465448,0.5403128898981928,0.8163489736070382,Qm,3,4
rheology_enhanced,RandomForest,0.2924060191851585,0.389507348007606,0.5627754358642316,0.593475073313783,Qm,3,4
rheology_enhanced,GradientBoosting,0.2827814583015891,0.408821223626892,0.5665898918652565,0.749266862170088,Qm,3,4
engineered,RandomForest,0.25351672287780025,0.40460338368055576,0.5780336341871322,0.6598240469208211,Qm,3,4
core,XGBoost,0.15989800828991474,0.4478370026648044,0.6132097834959034,0.5689149560117301,Qm,3,4
core,LinearRegression,0.14098653645700998,0.4962766589387532,0.6200733315823593,0.530425219941349,Qm,3,4
engineered,GradientBoosting,0.12709628247496474,0.4270885745157126,0.6250665226940676,0.7793255131964808,Qm,3,4
core,RandomForest,0.06569862909997348,0.4665035620453045,0.6466757286426733,0.3222140762463343,Qm,3,4
core,GradientBoosting,0.03944649239733189,0.4480951559351487,0.655697985168728,0.5433707039075579,Qm,3,4
rheology_enhanced,LinearRegression,-101.70837951794552,2.201198700068007,6.7802546721668655,0.6257331378299119,Qm,3,4
engineered,SVR_RBF,0.7743076610907539,0.22791530399625962,0.3454460337541421,0.8779325513196479,Qm,3,5
rheology_enhanced,SVR_RBF,0.7648581966088007,0.23997268385703868,0.35260358566415434,0.883797653958944,Qm,3,5
rheology_enhanced,XGBoost,0.6998542190233563,0.3163156915530562,0.39837119058574916,0.7576979472140761,Qm,3,5
engineered,XGBoost,0.6819030461560777,0.3211271736472845,0.41011113133528176,0.8306451612903225,Qm,3,5
rheology_enhanced,GradientBoosting,0.6783190080423945,0.3315611168065452,0.4124150465603798,0.7467008797653958,Qm,3,5
core,SVR_RBF,0.5841541208608529,0.2992834952951335,0.4689083896309823,0.8057184750733137,Qm,3,5
engineered,GradientBoosting,0.4319266742231801,0.4060655096761068,0.5480548187905621,0.6378299120234603,Qm,3,5
rheology_enhanced,RandomForest,0.29793777115398024,0.4883320133515212,0.6092697362326025,0.627932551319648,Qm,3,5
core,LinearRegression,0.2940105212739784,0.4875154243734594,0.6109714497938381,0.7082111436950146,Qm,3,5
core,XGBoost,0.23278362864318447,0.5364604054894299,0.6369139084835975,0.5852809116323602,Qm,3,5
engineered,RandomForest,0.20918076412904152,0.5132667404513886,0.6466367965930128,0.5117302052785924,Qm,3,5
core,GradientBoosting,0.19184631504143457,0.5412062255123657,0.6536853934837007,0.5921173335055728,Qm,3,5
core,RandomForest,0.1629222900842371,0.5258404267113097,0.6652803418310607,0.47126753016185347,Qm,3,5
rheology_enhanced,LinearRegression,-75.46293301672094,2.0442159883799915,6.358391700217423,0.6620234604105572,Qm,3,5
engineered,LinearRegression,-30277.472635163907,31.862965413738525,126.52862367244684,0.7543988269794721,Qm,3,5
engineered,LinearRegression,0.8264655828850764,0.18413836723032762,0.23062430811274773,0.9307184750733138,Qm,4,1
engineered,SVR_RBF,0.7388785647809222,0.17866454409041438,0.2829003807502418,0.9417155425219942,Qm,4,1
rheology_enhanced,SVR_RBF,0.7372944415199515,0.18246099525718745,0.2837572070774858,0.9457478005865102,Qm,4,1
core,SVR_RBF,0.5903814411749484,0.23604956295521237,0.3543252339335864,0.8599706744868034,Qm,4,1
rheology_enhanced,LinearRegression,0.5655007505006115,0.23125295294229442,0.3649276624328342,0.910190615835777,Qm,4,1
rheology_enhanced,XGBoost,0.43050451624967856,0.31748485437035556,0.4177893952490221,0.6743653222347176,Qm,4,1
engineered,XGBoost,0.3977898627693416,0.33801720908284183,0.4296217905947786,0.6186417402941484,Qm,4,1
rheology_enhanced,GradientBoosting,0.3252061871814659,0.34353020520322,0.4547762914817309,0.6386215772399446,Qm,4,1
engineered,GradientBoosting,0.28546583596181896,0.357251490858436,0.46797620278678864,0.5871139241961946,Qm,4,1
engineered,RandomForest,0.20511855276077473,0.35858762574404757,0.4935867015102378,0.5203922668726183,Qm,4,1
rheology_enhanced,RandomForest,0.20030742721224637,0.3619296121858466,0.4950781975839765,0.5530198905088727,Qm,4,1
core,GradientBoosting,0.0968225614963828,0.37182005243912875,0.5261369587073295,0.49064909789561184,Qm,4,1
core,LinearRegression,0.08489913606813126,0.40615275950925994,0.5295985075844128,0.4893695014662756,Qm,4,1
core,XGBoost,0.048092330957885565,0.4029211160987616,0.5401441573595467,0.5143904761042222,Qm,4,1
core,RandomForest,0.03907868414526883,0.41366756981646824,0.5426954539130268,0.39138405790538644,Qm,4,1
engineered,LinearRegression,0.8189917860920639,0.19073935403762282,0.2879680925942861,0.9299853372434018,Qm,4,2
rheology_enhanced,SVR_RBF,0.7158869779770005,0.19231170142162934,0.3607786241955418,0.9582111436950146,Qm,4,2
engineered,SVR_RBF,0.6760709897031423,0.19356727286164263,0.3852300440295241,0.9479472140762463,Qm,4,2
engineered,GradientBoosting,0.6581626408856893,0.28236704380940414,0.3957354814115501,0.8361436950146626,Qm,4,2
core,SVR_RBF,0.5760366895318604,0.2524016331804512,0.4407165560271768,0.910190615835777,Qm,4,2
rheology_enhanced,GradientBoosting,0.5677132849160296,0.29703266477667,0.44502168402918907,0.8423753665689148,Qm,4,2
engineered,XGBoost,0.5579701834198645,0.30798358911275864,0.4500088044367445,0.8481349132862294,Qm,4,2
rheology_enhanced,XGBoost,0.5358427680131297,0.31306915151327847,0.46113468439066435,0.8367702353904555,Qm,4,2
core,LinearRegression,0.3064413828322423,0.438256576869865,0.5636854363021824,0.657258064516129,Qm,4,2
rheology_enhanced,RandomForest,0.30157432289571684,0.4119126007019599,0.5656598148381403,0.597873900293255,Qm,4,2
engineered,RandomForest,0.22089502980086295,0.42001543088624343,0.597438513531729,0.5887096774193548,Qm,4,2
core,RandomForest,0.10789941446428253,0.4679495768022487,0.6392962257687224,0.3451562657700389,Qm,4,2
core,XGBoost,0.02077850737546605,0.4996826678588987,0.6697854312755167,0.44802933841721987,Qm,4,2
core,GradientBoosting,-0.1538775939843231,0.5145158176712273,0.7270681133312147,0.4646686849320491,Qm,4,2
rheology_enhanced,LinearRegression,-18.869072939797576,0.8355516716682158,3.0170605785147746,0.8357771260997067,Qm,4,2
rheology_enhanced,SVR_RBF,0.8573086071506861,0.1786986644699226,0.26781769217040574,0.876466275659824,Qm,4,3
engineered,SVR_RBF,0.8457181387692303,0.1842709238479746,0.2784824361336601,0.8596041055718473,Qm,4,3
core,SVR_RBF,0.7923986353016601,0.22173771108357415,0.3230393864584854,0.8621700879765395,Qm,4,3
rheology_enhanced,XGBoost,0.6689585219362582,0.285387090280652,0.40792618228226396,0.7247067448680351,Qm,4,3
engineered,XGBoost,0.6453853942658816,0.3119666093438863,0.42220044265636286,0.7474340175953078,Qm,4,3
rheology_enhanced,GradientBoosting,0.6127587490909588,0.3305785577451839,0.44119560942520847,0.6360553596505761,Qm,4,3
engineered,GradientBoosting,0.6042517004126109,0.3405754639029761,0.44601545052013997,0.7790303396296682,Qm,4,3
rheology_enhanced,RandomForest,0.435636107038039,0.40071568187830675,0.5326230840736879,0.563049853372434,Qm,4,3
engineered,RandomForest,0.4113512730470251,0.3998365493138226,0.5439618965200411,0.7093108504398825,Qm,4,3
core,GradientBoosting,0.22172339508567662,0.4826842796774099,0.6254712652219444,0.571585710795782,Qm,4,3
core,LinearRegression,0.2109312960267048,0.5068062153053454,0.6297929345073686,0.6187683284457477,Qm,4,3
core,RandomForest,0.12493004062476376,0.4885052545056217,0.6632263344395615,0.3942810024808039,Qm,4,3
core,XGBoost,0.08720355518743639,0.49269407588243486,0.6773721623357652,0.44230593165326815,Qm,4,3
engineered,LinearRegression,-1.2805822168265015,0.4077451224537674,1.070688754975844,0.751099706744868,Qm,4,3
rheology_enhanced,LinearRegression,-1.9232439075532786,0.44895625537010053,1.2121961527650431,0.7415689149560116,Qm,4,3
engineered,LinearRegression,0.8762544297322021,0.18267260015427572,0.23115746602118406,0.9347507331378296,Qm,4,4
rheology_enhanced,SVR_RBF,0.730198139149751,0.23093737486860733,0.3413230082919701,0.9292521994134896,Qm,4,4
rheology_enhanced,XGBoost,0.7158634507024901,0.26748681011050934,0.35027298649250327,0.7375366568914956,Qm,4,4
engineered,SVR_RBF,0.7017575256720107,0.2415542263173998,0.3588623040837681,0.8969941348973607,Qm,4,4
engineered,GradientBoosting,0.6541321732305001,0.2894072709884901,0.3864543292642377,0.7884897360703812,Qm,4,4
engineered,XGBoost,0.6467915977960004,0.3018396949768066,0.3905337821417338,0.7243401759530791,Qm,4,4
core,SVR_RBF,0.6369201757726978,0.279393591326568,0.395953469327405,0.8332111436950146,Qm,4,4
rheology_enhanced,GradientBoosting,0.6191669141264974,0.31444261440322274,0.40551827446504257,0.6455278592375365,Qm,4,4
rheology_enhanced,RandomForest,0.2717208034772224,0.45014043865740727,0.560779393418872,0.4362170087976539,Qm,4,4
engineered,RandomForest,0.2556295113374093,0.4273759110863094,0.5669407419085971,0.45784457478005863,Qm,4,4
core,LinearRegression,0.08332470145747906,0.5007937376047744,0.6291451581512153,0.5150293255131965,Qm,4,4
core,XGBoost,0.06106287058465221,0.4909365060329437,0.6367388532093472,0.4908807645948828,Qm,4,4
core,GradientBoosting,0.04552608593473795,0.5058185577177398,0.6419853624867826,0.5027042082103967,Qm,4,4
core,RandomForest,-0.05475727120438889,0.5188084303075398,0.6748688119091241,0.25114574207511914,Qm,4,4
rheology_enhanced,LinearRegression,-88.58238070339169,1.72565194153628,6.21948456369365,0.847507331378299,Qm,4,4
engineered,SVR_RBF,0.8150605345280574,0.18962760344577528,0.3053638052178155,0.909457478005865,Qm,4,5
rheology_enhanced,GradientBoosting,0.7848562231706606,0.2601187962980626,0.32935719400072927,0.8485015157989962,Qm,4,5
rheology_enhanced,SVR_RBF,0.7752193868860324,0.1972277343342555,0.3366527648175214,0.907624633431085,Qm,4,5
core,SVR_RBF,0.7450284809750072,0.21872652680011595,0.3585490659511865,0.8892961876832843,Qm,4,5
rheology_enhanced,XGBoost,0.7390312614668044,0.27407180185616015,0.3627412981976391,0.8566715542521994,Qm,4,5
engineered,LinearRegression,0.7149869893866394,0.24290380850935028,0.37908369282202875,0.8966275659824047,Qm,4,5
engineered,XGBoost,0.6988904158369398,0.2822460861131549,0.3896413589413067,0.7690615835777125,Qm,4,5
engineered,GradientBoosting,0.6897942087651228,0.29409450890839367,0.3954829003721364,0.7275226865859185,Qm,4,5
engineered,RandomForest,0.5088983059005668,0.37077083110119047,0.49760928566925305,0.7008797653958942,Qm,4,5
rheology_enhanced,RandomForest,0.4555213790877076,0.4126046547619048,0.5239540186430387,0.69391495601173,Qm,4,5
core,GradientBoosting,0.4356490375994104,0.39576368432973696,0.5334299485603999,0.7278892890986853,Qm,4,5
core,XGBoost,0.40486816524378366,0.4138672299189493,0.5477840099639026,0.6986251263126124,Qm,4,5
core,RandomForest,0.38286460791101706,0.41497713516865065,0.5578185938068262,0.5648029425791549,Qm,4,5
core,LinearRegression,0.1457850633575185,0.5473137503055764,0.6562757249279512,0.5399560117302052,Qm,4,5
rheology_enhanced,LinearRegression,-1.1869599031448903,0.4021075912318405,1.050081893589306,0.7404692082111436,Qm,4,5
engineered,LinearRegression,0.8006902259934215,0.20895000506849287,0.3195551520609448,0.8588709677419353,Qm,5,1
rheology_enhanced,SVR_RBF,0.664072348368274,0.20964736757803112,0.4148627124426693,0.9167888563049852,Qm,5,1
engineered,SVR_RBF,0.6382833015306167,0.21593732212231845,0.43049271314939686,0.9164222873900291,Qm,5,1
engineered,XGBoost,0.5345554299359988,0.30355443079769606,0.48833236592163165,0.787023460410557,Qm,5,1
engineered,GradientBoosting,0.5326342739219461,0.3191153492039875,0.4893391416272682,0.7606304985337242,Qm,5,1
core,SVR_RBF,0.5206359272317578,0.2619160914089707,0.4955805648246882,0.8427419354838708,Qm,5,1
rheology_enhanced,GradientBoosting,0.38630826042733946,0.33959870925160096,0.5607337083257825,0.7596004064530225,Qm,5,1
rheology_enhanced,XGBoost,0.352790791492703,0.35489292287826535,0.5758427050639366,0.6763196480938416,Qm,5,1
engineered,RandomForest,0.29551484385310844,0.4154137484292326,0.6007827423059844,0.5986070381231672,Qm,5,1
core,LinearRegression,0.20865989384672023,0.5188082787191016,0.6367414381433872,0.5502199413489735,Qm,5,1
rheology_enhanced,RandomForest,0.11143198284762967,0.4567365876736113,0.6747250966586411,0.4325513196480938,Qm,5,1
core,RandomForest,0.0313797544016704,0.4755578700810186,0.7044631763796092,0.4443629772190429,Qm,5,1
core,GradientBoosting,-0.10994684953498335,0.49892692844154773,0.7541063832591718,0.546604346535452,Qm,5,1
core,XGBoost,-0.20407651832092144,0.5171732424721122,0.7854319597340331,0.5080645161290323,Qm,5,1
rheology_enhanced,LinearRegression,-117.93035600085591,2.062118201507344,7.805988101964947,0.7342375366568914,Qm,5,1
engineered,SVR_RBF,0.8399388822806019,0.15991436540383747,0.23889830181918847,0.908357771260997,Qm,5,2
rheology_enhanced,SVR_RBF,0.8342791691023124,0.16575072960715298,0.2430852968233698,0.911656891495601,Qm,5,2
core,SVR_RBF,0.7956753611695181,0.17178319874550468,0.2699171688357092,0.9189882697947213,Qm,5,2
engineered,LinearRegression,0.7870839882277368,0.20160541373749014,0.27553343171328165,0.8940615835777126,Qm,5,2
rheology_enhanced,XGBoost,0.6311730286971742,0.25415421970188623,0.3626448181119195,0.7653958944281525,Qm,5,2
rheology_enhanced,GradientBoosting,0.5967511165728141,0.2611802743969315,0.37918987003667515,0.7326551217646551,Qm,5,2
engineered,XGBoost,0.5653802109982629,0.2856408087909222,0.39366326332672036,0.6953812316715542,Qm,5,2
rheology_enhanced,LinearRegression,0.5320044428669193,0.23948697972914865,0.4084990069114647,0.8936950146627565,Qm,5,2
engineered,GradientBoosting,0.44433118156812434,0.31688028072445007,0.4451210711630631,0.6136363636363635,Qm,5,2
core,XGBoost,0.32159605097106914,0.36001014415919785,0.49182921622051634,0.6362386609069596,Qm,5,2
rheology_enhanced,RandomForest,0.31122654297290653,0.320517609623016,0.49557380369049947,0.6037390029325512,Qm,5,2
core,GradientBoosting,0.3060834998404135,0.34077890369005226,0.4974205772819301,0.7311887117135876,Qm,5,2
engineered,RandomForest,0.23575086550535074,0.3489242811673281,0.5220205714908633,0.5168621700879765,Qm,5,2
core,RandomForest,0.208387026165484,0.37521971619844274,0.5312838221523819,0.4577032371894781,Qm,5,2
core,LinearRegression,0.19482309225598848,0.3922490728596262,0.5358161450038581,0.5443548387096774,Qm,5,2
rheology_enhanced,SVR_RBF,0.8004840729705627,0.23107939650904097,0.3193493533328845,0.9296187683284455,Qm,5,3
engineered,SVR_RBF,0.7911546421474767,0.23955007195763148,0.32673049372832197,0.9244868035190615,Qm,5,3
engineered,LinearRegression,0.7599301390605213,0.2448538058689315,0.3503047903963273,0.9134897360703812,Qm,5,3
rheology_enhanced,XGBoost,0.6614735956836579,0.32683378431946036,0.41598103393454666,0.8450187919277108,Qm,5,3
rheology_enhanced,GradientBoosting,0.6305676149331152,0.33674783681695314,0.434554986439402,0.7895894428152492,Qm,5,3
engineered,XGBoost,0.6156563971398485,0.3553476859778166,0.4432380997699976,0.828888281365967,Qm,5,3
engineered,GradientBoosting,0.591169124589161,0.36549388212393413,0.4571398687514737,0.7360703812316715,Qm,5,3
core,SVR_RBF,0.5735279356190495,0.33950273106328144,0.46689857674570345,0.8335777126099706,Qm,5,3
rheology_enhanced,RandomForest,0.32648455251545994,0.48006573743386244,0.5867472142626994,0.6140029325513195,Qm,5,3
engineered,RandomForest,0.30336784457951715,0.4758327912720959,0.5967315694191393,0.5843108504398826,Qm,5,3
core,LinearRegression,0.18472362294670686,0.4971148469803753,0.6455497023048117,0.6803519061583577,Qm,5,3
core,GradientBoosting,0.11964688401505974,0.5180126794795727,0.6708195465550147,0.4742438209841849,Qm,5,3
core,XGBoost,0.010756769816812284,0.5601086388900876,0.7110969228344542,0.4234647183894345,Qm,5,3
core,RandomForest,-0.01066027351556409,0.5700029331597223,0.7187533028118178,0.3284758514391448,Qm,5,3
rheology_enhanced,LinearRegression,-49.660244554383816,1.4876385839619508,5.088747439122911,0.8321114369501466,Qm,5,3
engineered,LinearRegression,0.7979012222830094,0.2348804105097712,0.3226456590206266,0.9028592375366568,Qm,5,4
rheology_enhanced,SVR_RBF,0.7183987181176834,0.241345052092924,0.38085643386600687,0.9387829912023459,Qm,5,4
engineered,SVR_RBF,0.6856497387259933,0.2555274633558182,0.4023934433942081,0.8801319648093842,Qm,5,4
core,SVR_RBF,0.5692632741595584,0.31331557270187427,0.4710314813562734,0.8049853372434018,Qm,5,4
engineered,XGBoost,0.4675985115906077,0.37146409527957436,0.5236771366533285,0.7001466275659822,Qm,5,4
rheology_enhanced,XGBoost,0.43318394008662,0.4026412703990936,0.5403374343311743,0.6771148410804693,Qm,5,4
rheology_enhanced,GradientBoosting,0.3698624164972768,0.3907984139832673,0.5697202739609624,0.6884795189762433,Qm,5,4
engineered,GradientBoosting,0.337584330608358,0.4233755415001847,0.5841296905569426,0.5532031917652562,Qm,5,4
rheology_enhanced,RandomForest,0.24229827597473963,0.48327269910037846,0.624731091809221,0.6689882697947214,Qm,5,4
engineered,RandomForest,0.20899952873038496,0.4800262828470715,0.6383110372118865,0.5480205278592375,Qm,5,4
core,RandomForest,0.04081838235426305,0.5418094022817459,0.7029013969190439,0.529934959872887,Qm,5,4
core,LinearRegression,0.006206398748108133,0.5836083168121902,0.715471075174631,0.5527859237536655,Qm,5,4
core,GradientBoosting,-0.02455811397982255,0.5653816586196185,0.7264609618819701,0.5019256215305387,Qm,5,4
core,XGBoost,-0.05861342131027403,0.5751593833193183,0.7384356933248009,0.4862932572951198,Qm,5,4
rheology_enhanced,LinearRegression,-205.44448546163056,2.83647573218913,10.312064626960828,0.8203812316715542,Qm,5,4
engineered,SVR_RBF,0.9489330984997191,0.09908348434064237,0.12414214713227903,0.9607771260997068,Qm,5,5
rheology_enhanced,SVR_RBF,0.9336176855634944,0.1079644090900261,0.14153886014382813,0.9644428152492669,Qm,5,5
engineered,LinearRegression,0.9178292152418183,0.12497850041713869,0.15747376680931235,0.9490469208211144,Qm,5,5
rheology_enhanced,LinearRegression,0.8749533655052626,0.11236090913081724,0.19426094743951572,0.972507331378299,Qm,5,5
core,SVR_RBF,0.8598552174386273,0.14330806772422322,0.20565438107212153,0.9153225806451611,Qm,5,5
engineered,XGBoost,0.6226300532444182,0.25118681783974167,0.33746843229764906,0.7326551217646551,Qm,5,5
rheology_enhanced,XGBoost,0.6142757149781455,0.2564404446929693,0.3411834764392228,0.7452346041055719,Qm,5,5
engineered,GradientBoosting,0.5667987921508251,0.26881456701794554,0.3615716142257956,0.6964809384164222,Qm,5,5
rheology_enhanced,GradientBoosting,0.5190903400324978,0.2737850802402375,0.3809616412664935,0.7115102639296187,Qm,5,5
rheology_enhanced,RandomForest,0.31676222237324836,0.3557821099537035,0.4540832000738205,0.5230938416422287,Qm,5,5
engineered,RandomForest,0.2869144436956461,0.357322810639881,0.4638956697692336,0.4417155425219941,Qm,5,5
core,LinearRegression,0.2198648319779375,0.39088786307386647,0.4852152329599797,0.531158357771261,Qm,5,5
core,RandomForest,0.08562436438166299,0.38593160590277764,0.5253053469452725,0.3396572280785353,Qm,5,5
core,GradientBoosting,0.03778255312805867,0.39279124241979324,0.5388726132802072,0.5602199910814336,Qm,5,5
core,XGBoost,0.004368296401283334,0.40937156221270565,0.5481492918019362,0.3051965918784465,Qm,5,5
engineered,SVR_RBF,0.6434230052888485,0.2460823369605002,0.37820475384936536,0.9215542521994134,Qm,6,1
rheology_enhanced,SVR_RBF,0.6243535910610574,0.25648815475483266,0.3881860675305096,0.8947947214076246,Qm,6,1
core,SVR_RBF,0.5682704744623343,0.3030959169067571,0.4161560364322909,0.8654692082111435,Qm,6,1
rheology_enhanced,XGBoost,0.39839476976819976,0.3678217502236366,0.4912540285740927,0.749633431085044,Qm,6,1
rheology_enhanced,GradientBoosting,0.3394971099675206,0.3878896023943368,0.5147397228128975,0.7447530046859628,Qm,6,1
engineered,XGBoost,0.28540659569915094,0.3780371937155724,0.5354017975037201,0.7184750733137829,Qm,6,1
rheology_enhanced,RandomForest,0.27583974410844603,0.42876381332671976,0.5389738147069445,0.6367302052785923,Qm,6,1
core,GradientBoosting,0.24843661762657887,0.40338425092415975,0.5490768447676527,0.6232814036900767,Qm,6,1
engineered,RandomForest,0.2183594064362565,0.42468854088128327,0.5599559660102444,0.5692815249266862,Qm,6,1
engineered,GradientBoosting,0.1778808569799799,0.4104969259467938,0.5742720818913368,0.697533767251371,Qm,6,1
core,RandomForest,0.16409316713590227,0.44700516373181237,0.5790675932026655,0.501145634952356,Qm,6,1
core,LinearRegression,0.009664251704114002,0.5057139705992504,0.6302916465131039,0.45857771260997054,Qm,6,1
core,XGBoost,-0.050068618624982575,0.4754828021675348,0.6490216184953679,0.5546696018163237,Qm,6,1
engineered,LinearRegression,-3243.383887235355,11.17846792721006,36.07583909085843,0.687683284457478,Qm,6,1
rheology_enhanced,LinearRegression,-5187.037823124034,14.152737001487308,45.61964380884828,0.6715542521994134,Qm,6,1
engineered,SVR_RBF,0.841496208365256,0.1365673105556986,0.2362243624806268,0.9468475073313781,Qm,6,2
rheology_enhanced,SVR_RBF,0.8343374314047362,0.1412231807000201,0.24149995445797487,0.9501466275659823,Qm,6,2
core,SVR_RBF,0.7638793773609442,0.175654173412003,0.28831804047464665,0.93658357771261,Qm,6,2
engineered,XGBoost,0.742233964836169,0.20959314339607954,0.3012435129803038,0.8812316715542521,Qm,6,2
engineered,GradientBoosting,0.7321045384802078,0.2201580240126404,0.30710545864616345,0.8607038123167154,Qm,6,2
rheology_enhanced,GradientBoosting,0.6637605015571455,0.2512253706515546,0.3440560684912279,0.8229472140762463,Qm,6,2
rheology_enhanced,XGBoost,0.6382532533200163,0.2546392546370625,0.3568676449035375,0.8181818181818181,Qm,6,2
engineered,RandomForest,0.4345848067478557,0.29234855605158716,0.44615790777683856,0.8192815249266862,Qm,6,2
rheology_enhanced,RandomForest,0.37607464911540034,0.3300193489996691,0.4686743370612273,0.7335043988269794,Qm,6,2
core,GradientBoosting,0.19868088624605462,0.39537012290966417,0.5311382872705979,0.5725023010953263,Qm,6,2
core,LinearRegression,0.1638627712910976,0.44118154085970385,0.5425548350663167,0.504032258064516,Qm,6,2
core,XGBoost,0.14669058821683933,0.4041301112808287,0.5480978843365379,0.5479879206203049,Qm,6,2
core,RandomForest,0.14555810995058305,0.3935033859728235,0.5484614705836396,0.572633124941902,Qm,6,2
rheology_enhanced,LinearRegression,-5.062574727268674,0.4199359286253116,1.460943465192028,0.8841642228739002,Qm,6,2
engineered,LinearRegression,-5.801791838682158,0.38348927837266084,1.5474496465436207,0.9197214076246333,Qm,6,2
engineered,LinearRegression,0.8384186520253881,0.22043903777858093,0.2850980518585107,0.8999266862170088,Qm,6,3
engineered,SVR_RBF,0.8125236069957542,0.19365080908925347,0.3070944239674575,0.9318181818181818,Qm,6,3
rheology_enhanced,SVR_RBF,0.810966799349515,0.21053779374578946,0.30836684693364375,0.935850439882698,Qm,6,3
core,SVR_RBF,0.7597459384342325,0.23284237183140025,0.347643413335886,0.9134897360703812,Qm,6,3
rheology_enhanced,LinearRegression,0.7579181188972124,0.257021094713746,0.3489633190838439,0.8610703812316713,Qm,6,3
engineered,XGBoost,0.7111377569067474,0.3017942183017731,0.38119221794890895,0.8170821114369502,Qm,6,3
rheology_enhanced,XGBoost,0.6755522226352344,0.32396165321767334,0.403990393315763,0.748533724340176,Qm,6,3
engineered,GradientBoosting,0.663060003760257,0.32226140492981126,0.41169436205154136,0.7914222873900292,Qm,6,3
rheology_enhanced,GradientBoosting,0.6305230989163528,0.3391931709695487,0.4311141549454488,0.7536656891495601,Qm,6,3
rheology_enhanced,RandomForest,0.3767375266738757,0.45165642850378784,0.5599305013256135,0.5604838709677419,Qm,6,3
engineered,RandomForest,0.34387446810896416,0.45475528764204537,0.5745027411157131,0.6348973607038122,Qm,6,3
core,LinearRegression,0.29669592245972,0.49597418717317854,0.5947989646895547,0.6671554252199413,Qm,6,3
core,XGBoost,0.15419694167787235,0.49239572884887456,0.6522787974184422,0.4795160866991088,Qm,6,3
core,GradientBoosting,0.1451599151488645,0.4586896299955951,0.6557541921014493,0.5680505935323158,Qm,6,3
core,RandomForest,0.14317569518134687,0.5032265520194505,0.6565148059341446,0.3779671906626767,Qm,6,3
engineered,LinearRegression,0.7836080658487601,0.20734441517326885,0.2989301449789377,0.9182551319648092,Qm,6,4
engineered,SVR_RBF,0.6450131606136904,0.19643209397677264,0.38287349672973636,0.8790322580645162,Qm,6,4
rheology_enhanced,SVR_RBF,0.5936948273201459,0.2063798216230635,0.409614530359157,0.8702346041055717,Qm,6,4
rheology_enhanced,LinearRegression,0.5659134783102039,0.23577376231707303,0.42338681482586504,0.8526392961876832,Qm,6,4
core,SVR_RBF,0.416969433776206,0.2898457177087139,0.49067602721631937,0.7419354838709676,Qm,6,4
engineered,XGBoost,0.3362158418636466,0.33739303101599216,0.523555371973265,0.5834478990685256,Qm,6,4
rheology_enhanced,XGBoost,0.28064927713501864,0.3336133289113641,0.5450288866259985,0.6030058651026393,Qm,6,4
engineered,GradientBoosting,0.260173738791996,0.37731434835655064,0.5527312892100161,0.40931170550424684,Qm,6,4
rheology_enhanced,GradientBoosting,0.2156364780542479,0.37427408576239485,0.5691252739320579,0.5222731526803025,Qm,6,4
core,LinearRegression,0.09305142337694605,0.4601554667716642,0.6119846232289334,0.595674486803519,Qm,6,4
rheology_enhanced,RandomForest,-0.03741052776916276,0.4552111723296957,0.654522384448624,0.23387096774193541,Qm,6,4
engineered,RandomForest,-0.09343965768149953,0.45192411342592576,0.6719649009892363,0.14552785923753664,Qm,6,4
core,RandomForest,-0.2369766909102129,0.5240031664599867,0.7147101279557121,-0.06121700879765395,Qm,6,4
core,XGBoost,-0.29900872252288524,0.5325738073121756,0.7324115965329002,0.27605169211347774,Qm,6,4
core,GradientBoosting,-0.48454624489068476,0.5588070853343486,0.7829716616607207,0.24782329863042624,Qm,6,4
engineered,LinearRegression,0.8113055234930969,0.2114735637631935,0.3136585346245311,0.9534457478005866,Qm,6,5
rheology_enhanced,SVR_RBF,0.7425251539239205,0.21111044606676166,0.36639110274537784,0.9523460410557184,Qm,6,5
engineered,SVR_RBF,0.7173491801643906,0.21417606080758378,0.3838863235480471,0.9468475073313781,Qm,6,5
rheology_enhanced,LinearRegression,0.6660330599993842,0.2334167953376469,0.4172816183122458,0.9538123167155425,Qm,6,5
core,SVR_RBF,0.6422411736830979,0.25125436221373065,0.43188954792261103,0.9351173020527858,Qm,6,5
rheology_enhanced,GradientBoosting,0.523144053659379,0.36653633464653174,0.4986216329362131,0.7950879765395894,Qm,6,5
engineered,GradientBoosting,0.5017066229579172,0.37703815712619554,0.5097063836299496,0.7639296187683283,Qm,6,5
rheology_enhanced,XGBoost,0.44678897769308,0.3821717925965786,0.5370601485030986,0.7478005865102638,Qm,6,5
engineered,XGBoost,0.3845808892063881,0.3959375383928418,0.5664518565568323,0.7576979472140761,Qm,6,5
core,LinearRegression,0.3254169703134121,0.4779352432105651,0.5930553405185494,0.6634897360703812,Qm,6,5
engineered,RandomForest,0.2713445065365232,0.43399259602347884,0.6163659474028041,0.7313049853372434,Qm,6,5
rheology_enhanced,RandomForest,0.24737133620187324,0.45823681030919305,0.6264232848059249,0.6667888563049853,Qm,6,5
core,RandomForest,0.034230119763264844,0.5282496325231482,0.7096012040664585,0.4002932551319648,Qm,6,5
core,GradientBoosting,-0.013064521314706479,0.5239196933037981,0.7267684544746913,0.4195765758617202,Qm,6,5
core,XGBoost,-0.06444729556462514,0.5494626402072609,0.7449713941846516,0.4428964327397722,Qm,6,5
engineered,LinearRegression,0.7232298504182793,0.2691911685596821,0.37095672281883874,0.907624633431085,Qm,7,1
rheology_enhanced,SVR_RBF,0.664086943722575,0.24549360822246336,0.4086740522310518,0.8508064516129031,Qm,7,1
engineered,SVR_RBF,0.632118360780004,0.26200359212420743,0.42767875624749935,0.846774193548387,Qm,7,1
core,SVR_RBF,0.5254223605669566,0.2957625538507399,0.48575497566966225,0.8185483870967741,Qm,7,1
rheology_enhanced,XGBoost,0.3354969762893558,0.3841446150019765,0.574793836655165,0.6253665689149559,Qm,7,1
rheology_enhanced,GradientBoosting,0.30161975402755314,0.3894780831351913,0.5892635736537251,0.5960410557184751,Qm,7,1
core,LinearRegression,0.25812802938068735,0.46400054085899,0.607334711452468,0.5612170087976538,Qm,7,1
engineered,XGBoost,0.22127209248532542,0.39981524407863617,0.6222379448500441,0.5850439882697946,Qm,7,1
engineered,GradientBoosting,0.2026453396502963,0.4176778984998577,0.6296357668244136,0.531891495601173,Qm,7,1
rheology_enhanced,RandomForest,0.20056651920086477,0.45961085222387577,0.6304560089072504,0.37683284457478006,Qm,7,1
engineered,RandomForest,0.17811892071675006,0.4485200628306879,0.6392461384493007,0.4604105571847507,Qm,7,1
core,GradientBoosting,0.0027306687550668896,0.5134079829217806,0.7041575719342392,0.397323092354182,Qm,7,1
core,XGBoost,-0.054391607238171824,0.5398532843217254,0.7240433883794961,0.3188193355499197,Qm,7,1
core,RandomForest,-0.05528028669596807,0.5392997392113099,0.7243484491175245,0.25662175893683187,Qm,7,1
rheology_enhanced,LinearRegression,-22.282416489344907,1.0634807193337052,3.4023395131554866,0.6957478005865102,Qm,7,1
engineered,LinearRegression,0.81917769322986,0.16795609562328012,0.2339712507435498,0.9420821114369501,Qm,7,2
rheology_enhanced,LinearRegression,0.7435117548825925,0.19460936623776603,0.2786571731710149,0.9318181818181818,Qm,7,2
engineered,SVR_RBF,0.7163604342388049,0.17993845424247198,0.29303527293969056,0.9072580645161289,Qm,7,2
rheology_enhanced,SVR_RBF,0.690108507045456,0.18576962211240441,0.3062959971109323,0.9307184750733138,Qm,7,2
core,SVR_RBF,0.538730260636236,0.24645032098444988,0.3736921512244556,0.7745601173020527,Qm,7,2
engineered,XGBoost,0.2969273559957367,0.35015659576654434,0.46135644733945697,0.5469208211143693,Qm,7,2
engineered,GradientBoosting,0.2686445918348235,0.3505212869638346,0.4705445337569263,0.5326734510503096,Qm,7,2
rheology_enhanced,XGBoost,0.23857476654508047,0.3631849754750729,0.4801203639138833,0.5876099706744868,Qm,7,2
core,LinearRegression,0.20498998734195906,0.3767735888876075,0.4905946334645171,0.5227272727272727,Qm,7,2
rheology_enhanced,GradientBoosting,0.20200107511556398,0.3592042293149832,0.4915159858034455,0.5854642128887436,Qm,7,2
engineered,RandomForest,0.06070044771175209,0.4037786612929894,0.5332594393101177,0.4296187683284457,Qm,7,2
rheology_enhanced,RandomForest,0.041324676012042705,0.40468936978415093,0.5387313743497615,0.3709677419354838,Qm,7,2
core,RandomForest,-0.22967604887863202,0.44885702686838613,0.6101433062653354,0.15910549054083575,Qm,7,2
core,GradientBoosting,-0.26779399498574175,0.45701887997515955,0.6195278570991216,0.3273427966503513,Qm,7,2
core,XGBoost,-0.2823878482058235,0.4573816494029015,0.6230834143287215,0.21466544815325878,Qm,7,2
engineered,LinearRegression,0.7852613120153622,0.20990995078074146,0.3185769080051027,0.910557184750733,Qm,7,3
rheology_enhanced,SVR_RBF,0.7572783806626636,0.18870354545744578,0.33869857981522,0.9486803519061583,Qm,7,3
engineered,SVR_RBF,0.732366967996802,0.18572001487966772,0.3556550685089051,0.9325513196480938,Qm,7,3
core,SVR_RBF,0.7280630458353742,0.18931297340582165,0.3585033841704359,0.9494134897360703,Qm,7,3
rheology_enhanced,LinearRegression,0.7021709630092983,0.24366335227551086,0.37518257847467695,0.9134897360703812,Qm,7,3
engineered,GradientBoosting,0.5894649954895754,0.32088463657738897,0.4404881625364971,0.8368768328445746,Qm,7,3
engineered,XGBoost,0.5739542252853944,0.30148553863167765,0.44873224322534844,0.8580331811309359,Qm,7,3
rheology_enhanced,XGBoost,0.5467499346522018,0.3033283248320222,0.4628370137953255,0.8562001685671013,Qm,7,3
rheology_enhanced,GradientBoosting,0.5054014347740103,0.3273799948541399,0.48348785723155946,0.8647360703812317,Qm,7,3
engineered,RandomForest,0.40309078887201477,0.37434237032903445,0.5311452299081778,0.7983870967741934,Qm,7,3
core,GradientBoosting,0.3966201021899034,0.3781701848476991,0.5340163619348891,0.7893675659674912,Qm,7,3
rheology_enhanced,RandomForest,0.36647448383511005,0.41794091422784385,0.5471938415031633,0.7631964809384163,Qm,7,3
core,RandomForest,0.3332390568825525,0.41237464641203714,0.5613635646462375,0.6133260038590282,Qm,7,3
core,XGBoost,0.31645589914240757,0.3810202422738075,0.5683847472111512,0.6417376985984632,Qm,7,3
core,LinearRegression,0.30658601852895406,0.46483863247217244,0.5724735717679567,0.6140029325513195,Qm,7,3
engineered,LinearRegression,0.7751145567741373,0.22850604137306443,0.31025567974913815,0.912390029325513,Qm,7,4
engineered,SVR_RBF,0.7212753645676602,0.2101272106191811,0.3454035099319325,0.9420821114369501,Qm,7,4
core,SVR_RBF,0.6593311358912928,0.22751878311221985,0.3818609860480128,0.9153225806451611,Qm,7,4
rheology_enhanced,SVR_RBF,0.630192557896794,0.23215908514445804,0.3978568976437547,0.9182551319648092,Qm,7,4
engineered,XGBoost,0.6104003986900131,0.28297355670481916,0.4083648191572033,0.8089084444201707,Qm,7,4
engineered,GradientBoosting,0.6101544619745866,0.2825457305750207,0.40849368999978863,0.8313782991202345,Qm,7,4
rheology_enhanced,XGBoost,0.5993283964292754,0.2886370019242167,0.41412681332379053,0.7983501509030246,Qm,7,4
rheology_enhanced,GradientBoosting,0.5075773741437011,0.31844633015047225,0.45910081982002704,0.7881954024488408,Qm,7,4
rheology_enhanced,RandomForest,0.35648811543709025,0.3855686077591387,0.5248284320083056,0.5744134897360703,Qm,7,4
engineered,RandomForest,0.3452826269900814,0.3643312360622594,0.5293781367243703,0.6077712609970675,Qm,7,4
rheology_enhanced,LinearRegression,0.2836367338095054,0.3090915249109661,0.553739778178234,0.8874633431085044,Qm,7,4
core,GradientBoosting,0.27903236008325594,0.4097594635589878,0.5555164892664203,0.6463202300080494,Qm,7,4
core,RandomForest,0.27538882547685284,0.40649708159722253,0.5569184195812987,0.5281393305973856,Qm,7,4
core,LinearRegression,0.2382175640657811,0.43935744982837016,0.5710242420284364,0.6675219941348973,Qm,7,4
core,XGBoost,0.21505528563176446,0.4280867899209261,0.5796403408024788,0.5949958782206831,Qm,7,4
core,SVR_RBF,0.8631342909389572,0.19255468568029271,0.26249354162514577,0.910923753665689,Qm,7,5
engineered,SVR_RBF,0.8623763627081951,0.19285118451819366,0.26321935012503833,0.883797653958944,Qm,7,5
rheology_enhanced,SVR_RBF,0.8458084316508344,0.20494454081252694,0.2786131494652685,0.8409090909090908,Qm,7,5
rheology_enhanced,GradientBoosting,0.4863842285271007,0.3574107035883307,0.5084994320452695,0.6195582465760655,Qm,7,5
rheology_enhanced,XGBoost,0.482666549744288,0.3967824956476688,0.5103364365872194,0.6143695014662756,Qm,7,5
engineered,XGBoost,0.4817662851102331,0.3877844114005566,0.5107802877824003,0.6261570918058698,Qm,7,5
engineered,GradientBoosting,0.4713733062419889,0.37167780327738387,0.5158766150152485,0.6176686217008797,Qm,7,5
core,GradientBoosting,0.34740012040959634,0.43506844391152777,0.5731849666730535,0.5342994834932533,Qm,7,5
engineered,RandomForest,0.3446071043253086,0.46302287404927256,0.5744102240063456,0.5451379364843844,Qm,7,5
core,LinearRegression,0.2953922770994546,0.47357047161726457,0.5955867070849734,0.656158357771261,Qm,7,5
rheology_enhanced,RandomForest,0.28741803482141337,0.48957436541005306,0.598947435765916,0.5026120450034236,Qm,7,5
core,XGBoost,0.2218026206922279,0.4792083387300372,0.6259161805321314,0.47258397029017096,Qm,7,5
core,RandomForest,0.05375509424794467,0.53387806692295,0.6901970105168652,0.31661931713324404,Qm,7,5
engineered,LinearRegression,-0.5779730312888227,0.3292623399136714,0.8912942092784034,0.8804985337243401,Qm,7,5
rheology_enhanced,LinearRegression,-45.3209338979297,1.6844455769948272,4.829030518653569,0.7778592375366569,Qm,7,5
engineered,LinearRegression,0.8123302537478208,0.1523281110835097,0.22510007749430255,0.9373167155425218,Qm,8,1
rheology_enhanced,LinearRegression,0.7995332352214815,0.14598261477094038,0.2326482027709417,0.9373167155425218,Qm,8,1
rheology_enhanced,SVR_RBF,0.7275132901607946,0.16300923211740026,0.271238399851656,0.9475806451612904,Qm,8,1
engineered,SVR_RBF,0.6965440096540692,0.17053555499857348,0.28623739358453293,0.9457478005865102,Qm,8,1
core,SVR_RBF,0.6092320864654339,0.20663070730615452,0.32481640781718185,0.9065249266862169,Qm,8,1
rheology_enhanced,XGBoost,0.4594031981313782,0.2672024611085653,0.382045639477424,0.7818914956011729,Qm,8,1
engineered,XGBoost,0.4220654154440675,0.2648682289123535,0.3950188798924325,0.7895894428152492,Qm,8,1
rheology_enhanced,GradientBoosting,0.3792758471855838,0.3127088968458747,0.40938114215581395,0.7741935483870966,Qm,8,1
engineered,GradientBoosting,0.33327063372113996,0.3022263445354085,0.4242807258898987,0.7452346041055719,Qm,8,1
rheology_enhanced,RandomForest,0.21480745355887954,0.32646985310320475,0.4604331617924104,0.6539589442815249,Qm,8,1
engineered,RandomForest,0.18868273398179825,0.3244015464203043,0.4680301926848897,0.563782991202346,Qm,8,1
core,LinearRegression,0.15737156534781838,0.3770061705757406,0.4769760429602326,0.5362903225806451,Qm,8,1
core,RandomForest,-0.1682251549613012,0.41514812537578183,0.5616189948117277,0.26392961876832843,Qm,8,1
core,GradientBoosting,-0.22367798593538035,0.4313159134255597,0.5747938128329101,0.3944281524926686,Qm,8,1
core,XGBoost,-0.3604432993104989,0.44096619492769246,0.6060643436494901,0.21757859132715676,Qm,8,1
engineered,SVR_RBF,0.8389349300841819,0.18336527217417045,0.2812838346134163,0.9508797653958944,Qm,8,2
rheology_enhanced,SVR_RBF,0.7784968793378731,0.20130827644805588,0.3298633124830058,0.94391495601173,Qm,8,2
core,SVR_RBF,0.7399733638116055,0.2504415337211082,0.3573987342980698,0.8555718475073313,Qm,8,2
engineered,XGBoost,0.731528429478734,0.2565812766179442,0.3631560159194715,0.8005865102639296,Qm,8,2
engineered,GradientBoosting,0.7267537070446723,0.24828073393002237,0.36637111871124445,0.8841642228739002,Qm,8,2
rheology_enhanced,GradientBoosting,0.6963902329430274,0.2939858700938122,0.3861908328373767,0.7115102639296187,Qm,8,2
engineered,LinearRegression,0.6313691224779414,0.2771760473796473,0.4255395659760712,0.7899560117302052,Qm,8,2
rheology_enhanced,XGBoost,0.6038656332996251,0.3305899485349655,0.4411287384445168,0.6946480938416421,Qm,8,2
rheology_enhanced,LinearRegression,0.43305741471144976,0.3389602914323042,0.527732245361089,0.6315982404692081,Qm,8,2
engineered,RandomForest,0.3854740649520899,0.40630054315476183,0.5494323155255346,0.6169354838709676,Qm,8,2
core,LinearRegression,0.2677565741442195,0.4721768591125965,0.5997521753521174,0.7074780058651026,Qm,8,2
rheology_enhanced,RandomForest,0.2612575869562711,0.4358506645998679,0.602407829945164,0.5010997067448679,Qm,8,2
core,GradientBoosting,0.015672148028164523,0.4767472550898391,0.6953668424739486,0.6631222177596663,Qm,8,2
core,RandomForest,0.014473287924412381,0.4895880500992065,0.6957901739294526,0.40399596906912677,Qm,8,2
core,XGBoost,0.007039026082777733,0.47109946853667495,0.6984095691901033,0.589788270537143,Qm,8,2
engineered,SVR_RBF,0.8165656289314025,0.21438365266747927,0.30506484040018506,0.9138563049853371,Qm,8,3
rheology_enhanced,SVR_RBF,0.8029752971330142,0.21808953794384664,0.31616379794692917,0.9332844574780058,Qm,8,3
core,SVR_RBF,0.7801631924078682,0.21177353425383746,0.3339658067931984,0.8870967741935483,Qm,8,3
engineered,LinearRegression,0.7551505167989055,0.23819527584688305,0.35245314903832264,0.9321847507331377,Qm,8,3
engineered,XGBoost,0.5172324239459103,0.38705628620833155,0.49490386598313835,0.6936119541549799,Qm,8,3
rheology_enhanced,GradientBoosting,0.511343304893631,0.4013648711963316,0.4979132988211045,0.7543988269794721,Qm,8,3
rheology_enhanced,XGBoost,0.5000623429088519,0.37615369608998295,0.5036278344386088,0.697891854072977,Qm,8,3
engineered,GradientBoosting,0.4846278650383945,0.3898982884436495,0.5113429423147732,0.6805975649517548,Qm,8,3
core,GradientBoosting,0.37518775293234874,0.43308249567930285,0.5630235569597415,0.6665444658285644,Qm,8,3
core,XGBoost,0.36080337656342054,0.41928259017318487,0.5694676204285782,0.6249312662292563,Qm,8,3
rheology_enhanced,RandomForest,0.2619012546688363,0.5152268675181877,0.6119402687147868,0.5132435178736637,Qm,8,3
core,LinearRegression,0.25099067877288606,0.5199447060252667,0.6164465275514985,0.504398826979472,Qm,8,3
core,RandomForest,0.17952507365758497,0.4962632928654098,0.6451852885984957,0.4078826832971825,Qm,8,3
engineered,RandomForest,0.14473306059242086,0.5265890889136904,0.6587227179857038,0.4252199413489736,Qm,8,3
rheology_enhanced,LinearRegression,-220.3179716402217,2.6294887134490192,10.596443820985472,0.9072580645161289,Qm,8,3
engineered,SVR_RBF,0.8169008319659143,0.21761930878571248,0.30150665726468456,0.8541055718475072,Qm,8,4
rheology_enhanced,SVR_RBF,0.7696666052117829,0.2374034252061032,0.33816773960829016,0.8361436950146626,Qm,8,4
core,SVR_RBF,0.7321124831697352,0.24927492202278317,0.36469512552036343,0.8508064516129031,Qm,8,4
rheology_enhanced,GradientBoosting,0.49139003977203477,0.3987595542263847,0.5025116685530436,0.4666422287390029,Qm,8,4
rheology_enhanced,XGBoost,0.4855293281669584,0.391818749293685,0.5053985963587397,0.5564516129032258,Qm,8,4
engineered,GradientBoosting,0.3990320214367794,0.40962480239414223,0.5462348267379125,0.5374392837162794,Qm,8,4
engineered,XGBoost,0.37700795655223807,0.4028737973123789,0.5561538786573951,0.5696480938416422,Qm,8,4
core,XGBoost,0.31660967638846227,0.4590064771696925,0.5824895425964883,0.573654802148188,Qm,8,4
core,RandomForest,0.24423265180779774,0.4752594463985087,0.6125587992723732,0.4542205133181925,Qm,8,4
engineered,RandomForest,0.21916356964145545,0.4739644647404102,0.6226353213005709,0.3687683284457478,Qm,8,4
rheology_enhanced,RandomForest,0.19440662468460368,0.5014881025132275,0.6324288356698154,0.38269794721407624,Qm,8,4
core,GradientBoosting,0.1561265502659811,0.4923340766242434,0.6472802887505446,0.6304886112456435,Qm,8,4
core,LinearRegression,0.12966771860381288,0.555114520755582,0.6573493932663759,0.4816715542521994,Qm,8,4
engineered,LinearRegression,-1.6470563941532017,0.5123214229639235,1.146397729453299,0.5535190615835777,Qm,8,4
rheology_enhanced,LinearRegression,-4.974249925957599,0.7730988451967685,1.722246908119458,0.439149560117302,Qm,8,4
engineered,LinearRegression,0.7979081738504269,0.19566796200229625,0.2954100238389267,0.9277859237536655,Qm,8,5
rheology_enhanced,SVR_RBF,0.7001452904837688,0.20813462635610777,0.3598373921685849,0.9274193548387096,Qm,8,5
engineered,SVR_RBF,0.6557249546398102,0.21614749892952584,0.3855703464063876,0.9010263929618767,Qm,8,5
engineered,GradientBoosting,0.5212709265407747,0.30761953505143647,0.4546694300304628,0.7404692082111436,Qm,8,5
engineered,XGBoost,0.5147600533086215,0.31292129008471964,0.45775081552278174,0.7712609970674487,Qm,8,5
rheology_enhanced,GradientBoosting,0.48287426968375724,0.32203701501022,0.4725512618057433,0.7606304985337242,Qm,8,5
rheology_enhanced,XGBoost,0.4757679133001008,0.3110783088803291,0.4757870894180531,0.7980205278592374,Qm,8,5
core,SVR_RBF,0.45506421070398084,0.29291388728592493,0.4850913375636588,0.873533724340176,Qm,8,5
core,LinearRegression,0.23097609866206747,0.4271460093808271,0.5762630486686168,0.656524926686217,Qm,8,5
core,GradientBoosting,0.17056886849469022,0.42025207515333984,0.5984681182534676,0.5889469367600292,Qm,8,5
core,XGBoost,0.1682794453534755,0.4213748292587698,0.5992935047917641,0.5054985337243402,Qm,8,5
rheology_enhanced,RandomForest,0.1554773118452667,0.42632863935110044,0.6038881592334726,0.5355571847507331,Qm,8,5
engineered,RandomForest,0.14433614579824872,0.40712559829695794,0.6078584338458811,0.5183284457478006,Qm,8,5
core,RandomForest,0.019038995433923955,0.4555175414599867,0.6508437299029309,0.3951612903225806,Qm,8,5
rheology_enhanced,LinearRegression,-83.77579784492706,1.3542948056693764,6.050437740796535,0.7074780058651026,Qm,8,5
engineered,SVR_RBF,0.6291975162932149,0.2559764952445924,0.4286016347296517,0.8812316715542521,Qm,9,1
rheology_enhanced,SVR_RBF,0.6208936333548479,0.26177416698993605,0.4333741919432399,0.845674486803519,Qm,9,1
core,SVR_RBF,0.5533841010738748,0.30914342411888074,0.47038080993288817,0.783357771260997,Qm,9,1
engineered,XGBoost,0.31289710527755266,0.40733802156150345,0.58343623099542,0.5839442815249266,Qm,9,1
engineered,LinearRegression,0.2301142323344646,0.3377270148088195,0.6175834532127531,0.8060850439882697,Qm,9,1
core,LinearRegression,0.120814804401714,0.5295252921502561,0.6599677125343829,0.5014662756598239,Qm,9,1
engineered,GradientBoosting,0.10355339127346641,0.48746575524146546,0.6664149330957974,0.3647360703812316,Qm,9,1
engineered,RandomForest,0.05870799045750019,0.5169295325351729,0.6828804694153331,0.19244868035190613,Qm,9,1
rheology_enhanced,GradientBoosting,0.047548843995373846,0.48659134049800357,0.6869163641613345,0.4083577712609971,Qm,9,1
core,XGBoost,-0.010928443570720203,0.5684098594933749,0.7076894379627663,0.304857933628411,Qm,9,1
core,GradientBoosting,-0.017516506974473822,0.5727564150341673,0.7099916442621476,0.3360528131472127,Qm,9,1
rheology_enhanced,XGBoost,-0.021244875387819828,0.5193829213529826,0.711291225133393,0.3409403368732195,Qm,9,1
core,RandomForest,-0.12460590420722006,0.5910339092261903,0.7464189995610492,0.015766798652842494,Qm,9,1
rheology_enhanced,RandomForest,-0.14457004783452976,0.58942953125,0.7530151159419401,0.06854838709677419,Qm,9,1
rheology_enhanced,LinearRegression,-36.32680207660374,1.3288541607888353,4.300242012855268,0.8189149560117301,Qm,9,1
engineered,LinearRegression,0.8179490375055138,0.14940342080001584,0.23011457798325935,0.9285190615835776,Qm,9,2
engineered,SVR_RBF,0.7437314577775738,0.15567483974950272,0.2730205216107691,0.9281524926686217,Qm,9,2
rheology_enhanced,SVR_RBF,0.692536414199735,0.16266077197779474,0.2990504682460856,0.9259530791788856,Qm,9,2
core,SVR_RBF,0.5202743732199068,0.2312606098203563,0.3735460103606813,0.8625366568914956,Qm,9,2
rheology_enhanced,GradientBoosting,0.2900952239903195,0.28589585658019334,0.45440980296641786,0.7404216439718293,Qm,9,2
rheology_enhanced,XGBoost,0.2674401460642113,0.3008217535167932,0.4616036137619559,0.6527357739814702,Qm,9,2
engineered,XGBoost,0.24136287188838468,0.28524783761054273,0.4697477294382587,0.6726539589442815,Qm,9,2
engineered,GradientBoosting,0.20117556994267516,0.2842825146771768,0.48202916064883244,0.6946480938416421,Qm,9,2
engineered,RandomForest,0.11721088960556758,0.33696405018187814,0.5067294280911432,0.50366568914956,Qm,9,2
rheology_enhanced,RandomForest,0.07951746648905722,0.35208508668154753,0.5174345439285221,0.49230205278592365,Qm,9,2
core,LinearRegression,0.07035533650784342,0.3955616755566136,0.520003340017804,0.5443548387096774,Qm,9,2
core,XGBoost,-0.1405283489959399,0.39594218426942823,0.5759710898816098,0.28267644837944067,Qm,9,2
core,GradientBoosting,-0.15645538944110915,0.39033548656802175,0.5799787545671995,0.3453395670264224,Qm,9,2
core,RandomForest,-0.2989674496327839,0.40571479236937835,0.6146767368035314,0.07624633431085043,Qm,9,2
rheology_enhanced,LinearRegression,-3.1990288952489143,0.4695083942202931,1.105152153880027,0.8222140762463344,Qm,9,2
engineered,SVR_RBF,0.9028868555200881,0.1655539363179825,0.22625493364909427,0.9409824046920819,Qm,9,3
rheology_enhanced,SVR_RBF,0.893851895520558,0.1759809547515851,0.23654576191440377,0.9343841642228737,Qm,9,3
core,SVR_RBF,0.8644057369987339,0.1898790975211071,0.26734970376879297,0.9259530791788856,Qm,9,3
engineered,LinearRegression,0.8380175493055168,0.21454400944966656,0.2922086261717936,0.9061583577712609,Qm,9,3
rheology_enhanced,GradientBoosting,0.7809187201311619,0.244782955250701,0.3398299757274901,0.8508064516129031,Qm,9,3
engineered,GradientBoosting,0.7625324259066483,0.25170481677636103,0.3538027527411363,0.8847951645629197,Qm,9,3
engineered,XGBoost,0.7374656233707331,0.2523037105575204,0.37200787976337796,0.8900293255131964,Qm,9,3
rheology_enhanced,XGBoost,0.7070272813011336,0.3048990982323885,0.39298198353873814,0.8548387096774193,Qm,9,3
engineered,RandomForest,0.37216524840960197,0.428366087895322,0.5752832446503109,0.7016129032258064,Qm,9,3
rheology_enhanced,RandomForest,0.346757688709575,0.47498322602513204,0.5868082393845169,0.6513929618768328,Qm,9,3
core,LinearRegression,0.22390199287118195,0.5329433496900808,0.6396130762781898,0.5854105571847507,Qm,9,3
core,RandomForest,0.20237973864564573,0.5059960990410051,0.6484210998873088,0.4714508314182369,Qm,9,3
core,GradientBoosting,0.14160797328672348,0.47879319566865397,0.6726697335660312,0.6820639750028225,Qm,9,3
core,XGBoost,-0.005812430700049331,0.5378652507141233,0.7281444592342418,0.629446320282375,Qm,9,3
rheology_enhanced,LinearRegression,-170.01440496502732,2.346097272186009,9.494572095521779,0.8786656891495599,Qm,9,3
engineered,LinearRegression,0.7675225983811926,0.20818121169151732,0.28673253650861913,0.9079912023460409,Qm,9,4
core,SVR_RBF,0.6059460405481251,0.2588545647711372,0.3733055553881418,0.8262463343108504,Qm,9,4
engineered,SVR_RBF,0.5909005488827914,0.25082251808653994,0.3803654430569172,0.845674486803519,Qm,9,4
rheology_enhanced,SVR_RBF,0.576379057817992,0.2579077354198669,0.3870573474831089,0.847873900293255,Qm,9,4
rheology_enhanced,GradientBoosting,0.5336475165981305,0.2813281029384561,0.4061100639738522,0.751099706744868,Qm,9,4
rheology_enhanced,XGBoost,0.5012241706655132,0.3158612557649612,0.4199903432375626,0.7140762463343108,Qm,9,4
engineered,XGBoost,0.47942436376066266,0.31696113003790377,0.4290703696350991,0.7129765395894427,Qm,9,4
engineered,GradientBoosting,0.4214375570771203,0.32363028748535,0.45233659473203913,0.750366568914956,Qm,9,4
rheology_enhanced,RandomForest,0.23578790959391016,0.37402793824404756,0.5198685645590488,0.5186950146627566,Qm,9,4
engineered,RandomForest,0.21686086151680406,0.3815051573660713,0.5262669170686065,0.533357771260997,Qm,9,4
core,LinearRegression,0.14557933130004563,0.39799873384861006,0.549695874933362,0.531891495601173,Qm,9,4
core,RandomForest,0.05122218469731199,0.42091430142195757,0.5792537656985068,0.3488222908977079,Qm,9,4
core,GradientBoosting,-0.06359029662638327,0.47330039553473424,0.6133011632356457,0.47612065234223205,Qm,9,4
core,XGBoost,-0.11107043519855075,0.47803253908455373,0.6268410088305983,0.3578696624459134,Qm,9,4
rheology_enhanced,LinearRegression,-0.45432689662929904,0.37839795731628023,0.717162583771667,0.7939882697947214,Qm,9,4
engineered,SVR_RBF,0.6996407102746232,0.2168398684221013,0.3910022445919932,0.8863636363636362,Qm,9,5
rheology_enhanced,SVR_RBF,0.6129432366149192,0.2337769112754435,0.4438600385360857,0.850073313782991,Qm,9,5
core,SVR_RBF,0.6003121009248218,0.27168787497648994,0.4510443178832606,0.8713343108504397,Qm,9,5
engineered,GradientBoosting,0.4576606491873273,0.3545847671437482,0.5254050885933406,0.784824046920821,Qm,9,5
engineered,XGBoost,0.429125233750448,0.3487194838151335,0.5390501107254951,0.8082844574780058,Qm,9,5
rheology_enhanced,XGBoost,0.2540634497188671,0.39109253471344707,0.6161829258771768,0.7254398826979471,Qm,9,5
engineered,RandomForest,0.24930319195705242,0.4257384767654221,0.6181459110848122,0.657258064516129,Qm,9,5
core,LinearRegression,0.18715618412789103,0.5322214408122632,0.6432240425278987,0.6066715542521993,Qm,9,5
rheology_enhanced,GradientBoosting,0.09682895441915929,0.43526460661518807,0.6780218962241549,0.6733870967741935,Qm,9,5
rheology_enhanced,RandomForest,0.07874211196492253,0.46434633758718136,0.6847772536746338,0.597873900293255,Qm,9,5
core,GradientBoosting,0.010633804805769032,0.49386080892842177,0.7096386316704686,0.5600366730215248,Qm,9,5
core,XGBoost,-0.015840390265369875,0.5082733581736685,0.719070470810607,0.5597507331378299,Qm,9,5
core,RandomForest,-0.03424833621078571,0.5091681573660714,0.7255563237460416,0.45344574780058644,Qm,9,5
rheology_enhanced,LinearRegression,-1.7036678800553657,0.3682425893902098,1.173100951334497,0.848607038123167,Qm,9,5
engineered,LinearRegression,-5.461949276427909,0.48926790318654345,1.8135957463814592,0.8291788856304985,Qm,9,5
rheology_enhanced,LinearRegression,0.7581934769200334,0.21424178177904232,0.33771854513342714,0.9395161290322579,Qm,10,1
engineered,SVR_RBF,0.6348029827792561,0.20622772851717303,0.4150348011770928,0.8559384164222872,Qm,10,1
engineered,LinearRegression,0.6273630477186315,0.21509392209789316,0.41924111089489724,0.9068914956011729,Qm,10,1
engineered,XGBoost,0.59319945210202,0.29931744901835916,0.43803787966982793,0.783357771260997,Qm,10,1
core,SVR_RBF,0.5877881562297262,0.2791500341527752,0.4409416637477785,0.787023460410557,Qm,10,1
engineered,GradientBoosting,0.5629868653378599,0.28937212697359993,0.45401285377936995,0.7958211143695014,Qm,10,1
rheology_enhanced,SVR_RBF,0.5546770326934266,0.2349483803140795,0.4583090684493737,0.8434750733137828,Qm,10,1
rheology_enhanced,XGBoost,0.5315928588767407,0.30511922034621236,0.4700376618474195,0.7261730205278591,Qm,10,1
rheology_enhanced,GradientBoosting,0.5083259858921754,0.3733510458268816,0.48157011878695866,0.6766862170087976,Qm,10,1
engineered,RandomForest,0.3207909846875914,0.3791801134672618,0.566008071418957,0.6832844574780058,Qm,10,1
core,RandomForest,0.28400663862176134,0.41986011740169554,0.581132817305081,0.48904378476850846,Qm,10,1
rheology_enhanced,RandomForest,0.28061344826853674,0.42923388227513215,0.5825082235772525,0.5623167155425219,Qm,10,1
core,GradientBoosting,0.19149120292661836,0.4539250454017577,0.6175374189995949,0.5035747105696002,Qm,10,1
core,LinearRegression,0.10204824717616356,0.5287514580880373,0.6507997909572951,0.6011730205278591,Qm,10,1
core,XGBoost,0.09088634912498439,0.4887576630935073,0.6548321490511203,0.4984418048921525,Qm,10,1
engineered,LinearRegression,0.8452949933992987,0.14798556052181633,0.20290827756516613,0.9424486803519062,Qm,10,2
engineered,SVR_RBF,0.6851830714094411,0.16501739903311194,0.28945204265052255,0.9248533724340174,Qm,10,2
rheology_enhanced,SVR_RBF,0.6424771994870693,0.16805997617272228,0.3084604243461091,0.9215542521994134,Qm,10,2
core,SVR_RBF,0.5651095848225381,0.19608989417936046,0.3402024978445048,0.8896627565982402,Qm,10,2
engineered,XGBoost,0.4395171575236656,0.26309579657018184,0.3862146479103769,0.7258064516129031,Qm,10,2
engineered,GradientBoosting,0.39864298371446405,0.2838107782367451,0.40004953611602334,0.7265395894428152,Qm,10,2
rheology_enhanced,XGBoost,0.3187779366602581,0.28891412530839444,0.4257865441856189,0.6653225806451613,Qm,10,2
rheology_enhanced,GradientBoosting,0.28994657908468036,0.29306144134050605,0.43470345504331864,0.7195747800586509,Qm,10,2
core,LinearRegression,0.18633634163961899,0.35776330747458845,0.46533962919696686,0.5098973607038122,Qm,10,2
core,GradientBoosting,0.13636611942166144,0.35891788923716156,0.47941588035946536,0.563782991202346,Qm,10,2
rheology_enhanced,RandomForest,0.10730226532427167,0.3295170747767857,0.48741601681331836,0.5186950146627566,Qm,10,2
engineered,RandomForest,0.1048990612808186,0.33252412892691807,0.488071654668501,0.5557184750733136,Qm,10,2
core,XGBoost,0.09938129907870608,0.36774951514601706,0.48957367844776795,0.5076979472140762,Qm,10,2
core,RandomForest,-0.05070418758139272,0.39052680365410053,0.5287955740531387,0.2789589442815249,Qm,10,2
rheology_enhanced,LinearRegression,-988.2516769937009,3.8115766831518654,16.225607925909006,0.9193548387096774,Qm,10,2
engineered,SVR_RBF,0.6908692323073274,0.2439045509856,0.373381849490856,0.9149560117302052,Qm,10,3
engineered,LinearRegression,0.6522293759344573,0.275009400936943,0.39603040847261617,0.9043255131964808,Qm,10,3
rheology_enhanced,SVR_RBF,0.643170260790648,0.26339250513517126,0.40115536766069615,0.9303519061583577,Qm,10,3
core,SVR_RBF,0.5941727900116587,0.28882045984463506,0.4278117097102393,0.8302785923753665,Qm,10,3
rheology_enhanced,GradientBoosting,0.5565589662638459,0.3191256999120804,0.44719817792135574,0.759417105196639,Qm,10,3
rheology_enhanced,XGBoost,0.48433263150663275,0.3506949990242719,0.48224408714276956,0.6792521994134897,Qm,10,3
engineered,GradientBoosting,0.48284235887509885,0.3309694512873833,0.48294042427492073,0.7583172976583382,Qm,10,3
engineered,XGBoost,0.3623793339988596,0.3747135041207075,0.5362450282318793,0.6854838709677419,Qm,10,3
rheology_enhanced,LinearRegression,0.25478979953718495,0.3321085674197026,0.5797242692758973,0.9021260997067447,Qm,10,3
core,LinearRegression,0.1941616488414981,0.45599141997728054,0.6028455404157935,0.56341642228739,Qm,10,3
engineered,RandomForest,0.11705385172902727,0.43509593703027294,0.6310288199982349,0.3991935483870967,Qm,10,3
rheology_enhanced,RandomForest,0.08117734213583694,0.4602729312582673,0.6437213812441978,0.2917888563049853,Qm,10,3
core,GradientBoosting,-0.11650038973734,0.5239037450852625,0.7095965999279642,0.45334556215457633,Qm,10,3
core,XGBoost,-0.11916209497454067,0.5373934730142356,0.7104419254959753,0.3822181549099441,Qm,10,3
core,RandomForest,-0.13511898412632717,0.5120188366815481,0.7154887012021969,0.1695536621546925,Qm,10,3
engineered,SVR_RBF,0.8392608440085297,0.20474939178361073,0.28326800114826245,0.8687683284457477,Qm,10,4
rheology_enhanced,SVR_RBF,0.8150570978963603,0.2181556949477964,0.30384739010492184,0.8662023460410555,Qm,10,4
engineered,XGBoost,0.7142892154212078,0.3086538797169924,0.37765913414338037,0.8140408795989075,Qm,10,4
rheology_enhanced,GradientBoosting,0.6914046935156918,0.3165874355225874,0.3924924747475476,0.8180735072393434,Qm,10,4
core,SVR_RBF,0.6799961975392341,0.2824481288225098,0.39968168318120784,0.7969208211143693,Qm,10,4
rheology_enhanced,XGBoost,0.668561043974321,0.32714964883774517,0.4067602001650557,0.7539180675051355,Qm,10,4
engineered,GradientBoosting,0.659361591137181,0.31664143543912615,0.412366601883448,0.826871967545749,Qm,10,4
engineered,LinearRegression,0.43446933378208563,0.26421336634851367,0.5313305117779398,0.8123167155425219,Qm,10,4
rheology_enhanced,RandomForest,0.37137359945005577,0.45154179145998674,0.5601869460588701,0.5651177734301805,Qm,10,4
engineered,RandomForest,0.31918290941885896,0.44811827106631796,0.5829776441290108,0.5901759530791789,Qm,10,4
core,RandomForest,0.2577758877544971,0.4564562462797618,0.6087012669244816,0.5777941379098501,Qm,10,4
core,LinearRegression,0.25361280155246346,0.5010807007134661,0.6104059625602609,0.5498533724340174,Qm,10,4
core,XGBoost,0.21042182176402524,0.4959532792419195,0.6278186963288152,0.5653250800304881,Qm,10,4
core,GradientBoosting,0.1758878870050461,0.5123982556451764,0.6414012839826758,0.5966263694141708,Qm,10,4
rheology_enhanced,LinearRegression,-370.7014595917083,4.303282806280321,13.621778355266743,0.7474340175953078,Qm,10,4
engineered,SVR_RBF,0.8434946559838458,0.18541896624112608,0.27971207403963894,0.9241202346041054,Qm,10,5
engineered,LinearRegression,0.8279307500171909,0.2091920666504335,0.29329067874085946,0.9219208211143693,Qm,10,5
core,SVR_RBF,0.7948966414528801,0.20808002923982205,0.32020861617242924,0.8900293255131964,Qm,10,5
rheology_enhanced,LinearRegression,0.7943615550583878,0.20986236635246402,0.32062603417699354,0.93658357771261,Qm,10,5
rheology_enhanced,SVR_RBF,0.7936826506326614,0.20356550154635158,0.32115486298980445,0.9175219941348972,Qm,10,5
rheology_enhanced,GradientBoosting,0.7080897782621718,0.3217031292155622,0.38200696310361315,0.6986803519061583,Qm,10,5
engineered,XGBoost,0.6841658142145675,0.3097851521298289,0.39735272509507147,0.7249564689965501,Qm,10,5
rheology_enhanced,XGBoost,0.6781743679806804,0.32925445893406863,0.40110395397943355,0.7465860172497973,Qm,10,5
engineered,GradientBoosting,0.6746317836537451,0.3270894657777965,0.40330554306267974,0.7060117302052785,Qm,10,5
rheology_enhanced,RandomForest,0.399146008295195,0.43859684135251303,0.5480637817595956,0.5993401759530792,Qm,10,5
engineered,RandomForest,0.3903032973657641,0.42152697544642853,0.5520819532147218,0.5791788856304985,Qm,10,5
core,GradientBoosting,0.2862626813419916,0.42414905563602096,0.5973320674672314,0.5984786020919687,Qm,10,5
core,RandomForest,0.11392823485647385,0.515564990782077,0.6655505960342317,0.4024926686217009,Qm,10,5
core,LinearRegression,0.09538939436865423,0.5351900596592624,0.6724770465761657,0.6433284457478005,Qm,10,5
core,XGBoost,0.03718876945094041,0.5160167060345411,0.6937726922109813,0.45880304472777866,Qm,10,5
rheology_enhanced,LinearRegression,0.9375936965392295,0.11226777790915973,0.13795578917217952,0.9281524926686217,Qm,11,1
rheology_enhanced,SVR_RBF,0.9242981240356799,0.12727750646350017,0.15194241383660131,0.9310850439882697,Qm,11,1
engineered,SVR_RBF,0.9181966282461979,0.13481799325825705,0.1579469714559046,0.9175219941348972,Qm,11,1
engineered,LinearRegression,0.9149007684493687,0.12806110473951018,0.16109739575609006,0.9281524926686217,Qm,11,1
core,SVR_RBF,0.7826885381462854,0.2078554760982957,0.25743465943844535,0.8530058651026391,Qm,11,1
engineered,XGBoost,0.5239913025342392,0.27736041411012413,0.3810071665910069,0.7052785923753665,Qm,11,1
rheology_enhanced,XGBoost,0.504446898020497,0.2925953450724482,0.38875035634101207,0.6862170087976539,Qm,11,1
rheology_enhanced,GradientBoosting,0.4048739936594231,0.3019276955998443,0.42602017364300543,0.69391495601173,Qm,11,1
engineered,GradientBoosting,0.3805613526209811,0.32095254363655534,0.43463515372995426,0.6462609970674486,Qm,11,1
core,GradientBoosting,0.2921950160618,0.35118840651494004,0.4646035338568188,0.40762463343108496,Qm,11,1
core,LinearRegression,0.1790136455103406,0.39112319940569984,0.5003727727958243,0.44758064516129026,Qm,11,1
core,XGBoost,0.08187402332747362,0.396207450369373,0.5291476091377483,0.2897992863422366,Qm,11,1
rheology_enhanced,RandomForest,0.08034718138622898,0.4048102471891534,0.5295874121538312,0.29838709677419356,Qm,11,1
engineered,RandomForest,0.02147641732976291,0.40761383957506614,0.5462750292876112,0.20747800586510262,Qm,11,1
core,RandomForest,-0.04163718937954375,0.4260762722800928,0.5636168120458622,0.17285308476959463,Qm,11,1
engineered,SVR_RBF,0.8412981719406349,0.1750079783102823,0.27917651845830505,0.9446480938416421,Qm,11,2
engineered,LinearRegression,0.8282539847607913,0.2198271098547214,0.2904231670589822,0.9226539589442814,Qm,11,2
rheology_enhanced,SVR_RBF,0.7865885685950424,0.20177151404972582,0.32374029764347184,0.9420821114369501,Qm,11,2
core,SVR_RBF,0.7847557589470214,0.22104262833812655,0.32512749097266747,0.910190615835777,Qm,11,2
rheology_enhanced,XGBoost,0.7750902682223759,0.2542331567034125,0.3323472167496951,0.752932551319648,Qm,11,2
rheology_enhanced,GradientBoosting,0.7645827576881234,0.27221850908992046,0.3400220303635809,0.7749266862170087,Qm,11,2
engineered,XGBoost,0.7554242201720606,0.2649786333218217,0.3465729362178393,0.7247067448680351,Qm,11,2
engineered,GradientBoosting,0.681788242854851,0.3146039329447481,0.3953174935821762,0.7093108504398825,Qm,11,2
engineered,RandomForest,0.5220811513337178,0.34173590430720885,0.4844678944939913,0.7122434017595306,Qm,11,2
rheology_enhanced,RandomForest,0.5191883981697859,0.35349093154761907,0.4859318791849687,0.7060117302052785,Qm,11,2
core,RandomForest,0.2701146093133199,0.4418191910548945,0.5987082708829602,0.533724340175953,Qm,11,2
core,LinearRegression,0.23377320179576178,0.4856998448534039,0.6134322307694151,0.5791788856304985,Qm,11,2
core,GradientBoosting,0.19341187129735915,0.48221342425080926,0.6293813000981541,0.5268561041780236,Qm,11,2
core,XGBoost,0.15864499663059273,0.4920138354636729,0.6428025088857058,0.48116579800655984,Qm,11,2
rheology_enhanced,LinearRegression,0.1279984338035668,0.3295378842469135,0.6544049184284041,0.8955278592375364,Qm,11,2
engineered,SVR_RBF,0.8983371826700863,0.1407176017385982,0.20493538159927358,0.9208211143695014,Qm,11,3
engineered,LinearRegression,0.8861816905549089,0.1629270011034165,0.21684126873254117,0.8881964809384164,Qm,11,3
rheology_enhanced,SVR_RBF,0.8587082712628717,0.16254034829554256,0.24159850565372806,0.907624633431085,Qm,11,3
core,SVR_RBF,0.8265338673597742,0.17177780630578154,0.26769682629359703,0.873533724340176,Qm,11,3
rheology_enhanced,LinearRegression,0.6398964532009892,0.242465015684256,0.385699942191957,0.7807917888563048,Qm,11,3
rheology_enhanced,GradientBoosting,0.5764556434980013,0.32399050573866006,0.4182975529932257,0.6092375366568915,Qm,11,3
engineered,XGBoost,0.5685147911249355,0.32004162433743477,0.42220058502190616,0.6854838709677419,Qm,11,3
rheology_enhanced,XGBoost,0.5677745828499245,0.31701242993026973,0.4225625701439205,0.6810850439882697,Qm,11,3
engineered,GradientBoosting,0.4825476033083096,0.3455392088682677,0.46235022756270683,0.6684996820304471,Qm,11,3
core,GradientBoosting,0.38325392910941347,0.3715529681773283,0.5047648098137919,0.6131280206886869,Qm,11,3
engineered,RandomForest,0.2665521552127532,0.3989163960400134,0.550453316476644,0.5425219941348973,Qm,11,3
rheology_enhanced,RandomForest,0.2602098778044857,0.4237605357969577,0.5528281362987836,0.6052052785923754,Qm,11,3
core,XGBoost,0.18240637539826976,0.43239918877929456,0.5811719196837001,0.5406049586711871,Qm,11,3
core,LinearRegression,0.17745964538273085,0.4623692715668605,0.5829274159704027,0.6162023460410556,Qm,11,3
core,RandomForest,0.16872053373366958,0.45035791302910044,0.5860159015922942,0.36770232030520333,Qm,11,3
engineered,SVR_RBF,0.7686798477973876,0.2307929961949408,0.34624968330989264,0.9189882697947213,Qm,11,4
rheology_enhanced,SVR_RBF,0.757572514865873,0.23383952161168425,0.35446517878909395,0.9362170087976539,Qm,11,4
rheology_enhanced,GradientBoosting,0.6357392840340939,0.34474684440305814,0.4344990373607013,0.8312711976989517,Qm,11,4
rheology_enhanced,XGBoost,0.620521723493687,0.33852176495641473,0.4434821148419993,0.8101173020527858,Qm,11,4
core,SVR_RBF,0.6001685200739172,0.294703857845493,0.4552197986736479,0.878299120234604,Qm,11,4
engineered,XGBoost,0.5804055202571299,0.350998301371932,0.4663344858596863,0.8251466275659823,Qm,11,4
engineered,GradientBoosting,0.46259890613437116,0.39961629974656215,0.5277544734077185,0.7481671554252199,Qm,11,4
rheology_enhanced,RandomForest,0.2962048512159742,0.46867331262400796,0.6039566737907884,0.6125366568914955,Qm,11,4
engineered,RandomForest,0.2807820474488082,0.4584321872519838,0.6105382954423116,0.6653225806451613,Qm,11,4
core,GradientBoosting,0.20574073158968476,0.4645051653153576,0.6415991735699351,0.6061772548600736,Qm,11,4
core,XGBoost,0.19918502474076327,0.4797370921671391,0.6442415679875216,0.5948125769642996,Qm,11,4
core,LinearRegression,0.10177502254457349,0.5449744564931294,0.6822997528199525,0.5696480938416422,Qm,11,4
core,RandomForest,0.09467747872374233,0.5079479643683864,0.6849901276012235,0.47177419354838707,Qm,11,4
rheology_enhanced,LinearRegression,-0.6246291713009662,0.40366826923666665,0.9176134563798173,0.7884897360703812,Qm,11,4
engineered,LinearRegression,-0.6458010763563049,0.3974317679280144,0.9235731978373106,0.7983870967741934,Qm,11,4
engineered,LinearRegression,0.8897286117301574,0.16900945427299124,0.22761565302213638,0.9204545454545453,Qm,11,5
engineered,SVR_RBF,0.8369207711673816,0.1953851789485228,0.2768025128794313,0.9241202346041054,Qm,11,5
rheology_enhanced,SVR_RBF,0.8193352223559616,0.20376799262176282,0.291344919565928,0.9402492668621699,Qm,11,5
core,SVR_RBF,0.7259645050117667,0.23465953888510732,0.3588179110715084,0.8691348973607038,Qm,11,5
rheology_enhanced,XGBoost,0.6248476709456869,0.32058097391575574,0.419831023191432,0.7613636363636362,Qm,11,5
rheology_enhanced,GradientBoosting,0.6071037530255828,0.3114429593608884,0.42964488327743433,0.787390029325513,Qm,11,5
engineered,XGBoost,0.5859158712170115,0.3426112079769373,0.4410775934511976,0.7335043988269794,Qm,11,5
engineered,GradientBoosting,0.562173022063057,0.35071704627317657,0.4535466495352919,0.7184750733137829,Qm,11,5
engineered,RandomForest,0.32205445809645417,0.4068719298528439,0.5643754429135316,0.6231671554252198,Qm,11,5
rheology_enhanced,RandomForest,0.2976344250352686,0.4138302974950397,0.5744501042083924,0.5707478005865102,Qm,11,5
core,LinearRegression,0.11492279610309819,0.5131864962076677,0.6448538268412373,0.594941348973607,Qm,11,5
core,RandomForest,-0.025914566018200746,0.5104339792906747,0.6942666468487132,0.37683284457478006,Qm,11,5
core,XGBoost,-0.13798601966514057,0.5472361905686557,0.7312050248975386,0.5014662756598239,Qm,11,5
core,GradientBoosting,-0.26190903424424383,0.5476288443648734,0.7699893683186531,0.5109970674486803,Qm,11,5
rheology_enhanced,LinearRegression,-67.4155746046798,1.565472521492328,5.669544825063021,0.850073313782991,Qm,11,5
engineered,SVR_RBF,0.8193846751406741,0.2318993590470943,0.29970852287152727,0.8376099706744866,Qm,12,1
rheology_enhanced,SVR_RBF,0.7907869849825268,0.23724619733776772,0.32256418425336625,0.847507331378299,Qm,12,1
rheology_enhanced,XGBoost,0.7458519064344762,0.26976319447159763,0.3555209707417931,0.8631656163096725,Qm,12,1
rheology_enhanced,GradientBoosting,0.7438205218007774,0.27080005731294027,0.35693896771490113,0.8163489736070382,Qm,12,1
engineered,LinearRegression,0.7184324186003351,0.2565297449699958,0.37420804507270033,0.875,Qm,12,1
core,SVR_RBF,0.6934947772365001,0.28038982626183095,0.3904278008626501,0.7613636363636362,Qm,12,1
engineered,GradientBoosting,0.6902301613896038,0.2769302980676197,0.39250153514869096,0.8247800586510263,Qm,12,1
engineered,XGBoost,0.6840963329843044,0.2806845938414335,0.3963684958158544,0.8578498798745524,Qm,12,1
rheology_enhanced,RandomForest,0.5332475792699969,0.37156146244438415,0.48179810161922393,0.7708944281524927,Qm,12,1
engineered,RandomForest,0.4416488673634681,0.3905885518954427,0.5269573854901594,0.6972140762463341,Qm,12,1
core,RandomForest,0.30239239708116317,0.4416643640873017,0.589016414224026,0.5323556459752891,Qm,12,1
core,LinearRegression,0.2884860239473491,0.480398666674532,0.59485828209184,0.5901759530791789,Qm,12,1
core,XGBoost,0.21243362190296722,0.48169186963886024,0.6258429706372381,0.5154961352292087,Qm,12,1
core,GradientBoosting,0.16640987439539334,0.4787341332802455,0.6438698299910953,0.5385532792895049,Qm,12,1
rheology_enhanced,LinearRegression,-0.3025482265201469,0.4268253303939187,0.8048569543257575,0.7456011730205278,Qm,12,1
engineered,SVR_RBF,0.8453870351564021,0.1634806221412748,0.24214346777128917,0.9175219941348972,Qm,12,2
engineered,LinearRegression,0.8336665103768961,0.1794538454589783,0.2511537419312746,0.9402492668621699,Qm,12,2
rheology_enhanced,LinearRegression,0.8152488505633283,0.17648396733348823,0.2646935618819125,0.9369501466275659,Qm,12,2
rheology_enhanced,SVR_RBF,0.7991685124727579,0.1818765692097107,0.2759724353702898,0.9248533724340174,Qm,12,2
core,SVR_RBF,0.6843731278316245,0.23889242073324463,0.34596868380962564,0.8533724340175952,Qm,12,2
engineered,XGBoost,0.6187200803207237,0.2832081802114844,0.38025223060206254,0.814516129032258,Qm,12,2
rheology_enhanced,XGBoost,0.5198746595140985,0.3140199123695493,0.4267043965870793,0.751718452428534,Qm,12,2
engineered,GradientBoosting,0.49114892795687615,0.35235572135493365,0.43928376252342044,0.75,Qm,12,2
rheology_enhanced,GradientBoosting,0.4242613945397974,0.35293908033920224,0.4672641688476934,0.6631231671554252,Qm,12,2
engineered,RandomForest,0.38024340144314095,0.35308880663029096,0.48479751306048174,0.749633431085044,Qm,12,2
core,GradientBoosting,0.37771622851438014,0.38919277812841474,0.48578493355100744,0.6914757219761674,Qm,12,2
rheology_enhanced,RandomForest,0.3441409849938597,0.3694183409391535,0.498718007494404,0.7052785923753665,Qm,12,2
core,LinearRegression,0.24994121332707975,0.4372010615818973,0.5333317702467227,0.6253665689149559,Qm,12,2
core,RandomForest,0.23182485124281382,0.42347193419312185,0.5397341905441088,0.48593163067252954,Qm,12,2
core,XGBoost,0.16850109624724818,0.4552789903357625,0.5615399307305239,0.5224564707402114,Qm,12,2
engineered,LinearRegression,0.780159332241757,0.1989979465952243,0.29060163726834587,0.9237536656891493,Qm,12,3
rheology_enhanced,SVR_RBF,0.6881003941854256,0.21078970881776957,0.34613973152165417,0.8596041055718473,Qm,12,3
engineered,SVR_RBF,0.6737486952914522,0.2114361487794944,0.3540137806736317,0.8434750733137828,Qm,12,3
rheology_enhanced,LinearRegression,0.6082021645174172,0.23145444617940908,0.3879493742756165,0.9178885630498531,Qm,12,3
core,SVR_RBF,0.5936424594699001,0.24630529619884256,0.395091968263466,0.8544721407624631,Qm,12,3
rheology_enhanced,XGBoost,0.5652675566237788,0.30239056042581797,0.4086533519982736,0.6840175953079178,Qm,12,3
rheology_enhanced,GradientBoosting,0.56162948113056,0.3099164851188772,0.4103597053121743,0.6781524926686217,Qm,12,3
engineered,GradientBoosting,0.5494634573483321,0.3133828562787762,0.4160150580019406,0.6363636363636362,Qm,12,3
engineered,XGBoost,0.5307904689768866,0.295060337126255,0.4245486382496797,0.6524926686217007,Qm,12,3
rheology_enhanced,RandomForest,0.3500626271697759,0.35946600313401894,0.4996659955689655,0.627199413489736,Qm,12,3
engineered,RandomForest,0.28979680045594114,0.37352358985690237,0.5223184319462353,0.564882697947214,Qm,12,3
core,LinearRegression,0.13735613158676185,0.4403205141960627,0.5756517236837758,0.5751466275659823,Qm,12,3
core,GradientBoosting,0.027034162275224927,0.45371756356177595,0.6113541089176285,0.5271260997067448,Qm,12,3
core,RandomForest,-0.07614497916201146,0.4840108865740741,0.642953302566251,0.2884897360703812,Qm,12,3
core,XGBoost,-0.16621588917867647,0.4858277572616935,0.669319559627132,0.4963343108504399,Qm,12,3
engineered,LinearRegression,0.7675203194083249,0.21596681939491746,0.3259731577436928,0.9281524926686217,Qm,12,4
rheology_enhanced,SVR_RBF,0.6896270276403631,0.17800870965341944,0.37664420265190157,0.9435483870967741,Qm,12,4
engineered,SVR_RBF,0.6865223297253941,0.18485894993853752,0.37852332355129115,0.935850439882698,Qm,12,4
rheology_enhanced,LinearRegression,0.6116293212179607,0.2562352648585344,0.42132046659938305,0.9274193548387096,Qm,12,4
core,SVR_RBF,0.6038238576222832,0.2419411637231758,0.42553324858109254,0.8640029325513197,Qm,12,4
rheology_enhanced,XGBoost,0.341801280945342,0.3685027151405811,0.5484889161813177,0.7269061583577713,Qm,12,4
engineered,XGBoost,0.2867325619037,0.3916911996454,0.5709729560531426,0.7093108504398825,Qm,12,4
rheology_enhanced,GradientBoosting,0.2510454770563759,0.3839804320636876,0.5850824392725522,0.7096774193548386,Qm,12,4
core,LinearRegression,0.21467728055810775,0.4847751519916945,0.5991194519907929,0.5714809384164222,Qm,12,4
engineered,GradientBoosting,0.16449110407883083,0.4227401536963723,0.6179664231541072,0.6363636363636362,Qm,12,4
engineered,RandomForest,0.0921420507050611,0.46547245841600515,0.6441667287961659,0.2848240469208211,Qm,12,4
core,GradientBoosting,0.07484939886363495,0.44883709955427536,0.650272753059317,0.45238750075435796,Qm,12,4
rheology_enhanced,RandomForest,0.059576057071356936,0.47635700963128325,0.6556184673974929,0.16752199413489735,Qm,12,4
core,XGBoost,-0.020371207342917863,0.4786374251544475,0.6829178070328787,0.3904316760967514,Qm,12,4
core,RandomForest,-0.027253433960452877,0.49739498252239644,0.6852170176179294,0.33470809415618213,Qm,12,4
engineered,SVR_RBF,0.6663451937722593,0.2565610693308823,0.401975275079567,0.8936950146627565,Qm,12,5
rheology_enhanced,SVR_RBF,0.6102406771286923,0.26188377431320475,0.43445910635627755,0.907624633431085,Qm,12,5
rheology_enhanced,GradientBoosting,0.5690976719146321,0.3119447346354543,0.45681469787321516,0.7668621700879764,Qm,12,5
engineered,GradientBoosting,0.4874233384034403,0.3466528657113406,0.4982302161059017,0.7192082111436949,Qm,12,5
rheology_enhanced,XGBoost,0.4091584074228023,0.3465324728488922,0.5349167269045269,0.6799853372434017,Qm,12,5
core,SVR_RBF,0.39783308608459844,0.3412484738950013,0.5400190658621482,0.8280791788856304,Qm,12,5
engineered,XGBoost,0.3743694483420611,0.3586426965147257,0.5504395394666384,0.7275226865859185,Qm,12,5
engineered,LinearRegression,0.2908962832869242,0.3177201276687345,0.5860106776764561,0.8845307917888563,Qm,12,5
engineered,RandomForest,0.16337230322521523,0.4518382742228837,0.6365269081207114,0.44831378299120234,Qm,12,5
core,LinearRegression,0.14747021208512268,0.5005144129684492,0.6425477833775216,0.5399560117302052,Qm,12,5
rheology_enhanced,RandomForest,0.14200858026341345,0.47094372127149486,0.6446027008875849,0.31268328445747795,Qm,12,5
core,RandomForest,-0.18385236256681758,0.5582346387235452,0.7571805004115126,0.16002199682275303,Qm,12,5
core,XGBoost,-0.45700973989600047,0.6010548032447696,0.8400050093768592,0.3803501069956616,Qm,12,5
core,GradientBoosting,-0.4929316748455421,0.5931277479357455,0.8502969370965537,0.48890926577689253,Qm,12,5
rheology_enhanced,LinearRegression,-39.04105842472638,1.3307502620754443,4.403554978985363,0.8343108504398826,Qm,12,5
engineered,LinearRegression,0.8468951634703703,0.1398691871981703,0.20398114187890024,0.9479472140762463,Qm,13,1
engineered,SVR_RBF,0.6631132486163482,0.17783871547375246,0.3025781265386695,0.9241202346041054,Qm,13,1
rheology_enhanced,SVR_RBF,0.624819867050157,0.18447809679593397,0.3193121764996047,0.9237536656891493,Qm,13,1
core,SVR_RBF,0.5227131941728848,0.23583667677357253,0.3601515415146758,0.8427419354838708,Qm,13,1
engineered,GradientBoosting,0.5008762707473791,0.28741279447148915,0.3682982644470982,0.7067448680351905,Qm,13,1
rheology_enhanced,GradientBoosting,0.49601240518694156,0.26905753849097164,0.37008841203552784,0.7712609970674487,Qm,13,1
engineered,XGBoost,0.37356724464812785,0.2966126493513584,0.41260339081140446,0.6598845229804249,Qm,13,1
rheology_enhanced,XGBoost,0.36254818827637325,0.29147428822517396,0.4162164526245375,0.6594574780058651,Qm,13,1
core,LinearRegression,0.2063771770958145,0.3711164708589562,0.4644111497717531,0.5846774193548387,Qm,13,1
rheology_enhanced,RandomForest,0.059771976015382755,0.3879650466683201,0.5054895237254117,0.3020527859237536,Qm,13,1
engineered,RandomForest,0.01827782907419595,0.39170522982804235,0.5165232358746262,0.2716275659824047,Qm,13,1
core,XGBoost,-0.2001402162447523,0.4402396501675248,0.571099208244444,0.35303821979452726,Qm,13,1
core,RandomForest,-0.2084925055965634,0.45670418113483746,0.5730830245651076,0.09183392944810913,Qm,13,1
core,GradientBoosting,-0.3340162892181442,0.4524464690990226,0.6021104016830594,0.34680597707748995,Qm,13,1
rheology_enhanced,LinearRegression,-65.58645592327916,1.2230586033692734,4.25391211878032,0.6869501466275659,Qm,13,1
engineered,LinearRegression,0.7203399900925838,0.28183625643988325,0.38172062894608705,0.875,Qm,13,2
rheology_enhanced,SVR_RBF,0.638618260887795,0.27528130664274886,0.4339238769733423,0.9244868035190615,Qm,13,2
engineered,SVR_RBF,0.6139375964888784,0.27633831998725045,0.4484966479034742,0.910190615835777,Qm,13,2
core,SVR_RBF,0.5573152677573727,0.30369012997205,0.4802614395496125,0.8918621700879765,Qm,13,2
rheology_enhanced,XGBoost,0.4526175589607614,0.3611122787296772,0.5340425701834836,0.7905783187818257,Qm,13,2
engineered,XGBoost,0.4427000471627526,0.36707191906124353,0.5388587626466644,0.7638163353498417,Qm,13,2
rheology_enhanced,GradientBoosting,0.42173859509680867,0.3632147105146818,0.5488991394143771,0.7639296187683283,Qm,13,2
engineered,GradientBoosting,0.4039900802596631,0.3969193937153296,0.5572591271714734,0.7305718475073313,Qm,13,2
rheology_enhanced,LinearRegression,0.25104606830790965,0.3674503355912495,0.6246805713794842,0.8508064516129031,Qm,13,2
rheology_enhanced,RandomForest,0.23243370929297413,0.4596011188409391,0.6323949498952541,0.6491935483870966,Qm,13,2
core,GradientBoosting,0.17821217023054903,0.479388668046495,0.6543502897079954,0.6813307699772887,Qm,13,2
engineered,RandomForest,0.10973526604559836,0.47736379385747363,0.68106730364801,0.5417888563049853,Qm,13,2
core,LinearRegression,0.09353900597007714,0.5380318088271414,0.6872345842485792,0.5494868035190614,Qm,13,2
core,XGBoost,0.0876249649504599,0.5157035165280104,0.689472808415692,0.6081935686802916,Qm,13,2
core,RandomForest,0.0466290695711119,0.5015524234044314,0.7047927032503998,0.5414222873900293,Qm,13,2
core,SVR_RBF,0.544392203050931,0.2546825701427688,0.4547003698201195,0.875,Qm,13,3
engineered,SVR_RBF,0.5235959053973847,0.28166990069055986,0.46496201673810966,0.8786656891495599,Qm,13,3
rheology_enhanced,SVR_RBF,0.5170849740664053,0.2862928131004274,0.4681285116982078,0.8709677419354838,Qm,13,3
rheology_enhanced,XGBoost,0.48413073951465024,0.3286939880698919,0.4838375368805464,0.7341215318157227,Qm,13,3
rheology_enhanced,GradientBoosting,0.4737038037284098,0.3181169150945592,0.48870282464194653,0.7316715542521994,Qm,13,3
engineered,XGBoost,0.4654401765883567,0.34550327585637575,0.4925245592101279,0.7111436950146627,Qm,13,3
engineered,LinearRegression,0.3782027454576705,0.3129746873476555,0.5311951898085323,0.6462609970674486,Qm,13,3
engineered,GradientBoosting,0.2958268571666376,0.39407397603149985,0.5652876040643204,0.5890762463343108,Qm,13,3
rheology_enhanced,LinearRegression,0.2825467254662586,0.3472995367589911,0.5705931381936874,0.6554252199413488,Qm,13,3
engineered,RandomForest,0.27962880234151555,0.41618250682043634,0.5717522781315633,0.562683284457478,Qm,13,3
rheology_enhanced,RandomForest,0.24152906105380567,0.4369624899966932,0.5866771941377588,0.5289589442815249,Qm,13,3
core,LinearRegression,0.17854143514167187,0.5003178957049228,0.6105518684561073,0.5692815249266862,Qm,13,3
core,RandomForest,0.09324075429102918,0.4443471901455026,0.6414690836016113,0.30158585795262677,Qm,13,3
core,XGBoost,0.05823053082308627,0.4825604827553034,0.6537354517102236,0.3980199985502448,Qm,13,3
core,GradientBoosting,0.009395131026365133,0.4766669966777145,0.6704709455783101,0.4741909364122096,Qm,13,3
engineered,LinearRegression,0.7605701170430705,0.23332287536445212,0.3257567099882283,0.8533724340175952,Qm,13,4
engineered,SVR_RBF,0.6755587522973323,0.24345790951178345,0.37920340204211994,0.8885630498533723,Qm,13,4
rheology_enhanced,XGBoost,0.5989827336583631,0.31484153331816195,0.4215855623800145,0.7176244187412121,Qm,13,4
rheology_enhanced,SVR_RBF,0.5595654699352153,0.2646276653667996,0.44181949374604196,0.8760997067448679,Qm,13,4
engineered,XGBoost,0.5459095262851175,0.3113381307721138,0.44861665107610027,0.6864632051560252,Qm,13,4
core,SVR_RBF,0.5357472372843997,0.27701581127368186,0.4536087693850567,0.846407624633431,Qm,13,4
rheology_enhanced,GradientBoosting,0.5260482813173346,0.3522133939343443,0.45832257027085,0.5917506973857551,Qm,13,4
engineered,GradientBoosting,0.444523244702798,0.360893081255359,0.4961775822088559,0.563782991202346,Qm,13,4
rheology_enhanced,RandomForest,0.3364413523876464,0.38971654921236165,0.5423053016819743,0.547887455330136,Qm,13,4
engineered,RandomForest,0.29780895291653187,0.38000390670093803,0.5578684971621856,0.5359237536656891,Qm,13,4
core,LinearRegression,0.23166816776223764,0.4579052028869391,0.5835507167093944,0.56341642228739,Qm,13,4
core,RandomForest,0.1954090585303523,0.41817267947330433,0.5971614486192319,0.41290798522455824,Qm,13,4
core,XGBoost,-0.03908885556434538,0.47431866951286794,0.678626066222524,0.5372204248259129,Qm,13,4
core,GradientBoosting,-0.33900350277792546,0.514041952458648,0.7703623513643075,0.5620244470624217,Qm,13,4
rheology_enhanced,LinearRegression,-1.3066162587744565,0.5117542748276023,1.011094779407262,0.6477272727272727,Qm,13,4
engineered,SVR_RBF,0.9417428721792934,0.12940799681608264,0.1717092157228698,0.9563782991202344,Qm,13,5
rheology_enhanced,SVR_RBF,0.9408154348302621,0.1284645772106785,0.1730706004920237,0.9552785923753665,Qm,13,5
core,SVR_RBF,0.8785824054075391,0.17442039269654327,0.2478904993567447,0.9200879765395894,Qm,13,5
engineered,LinearRegression,0.8400896710632376,0.19857074514332376,0.284483661007594,0.9061583577712609,Qm,13,5
rheology_enhanced,LinearRegression,0.8141601922884801,0.19271899421595984,0.3066821107519754,0.9310850439882697,Qm,13,5
rheology_enhanced,GradientBoosting,0.7391085535583954,0.2836648067774019,0.36336993418415847,0.8673020527859236,Qm,13,5
rheology_enhanced,XGBoost,0.6982059119459708,0.2916512582600117,0.39081788841935255,0.8166070971882758,Qm,13,5
engineered,XGBoost,0.6808803547813849,0.29146087789535524,0.401879487885834,0.8356704278521547,Qm,13,5
engineered,GradientBoosting,0.654554910008915,0.30165646215527564,0.4181273558158881,0.8203812316715542,Qm,13,5
rheology_enhanced,RandomForest,0.517489716472185,0.37404252120535714,0.49416542579154943,0.7346041055718474,Qm,13,5
engineered,RandomForest,0.4874036286723249,0.3734305856068122,0.5093388854992966,0.7573313782991201,Qm,13,5
core,GradientBoosting,0.35231030395908713,0.42594917981537944,0.5725356894501629,0.6619615143308433,Qm,13,5
core,RandomForest,0.308062389014373,0.4394557787285051,0.5917694469928648,0.5368893799471289,Qm,13,5
core,XGBoost,0.261003276545992,0.44511696471087636,0.6115617663541423,0.5951791794770666,Qm,13,5
core,LinearRegression,0.24141145556290722,0.48802737159184234,0.619615409605056,0.628299120234604,Qm,13,5
engineered,LinearRegression,0.9249058623117548,0.1462619172558095,0.19511703805436656,0.9318181818181818,Qm,14,1
engineered,SVR_RBF,0.8337886891353005,0.19616966051211487,0.29028357608613864,0.8629032258064515,Qm,14,1
rheology_enhanced,SVR_RBF,0.8191333175827067,0.20570867760732886,0.30281087180619337,0.8519061583577712,Qm,14,1
core,SVR_RBF,0.751754686190352,0.2276257801185848,0.35475841573811756,0.8262463343108504,Qm,14,1
engineered,GradientBoosting,0.7119869498810323,0.2863135140379275,0.38211867269143224,0.7539180675051355,Qm,14,1
rheology_enhanced,GradientBoosting,0.6931088804498559,0.30100973530459946,0.39444307703815634,0.6992942931028668,Qm,14,1
engineered,XGBoost,0.6683700889395512,0.291401580132544,0.41003320185714875,0.7843460760647883,Qm,14,1
rheology_enhanced,XGBoost,0.6648113422658917,0.30016907764971257,0.4122273803680959,0.7275226865859185,Qm,14,1
engineered,RandomForest,0.42751224625667894,0.39597595151289655,0.538735107327935,0.7030791788856303,Qm,14,1
rheology_enhanced,RandomForest,0.40591113147662994,0.41542300958994693,0.5488047793414925,0.6623900293255132,Qm,14,1
core,LinearRegression,0.30059905540354226,0.48771339217284565,0.5954636902892818,0.6693548387096774,Qm,14,1
core,RandomForest,0.04099707761688265,0.5268761374834656,0.6972718664092767,0.46517595307917886,Qm,14,1
core,GradientBoosting,-0.057567843969661414,0.5564051548082658,0.7322279391749447,0.4505957912559437,Qm,14,1
core,XGBoost,-0.1752921113785515,0.6036817814595998,0.7719071929411779,0.3728005865102639,Qm,14,1
rheology_enhanced,LinearRegression,-17.820185141556443,1.0742473688679164,3.0889019511907074,0.7085777126099706,Qm,14,1
engineered,SVR_RBF,0.5312452901803694,0.20135325111456073,0.39766165612178944,0.8739002932551319,Qm,14,2
rheology_enhanced,SVR_RBF,0.526266351626698,0.20872366421671024,0.39976798499607813,0.8669354838709675,Qm,14,2
core,SVR_RBF,0.5032789491779949,0.20980380154156764,0.40935224591722674,0.9024926686217009,Qm,14,2
rheology_enhanced,XGBoost,0.12643065813689813,0.34950720880925656,0.5428621803679033,0.4212262871691712,Qm,14,2
rheology_enhanced,GradientBoosting,0.09963212757095363,0.34338911064350097,0.5511259869902176,0.44908807813945584,Qm,14,2
engineered,XGBoost,0.08815168852137722,0.36547476463019846,0.5546285146249103,0.4160938519904345,Qm,14,2
engineered,GradientBoosting,0.039439980403892294,0.34272595373676484,0.5692501424161801,0.4263196480938416,Qm,14,2
core,LinearRegression,0.014340485399495062,0.42242492532946413,0.5766394542846272,0.3277126099706744,Qm,14,2
core,GradientBoosting,-0.13377663657802574,0.4089189245121278,0.6184500747908438,0.32954545454545453,Qm,14,2
core,RandomForest,-0.1502098845313864,0.47080763752480187,0.6229159372876782,0.02511457420751191,Qm,14,2
rheology_enhanced,RandomForest,-0.15384752702061721,0.4353009701554233,0.6239001736319826,0.12353372434017595,Qm,14,2
engineered,RandomForest,-0.16338655551151593,0.43606754075727516,0.6264738030310117,0.13709677419354838,Qm,14,2
core,XGBoost,-0.1974182194150811,0.437939595580101,0.6355706381804596,0.23902483832402058,Qm,14,2
engineered,LinearRegression,-1.060284516685277,0.37032338923488595,0.8336898115971368,0.629032258064516,Qm,14,2
rheology_enhanced,LinearRegression,-1.4049623977663472,0.42072261553026724,0.9007308548818206,0.6264662756598239,Qm,14,2
rheology_enhanced,LinearRegression,0.8398745905946498,0.1665147428002817,0.2452603842811389,0.9409824046920819,Qm,14,3
engineered,SVR_RBF,0.8355332888323532,0.1707890695590936,0.24856288544590519,0.9402492668621699,Qm,14,3
engineered,LinearRegression,0.835151644575156,0.18576527128424924,0.24885111285925565,0.9266862170087976,Qm,14,3
rheology_enhanced,SVR_RBF,0.7659013330613476,0.19321528680339983,0.2965491941013252,0.9314516129032256,Qm,14,3
core,SVR_RBF,0.7102568450394668,0.2276441896904345,0.32991637381359545,0.787390029325513,Qm,14,3
engineered,XGBoost,0.6346261944437446,0.27929443202912807,0.3704810357376027,0.8174486803519062,Qm,14,3
rheology_enhanced,XGBoost,0.6247416633353977,0.27406475801765917,0.3754589423491043,0.7722481931434806,Qm,14,3
engineered,GradientBoosting,0.6202013691414845,0.2688925239057375,0.3777234739086697,0.7936217008797654,Qm,14,3
rheology_enhanced,GradientBoosting,0.524793564840596,0.2847916175815422,0.4225114029416257,0.658724340175953,Qm,14,3
engineered,RandomForest,0.35420876175925287,0.3715123229993384,0.49254209356777356,0.5762463343108504,Qm,14,3
rheology_enhanced,RandomForest,0.32178685195372225,0.3759838869460977,0.5047547101285708,0.44354838709677413,Qm,14,3
core,RandomForest,0.31583439143540404,0.39747854311342573,0.5069649067374562,0.4199816752511664,Qm,14,3
core,LinearRegression,0.27276213898359014,0.43961926703677306,0.5226795616543817,0.6206011730205278,Qm,14,3
core,XGBoost,0.22071627933999904,0.4320545994341374,0.541059565910573,0.48028615374076755,Qm,14,3
core,GradientBoosting,0.17348097335243473,0.430281769997092,0.5572161632861716,0.6204620879218051,Qm,14,3
engineered,LinearRegression,0.8858733456462254,0.1892664136734928,0.24194468400932242,0.9607771260997068,Qm,14,4
engineered,SVR_RBF,0.8832593720327959,0.1575427646257341,0.24469976586842704,0.966642228739003,Qm,14,4
rheology_enhanced,SVR_RBF,0.8660721612503679,0.16988342708659696,0.2620945386484198,0.971041055718475,Qm,14,4
core,SVR_RBF,0.8342354367082397,0.1978061342577211,0.29158715475665586,0.9310850439882697,Qm,14,4
rheology_enhanced,GradientBoosting,0.7277685193357135,0.27483376934775944,0.3736729958374263,0.7683284457478005,Qm,14,4
engineered,GradientBoosting,0.7220056369684691,0.2887504131494131,0.3776074343368143,0.720307917888563,Qm,14,4
engineered,XGBoost,0.6718624854979327,0.3124833095818758,0.41025178878252305,0.7190908287922796,Qm,14,4
rheology_enhanced,XGBoost,0.6636660991692388,0.3045744789391756,0.41534392570422535,0.7415689149560116,Qm,14,4
rheology_enhanced,RandomForest,0.485360693712941,0.38617676376488086,0.5137762419521624,0.68841642228739,Qm,14,4
engineered,RandomForest,0.4713074997111676,0.38035863839285716,0.520743809877716,0.6477272727272727,Qm,14,4
core,GradientBoosting,0.3404719640329703,0.45882196956040755,0.5816197858094371,0.6708211143695014,Qm,14,4
core,LinearRegression,0.2836391096424017,0.49035035944756844,0.6061616759928276,0.6473607038123167,Qm,14,4
core,XGBoost,0.2686713389177269,0.4845576473064721,0.6124615628353882,0.5777655601206386,Qm,14,4
core,RandomForest,0.2017216201875598,0.47429610367063496,0.6398817514409247,0.5293255131964809,Qm,14,4
rheology_enhanced,LinearRegression,-63.81674526943249,1.6407694083164124,5.765887320577075,0.8035190615835776,Qm,14,4
engineered,SVR_RBF,0.7540606597366559,0.22962560503166268,0.33927332878895294,0.878299120234604,Qm,14,5
rheology_enhanced,SVR_RBF,0.677173166956006,0.26543173443616785,0.38870536140629575,0.848973607038123,Qm,14,5
core,SVR_RBF,0.6539436677406518,0.2683865290402748,0.402447392885893,0.8841642228739002,Qm,14,5
engineered,XGBoost,0.3712750697461359,0.39619296906143425,0.5424579254537838,0.6202346041055717,Qm,14,5
rheology_enhanced,XGBoost,0.24962673530496038,0.4123955012708902,0.592617393576911,0.5912756598240468,Qm,14,5
rheology_enhanced,GradientBoosting,0.24124942579901587,0.41335810531590955,0.5959162583581131,0.6074046920821115,Qm,14,5
core,LinearRegression,0.19644000021037344,0.4872096373935658,0.6132603309501808,0.5681818181818181,Qm,14,5
engineered,RandomForest,0.17466918373379903,0.4590543523065478,0.6215123295921934,0.4362170087976539,Qm,14,5
rheology_enhanced,RandomForest,0.10813127409217516,0.4932345840773813,0.6460798340401739,0.4230205278592375,Qm,14,5
engineered,GradientBoosting,0.09954568269422626,0.4578962986783852,0.6491821357883104,0.5219941348973607,Qm,14,5
core,RandomForest,0.07237033076777,0.5063331433118388,0.6589053492988658,0.47603336282782316,Qm,14,5
core,GradientBoosting,0.008986877693880735,0.5189466171916277,0.6810443912205365,0.5863807191706608,Qm,14,5
core,XGBoost,0.0038229377947001097,0.5297765821926296,0.6828164680587028,0.5846012930493102,Qm,14,5
engineered,LinearRegression,-11.094938326836099,0.7266990381449464,2.379236135060404,0.9332844574780058,Qm,14,5
rheology_enhanced,LinearRegression,-37.54137521151936,1.2267183056253574,4.247166839095417,0.9167888563049852,Qm,14,5
rheology_enhanced,SVR_RBF,0.9501219500136244,0.1010867263798992,0.1262436070257962,0.9585777126099707,Qm,15,1
engineered,SVR_RBF,0.938948560891665,0.10965916766372075,0.139669833179658,0.9417155425219942,Qm,15,1
engineered,LinearRegression,0.9262488563929974,0.11018570062719565,0.15351083752395628,0.9692082111436949,Qm,15,1
core,SVR_RBF,0.8915350261391267,0.13399980025269714,0.18616559365906846,0.9380498533724339,Qm,15,1
rheology_enhanced,XGBoost,0.7580501108200517,0.21361074420064685,0.2780464633518734,0.879765395894428,Qm,15,1
rheology_enhanced,GradientBoosting,0.739599961304876,0.2272361724736281,0.2884530821747969,0.7749977119892322,Qm,15,1
engineered,XGBoost,0.6823483274419879,0.24937438136339185,0.31858860246680204,0.8016862170087976,Qm,15,1
engineered,GradientBoosting,0.6580675446702546,0.253112523204821,0.33054060985585737,0.7079094521528891,Qm,15,1
rheology_enhanced,RandomForest,0.4430181382190904,0.32279483387070096,0.4218666437882866,0.6931818181818181,Qm,15,1
engineered,RandomForest,0.3891262808565008,0.3372303861607142,0.44180475154423476,0.6348973607038122,Qm,15,1
core,GradientBoosting,0.337695791170469,0.37538787217988656,0.46002710269468133,0.5249747982822047,Qm,15,1
core,LinearRegression,0.32013080546385975,0.3770106259722109,0.4660873793227791,0.594941348973607,Qm,15,1
core,XGBoost,0.24901662956129467,0.380320681925863,0.4898575676707919,0.4468884630628544,Qm,15,1
core,RandomForest,0.15668598821415392,0.3959080436507936,0.5190979571267895,0.3676686217008797,Qm,15,1
rheology_enhanced,LinearRegression,-14.046353466784105,0.6197754695320764,2.192654939275004,0.7386363636363636,Qm,15,1
engineered,SVR_RBF,0.7697686747359364,0.2124744209750823,0.32042626238655475,0.910557184750733,Qm,15,2
core,SVR_RBF,0.6656633070871408,0.27456255126443885,0.3861338884150065,0.8372434017595306,Qm,15,2
rheology_enhanced,SVR_RBF,0.6602078869227781,0.251410665682287,0.38927144246994005,0.8944281524926685,Qm,15,2
rheology_enhanced,GradientBoosting,0.4875452360352246,0.33858246440756945,0.47805037665231404,0.6953812316715542,Qm,15,2
engineered,GradientBoosting,0.4116122280060365,0.37599808010492275,0.5122449865436705,0.6458944281524925,Qm,15,2
rheology_enhanced,XGBoost,0.40198041607062707,0.34946415789425367,0.5164206506502325,0.6484604105571847,Qm,15,2
engineered,XGBoost,0.363182445353346,0.3790812987461686,0.5329094365918046,0.6175419327558476,Qm,15,2
rheology_enhanced,RandomForest,0.24729846858086457,0.4135059134837965,0.5793717257097135,0.2752932551319648,Qm,15,2
core,GradientBoosting,0.20419884251754317,0.40353994103630314,0.5957282298130121,0.4595214565541367,Qm,15,2
engineered,RandomForest,0.19198604859504353,0.4259405436507938,0.600282008562136,0.29398826979472137,Qm,15,2
core,XGBoost,0.07791897108641377,0.4425363597422838,0.6412545220293445,0.4404511327386417,Qm,15,2
core,RandomForest,0.07175472907619296,0.4782068332506616,0.6433943902152754,0.24825817584105325,Qm,15,2
core,LinearRegression,-0.003047381354915002,0.5401799801692189,0.6688159497685023,0.3936950146627565,Qm,15,2
engineered,LinearRegression,-0.06224886573781596,0.30615785363531944,0.6882703092917959,0.81341642228739,Qm,15,2
rheology_enhanced,LinearRegression,-780.9209675878959,7.606642428953495,18.673568831962392,0.3636363636363636,Qm,15,2
engineered,LinearRegression,0.8765432807143778,0.17192436682974097,0.25241632066008785,0.9435483870967741,Qm,15,3
engineered,SVR_RBF,0.8292171067318663,0.20228046775857175,0.2968808941642041,0.9607771260997068,Qm,15,3
rheology_enhanced,SVR_RBF,0.7938492425805498,0.20487657447032406,0.3261763987016042,0.9648093841642228,Qm,15,3
rheology_enhanced,LinearRegression,0.7670265673920732,0.2009454698271454,0.34674744150437736,0.9516129032258064,Qm,15,3
core,SVR_RBF,0.7670224533172063,0.22416346554553496,0.3467505030951787,0.9186217008797654,Qm,15,3
rheology_enhanced,XGBoost,0.6299479816620104,0.32218181261420253,0.4370100801934519,0.8582164823873193,Qm,15,3
rheology_enhanced,GradientBoosting,0.614305097451885,0.30830291956071953,0.4461511487791826,0.8577712609970674,Qm,15,3
engineered,XGBoost,0.5637226161206322,0.3493759279847145,0.47450568073029137,0.8149573858808246,Qm,15,3
engineered,GradientBoosting,0.4717058093472929,0.3683918649458661,0.5221532476169014,0.7675953079178884,Qm,15,3
core,GradientBoosting,0.23056633722954134,0.4711167998023804,0.6301524910441993,0.6394133929620552,Qm,15,3
core,RandomForest,0.21477221691868897,0.45440785408399464,0.6365871894878604,0.48932076284228626,Qm,15,3
engineered,RandomForest,0.18505622606712702,0.48187532939514194,0.6485207691018411,0.533357771260997,Qm,15,3
rheology_enhanced,RandomForest,0.18176773102181487,0.4823806456266533,0.6498279207649927,0.5087976539589443,Qm,15,3
core,XGBoost,0.15406844909716177,0.5076313637793064,0.6607355553945397,0.603282359163252,Qm,15,3
core,LinearRegression,0.14154949193246025,0.545962686354037,0.6656067185205874,0.5249266862170088,Qm,15,3
rheology_enhanced,SVR_RBF,0.936049097772115,0.12295682867901242,0.17538919853815857,0.9424486803519062,Qm,15,4
engineered,SVR_RBF,0.9287222743607129,0.13580459276118792,0.18516394385505516,0.9241202346041054,Qm,15,4
engineered,LinearRegression,0.886415841540923,0.16813729182523462,0.23374287845958888,0.8691348973607038,Qm,15,4
core,SVR_RBF,0.8727080141889806,0.17744671719758892,0.24744577132757184,0.908357771260997,Qm,15,4
rheology_enhanced,LinearRegression,0.8493441725233083,0.19559419360835617,0.269198399284108,0.8823313782991202,Qm,15,4
rheology_enhanced,GradientBoosting,0.7407838873281147,0.2786296664878861,0.3531103946804076,0.7309384164222874,Qm,15,4
rheology_enhanced,XGBoost,0.7199814339532014,0.27333609986305235,0.3670057928170903,0.782258064516129,Qm,15,4
engineered,GradientBoosting,0.6623230161084107,0.2838409083856158,0.4030233750308319,0.7319219167391212,Qm,15,4
engineered,XGBoost,0.6344386100780892,0.2895546314120293,0.419333602849118,0.7412023460410556,Qm,15,4
rheology_enhanced,RandomForest,0.4062697651054553,0.40012929741236736,0.5344093995950281,0.5615835777126098,Qm,15,4
core,GradientBoosting,0.3792526661791866,0.4005606260323643,0.5464330223641163,0.5619501466275659,Qm,15,4
engineered,RandomForest,0.3012480882230276,0.41828588665674593,0.5797503374883555,0.499633431085044,Qm,15,4
core,XGBoost,0.2123428228626787,0.4645567447394133,0.6155284384851262,0.5167262417449494,Qm,15,4
core,LinearRegression,0.16761700367384313,0.4856937128234293,0.632763042452616,0.5513196480938416,Qm,15,4
core,RandomForest,0.07277841337984181,0.47897518047288357,0.667838224067461,0.31011730205278587,Qm,15,4
engineered,SVR_RBF,0.8363965162635988,0.174408208693145,0.26640524535040483,0.9219208211143693,Qm,15,5
rheology_enhanced,SVR_RBF,0.8110307164835924,0.19609839924901024,0.2863136847290257,0.9296187683284455,Qm,15,5
core,SVR_RBF,0.6879479060941042,0.24641416966831137,0.3679256353512474,0.8669354838709675,Qm,15,5
engineered,XGBoost,0.5876108705441687,0.32398640556633473,0.4229607839559579,0.7107771260997067,Qm,15,5
rheology_enhanced,XGBoost,0.5669591066753281,0.3409071197062731,0.4334220011288697,0.6931818181818181,Qm,15,5
rheology_enhanced,GradientBoosting,0.5157938776615262,0.33643931136716687,0.45831243015979645,0.7528182599668346,Qm,15,5
engineered,GradientBoosting,0.47586166713687583,0.3454948801718757,0.47683646473871877,0.7148093841642228,Qm,15,5
engineered,RandomForest,0.4067421060561246,0.4009928806630287,0.5073039697975342,0.6041055718475072,Qm,15,5
rheology_enhanced,RandomForest,0.33130662358963514,0.4228376938244045,0.5385921368637346,0.5073313782991201,Qm,15,5
core,RandomForest,0.22208476590633552,0.4428978331679897,0.5809150608748483,0.47406050292427604,Qm,15,5
core,LinearRegression,0.2116662776812257,0.46458571324986503,0.5847921716542167,0.629398826979472,Qm,15,5
core,GradientBoosting,0.1960601677950502,0.45551449857668114,0.5905521723348098,0.6263867899397169,Qm,15,5
core,XGBoost,0.10146898729101506,0.4829512447491288,0.6243283175988542,0.5570224063553322,Qm,15,5
engineered,LinearRegression,-1516.3732598550987,6.516040162472263,25.65622237330335,0.7796920821114368,Qm,15,5
rheology_enhanced,LinearRegression,-5010.0417675445,11.742795855567598,46.62410512247981,0.7247067448680351,Qm,15,5
engineered,SVR_RBF,0.8045703390516574,0.19925822288929068,0.3142535881203839,0.971774193548387,Qm,16,1
rheology_enhanced,SVR_RBF,0.7603649176354307,0.211417577895139,0.3479847445861859,0.9593108504398827,Qm,16,1
core,SVR_RBF,0.6902477361739439,0.25509907541842497,0.39563276421747456,0.9435483870967741,Qm,16,1
rheology_enhanced,GradientBoosting,0.6452758005112288,0.29587182007538143,0.42338007400293415,0.8064516129032258,Qm,16,1
rheology_enhanced,XGBoost,0.6315009233839539,0.32637633745372296,0.43152226415070627,0.7899560117302052,Qm,16,1
engineered,GradientBoosting,0.5389614991864002,0.36706329280035266,0.4826736638341907,0.7932551319648092,Qm,16,1
engineered,XGBoost,0.4198921736477448,0.38165081809461116,0.5414263251766731,0.7947214076246334,Qm,16,1
rheology_enhanced,RandomForest,0.3843998609398488,0.4323468976934523,0.5577432981140598,0.6546920821114368,Qm,16,1
engineered,RandomForest,0.33809008823167974,0.43652557184193125,0.5783416212181548,0.6528592375366569,Qm,16,1
core,LinearRegression,0.22550764119966982,0.5053727902737801,0.6255954400580762,0.5791788856304985,Qm,16,1
core,RandomForest,0.14591738871294213,0.49056404241071433,0.6569539766031722,0.5296920821114369,Qm,16,1
core,XGBoost,-0.08995494747418209,0.5482186435237527,0.7421458775143764,0.6201081503452158,Qm,16,1
core,GradientBoosting,-0.17363884763998683,0.573385498609677,0.7701090799986664,0.6813307699772887,Qm,16,1
rheology_enhanced,LinearRegression,-2228.564582060178,10.428633200901281,33.56564787290454,0.7052785923753665,Qm,16,1
engineered,LinearRegression,-2250.6644282784846,10.4585649959737,33.73159204723628,0.7082111436950146,Qm,16,1
engineered,LinearRegression,0.5517395975749013,0.2578869471336288,0.37658147538689807,0.909457478005865,Qm,16,2
engineered,SVR_RBF,0.4911511800039815,0.23158790541065688,0.4012251518899078,0.8896627565982402,Qm,16,2
rheology_enhanced,SVR_RBF,0.476320707495286,0.23077455280070724,0.407030042131183,0.8918621700879765,Qm,16,2
rheology_enhanced,LinearRegression,0.4010922959723424,0.26984975243481174,0.4352850125683841,0.8995601173020527,Qm,16,2
core,SVR_RBF,0.3928944197539208,0.26375737287745205,0.4382539878753384,0.8328445747800586,Qm,16,2
rheology_enhanced,XGBoost,0.16191348955670903,0.34654005707055335,0.5149181372448202,0.6425953079178884,Qm,16,2
engineered,XGBoost,0.09486822571219222,0.35508788511157036,0.5351181354578797,0.6224910666782008,Qm,16,2
rheology_enhanced,GradientBoosting,0.08154685708973719,0.3420988317496688,0.539041579959286,0.5887096774193548,Qm,16,2
engineered,GradientBoosting,0.037444182181936125,0.37239598378862865,0.5518318028953754,0.5718475073313782,Qm,16,2
core,LinearRegression,0.004020794296986097,0.4389656485510331,0.5613308354511128,0.3728005865102639,Qm,16,2
engineered,RandomForest,-0.11634261734766094,0.4090342418192342,0.5942819183242679,0.1942815249266862,Qm,16,2
rheology_enhanced,RandomForest,-0.14850033311336674,0.4159573243709416,0.6027806840472614,0.187316715542522,Qm,16,2
core,GradientBoosting,-0.3131164125418595,0.44707249057728926,0.6445333279504012,0.2893024217928541,Qm,16,2
core,XGBoost,-0.36664677009584046,0.4627407899051905,0.6575395860515256,0.20036663948036879,Qm,16,2
core,RandomForest,-0.3771240914224365,0.4654096306630294,0.6600552689739901,-0.05718475073313783,Qm,16,2
rheology_enhanced,SVR_RBF,0.37262072508122757,0.2605106313531754,0.45752590817718064,0.7280058651026392,Qm,16,3
engineered,SVR_RBF,0.3708066784534493,0.2627576085221254,0.45818689130943285,0.7569648093841641,Qm,16,3
core,SVR_RBF,0.359924715529933,0.2604439341439808,0.46213210083461953,0.6990469208211143,Qm,16,3
rheology_enhanced,XGBoost,0.21539249175055308,0.34180364198237656,0.5116545466126521,0.6096041055718474,Qm,16,3
core,LinearRegression,0.15410022000656176,0.3738891700837399,0.5312636035830345,0.5920087976539589,Qm,16,3
rheology_enhanced,GradientBoosting,0.1515411248149796,0.3664653532632066,0.5320666108986652,0.5465542521994133,Qm,16,3
engineered,XGBoost,0.09792613191947985,0.38250492698699234,0.5486200290516302,0.5780791788856304,Qm,16,3
rheology_enhanced,RandomForest,0.03239132780078824,0.3693831385582008,0.5681990245517377,0.406524926686217,Qm,16,3
engineered,RandomForest,-0.007173667120191185,0.3753250712218917,0.5796993174456944,0.43731671554252194,Qm,16,3
engineered,GradientBoosting,-0.10691053749698143,0.433231487652428,0.6077246731140394,0.4552785923753665,Qm,16,3
core,RandomForest,-0.15738557685291998,0.43311742377645523,0.6214263160865799,0.22804766652660452,Qm,16,3
core,XGBoost,-0.39375195658228046,0.48711106428503986,0.6819355838569032,0.27497708986326913,Qm,16,3
core,GradientBoosting,-0.4591513553662969,0.5037659870415773,0.6977515006906231,0.2527724325527794,Qm,16,3
engineered,LinearRegression,-23.317950469206473,1.0098271940570978,2.848486021454007,0.8394428152492668,Qm,16,3
rheology_enhanced,LinearRegression,-748.2721775147471,5.6400518066376275,15.811403105210493,0.7661290322580645,Qm,16,3
engineered,LinearRegression,0.9003133096153624,0.1678454768396767,0.22726693451184551,0.9065249266862169,Qm,16,4
engineered,SVR_RBF,0.8975091095921582,0.1473590520479771,0.2304412903049662,0.9527126099706745,Qm,16,4
rheology_enhanced,SVR_RBF,0.8798410236213408,0.1650057050886909,0.24951449219606897,0.9494134897360703,Qm,16,4
core,SVR_RBF,0.8604905781083796,0.17700137469421956,0.26885581537828074,0.8988269794721406,Qm,16,4
rheology_enhanced,LinearRegression,0.8294267997998603,0.20013278274120977,0.2972850460412884,0.8980938416422286,Qm,16,4
engineered,GradientBoosting,0.7144007400345989,0.2960034114947868,0.38467698553885127,0.8647360703812317,Qm,16,4
rheology_enhanced,GradientBoosting,0.6933470392001913,0.29933207790992244,0.39860362718330666,0.8222140762463344,Qm,16,4
rheology_enhanced,XGBoost,0.6856931163238918,0.3040474654883146,0.40354745388817126,0.8390762463343108,Qm,16,4
engineered,XGBoost,0.6748870600124562,0.3078292567580938,0.4104259318737729,0.8354105571847507,Qm,16,4
rheology_enhanced,RandomForest,0.45752256667947866,0.40353782969576724,0.5301618871559293,0.6579912023460409,Qm,16,4
engineered,RandomForest,0.4302972972217075,0.41424274776785736,0.5433026272234338,0.7082111436950146,Qm,16,4
core,XGBoost,0.35651098967338235,0.41920052117854356,0.5774152268799265,0.5425219941348973,Qm,16,4
core,GradientBoosting,0.33476840286696696,0.4253803121109526,0.5870892115518851,0.6367302052785923,Qm,16,4
core,RandomForest,0.2618510517600803,0.4511176986607141,0.6184287452391366,0.3627531863828502,Qm,16,4
core,LinearRegression,0.24873143233255324,0.5099275190503785,0.6239004151323632,0.6535923753665689,Qm,16,4
engineered,LinearRegression,0.9034916171106361,0.1629348803287528,0.22343726043918535,0.9204545454545453,Qm,16,5
rheology_enhanced,SVR_RBF,0.8975534770948126,0.1555332726429403,0.23020867751392252,0.9431818181818182,Qm,16,5
engineered,SVR_RBF,0.8961720972774848,0.1559066485565032,0.23175553722660558,0.937683284457478,Qm,16,5
rheology_enhanced,LinearRegression,0.8422247034375475,0.17707715149006367,0.28568838313312844,0.940615835777126,Qm,16,5
core,SVR_RBF,0.819892403426933,0.209305591740154,0.30523834770419456,0.9057917888563048,Qm,16,5
rheology_enhanced,XGBoost,0.7497244920554769,0.2947897626757622,0.35981747723799745,0.7815249266862169,Qm,16,5
engineered,XGBoost,0.7031027959389957,0.2980214429497719,0.3919007841477177,0.8149573858808246,Qm,16,5
rheology_enhanced,GradientBoosting,0.6905450170407031,0.3247153846862577,0.40010301006841925,0.7236733602018659,Qm,16,5
engineered,GradientBoosting,0.6385771330483423,0.3356882226500854,0.4323952275058081,0.7489689335827823,Qm,16,5
core,GradientBoosting,0.46179730732861335,0.3940557498436859,0.5276500840849062,0.6804142636953714,Qm,16,5
rheology_enhanced,RandomForest,0.3839216230078859,0.44101961053240724,0.564535245996557,0.6381964809384163,Qm,16,5
core,XGBoost,0.3634921782648569,0.4314402763545513,0.5738190352858967,0.656524926686217,Qm,16,5
engineered,RandomForest,0.3475393968619812,0.4384757465165044,0.580965342321395,0.6312316715542521,Qm,16,5
core,RandomForest,0.29244719843944433,0.46581843526785705,0.6049960038112392,0.5491202346041054,Qm,16,5
core,LinearRegression,0.17102492658894963,0.5075877801655466,0.6548529895391058,0.5989736070381232,Qm,16,5
engineered,LinearRegression,0.8045442041469265,0.20503037584619926,0.3144238319208155,0.878299120234604,Qm,17,1
engineered,SVR_RBF,0.7860220278195181,0.22263255909972945,0.328984709534284,0.8669354838709675,Qm,17,1
core,SVR_RBF,0.7711427751810825,0.21346712363002202,0.3402306957610091,0.8933284457478006,Qm,17,1
rheology_enhanced,SVR_RBF,0.7123987511323945,0.2500147536988018,0.38140515925278345,0.8431085043988268,Qm,17,1
rheology_enhanced,XGBoost,0.7050716919665434,0.2651505627706647,0.38623302835263795,0.8468518044915453,Qm,17,1
rheology_enhanced,GradientBoosting,0.6968990468084835,0.2714499465614604,0.3915478383949116,0.8153239883935915,Qm,17,1
engineered,XGBoost,0.6476375256340895,0.3225223857238889,0.4221686747409718,0.846407624633431,Qm,17,1
engineered,GradientBoosting,0.5341499121066082,0.36859708037220174,0.48541620491461196,0.7764641220403,Qm,17,1
engineered,RandomForest,0.464961632987981,0.3937874909474207,0.5202159247518837,0.7430351906158358,Qm,17,1
rheology_enhanced,RandomForest,0.4610544920457884,0.3819302619460977,0.5221119193589002,0.721407624633431,Qm,17,1
core,RandomForest,0.3465501265684793,0.42384096593915355,0.5749066321753292,0.5693337023269999,Qm,17,1
core,XGBoost,0.3305314642546543,0.4310260847557802,0.581910595412822,0.629089911908005,Qm,17,1
core,GradientBoosting,0.2275895054897219,0.4556191717432083,0.625050723963923,0.614665454874361,Qm,17,1
rheology_enhanced,LinearRegression,0.0667506989177239,0.3727455386533211,0.6870526456818253,0.7159090909090908,Qm,17,1
core,LinearRegression,0.06105955380885475,0.5569137049170437,0.6891443553860218,0.49010263929618764,Qm,17,1
engineered,LinearRegression,0.8518682651154137,0.16748015618419132,0.21993971336629917,0.9545454545454545,Qm,17,2
rheology_enhanced,LinearRegression,0.8254779123501382,0.17484036607941122,0.2387287916528402,0.9417155425219942,Qm,17,2
rheology_enhanced,SVR_RBF,0.722669046366522,0.19786661244982856,0.30093920727503276,0.9270527859237535,Qm,17,2
engineered,SVR_RBF,0.6813301113917865,0.22095631260652263,0.32258941607188263,0.8830645161290323,Qm,17,2
core,SVR_RBF,0.6001254598732386,0.24590130624462697,0.3613611643751467,0.8566715542521994,Qm,17,2
rheology_enhanced,GradientBoosting,0.5468601322055423,0.2885030508931381,0.3846765717331658,0.7845293773211718,Qm,17,2
engineered,XGBoost,0.5183796731538227,0.2868015193492174,0.3965810918913732,0.783724340175953,Qm,17,2
rheology_enhanced,XGBoost,0.4993293821834587,0.29149818308651443,0.40434832906339024,0.814882697947214,Qm,17,2
engineered,GradientBoosting,0.49444078005645653,0.31121116105143637,0.40631758417017977,0.7265395894428152,Qm,17,2
engineered,RandomForest,0.2952839755761887,0.3463965946180556,0.47971872815937505,0.5461876832844574,Qm,17,2
rheology_enhanced,RandomForest,0.2761253982320854,0.3544412531001986,0.48619587473290665,0.5366568914956011,Qm,17,2
core,LinearRegression,0.12731237943707774,0.4141533205689125,0.5338374136913513,0.6334310850439882,Qm,17,2
core,RandomForest,0.012347990828550426,0.40802468204365094,0.5679126936612808,0.3273760439008441,Qm,17,2
core,XGBoost,-0.01097579158795492,0.4094264056906104,0.5745793031335458,0.4100825000160887,Qm,17,2
core,GradientBoosting,-0.0871125699944526,0.4316992793704015,0.595822444302398,0.41059481429893097,Qm,17,2
engineered,LinearRegression,0.8111991039150722,0.20005159188561478,0.29593159353134607,0.9167888563049852,Qm,17,3
rheology_enhanced,SVR_RBF,0.6589991767916082,0.21731860177514462,0.39771046688657646,0.8922287390029324,Qm,17,3
engineered,SVR_RBF,0.658682127473227,0.2211739103821757,0.39789531180217524,0.8720674486803517,Qm,17,3
core,SVR_RBF,0.5625021544360308,0.2576106742305584,0.450481817446524,0.8526392961876832,Qm,17,3
engineered,XGBoost,0.48091230721899914,0.32184194202721117,0.4906927860383945,0.7352213393540233,Qm,17,3
rheology_enhanced,XGBoost,0.4235583267802875,0.34608501885831355,0.5170910157988108,0.7302052785923753,Qm,17,3
rheology_enhanced,GradientBoosting,0.3627656532974175,0.3609502225505368,0.5436744141548625,0.6834097273401782,Qm,17,3
engineered,GradientBoosting,0.31825964309105714,0.3915611934063511,0.562339782969438,0.6750985272602513,Qm,17,3
core,LinearRegression,0.24567980148432733,0.4351965578405758,0.5915169251101088,0.5835777126099706,Qm,17,3
rheology_enhanced,RandomForest,0.20322869182218217,0.39743267381779096,0.6079336046526812,0.5172287390029325,Qm,17,3
core,GradientBoosting,0.16084685824368894,0.42933976414143615,0.6238927222295106,0.6209551981067154,Qm,17,3
engineered,RandomForest,0.150148814662727,0.41642942753802914,0.6278570127037505,0.4860703812316715,Qm,17,3
core,XGBoost,0.028948335445757034,0.46848718347400425,0.6711359080220699,0.545787902203629,Qm,17,3
core,RandomForest,-0.02649969572248634,0.4698058523065476,0.690031186739435,0.39978004017230745,Qm,17,3
rheology_enhanced,LinearRegression,-87.44856317923515,1.7981232338028077,6.405229545872794,0.7100439882697946,Qm,17,3
engineered,LinearRegression,0.8193457257374119,0.22331199302113725,0.2933104650110677,0.8676686217008798,Qm,17,4
engineered,SVR_RBF,0.7939190516959695,0.21412902897362085,0.3132725626998956,0.9373167155425218,Qm,17,4
rheology_enhanced,LinearRegression,0.7791001750441396,0.24127815979223277,0.3243404564771596,0.876466275659824,Qm,17,4
rheology_enhanced,SVR_RBF,0.7593210396118627,0.23609450277530336,0.33854975292233586,0.9292521994134896,Qm,17,4
core,SVR_RBF,0.7240107069415647,0.23624455769155445,0.3625346777711819,0.9197214076246333,Qm,17,4
rheology_enhanced,XGBoost,0.7156232769055542,0.2876482447981834,0.3680022385428697,0.8412756598240468,Qm,17,4
engineered,XGBoost,0.7123228051103727,0.28184853497892615,0.37013159216373476,0.8519061583577712,Qm,17,4
rheology_enhanced,GradientBoosting,0.6906576278638409,0.2912641472111367,0.3838160604827913,0.8159824046920819,Qm,17,4
engineered,GradientBoosting,0.6812066414666239,0.29008019965463977,0.3896350974950977,0.8548387096774193,Qm,17,4
rheology_enhanced,RandomForest,0.5121902830935205,0.36170427507590774,0.4819796047736686,0.8159824046920819,Qm,17,4
engineered,RandomForest,0.4997938200531157,0.3594671197089945,0.48806533659036105,0.7543988269794721,Qm,17,4
core,LinearRegression,0.289352002147496,0.46287120860318615,0.5817423837335098,0.5964076246334311,Qm,17,4
core,RandomForest,0.14485059130902966,0.5000267559523811,0.6381524451384714,0.5480205278592375,Qm,17,4
core,GradientBoosting,0.0007104503718052824,0.516321226621789,0.6898411714208427,0.6826138787719728,Qm,17,4
core,XGBoost,-0.015317619637863045,0.514819001428783,0.6953515053654801,0.6054440498345398,Qm,17,4
engineered,SVR_RBF,0.678159757726267,0.25337442158155277,0.36208420849341955,0.844941348973607,Qm,17,5
rheology_enhanced,SVR_RBF,0.674908465108553,0.263113716520769,0.3639085351350272,0.8401759530791788,Qm,17,5
rheology_enhanced,XGBoost,0.5574129690205445,0.3435247255414724,0.42460856770238353,0.6843841642228738,Qm,17,5
rheology_enhanced,GradientBoosting,0.48945459379979106,0.36427203996989954,0.4560438439106978,0.7104756697422574,Qm,17,5
engineered,XGBoost,0.37120381031140004,0.40691153834760185,0.5061093514038361,0.6074046920821115,Qm,17,5
core,SVR_RBF,0.3628098301469157,0.3597745793980404,0.5094762514638451,0.7144428152492668,Qm,17,5
engineered,GradientBoosting,0.1235257500374638,0.43207431589873757,0.5975290055921353,0.6520025689559364,Qm,17,5
engineered,RandomForest,0.003052939340655092,0.5000736827388472,0.6372729136366946,0.3991935483870967,Qm,17,5
rheology_enhanced,RandomForest,-0.015492700191226838,0.5237175489342838,0.6431730139205564,0.28335777126099704,Qm,17,5
core,XGBoost,-0.12247350844408844,0.5375007925033569,0.6762035729555157,0.22992300775825758,Qm,17,5
core,RandomForest,-0.2099535110971582,0.5354417968336641,0.7020592297629302,0.17601761359483833,Qm,17,5
core,GradientBoosting,-0.25731066669961367,0.5585922049811265,0.7156665372672598,0.34910160029642934,Qm,17,5
core,LinearRegression,-0.33488018886129955,0.5662518227905257,0.7374126017059739,0.4010263929618768,Qm,17,5
engineered,LinearRegression,-76199.87156828963,54.15486416555839,176.1851824631315,0.6195014662756597,Qm,17,5
rheology_enhanced,LinearRegression,-85662.82269330385,58.29734602764149,186.80484522320285,0.45051319648093835,Qm,17,5
engineered,SVR_RBF,0.8331841231733761,0.18948890791611445,0.29084782318368585,0.94391495601173,Qm,18,1
rheology_enhanced,SVR_RBF,0.827326527245001,0.1879819355856196,0.2959102018166399,0.972873900293255,Qm,18,1
rheology_enhanced,GradientBoosting,0.7223058349602044,0.2635474449752549,0.3752584700740333,0.8288123167155425,Qm,18,1
rheology_enhanced,XGBoost,0.7193637657379803,0.26483973889052864,0.3772410964773667,0.8189149560117301,Qm,18,1
core,SVR_RBF,0.7069639198797845,0.2513682199578371,0.385485169631753,0.9131231671554251,Qm,18,1
engineered,GradientBoosting,0.6447684042968704,0.2844523834568543,0.424426917860724,0.8269794721407624,Qm,18,1
engineered,XGBoost,0.6198896047175466,0.2987185291945934,0.4390378873520241,0.8423753665689148,Qm,18,1
rheology_enhanced,RandomForest,0.5327556468544512,0.3710831063988093,0.4867647911603433,0.7998533724340176,Qm,18,1
engineered,RandomForest,0.472306304055063,0.37538526368220876,0.5172947602517829,0.8002199413489736,Qm,18,1
engineered,LinearRegression,0.3362088887769056,0.2754281452148339,0.5801801188808219,0.814149560117302,Qm,18,1
rheology_enhanced,LinearRegression,0.3202983529084753,0.29138605709757504,0.5870921690981301,0.81341642228739,Qm,18,1
core,LinearRegression,0.2880870433951892,0.47742566925992436,0.6008424038206832,0.6638563049853371,Qm,18,1
core,RandomForest,0.0954984140881,0.49072150065385994,0.6772543337566131,0.47002750560628137,Qm,18,1
core,GradientBoosting,0.04189366752454304,0.5165899544771786,0.6970340305738691,0.5822715409468344,Qm,18,1
core,XGBoost,0.039844193211983514,0.5180728589370847,0.6977791410891115,0.5301072334609414,Qm,18,1
engineered,SVR_RBF,0.6715228717219983,0.271359451798323,0.37375156334164167,0.7430351906158358,Qm,18,2
rheology_enhanced,SVR_RBF,0.6552988138556193,0.27996937159037427,0.3828704416373696,0.6957478005865102,Qm,18,2
core,SVR_RBF,0.5986337812249931,0.2998343018013043,0.41314343764825845,0.7470674486803518,Qm,18,2
engineered,XGBoost,0.46514234628255524,0.37012252497673037,0.4769244172830151,0.5307057834361095,Qm,18,2
rheology_enhanced,XGBoost,0.42525991386722173,0.3953065963312984,0.4943860350098698,0.5351054168739217,Qm,18,2
engineered,GradientBoosting,0.35479605085698895,0.4253217685835282,0.5238162399409217,0.4989460198757545,Qm,18,2
engineered,RandomForest,0.2807764979401195,0.4192065200066138,0.5530474389169873,0.42965814496280996,Qm,18,2
rheology_enhanced,GradientBoosting,0.2721207752324859,0.4496985259806043,0.5563653981744869,0.4444037201684907,Qm,18,2
rheology_enhanced,RandomForest,0.16068663769695402,0.48083980328207687,0.5974375550863826,0.28081752477944744,Qm,18,2
core,LinearRegression,0.035564949950424696,0.51997381515494,0.640423032918099,0.5491202346041054,Qm,18,2
core,RandomForest,-0.02168017251244403,0.5138434371279762,0.6591555800433103,0.2318973457846903,Qm,18,2
core,XGBoost,-0.1553779133838642,0.5403954073488713,0.7009587815103696,0.34433445659490247,Qm,18,2
core,GradientBoosting,-0.19003060034422092,0.5268506335744879,0.7113928809295663,0.3809698558210082,Qm,18,2
engineered,LinearRegression,-0.6991142929267193,0.40872320434690257,0.85004466674781,0.562683284457478,Qm,18,2
rheology_enhanced,LinearRegression,-1.4458690631910658,0.5191545338703667,1.0198752491795402,0.3834310850439882,Qm,18,2
engineered,SVR_RBF,0.7260035322241389,0.18224590521016487,0.34996675309454384,0.9054252199413488,Qm,18,3
core,SVR_RBF,0.6765882253431432,0.23163648550060298,0.380217603283349,0.8192815249266862,Qm,18,3
rheology_enhanced,SVR_RBF,0.5813771045099414,0.21094097034271642,0.4325793610420728,0.8878299120234603,Qm,18,3
engineered,GradientBoosting,0.5403842777428329,0.27853119689311057,0.45326453988952997,0.7711483856051798,Qm,18,3
rheology_enhanced,GradientBoosting,0.3812521411976796,0.32810519452901354,0.5259096752855899,0.736321146892324,Qm,18,3
engineered,XGBoost,0.3744146819655707,0.3293786080256104,0.5288074682728867,0.7546512725306692,Qm,18,3
engineered,LinearRegression,0.3470005603196694,0.301113253444502,0.5402698229687628,0.8368768328445746,Qm,18,3
rheology_enhanced,XGBoost,0.2905744253628203,0.34363830934464934,0.5631287838455757,0.6897626277709275,Qm,18,3
core,RandomForest,0.27457259488924235,0.421064122354497,0.569444346145116,0.34607277205195613,Qm,18,3
engineered,RandomForest,0.25721814842090596,0.36273905613425905,0.5762155155702998,0.6781524926686217,Qm,18,3
rheology_enhanced,RandomForest,0.25653749034851303,0.36834203265542326,0.576479466508034,0.6246334310850439,Qm,18,3
core,LinearRegression,0.17525737859417867,0.4790661280664454,0.6071745024144215,0.5795454545454545,Qm,18,3
core,XGBoost,0.16474391607386896,0.44065614334680137,0.6110322462156608,0.5313903422556254,Qm,18,3
core,GradientBoosting,-0.1672049746855344,0.5364933353295519,0.7223170579673693,0.5316223737356536,Qm,18,3
rheology_enhanced,LinearRegression,-45.91101205538825,1.3336609572338642,4.57922209336924,0.6788856304985337,Qm,18,3
engineered,SVR_RBF,0.603876948374575,0.26833194008615974,0.44406038738231607,0.8504398826979472,Qm,18,4
rheology_enhanced,SVR_RBF,0.5554637421739073,0.291999727221952,0.47041435931108494,0.7778592375366569,Qm,18,4
core,SVR_RBF,0.41317275013031707,0.32784827199247524,0.5404830910758688,0.689149560117302,Qm,18,4
rheology_enhanced,GradientBoosting,0.3116259944548202,0.4273092623439466,0.5853817874984885,0.5946292757079161,Qm,18,4
rheology_enhanced,XGBoost,0.28284826369876415,0.4282735109329224,0.5974925610007175,0.5614517483025114,Qm,18,4
engineered,XGBoost,0.23590156098862636,0.4539972848147154,0.6167393115409803,0.504032258064516,Qm,18,4
engineered,GradientBoosting,0.20306622854076695,0.44942392297151407,0.6298513883924749,0.533724340175953,Qm,18,4
core,LinearRegression,0.1739710006202363,0.5288097780178358,0.641245931388311,0.48057184750733134,Qm,18,4
engineered,RandomForest,-0.007261653865824558,0.5318131247106483,0.708105757889867,0.30095307917888564,Qm,18,4
core,GradientBoosting,-0.06034509029863622,0.540001398968327,0.7265250454943845,0.303758025268958,Qm,18,4
rheology_enhanced,RandomForest,-0.06683014405948096,0.559586072999339,0.72874336669004,0.21884164222873898,Qm,18,4
core,RandomForest,-0.06866683353412717,0.5661071346726195,0.7293704110623344,0.21380766893141387,Qm,18,4
core,XGBoost,-0.13706343812349853,0.5610481565780938,0.7523489565959035,0.22921062278239054,Qm,18,4
rheology_enhanced,LinearRegression,-28206.453464171,36.48104220314594,118.4974256925323,0.6151026392961876,Qm,18,4
engineered,LinearRegression,-44792.23524727469,45.89441042111804,149.32522951478492,0.6033724340175952,Qm,18,4
engineered,SVR_RBF,0.7366034177377132,0.16386825594328658,0.2881874590866475,0.9475806451612904,Qm,18,5
rheology_enhanced,SVR_RBF,0.7205595938623826,0.16783954210184587,0.29683466137036746,0.9248533724340174,Qm,18,5
engineered,LinearRegression,0.6565063138133533,0.2327808382256749,0.3291011421450206,0.876466275659824,Qm,18,5
core,SVR_RBF,0.6117858070947301,0.22586559298847125,0.34986920217169154,0.8625366568914956,Qm,18,5
rheology_enhanced,XGBoost,0.4690020946587409,0.3094843956977129,0.4091818995559586,0.7276392961876832,Qm,18,5
engineered,XGBoost,0.4332353991514444,0.3120413637906313,0.4227380782275285,0.6975806451612901,Qm,18,5
rheology_enhanced,GradientBoosting,0.4042820846934987,0.3374564945592244,0.4334014307845177,0.6448538199569819,Qm,18,5
engineered,GradientBoosting,0.374835099465033,0.35453882431070355,0.4439839836919757,0.5510035766886547,Qm,18,5
engineered,RandomForest,0.22769293305299654,0.3562084641203703,0.4934748396785948,0.5351906158357771,Qm,18,5
rheology_enhanced,RandomForest,0.21240263278411564,0.35992653654100526,0.4983358578693969,0.5373900293255132,Qm,18,5
core,RandomForest,0.19196809436233953,0.3669966841292388,0.5047592250896261,0.44322243793518534,Qm,18,5
core,XGBoost,0.14079526516669794,0.39081960860267284,0.5204971322129086,0.4374771104555044,Qm,18,5
core,GradientBoosting,0.07554354054855583,0.3867535300582924,0.5398998923406892,0.4563204865921507,Qm,18,5
core,LinearRegression,-0.035674153132911,0.4653502218579436,0.571454397580465,0.4607771260997067,Qm,18,5
rheology_enhanced,LinearRegression,-4.477542611614196,0.6392418899438936,1.3142043264467562,0.6330645161290323,Qm,18,5
engineered,LinearRegression,0.6200801910348206,0.21728531491721936,0.31347387886837985,0.8541055718475072,Qm,19,1
engineered,SVR_RBF,0.4498010269967754,0.25540843043181255,0.3772378633852282,0.8544721407624631,Qm,19,1
rheology_enhanced,SVR_RBF,0.42836439230790846,0.2643839690776458,0.38451653977708866,0.8361436950146626,Qm,19,1
core,SVR_RBF,0.2663078624401929,0.2929196401061741,0.4356245243598745,0.7137096774193548,Qm,19,1
rheology_enhanced,LinearRegression,0.18960129291244343,0.3009908175599325,0.45783053909389837,0.7719941348973607,Qm,19,1
core,LinearRegression,0.16297055372813007,0.3729289346878737,0.46529218365473085,0.5252932551319648,Qm,19,1
rheology_enhanced,XGBoost,-0.015118686019315097,0.3489528942704201,0.5124055202268808,0.5414222873900293,Qm,19,1
engineered,RandomForest,-0.06412340229951496,0.3764030849341635,0.52462790361783,0.4127565982404692,Qm,19,1
rheology_enhanced,RandomForest,-0.07221856016389294,0.38207916102994266,0.5266196365636358,0.3519061583577712,Qm,19,1
engineered,XGBoost,-0.15942827872520815,0.3911185242086649,0.5476175186641946,0.49853372434017584,Qm,19,1
rheology_enhanced,GradientBoosting,-0.3499120739661492,0.40726725257203034,0.5908920264539829,0.49486803519061573,Qm,19,1
core,RandomForest,-0.35026876207306845,0.4772799644510586,0.5909700871816506,0.025295573380916283,Qm,19,1
engineered,GradientBoosting,-0.3610339805863929,0.41119088021347416,0.5933212087718878,0.5010997067448679,Qm,19,1
core,GradientBoosting,-0.6562156635259357,0.4973552192008729,0.6545063019383007,0.20166835486193888,Qm,19,1
core,XGBoost,-0.658810719453232,0.5134283451661468,0.6550188606879511,0.13200110500054182,Qm,19,1
engineered,LinearRegression,0.8333103921158531,0.21569165778931731,0.2918970312636347,0.910557184750733,Qm,19,2
engineered,SVR_RBF,0.8223154910813342,0.18485966216882915,0.30137012531984647,0.9413489736070381,Qm,19,2
rheology_enhanced,SVR_RBF,0.8000583734065441,0.19235144805486074,0.31968850891543676,0.9296187683284455,Qm,19,2
core,SVR_RBF,0.7992297102085928,0.22138750225174858,0.3203503025303294,0.9090909090909091,Qm,19,2
rheology_enhanced,GradientBoosting,0.7154457128692906,0.2838821200634562,0.3813800594436197,0.7701612903225805,Qm,19,2
engineered,GradientBoosting,0.7153451018082345,0.29229470521608625,0.3814474765640554,0.7543988269794721,Qm,19,2
engineered,XGBoost,0.6560722404833086,0.3172162735015154,0.4192847152872855,0.7895894428152492,Qm,19,2
rheology_enhanced,XGBoost,0.6525089492470453,0.3136250638514757,0.4214511349265205,0.7598973607038123,Qm,19,2
rheology_enhanced,RandomForest,0.48054940968855087,0.425056845982143,0.5152850442831342,0.690982404692082,Qm,19,2
engineered,RandomForest,0.4597940478878687,0.41287975669642873,0.5254786772890835,0.6847507331378299,Qm,19,2
core,GradientBoosting,0.3546136506205749,0.38873630134426834,0.5743614764399947,0.6125366568914955,Qm,19,2
core,RandomForest,0.31206787459470153,0.44890620014880966,0.5929911487673513,0.5266245095896558,Qm,19,2
core,XGBoost,0.2587828971536895,0.42000295432005075,0.6155284505095743,0.5707478005865102,Qm,19,2
core,LinearRegression,0.23657895596572143,0.5113351806136042,0.6246798238845379,0.6217008797653958,Qm,19,2
rheology_enhanced,LinearRegression,-196.9155220169447,2.583598518240015,10.058085975862387,0.8903958944281525,Qm,19,2
rheology_enhanced,SVR_RBF,0.6980173813215347,0.23440265305963176,0.3673067870564759,0.8830645161290323,Qm,19,3
engineered,SVR_RBF,0.6624550971668732,0.24079346831388052,0.3883325163470931,0.8746334310850439,Qm,19,3
core,SVR_RBF,0.5211139783953221,0.2990374789022625,0.46254507388047106,0.8423753665689148,Qm,19,3
engineered,XGBoost,0.42000881068456153,0.3663724970072508,0.5090362114459102,0.6792521994134897,Qm,19,3
rheology_enhanced,XGBoost,0.4125268053203871,0.371816973388195,0.5123090260678093,0.6315982404692081,Qm,19,3
rheology_enhanced,GradientBoosting,0.3704478230726609,0.37206564812121395,0.5303393412810721,0.6260997067448679,Qm,19,3
engineered,GradientBoosting,0.3419131139022068,0.3974431048514443,0.5422250757928172,0.5986070381231672,Qm,19,3
core,LinearRegression,0.14537060454613793,0.5217235511539364,0.6179123752195241,0.41495601173020524,Qm,19,3
engineered,RandomForest,0.13612425351304058,0.42246201099536995,0.6212460214700404,0.3277126099706744,Qm,19,3
rheology_enhanced,RandomForest,0.12828241521943407,0.46573841918816106,0.6240593340381757,0.3804985337243401,Qm,19,3
core,GradientBoosting,0.05989106626945184,0.44626936152528457,0.6480776878370489,0.46122823873065677,Qm,19,3
core,XGBoost,-0.032538605914181895,0.47970334116369484,0.6791897594283339,0.38151986042517705,Qm,19,3
core,RandomForest,-0.08946232256382114,0.5453157951388893,0.6976604239810912,0.2504124698354837,Qm,19,3
engineered,LinearRegression,-0.5380508504652937,0.4038767208435987,0.8289404393518229,0.7943548387096774,Qm,19,3
rheology_enhanced,LinearRegression,-0.6191644390033613,0.40660670058104076,0.8505179003269291,0.656891495601173,Qm,19,3
engineered,LinearRegression,0.862858734904418,0.1894137991923914,0.26643241109922694,0.9193548387096774,Qm,19,4
engineered,SVR_RBF,0.8393189985419653,0.18575351995167208,0.2883933515504066,0.9255865102639295,Qm,19,4
rheology_enhanced,SVR_RBF,0.8031578117877254,0.20405331577111888,0.31919940372399935,0.9127565982404691,Qm,19,4
engineered,XGBoost,0.7204183661336919,0.29076742853969334,0.38041470695296115,0.810483870967742,Qm,19,4
engineered,GradientBoosting,0.7044523934582232,0.3178740258894571,0.39112601445864864,0.814149560117302,Qm,19,4
core,SVR_RBF,0.6041041683995484,0.31096202218051855,0.452682227051249,0.8038856304985336,Qm,19,4
rheology_enhanced,XGBoost,0.538575564884761,0.3549002042263746,0.4887123048545769,0.7096774193548386,Qm,19,4
rheology_enhanced,GradientBoosting,0.5023461634914884,0.37162668171761554,0.5075357720232059,0.7155425219941348,Qm,19,4
engineered,RandomForest,0.3916238439267865,0.41612453488756607,0.5611630558489228,0.6858504398826979,Qm,19,4
rheology_enhanced,RandomForest,0.21546194192839363,0.47637494237764544,0.6372502101156546,0.5700146627565982,Qm,19,4
core,GradientBoosting,0.07504341904696243,0.4874040172916591,0.6919323769491695,0.6333638969850632,Qm,19,4
core,LinearRegression,0.05555559648225783,0.5618263335083196,0.6991835115085462,0.6411290322580644,Qm,19,4
rheology_enhanced,LinearRegression,-0.01400915543002057,0.34657991642791397,0.7244758571838051,0.7672287390029324,Qm,19,4
core,RandomForest,-0.019087258478789115,0.5061507701832312,0.7262876596338923,0.45165429572882415,Qm,19,4
core,XGBoost,-0.02847512437567623,0.5149288385137916,0.7296252837802533,0.5990285058611191,Qm,19,4
engineered,LinearRegression,0.7355757863988089,0.26325777420240715,0.3529699879411439,0.811217008797654,Qm,19,5
engineered,SVR_RBF,0.6574937204988323,0.2556756077281346,0.4017181356668321,0.8618035190615836,Qm,19,5
rheology_enhanced,GradientBoosting,0.6163987379229294,0.3296050733037428,0.4251353157547155,0.7843460760647883,Qm,19,5
rheology_enhanced,SVR_RBF,0.610864855046985,0.2623112404658793,0.42819086460762457,0.8695014662756597,Qm,19,5
rheology_enhanced,XGBoost,0.5978877142777137,0.3343268039524555,0.4352721098399962,0.7473192222753311,Qm,19,5
core,SVR_RBF,0.5706554253570681,0.29984746247911565,0.44976966318430894,0.8115835777126099,Qm,19,5
engineered,XGBoost,0.5486122434587923,0.3560154255926609,0.4611710715270017,0.6878093607779905,Qm,19,5
engineered,GradientBoosting,0.4957543474120901,0.3706069285439248,0.4874255054086333,0.7533681637359849,Qm,19,5
rheology_enhanced,RandomForest,0.19054649458893935,0.46651704980985437,0.6175656380920808,0.3823313782991202,Qm,19,5
engineered,RandomForest,0.14911926154847943,0.48139916025959006,0.6331717293081934,0.4032258064516129,Qm,19,5
core,LinearRegression,0.10989492734717099,0.5001933481864599,0.6476014424469134,0.49816715542521983,Qm,19,5
rheology_enhanced,LinearRegression,0.0787302025423039,0.3717357471562697,0.6588409522391511,0.8005865102639296,Qm,19,5
core,RandomForest,0.01458747280392092,0.5016430437597703,0.6813907111532972,0.3199780294042172,Qm,19,5
core,GradientBoosting,-0.12393861778156423,0.5372949452983828,0.7277102064905006,0.5103106977715286,Qm,19,5
core,XGBoost,-0.1444391482859364,0.5301124252229928,0.7343168977865562,0.48047663502108556,Qm,19,5
engineered,SVR_RBF,0.8322137817487252,0.19586463851932653,0.28535660584496375,0.9303519061583577,Qm,20,1
rheology_enhanced,SVR_RBF,0.8036769896298852,0.2150173956731426,0.3086706882485755,0.9369501466275659,Qm,20,1
rheology_enhanced,GradientBoosting,0.7393243477251873,0.27577373688876544,0.3556804725576862,0.8413527668000417,Qm,20,1
core,SVR_RBF,0.7377069931939235,0.24715427100340406,0.3567821709291743,0.9068914956011729,Qm,20,1
rheology_enhanced,XGBoost,0.7239127446009648,0.2754251183271408,0.36604372614542446,0.8365869341340719,Qm,20,1
engineered,GradientBoosting,0.7067002157592066,0.28533343985142595,0.377281629922951,0.7705984818360294,Qm,20,1
engineered,XGBoost,0.7065181479879934,0.2735302538871765,0.37739871178322987,0.7892228739002932,Qm,20,1
rheology_enhanced,RandomForest,0.4124697945252127,0.41329170320767217,0.5339798726008276,0.655791788856305,Qm,20,1
engineered,RandomForest,0.395010331287186,0.3952138270089287,0.5418558507519703,0.6110703812316716,Qm,20,1
core,GradientBoosting,0.26350047471570115,0.43954619031807673,0.5978552172583635,0.6038496893397389,Qm,20,1
core,LinearRegression,0.2460320494985574,0.48818408312884964,0.6049036855531933,0.5898093841642228,Qm,20,1
core,XGBoost,0.20294406032651047,0.4590108611732721,0.6219481626139903,0.5276861374228591,Qm,20,1
core,RandomForest,0.16039436927009665,0.4821950181878308,0.6383332386000599,0.380533408252045,Qm,20,1
engineered,LinearRegression,-1.1919411702452374,0.39219323617361423,1.0313931313081617,0.7342375366568914,Qm,20,1
rheology_enhanced,LinearRegression,-2.3310878656698604,0.4422651253827067,1.2714603813120524,0.719941348973607,Qm,20,1
rheology_enhanced,SVR_RBF,0.9141814811135379,0.15921615575174247,0.21444491508410837,0.9446480938416421,Qm,20,2
engineered,SVR_RBF,0.8992161528335185,0.17283024916138084,0.2323917527282735,0.9266862170087976,Qm,20,2
engineered,LinearRegression,0.8905694035475179,0.1617503575806012,0.24215566222577906,0.9244868035190615,Qm,20,2
core,SVR_RBF,0.859503100865596,0.19876613260180068,0.27438389375155836,0.9164222873900291,Qm,20,2
rheology_enhanced,GradientBoosting,0.7607173898858788,0.26430826594087226,0.3580806176311364,0.782624633431085,Qm,20,2
engineered,XGBoost,0.7564599177282813,0.2559693448841572,0.36125217410040245,0.8900293255131964,Qm,20,2
engineered,GradientBoosting,0.747663314900306,0.27879371920449475,0.3677184679427078,0.845674486803519,Qm,20,2
rheology_enhanced,XGBoost,0.7335274940537931,0.27372149800509216,0.37787786097190545,0.8119501466275659,Qm,20,2
rheology_enhanced,RandomForest,0.5005611133686352,0.39433977595899466,0.5173285208187013,0.7598973607038123,Qm,20,2
engineered,RandomForest,0.4699676966425832,0.4027173838872353,0.5329376649120684,0.7756598240469207,Qm,20,2
core,LinearRegression,0.41410528274566083,0.464122019867353,0.5603185962086349,0.6594574780058651,Qm,20,2
core,GradientBoosting,0.334549339193163,0.45046928271791864,0.5971496410502454,0.6501695563921019,Qm,20,2
core,RandomForest,0.28034359663802466,0.45628451219411387,0.6209946265568337,0.4789661829299583,Qm,20,2
core,XGBoost,0.2512997051486726,0.4598057998558507,0.6334017330827715,0.6363636363636362,Qm,20,2
rheology_enhanced,LinearRegression,-25.648873609952403,1.1054337473615266,3.7788936857981654,0.8398093841642228,Qm,20,2
engineered,LinearRegression,0.6159891606962382,0.26178991073500746,0.3804180733263326,0.9035923753665688,Qm,20,3
rheology_enhanced,SVR_RBF,0.3934690581469159,0.2757646872200094,0.47809684817855286,0.8856304985337244,Qm,20,3
core,SVR_RBF,0.3860217438779796,0.30193806038047544,0.48102305875836043,0.8332111436950146,Qm,20,3
engineered,SVR_RBF,0.3855681208515983,0.28177184616221973,0.4812007220915881,0.87316715542522,Qm,20,3
rheology_enhanced,LinearRegression,0.3346290919459468,0.30633675336661736,0.5007503993073434,0.8951612903225805,Qm,20,3
rheology_enhanced,XGBoost,0.312458926649387,0.2984969592988491,0.5090245445715417,0.785190615835777,Qm,20,3
rheology_enhanced,GradientBoosting,0.2364646090371081,0.3336062208216154,0.5364187948851551,0.7685821680158115,Qm,20,3
engineered,GradientBoosting,0.1869306460080845,0.3535751279446433,0.5535453363194228,0.6978278830517993,Qm,20,3
engineered,XGBoost,0.1852318532138829,0.34210662937909364,0.5541233117097997,0.6847507331378299,Qm,20,3
rheology_enhanced,RandomForest,0.12319583384953237,0.3745740636160715,0.5748316900578112,0.5575513196480938,Qm,20,3
core,LinearRegression,0.10490554006222141,0.42258249875995113,0.5807962915466325,0.5560850439882697,Qm,20,3
engineered,RandomForest,0.06638800723003369,0.3832994523396165,0.5931610305247044,0.5546187683284457,Qm,20,3
core,RandomForest,-0.12461649638046413,0.44354615385251317,0.651015943929581,0.38489736070381225,Qm,20,3
core,GradientBoosting,-0.15510514117038077,0.4706755908607959,0.6597815373483157,0.5110439027970624,Qm,20,3
core,XGBoost,-0.24301330839237134,0.4875596106052399,0.6844272452665409,0.4574780058651026,Qm,20,3
engineered,LinearRegression,0.8306856991230264,0.17515512557177004,0.24347200791160667,0.8654692082111435,Qm,20,4
rheology_enhanced,SVR_RBF,0.804230680530005,0.17002103792702092,0.26180294772850354,0.8955278592375364,Qm,20,4
engineered,SVR_RBF,0.8037144127268481,0.16675368707698932,0.2621479237484315,0.8885630498533723,Qm,20,4
core,SVR_RBF,0.7071988376073373,0.21075315817980086,0.3201758821670801,0.8680351906158357,Qm,20,4
rheology_enhanced,LinearRegression,0.6745523713008481,0.23449667843538247,0.33755362192117483,0.6986803519061583,Qm,20,4
rheology_enhanced,GradientBoosting,0.6687815069845827,0.2398015738719894,0.3405332356681939,0.8394428152492668,Qm,20,4
rheology_enhanced,XGBoost,0.6633255728663099,0.2550197418704629,0.3433264646462461,0.796810561498863,Qm,20,4
engineered,XGBoost,0.5960981366425013,0.27899987386912106,0.37604528259038933,0.7044267282816036,Qm,20,4
engineered,GradientBoosting,0.5090717218765275,0.30363487102011233,0.4145827623685083,0.5509530791788856,Qm,20,4
rheology_enhanced,RandomForest,0.47097561741696514,0.32554587454530426,0.4303680883332556,0.7181085043988269,Qm,20,4
engineered,RandomForest,0.42059186396599324,0.3425651052000662,0.45039598580642853,0.6532258064516129,Qm,20,4
core,XGBoost,0.2814656235044256,0.39465329474955796,0.501563578063332,0.6004216928844089,Qm,20,4
core,RandomForest,0.2688503234524452,0.3907536113591271,0.5059473932170776,0.49220899085525177,Qm,20,4
core,GradientBoosting,0.20007359142275327,0.41363218320220596,0.5292090152169242,0.621757861652667,Qm,20,4
core,LinearRegression,0.1704203494902442,0.43363844642613714,0.5389286375307003,0.5472873900293254,Qm,20,4
engineered,LinearRegression,0.9075819738650921,0.14100544442572938,0.20341895134215565,0.9648093841642228,Qm,20,5
rheology_enhanced,LinearRegression,0.8466569660534009,0.16440118647827212,0.26202642568262563,0.9655425219941348,Qm,20,5
engineered,SVR_RBF,0.6786414911332213,0.21271063522768466,0.379321944849401,0.9468475073313781,Qm,20,5
rheology_enhanced,SVR_RBF,0.5582377269839442,0.24644767409345777,0.4447412155795133,0.9215542521994134,Qm,20,5
core,SVR_RBF,0.5567218088373223,0.25143186806424955,0.4455036323074927,0.8845307917888563,Qm,20,5
engineered,XGBoost,0.3562486550820503,0.3741199131682515,0.5368737147567808,0.6882962177198598,Qm,20,5
rheology_enhanced,XGBoost,0.28207872201086026,0.39949067468941213,0.5669587724718588,0.6219411629090504,Qm,20,5
core,LinearRegression,0.21970171665510985,0.4504060718129789,0.5910760910503585,0.5788123167155425,Qm,20,5
rheology_enhanced,GradientBoosting,0.21628953191173828,0.423401073950168,0.5923670465582013,0.5773460410557184,Qm,20,5
engineered,GradientBoosting,0.1849167067931362,0.45100333623205013,0.6041072705135614,0.49010263929618764,Qm,20,5
engineered,RandomForest,0.06186848212227014,0.46510367625661375,0.6481043408918643,0.38123167155425214,Qm,20,5
rheology_enhanced,RandomForest,0.050356069126560654,0.45822912884424605,0.6520688670000353,0.3379765395894428,Qm,20,5
core,RandomForest,-0.1310111696649181,0.516240416046627,0.7116173265460519,0.35578773864027907,Qm,20,5
core,XGBoost,-0.47673055167453104,0.5645075942352413,0.8131369507167373,0.34390468038899524,Qm,20,5
core,GradientBoosting,-0.5100752880114932,0.5788216632198007,0.8222660646496097,0.4181101658106525,Qm,20,5
angle_engineered,RandomForest,0.7662881857343468,0.10201235572055152,0.15631151957804115,0.8939227199301096,AF,1,1
angle_engineered,XGBoost,0.7639806651422871,0.10676398162540637,0.15708128406142843,0.9115777386735424,AF,1,1
angle_rheology_enhanced,XGBoost,0.7637256136464159,0.10464183816056503,0.15716613515788536,0.9122624743677376,AF,1,1
angle_rheology_enhanced,RandomForest,0.7614598632875007,0.1008094086751602,0.15791790854990811,0.9064935064935065,AF,1,1
angle_engineered,GradientBoosting,0.749554975548119,0.10704385081995169,0.16181055806823724,0.9215163571108135,AF,1,1
angle_rheology_enhanced,GradientBoosting,0.7447884680964453,0.10470582125109358,0.1633431019996965,0.9225826738069719,AF,1,1
angle_engineered,LinearRegression,0.708403186660588,0.12491077351186193,0.17459911517588395,0.8934518113465482,AF,1,1
angle_rheology_enhanced,LinearRegression,0.7080223744174934,0.12859056121891668,0.17471308724922607,0.8985372522214627,AF,1,1
angle_rheology_enhanced,SVR_RBF,0.6778522094400692,0.13088764574973233,0.18351781519256916,0.8773479152426521,AF,1,1
angle_engineered,SVR_RBF,0.6712407513587324,0.13323631064134134,0.18539142443246912,0.8688174982911826,AF,1,1
core,LinearRegression,-0.044145192749469375,0.2656354212520268,0.3303931985305156,-0.0036365376375425943,AF,1,1
core,SVR_RBF,-0.4873492898112526,0.3112377125576542,0.39432756493972126,-0.2452065378457292,AF,1,1
core,RandomForest,-0.5968975014691593,0.33596483538961014,0.4085913538958256,-0.5029188609740315,AF,1,1
core,XGBoost,-0.7066542871192611,0.35075114087907894,0.422399533327138,-0.5409529030343195,AF,1,1
core,GradientBoosting,-0.8172408317054185,0.36382357032609347,0.4358699161301548,-0.5152130386637003,AF,1,1
angle_engineered,LinearRegression,0.7808692858433779,0.11176403156325936,0.1551352079179534,0.933066933066933,AF,1,2
angle_engineered,RandomForest,0.7735111620503881,0.11074169961003055,0.15771832160878616,0.9103587883286448,AF,1,2
angle_rheology_enhanced,RandomForest,0.7695073495313839,0.10979233261353491,0.15910626688701263,0.9139281770860718,AF,1,2
angle_rheology_enhanced,XGBoost,0.7626494722974639,0.10943278969058744,0.16145587248671994,0.929885903570114,AF,1,2
angle_engineered,XGBoost,0.7618343043004887,0.11018224850097258,0.16173289072220887,0.9247331615752667,AF,1,2
angle_rheology_enhanced,LinearRegression,0.7611546857415116,0.12027818676051312,0.1619634830671943,0.9232872390767126,AF,1,2
angle_engineered,GradientBoosting,0.756030179586855,0.11186820537091013,0.16369175248242276,0.9251335844196895,AF,1,2
angle_rheology_enhanced,SVR_RBF,0.7549063821805809,0.11268925235059506,0.16406832572752317,0.9144539670855459,AF,1,2
angle_rheology_enhanced,GradientBoosting,0.7545584815406922,0.11082948781780065,0.16418472866544084,0.9254429780745569,AF,1,2
angle_engineered,SVR_RBF,0.7447436263292069,0.11361877125646708,0.1674353069202636,0.9074346705925652,AF,1,2
core,LinearRegression,-0.03595143252280075,0.27795383947900826,0.3373093988905763,-0.017417824051297603,AF,1,2
core,RandomForest,-0.3314924228061491,0.3087818656071405,0.38240899104866016,-0.09159984253549014,AF,1,2
core,XGBoost,-0.3771591158671612,0.31644746767019294,0.388911518198703,-0.13754165513111458,AF,1,2
core,GradientBoosting,-0.5421368962082735,0.3398614492883409,0.4115477285152405,-0.20976869912716853,AF,1,2
core,SVR_RBF,-0.5817686678580372,0.3415508971816918,0.41680241759378384,-0.15983646991677553,AF,1,2
angle_engineered,RandomForest,0.7409149234620442,0.1093692126528896,0.1644113915942292,0.8781744571218255,AF,1,3
angle_rheology_enhanced,XGBoost,0.7375828984836719,0.10819033709290742,0.16546523991948545,0.9035438245964562,AF,1,3
angle_engineered,GradientBoosting,0.7368662216767884,0.10738306800424122,0.16569103359629403,0.8915748171417205,AF,1,3
angle_engineered,XGBoost,0.7352348247321352,0.1090125313038021,0.1662038719187477,0.8974183711025815,AF,1,3
angle_rheology_enhanced,GradientBoosting,0.7281421292997987,0.10927351814659016,0.16841534594978666,0.8918902932148387,AF,1,3
angle_rheology_enhanced,RandomForest,0.7258577404569941,0.11215756049230728,0.16912145262296407,0.8762027446237972,AF,1,3
angle_rheology_enhanced,SVR_RBF,0.7062346298492735,0.12753881989728338,0.1750697072681986,0.8496503496503497,AF,1,3
angle_engineered,SVR_RBF,0.6851999632281862,0.12854311644270897,0.18122916665446892,0.8324570166675429,AF,1,3
angle_engineered,LinearRegression,0.6334679288549964,0.14754132380390608,0.1955539968228952,0.8715232136284766,AF,1,3
angle_rheology_enhanced,LinearRegression,0.5982797096113623,0.15250007891509462,0.20472580628919906,0.8695515011304483,AF,1,3
core,LinearRegression,-0.061078794982926565,0.2695078701457842,0.33272430301688566,-0.10053567331288782,AF,1,3
core,SVR_RBF,-0.09503211671162015,0.2704199108720179,0.33800578608495657,0.023135824402547408,AF,1,3
core,RandomForest,-0.408799246261778,0.3174010424163164,0.38338512756001675,-0.37653554215145907,AF,1,3
core,XGBoost,-0.4435221435362209,0.3188079605439421,0.3880810452935965,-0.4072693816134794,AF,1,3
core,GradientBoosting,-0.5263503673794752,0.33283567020135874,0.39905965614973155,-0.4556078458291268,AF,1,3
angle_rheology_enhanced,RandomForest,0.8296340713161217,0.09758192081941887,0.1405965718802171,0.906461959093538,AF,1,4
angle_engineered,RandomForest,0.8283656742101491,0.09923653890589586,0.1411189814642075,0.8983385036016615,AF,1,4
angle_rheology_enhanced,SVR_RBF,0.7849328122138853,0.1062716630418419,0.15796847923974044,0.9128503075871496,AF,1,4
angle_engineered,XGBoost,0.7670053917634372,0.10930564703458316,0.16442062495157753,0.9111152005888847,AF,1,4
angle_engineered,SVR_RBF,0.7664666890601735,0.11468312155502046,0.1646105922160697,0.8966822651033177,AF,1,4
angle_rheology_enhanced,XGBoost,0.7616266490842891,0.10976572832082769,0.1663076434996939,0.9134023870865975,AF,1,4
angle_engineered,GradientBoosting,0.7401507642030408,0.11355255868269237,0.1736377225780298,0.9141182115333055,AF,1,4
angle_rheology_enhanced,GradientBoosting,0.7340809722929332,0.11295862028918052,0.17565400895348515,0.9150180743478662,AF,1,4
angle_engineered,LinearRegression,0.6997888397021137,0.14488556987004328,0.1866365833933139,0.8926599716073399,AF,1,4
angle_rheology_enhanced,LinearRegression,0.6724966516678259,0.15354532686306324,0.19493563239518433,0.8889794416110205,AF,1,4
core,LinearRegression,-0.08814154458898593,0.2817407892737621,0.35532523744195593,-0.2055013311846725,AF,1,4
core,XGBoost,-0.44335603442140714,0.3267849460477952,0.409232479683217,-0.3021611109445831,AF,1,4
core,RandomForest,-0.458386801930901,0.32916557637600496,0.41135778591035765,-0.30950737815794244,AF,1,4
core,GradientBoosting,-0.5532770846531789,0.34806833657750336,0.42452945354068855,-0.3341023681341723,AF,1,4
core,SVR_RBF,-0.6227791303027457,0.339095294280888,0.43392339521333323,-0.3140030894907102,AF,1,4
angle_engineered,RandomForest,0.8237540276361497,0.09262711099787298,0.13891379573361323,0.9005468215994531,AF,1,5
angle_rheology_enhanced,RandomForest,0.8203746124915664,0.09428126376603087,0.14023926817518528,0.8952626321047372,AF,1,5
angle_engineered,XGBoost,0.7701415039686473,0.1013091027009642,0.15864122623272706,0.9226825805773173,AF,1,5
angle_rheology_enhanced,XGBoost,0.7602979353480126,0.10279435858243471,0.16200248081864085,0.9194489720805509,AF,1,5
angle_engineered,LinearRegression,0.7581068603428012,0.1212804123612116,0.16274121479092576,0.8817761186182239,AF,1,5
angle_rheology_enhanced,LinearRegression,0.7455345617171479,0.12336775333154999,0.16691684988469854,0.8857195436142803,AF,1,5
angle_engineered,GradientBoosting,0.7430803695833341,0.10430846618669559,0.16771983328660214,0.9199747620800252,AF,1,5
angle_rheology_enhanced,GradientBoosting,0.7259134410617547,0.10608949563374784,0.17323260931261056,0.9174832896465686,AF,1,5
angle_rheology_enhanced,SVR_RBF,0.699127241901485,0.11684152661353425,0.181500243221758,0.8917135496082864,AF,1,5
angle_engineered,SVR_RBF,0.6945748204315372,0.11635030376175177,0.18286820277900817,0.8928439981071559,AF,1,5
core,LinearRegression,-0.06425280426372337,0.277053402168545,0.341356501871,-0.3242323066844228,AF,1,5
core,RandomForest,-0.5673385505389683,0.33487592774930824,0.414254453058572,-0.4146811192571432,AF,1,5
core,SVR_RBF,-0.6209645435696578,0.32832796322242197,0.4212816429006688,-0.22548375254643846,AF,1,5
core,XGBoost,-0.6333964040382862,0.3423946566831911,0.4228940505111954,-0.44204175053221506,AF,1,5
core,GradientBoosting,-0.7964194914197709,0.36272473510475584,0.44349594879162696,-0.47259486224015107,AF,1,5
angle_engineered,RandomForest,0.8302266280061422,0.0950142688208369,0.13679309727997244,0.9060833902939166,AF,2,1
angle_rheology_enhanced,RandomForest,0.8257518608793766,0.09676324054846717,0.13858412052523367,0.9055427583448611,AF,2,1
angle_engineered,XGBoost,0.7966473321426256,0.09793193164072539,0.1497112143022903,0.9289258910764269,AF,2,1
angle_rheology_enhanced,XGBoost,0.7934555684249769,0.09843595451605948,0.1508815514779011,0.9310858659224912,AF,2,1
angle_engineered,GradientBoosting,0.777169372783332,0.10286275916934744,0.15671726255763604,0.9244755533499407,AF,2,1
angle_rheology_enhanced,GradientBoosting,0.7694217047777601,0.10397160518146528,0.15941845932957946,0.9208054793133746,AF,2,1
angle_rheology_enhanced,SVR_RBF,0.7495472202812291,0.11620041077094992,0.16614693108445422,0.8951196172248804,AF,2,1
angle_engineered,LinearRegression,0.7379800640951137,0.12908218151955544,0.16994037166524092,0.9034586466165414,AF,2,1
angle_engineered,SVR_RBF,0.7365505750191771,0.118913279472079,0.17040330871687412,0.8862611073137389,AF,2,1
angle_rheology_enhanced,LinearRegression,0.6939226634473785,0.13929096161504992,0.18367285743955275,0.8871360218728641,AF,2,1
core,LinearRegression,-0.059251912166500276,0.26842287522504327,0.34168744712698124,-0.1683904002749186,AF,2,1
core,SVR_RBF,-0.2965247814828109,0.2967248379338662,0.37802437740364425,-0.0901354151995241,AF,2,1
core,RandomForest,-0.3658781004054952,0.3174677498106938,0.38800325294001986,-0.2567366196441944,AF,2,1
core,XGBoost,-0.4319984105774548,0.3278079279939752,0.39728362384260385,-0.30093928393975483,AF,2,1
core,GradientBoosting,-0.4630417670183786,0.33981884387081474,0.40156676131667934,-0.3050367795993431,AF,2,1
angle_engineered,RandomForest,0.7776694687477871,0.10082139355184502,0.15498066272381372,0.8819338556180661,AF,2,2
angle_rheology_enhanced,RandomForest,0.7762852037716779,0.09837545483680349,0.1554623811063381,0.888295914611704,AF,2,2
angle_rheology_enhanced,GradientBoosting,0.7672406006115452,0.10222224712819342,0.15857385154713102,0.9002504091524762,AF,2,2
angle_engineered,XGBoost,0.7670752524042844,0.1013208102798462,0.15863016559342488,0.9150060465849938,AF,2,2
angle_rheology_enhanced,XGBoost,0.7624639145265162,0.10123333423366794,0.16019271366316112,0.9106945685893053,AF,2,2
angle_engineered,GradientBoosting,0.7621298516809927,0.10400000592670164,0.16030531893667374,0.8994163731005836,AF,2,2
angle_rheology_enhanced,SVR_RBF,0.7533167724092323,0.11494763965875823,0.16324796336872582,0.8627425206372574,AF,2,2
angle_engineered,SVR_RBF,0.7303345665058896,0.12066523449971601,0.17068313112910313,0.8423681581576318,AF,2,2
angle_engineered,LinearRegression,0.7119859037633602,0.12738739439901026,0.17639441596876562,0.9028865870971133,AF,2,2
angle_rheology_enhanced,LinearRegression,0.6922610056387251,0.1370982105118151,0.18233465764557233,0.8903990746096009,AF,2,2
core,LinearRegression,-0.09039044734177337,0.2778079857114321,0.3432171493348426,-0.11111841428759076,AF,2,2
core,XGBoost,-0.4984816617376733,0.33283178901276034,0.4023496955577379,-0.38609475287363404,AF,2,2
core,RandomForest,-0.5005939124297283,0.3340869744056328,0.40263317054608483,-0.36758597169335155,AF,2,2
core,SVR_RBF,-0.5281574537836902,0.3291460420809251,0.40631421161237946,-0.3555973293379413,AF,2,2
core,GradientBoosting,-0.6632557152792458,0.35728511883127534,0.42389419876429596,-0.4371545198686051,AF,2,2
angle_rheology_enhanced,XGBoost,0.8018589919955946,0.09592506625831901,0.13854738574852102,0.9129291760870707,AF,2,3
angle_engineered,XGBoost,0.7946588089863695,0.0972491990948962,0.1410422377564854,0.9086702770913296,AF,2,3
angle_rheology_enhanced,GradientBoosting,0.7939322363232396,0.09828785497588449,0.14129154707212993,0.9083870628716548,AF,2,3
angle_engineered,GradientBoosting,0.7926014494923769,0.10016229634033551,0.14174704367703608,0.9102273399648454,AF,2,3
angle_rheology_enhanced,SVR_RBF,0.789114692329466,0.10533610918386435,0.14293359376287493,0.8974446606025552,AF,2,3
angle_engineered,RandomForest,0.7850149325777407,0.10270050455498086,0.14431627120416482,0.9004942425995057,AF,2,3
angle_rheology_enhanced,RandomForest,0.7833128304169188,0.10104714894470375,0.1448864427782621,0.9065408275934591,AF,2,3
angle_engineered,SVR_RBF,0.7657866954158854,0.1129185201376455,0.15063189244125455,0.884930858615069,AF,2,3
angle_engineered,LinearRegression,0.7268498882585395,0.12278258155298087,0.1626716391089973,0.886744834113255,AF,2,3
angle_rheology_enhanced,LinearRegression,0.7212305791955841,0.12361749322786383,0.16433638065546768,0.898285924601714,AF,2,3
core,LinearRegression,-0.152464964163175,0.2778373904629603,0.33413734476478335,-0.28229448173571575,AF,2,3
core,XGBoost,-0.37919960144742193,0.31123002485844997,0.36553141948393003,-0.13993019375166357,AF,2,3
core,GradientBoosting,-0.43202841493229727,0.31718611497373644,0.3724662866642842,-0.22178983535215585,AF,2,3
core,RandomForest,-0.4591128972675571,0.31744461884363,0.37597208392753995,-0.23565292351655215,AF,2,3
core,SVR_RBF,-0.7056726477052746,0.33860580201311036,0.4064985436797735,-0.29386285017789837,AF,2,3
angle_engineered,RandomForest,0.7670772460664921,0.11135595073956941,0.16181701530924406,0.9016246910983753,AF,2,4
angle_rheology_enhanced,RandomForest,0.7536333024268238,0.1117421492857297,0.1664214222820752,0.8986802671013197,AF,2,4
angle_engineered,XGBoost,0.7290902074924828,0.11656293451928473,0.17451412339635533,0.8934545287440508,AF,2,4
angle_rheology_enhanced,LinearRegression,0.7230475534579275,0.1287684702770336,0.17644966219170297,0.8800935906199063,AF,2,4
angle_rheology_enhanced,XGBoost,0.7184473793485715,0.11752936706642052,0.17790903961673438,0.8957884221042114,AF,2,4
angle_engineered,LinearRegression,0.7115951553033387,0.12699159279023428,0.18006093626246833,0.88174982911825,AF,2,4
angle_rheology_enhanced,SVR_RBF,0.7000640445875357,0.1253875105646567,0.18362528956774482,0.8878489931121508,AF,2,4
angle_engineered,GradientBoosting,0.6950079947517809,0.12301157296732644,0.18516651632263728,0.8931317779279667,AF,2,4
angle_engineered,SVR_RBF,0.691838122828399,0.12716207286427156,0.18612627413356964,0.8804353541195645,AF,2,4
angle_rheology_enhanced,GradientBoosting,0.6788442106539575,0.12638480394746324,0.19000984597189624,0.8875583306714878,AF,2,4
core,LinearRegression,-0.052890129087787896,0.2777179181165101,0.34404064670255086,-0.17779910419835707,AF,2,4
core,RandomForest,-0.341028528906697,0.30559742389806693,0.388273040667832,-0.2334065134966233,AF,2,4
core,SVR_RBF,-0.4050708272759522,0.2992998658455544,0.39743612214543933,-0.12203394338435111,AF,2,4
core,XGBoost,-0.4234722910606592,0.3153132474047178,0.40003016112401035,-0.2748026398189807,AF,2,4
core,GradientBoosting,-0.5404517111360336,0.3224345600011401,0.41614269245248003,-0.2880469114516321,AF,2,4
angle_engineered,RandomForest,0.7328740236414082,0.11253058992453918,0.17622528692741696,0.8947631316052368,AF,2,5
angle_rheology_enhanced,RandomForest,0.716804451731551,0.11419192375135094,0.18144849741737873,0.8950523161049476,AF,2,5
angle_engineered,XGBoost,0.6742213309212366,0.1196852023478917,0.19461283867955687,0.8988117146011882,AF,2,5
angle_rheology_enhanced,XGBoost,0.6680847310577556,0.11939256724716782,0.1964372206853984,0.8948682896051315,AF,2,5
angle_engineered,GradientBoosting,0.6531195837341747,0.12391996334205718,0.20081680627791026,0.889300760447992,AF,2,5
angle_rheology_enhanced,GradientBoosting,0.6474757982847316,0.12541081472832144,0.20244387145401957,0.8916083916083917,AF,2,5
angle_engineered,LinearRegression,0.6265197991851461,0.1479523294730694,0.20837420548402055,0.8771228771228771,AF,2,5
angle_rheology_enhanced,LinearRegression,0.6199746286778356,0.15026093449464314,0.21019213480378943,0.8765707976234292,AF,2,5
angle_engineered,SVR_RBF,0.5832611103156947,0.13227199115955277,0.22011121963944733,0.9180293390819706,AF,2,5
angle_rheology_enhanced,SVR_RBF,0.5831359708459931,0.13096654985419595,0.2201442649521138,0.9123508070876492,AF,2,5
core,LinearRegression,-0.1271015064215315,0.2927611603578034,0.3619859215760952,-0.25548668735972674,AF,2,5
core,SVR_RBF,-0.5758262276678052,0.3352088603262369,0.4280202608312588,-0.2641365582258291,AF,2,5
core,RandomForest,-0.6446265145957639,0.35331170898173236,0.437264086196916,-0.4460467604220677,AF,2,5
core,XGBoost,-0.7600847406100837,0.3713596053433109,0.45235245739836427,-0.5010220795133143,AF,2,5
core,GradientBoosting,-0.866784917065974,0.38130663196333964,0.46586202134026033,-0.47785563309502993,AF,2,5
angle_engineered,SVR_RBF,0.7457097207290091,0.11290370939066965,0.16844287527067175,0.9023103212576897,AF,3,1
angle_rheology_enhanced,SVR_RBF,0.7428246965739431,0.11229211918597155,0.1693957059726857,0.8996035543403964,AF,3,1
angle_engineered,RandomForest,0.7131060416492834,0.11757351211344333,0.17891570662382483,0.8792891319207108,AF,3,1
angle_engineered,XGBoost,0.7056423908210775,0.11579867346813803,0.18122804275596643,0.8997129186602871,AF,3,1
angle_rheology_enhanced,RandomForest,0.7030476340589954,0.11890421367261271,0.18202505109231445,0.8817498291182501,AF,3,1
angle_rheology_enhanced,XGBoost,0.6958956437993484,0.11770088639460113,0.18420401301286277,0.895393028024607,AF,3,1
angle_engineered,GradientBoosting,0.6701399706615825,0.12318329579816249,0.19184594026785579,0.8882023239917977,AF,3,1
angle_rheology_enhanced,GradientBoosting,0.6649100683359194,0.12431894959027569,0.1933608097713137,0.8843396058962972,AF,3,1
angle_engineered,LinearRegression,0.5858012622878221,0.16081364985796479,0.2149770763316974,0.8484483937115517,AF,3,1
angle_rheology_enhanced,LinearRegression,0.5721414441035021,0.16156689396595048,0.21849317581069702,0.8426247436773752,AF,3,1
core,LinearRegression,-0.06704811931831145,0.2826117831439136,0.34504820228643723,-0.12027207227326686,AF,3,1
core,RandomForest,-0.43707534266929615,0.3206501365683305,0.4004308560902366,-0.19486618689449506,AF,3,1
core,SVR_RBF,-0.489908364717232,0.3329031542310094,0.4077251919994053,0.012591858424881072,AF,3,1
core,XGBoost,-0.5736318925344235,0.3302058477903667,0.4190244272187646,-0.18450790073672715,AF,3,1
core,GradientBoosting,-0.7095562098183448,0.3437544023472215,0.4367465259731005,-0.22277518933780222,AF,3,1
angle_engineered,GradientBoosting,0.8186676899488842,0.08911704319273842,0.12007051379849583,0.9092223565907775,AF,3,2
angle_engineered,XGBoost,0.8168480353458691,0.08761706774971702,0.1206714587480203,0.9143488090856511,AF,3,2
angle_rheology_enhanced,GradientBoosting,0.8079359451909145,0.09059150197725856,0.12357249590849709,0.908906882591093,AF,3,2
angle_rheology_enhanced,RandomForest,0.806474643938035,0.09178574771657527,0.12404169996817678,0.8937174254716495,AF,3,2
angle_engineered,SVR_RBF,0.8054559428858659,0.09373373800900991,0.12436774395572954,0.8958672906041325,AF,3,2
angle_engineered,RandomForest,0.8052333619373226,0.09231763896895674,0.12443886917418097,0.8852258611702126,AF,3,2
angle_rheology_enhanced,XGBoost,0.8036326592479881,0.09069696565751906,0.1249491774188845,0.908906882591093,AF,3,2
angle_rheology_enhanced,SVR_RBF,0.7924908999983064,0.0950234716970805,0.12844504207588248,0.899837005100163,AF,3,2
angle_rheology_enhanced,LinearRegression,0.7347815313700441,0.11419353067459541,0.14521138026373043,0.8773069036226929,AF,3,2
angle_engineered,LinearRegression,0.7309621518735875,0.11115224115041511,0.1462532286613715,0.8793311951206687,AF,3,2
core,LinearRegression,-0.14501899076412017,0.24431612064692856,0.30172070708338905,-0.3828058763787403,AF,3,2
core,RandomForest,-0.492723418392474,0.28491989917519106,0.3444993803368682,-0.3584893263973604,AF,3,2
core,XGBoost,-0.5253573149034856,0.2863113411440168,0.3482447408453034,-0.35738510933830947,AF,3,2
core,GradientBoosting,-0.6180487549386766,0.29812755190423207,0.3586696043758376,-0.36101562409115934,AF,3,2
core,SVR_RBF,-0.620862920115002,0.29166263864357117,0.35898137403428637,-0.3354300177726149,AF,3,2
angle_engineered,RandomForest,0.7741765904262263,0.11023884655078921,0.16272937287384417,0.8949997371050001,AF,3,3
angle_rheology_enhanced,RandomForest,0.7607912485387928,0.11107859636738422,0.167482718973764,0.8874809401125191,AF,3,3
angle_engineered,XGBoost,0.7517642001672481,0.11233836844010789,0.1706136121700577,0.9074346705925652,AF,3,3
angle_engineered,GradientBoosting,0.7487762277862149,0.11446950120206591,0.1716373643137338,0.9114306745885692,AF,3,3
angle_rheology_enhanced,XGBoost,0.7461188018197555,0.11275486074967819,0.17254275980757808,0.9125348335874651,AF,3,3
angle_rheology_enhanced,GradientBoosting,0.7366241736952371,0.11553977832680555,0.1757395160868628,0.9074669243250595,AF,3,3
angle_rheology_enhanced,SVR_RBF,0.7235079250579325,0.13469414328959728,0.1800623088005787,0.8620064146379935,AF,3,3
angle_engineered,LinearRegression,0.7120792990936571,0.13539148805041581,0.183746009494128,0.8934749461065249,AF,3,3
angle_engineered,SVR_RBF,0.7088964218762689,0.13798128266882276,0.18475884661853578,0.8578789631421209,AF,3,3
angle_rheology_enhanced,LinearRegression,0.680810522536573,0.13899718099200095,0.19346649046682804,0.8786739576213259,AF,3,3
core,LinearRegression,-0.06078531675840071,0.29532523693905205,0.35269168460893957,-0.043116763659292894,AF,3,3
core,SVR_RBF,-0.547929666694219,0.34590647736341773,0.4260465790681844,-0.3469847846191144,AF,3,3
core,RandomForest,-0.5635400995126099,0.34701756681138834,0.4281894696256497,-0.3460383190753738,AF,3,3
core,XGBoost,-0.6106407433755106,0.3501135333816726,0.43459108294779963,-0.3476157616482748,AF,3,3
core,GradientBoosting,-0.7224051820584116,0.3648618561294273,0.44941662331231413,-0.32971395565614,AF,3,3
angle_engineered,RandomForest,0.7725914511062693,0.11018058635446923,0.16542717735773538,0.9062253535937745,AF,3,4
angle_rheology_enhanced,RandomForest,0.7590866892330075,0.10896640762182729,0.17026832513868392,0.9061201955938798,AF,3,4
angle_engineered,XGBoost,0.7345357359948423,0.11157033242560054,0.17873372188641906,0.9066985645933013,AF,3,4
angle_rheology_enhanced,XGBoost,0.7188882293524721,0.11485702006104705,0.18392593878006425,0.9046742730953257,AF,3,4
angle_engineered,GradientBoosting,0.7050206284582761,0.1202923982838784,0.1884079781530817,0.8992645464239812,AF,3,4
angle_rheology_enhanced,GradientBoosting,0.6828291428017295,0.12240884094619026,0.19536650354449997,0.902188629719745,AF,3,4
angle_rheology_enhanced,LinearRegression,0.6388647936227063,0.1524563671841584,0.2084675107234256,0.8831431726168567,AF,3,4
angle_engineered,LinearRegression,0.6362631858531698,0.15170042237148645,0.20921706022570502,0.8831694621168305,AF,3,4
angle_rheology_enhanced,SVR_RBF,0.5939885273869491,0.15203600625392072,0.22104088913330255,0.874940848625059,AF,3,4
angle_engineered,SVR_RBF,0.5932236035443481,0.15145462151436656,0.22124901118942858,0.8710237131289762,AF,3,4
core,LinearRegression,-0.14168887954948506,0.30640802844358744,0.37066139127185593,-0.30696121465800025,AF,3,4
core,RandomForest,-0.3801569253782342,0.33317687303552385,0.4075376159644167,-0.35502126351199575,AF,3,4
core,XGBoost,-0.43943267121608875,0.33658503231147663,0.41619719025205004,-0.35202639715325207,AF,3,4
core,GradientBoosting,-0.5376858758354732,0.3555453558764008,0.43016718621966854,-0.38305508203812394,AF,3,4
core,SVR_RBF,-0.6156936695669237,0.355286678543821,0.440943533267705,-0.32928232049883294,AF,3,4
angle_engineered,RandomForest,0.7527658510664718,0.11485962010886562,0.1670630090508089,0.8997055576002942,AF,3,5
angle_rheology_enhanced,RandomForest,0.7454427187190551,0.1167535847251427,0.169519176091414,0.9032809295967189,AF,3,5
angle_engineered,LinearRegression,0.7025351435327056,0.14147421658144338,0.18324996608959815,0.894473947105526,AF,3,5
angle_rheology_enhanced,LinearRegression,0.6984727630064784,0.1455370299033299,0.1844970154008738,0.8980756086019244,AF,3,5
angle_engineered,GradientBoosting,0.6973932924091624,0.12664005450045396,0.1848269709562106,0.9142173615857826,AF,3,5
angle_engineered,XGBoost,0.6953866888315716,0.1282487556204858,0.18543875790460995,0.8972869236027129,AF,3,5
angle_rheology_enhanced,XGBoost,0.6895940988594234,0.12943400755795567,0.18719362542393897,0.9020190335979807,AF,3,5
angle_rheology_enhanced,GradientBoosting,0.6678119694901998,0.13213119751539482,0.19365024947752732,0.9088076976358128,AF,3,5
angle_rheology_enhanced,SVR_RBF,0.6659588790667046,0.13748938741284655,0.19418963127836242,0.8823281981176718,AF,3,5
angle_engineered,SVR_RBF,0.644135533118525,0.1430866758780367,0.2004326109276778,0.8757821126242179,AF,3,5
core,LinearRegression,-0.12453470596607619,0.2799207664828619,0.35629727647310894,-0.36128693061341643,AF,3,5
core,RandomForest,-0.42675655427773407,0.32416943552841476,0.40132943074764144,-0.3883926521577646,AF,3,5
core,XGBoost,-0.5091735274807521,0.33396101866982203,0.4127581528259322,-0.4166025835031435,AF,3,5
core,SVR_RBF,-0.6250967290753227,0.3321839703547068,0.428317361981057,-0.3970422955991715,AF,3,5
core,GradientBoosting,-0.6587980879411541,0.34813175327825097,0.4327358083112331,-0.3563095252154125,AF,3,5
angle_engineered,RandomForest,0.7585563590126969,0.09669645616718557,0.14967241143958676,0.8861244019138756,AF,4,1
angle_rheology_enhanced,XGBoost,0.7554741241497981,0.09653231257037115,0.1506247300471706,0.9027266078584626,AF,4,1
angle_engineered,XGBoost,0.7549818916286802,0.09608356903578108,0.1507762582148121,0.9019002050580999,AF,4,1
angle_rheology_enhanced,RandomForest,0.7535372033751224,0.09792137514752783,0.1512201122353948,0.8836637047163363,AF,4,1
angle_engineered,GradientBoosting,0.7392551461780938,0.09606947189217652,0.15553987402262193,0.8979084073820915,AF,4,1
angle_rheology_enhanced,GradientBoosting,0.7325397620379982,0.09885754519974975,0.1575300762883728,0.8910457963089542,AF,4,1
angle_engineered,SVR_RBF,0.6087059268539223,0.1318343215579269,0.19053971219040758,0.8767737525632263,AF,4,1
angle_engineered,LinearRegression,0.5934454504355384,0.13899949681690482,0.19421970167444894,0.863732057416268,AF,4,1
angle_rheology_enhanced,SVR_RBF,0.5881154859961574,0.13425166068483946,0.19548867446831733,0.8705673274094327,AF,4,1
angle_rheology_enhanced,LinearRegression,0.5868574718408179,0.14203237280119865,0.19578698626951263,0.8616814764183185,AF,4,1
core,LinearRegression,-0.08079970315294704,0.24229960082728616,0.31666967646708566,-0.050023241263651555,AF,4,1
core,RandomForest,-0.3140262041967472,0.26981102536825985,0.3491691639047409,-0.1244779243730725,AF,4,1
core,SVR_RBF,-0.4180390469762443,0.28025602483587153,0.3627253971118134,0.06309299219233451,AF,4,1
core,XGBoost,-0.47317299728640316,0.2876145739219063,0.3697096145917852,-0.16294807669348538,AF,4,1
core,GradientBoosting,-0.5066111127039103,0.29228457672762104,0.37388191049201963,-0.18482340028550986,AF,4,1
angle_engineered,GradientBoosting,0.8343942552869202,0.09184250949186945,0.1306517386073937,0.9129554655870444,AF,4,2
angle_rheology_enhanced,GradientBoosting,0.8193676681333617,0.09506221246371607,0.1364505336724196,0.902096615260322,AF,4,2
angle_engineered,XGBoost,0.8162054911603469,0.09832680235280618,0.13763971362121966,0.8971554761028444,AF,4,2
angle_rheology_enhanced,XGBoost,0.8089411665867435,0.10044465809710612,0.1403334025016483,0.895841001104159,AF,4,2
angle_rheology_enhanced,RandomForest,0.7814697905255739,0.10613341493918788,0.15008359894428436,0.8839844366160156,AF,4,2
angle_engineered,LinearRegression,0.7721232254277635,0.11862352521708461,0.15325954299527877,0.9142173615857826,AF,4,2
angle_engineered,RandomForest,0.771413289455121,0.10938474072459296,0.15349809264845538,0.8767811136232189,AF,4,2
angle_rheology_enhanced,LinearRegression,0.7380583567630747,0.1243406844890184,0.1643159674474756,0.9070403280929595,AF,4,2
angle_engineered,SVR_RBF,0.725140452664667,0.13018056499387023,0.1683189091197316,0.8716546611283453,AF,4,2
angle_rheology_enhanced,SVR_RBF,0.716170686524575,0.13177711240289774,0.17104331999412348,0.8622955991377044,AF,4,2
core,LinearRegression,-0.11332106452317525,0.29003827504580004,0.3387565548433037,-0.26389646628664104,AF,4,2
core,XGBoost,-0.47418663025786656,0.3347596939220676,0.38981067525946317,-0.17398105759918775,AF,4,2
core,RandomForest,-0.47866400314544855,0.33602289831268767,0.39040218942127675,-0.17737260371634608,AF,4,2
core,SVR_RBF,-0.5805823014904357,0.3478618471040033,0.40363242920179376,-0.22606363789446407,AF,4,2
core,GradientBoosting,-0.6305021594102884,0.3543413954210595,0.40995688401448455,-0.27620794243034014,AF,4,2
angle_engineered,RandomForest,0.7633323149953417,0.11185051430981133,0.16133731661001016,0.9050160365949839,AF,4,3
angle_rheology_enhanced,RandomForest,0.7611703944053307,0.11158811626712402,0.1620725363972646,0.8999684526000316,AF,4,3
angle_rheology_enhanced,SVR_RBF,0.7481634903187285,0.11427977100671062,0.16642734841017107,0.9184762605815237,AF,4,3
angle_engineered,SVR_RBF,0.7374118154046558,0.1170769227273822,0.16994286610786913,0.9145854145854145,AF,4,3
angle_engineered,XGBoost,0.734633529831616,0.1087748770191143,0.1708395315366098,0.9263105315736894,AF,4,3
angle_rheology_enhanced,XGBoost,0.731311680337706,0.1090315178967761,0.17190548806779402,0.9211840790788158,AF,4,3
angle_engineered,GradientBoosting,0.7040707395025608,0.11332391867902152,0.18040945830022256,0.9163468110836531,AF,4,3
angle_rheology_enhanced,GradientBoosting,0.6896609762621325,0.11521024694644481,0.1847496153478635,0.9195470289582179,AF,4,3
angle_engineered,LinearRegression,0.6782421423824687,0.12854239966056147,0.18811781634203922,0.9057258530942741,AF,4,3
core,LinearRegression,-0.11675902594960652,0.2877569019110976,0.3504653478381467,-0.1926922098017194,AF,4,3
core,SVR_RBF,-0.4453292845643022,0.32114375046879096,0.39870230751453895,-0.27411774858680943,AF,4,3
core,RandomForest,-0.50525484797866,0.3321804549928005,0.4068837686337698,-0.4419379662378361,AF,4,3
core,XGBoost,-0.5686611590052475,0.3386349548414156,0.41536502010683973,-0.41940869651344803,AF,4,3
core,GradientBoosting,-0.6160006926402584,0.3480879237608064,0.42158594071688665,-0.44275592084293286,AF,4,3
angle_rheology_enhanced,LinearRegression,-19.168239970473625,0.3807506365158738,1.4893588421728496,0.8580104106419896,AF,4,3
angle_rheology_enhanced,SVR_RBF,0.7678740252388772,0.12013854418600722,0.16648847926478158,0.8916083916083917,AF,4,4
angle_engineered,SVR_RBF,0.7656794862768271,0.12287775412634692,0.16727362613127564,0.8845102266154897,AF,4,4
angle_rheology_enhanced,RandomForest,0.7548211114474981,0.11363958227891144,0.17110545369028812,0.8986802671013197,AF,4,4
angle_rheology_enhanced,XGBoost,0.7424226395345455,0.11644443658556258,0.17537842291636604,0.928748414424171,AF,4,4
angle_engineered,RandomForest,0.7380597395196357,0.1173342229478456,0.17685748453088448,0.8941584731058413,AF,4,4
angle_engineered,LinearRegression,0.7353946896545781,0.1323508466039025,0.17775490519718368,0.9059098795940901,AF,4,4
angle_rheology_enhanced,LinearRegression,0.7344928737742118,0.13436263451135655,0.17805755567061343,0.9079604605920395,AF,4,4
angle_engineered,XGBoost,0.7329707620718321,0.11799003522749071,0.1785672146173088,0.926224605839224,AF,4,4
angle_rheology_enhanced,GradientBoosting,0.7227406531799637,0.12006678729506795,0.181955594869942,0.9275977654432678,AF,4,4
angle_engineered,GradientBoosting,0.7191831715383179,0.12030721800621541,0.1831191995266839,0.9260931574754246,AF,4,4
core,LinearRegression,-0.1697150763456463,0.30501159181177184,0.3737337856040244,-0.3656093491991528,AF,4,4
core,RandomForest,-0.5658973427491407,0.3608038468069689,0.43241819511690865,-0.4989976672276702,AF,4,4
core,XGBoost,-0.5676693813045302,0.3628045806151551,0.4326627976944741,-0.4930395807864173,AF,4,4
core,SVR_RBF,-0.6270192187361261,0.3686384823333895,0.4407767289602936,-0.3798588201131815,AF,4,4
core,GradientBoosting,-0.6510146015009781,0.3731539765173911,0.44401513420576444,-0.5190969146773833,AF,4,4
angle_rheology_enhanced,RandomForest,0.7258085431282552,0.11690762871497068,0.17946814323617938,0.8852200431147799,AF,4,5
angle_engineered,RandomForest,0.7220823670755516,0.11643686386209855,0.1806834860761419,0.8808296966191702,AF,4,5
angle_engineered,GradientBoosting,0.6633101723037134,0.12663509938772205,0.19887280889469597,0.892658560708077,AF,4,5
angle_engineered,LinearRegression,0.6490679983154922,0.1510901419819096,0.20303546145981655,0.8655292076344706,AF,4,5
angle_engineered,XGBoost,0.6474542653880345,0.12743324427121647,0.2035017472490681,0.8933888045621511,AF,4,5
angle_rheology_enhanced,XGBoost,0.6471732971333806,0.12766872734416612,0.20358282345774012,0.89428992060571,AF,4,5
angle_rheology_enhanced,GradientBoosting,0.6460649495482305,0.12948362288207296,0.20390233386252166,0.8918172856504953,AF,4,5
angle_rheology_enhanced,LinearRegression,0.635582304551749,0.1538459626131714,0.20689983235578535,0.8652926021347073,AF,4,5
angle_rheology_enhanced,SVR_RBF,0.6198413523699746,0.13711472123204682,0.21132109242381958,0.8603764656396234,AF,4,5
angle_engineered,SVR_RBF,0.6126075157454716,0.1380290756904737,0.21332217620546237,0.8531468531468532,AF,4,5
core,LinearRegression,-0.07616968163717264,0.28300144514678266,0.3555500847231093,-0.05584256824776932,AF,4,5
core,RandomForest,-0.39424364271520207,0.33145467040735616,0.40469677781307883,-0.24239356975693338,AF,4,5
core,SVR_RBF,-0.39647014242989553,0.32515025584944396,0.4050197837031278,-0.1821982099609423,AF,4,5
core,XGBoost,-0.43897831577315904,0.3377894329249394,0.41113792043438024,-0.21325235553305308,AF,4,5
core,GradientBoosting,-0.44386745776955605,0.3426123857716249,0.4118357791625124,-0.19304968641917156,AF,4,5
angle_engineered,GradientBoosting,0.8275038835610188,0.092397402067114,0.13923937859659502,0.9267659162303624,AF,5,1
angle_engineered,XGBoost,0.8227723895006045,0.09687862291235673,0.141136098079697,0.9122077922077921,AF,5,1
angle_rheology_enhanced,GradientBoosting,0.8210240328778085,0.09516812900545363,0.14183054588538732,0.9240854162146086,AF,5,1
angle_rheology_enhanced,XGBoost,0.8191430741657157,0.099131322024496,0.1425738862793992,0.9102118933697881,AF,5,1
angle_engineered,RandomForest,0.8173379184211594,0.09930924636702594,0.14328364358616047,0.9176486671223514,AF,5,1
angle_rheology_enhanced,RandomForest,0.8123452177664492,0.10047538389400294,0.14522862774820938,0.906384142173616,AF,5,1
angle_engineered,LinearRegression,0.7558229080725059,0.12210131500004988,0.16566275293475566,0.8963226247436774,AF,5,1
angle_rheology_enhanced,SVR_RBF,0.7469292412632434,0.1154371496832331,0.16865273913532933,0.9078332194121668,AF,5,1
angle_engineered,SVR_RBF,0.7427160823336959,0.12102598432406779,0.17005082199110555,0.8970608339029392,AF,5,1
angle_rheology_enhanced,LinearRegression,0.7277261745591478,0.13063157304844752,0.17493445733250312,0.8911551606288449,AF,5,1
core,LinearRegression,-0.04068910274452264,0.2735788812860946,0.3420053651298288,-0.06357235642715289,AF,5,1
core,SVR_RBF,-0.39146914419761547,0.31776671353402536,0.3954660496046837,-0.21633741249532631,AF,5,1
core,RandomForest,-0.47033276026518434,0.33748359340515105,0.4065184232226548,-0.33567122092936474,AF,5,1
core,XGBoost,-0.47589843301897017,0.3354527099363428,0.4072870966485687,-0.29359692199291404,AF,5,1
core,GradientBoosting,-0.5993759264037524,0.35249081537945337,0.4239822672236501,-0.3272742215587283,AF,5,1
angle_engineered,XGBoost,0.8229756896674866,0.09261140536271134,0.1319166098232505,0.911502389093699,AF,5,2
angle_rheology_enhanced,XGBoost,0.8178965979586478,0.0943996453991184,0.13379566910890286,0.9045954045954046,AF,5,2
angle_engineered,RandomForest,0.8139173125620761,0.09422993655364724,0.13524960671493763,0.8927914191072085,AF,5,2
angle_rheology_enhanced,RandomForest,0.8135247753655424,0.09325652194313269,0.13539218454787164,0.8929491561070507,AF,5,2
angle_engineered,GradientBoosting,0.8117419792304841,0.09448401341335672,0.13603785338923693,0.9063555702393294,AF,5,2
angle_rheology_enhanced,GradientBoosting,0.8110103059086156,0.09509373539865637,0.13630195566515538,0.9070653960691641,AF,5,2
angle_engineered,SVR_RBF,0.7956266687870841,0.10348093801566062,0.14174088433695606,0.9009937430990062,AF,5,2
angle_rheology_enhanced,SVR_RBF,0.7938148036509166,0.100892390849931,0.1423677975386661,0.8976286871023713,AF,5,2
angle_engineered,LinearRegression,0.7503149744421653,0.12247944198353687,0.15666763035817832,0.8957358431042641,AF,5,2
angle_rheology_enhanced,LinearRegression,0.7260379476640484,0.12134681648856523,0.16410742521744065,0.888742836111257,AF,5,2
core,LinearRegression,-0.14804453271024975,0.2782018802644766,0.3359405225941675,-0.26954298470285537,AF,5,2
core,RandomForest,-0.3526021739240275,0.3045618270424788,0.36464315598878516,-0.16670391425799383,AF,5,2
core,XGBoost,-0.4303517423633638,0.3155500140450217,0.37497684511572366,-0.18116566077920346,AF,5,2
core,GradientBoosting,-0.49916398897152003,0.32545449271589927,0.3838907050763831,-0.2966931135712825,AF,5,2
core,SVR_RBF,-0.606532969121468,0.3247355785921838,0.39739998592463005,-0.10913703955340935,AF,5,2
angle_rheology_enhanced,RandomForest,0.7789401072218107,0.10121847591510356,0.14972497740552115,0.87986855084828,AF,5,3
angle_engineered,RandomForest,0.7676415816149058,0.1047877214373327,0.15350357152170488,0.8732377703917137,AF,5,3
angle_rheology_enhanced,XGBoost,0.7463568954499393,0.11101719285543862,0.1603802214548921,0.9086439875913559,AF,5,3
angle_engineered,XGBoost,0.7462631252297114,0.11054681312511494,0.16040986448229574,0.9092749355907249,AF,5,3
angle_rheology_enhanced,GradientBoosting,0.7321513003993128,0.11250671658058627,0.16481018611259007,0.8991639722328153,AF,5,3
angle_engineered,GradientBoosting,0.7229642497658069,0.11408034134992216,0.16761280224797293,0.907537398110515,AF,5,3
angle_rheology_enhanced,SVR_RBF,0.7196907959907861,0.12072448396034906,0.16860015042634097,0.8575109101424891,AF,5,3
angle_engineered,SVR_RBF,0.718855191619677,0.12109454136028094,0.1688512627399057,0.8657395236342603,AF,5,3
angle_engineered,LinearRegression,0.6716514452076628,0.1386989220990286,0.18247645416437866,0.8980756086019244,AF,5,3
angle_rheology_enhanced,LinearRegression,0.6492790919333844,0.14465252973129117,0.18859062819977393,0.8842999106157,AF,5,3
core,LinearRegression,-0.13004121669385715,0.26343132085760745,0.33852162795131224,-0.24785403513285245,AF,5,3
core,SVR_RBF,-0.5871016273154925,0.31305430344951035,0.40118219219372964,-0.3877985622091902,AF,5,3
core,RandomForest,-0.6168550802527089,0.3271513328043434,0.4049252196828264,-0.4156166818950803,AF,5,3
core,XGBoost,-0.723078507666993,0.33903683286691644,0.41801494723664245,-0.4588123176830183,AF,5,3
core,GradientBoosting,-0.8524674063312256,0.35372651189068216,0.4334256073347453,-0.46038871956328004,AF,5,3
angle_engineered,RandomForest,0.762002092794315,0.11231378524771535,0.17032478639217027,0.8917661286082339,AF,5,4
angle_rheology_enhanced,RandomForest,0.7549178672273272,0.11166129632189241,0.17284113493559178,0.8930280246069718,AF,5,4
angle_rheology_enhanced,SVR_RBF,0.7177459281796041,0.12738356979704257,0.1854861093360301,0.8768336926231662,AF,5,4
angle_engineered,SVR_RBF,0.7134643001988954,0.12752714489054437,0.1868876716233488,0.8781218781218781,AF,5,4
angle_rheology_enhanced,GradientBoosting,0.7131938295315938,0.12423240338757084,0.1869758555922468,0.8971817656028181,AF,5,4
angle_engineered,XGBoost,0.7085048533138854,0.1265423017823851,0.18849808740660123,0.8949471581050528,AF,5,4
angle_engineered,GradientBoosting,0.7083296899426855,0.1273063310313924,0.18855471442438407,0.8864030706135969,AF,5,4
angle_rheology_enhanced,XGBoost,0.7072570492978172,0.12508562811616178,0.18890110868481155,0.8935801041064197,AF,5,4
angle_engineered,LinearRegression,0.6950201509806491,0.13922047071506155,0.19280880209770396,0.8801461696198538,AF,5,4
angle_rheology_enhanced,LinearRegression,0.683893919420528,0.143532888165013,0.19629430909273576,0.8778064041221936,AF,5,4
core,LinearRegression,-0.06940073345602316,0.2970826142132068,0.3610451560553367,-0.08838994648879218,AF,5,4
core,XGBoost,-0.5025703452889889,0.3465222659653502,0.42796543133921183,-0.43634236531266646,AF,5,4
core,SVR_RBF,-0.5233058324453059,0.3314396693965401,0.43090827711147317,-0.3061310341806948,AF,5,4
core,RandomForest,-0.5350313307998769,0.3531398792554522,0.4325635351781825,-0.4568303718587903,AF,5,4
core,GradientBoosting,-0.6839904242658192,0.36591464352916014,0.45306560418224523,-0.3973787654335732,AF,5,4
angle_engineered,RandomForest,0.7106669879626814,0.11714005420275735,0.17817478002181886,0.9011514800988484,AF,5,5
angle_rheology_enhanced,RandomForest,0.7026815632332799,0.11807470000374808,0.1806168058056869,0.9027551395972447,AF,5,5
angle_rheology_enhanced,XGBoost,0.65185981596419,0.12902613060889304,0.19544488747480696,0.8879804406120195,AF,5,5
angle_engineered,XGBoost,0.6492437333856302,0.13104000453552642,0.1961778436889448,0.8885325201114673,AF,5,5
angle_rheology_enhanced,GradientBoosting,0.6337469880440462,0.12989343433611159,0.20046466825558298,0.8903392025220067,AF,5,5
angle_engineered,GradientBoosting,0.6250357232049315,0.13242989531873683,0.20283466737756672,0.8891897576108103,AF,5,5
angle_engineered,SVR_RBF,0.6205874081301517,0.1312028591800664,0.2040342646956951,0.8800673011199327,AF,5,5
angle_rheology_enhanced,SVR_RBF,0.615037463515864,0.13186028573152034,0.20552112606071715,0.8761764551238235,AF,5,5
angle_engineered,LinearRegression,0.5910370545506874,0.1574388142246514,0.21183085406192698,0.8732846101267153,AF,5,5
angle_rheology_enhanced,LinearRegression,0.5808037157645927,0.15973562023810936,0.21446476422356794,0.8739944266260056,AF,5,5
core,LinearRegression,-0.05930492248154562,0.274245673319029,0.3409241233190653,-0.201786501207708,AF,5,5
core,RandomForest,-0.4397556152518596,0.3175687616968831,0.39745835220419873,-0.371000395527641,AF,5,5
core,XGBoost,-0.45098210949302353,0.32482295618032475,0.39900493391818254,-0.39461801068646174,AF,5,5
core,SVR_RBF,-0.46370208151685355,0.3087774972463353,0.40075004741225223,-0.22108438940138328,AF,5,5
core,GradientBoosting,-0.5427004184894233,0.33936237064164093,0.4114224971738185,-0.3951964367131859,AF,5,5
angle_engineered,XGBoost,0.7905007001732169,0.10309723211489227,0.1548066850164281,0.8987894654308761,AF,6,1
angle_rheology_enhanced,XGBoost,0.7757243173598526,0.1049933560195722,0.16017307623620974,0.8951804182055887,AF,6,1
angle_engineered,RandomForest,0.7705120884594215,0.10362161331243201,0.16202361950318975,0.8993028024606973,AF,6,1
angle_engineered,GradientBoosting,0.7677643763468032,0.105134509163318,0.16299070655767678,0.9032597625621982,AF,6,1
angle_rheology_enhanced,RandomForest,0.7662556287573614,0.10417021315471457,0.1635192941289707,0.9000410116199591,AF,6,1
angle_rheology_enhanced,GradientBoosting,0.7578821377451084,0.1056310630799078,0.16642242206828356,0.905857182913731,AF,6,1
angle_rheology_enhanced,LinearRegression,0.7290173341637064,0.13418434742728302,0.17606343813248898,0.8833902939166096,AF,6,1
angle_engineered,LinearRegression,0.7288538499661731,0.1302123405367947,0.17611653977613823,0.8787423103212577,AF,6,1
angle_rheology_enhanced,SVR_RBF,0.7236779614197812,0.13002295176096493,0.17778953133260478,0.8673684210526315,AF,6,1
angle_engineered,SVR_RBF,0.7201597611352533,0.13110761478213814,0.17891778146331552,0.8593574846206425,AF,6,1
core,LinearRegression,-0.07167825383681481,0.2848218537384765,0.35013105476409545,-0.05769362239195381,AF,6,1
core,XGBoost,-0.38037559185299763,0.3306218175943274,0.39737181377943553,-0.24955909553145136,AF,6,1
core,RandomForest,-0.38851413732658635,0.3256056269106113,0.3985415228519131,-0.26331259887891717,AF,6,1
core,GradientBoosting,-0.4772305395572256,0.3426304159529859,0.41107641624617297,-0.270177526073293,AF,6,1
core,SVR_RBF,-0.5311539799811458,0.32749943793824665,0.4185119438347104,-0.1446442002148984,AF,6,1
angle_engineered,XGBoost,0.8235915949753279,0.08665809956538213,0.12544563847711088,0.9091697775908303,AF,6,2
angle_engineered,RandomForest,0.8103193509423594,0.08859221677245559,0.1300790759416902,0.8767811136232189,AF,6,2
angle_rheology_enhanced,XGBoost,0.8091190432385307,0.08912403815826812,0.13049000001062852,0.9035438245964562,AF,6,2
angle_rheology_enhanced,RandomForest,0.8055523667616713,0.0893959876071632,0.13170348297519974,0.878752826121247,AF,6,2
angle_rheology_enhanced,SVR_RBF,0.7861002967756533,0.09934155388406476,0.13813413758145884,0.8806193806193806,AF,6,2
angle_engineered,SVR_RBF,0.7838431305022431,0.09839836564770722,0.13886105183523811,0.8791734581208264,AF,6,2
angle_engineered,GradientBoosting,0.7741256686474083,0.09584592983270063,0.14194802997610864,0.9149989155707611,AF,6,2
angle_rheology_enhanced,GradientBoosting,0.7628857633915755,0.09836440897793071,0.14543694546887181,0.909925008728107,AF,6,2
angle_engineered,LinearRegression,0.7588663542234522,0.10608629866167793,0.1466644425195632,0.9040696145959302,AF,6,2
angle_rheology_enhanced,LinearRegression,0.7516370125701246,0.10898210393431541,0.14884675365640265,0.8886113886113886,AF,6,2
core,LinearRegression,-0.14244240519194684,0.2561254133645654,0.31923690157921003,-0.2726179288608883,AF,6,2
core,RandomForest,-0.2737200183208348,0.2745908972587788,0.3370799468652775,-0.21617251748480198,AF,6,2
core,XGBoost,-0.2892250897105122,0.27601774097938037,0.3391253882395966,-0.23502270842874887,AF,6,2
core,GradientBoosting,-0.3576506799333439,0.28370010335249324,0.3480085791081074,-0.308878431387143,AF,6,2
core,SVR_RBF,-0.38312909964488195,0.2790320069969044,0.3512588610872283,-0.1925374803040374,AF,6,2
angle_engineered,RandomForest,0.7135476119551112,0.11463677983119694,0.17156124945451967,0.8940533151059467,AF,6,3
angle_engineered,GradientBoosting,0.7112499457536993,0.10992366557105303,0.1722479310703975,0.9217361585782639,AF,6,3
angle_engineered,XGBoost,0.7037224724057921,0.10887805241820099,0.17447866628273762,0.925074925074925,AF,6,3
angle_rheology_enhanced,RandomForest,0.702332118722953,0.1162554256259878,0.17488757870428023,0.9010726115989273,AF,6,3
angle_rheology_enhanced,XGBoost,0.6938460075087194,0.11081197128791312,0.17736296510478447,0.9228403175771596,AF,6,3
angle_rheology_enhanced,GradientBoosting,0.6925461043233812,0.1129212060141386,0.17773910011910304,0.9137704400862295,AF,6,3
angle_rheology_enhanced,SVR_RBF,0.6511476960620418,0.1287719092317788,0.1893275324546692,0.8914506546085492,AF,6,3
angle_engineered,SVR_RBF,0.6365700538805573,0.13264626124456277,0.19324280452436723,0.8888479941111519,AF,6,3
angle_engineered,LinearRegression,0.5578404175802487,0.15774459826759799,0.21314860645425326,0.8923970766076029,AF,6,3
angle_rheology_enhanced,LinearRegression,0.5485295712797109,0.16187862700095068,0.21538112028164533,0.8913454966086544,AF,6,3
core,LinearRegression,-0.1414611029798487,0.2745411566146653,0.3424707897912944,-0.22151819751472882,AF,6,3
core,RandomForest,-0.4981686836413066,0.3095246062048437,0.39234970848981315,-0.3382783085067068,AF,6,3
core,XGBoost,-0.5192731394272327,0.31148074074881416,0.395103527157208,-0.36115182721038186,AF,6,3
core,GradientBoosting,-0.5778358274199094,0.32033324218465653,0.4026464584383547,-0.3840329191088063,AF,6,3
core,SVR_RBF,-0.6211472222767198,0.3216871582281361,0.40813534344140634,-0.3507141410892796,AF,6,3
angle_engineered,RandomForest,0.7632030181131304,0.106650141261205,0.16475991179795305,0.9186602870813396,AF,6,4
angle_rheology_enhanced,RandomForest,0.7501350976793222,0.10767925313770035,0.16924509761277534,0.9213943950786054,AF,6,4
angle_engineered,XGBoost,0.7379359679609909,0.11090213477493883,0.17332738256637703,0.9219201850780796,AF,6,4
angle_rheology_enhanced,XGBoost,0.7359377086528383,0.11187273502845269,0.17398694526118463,0.9226360655075022,AF,6,4
angle_engineered,GradientBoosting,0.7261195458751433,0.11165839003594218,0.17719195060434112,0.9199676637223758,AF,6,4
angle_rheology_enhanced,SVR_RBF,0.725437903876025,0.11689205083985413,0.17741231393411122,0.9190020505809978,AF,6,4
angle_rheology_enhanced,GradientBoosting,0.7177911146622891,0.11490145178847595,0.17986589004862139,0.9141970805515852,AF,6,4
angle_engineered,SVR_RBF,0.7157490024632157,0.11976836385544645,0.18051548732854683,0.9176087070823913,AF,6,4
angle_engineered,LinearRegression,0.6507840120561492,0.14671704678610858,0.20008315580794014,0.8957358431042641,AF,6,4
angle_rheology_enhanced,LinearRegression,0.6117322017497444,0.15341968403801326,0.21097410631975258,0.8899521531100478,AF,6,4
core,LinearRegression,-0.0950319103478039,0.2963213372242543,0.3543046539200108,-0.08909862901779231,AF,6,4
core,RandomForest,-0.45329101431969976,0.33883320952835394,0.4081687614159041,-0.2906306487022276,AF,6,4
core,SVR_RBF,-0.479143298778022,0.3264206321581961,0.41178317187702945,-0.1598464633898428,AF,6,4
core,XGBoost,-0.5222491278483268,0.34028912859384114,0.4177402635192977,-0.3047619050844654,AF,6,4
core,GradientBoosting,-0.6457294061907597,0.35492952767500013,0.4343528585696949,-0.2954793424405334,AF,6,4
angle_rheology_enhanced,RandomForest,0.8065513683001465,0.10649377009988581,0.15170034217670833,0.8932646301067353,AF,6,5
angle_engineered,RandomForest,0.8051676023847965,0.10809834377665029,0.15224194256090814,0.8910563121089436,AF,6,5
angle_engineered,XGBoost,0.7590532016333145,0.11214101385240431,0.16930286569213893,0.9094852515905146,AF,6,5
angle_rheology_enhanced,XGBoost,0.7517619623844005,0.11288259884524658,0.1718453931314007,0.906093906093906,AF,6,5
angle_rheology_enhanced,SVR_RBF,0.7438607656478473,0.12130866184795801,0.17455881409612656,0.9013355065986643,AF,6,5
angle_rheology_enhanced,GradientBoosting,0.7402258325835264,0.11764430147381656,0.17579305359107328,0.9077298210526581,AF,6,5
angle_engineered,GradientBoosting,0.7333684808543305,0.11703255083738698,0.17809817648578236,0.9099381535644868,AF,6,5
angle_engineered,SVR_RBF,0.7290862322456821,0.1265125485159044,0.17952265703805567,0.8802250381197749,AF,6,5
angle_engineered,LinearRegression,0.6854382293031511,0.14138137845905047,0.19344463954866903,0.8893737841106261,AF,6,5
angle_rheology_enhanced,LinearRegression,0.6553678531130578,0.1508068835491047,0.20247976216394178,0.8790157211209841,AF,6,5
core,LinearRegression,-0.10156946250549992,0.29450467072029535,0.3620009191732936,-0.3095801457546457,AF,6,5
core,RandomForest,-0.46234539330610636,0.34624952679110943,0.4170889747518187,-0.34412545691099616,AF,6,5
core,XGBoost,-0.4630426475770735,0.34522860136354117,0.4171883980525041,-0.2887470671371943,AF,6,5
core,SVR_RBF,-0.5205441246214324,0.33202658157141346,0.4253076975626406,-0.1976365118857415,AF,6,5
core,GradientBoosting,-0.6016668644590872,0.3672373693784941,0.43650560505088065,-0.345845685257048,AF,6,5
angle_engineered,RandomForest,0.8180949750011539,0.09666575589515147,0.1458059148817784,0.8870053794149753,AF,7,1
angle_rheology_enhanced,RandomForest,0.7977786216471161,0.09997129585648157,0.1537327256662396,0.8861851414092283,AF,7,1
angle_engineered,XGBoost,0.7719981025711956,0.10746986361854953,0.16323828550936312,0.9100478468899521,AF,7,1
angle_engineered,GradientBoosting,0.7694776974128859,0.10617887677943595,0.1641380496183194,0.9073746232243631,AF,7,1
angle_rheology_enhanced,XGBoost,0.7405622163658159,0.11174990701123286,0.1741283187758926,0.9069583048530416,AF,7,1
angle_rheology_enhanced,GradientBoosting,0.7390728877110604,0.11047635048683042,0.1746274040902008,0.9083862500981179,AF,7,1
angle_engineered,LinearRegression,0.7142521736258581,0.1354363521558359,0.18274447764062002,0.8886397812713601,AF,7,1
angle_rheology_enhanced,LinearRegression,0.6992782963652119,0.1404400429564982,0.18747146821741537,0.8914832535885167,AF,7,1
angle_engineered,SVR_RBF,0.6111587648257166,0.1480697904171638,0.21317631523796718,0.8066712235133288,AF,7,1
angle_rheology_enhanced,SVR_RBF,0.6040986015158574,0.1543313490480295,0.2151029230351465,0.8013943950786055,AF,7,1
core,LinearRegression,-0.14879964406568336,0.3021195846454273,0.3664164310424352,-0.27500546958979644,AF,7,1
core,RandomForest,-0.4539143191368844,0.33904688436578545,0.412213490697393,-0.31107343905942336,AF,7,1
core,XGBoost,-0.52751824954296,0.33847369629859925,0.42251876130306326,-0.28063819409742735,AF,7,1
core,SVR_RBF,-0.5908731269086249,0.34877947991201147,0.43119187323891195,-0.22480312883246448,AF,7,1
core,GradientBoosting,-0.6734864612821136,0.3522092814179742,0.4422459818895673,-0.2923628028753688,AF,7,1
angle_engineered,RandomForest,0.7208570592464307,0.11914821938581867,0.18254460795203545,0.8949471581050528,AF,7,2
angle_rheology_enhanced,RandomForest,0.7115683270033535,0.12046791535806417,0.18555692161012477,0.8971554761028444,AF,7,2
angle_engineered,XGBoost,0.6637749993738532,0.1315394664204585,0.20034139153740044,0.8916346811083653,AF,7,2
angle_rheology_enhanced,SVR_RBF,0.6616556745470819,0.14063246182064243,0.2009718049630811,0.8836689626163309,AF,7,2
angle_rheology_enhanced,XGBoost,0.6607159330197683,0.13194628451359736,0.20125070810875367,0.8953677901046321,AF,7,2
angle_engineered,GradientBoosting,0.6431112844900235,0.13306605057242915,0.20640589303263046,0.8961038961038961,AF,7,2
angle_rheology_enhanced,GradientBoosting,0.6416742457778495,0.13343991990269954,0.20682102982691894,0.8966822651033177,AF,7,2
angle_engineered,SVR_RBF,0.6396551897411,0.14567529475787178,0.2074028979411556,0.8840895946159102,AF,7,2
angle_engineered,LinearRegression,0.6364727444471552,0.1581512356619352,0.2083167413294223,0.8753614806246384,AF,7,2
angle_rheology_enhanced,LinearRegression,0.6231652381057158,0.16360739975688451,0.21209535806931196,0.8775435091224563,AF,7,2
core,LinearRegression,-0.10387938116273698,0.29776263209839887,0.3630082499312915,-0.2364486046873132,AF,7,2
core,XGBoost,-0.344922872895284,0.3264338055583409,0.4006861899202242,-0.2715208722864543,AF,7,2
core,RandomForest,-0.35655550395955093,0.32505406683076543,0.4024152850985957,-0.31424383694058056,AF,7,2
core,GradientBoosting,-0.45039617283353595,0.3422622546115171,0.4161012371227397,-0.33855012423240893,AF,7,2
core,SVR_RBF,-0.4554324340331959,0.3182813532590238,0.41682303250351493,-0.22782513859097267,AF,7,2
angle_engineered,RandomForest,0.7242700458500717,0.1157037572792395,0.169978518129806,0.9059887480940112,AF,7,3
angle_rheology_enhanced,RandomForest,0.7181943052640094,0.11760250137976859,0.17184106159175475,0.9050423260949576,AF,7,3
angle_engineered,GradientBoosting,0.6994485943204731,0.11210949566978101,0.1774644821796554,0.912034176878006,AF,7,3
angle_engineered,XGBoost,0.6980312645443539,0.11536882817602777,0.1778824304127622,0.9080656185919344,AF,7,3
angle_rheology_enhanced,GradientBoosting,0.6896714307869254,0.11202843631483857,0.18032790781668884,0.911618369569536,AF,7,3
angle_rheology_enhanced,XGBoost,0.6879594396909114,0.11854607141271813,0.18082463160332143,0.9059361690940636,AF,7,3
angle_engineered,LinearRegression,0.6428646736369387,0.14092353650062905,0.19344988234344515,0.8926599716073399,AF,7,3
angle_rheology_enhanced,SVR_RBF,0.6306201878484372,0.13444979182721825,0.19673817684075187,0.8783584836216415,AF,7,3
angle_engineered,SVR_RBF,0.6150356113110802,0.13912511784793213,0.20084560966601706,0.8739155581260845,AF,7,3
angle_rheology_enhanced,LinearRegression,0.6044485145180071,0.14876207545832523,0.2035886555293291,0.8685525001314474,AF,7,3
core,LinearRegression,-0.10477107516233986,0.2705610524146393,0.34024222675797683,-0.2023426108555351,AF,7,3
core,RandomForest,-0.3964141754063182,0.30826458456514766,0.382524440720574,-0.21876150891598467,AF,7,3
core,XGBoost,-0.41657310488077726,0.30710679183117756,0.38527564878585197,-0.19604286013182246,AF,7,3
core,GradientBoosting,-0.5040662754347203,0.32053060416599904,0.3969954700122328,-0.25542321171009236,AF,7,3
core,SVR_RBF,-0.6406021519582363,0.324256383825633,0.414623299049585,-0.3425837083481838,AF,7,3
angle_engineered,RandomForest,0.8383975012657741,0.08779791094833596,0.12628421745622806,0.9184236815815762,AF,7,4
angle_engineered,SVR_RBF,0.8368844280425118,0.09084004110389321,0.12687403534344763,0.9426363110573637,AF,7,4
angle_rheology_enhanced,RandomForest,0.8337982117554656,0.08969401174112787,0.12806866655680882,0.9178978915821021,AF,7,4
angle_rheology_enhanced,SVR_RBF,0.8286358554031881,0.0951259200348907,0.13004241325093863,0.936431989063568,AF,7,4
angle_engineered,XGBoost,0.8115804586435992,0.09213304011605004,0.136360320314833,0.9318313265681685,AF,7,4
angle_rheology_enhanced,XGBoost,0.810359464735494,0.09257558434424462,0.13680142705926276,0.9296755875703244,AF,7,4
angle_engineered,GradientBoosting,0.8069390874188541,0.09280890263950309,0.138029596664274,0.9301154774076842,AF,7,4
angle_rheology_enhanced,GradientBoosting,0.8068907125344467,0.09328611692942067,0.13804688848030133,0.9285643867148521,AF,7,4
angle_engineered,LinearRegression,0.7184928656618478,0.11887721849964653,0.1666747239369335,0.8702350281297649,AF,7,4
angle_rheology_enhanced,LinearRegression,0.7075295123367666,0.1227911026945436,0.16988931536711316,0.8692360271307639,AF,7,4
core,LinearRegression,-0.08176154800562974,0.2674321920118035,0.3267313533159418,-0.13532006096910001,AF,7,4
core,XGBoost,-0.37807975803830884,0.2890223712450498,0.3687756340497625,-0.2328598756563666,AF,7,4
core,GradientBoosting,-0.3934354160860529,0.2979120408509015,0.3708245375869294,-0.24092125131163938,AF,7,4
core,RandomForest,-0.5331447996125829,0.31117106305928793,0.3889704673436998,-0.3993821302089517,AF,7,4
core,SVR_RBF,-0.5835948300404432,0.31157669602352506,0.3953184457374465,-0.18085616852660558,AF,7,4
angle_engineered,XGBoost,0.864066001880814,0.08103024999395593,0.11892352208347083,0.9344602765655396,AF,7,5
angle_rheology_enhanced,GradientBoosting,0.8627704134118002,0.08122942984412382,0.11948890881646587,0.9316473000683527,AF,7,5
angle_rheology_enhanced,XGBoost,0.8570942674693445,0.0825062153808792,0.12193504499239274,0.9324885640675113,AF,7,5
angle_engineered,GradientBoosting,0.8431222766007483,0.08654498088146732,0.12775689752221472,0.9325148535674851,AF,7,5
angle_rheology_enhanced,RandomForest,0.8399618031914642,0.08949638736171238,0.12903738174413576,0.917792733582207,AF,7,5
angle_engineered,RandomForest,0.8386517870086824,0.08830124844550935,0.12956443260650524,0.9190020505809978,AF,7,5
angle_engineered,SVR_RBF,0.7930642322587729,0.09903420977291977,0.14673087215117148,0.914716862085283,AF,7,5
angle_rheology_enhanced,SVR_RBF,0.7929549843534363,0.10156538618052154,0.14676959896353756,0.9137967295862033,AF,7,5
angle_engineered,LinearRegression,0.7699237146325526,0.11870550831422279,0.15471757369434957,0.9136915715863084,AF,7,5
angle_rheology_enhanced,LinearRegression,0.7640865819240217,0.12099565723913729,0.15666790613798048,0.9090909090909092,AF,7,5
core,LinearRegression,-0.026873614987485306,0.2613278434824953,0.32686033022548155,0.0028525794861370417,AF,7,5
core,SVR_RBF,-0.45602776923511024,0.310265320911185,0.3892140834808122,-0.10381023134573372,AF,7,5
core,RandomForest,-0.4954929628569831,0.32349341159315764,0.3944535822784088,-0.34562724112322407,AF,7,5
core,XGBoost,-0.6035111032814675,0.33844817794601634,0.4084507551905843,-0.3575607006448507,AF,7,5
core,GradientBoosting,-0.6314228974709968,0.3415901926963645,0.41199030316625845,-0.36077168529704606,AF,7,5
angle_engineered,RandomForest,0.8256690951374961,0.09327382953611944,0.13273114841644176,0.9162816131237184,AF,8,1
angle_engineered,XGBoost,0.8197650440595228,0.09247009430433575,0.1349600318851136,0.9110594668489405,AF,8,1
angle_rheology_enhanced,RandomForest,0.8152136540297499,0.09439520249982597,0.13665344941624386,0.9203554340396446,AF,8,1
angle_engineered,GradientBoosting,0.8125706721358611,0.09413774721898158,0.13762725051123467,0.9125284520271412,AF,8,1
angle_rheology_enhanced,XGBoost,0.8120794485668281,0.09455709486459432,0.1378074824734221,0.9118523581681476,AF,8,1
angle_engineered,SVR_RBF,0.8042256822242777,0.10048461652647521,0.14065770252256235,0.9075871496924128,AF,8,1
angle_rheology_enhanced,GradientBoosting,0.8012543905869,0.09659517778686168,0.14172107288022098,0.9093220687393614,AF,8,1
angle_rheology_enhanced,SVR_RBF,0.798295821966965,0.10135584259033838,0.1427720209045946,0.909583048530417,AF,8,1
angle_engineered,LinearRegression,0.7230386745513269,0.12145048807145632,0.16729972392423642,0.901408065618592,AF,8,1
angle_rheology_enhanced,LinearRegression,0.705941118386236,0.1313700432048717,0.17238632464681145,0.8910184552289815,AF,8,1
core,LinearRegression,-0.12649991279299755,0.2705034760123398,0.33740478786290695,-0.1567686547062838,AF,8,1
core,RandomForest,-0.55513000884158,0.3243061193056625,0.39643228049791673,-0.3891532010302929,AF,8,1
core,XGBoost,-0.5886599068632226,0.3302020183312266,0.40068319442838946,-0.3725314619705494,AF,8,1
core,SVR_RBF,-0.6513003477094392,0.3218260931358643,0.408506241096415,-0.23636289101045962,AF,8,1
core,GradientBoosting,-0.6798876817592261,0.3396930373919724,0.412027100986845,-0.4418270823133707,AF,8,1
angle_engineered,XGBoost,0.7441880022746181,0.11053579124153436,0.17320425132728126,0.930700878069299,AF,8,2
angle_engineered,RandomForest,0.7333271966384265,0.1172610029684289,0.17684282997686648,0.9073032230926968,AF,8,2
angle_rheology_enhanced,RandomForest,0.7254540533199954,0.11600934691574057,0.17943436047594433,0.9073295125926704,AF,8,2
angle_rheology_enhanced,XGBoost,0.7206993567514081,0.11415848630583131,0.1809814489830267,0.9289131920710867,AF,8,2
angle_rheology_enhanced,SVR_RBF,0.7059704639970235,0.11686328881212178,0.18569216182054396,0.9192123665807875,AF,8,2
angle_engineered,GradientBoosting,0.7040023999860661,0.11800149390060835,0.1863125834442089,0.9272752369547309,AF,8,2
angle_engineered,LinearRegression,0.6932731182473443,0.135556274281611,0.18965924298510314,0.9081444870918555,AF,8,2
angle_rheology_enhanced,GradientBoosting,0.6810922067930334,0.12015085858338191,0.19338850637129826,0.9240880710624192,AF,8,2
angle_rheology_enhanced,LinearRegression,0.6776748148837954,0.1404459254520365,0.19442191360937214,0.9044113780955886,AF,8,2
angle_engineered,SVR_RBF,0.6751647168143227,0.1249156536485239,0.19517747300622473,0.9030706135969293,AF,8,2
core,LinearRegression,-0.0627931059211877,0.28336184882629273,0.35303881548564753,-0.11714210631942493,AF,8,2
core,RandomForest,-0.42458367143389375,0.3287246820399887,0.40873523163598646,-0.36185205401368803,AF,8,2
core,XGBoost,-0.4260710942532686,0.32643962184361053,0.40894855834704175,-0.35086174276371734,AF,8,2
core,SVR_RBF,-0.4745740089290258,0.3328358553983579,0.41584490073648883,-0.21875903840888228,AF,8,2
core,GradientBoosting,-0.5065856177636152,0.3377037311779052,0.4203344655003238,-0.3713436864568445,AF,8,2
angle_engineered,RandomForest,0.8086371018316411,0.10618144275789752,0.1521264593832241,0.8936852621063147,AF,8,3
angle_rheology_enhanced,RandomForest,0.7912827998755458,0.10833456717176417,0.15887479668870813,0.8912666281087332,AF,8,3
angle_engineered,XGBoost,0.7755084967107428,0.11023057167201847,0.16476912741837632,0.9055681160944319,AF,8,3
angle_rheology_enhanced,XGBoost,0.7710123266020126,0.10996158672035515,0.1664109653535446,0.9100110415899889,AF,8,3
angle_rheology_enhanced,GradientBoosting,0.759803994956636,0.1137434591523883,0.17043499713522753,0.9072243545927755,AF,8,3
angle_engineered,GradientBoosting,0.7562367969711824,0.11377143883891294,0.1716959146423084,0.9070666175929333,AF,8,3
angle_engineered,SVR_RBF,0.7098495416572138,0.12716858983244303,0.18732145314779902,0.8759924286240075,AF,8,3
angle_engineered,LinearRegression,0.6879261508839596,0.14584847526917724,0.19426947945251885,0.8789105631210894,AF,8,3
angle_rheology_enhanced,SVR_RBF,0.6827057383438832,0.13513049282635153,0.1958876231357434,0.8728376886271623,AF,8,3
angle_rheology_enhanced,LinearRegression,0.6776020440757291,0.14345905524781463,0.19745676952732052,0.8783321941216677,AF,8,3
core,LinearRegression,-0.08263887080935284,0.3038928325337142,0.3618409338792619,-0.11668277078728757,AF,8,3
core,SVR_RBF,-0.4139944029418292,0.33262789168764656,0.4135230600086946,-0.1314061488046109,AF,8,3
core,RandomForest,-0.4330131518322624,0.34543922829964396,0.41629479016570925,-0.26020941470973075,AF,8,3
core,XGBoost,-0.5114780945647341,0.3587828253634564,0.42754006252677895,-0.3672586746018116,AF,8,3
core,GradientBoosting,-0.6450928820161412,0.37254631915684816,0.44603721895828446,-0.3075335421300889,AF,8,3
angle_engineered,RandomForest,0.7504811080878405,0.10730443679378811,0.16377056177519936,0.9013617960986381,AF,8,4
angle_rheology_enhanced,RandomForest,0.7488691177716432,0.10569311958067058,0.1642987212844025,0.8999947421000052,AF,8,4
angle_engineered,SVR_RBF,0.73494823411113,0.11271398074345984,0.16879107270799393,0.8892423366107575,AF,8,4
angle_rheology_enhanced,SVR_RBF,0.7332675433073865,0.11322610376288475,0.1693253783575698,0.8894000736105998,AF,8,4
angle_rheology_enhanced,XGBoost,0.727932379632694,0.10954852327916528,0.17101041120081228,0.9105368315894631,AF,8,4
angle_engineered,XGBoost,0.7231776797174755,0.11124542160529592,0.17249824244501072,0.905600357559109,AF,8,4
angle_rheology_enhanced,GradientBoosting,0.712601067116365,0.1135888167114931,0.175762692885572,0.9126459898587531,AF,8,4
angle_engineered,GradientBoosting,0.7063689645011004,0.11468452561163178,0.177658135756717,0.9180748072836655,AF,8,4
angle_engineered,LinearRegression,0.6711355544778639,0.13787153162652582,0.18801503670509662,0.862321888637678,AF,8,4
angle_rheology_enhanced,LinearRegression,0.6294093723530663,0.1472146280275266,0.1995865807584402,0.8592985961407013,AF,8,4
core,LinearRegression,-0.16062497784708452,0.2896643644093995,0.35320763160399526,-0.35447847164028945,AF,8,4
core,SVR_RBF,-0.44804179602741545,0.29919378888238607,0.39452512939613504,-0.10441767106392803,AF,8,4
core,RandomForest,-0.502219380779162,0.3201558373034001,0.40183781398041407,-0.30068555838414024,AF,8,4
core,XGBoost,-0.5599950926720159,0.3267194072475681,0.4094922985993312,-0.297510124167264,AF,8,4
core,GradientBoosting,-0.7660699995918614,0.3472836248712332,0.4357005205611764,-0.26609261677285684,AF,8,4
angle_engineered,RandomForest,0.7320098953286465,0.10478365063360652,0.16045823688421,0.8868353599188786,AF,8,5
angle_rheology_enhanced,RandomForest,0.7285339740067025,0.1059874795080811,0.16149548287246024,0.886297912613702,AF,8,5
angle_engineered,XGBoost,0.7008371780627444,0.1091711652384176,0.16953385882906377,0.9047005625952993,AF,8,5
angle_engineered,LinearRegression,0.699709401755439,0.12009452219100983,0.169853110424542,0.8899258636100741,AF,8,5
angle_engineered,GradientBoosting,0.693972496285042,0.10911777878760175,0.17146791483076698,0.9004738713709352,AF,8,5
angle_rheology_enhanced,XGBoost,0.6892749211507183,0.10970227764724139,0.17277893397930555,0.9046742730953257,AF,8,5
angle_rheology_enhanced,GradientBoosting,0.6640246717479867,0.109520639434655,0.17966204145636713,0.8989431621010567,AF,8,5
angle_rheology_enhanced,LinearRegression,0.6576028365167444,0.12877344237231106,0.18137094499069864,0.8860613071139386,AF,8,5
angle_rheology_enhanced,SVR_RBF,0.6267372645126271,0.12804498852839757,0.18936946575186217,0.855328881644671,AF,8,5
angle_engineered,SVR_RBF,0.5997102141113602,0.1318807941490509,0.1961055527412242,0.8599295441400705,AF,8,5
core,LinearRegression,-0.07063152617100354,0.2607239545512658,0.3207174945223949,-0.29531233609023144,AF,8,5
core,RandomForest,-0.49704125348782147,0.30963916418426335,0.37924470055394294,-0.31366337197636385,AF,8,5
core,XGBoost,-0.5665601510374365,0.31882902296437843,0.38795037342948524,-0.381441266696205,AF,8,5
core,SVR_RBF,-0.5714372093995852,0.30945692981219697,0.3885537930615578,-0.3081159957987507,AF,8,5
core,GradientBoosting,-0.7031526189670396,0.33747039349291463,0.40451014684116027,-0.4163188586449774,AF,8,5
angle_engineered,RandomForest,0.7826333937097187,0.10541113657870999,0.15675259950878714,0.8973889268626112,AF,9,1
angle_rheology_enhanced,RandomForest,0.7735682584635486,0.10747378933038097,0.15998784650368653,0.8958031442241968,AF,9,1
angle_rheology_enhanced,GradientBoosting,0.7688083220200176,0.10417141418375424,0.16166069360386673,0.9073882938577922,AF,9,1
angle_engineered,XGBoost,0.7667285033316021,0.10407608837730005,0.16238622174664857,0.9016192865507039,AF,9,1
angle_engineered,GradientBoosting,0.7656606036104716,0.10592439532538758,0.16275749339644635,0.9130205948305894,AF,9,1
angle_rheology_enhanced,XGBoost,0.7505991453140484,0.10868015461821305,0.1679064223314675,0.9004436120757997,AF,9,1
angle_engineered,LinearRegression,0.7350917613492276,0.1264222544704344,0.17304779578751964,0.8939986329460013,AF,9,1
angle_rheology_enhanced,SVR_RBF,0.7247623242654355,0.12466754360949835,0.17638931762835053,0.887846889952153,AF,9,1
angle_engineered,SVR_RBF,0.7199965397854322,0.12314067830395393,0.17790986838826273,0.8860970608339029,AF,9,1
angle_rheology_enhanced,LinearRegression,0.702716113981962,0.13823170095693288,0.1833175413771754,0.8880382775119617,AF,9,1
core,LinearRegression,-0.04282875186409818,0.28709916088497833,0.34334034370827154,-0.03606510318464198,AF,9,1
core,XGBoost,-0.29353525100811195,0.319953523569107,0.38239083392097173,-0.12606552818145098,AF,9,1
core,RandomForest,-0.3511762008935191,0.32331364316353844,0.39081779744678996,-0.20178958415667766,AF,9,1
core,GradientBoosting,-0.44952017087715834,0.3404968204090855,0.4047906485045985,-0.1712363887292781,AF,9,1
core,SVR_RBF,-0.513016628547954,0.33183483208450015,0.41356158375135404,-0.2464950001588684,AF,9,1
angle_engineered,RandomForest,0.7029093364200115,0.11946892677626607,0.17985849381602628,0.8929491561070507,AF,9,2
angle_rheology_enhanced,RandomForest,0.699114826217647,0.11958185150712453,0.1810034465157317,0.9014071547539102,AF,9,2
angle_rheology_enhanced,XGBoost,0.6944098760193574,0.11519485989310527,0.18241313513094262,0.9208160260791839,AF,9,2
angle_engineered,XGBoost,0.6883105967065968,0.11608294946893467,0.18422453502568592,0.9170303380829695,AF,9,2
angle_rheology_enhanced,LinearRegression,0.6771024283756748,0.135292911791829,0.1875075847249318,0.8958147116041852,AF,9,2
angle_engineered,LinearRegression,0.6697234779825028,0.1374207584004843,0.1896379716897225,0.8943424996056575,AF,9,2
angle_engineered,GradientBoosting,0.6469711597452661,0.12228389158949986,0.19606114892160617,0.9132709395867289,AF,9,2
angle_rheology_enhanced,GradientBoosting,0.6392253880075838,0.12434015886390386,0.1982003579244287,0.9145854145854145,AF,9,2
angle_rheology_enhanced,SVR_RBF,0.6004777659203167,0.13304798906552004,0.20857244252634666,0.8996792681003207,AF,9,2
angle_engineered,SVR_RBF,0.585754724348537,0.1365068689405191,0.21238079020455639,0.888006730111993,AF,9,2
core,LinearRegression,-0.1062154077662314,0.2760467556124527,0.34706139004632125,-0.23989273291481505,AF,9,2
core,SVR_RBF,-0.5138667285420035,0.3190250411042631,0.40600396269258765,-0.25374811899033783,AF,9,2
core,RandomForest,-0.553732559069928,0.3313860452204589,0.4113150338931639,-0.40609964632697504,AF,9,2
core,XGBoost,-0.6499353356882278,0.3414288073408449,0.42385753892305095,-0.4515183397770494,AF,9,2
core,GradientBoosting,-0.776332862585569,0.35673643973843994,0.4397933168668958,-0.46651154942957573,AF,9,2
angle_engineered,RandomForest,0.7774346946193929,0.1060915476693809,0.15923212960410568,0.9023607970976392,AF,9,3
angle_rheology_enhanced,RandomForest,0.7699343898074462,0.10647598486842758,0.16189290788711913,0.8984962406015037,AF,9,3
angle_engineered,SVR_RBF,0.7641947534178669,0.11502491090207953,0.16389990534450333,0.8936852621063147,AF,9,3
angle_engineered,XGBoost,0.7539037708289735,0.11115368040654565,0.16743816295277256,0.921262947578737,AF,9,3
angle_engineered,GradientBoosting,0.7508967741848864,0.11437912478275028,0.16845800247696524,0.9126925705873074,AF,9,3
angle_rheology_enhanced,SVR_RBF,0.7494009230719676,0.11632008167033911,0.16896303593767553,0.8903727851096271,AF,9,3
angle_rheology_enhanced,GradientBoosting,0.7389302714544193,0.11253504322223143,0.17245676280439648,0.9156107050843891,AF,9,3
angle_rheology_enhanced,XGBoost,0.7290758238611501,0.11395571294512069,0.17568142746817275,0.9173983910826015,AF,9,3
angle_engineered,LinearRegression,0.6526749356509114,0.14394959569155025,0.198916144677335,0.8818024081181975,AF,9,3
angle_rheology_enhanced,LinearRegression,0.633017177582978,0.14707491734061304,0.2044677599528025,0.8773069036226929,AF,9,3
core,LinearRegression,-0.09965031674511615,0.27620790031850756,0.3539396953216676,-0.207760966601683,AF,9,3
core,SVR_RBF,-0.44482793022469536,0.30772266445749613,0.40570469642448886,-0.293520697453273,AF,9,3
core,RandomForest,-0.5588175266468745,0.3374256793082374,0.4214049288934292,-0.4467185912907776,AF,9,3
core,XGBoost,-0.7012598957468952,0.3510612005055415,0.44023777319773355,-0.45086955985264954,AF,9,3
core,GradientBoosting,-0.8539841972764981,0.37023519091392265,0.45957350689745124,-0.47230182873350895,AF,9,3
angle_engineered,RandomForest,0.7961001161730373,0.09489487761166093,0.1488615837572951,0.8978915821021084,AF,9,4
angle_rheology_enhanced,RandomForest,0.7875709111240887,0.09542787288041218,0.1519431547266754,0.9022293495977706,AF,9,4
angle_engineered,XGBoost,0.7705937015628185,0.09444709527597799,0.1578980675001573,0.9035701140964297,AF,9,4
angle_engineered,GradientBoosting,0.7481367425930268,0.10031697037175767,0.16544610755059602,0.908531656071834,AF,9,4
angle_rheology_enhanced,XGBoost,0.7457652732025795,0.09601080756546616,0.1662231782969712,0.9101687785898311,AF,9,4
angle_engineered,LinearRegression,0.7356312933443605,0.1186854738638662,0.16950369477325053,0.8759135601240864,AF,9,4
angle_rheology_enhanced,GradientBoosting,0.7283634945645678,0.10279973271903199,0.17181782352326552,0.9067774330932225,AF,9,4
angle_rheology_enhanced,LinearRegression,0.7189402811748165,0.1304737232775575,0.17477264132879888,0.8799358536200641,AF,9,4
angle_engineered,SVR_RBF,0.7027569259840991,0.10714677563640392,0.17973390826938085,0.9162153635837845,AF,9,4
angle_rheology_enhanced,SVR_RBF,0.6942994810370072,0.1087462374534006,0.18227295484383413,0.9175824175824174,AF,9,4
core,LinearRegression,-0.0872099291853532,0.2857353060819462,0.34374061610437867,-0.21942514646359215,AF,9,4
core,SVR_RBF,-0.6087427269548986,0.3330943922377141,0.41813588824454817,-0.2011002810088685,AF,9,4
core,RandomForest,-0.6206324450498168,0.3483620061717213,0.41967820007777884,-0.456149807230209,AF,9,4
core,XGBoost,-0.6822006653446329,0.3591277777827869,0.4275757303591651,-0.4699000290850446,AF,9,4
core,GradientBoosting,-0.811806283555139,0.37830996016795937,0.4437414792350927,-0.4968581585062264,AF,9,4
angle_engineered,RandomForest,0.8168721522585538,0.09298619960386181,0.13517135868928562,0.9013355065986643,AF,9,5
angle_rheology_enhanced,RandomForest,0.8092957414733764,0.09421997664742673,0.13793919244813826,0.9056732740943267,AF,9,5
angle_engineered,XGBoost,0.7945323333668146,0.09608133087802244,0.14317896806856903,0.9296159736252467,AF,9,5
angle_rheology_enhanced,XGBoost,0.7894378856242281,0.09624362557002478,0.14494311814593175,0.9300366083894045,AF,9,5
angle_engineered,GradientBoosting,0.7860087683001451,0.0957702544567495,0.14611859000807823,0.9275442335671229,AF,9,5
angle_rheology_enhanced,GradientBoosting,0.7730796279647423,0.09707911305294392,0.15046802722057318,0.9322238875898248,AF,9,5
angle_engineered,SVR_RBF,0.6891227616725621,0.12209439308402281,0.17611727053620094,0.8772280351227718,AF,9,5
angle_rheology_enhanced,SVR_RBF,0.686108926469569,0.1211948819721596,0.17696890602988807,0.8824333561175666,AF,9,5
angle_engineered,LinearRegression,0.6813166700000789,0.1301520209458336,0.17831470393041643,0.8902676271097323,AF,9,5
angle_rheology_enhanced,LinearRegression,0.6686998263367792,0.13229155657682568,0.18181022961515597,0.8900047321099952,AF,9,5
core,LinearRegression,-0.07538015410333254,0.2602726758343627,0.327558212316221,-0.13203715071963906,AF,9,5
core,RandomForest,-0.2926107212900473,0.28191873572348397,0.35912146199046424,-0.03349634556043431,AF,9,5
core,GradientBoosting,-0.30728630961264947,0.28434659393334427,0.36115434160997717,-0.07873891665067705,AF,9,5
core,XGBoost,-0.3426235733554668,0.2834530895981231,0.36600297676048515,-0.11347322113803825,AF,9,5
core,SVR_RBF,-0.5166698137159349,0.3063532458105505,0.3890030487729197,-0.06617632583857656,AF,9,5
angle_engineered,GradientBoosting,0.8321346239738654,0.08995334402119329,0.12617588957895226,0.9165276828434723,AF,10,1
angle_rheology_enhanced,XGBoost,0.8320728651231575,0.09174178339355872,0.12619909794245426,0.9002597402597403,AF,10,1
angle_rheology_enhanced,GradientBoosting,0.8260611740491994,0.09129021127649237,0.12843816101518812,0.9129721528146727,AF,10,1
angle_rheology_enhanced,RandomForest,0.8249895541715058,0.08670756509955431,0.12883320089305214,0.8994941900205059,AF,10,1
angle_engineered,XGBoost,0.8237535118147784,0.0941862199276372,0.12928735410100067,0.8919753930280245,AF,10,1
angle_engineered,RandomForest,0.816469070213881,0.08813402209290583,0.13193209046886817,0.8873061333504161,AF,10,1
angle_rheology_enhanced,LinearRegression,0.7856126890885681,0.11261022387674358,0.1425920622091269,0.9131647300068354,AF,10,1
angle_engineered,LinearRegression,0.7847276234755003,0.10906089821928018,0.14288609394484358,0.9088721804511277,AF,10,1
angle_rheology_enhanced,SVR_RBF,0.7526978552614497,0.11548390830105733,0.1531474440001829,0.8611893369788106,AF,10,1
angle_engineered,SVR_RBF,0.737368516963747,0.11972761985124684,0.15782260391999095,0.8472453861927546,AF,10,1
core,LinearRegression,-0.14459108630899808,0.2517541313921918,0.329473880678832,-0.2979738607859614,AF,10,1
core,SVR_RBF,-0.457009211028671,0.28467943838537774,0.37172944233649835,-0.2945012587836841,AF,10,1
core,RandomForest,-0.5846972117754694,0.3024341417931702,0.38767603802341294,-0.2966613812890377,AF,10,1
core,GradientBoosting,-0.6004698475051524,0.3115395604852537,0.3896005486364204,-0.237520340672896,AF,10,1
core,XGBoost,-0.6139436554397315,0.31372437175248796,0.39123706837538985,-0.2706911932233685,AF,10,1
angle_engineered,RandomForest,0.7366497724401352,0.11114721492738132,0.17207400400362777,0.9128765970871233,AF,10,2
angle_rheology_enhanced,RandomForest,0.7349214851846801,0.11211897514233239,0.17263771526368232,0.9150060465849938,AF,10,2
angle_engineered,GradientBoosting,0.7182156805800395,0.11134736873658367,0.17799459984481533,0.9184357542692919,AF,10,2
angle_rheology_enhanced,XGBoost,0.7140572443310084,0.11397049924231194,0.17930316868615806,0.9103790945896209,AF,10,2
angle_engineered,XGBoost,0.7134769466270932,0.11553615409058413,0.1794850171132674,0.9105033815288239,AF,10,2
angle_rheology_enhanced,GradientBoosting,0.7066334292406129,0.11241936710145929,0.1816158416282314,0.9202042707772147,AF,10,2
angle_rheology_enhanced,SVR_RBF,0.6999795215068422,0.12708523428866642,0.1836639266747645,0.8989431621010567,AF,10,2
angle_engineered,SVR_RBF,0.692443587576766,0.13038119483101926,0.1859562624289312,0.9032020610967978,AF,10,2
angle_engineered,LinearRegression,0.6696823810947804,0.13999037680486232,0.19271445231610107,0.8942110521057889,AF,10,2
angle_rheology_enhanced,LinearRegression,0.6482903285139298,0.14661535292678157,0.19885685698803246,0.8945002366054997,AF,10,2
core,LinearRegression,-0.023246292745362496,0.27986320050467656,0.3391864585100213,0.1312949404883018,AF,10,2
core,XGBoost,-0.305089219374467,0.3157503442070701,0.3830615102576036,-0.14394541942829983,AF,10,2
core,RandomForest,-0.3143918866923807,0.31537190504091855,0.38442431600717575,-0.15774322045050276,AF,10,2
core,GradientBoosting,-0.39171128668356925,0.32445976696406453,0.39556967468348453,-0.18428957396943701,AF,10,2
core,SVR_RBF,-0.3985784979624818,0.32392234940783143,0.3965444162832018,-0.18053711580560036,AF,10,2
angle_engineered,LinearRegression,0.733083911196524,0.12749055281983068,0.17635764088497205,0.8942110521057889,AF,10,3
angle_engineered,RandomForest,0.7299196291047689,0.11650766613072595,0.17739991817173423,0.8889005731110994,AF,10,3
angle_rheology_enhanced,RandomForest,0.7280414899982972,0.1167329430429839,0.17801566912672684,0.8879804406120195,AF,10,3
angle_rheology_enhanced,LinearRegression,0.7194703662109324,0.1336427624545598,0.1807991052510242,0.891108891108891,AF,10,3
angle_engineered,XGBoost,0.7019131321915133,0.12233441585045357,0.18637099606562796,0.8980230296019769,AF,10,3
angle_rheology_enhanced,XGBoost,0.699659476506626,0.12217695895702808,0.187074189018245,0.9010200325989798,AF,10,3
angle_engineered,GradientBoosting,0.6622759784477709,0.1319648246518824,0.19837542973248487,0.8924233661075766,AF,10,3
angle_rheology_enhanced,GradientBoosting,0.6590260396655807,0.1333078931325766,0.19932763384528485,0.8867185446132814,AF,10,3
angle_rheology_enhanced,SVR_RBF,0.6189841243790062,0.13514641279478581,0.21070674603421252,0.8751774541248224,AF,10,3
angle_engineered,SVR_RBF,0.6015480363159701,0.14044202157349636,0.21547400812868328,0.8554077501445921,AF,10,3
core,LinearRegression,-0.1033314727368908,0.2888699612835917,0.35855840544989,-0.19168556331701495,AF,10,3
core,RandomForest,-0.5367316537443887,0.34232858191127763,0.42316128083695886,-0.4059102689158713,AF,10,3
core,XGBoost,-0.5918182463061272,0.345571106607016,0.4306789482021714,-0.411528476560312,AF,10,3
core,GradientBoosting,-0.7420226362444133,0.36673218219664194,0.45054046351234267,-0.5022117949962536,AF,10,3
core,SVR_RBF,-0.7516870430508582,0.3590858032406512,0.45178849090609186,-0.2594893032422078,AF,10,3
angle_engineered,XGBoost,0.7804915995895456,0.10434667714552448,0.1620646978045552,0.9141576460424453,AF,10,4
angle_engineered,GradientBoosting,0.7720354300142869,0.1085928505044227,0.16515682622822495,0.9149977983888309,AF,10,4
angle_engineered,RandomForest,0.7678330545581967,0.11112491284648261,0.16667215281453907,0.8959724486040275,AF,10,4
angle_rheology_enhanced,XGBoost,0.7677579723802023,0.10767385378998594,0.16669910130332305,0.9128503075871496,AF,10,4
angle_rheology_enhanced,RandomForest,0.7648060903796681,0.11100256570179819,0.16775515976807254,0.897102897102897,AF,10,4
angle_rheology_enhanced,GradientBoosting,0.7525367223990369,0.11351835913885916,0.17207517964603106,0.9098521196974034,AF,10,4
angle_rheology_enhanced,SVR_RBF,0.721337127527721,0.1310410500159514,0.1826006865193892,0.8905831011094169,AF,10,4
angle_engineered,LinearRegression,0.7102396696570994,0.13929262625899436,0.1862011312987035,0.9150323360849676,AF,10,4
angle_engineered,SVR_RBF,0.696869355506642,0.1350626956604872,0.19044859482431964,0.8831694621168305,AF,10,4
angle_rheology_enhanced,LinearRegression,0.6823367119852544,0.15031044421682918,0.1949603808887646,0.9075398285924602,AF,10,4
core,LinearRegression,-0.11179554603801467,0.3062068408117705,0.36473321614450394,-0.24691244464567763,AF,10,4
core,RandomForest,-0.39963089435464094,0.3342873777773871,0.4092320237497285,-0.22767188187028617,AF,10,4
core,XGBoost,-0.5077238679981209,0.3434443861636867,0.42474058046267876,-0.24100170970194332,AF,10,4
core,SVR_RBF,-0.5574397018293322,0.33883939361398796,0.4316865046142148,-0.16462144195803766,AF,10,4
core,GradientBoosting,-0.6449909921879464,0.36380386483516763,0.4436542163902104,-0.2731186622213482,AF,10,4
angle_engineered,RandomForest,0.740942343215187,0.10494924160327773,0.15746749172540084,0.8887691256112308,AF,10,5
angle_rheology_enhanced,RandomForest,0.7360754713568349,0.10465690236339908,0.15893976646512573,0.8840895946159102,AF,10,5
angle_engineered,GradientBoosting,0.7172434122940143,0.10833642726527033,0.16451255951586263,0.8981807666018192,AF,10,5
angle_rheology_enhanced,SVR_RBF,0.7084392507712027,0.11122274556298785,0.16705413195538724,0.8867711236132289,AF,10,5
angle_rheology_enhanced,GradientBoosting,0.7080979716737894,0.11127526285232524,0.16715187386640562,0.8905305221094694,AF,10,5
angle_engineered,LinearRegression,0.7053229090300326,0.11934968160419226,0.16794453652969168,0.8643724696356275,AF,10,5
angle_engineered,XGBoost,0.6993041685666338,0.10772262916713568,0.16965098948699148,0.8913644997596415,AF,10,5
angle_rheology_enhanced,XGBoost,0.6981411230489457,0.10732599690821266,0.16997876489553404,0.8926001143793553,AF,10,5
angle_engineered,SVR_RBF,0.6954359359241511,0.11414106829451508,0.1707387205947721,0.8854566486145432,AF,10,5
angle_rheology_enhanced,LinearRegression,0.6935269625128695,0.12269449376652873,0.17127297032835312,0.8681844471318155,AF,10,5
core,LinearRegression,-0.13023331335005395,0.26966506937906926,0.32890974815473867,-0.29176114921280666,AF,10,5
core,XGBoost,-0.3467021146255771,0.3025362586266654,0.3590281194439484,-0.372762825331271,AF,10,5
core,RandomForest,-0.37254001638607126,0.3017118375057219,0.36245592279760996,-0.3620362158355444,AF,10,5
core,GradientBoosting,-0.4631395648160126,0.3162716087917808,0.3742273897393689,-0.4082265803585775,AF,10,5
core,SVR_RBF,-0.472033854997006,0.30253102754556277,0.375363113221705,-0.18596733399024895,AF,10,5
angle_rheology_enhanced,RandomForest,0.7616172235671758,0.10420098053827749,0.15346433496912099,0.9046678378053975,AF,11,1
angle_engineered,RandomForest,0.7585557702939428,0.1055986369384636,0.15444663131474623,0.9005393065098035,AF,11,1
angle_engineered,XGBoost,0.7252760524872885,0.1131676608627721,0.16474729174098324,0.893485259660378,AF,11,1
angle_rheology_enhanced,GradientBoosting,0.7147942502989714,0.11572090099928257,0.1678607515361283,0.898932316315254,AF,11,1
angle_rheology_enhanced,XGBoost,0.713782664251559,0.11501877878741214,0.16815817767748523,0.8884058566224086,AF,11,1
angle_engineered,GradientBoosting,0.702406633755086,0.11683619209434326,0.17146743367197376,0.8912220263584167,AF,11,1
angle_engineered,SVR_RBF,0.6441535969352477,0.14287892361978494,0.18750001855261356,0.8401367053998633,AF,11,1
angle_rheology_enhanced,SVR_RBF,0.6278737191318905,0.1458758603059904,0.19174109187617575,0.8476008202323991,AF,11,1
angle_engineered,LinearRegression,0.5515100681879723,0.14770381991691656,0.21049722451825945,0.8724812030075187,AF,11,1
angle_rheology_enhanced,LinearRegression,0.34166561160130093,0.17127974353433623,0.25503118891858095,0.8470813397129185,AF,11,1
core,LinearRegression,-0.10650745950052065,0.26644380738662266,0.33063376148054574,-0.08675917717993813,AF,11,1
core,XGBoost,-0.4213079371639079,0.29307715514534394,0.3747262487668755,-0.15142525156712805,AF,11,1
core,RandomForest,-0.42292351200909506,0.30264606957768486,0.37493916053177667,-0.2746325797653005,AF,11,1
core,SVR_RBF,-0.4890283308183021,0.2943287212888826,0.38354957454068495,-0.09750495613730203,AF,11,1
core,GradientBoosting,-0.5502488653235083,0.30590025978042135,0.3913548640856607,-0.13327408895303006,AF,11,1
angle_engineered,RandomForest,0.7653045715521655,0.10266999563225016,0.16235357971030165,0.8768074031231925,AF,11,2
angle_engineered,XGBoost,0.7587970091450231,0.09788458280290877,0.1645890346383298,0.9102273399648454,AF,11,2
angle_rheology_enhanced,RandomForest,0.754060846291519,0.10519867850704001,0.16619708061876742,0.8676060781323938,AF,11,2
angle_rheology_enhanced,XGBoost,0.7529942215431097,0.09949100607289897,0.16655708456646842,0.9098270150901729,AF,11,2
angle_engineered,GradientBoosting,0.7399757280970547,0.10697865390255859,0.17088994033518876,0.9012888512264909,AF,11,2
angle_rheology_enhanced,GradientBoosting,0.7265293724806199,0.10993966392629667,0.17525277250831245,0.8975090372119467,AF,11,2
angle_engineered,SVR_RBF,0.7111873823529553,0.11857941418284125,0.1801016265370105,0.8697881066302119,AF,11,2
angle_rheology_enhanced,SVR_RBF,0.6984607681635677,0.12300468812962675,0.18402696584769984,0.8628213891371785,AF,11,2
angle_engineered,LinearRegression,0.6816121349147162,0.1379711305370456,0.18909837948129035,0.8847994111152004,AF,11,2
angle_rheology_enhanced,LinearRegression,0.6392317868187989,0.149255634400599,0.20129068898117009,0.8468899521531099,AF,11,2
core,LinearRegression,-0.049361587334041834,0.2673729531543685,0.34329868106971767,0.040174844961111136,AF,11,2
core,RandomForest,-0.40594741315805294,0.3120855574340967,0.39736909949703114,-0.16629966909622249,AF,11,2
core,XGBoost,-0.4712616194652357,0.32010803941057875,0.4064943434197078,-0.1663818277465195,AF,11,2
core,GradientBoosting,-0.47994681050382537,0.32121483803439493,0.4076923920865139,-0.1559870654666186,AF,11,2
core,SVR_RBF,-0.6199735107616065,0.3228607174914096,0.4265436787687799,-0.1511026400467969,AF,11,2
angle_rheology_enhanced,RandomForest,0.8013922601179889,0.09049560387292863,0.13823601290841378,0.9224196855775803,AF,11,3
angle_engineered,RandomForest,0.7946656333589168,0.09336447397119005,0.1405574714912704,0.9141647825858352,AF,11,3
angle_engineered,XGBoost,0.7906391368328043,0.0971791455266383,0.14192890906433647,0.9131394920868604,AF,11,3
angle_rheology_enhanced,XGBoost,0.7710704956235285,0.09852647677037625,0.14841370211810653,0.9137441505862557,AF,11,3
angle_engineered,GradientBoosting,0.7680727088829575,0.09906533000909842,0.14938226573283733,0.917792733582207,AF,11,3
angle_rheology_enhanced,GradientBoosting,0.7632500837966154,0.09846923846215089,0.15092737945335089,0.9186865765813134,AF,11,3
angle_rheology_enhanced,SVR_RBF,0.7451741830998391,0.11118632251862808,0.15658307842559396,0.9011514800988484,AF,11,3
angle_engineered,SVR_RBF,0.730488505924374,0.11588723510114396,0.1610318418400088,0.9008360060991639,AF,11,3
angle_rheology_enhanced,LinearRegression,0.7284393026377067,0.12072423852430483,0.16164287718457915,0.8917398391082599,AF,11,3
angle_engineered,LinearRegression,0.7208774978684044,0.122434959596218,0.16387795630087867,0.8957621326042379,AF,11,3
core,LinearRegression,-0.09298527321967787,0.26885617122463973,0.3242875455513155,-0.18913660768601157,AF,11,3
core,SVR_RBF,-0.4515507201860862,0.28256716576878255,0.37371387494584996,-0.1266168894378415,AF,11,3
core,RandomForest,-0.4636168239028755,0.3129580787539903,0.3752639200678344,-0.35165600845000916,AF,11,3
core,XGBoost,-0.5551955921496119,0.3163691920486054,0.38682596963231713,-0.3631033762512519,AF,11,3
core,GradientBoosting,-0.6747938211335529,0.3298336017772996,0.4014244208538054,-0.3500174189678458,AF,11,3
angle_engineered,RandomForest,0.7980066947844171,0.10398282036946459,0.15310543289263406,0.9018087175981913,AF,11,4
angle_rheology_enhanced,RandomForest,0.7933978809344707,0.10577599455811984,0.15484225941051274,0.8963930806036069,AF,11,4
angle_engineered,XGBoost,0.7498331822907656,0.11176512077926042,0.17038719994019305,0.8987591356012408,AF,11,4
angle_engineered,GradientBoosting,0.7492695535715066,0.11011639480231386,0.17057903411099037,0.9027814290972185,AF,11,4
angle_rheology_enhanced,XGBoost,0.7414991195917569,0.11257734228753426,0.17320208958845262,0.8988905831011094,AF,11,4
angle_rheology_enhanced,GradientBoosting,0.740255211228073,0.11074878451023575,0.17361831441023212,0.8998632946001367,AF,11,4
angle_engineered,SVR_RBF,0.7272877060669853,0.11922619214624228,0.17789939543324146,0.8998632946001367,AF,11,4
angle_rheology_enhanced,SVR_RBF,0.7133016558844772,0.1230076859053628,0.18240414631406915,0.8915821021084177,AF,11,4
angle_engineered,LinearRegression,0.6888338890289007,0.1419085574253896,0.19002828984514447,0.8796729586203269,AF,11,4
angle_rheology_enhanced,LinearRegression,0.6867379517669037,0.14083509528071725,0.1906672073200146,0.8776223776223775,AF,11,4
core,LinearRegression,-0.07774648619422675,0.28603602540534107,0.3536555042288867,-0.3042683815119747,AF,11,4
core,RandomForest,-0.42563635197891125,0.3358808877865389,0.4067490004431893,-0.40943329346634255,AF,11,4
core,XGBoost,-0.44848625364487504,0.3371667573349197,0.40999570101595845,-0.4561426583326553,AF,11,4
core,SVR_RBF,-0.5327919876499865,0.3422416781345911,0.4217583841818404,-0.24903051150794306,AF,11,4
core,GradientBoosting,-0.5419575345825922,0.3490127569202349,0.423017486758664,-0.45080717502292506,AF,11,4
angle_engineered,RandomForest,0.7157855700820471,0.12399615249215701,0.1834689922166683,0.8820127241179873,AF,11,5
angle_engineered,LinearRegression,0.707460206667994,0.1343742946368654,0.1861367336658428,0.9150323360849676,AF,11,5
angle_engineered,XGBoost,0.7065421514904968,0.12192082471475973,0.18642857419154266,0.9096955675903042,AF,11,5
angle_engineered,GradientBoosting,0.7041767739643988,0.12398065163435326,0.18717840746796785,0.9107734370892264,AF,11,5
angle_rheology_enhanced,RandomForest,0.6969657242397084,0.12426909083803056,0.18944602199490806,0.8863242021136758,AF,11,5
angle_rheology_enhanced,LinearRegression,0.679872899890551,0.14566854457759895,0.1947156388126615,0.899837005100163,AF,11,5
angle_rheology_enhanced,XGBoost,0.6696445341679131,0.12667989066780386,0.19780185579732396,0.9080130395919869,AF,11,5
angle_rheology_enhanced,GradientBoosting,0.6695288309299816,0.12776722904769133,0.19783649168803044,0.9130343340869655,AF,11,5
angle_rheology_enhanced,SVR_RBF,0.6345181723545895,0.12952157817232812,0.20805229341893447,0.896471949103528,AF,11,5
angle_engineered,SVR_RBF,0.6241174500581119,0.13289596348315333,0.21099185758456362,0.8905568116094431,AF,11,5
core,LinearRegression,-0.13955973772564678,0.30425694629489286,0.3673737841914976,-0.2836373199623667,AF,11,5
core,SVR_RBF,-0.5273882739683089,0.3473818176430173,0.42531856465213147,-0.24596273317958214,AF,11,5
core,RandomForest,-0.5554596294132848,0.35103998329739394,0.4292091634734593,-0.3320910976599745,AF,11,5
core,XGBoost,-0.5836941400270061,0.3607339098467146,0.4330871203656105,-0.361215181335265,AF,11,5
core,GradientBoosting,-0.6573036981044871,0.37364101948946216,0.4430376790163913,-0.33274175921513055,AF,11,5
angle_rheology_enhanced,RandomForest,0.782140608158641,0.11293539307221173,0.15641671356553444,0.9023773394874581,AF,12,1
angle_engineered,RandomForest,0.7738973916178533,0.11380334167251621,0.15934843391777967,0.9011544850141139,AF,12,1
angle_engineered,GradientBoosting,0.7700443853787323,0.11598153530934698,0.16070042384916716,0.9231021614281772,AF,12,1
angle_engineered,XGBoost,0.768285042096504,0.11513220794426766,0.16131399551267175,0.9263221211571224,AF,12,1
angle_rheology_enhanced,XGBoost,0.7633507650432768,0.11328652246977156,0.16302250631590195,0.9218108121255131,AF,12,1
angle_rheology_enhanced,GradientBoosting,0.7592981995982568,0.11793487722018021,0.16441244304362118,0.9227530299895642,AF,12,1
angle_engineered,SVR_RBF,0.7339119722768921,0.129706033270948,0.172865242819637,0.9010526315789473,AF,12,1
angle_rheology_enhanced,SVR_RBF,0.7240396924955255,0.1330075510229482,0.17604282266764296,0.8989747095010253,AF,12,1
angle_engineered,LinearRegression,0.6873827622774704,0.13782011815553533,0.18737061143016948,0.9087628161312372,AF,12,1
angle_rheology_enhanced,LinearRegression,0.6759394100565551,0.1422805366437925,0.19076914025266986,0.9074504442925495,AF,12,1
core,LinearRegression,-0.1298836524275424,0.29004797596724013,0.35621473137671467,-0.2812963569044801,AF,12,1
core,RandomForest,-0.46664686866954685,0.346002721995659,0.4058427508170924,-0.37220239974670194,AF,12,1
core,XGBoost,-0.5440812255743064,0.3552387675531287,0.4164185662492104,-0.340385681548036,AF,12,1
core,SVR_RBF,-0.6829008331498623,0.36346119127032955,0.4347346695596949,-0.33918256711753325,AF,12,1
core,GradientBoosting,-0.7092657694866671,0.3740729950368434,0.4381267913359466,-0.3495279721175234,AF,12,1
angle_rheology_enhanced,RandomForest,0.8437668866393302,0.08666431023270753,0.13214895806960691,0.9123245175876754,AF,12,2
angle_engineered,RandomForest,0.8349943844854801,0.08771209053184922,0.13580837785158925,0.9148745990851254,AF,12,2
angle_rheology_enhanced,XGBoost,0.81605992646662,0.09328410046812777,0.14338884862866721,0.9342035215218434,AF,12,2
angle_rheology_enhanced,GradientBoosting,0.813425563675589,0.09702459559592301,0.14441199535642027,0.928551241878472,AF,12,2
angle_engineered,XGBoost,0.8129474446001832,0.09271341064700832,0.14459691337875116,0.934466418249442,AF,12,2
angle_engineered,GradientBoosting,0.806192362008601,0.09762523763455999,0.1471846921917851,0.9292864233579244,AF,12,2
angle_rheology_enhanced,SVR_RBF,0.7978211452905577,0.11155376972593575,0.1503297951433499,0.8784373521215626,AF,12,2
angle_engineered,SVR_RBF,0.783818048284749,0.11516270641134849,0.15544863624174945,0.8692360271307639,AF,12,2
angle_engineered,LinearRegression,0.7596765250650539,0.12377087412593615,0.16389862008556766,0.9121404910878594,AF,12,2
angle_rheology_enhanced,LinearRegression,0.7315704145003639,0.1306342310220819,0.17321774877825405,0.9096429885903569,AF,12,2
core,LinearRegression,-0.06305190173953346,0.2838090681350635,0.34471043778998084,-0.1774514768818614,AF,12,2
core,RandomForest,-0.5329436809778787,0.33631914683666014,0.41394276796197416,-0.37934048954588295,AF,12,2
core,XGBoost,-0.5491261779808847,0.34052530805909786,0.41612192232185274,-0.45395748806502306,AF,12,2
core,SVR_RBF,-0.5665659517519994,0.3377840755777864,0.41845767836416864,-0.1646740240683812,AF,12,2
core,GradientBoosting,-0.6062234844647998,0.3482091322695711,0.42372119196282926,-0.4036809437895417,AF,12,2
angle_engineered,RandomForest,0.8245787043018946,0.09991367129062752,0.14365717315238585,0.8976812661023186,AF,12,3
angle_rheology_enhanced,RandomForest,0.8103037673327551,0.10204762850494738,0.14938793086318508,0.9031494820968504,AF,12,3
angle_engineered,XGBoost,0.7781557977804021,0.10514006354344356,0.16155120457066813,0.9127977285872022,AF,12,3
angle_rheology_enhanced,XGBoost,0.7627848781924631,0.10671508641131514,0.16705417899489355,0.9136915715863084,AF,12,3
angle_engineered,GradientBoosting,0.7599220124729881,0.11068880302412443,0.16805921474498622,0.9107268437472829,AF,12,3
angle_rheology_enhanced,GradientBoosting,0.7437660618690143,0.11193870087321267,0.17362189208210332,0.910884581783842,AF,12,3
angle_engineered,SVR_RBF,0.7215546892534965,0.12052100470892932,0.180990638945479,0.8862190441137809,AF,12,3
angle_rheology_enhanced,SVR_RBF,0.7076252337947235,0.12470887699796758,0.18546249704790602,0.8745202166254797,AF,12,3
angle_engineered,LinearRegression,0.6671071136024713,0.14449690751218391,0.1978966381037356,0.8680792891319207,AF,12,3
angle_rheology_enhanced,LinearRegression,0.6501909895939899,0.14578611076171516,0.20286244473620374,0.8612965981387033,AF,12,3
core,LinearRegression,-0.09499287610564666,0.2938168844203475,0.3589151626855907,-0.1516691095615473,AF,12,3
core,SVR_RBF,-0.3335357404637491,0.30608835585629574,0.39608508502827067,0.031127790903253946,AF,12,3
core,RandomForest,-0.4472110085565475,0.32853933043957945,0.4126217225238063,-0.16557671208504507,AF,12,3
core,XGBoost,-0.5006939605631389,0.34336678943881743,0.42017695205568995,-0.17897400525038806,AF,12,3
core,GradientBoosting,-0.623089008093588,0.3561267932386537,0.4369757408332406,-0.20808329170142084,AF,12,3
angle_engineered,RandomForest,0.7218176397376721,0.11353269491323235,0.16837547500101832,0.8962353436037646,AF,12,4
angle_rheology_enhanced,RandomForest,0.7063034115404927,0.11506891720266965,0.17300692656049915,0.9016963411542688,AF,12,4
angle_engineered,XGBoost,0.6791669678316612,0.11396266431436908,0.18082296158554986,0.9166885745833113,AF,12,4
angle_rheology_enhanced,XGBoost,0.6712914894920233,0.11324967546438239,0.1830288345526115,0.9191072085808927,AF,12,4
angle_engineered,LinearRegression,0.6656985342337587,0.1298495639152999,0.18457937899606885,0.8885325201114673,AF,12,4
angle_engineered,GradientBoosting,0.601296440128222,0.12183773304726117,0.2015761270829922,0.9184620441148413,AF,12,4
angle_rheology_enhanced,GradientBoosting,0.5961070485114788,0.12373257292031879,0.2028837096562271,0.9145831693357067,AF,12,4
angle_rheology_enhanced,LinearRegression,0.5915025199119013,0.1436269895786465,0.20403690680846673,0.8709711341290287,AF,12,4
angle_rheology_enhanced,SVR_RBF,0.5749133157557508,0.12848642606834776,0.20813867742711176,0.899837005100163,AF,12,4
angle_engineered,SVR_RBF,0.5739963574439975,0.13000602087732727,0.20836304540276102,0.8952100531047898,AF,12,4
core,LinearRegression,-0.10080222940104377,0.27427171061176436,0.3349412913052226,-0.16434322538673166,AF,12,4
core,RandomForest,-0.4145231881140403,0.3161390214425329,0.3796811844546352,-0.32721632183209615,AF,12,4
core,XGBoost,-0.48002864922697075,0.3168597053195904,0.38837306387031195,-0.3665343363990172,AF,12,4
core,GradientBoosting,-0.52610511690275,0.32414180029068135,0.39437217385167533,-0.37726845590618974,AF,12,4
core,SVR_RBF,-0.5340679870305458,0.3191555710283441,0.39539970748350267,-0.3880771636431844,AF,12,4
angle_engineered,RandomForest,0.6804214585959436,0.11350028892529175,0.17787205569222006,0.8857195436142803,AF,12,5
angle_rheology_enhanced,RandomForest,0.6745537856267917,0.11544855635628054,0.1794975525079201,0.8759661391240336,AF,12,5
angle_engineered,LinearRegression,0.6604406894462678,0.12892526013748518,0.1833482380160842,0.8612703086387296,AF,12,5
angle_rheology_enhanced,LinearRegression,0.65542743770691,0.1340868683959721,0.18469675505293784,0.8581681476418318,AF,12,5
angle_rheology_enhanced,XGBoost,0.6544579011017273,0.11547846274536924,0.18495641658320167,0.8869814396130185,AF,12,5
angle_engineered,XGBoost,0.6537344117365802,0.1172718941770281,0.18514994441929072,0.8889794416110205,AF,12,5
angle_rheology_enhanced,SVR_RBF,0.627762113300934,0.12184367638387449,0.19196816172495484,0.8822493296177506,AF,12,5
angle_engineered,GradientBoosting,0.5956925598201839,0.12261255372917143,0.2000666894755018,0.8858305236436897,AF,12,5
angle_engineered,SVR_RBF,0.5924770739358615,0.12740468201498092,0.20086068624317507,0.871128871128871,AF,12,5
angle_rheology_enhanced,GradientBoosting,0.5915977313074019,0.12198751002102631,0.20107727551426902,0.8922977831426167,AF,12,5
core,LinearRegression,-0.20445918702011467,0.27151745609218386,0.34531461798518653,-0.42874889131448085,AF,12,5
core,XGBoost,-0.43202305208378444,0.3048697941693393,0.37652509236328036,-0.3285920872584834,AF,12,5
core,RandomForest,-0.46583362010126805,0.3059169780918287,0.3809441058596149,-0.3994505211116788,AF,12,5
core,GradientBoosting,-0.4877379406936697,0.31403316163800327,0.38377982324333454,-0.36597148799103796,AF,12,5
core,SVR_RBF,-0.4920125004699907,0.2968259405142469,0.3843307647361146,-0.25160209037770304,AF,12,5
angle_engineered,GradientBoosting,0.7258988855708686,0.10509963370812243,0.1673375983100741,0.900900900985085,AF,13,1
angle_engineered,XGBoost,0.7222508290383176,0.10495052542686463,0.1684474793425559,0.8977443609022556,AF,13,1
angle_rheology_enhanced,GradientBoosting,0.7217697025385449,0.1038491948142782,0.16859331142405415,0.8975030248576976,AF,13,1
angle_rheology_enhanced,XGBoost,0.7154494689488943,0.1054662833374425,0.17049742768788564,0.8990293916609706,AF,13,1
angle_rheology_enhanced,RandomForest,0.7078753320287821,0.10973225904709666,0.17275166696810937,0.8831715652768286,AF,13,1
angle_engineered,RandomForest,0.7024689405647928,0.11167399631126408,0.17434290783860532,0.8855775803144224,AF,13,1
angle_rheology_enhanced,LinearRegression,0.6469683138871203,0.13910525729426773,0.1899087496320271,0.8915926179084074,AF,13,1
angle_rheology_enhanced,SVR_RBF,0.6284819681571007,0.12847043160822932,0.19481755096905995,0.8809295967190705,AF,13,1
angle_engineered,SVR_RBF,0.6261498914759615,0.12702479221443905,0.19542804451654444,0.8774846206425153,AF,13,1
angle_engineered,LinearRegression,0.6192479108937119,0.14094397222651192,0.19722378004445512,0.8761175666438825,AF,13,1
core,LinearRegression,-0.13708945276783968,0.26714183890045917,0.34082814157378083,-0.18184428233065816,AF,13,1
core,RandomForest,-0.4474165689221854,0.31611183559432754,0.3845341374221326,-0.3932873069548188,AF,13,1
core,XGBoost,-0.4823091623629363,0.31761743075922916,0.38914148101773666,-0.32039319519925213,AF,13,1
core,SVR_RBF,-0.500398380806202,0.31548318893605554,0.3915087063344295,-0.3914279864227558,AF,13,1
core,GradientBoosting,-0.6057734506748846,0.33178168143231135,0.40502354214861486,-0.3824621137486272,AF,13,1
angle_engineered,XGBoost,0.7708368102112559,0.10006908745010178,0.1563528487499676,0.9278677103867157,AF,13,2
angle_rheology_enhanced,RandomForest,0.7706928363242586,0.10268060352384398,0.15640195609758656,0.9180556285819443,AF,13,2
angle_rheology_enhanced,XGBoost,0.7689747793643837,0.10134045165966084,0.15698677435372668,0.9259424785740575,AF,13,2
angle_engineered,RandomForest,0.7670754204051463,0.1033793964093315,0.15763078171982553,0.9157684420842314,AF,13,2
angle_engineered,GradientBoosting,0.7666804047199203,0.10239647891597965,0.15776438774436533,0.9300812370120147,AF,13,2
angle_rheology_enhanced,GradientBoosting,0.7574481027454101,0.10578399523082509,0.16085542303936307,0.92945730847715,AF,13,2
angle_engineered,LinearRegression,0.7295863657812092,0.1331957288514076,0.16984300362497343,0.9028340080971659,AF,13,2
angle_rheology_enhanced,LinearRegression,0.7080407164535067,0.1404925414669062,0.17647960123088985,0.8936063936063936,AF,13,2
angle_engineered,SVR_RBF,0.6731951406660038,0.13023762527339328,0.18671431768045021,0.8958672906041325,AF,13,2
angle_rheology_enhanced,SVR_RBF,0.6724990202265089,0.1292331453894505,0.186913070098235,0.9035964035964036,AF,13,2
core,LinearRegression,-0.10460964673128714,0.27644027845820873,0.3432715294171716,-0.2261774875892792,AF,13,2
core,RandomForest,-0.29174956938165897,0.29046102333911156,0.37121244862519964,-0.11191881490963171,AF,13,2
core,XGBoost,-0.3216068211230647,0.2990281961366727,0.37547800776545914,-0.1995990668910681,AF,13,2
core,SVR_RBF,-0.36598357342160104,0.286895459615668,0.38172983759958046,-0.031180576575716042,AF,13,2
core,GradientBoosting,-0.43043307573295664,0.31543470698730297,0.39063139181252104,-0.19562502547695024,AF,13,2
angle_rheology_enhanced,RandomForest,0.8105576175795124,0.10075858382384685,0.15004570339027082,0.9165045480834954,AF,13,3
angle_engineered,RandomForest,0.8083891876937537,0.10261995104495787,0.15090200021029673,0.9098795940901204,AF,13,3
angle_engineered,XGBoost,0.7902836138376969,0.10694494550432476,0.15787056856324205,0.9157158630842841,AF,13,3
angle_rheology_enhanced,XGBoost,0.7832262564005922,0.10767609430238796,0.1605049125313243,0.9193963930806035,AF,13,3
angle_engineered,GradientBoosting,0.7745889200871763,0.10727592474353935,0.16367133327793168,0.9178382002288267,AF,13,3
angle_rheology_enhanced,GradientBoosting,0.7674520323560662,0.10832767490153869,0.16624219501982654,0.9150898134530292,AF,13,3
angle_engineered,SVR_RBF,0.76302158002692,0.11028141295789708,0.16781832812793876,0.9123508070876492,AF,13,3
angle_rheology_enhanced,SVR_RBF,0.7436457118858585,0.11528742811270308,0.17454414435926427,0.9029391660970607,AF,13,3
angle_engineered,LinearRegression,0.6979643942894609,0.1364219590027296,0.18945848578572433,0.8841421736158578,AF,13,3
core,LinearRegression,-0.11070147127296948,0.30023996846323253,0.3633152804519888,-0.22762795567718438,AF,13,3
core,XGBoost,-0.35726722573726843,0.3208451266236739,0.40162216366479486,-0.21354156474410765,AF,13,3
core,RandomForest,-0.4100051079786089,0.3227487482363993,0.40935050771203096,-0.2883659796008197,AF,13,3
angle_rheology_enhanced,LinearRegression,-0.43975371190229606,0.22046865285858483,0.41364625223280405,0.8264893001735106,AF,13,3
core,GradientBoosting,-0.4404449987531065,0.3356872469764588,0.4137455448746502,-0.2732465286060859,AF,13,3
core,SVR_RBF,-0.6023281333064092,0.330577973798836,0.4363758616801474,-0.1994176534778752,AF,13,3
angle_engineered,XGBoost,0.7765400503021189,0.09787952184305561,0.1518069947710187,0.9171880750828117,AF,13,4
angle_rheology_enhanced,XGBoost,0.771671992023336,0.09922336816416157,0.15345163793158886,0.9159787580840212,AF,13,4
angle_engineered,RandomForest,0.7704987467806689,0.10407698316373376,0.15384538226982747,0.8972869236027129,AF,13,4
angle_rheology_enhanced,RandomForest,0.7651290167646041,0.10480553665030018,0.155634766159938,0.89684000210316,AF,13,4
angle_engineered,GradientBoosting,0.7474570898498645,0.10245293234078567,0.16138364675573857,0.9172406540827592,AF,13,4
angle_rheology_enhanced,GradientBoosting,0.7471445286923915,0.10288418445147796,0.16148348456451211,0.9140859140859141,AF,13,4
angle_engineered,SVR_RBF,0.7397359392038803,0.11155599597887991,0.16383211406888565,0.8959987381040012,AF,13,4
angle_rheology_enhanced,SVR_RBF,0.7197099702485604,0.11808049086576028,0.17001833523581902,0.8916609706083388,AF,13,4
angle_rheology_enhanced,LinearRegression,0.6861120968485105,0.1319092178286387,0.17991990950406453,0.8957621326042379,AF,13,4
angle_engineered,LinearRegression,0.6849527204737222,0.13196628556305467,0.18025187933902712,0.88847994111152,AF,13,4
core,LinearRegression,-0.05872065311196062,0.2625704108915133,0.330432401829479,0.007782203484623221,AF,13,4
core,RandomForest,-0.4181995862170389,0.30837259529235184,0.38243762432382833,-0.2900711183981351,AF,13,4
core,SVR_RBF,-0.48923829612044,0.3122731299575177,0.39189888909548265,-0.06788395066654444,AF,13,4
core,XGBoost,-0.5369850407382191,0.3130334460909955,0.3981316968332253,-0.29480977301009004,AF,13,4
core,GradientBoosting,-0.6310044178970509,0.32477092738856794,0.4101280784644827,-0.22718698115659125,AF,13,4
angle_engineered,RandomForest,0.793024398532498,0.10534761513694478,0.15321522352855707,0.8956306851043692,AF,13,5
angle_engineered,XGBoost,0.7915368577917351,0.11020756709111201,0.1537648193365945,0.8885850991114148,AF,13,5
angle_engineered,GradientBoosting,0.7723509557673385,0.11087551430481381,0.1606849707682834,0.8910884581956628,AF,13,5
angle_rheology_enhanced,RandomForest,0.7717335558749078,0.10696654748453942,0.16090271758791927,0.887402071612598,AF,13,5
angle_rheology_enhanced,XGBoost,0.7508349574922211,0.11343698378872562,0.16810703880468097,0.8827751196172248,AF,13,5
angle_rheology_enhanced,GradientBoosting,0.7361730051927341,0.1161873377307888,0.17298241569824022,0.8858568133164495,AF,13,5
angle_rheology_enhanced,SVR_RBF,0.730497320454825,0.1224967596210369,0.1748331917993383,0.8673168936326829,AF,13,5
angle_engineered,SVR_RBF,0.7269966576456622,0.1208495082257895,0.17596501242521967,0.871128871128871,AF,13,5
angle_engineered,LinearRegression,0.6818316070185595,0.13265003328970854,0.1899638048656099,0.8660549976339448,AF,13,5
angle_rheology_enhanced,LinearRegression,0.6405076772917757,0.1405404463622658,0.20192363348876008,0.8497555076502443,AF,13,5
core,LinearRegression,-0.24730881412421146,0.3142092551968375,0.37612252079500935,-0.4902195361640303,AF,13,5
core,RandomForest,-0.4603521149557701,0.33880554038801625,0.40697818857446155,-0.4447847959977871,AF,13,5
core,SVR_RBF,-0.5223200278977884,0.3353301694541515,0.4155232441434829,-0.2189956625715744,AF,13,5
core,XGBoost,-0.5315971808075488,0.3510340650087827,0.41678743874335283,-0.4316419101109098,AF,13,5
core,GradientBoosting,-0.7153806154602209,0.3725622335514234,0.4410853072647614,-0.3990166901426926,AF,13,5
angle_rheology_enhanced,SVR_RBF,0.7866433379155808,0.10970103392149727,0.15186290478761677,0.8920574162679425,AF,14,1
angle_engineered,XGBoost,0.7692978234810288,0.10563589809668693,0.15791538535126406,0.9134443844668922,AF,14,1
angle_engineered,RandomForest,0.7677125842112834,0.10415591187004773,0.15845700379512856,0.8900068352699932,AF,14,1
angle_rheology_enhanced,RandomForest,0.7646830014117876,0.10508115003916035,0.15948698524889057,0.8870813397129187,AF,14,1
angle_engineered,SVR_RBF,0.7624860593530445,0.1137174345734099,0.16022974854129116,0.8818865345181135,AF,14,1
angle_engineered,GradientBoosting,0.7600802056076373,0.10631028961826013,0.16103921274946173,0.9064997026848995,AF,14,1
angle_rheology_enhanced,XGBoost,0.7575564597471993,0.1064458265640861,0.16188399262979464,0.9115851783205319,AF,14,1
angle_rheology_enhanced,GradientBoosting,0.7552627371278511,0.10633499572348738,0.16264797021707356,0.9086534518113465,AF,14,1
angle_engineered,LinearRegression,0.7231407821038425,0.12138094583586019,0.17299282561861945,0.9075051264524948,AF,14,1
angle_rheology_enhanced,LinearRegression,0.6921553653574919,0.13063867562688133,0.1824166151666271,0.8981818181818182,AF,14,1
core,LinearRegression,-0.05915685176224694,0.27513896982052405,0.33835978361111646,-0.10059608477463197,AF,14,1
core,SVR_RBF,-0.42317889203416925,0.30319430793846563,0.3922187447600571,-0.20132888616352687,AF,14,1
core,RandomForest,-0.4561896514311121,0.31366238679356934,0.39674144312062315,-0.3329869856986866,AF,14,1
core,XGBoost,-0.5695460078311125,0.3272868874449479,0.411894149981774,-0.3585281002898219,AF,14,1
core,GradientBoosting,-0.6834298007470803,0.33676425134328314,0.42657569203518264,-0.3105171428294234,AF,14,1
angle_engineered,LinearRegression,0.7506218932265885,0.12283714126578392,0.1626398013584192,0.9054366685945632,AF,14,2
angle_engineered,RandomForest,0.74533545416706,0.10941664188981653,0.16435462014724175,0.8986539776013459,AF,14,2
angle_engineered,XGBoost,0.7427230989294371,0.11294866805485317,0.1651954462334075,0.9129291760870707,AF,14,2
angle_rheology_enhanced,RandomForest,0.7396281610235285,0.11062090963981783,0.16618609334062082,0.9030706135969293,AF,14,2
angle_rheology_enhanced,LinearRegression,0.7369768877411311,0.12609704383924672,0.16703005710273452,0.9058835900941163,AF,14,2
angle_rheology_enhanced,XGBoost,0.7353233808377454,0.11179111334169066,0.16755425561552323,0.9119827540880172,AF,14,2
angle_engineered,GradientBoosting,0.7058639680370598,0.1206343502300607,0.176632976758435,0.9080393290919606,AF,14,2
angle_engineered,SVR_RBF,0.6966777205514019,0.12518348652989525,0.1793700085915226,0.8731005836268992,AF,14,2
angle_rheology_enhanced,GradientBoosting,0.6871930945842112,0.12321967392451624,0.18215279491043454,0.9026236920973763,AF,14,2
angle_rheology_enhanced,SVR_RBF,0.686433434287427,0.12646584652037302,0.18237384235899712,0.8694463431305537,AF,14,2
core,LinearRegression,-0.08486060435423792,0.27162889315730254,0.33922249390405185,-0.3185513822425747,AF,14,2
core,RandomForest,-0.426303328074388,0.3194274559731512,0.38895881753832967,-0.32843668903275397,AF,14,2
core,XGBoost,-0.4347355921449576,0.32261341254197157,0.3901068798572827,-0.32147599023050816,AF,14,2
core,SVR_RBF,-0.47489673777939245,0.3029481999654681,0.3955291363203832,-0.2011896548187432,AF,14,2
core,GradientBoosting,-0.5280501639826225,0.3303106038282984,0.40259324095142407,-0.3706790608077208,AF,14,2
angle_engineered,RandomForest,0.786811695154469,0.11112935045576354,0.16306173919564682,0.8945265261054733,AF,14,3
angle_rheology_enhanced,RandomForest,0.7758252993210667,0.11222660810646679,0.16721055225690803,0.888742836111257,AF,14,3
angle_engineered,LinearRegression,0.7206677420755228,0.13657296839790548,0.18665126082822509,0.9027025605972974,AF,14,3
angle_rheology_enhanced,SVR_RBF,0.7131103865020869,0.13384812754554104,0.1891593420199301,0.8875335191124664,AF,14,3
angle_rheology_enhanced,LinearRegression,0.7128671392258155,0.1379780818695439,0.1892395170131243,0.898285924601714,AF,14,3
angle_engineered,SVR_RBF,0.7118231164494213,0.12905651253475076,0.18958324482330774,0.8902413376097585,AF,14,3
angle_engineered,XGBoost,0.7012376792137212,0.12955384592972793,0.19303377067547087,0.8784373521215626,AF,14,3
angle_rheology_enhanced,GradientBoosting,0.6910636124139361,0.12925368937439966,0.1962930458603931,0.8827472889359425,AF,14,3
angle_engineered,GradientBoosting,0.6905246059644999,0.13143767046115282,0.19646420910467985,0.8799079856166041,AF,14,3
angle_rheology_enhanced,XGBoost,0.6891145043824483,0.1306097461006858,0.19691128768111893,0.8830643041169356,AF,14,3
core,LinearRegression,-0.06513604117315963,0.308864551423052,0.3644793451248452,-0.18908651169395338,AF,14,3
core,RandomForest,-0.415106110919095,0.3444702013714063,0.4201118049391719,-0.3750180760292757,AF,14,3
core,XGBoost,-0.5393356342651201,0.35985157000702694,0.4381643539987943,-0.40887878283781887,AF,14,3
core,SVR_RBF,-0.5403418280468779,0.35445129903861894,0.43830753467251643,-0.2286022273608071,AF,14,3
core,GradientBoosting,-0.731472538742296,0.3731787531223057,0.46470589954062064,-0.3713412452933593,AF,14,3
angle_engineered,XGBoost,0.788541899321219,0.09495813161478416,0.14451319643373686,0.9295967190704033,AF,14,4
angle_rheology_enhanced,XGBoost,0.7790937982921904,0.09656663365797565,0.14770639471621816,0.9284662705715336,AF,14,4
angle_engineered,RandomForest,0.7715731709465845,0.1051260093032835,0.1501996425600891,0.9062516430937483,AF,14,4
angle_rheology_enhanced,RandomForest,0.7702591534962325,0.10497516708732357,0.1506310321911981,0.9036752720963247,AF,14,4
angle_engineered,GradientBoosting,0.7524576704396708,0.10328450876006433,0.1563579905606674,0.9214398853969282,AF,14,4
angle_rheology_enhanced,GradientBoosting,0.7443676950325702,0.10546455175298586,0.15889243171263018,0.9206845785793153,AF,14,4
angle_engineered,SVR_RBF,0.7123930829145769,0.11703738943037408,0.16853690217691192,0.8872969136127029,AF,14,4
angle_rheology_enhanced,SVR_RBF,0.7074018678378403,0.1180798905247292,0.16999303132613236,0.890477943109522,AF,14,4
angle_rheology_enhanced,LinearRegression,0.6893309114901294,0.1263470938766888,0.17516380283471036,0.8903464956096534,AF,14,4
angle_engineered,LinearRegression,0.6780590318502049,0.1282675124149268,0.17831318874288843,0.8872180451127818,AF,14,4
core,LinearRegression,-0.13280687338290575,0.27560743934207066,0.334482408176599,-0.24382837771656932,AF,14,4
core,XGBoost,-0.5649131885937604,0.32303668980041106,0.3931338766707078,-0.4600156430149374,AF,14,4
core,RandomForest,-0.5810153421466795,0.3265263672926699,0.39515127336937267,-0.4627467993291492,AF,14,4
core,SVR_RBF,-0.6204571822799057,0.3281052061395841,0.40004986081221566,-0.3057680680395234,AF,14,4
core,GradientBoosting,-0.6892277135685025,0.34182588001165864,0.40845050989316434,-0.45373821074018683,AF,14,4
angle_rheology_enhanced,RandomForest,0.8499495064149815,0.08438432639121578,0.12596723964072545,0.9264682685735316,AF,14,5
angle_engineered,SVR_RBF,0.8450592815899328,0.09192421754310298,0.1280034517769732,0.9243388190756611,AF,14,5
angle_engineered,RandomForest,0.8442390574811982,0.08801144868062198,0.12834181645592294,0.9207634470792364,AF,14,5
angle_rheology_enhanced,GradientBoosting,0.8439645697180234,0.08166000722754081,0.12845485105584456,0.9271104454133331,AF,14,5
angle_rheology_enhanced,SVR_RBF,0.8433183350146021,0.09080126922514353,0.12872057983796192,0.9321993795678005,AF,14,5
angle_rheology_enhanced,XGBoost,0.8345857264156646,0.08312211126154118,0.1322590471346003,0.9309111940690886,AF,14,5
angle_engineered,XGBoost,0.8293756393979086,0.0848371473277699,0.1343257941687635,0.9283085335716914,AF,14,5
angle_engineered,GradientBoosting,0.820568425641576,0.08690413861259284,0.13774896116755916,0.9248565552672302,AF,14,5
angle_engineered,LinearRegression,0.7392986863456714,0.12049089995324079,0.16603915259569002,0.9040696145959302,AF,14,5
angle_rheology_enhanced,LinearRegression,0.7195652477469852,0.1260742095164646,0.17220859134670632,0.9008360060991639,AF,14,5
core,LinearRegression,-0.10521995962933883,0.26900763065779437,0.3418717839138678,-0.28511897025721095,AF,14,5
core,SVR_RBF,-0.4147466703321536,0.30271077446838524,0.3867926730251709,-0.169804128305242,AF,14,5
core,RandomForest,-0.42138838738334616,0.311308685138105,0.38769953483725594,-0.28656500680699626,AF,14,5
core,XGBoost,-0.5484633657186744,0.3212803706726471,0.4046591509740445,-0.2585907724620589,AF,14,5
core,GradientBoosting,-0.585900281093922,0.3212846425800568,0.4095216218431388,-0.22826944439222183,AF,14,5
angle_engineered,XGBoost,0.7867249456447923,0.09050079166061002,0.14275822372192595,0.9408612440191387,AF,15,1
angle_engineered,RandomForest,0.7677012128515006,0.10135452717277729,0.1489891272286237,0.9048257006151744,AF,15,1
angle_rheology_enhanced,XGBoost,0.7665859323061448,0.09327032429343776,0.14934635188909612,0.9380451127819549,AF,15,1
angle_engineered,GradientBoosting,0.753464236314459,0.0979714202549212,0.15348681334073738,0.929589402546682,AF,15,1
angle_rheology_enhanced,RandomForest,0.7500397558872094,0.10445952690647078,0.15454913368256598,0.9020642515379358,AF,15,1
angle_rheology_enhanced,GradientBoosting,0.7161977846890386,0.10472526987996918,0.16467929363957653,0.9304716336295284,AF,15,1
angle_engineered,SVR_RBF,0.6892009238622375,0.12376945664150342,0.17233399844638447,0.8811483253588517,AF,15,1
angle_rheology_enhanced,SVR_RBF,0.6866763427201155,0.1237145687554241,0.1730325063559975,0.8888858509911141,AF,15,1
angle_engineered,LinearRegression,0.6297912945569442,0.1405668350895255,0.18808511128757832,0.8660833902939166,AF,15,1
angle_rheology_enhanced,LinearRegression,0.6150957951438836,0.1380240929016191,0.19178181865267138,0.865727956254272,AF,15,1
core,LinearRegression,-0.1259813981255018,0.2599063598007196,0.32801727229515876,-0.23130451460500703,AF,15,1
core,RandomForest,-0.5087860479611264,0.2942604742868376,0.3797037922482592,-0.2048929876528542,AF,15,1
core,SVR_RBF,-0.5297542111948603,0.29143687708708127,0.3823331312513019,-0.2674513989726197,AF,15,1
core,GradientBoosting,-0.5997534065782446,0.3021637653855657,0.3909827768509729,-0.14708978960160113,AF,15,1
core,XGBoost,-0.6017494833202528,0.3012859029589201,0.39122662328754154,-0.2202216167386197,AF,15,1
angle_rheology_enhanced,RandomForest,0.7823256872545394,0.10139156187840058,0.1567159160577112,0.9041221935958778,AF,15,2
angle_engineered,RandomForest,0.7690639735389361,0.10449957430481359,0.16141926264239542,0.9020453230979546,AF,15,2
angle_engineered,XGBoost,0.7573942859870806,0.10083818370125511,0.16544743076077392,0.9237604500762395,AF,15,2
angle_rheology_enhanced,XGBoost,0.7543516710504982,0.10230284614810696,0.16648166924483554,0.9205531310794468,AF,15,2
angle_engineered,GradientBoosting,0.7362814892908314,0.1071922445356317,0.17249631505010157,0.9247837634975515,AF,15,2
angle_rheology_enhanced,GradientBoosting,0.7324649779600934,0.10744643032816732,0.1737400073891307,0.9255734473359619,AF,15,2
angle_engineered,LinearRegression,0.6951691601841468,0.12887971817951988,0.18545517901988365,0.896471949103528,AF,15,2
angle_rheology_enhanced,LinearRegression,0.6791784058621331,0.13878202047102475,0.190257291954592,0.8848519901151479,AF,15,2
angle_engineered,SVR_RBF,0.6487783406765761,0.13429190081889497,0.19906740716039606,0.8581681476418318,AF,15,2
angle_rheology_enhanced,SVR_RBF,0.6455993637845506,0.13731217609058013,0.1999662770700846,0.8572743046427256,AF,15,2
core,LinearRegression,-0.15755347148787924,0.29944046593990953,0.36139325736712,-0.20312335710065688,AF,15,2
core,XGBoost,-0.5584195611939089,0.3538383735820225,0.4193259215079257,-0.3247645284909724,AF,15,2
core,RandomForest,-0.5815661186439367,0.35962488515098995,0.42242848045287223,-0.33802187448138044,AF,15,2
core,GradientBoosting,-0.6072189694811605,0.3612734251570995,0.4258405748755142,-0.37458427076746403,AF,15,2
core,SVR_RBF,-0.6293438344882185,0.33668647207152697,0.428761602498089,-0.2475812391686365,AF,15,2
angle_engineered,RandomForest,0.8065457591383276,0.09614118390845691,0.14589687116699027,0.8996792681003207,AF,15,3
angle_engineered,XGBoost,0.7990495108977675,0.10092478221199729,0.14869671861649347,0.9083548030916451,AF,15,3
angle_rheology_enhanced,RandomForest,0.7953311199576439,0.09773498149192926,0.15006615581634156,0.8924496556075503,AF,15,3
angle_engineered,GradientBoosting,0.7926056141920003,0.10129929791996159,0.1510620412567485,0.9061464850938534,AF,15,3
angle_rheology_enhanced,XGBoost,0.788655117342142,0.10214835510897945,0.15249398699074337,0.9078218349073176,AF,15,3
angle_rheology_enhanced,GradientBoosting,0.7855244372634782,0.10394618817116198,0.15361929192300555,0.8961827646038172,AF,15,3
angle_engineered,LinearRegression,0.7393712145830902,0.1221406752733822,0.16934330874344442,0.8609811241390187,AF,15,3
angle_rheology_enhanced,SVR_RBF,0.735716352278728,0.11551548743867346,0.17052654665152764,0.850780798149219,AF,15,3
angle_engineered,SVR_RBF,0.7246359411584447,0.11752321769976352,0.17406460874210306,0.8469425311530574,AF,15,3
angle_rheology_enhanced,LinearRegression,0.7212444337043957,0.12842654541690893,0.17513325728237525,0.8625322046374677,AF,15,3
core,LinearRegression,-0.07759650405322716,0.2821545397006801,0.3443379882894902,-0.08963876340081409,AF,15,3
core,XGBoost,-0.49863814145540886,0.33741928486217154,0.4060740544783925,-0.4156719955267842,AF,15,3
core,RandomForest,-0.5427300986065366,0.34313294639193526,0.4120043745975546,-0.45153275906358153,AF,15,3
core,GradientBoosting,-0.5559467571259284,0.34854197525490127,0.41376544357128375,-0.40205602978207416,AF,15,3
core,SVR_RBF,-0.5918684909990288,0.34133203442162474,0.41851443730687243,-0.40039699287657954,AF,15,3
angle_engineered,RandomForest,0.7409701102008375,0.11182726536210912,0.16980854965357486,0.9089857510910141,AF,15,4
angle_rheology_enhanced,RandomForest,0.7384508922710247,0.11104534970822953,0.1706322956237082,0.9103265155896735,AF,15,4
angle_engineered,XGBoost,0.7306024174317465,0.11983420585186451,0.17317350991421687,0.8937115516062885,AF,15,4
angle_rheology_enhanced,XGBoost,0.7189792930146679,0.12178829147685659,0.17686983606337717,0.8921867606078132,AF,15,4
angle_rheology_enhanced,GradientBoosting,0.7129781838714528,0.11846881603659193,0.1787483601808895,0.9050088399220121,AF,15,4
angle_engineered,GradientBoosting,0.7127791150798533,0.12019263000246512,0.1788103363972717,0.902465955097534,AF,15,4
angle_engineered,SVR_RBF,0.6523841613689013,0.136517876295399,0.19671360182551112,0.8676323676323675,AF,15,4
angle_engineered,LinearRegression,0.6476627012958094,0.15346615859150117,0.1980450182916753,0.8785687996214311,AF,15,4
angle_rheology_enhanced,SVR_RBF,0.646650199354195,0.14171122819607815,0.1983293723964124,0.8704716336295283,AF,15,4
angle_rheology_enhanced,LinearRegression,0.5654039113813105,0.17382062864545728,0.21995179924423883,0.8588516746411483,AF,15,4
core,LinearRegression,-0.08452244936916586,0.2802003603810812,0.34745925600295285,-0.16016721372734294,AF,15,4
core,XGBoost,-0.3438913932117229,0.31239483829300124,0.3867823952410359,-0.26983219391390995,AF,15,4
core,GradientBoosting,-0.35113446153508443,0.3211454906613127,0.3878233003028339,-0.279683968523642,AF,15,4
core,RandomForest,-0.36389909563082523,0.3131787565710563,0.38965094421259866,-0.2732465286060859,AF,15,4
core,SVR_RBF,-0.39888700490535633,0.31377540555635774,0.39461712678797284,-0.1613240353629311,AF,15,4
angle_engineered,RandomForest,0.7838761690651458,0.10014939657544845,0.15617446950625688,0.9173983910826015,AF,15,5
angle_rheology_enhanced,RandomForest,0.7810387412900097,0.10065568194725551,0.1571963114785989,0.9190809190809192,AF,15,5
angle_engineered,XGBoost,0.7672505649536396,0.10956224933426101,0.16207014796207078,0.9069351700930647,AF,15,5
angle_rheology_enhanced,XGBoost,0.7615961978718813,0.11204000398809258,0.16402698401841856,0.9072769335927229,AF,15,5
angle_engineered,GradientBoosting,0.7516340664075991,0.11370693220414842,0.16741899257235524,0.8932646301067353,AF,15,5
angle_rheology_enhanced,GradientBoosting,0.746270138045599,0.11250825657341233,0.16921719916517575,0.9070725792336615,AF,15,5
angle_rheology_enhanced,SVR_RBF,0.720322701935606,0.12106586894795394,0.17765904306477584,0.8934223671065775,AF,15,5
angle_engineered,SVR_RBF,0.7177678217570971,0.12337232756735045,0.1784686648658647,0.900283926599716,AF,15,5
angle_engineered,LinearRegression,0.6932583077349281,0.13695035963608657,0.18605661502719895,0.8978127136021873,AF,15,5
angle_rheology_enhanced,LinearRegression,0.6879270610087767,0.13947364410937374,0.18766650515599084,0.8957095536042903,AF,15,5
core,LinearRegression,-0.09965028404833487,0.28752207144179426,0.3522783927539059,-0.1417650969096563,AF,15,5
core,SVR_RBF,-0.29060662854036945,0.2991151472275033,0.3816415548278428,-0.13937254798184123,AF,15,5
core,RandomForest,-0.36387106846004724,0.32825796951706426,0.39232444522990745,-0.32893370548506773,AF,15,5
core,XGBoost,-0.4388985407111792,0.3391863016817167,0.40297100359978294,-0.3060096370421902,AF,15,5
core,GradientBoosting,-0.5187433734897702,0.3504413418351054,0.4140005412392766,-0.35127780601270214,AF,15,5
angle_rheology_enhanced,RandomForest,0.8111688512750871,0.10285193077589821,0.14586821491672547,0.8934579183935197,AF,16,1
angle_engineered,RandomForest,0.8061179007842485,0.10425810881335301,0.1478062189332752,0.8867046254795348,AF,16,1
angle_engineered,XGBoost,0.7927989948760004,0.10426959165171573,0.1527987423232757,0.9123171565276829,AF,16,1
angle_rheology_enhanced,XGBoost,0.7862636729610439,0.1058523296607168,0.15518974577077152,0.907669172932331,AF,16,1
angle_engineered,GradientBoosting,0.7755914353882107,0.10671240391126992,0.15901700321638967,0.9120164046479836,AF,16,1
angle_rheology_enhanced,GradientBoosting,0.7736717800206192,0.11010473690857724,0.15969569345667084,0.905187321875704,AF,16,1
angle_engineered,SVR_RBF,0.763647715170177,0.12350248326233093,0.16319383683407973,0.8793164730006835,AF,16,1
angle_rheology_enhanced,SVR_RBF,0.7409778074449613,0.1278867386816271,0.17084109183549231,0.8666575529733426,AF,16,1
angle_engineered,LinearRegression,0.6837333162237562,0.1472425917307655,0.18877764896570629,0.8729186602870813,AF,16,1
angle_rheology_enhanced,LinearRegression,0.6587853667126826,0.14773174644889195,0.1960819759347686,0.8664661654135338,AF,16,1
core,LinearRegression,-0.10036142796416603,0.2828343524730449,0.3521206783266855,-0.14858260061555245,AF,16,1
core,SVR_RBF,-0.36180683956433324,0.3011120428658791,0.39172528592040246,-0.13258686609952408,AF,16,1
core,RandomForest,-0.3712613370217417,0.3156899120792133,0.39308273241145164,-0.26238473233471504,AF,16,1
core,XGBoost,-0.3905592577629946,0.31898942748320736,0.3958390184791426,-0.23914306679860542,AF,16,1
core,GradientBoosting,-0.44649862264344775,0.33418098462874696,0.4037224154189069,-0.2166027495208676,AF,16,1
angle_rheology_enhanced,RandomForest,0.8007742258797922,0.10075249132056495,0.15032376225395486,0.918712866081287,AF,16,2
angle_engineered,RandomForest,0.7962901738976721,0.10408221572549865,0.15200604665989095,0.9124822545875176,AF,16,2
angle_engineered,XGBoost,0.7525138334132103,0.11444381612802482,0.1675445631535329,0.9134549660865451,AF,16,2
angle_rheology_enhanced,GradientBoosting,0.7486542988362961,0.11457640368213558,0.16884593368410436,0.9204671675048133,AF,16,2
angle_engineered,GradientBoosting,0.7484316795408493,0.11640343641278826,0.1689206913648851,0.919343814080656,AF,16,2
angle_rheology_enhanced,XGBoost,0.7481920791826052,0.11427038161636947,0.16900111449940197,0.9128957417499718,AF,16,2
angle_engineered,LinearRegression,0.7383264460663153,0.12957989041525592,0.17227997160913786,0.9008360060991639,AF,16,2
angle_rheology_enhanced,SVR_RBF,0.7303066092415448,0.1266616128196026,0.1749000875500273,0.8857195436142803,AF,16,2
angle_engineered,SVR_RBF,0.7119597997376987,0.1301928379684793,0.18075129903772577,0.8611388611388611,AF,16,2
angle_rheology_enhanced,LinearRegression,0.7109712684430107,0.1384394129506955,0.18106119549577418,0.8887165466112834,AF,16,2
core,LinearRegression,-0.11069358264907914,0.29272771568261086,0.35493759838441613,-0.1200612602073341,AF,16,2
core,RandomForest,-0.45365296364993735,0.33893203256707916,0.4060553567286793,-0.3923251897522431,AF,16,2
core,XGBoost,-0.4806654391360221,0.34388642455410645,0.40981074845436644,-0.37513803646489535,AF,16,2
core,SVR_RBF,-0.48678967601984335,0.3261254677500131,0.41065739084593783,-0.26429778128418396,AF,16,2
core,GradientBoosting,-0.5621234879160464,0.3535974057926061,0.4209325946078573,-0.4260661536945352,AF,16,2
angle_engineered,RandomForest,0.7733248548932452,0.10593515320797653,0.15887950672026366,0.8953677901046321,AF,16,3
angle_rheology_enhanced,RandomForest,0.7717291244645677,0.10606073854373994,0.15943775988386633,0.8974374141671705,AF,16,3
angle_engineered,XGBoost,0.7482783870400403,0.11640967963627409,0.167427265630216,0.8897345400485298,AF,16,3
angle_rheology_enhanced,XGBoost,0.7460321746080532,0.11703625268465515,0.16817261671834258,0.8952481104946958,AF,16,3
angle_engineered,GradientBoosting,0.7116222342562669,0.11991904938232004,0.17920363632664837,0.8868485048416533,AF,16,3
angle_rheology_enhanced,GradientBoosting,0.707315133557465,0.12064922428303144,0.18053693506629656,0.8879979495511878,AF,16,3
angle_engineered,LinearRegression,0.6538014194469497,0.1385784025194974,0.1963489454112746,0.8595614911404383,AF,16,3
angle_rheology_enhanced,SVR_RBF,0.6507122874326507,0.13932010958125263,0.197223011327496,0.8414743151585256,AF,16,3
angle_engineered,SVR_RBF,0.640722608816455,0.14149182829792956,0.20002343255841507,0.8330879646669119,AF,16,3
angle_rheology_enhanced,LinearRegression,0.5882554071935115,0.1494278472534001,0.2141311669845382,0.8571165676428834,AF,16,3
core,LinearRegression,-0.12710569866511245,0.2902313408014261,0.3542813201968621,-0.398485616358909,AF,16,3
core,XGBoost,-0.40389698795486106,0.32560702860151014,0.3953971664658808,-0.23838569812551355,AF,16,3
core,RandomForest,-0.43745939726383587,0.33350688205304435,0.400095553433427,-0.326532491621663,AF,16,3
core,GradientBoosting,-0.5014046148804985,0.3417302691207669,0.4088978290630638,-0.31534664504319426,AF,16,3
core,SVR_RBF,-0.520499321249513,0.3200738381111519,0.4114897739239898,-0.1980662679932597,AF,16,3
angle_engineered,RandomForest,0.7514540767084988,0.10776398923338212,0.1603987241984988,0.8734686366265312,AF,16,4
angle_engineered,XGBoost,0.7489467524416517,0.09878121657433449,0.16120574291403508,0.9161102055838898,AF,16,4
angle_rheology_enhanced,XGBoost,0.7432053274734982,0.09900138245124322,0.16303865815777932,0.9167148640832851,AF,16,4
angle_rheology_enhanced,RandomForest,0.7369186220125705,0.10801236934954053,0.1650223021755141,0.8714706346285293,AF,16,4
angle_engineered,GradientBoosting,0.7305532295669446,0.10233184971616893,0.16700677084422694,0.9217290717972868,AF,16,4
angle_rheology_enhanced,GradientBoosting,0.7219675641429406,0.10427196855892183,0.1696466624049195,0.9196845219328897,AF,16,4
angle_engineered,SVR_RBF,0.6410515795106976,0.12535666181263105,0.19275853230355977,0.8626899416373099,AF,16,4
angle_rheology_enhanced,SVR_RBF,0.6358910905416764,0.12798882281501844,0.1941392021577437,0.8620064146379935,AF,16,4
angle_engineered,LinearRegression,0.596176764277355,0.14857894991772383,0.2044528833648552,0.8757032441242968,AF,16,4
angle_rheology_enhanced,LinearRegression,0.5887903919162243,0.1522889913992984,0.20631424471121615,0.8725485041274513,AF,16,4
core,LinearRegression,-0.1475589326536384,0.2743198284259897,0.3446553993285715,-0.12321222017243441,AF,16,4
core,RandomForest,-0.40025732989470564,0.30306010680314277,0.3807163383985087,-0.24617629510086808,AF,16,4
core,XGBoost,-0.4790645193558778,0.305577779468685,0.39128315090118143,-0.26945702445547043,AF,16,4
core,GradientBoosting,-0.4794499796148459,0.3086688534590577,0.39133413389664357,-0.26334608514773133,AF,16,4
core,SVR_RBF,-0.5653307849076077,0.31572364296640776,0.40253222215779494,-0.24890892872773349,AF,16,4
angle_engineered,RandomForest,0.8138809848604874,0.09586777162167452,0.13859693266221898,0.9142962300857037,AF,16,5
angle_rheology_enhanced,RandomForest,0.793310820440618,0.09859605553925155,0.1460552312387172,0.9071191965928806,AF,16,5
angle_engineered,LinearRegression,0.7878658675605065,0.11284988132985976,0.14796654121392602,0.9251012145748987,AF,16,5
angle_rheology_enhanced,SVR_RBF,0.7803531948419732,0.10207087322321212,0.15056384304477552,0.9100110415899889,AF,16,5
angle_rheology_enhanced,LinearRegression,0.7771170950594963,0.11556096532847113,0.15166893098344247,0.9242862400757137,AF,16,5
angle_rheology_enhanced,XGBoost,0.7673778483375087,0.09461073162376109,0.15494721696454078,0.9408486250591513,AF,16,5
angle_engineered,XGBoost,0.7664855485600124,0.09657876809504126,0.15524410837179584,0.9394289920605708,AF,16,5
angle_engineered,SVR_RBF,0.7559368812882952,0.10783909494709788,0.15871183913516185,0.8992060571007938,AF,16,5
angle_engineered,GradientBoosting,0.754063804367723,0.09572918963297936,0.15931969682877703,0.9432077344420974,AF,16,5
angle_rheology_enhanced,GradientBoosting,0.7296385564746488,0.09537670368079172,0.16704390126195143,0.9434899770778974,AF,16,5
core,LinearRegression,-0.08165225781441343,0.26564702667685525,0.3341196951990078,-0.2672485758210417,AF,16,5
core,RandomForest,-0.4117668278853661,0.3002154701024671,0.3817154447956074,-0.230863272967826,AF,16,5
core,SVR_RBF,-0.418914158398378,0.2886058950044309,0.38268047742082606,-0.12898391667270345,AF,16,5
core,XGBoost,-0.4921607496796707,0.3103033495781638,0.39243348031260117,-0.23398647385596424,AF,16,5
core,GradientBoosting,-0.5178818558743377,0.31373881185093677,0.39580131319749945,-0.21124936897740343,AF,16,5
angle_rheology_enhanced,RandomForest,0.7414024808879065,0.11571897485650567,0.17039454558615916,0.886807928913192,AF,17,1
angle_engineered,RandomForest,0.7402711777831235,0.11587766223623971,0.17076685679497275,0.8771838687628161,AF,17,1
angle_engineered,XGBoost,0.7226742918795869,0.11920024990332753,0.17645687222969883,0.8980573897953295,AF,17,1
angle_engineered,GradientBoosting,0.7085700253006211,0.12026680961371271,0.18088835983760496,0.8949282296650718,AF,17,1
angle_rheology_enhanced,XGBoost,0.7043880436549027,0.12112663796424866,0.1821815989467597,0.8931024819243627,AF,17,1
angle_rheology_enhanced,GradientBoosting,0.6966640127741769,0.12248649268862465,0.1845463585889792,0.8882144664461752,AF,17,1
angle_engineered,SVR_RBF,0.6867850628990192,0.13565224104162732,0.187527405138656,0.8653451811346548,AF,17,1
angle_rheology_enhanced,SVR_RBF,0.6806432108101308,0.1380291014152784,0.18935709759150424,0.8570881749829119,AF,17,1
angle_engineered,LinearRegression,0.640380060478271,0.14863534926696853,0.20093953524930022,0.8700751879699248,AF,17,1
angle_rheology_enhanced,LinearRegression,0.5627797620718917,0.166335259090649,0.22156116483599256,0.8414490772385509,AF,17,1
core,LinearRegression,-0.05935350284078367,0.27751443479375737,0.3448767880178087,0.021560357464805106,AF,17,1
core,SVR_RBF,-0.27782542703841884,0.29644346371201036,0.37877322745458397,0.003568328026832044,AF,17,1
core,RandomForest,-0.4618129036412115,0.33074289571203785,0.40512533876116347,-0.23213333778174236,AF,17,1
core,XGBoost,-0.5121795309295905,0.3360306588017313,0.4120455129494204,-0.21381644475675723,AF,17,1
core,GradientBoosting,-0.6079155234907405,0.3513026947655544,0.42488864577019136,-0.22674351478996155,AF,17,1
angle_engineered,RandomForest,0.7938524717716227,0.1061198358373938,0.15537245448991385,0.9087754350912245,AF,17,2
angle_rheology_enhanced,RandomForest,0.7914237655503806,0.10592655423194551,0.15628502693205049,0.912264789603735,AF,17,2
angle_engineered,XGBoost,0.7428746296098949,0.11019952126094273,0.17352315114270483,0.9093800935906198,AF,17,2
angle_rheology_enhanced,XGBoost,0.7291805154640132,0.11289854699469234,0.17808400502925534,0.9136389925863608,AF,17,2
angle_engineered,GradientBoosting,0.7263656170741751,0.11636524681200763,0.17900711532106528,0.9055991168314234,AF,17,2
angle_rheology_enhanced,GradientBoosting,0.7235784819085529,0.11585759475497437,0.1799164546471755,0.9031482090822991,AF,17,2
angle_engineered,SVR_RBF,0.6713560639672451,0.1315814564391131,0.19617685698429274,0.8599558336400441,AF,17,2
angle_engineered,LinearRegression,0.6632900070294325,0.1444390706377962,0.19856969258758492,0.8763079026236921,AF,17,2
angle_rheology_enhanced,SVR_RBF,0.6484823215761802,0.13764490295412457,0.2028890208720514,0.8524633261475366,AF,17,2
angle_rheology_enhanced,LinearRegression,0.6210397756411578,0.15243239593403218,0.2106598521473864,0.8667911036332088,AF,17,2
core,LinearRegression,-0.21890895108220687,0.31016771528276715,0.37780751631662074,-0.37451608092186317,AF,17,2
core,RandomForest,-0.5856525435355389,0.35470848011077066,0.4309123834227591,-0.45989930559044484,AF,17,2
core,SVR_RBF,-0.6943111370941555,0.35505762606648933,0.44543213303253504,-0.34974990695005587,AF,17,2
core,XGBoost,-0.7015759081853725,0.36388447351926334,0.44638606088114763,-0.5166557134514688,AF,17,2
core,GradientBoosting,-0.7523308178579586,0.3692512879423298,0.45299458444861096,-0.5172409281913907,AF,17,2
angle_rheology_enhanced,RandomForest,0.8025298563019828,0.09940448548164067,0.14583073676526756,0.9119827540880172,AF,17,3
angle_engineered,RandomForest,0.7973313136828009,0.10125341379921672,0.14773781616257575,0.9125085440874914,AF,17,3
angle_rheology_enhanced,SVR_RBF,0.7932574214667432,0.11158945174466692,0.14921528512727458,0.9009674535990325,AF,17,3
angle_engineered,SVR_RBF,0.7894436808297971,0.11195023846797533,0.15058526889368412,0.8870077291129922,AF,17,3
angle_engineered,XGBoost,0.783934094195281,0.10466078617095947,0.15254271441549885,0.915616722880618,AF,17,3
angle_rheology_enhanced,XGBoost,0.7829150398627784,0.10442667925252544,0.15290201787413962,0.9213741612150287,AF,17,3
angle_engineered,LinearRegression,0.7755906091215327,0.12242296999394589,0.15546007120883146,0.922708870077291,AF,17,3
angle_rheology_enhanced,GradientBoosting,0.7628002760595158,0.10699801035167658,0.15982894709434955,0.9089845547942722,AF,17,3
angle_engineered,GradientBoosting,0.7575560080318762,0.10960198814530384,0.16158612341181555,0.9104890602431095,AF,17,3
angle_rheology_enhanced,LinearRegression,0.7315962963354872,0.13228086226007213,0.1700170987842088,0.9046479835953519,AF,17,3
core,LinearRegression,-0.12465815875488806,0.28270595832821993,0.3480235381469627,-0.2833405640330556,AF,17,3
core,SVR_RBF,-0.4454336253713609,0.31061628610114933,0.394545800917241,-0.2721405009099154,AF,17,3
core,RandomForest,-0.5317614242073083,0.3178960713274447,0.4061569722250592,-0.4122727460891105,AF,17,3
core,XGBoost,-0.5629811165077114,0.31990179983461053,0.41027515134012144,-0.3641347235786773,AF,17,3
core,GradientBoosting,-0.7087547637661362,0.3311440237350723,0.42898115876500453,-0.3859047189664635,AF,17,3
angle_engineered,RandomForest,0.787183076644319,0.10471417196301283,0.15776707230319278,0.8918712866081285,AF,17,4
angle_rheology_enhanced,RandomForest,0.7751342423594019,0.10655178892702535,0.16217165522409574,0.8912199065594623,AF,17,4
angle_engineered,LinearRegression,0.7493720107512447,0.12366776099564998,0.17120958362598193,0.8850097271149902,AF,17,4
angle_engineered,XGBoost,0.7220867000805682,0.11256950412304371,0.1802884693903357,0.9055214885408294,AF,17,4
angle_rheology_enhanced,LinearRegression,0.7208771149922246,0.12926474546669928,0.18068038563465527,0.8822493296177506,AF,17,4
angle_rheology_enhanced,XGBoost,0.7164310200008202,0.11320927206708238,0.18211371202348056,0.9055740678863491,AF,17,4
angle_rheology_enhanced,SVR_RBF,0.7039941022164418,0.11875198549140867,0.18606447775073134,0.8609811241390187,AF,17,4
angle_engineered,SVR_RBF,0.7035367777476049,0.12003202712896745,0.18620815562686366,0.8678689731321308,AF,17,4
angle_engineered,GradientBoosting,0.7030202460114341,0.11814321077896298,0.18637030147866648,0.888512070265196,AF,17,4
angle_rheology_enhanced,GradientBoosting,0.6996710940592998,0.11910339156710359,0.18741823912303462,0.8924088071753575,AF,17,4
core,LinearRegression,-0.046529279092251574,0.2836636976190515,0.34985571914674746,-0.07858293084001614,AF,17,4
core,SVR_RBF,-0.40759642363870774,0.31430661316805275,0.4057442402707362,-0.25925268685627273,AF,17,4
core,RandomForest,-0.4584682529458295,0.33501655890073967,0.41301114982689874,-0.3516908216282689,AF,17,4
core,XGBoost,-0.4953063661732853,0.33981226477189497,0.4181945582935575,-0.32647803117140195,AF,17,4
core,GradientBoosting,-0.5657502142812849,0.3516772767786024,0.4279317660740506,-0.348273619475846,AF,17,4
angle_engineered,XGBoost,0.8146692126307957,0.08516660325533383,0.12842871140462947,0.9026762710973236,AF,17,5
angle_engineered,GradientBoosting,0.8067086669851184,0.08601684083384066,0.13115792288008976,0.9037719605566269,AF,17,5
angle_engineered,RandomForest,0.797936181617566,0.08703558875656714,0.13410118557685483,0.9017561385982439,AF,17,5
angle_rheology_enhanced,XGBoost,0.7965536971516163,0.08776665319863851,0.13455915173201824,0.8989431621010567,AF,17,5
angle_rheology_enhanced,GradientBoosting,0.7959441445532549,0.08779871172673659,0.13476057966380964,0.904528425973644,AF,17,5
angle_rheology_enhanced,RandomForest,0.7881037681700123,0.08727856420127378,0.13732511029062883,0.8992060571007938,AF,17,5
angle_engineered,SVR_RBF,0.7875782032827308,0.09035670245062216,0.13749530812327543,0.9013617960986381,AF,17,5
angle_rheology_enhanced,SVR_RBF,0.7782073929093389,0.09259926607831712,0.1404953247842368,0.8966559756033439,AF,17,5
angle_rheology_enhanced,LinearRegression,0.7542813728835015,0.11070038458464992,0.14787929781890954,0.9104053840895946,AF,17,5
angle_engineered,LinearRegression,0.7351549700921425,0.11362821426702215,0.1535268195955285,0.8875072296124926,AF,17,5
core,LinearRegression,-0.054729706005833156,0.24380841133257464,0.3063789536320767,-0.010832057133234619,AF,17,5
core,RandomForest,-0.4061408222982077,0.28086125217364055,0.3537551311693379,-0.2734789939928237,AF,17,5
core,SVR_RBF,-0.45656018683022315,0.27231229799598794,0.3600414956224565,-0.14589098308815265,AF,17,5
core,XGBoost,-0.4870869376991118,0.2930566227850976,0.36379482682524034,-0.3322619458820069,AF,17,5
core,GradientBoosting,-0.6168662804207472,0.30444738907772695,0.3793371628018315,-0.3850845958804048,AF,17,5
angle_engineered,RandomForest,0.717640448065793,0.10873134687411401,0.1754608582665352,0.903403964456596,AF,18,1
angle_rheology_enhanced,RandomForest,0.7146152562916406,0.10822947932084004,0.17639829522588643,0.9030485304169515,AF,18,1
angle_engineered,XGBoost,0.6717089427773217,0.11528100364032544,0.18919451157735706,0.8887142085936153,AF,18,1
angle_rheology_enhanced,SVR_RBF,0.6623217501792478,0.12830213890085582,0.1918803718634698,0.9024470266575529,AF,18,1
angle_rheology_enhanced,GradientBoosting,0.659791911040944,0.11811842213495351,0.1925978013656873,0.8991510479452353,AF,18,1
angle_engineered,GradientBoosting,0.6574849811606731,0.11481184778189255,0.19324969497319394,0.9018441811393789,AF,18,1
angle_rheology_enhanced,XGBoost,0.6534649115037778,0.12030392463332727,0.19438046433639125,0.8887415498604736,AF,18,1
angle_engineered,SVR_RBF,0.6381056679500063,0.13803888991872215,0.1986414597268841,0.8749965823650033,AF,18,1
angle_engineered,LinearRegression,0.6254083742458961,0.15171808405133877,0.20209614968089004,0.8889678742310322,AF,18,1
angle_rheology_enhanced,LinearRegression,0.5671695164539171,0.1659507041930433,0.21723906617481376,0.8659466848940532,AF,18,1
core,LinearRegression,-0.09307628030539239,0.2742182271072787,0.34522659314859755,-0.183918574578423,AF,18,1
core,SVR_RBF,-0.39751921181725347,0.3043412945135167,0.39035334098735236,-0.3592653104397814,AF,18,1
core,RandomForest,-0.5458101995861286,0.32470315875719286,0.4105415253818059,-0.521504936114581,AF,18,1
core,XGBoost,-0.5531669395543497,0.32434979197552327,0.41151727981905833,-0.5087394312763068,AF,18,1
core,GradientBoosting,-0.6005303553060646,0.3347578006019291,0.41774471574112954,-0.5100728057714039,AF,18,1
angle_engineered,RandomForest,0.8206307535616455,0.09634262632153322,0.14097466695631783,0.8951311846048687,AF,18,2
angle_rheology_enhanced,RandomForest,0.8177196406632655,0.09627257886627569,0.14211405237102992,0.8957358431042641,AF,18,2
angle_engineered,XGBoost,0.7711373102015239,0.10659332653441989,0.15924088567235273,0.8862453336137546,AF,18,2
angle_rheology_enhanced,XGBoost,0.7561677544668447,0.10998035535738067,0.16436625291834137,0.8777012461222986,AF,18,2
angle_engineered,LinearRegression,0.7554256215156495,0.12399900529415349,0.1646161971712422,0.8904516536095483,AF,18,2
angle_engineered,GradientBoosting,0.7547060665608775,0.10731482041711671,0.16485817551464996,0.8908649959772041,AF,18,2
angle_rheology_enhanced,GradientBoosting,0.7440824464976341,0.11022317293521605,0.16839032035025817,0.8904180715402862,AF,18,2
angle_rheology_enhanced,SVR_RBF,0.7363619870041136,0.11816783806177274,0.17091142703198647,0.8578000946421998,AF,18,2
angle_rheology_enhanced,LinearRegression,0.7276258059863808,0.13045053333473236,0.17372009753915493,0.8847205426152793,AF,18,2
angle_engineered,SVR_RBF,0.7226808762894785,0.12196353226502013,0.1752899410916739,0.857326883642673,AF,18,2
core,LinearRegression,-0.06676402497636413,0.2782462475625052,0.343796353607302,-0.09678924720224805,AF,18,2
core,RandomForest,-0.2999471631808195,0.30719841635088324,0.379515865209588,-0.19090998738533865,AF,18,2
core,XGBoost,-0.35195053332964354,0.3129413736427605,0.3870325454029236,-0.18672976456715107,AF,18,2
core,SVR_RBF,-0.40255416541611755,0.30904179470744914,0.39420933712315703,-0.13372769411767887,AF,18,2
core,GradientBoosting,-0.4395961691514001,0.32509729450666286,0.3993810244199967,-0.2330014133722459,AF,18,2
angle_engineered,RandomForest,0.7978853237777244,0.09461954387772278,0.1394066040396051,0.8960250276039747,AF,18,3
angle_engineered,XGBoost,0.7933883647211585,0.0920534452745512,0.1409489387487901,0.9228069483804413,AF,18,3
angle_engineered,LinearRegression,0.7929909030651551,0.1083440195215295,0.14108444632061257,0.9170303380829695,AF,18,3
angle_rheology_enhanced,RandomForest,0.7901744936538607,0.093861992690167,0.1420409481564653,0.8967874231032125,AF,18,3
angle_rheology_enhanced,XGBoost,0.7852810637069914,0.0937235057295762,0.14368770104123146,0.9165308375834691,AF,18,3
angle_rheology_enhanced,LinearRegression,0.7832940248725442,0.1125311198230909,0.14435102292008253,0.912455965087544,AF,18,3
angle_engineered,GradientBoosting,0.7720122231022111,0.09490445329676474,0.14806083853292198,0.9176996385939079,AF,18,3
angle_engineered,SVR_RBF,0.7712522936281261,0.10214664091893036,0.14830739164453044,0.9084862505915137,AF,18,3
angle_rheology_enhanced,GradientBoosting,0.7689568109343601,0.09561865090973613,0.1490496662745697,0.9123365101018245,AF,18,3
angle_rheology_enhanced,SVR_RBF,0.7617815292125527,0.10397571392183436,0.15134641529345258,0.9072506440927492,AF,18,3
core,LinearRegression,-0.07488252010176333,0.26228107647989296,0.3214881155092225,-0.12430982873605446,AF,18,3
core,SVR_RBF,-0.24749245661282737,0.2768065592882886,0.3463405855346552,0.04198874714286781,AF,18,3
core,RandomForest,-0.2912279477262414,0.28254546080213055,0.35235941597778936,-0.11667422675178636,AF,18,3
core,XGBoost,-0.3348637222693107,0.28676246263330635,0.3582637669203111,-0.15524880199146268,AF,18,3
core,GradientBoosting,-0.4632743361384959,0.3053489608141943,0.3751002042297933,-0.2434692330104668,AF,18,3
angle_engineered,RandomForest,0.7565418202701855,0.11338656069668553,0.17109759715713038,0.9043587990956411,AF,18,4
angle_rheology_enhanced,RandomForest,0.7494502744856204,0.1143355093018153,0.1735716095848211,0.9022293495977706,AF,18,4
angle_engineered,XGBoost,0.735064382477383,0.11112866295108548,0.1784850721872835,0.9213478715422688,AF,18,4
angle_rheology_enhanced,XGBoost,0.7300678946133599,0.11232256144783713,0.1801602584630176,0.9200536305799463,AF,18,4
angle_engineered,GradientBoosting,0.7152289823957791,0.11508653415091565,0.18504596465687698,0.9188958265664068,AF,18,4
angle_rheology_enhanced,GradientBoosting,0.7074063637436476,0.11776974510243664,0.1875703389925473,0.9173781309555291,AF,18,4
angle_rheology_enhanced,LinearRegression,0.7064310874247305,0.1430511088826241,0.18788268468659688,0.9037541405962458,AF,18,4
angle_engineered,LinearRegression,0.7062213191045787,0.14276208989808784,0.18794979805519973,0.9003365055996634,AF,18,4
angle_rheology_enhanced,SVR_RBF,0.6891318453873675,0.1320244909133105,0.19333916683997007,0.8958935801041064,AF,18,4
angle_engineered,SVR_RBF,0.6778785176180975,0.1328431872353419,0.19680746604006644,0.8859561491140436,AF,18,4
core,LinearRegression,-0.03682143057154885,0.2847535140872172,0.35308860966323896,-0.03540044040685237,AF,18,4
core,RandomForest,-0.39857458105473276,0.3291150081805847,0.41008561990294345,-0.27001873241632174,AF,18,4
core,XGBoost,-0.40569039238550797,0.33334745167818935,0.4111275341529438,-0.32289147168414667,AF,18,4
core,SVR_RBF,-0.4273730384728409,0.3268635711573515,0.4142862025793494,-0.19543198942765472,AF,18,4
core,GradientBoosting,-0.45056335775484846,0.34500266176709105,0.4176380665444345,-0.3358704375542623,AF,18,4
angle_engineered,RandomForest,0.8178409680548365,0.09330374878066375,0.13909870340094865,0.9189757610810241,AF,18,5
angle_rheology_enhanced,RandomForest,0.8112437077761294,0.0944940482389292,0.1415951721588989,0.9211638438329498,AF,18,5
angle_rheology_enhanced,XGBoost,0.7813021882548843,0.09777623077343038,0.15241227502207522,0.928183186459834,AF,18,5
angle_engineered,GradientBoosting,0.7805534794389166,0.10081183365718699,0.15267294273139068,0.9267959251540101,AF,18,5
angle_engineered,XGBoost,0.7791101926740734,0.09953875537674149,0.15317418037917002,0.9305431410694568,AF,18,5
angle_rheology_enhanced,GradientBoosting,0.7758781103307548,0.10218576291144107,0.15429074097256087,0.9272165626828011,AF,18,5
angle_rheology_enhanced,SVR_RBF,0.7200939811520903,0.12007735843449331,0.17242643362263238,0.8974446606025552,AF,18,5
angle_engineered,SVR_RBF,0.7140903691637058,0.12218873788517746,0.17426578194143338,0.8942373416057624,AF,18,5
angle_engineered,LinearRegression,0.7127318315958372,0.12948420744089012,0.1746793147836323,0.9176612860823385,AF,18,5
angle_rheology_enhanced,LinearRegression,0.6972570819502726,0.13643468390601884,0.1793224745580595,0.9084336715915662,AF,18,5
core,LinearRegression,-0.08514227922949735,0.2788716023190774,0.33950100898906377,-0.08395827723778841,AF,18,5
core,SVR_RBF,-0.4003858052810394,0.29923588767150583,0.38567507881192364,-0.12580021830927596,AF,18,5
core,RandomForest,-0.42834437237787704,0.31853075136827563,0.38950603495651426,-0.24681555893155332,AF,18,5
core,XGBoost,-0.47792641351915854,0.3291376968299568,0.3962088138672558,-0.26496125402109777,AF,18,5
core,GradientBoosting,-0.5616111561246158,0.3398691300414848,0.4072716484287589,-0.30355652301325603,AF,18,5
angle_engineered,GradientBoosting,0.7503928876390699,0.10409036128722352,0.15881331042282035,0.9273547505126453,AF,19,1
angle_rheology_enhanced,GradientBoosting,0.7473988828346454,0.10554310605286772,0.1597629437169514,0.9234449760765552,AF,19,1
angle_rheology_enhanced,SVR_RBF,0.7468195443682273,0.10688618332651816,0.15994604625237735,0.9178673957621325,AF,19,1
angle_engineered,SVR_RBF,0.740227524698075,0.10861421590910618,0.162014911124225,0.9044155844155843,AF,19,1
angle_engineered,XGBoost,0.7350782292403416,0.10402503906902516,0.16361278800172047,0.9099931647300069,AF,19,1
angle_rheology_enhanced,XGBoost,0.7271196981326223,0.10656787155101174,0.16605215415859112,0.9100205058099794,AF,19,1
angle_rheology_enhanced,RandomForest,0.7174552473587206,0.11159227987694942,0.1689670584916685,0.8950375939849623,AF,19,1
angle_engineered,RandomForest,0.7167286578734678,0.11248181138088276,0.16918417606309766,0.8937525632262474,AF,19,1
angle_rheology_enhanced,LinearRegression,0.6944731189024269,0.12968154943924767,0.17570460093137683,0.8709501025290498,AF,19,1
angle_engineered,LinearRegression,0.6715068974677492,0.13409511127061874,0.18218874660399012,0.8710594668489405,AF,19,1
core,LinearRegression,-0.1978694996151109,0.27980514113096905,0.34790700566239235,-0.41408962958041595,AF,19,1
core,SVR_RBF,-0.4020504604065849,0.3008787586582072,0.3763918774317275,-0.20978590795046004,AF,19,1
core,RandomForest,-0.5701233760497053,0.32835008492316403,0.39831376058533124,-0.4076094392664037,AF,19,1
core,XGBoost,-0.6152436872005533,0.3355331700887178,0.40399635498744535,-0.4148580576717062,AF,19,1
core,GradientBoosting,-0.8019343372032717,0.3575915174815476,0.4267051663688082,-0.4324560813986452,AF,19,1
angle_rheology_enhanced,RandomForest,0.8249050212550649,0.09510924952287239,0.14086513789562638,0.8981807666018192,AF,19,2
angle_engineered,RandomForest,0.8153193314201432,0.10082419183579748,0.14466963903900262,0.8896629686103369,AF,19,2
angle_rheology_enhanced,XGBoost,0.8101008775450999,0.09932827394857037,0.146699339244684,0.9115095430884903,AF,19,2
angle_engineered,XGBoost,0.8076938584244506,0.10241223853420903,0.1476261371470743,0.9082950490169953,AF,19,2
angle_engineered,GradientBoosting,0.8071582464190737,0.09887868451261216,0.147831578716664,0.9078803812811963,AF,19,2
angle_rheology_enhanced,GradientBoosting,0.7991683286493376,0.0999572838227305,0.15086301403845875,0.9112120357475255,AF,19,2
angle_engineered,SVR_RBF,0.7537048327328492,0.11420095532571455,0.1670685194636078,0.8836689626163309,AF,19,2
angle_rheology_enhanced,LinearRegression,0.7477028735225764,0.12986534882329315,0.1690919104302762,0.8698406856301594,AF,19,2
angle_engineered,LinearRegression,0.7464275140448042,0.12953556512029432,0.16951875065896382,0.8749671381250327,AF,19,2
angle_rheology_enhanced,SVR_RBF,0.7317427797450202,0.12181693870854979,0.17435820478629674,0.8741258741258741,AF,19,2
core,LinearRegression,-0.17753066723095867,0.3003878844670634,0.36530262425423543,-0.35100565378015536,AF,19,2
core,SVR_RBF,-0.572448142933464,0.3322441590718198,0.4221383854710881,-0.4892993310868942,AF,19,2
core,RandomForest,-0.6023229329549538,0.3547295861135475,0.42612960064633193,-0.6324043663683733,AF,19,2
core,XGBoost,-0.6932221151291906,0.36626757329767395,0.4380499598722102,-0.5967792840963901,AF,19,2
core,GradientBoosting,-0.8451934207349345,0.3876203508263372,0.4572857073225245,-0.6455671277222321,AF,19,2
angle_engineered,RandomForest,0.7492325880466142,0.11013469552060495,0.16630850857981055,0.8947894211052104,AF,19,3
angle_rheology_enhanced,RandomForest,0.7418220055868265,0.1110158346550072,0.1687479600192069,0.8933172091066827,AF,19,3
angle_engineered,GradientBoosting,0.7318012853354764,0.11027295081744118,0.17199161165198462,0.9036489825963508,AF,19,3
angle_engineered,XGBoost,0.7290758935426263,0.10940408519199916,0.17286327823195446,0.8986802671013197,AF,19,3
angle_rheology_enhanced,GradientBoosting,0.7206446186328912,0.11280181676667196,0.17553246064983144,0.904463957095536,AF,19,3
angle_rheology_enhanced,XGBoost,0.7198165547692432,0.11131149857508672,0.17579242437991727,0.8946053946053946,AF,19,3
angle_rheology_enhanced,SVR_RBF,0.7113337621117953,0.12637084548961466,0.17843371437708316,0.8780955886219044,AF,19,3
angle_engineered,SVR_RBF,0.7077324501635509,0.1281545816621644,0.179543306671748,0.8790945896209053,AF,19,3
angle_engineered,LinearRegression,0.6882977590905456,0.1380907603800202,0.1854167149093984,0.8872706241127293,AF,19,3
angle_rheology_enhanced,LinearRegression,0.6870867478081952,0.13777442192657235,0.1857765520104408,0.8921341816078657,AF,19,3
core,LinearRegression,-0.09013382018668459,0.28038099642686576,0.3467518818250478,-0.2760447482662213,AF,19,3
core,SVR_RBF,-0.32844540532879196,0.29806635986017244,0.3827813550620128,-0.16375491352694505,AF,19,3
core,RandomForest,-0.38757523094155677,0.3173902721568342,0.39120751546646304,-0.3665391550029548,AF,19,3
core,XGBoost,-0.40348927622082686,0.3210502204409513,0.39344449154255356,-0.4078847921480627,AF,19,3
core,GradientBoosting,-0.5367162712975277,0.3394508494476398,0.4116951633467571,-0.4425324395289682,AF,19,3
angle_engineered,RandomForest,0.766780625996734,0.10935446263641378,0.16769724638401803,0.9155498887740212,AF,19,4
angle_rheology_enhanced,RandomForest,0.7599009099356333,0.11106127407597942,0.17015271214189237,0.9155964509499537,AF,19,4
angle_engineered,XGBoost,0.7575514389831747,0.11685220196761095,0.1709831934937673,0.9141445012060654,AF,19,4
angle_rheology_enhanced,XGBoost,0.7561035187318346,0.11928785831649583,0.17149299545046132,0.9117055538086382,AF,19,4
angle_rheology_enhanced,GradientBoosting,0.7415732842653567,0.12219581336743868,0.17652748058972917,0.9156358857182778,AF,19,4
angle_engineered,GradientBoosting,0.7413516037925527,0.1224121668675659,0.17660317769163808,0.9161677042050675,AF,19,4
angle_rheology_enhanced,SVR_RBF,0.7298445978879788,0.1297676781746274,0.18048887873758013,0.8855092276144906,AF,19,4
angle_engineered,SVR_RBF,0.7290252399833616,0.12947414359493514,0.18076237507980866,0.8796203796203796,AF,19,4
angle_engineered,LinearRegression,0.7069015917941474,0.14317027593586812,0.18799675315646913,0.891844997108155,AF,19,4
angle_rheology_enhanced,LinearRegression,0.7068930324031832,0.1432912567759451,0.18799949818325434,0.8963930806036069,AF,19,4
core,LinearRegression,-0.17136181205105316,0.3169614769176144,0.37582801440944835,-0.29295193351229787,AF,19,4
core,XGBoost,-0.47783308173840955,0.35409440085473,0.422139810548481,-0.42200122463342354,AF,19,4
core,RandomForest,-0.4965472735185008,0.353651617392307,0.4248042361241337,-0.3911102968289085,AF,19,4
core,SVR_RBF,-0.5154260696571662,0.3503129187158532,0.4274752705691653,-0.2874570307432541,AF,19,4
core,GradientBoosting,-0.6041137197635975,0.37030572702018844,0.43980604617933505,-0.4299780480680121,AF,19,4
angle_engineered,RandomForest,0.7814857143365395,0.09985364821703427,0.14615849983459722,0.9110363320889636,AF,19,5
angle_rheology_enhanced,RandomForest,0.766381147594941,0.10088870556758064,0.1511256224040492,0.9097744360902256,AF,19,5
angle_engineered,XGBoost,0.7579648532151683,0.09684470298123049,0.15382374389449582,0.9211840790788158,AF,19,5
angle_rheology_enhanced,XGBoost,0.7561768124540094,0.09782477164726755,0.1543908867732608,0.9221830800778169,AF,19,5
angle_rheology_enhanced,GradientBoosting,0.750925000052884,0.09866270467604298,0.15604477409746195,0.9233327418356387,AF,19,5
angle_engineered,GradientBoosting,0.7466477106470267,0.09945732158066224,0.15737892551553012,0.9242336610757663,AF,19,5
angle_engineered,LinearRegression,0.7024328801056192,0.1185144791887971,0.17055978117032397,0.9042010620957989,AF,19,5
angle_engineered,SVR_RBF,0.6917926328654145,0.11758530689013716,0.17358239136081843,0.8880593091119406,AF,19,5
angle_rheology_enhanced,SVR_RBF,0.6814465695525231,0.12120592375077703,0.1764717947310349,0.8854566486145432,AF,19,5
angle_rheology_enhanced,LinearRegression,0.6491185885161768,0.12603858591435133,0.1852099609020653,0.8870865976129133,AF,19,5
core,LinearRegression,-0.07089057072611271,0.26207611320441043,0.3235614005938364,-0.1685848946979541,AF,19,5
core,RandomForest,-0.40381747763469034,0.30077758888120637,0.3704584300625691,-0.1432656099827124,AF,19,5
core,XGBoost,-0.5790464173677783,0.3140264723111438,0.3928996190229639,-0.25357574941727523,AF,19,5
core,GradientBoosting,-0.6806769935566959,0.3285929203493549,0.40534636889573655,-0.27516169895033377,AF,19,5
core,SVR_RBF,-0.6829851829078761,0.3219555074310831,0.405624618422473,-0.22137941568259098,AF,19,5
angle_engineered,RandomForest,0.7845558118575323,0.10255982029513483,0.14483862782288653,0.8911004784688995,AF,20,1
angle_rheology_enhanced,RandomForest,0.7788616940290172,0.1034304353444531,0.14674016376415264,0.8946001367053998,AF,20,1
angle_engineered,XGBoost,0.7613135788650749,0.10775478353349788,0.15245120680439725,0.9084347231715653,AF,20,1
angle_rheology_enhanced,XGBoost,0.7445910269928189,0.10987189500607943,0.1577012318113296,0.9044354370371024,AF,20,1
angle_engineered,GradientBoosting,0.7297825442097472,0.11063689263664407,0.1622085382098153,0.9063493257171792,AF,20,1
angle_rheology_enhanced,GradientBoosting,0.7237480050375751,0.11215610419884099,0.16400977081203283,0.9066302118933699,AF,20,1
angle_engineered,LinearRegression,0.6681947096325276,0.13258274508527293,0.17974576359656774,0.8840191387559809,AF,20,1
angle_rheology_enhanced,SVR_RBF,0.6470953455184267,0.13312422306412905,0.18537266918990725,0.8530143540669857,AF,20,1
angle_rheology_enhanced,LinearRegression,0.6298028425926614,0.14133045578763975,0.18986003214560407,0.8766643882433357,AF,20,1
angle_engineered,SVR_RBF,0.6295093905280776,0.1371345313290695,0.189935267436464,0.8498974709501026,AF,20,1
core,LinearRegression,-0.10951387602236395,0.26628141590877136,0.3286876446396088,-0.35601886746655664,AF,20,1
core,RandomForest,-0.4244803864430122,0.3086085664609331,0.3724305060715341,-0.2168979429498453,AF,20,1
core,XGBoost,-0.4816551751018383,0.310982346603494,0.37983115258951367,-0.19264738115783356,AF,20,1
core,SVR_RBF,-0.5400080147759527,0.3140749100977054,0.3872384746732257,-0.19934376969125084,AF,20,1
core,GradientBoosting,-0.6633121741654304,0.3284786586395696,0.40244255110747684,-0.20379257165090872,AF,20,1
angle_engineered,LinearRegression,0.764833084561748,0.10384925863158487,0.14649905960489085,0.8994426626005572,AF,20,2
angle_rheology_enhanced,LinearRegression,0.7599420413151433,0.1087421104054837,0.14801467636449814,0.8819601451180397,AF,20,2
angle_engineered,RandomForest,0.7286244992814055,0.09920153114237608,0.1573736597075708,0.8838266996161733,AF,20,2
angle_rheology_enhanced,RandomForest,0.7155833759857593,0.10102159369197548,0.16111063673910775,0.8810400126189598,AF,20,2
angle_engineered,XGBoost,0.6908415898331475,0.10502572546525434,0.16797214112533762,0.894400956963406,AF,20,2
angle_rheology_enhanced,XGBoost,0.6858126422473126,0.10528019779403487,0.16933279562664258,0.8939481571060518,AF,20,2
angle_rheology_enhanced,GradientBoosting,0.6805947126384582,0.1057889930352531,0.17073311972310568,0.8959973710928545,AF,20,2
angle_engineered,GradientBoosting,0.6800531127058898,0.10632880489678415,0.1708778103155517,0.8994222844605405,AF,20,2
angle_rheology_enhanced,SVR_RBF,0.5888875184328926,0.12711971658336463,0.1936988564222425,0.8472580051527419,AF,20,2
angle_engineered,SVR_RBF,0.5814951047096399,0.13004109970435435,0.1954325940811947,0.8390819706609179,AF,20,2
core,LinearRegression,-0.06472309858000691,0.25099424188102004,0.31172028417832465,-0.10484941721850474,AF,20,2
core,RandomForest,-0.5693114550930103,0.3162982041736942,0.3784437157457237,-0.43926935397219624,AF,20,2
core,SVR_RBF,-0.5773113105705145,0.3117565756508926,0.3794070829987637,-0.2564709290287146,AF,20,2
core,XGBoost,-0.6373311127311496,0.3239203919819423,0.38655828223792427,-0.44292831792380877,AF,20,2
core,GradientBoosting,-0.7169667087396911,0.3327240280127098,0.3958472778499411,-0.5247541702260031,AF,20,2
angle_engineered,RandomForest,0.7569823228754464,0.11025632720404419,0.16493554359284623,0.9081707765918292,AF,20,3
angle_rheology_enhanced,RandomForest,0.7541096782043166,0.109452156398712,0.1659075083951719,0.9084336715915662,AF,20,3
angle_engineered,SVR_RBF,0.7215741617772604,0.11484513437466921,0.17654283295911102,0.9105368315894631,AF,20,3
angle_rheology_enhanced,SVR_RBF,0.7191010382321821,0.11433886833849292,0.17732517228429345,0.9122982280877018,AF,20,3
angle_engineered,XGBoost,0.7002140943882835,0.11932768896375381,0.1831896482795335,0.8993900836006098,AF,20,3
angle_rheology_enhanced,XGBoost,0.6855738150461491,0.12069961846091531,0.187609435460186,0.9019401650980596,AF,20,3
angle_engineered,LinearRegression,0.6657528610273844,0.14195612671126145,0.19343237880564745,0.8916083916083917,AF,20,3
angle_rheology_enhanced,GradientBoosting,0.646766542560072,0.13271745920609074,0.1988502949803502,0.8882491735375974,AF,20,3
angle_engineered,GradientBoosting,0.6445114368069265,0.1312116574695045,0.19948403309098237,0.8967670275117939,AF,20,3
angle_rheology_enhanced,LinearRegression,0.6314431993803211,0.15425620608434393,0.20311759145284078,0.8740995846259003,AF,20,3
core,LinearRegression,-0.14560758998364065,0.2913540345622396,0.35810737457633557,-0.40175889575960727,AF,20,3
core,RandomForest,-0.5193789719731545,0.3392861781882129,0.41240923256556106,-0.28217431401037546,AF,20,3
core,SVR_RBF,-0.5564352311781688,0.32837377491459196,0.4174080782719122,-0.1298532285947713,AF,20,3
core,XGBoost,-0.6006785272839497,0.3489969635237657,0.42329913692208476,-0.3088359997865871,AF,20,3
core,GradientBoosting,-0.7080349738830134,0.3624415168725379,0.43726397957924545,-0.35880818121381464,AF,20,3
angle_rheology_enhanced,RandomForest,0.8106375618610173,0.10824838902211675,0.15286790217385854,0.8972343446027655,AF,20,4
angle_engineered,RandomForest,0.8052145971506941,0.11081102699395008,0.155041367864028,0.9004942425995057,AF,20,4
angle_rheology_enhanced,SVR_RBF,0.7870338635286066,0.10882093644260019,0.16211554605713488,0.9258636100741364,AF,20,4
angle_engineered,XGBoost,0.7780709343397458,0.11045880272307952,0.16549180003199038,0.9059684129777471,AF,20,4
angle_rheology_enhanced,XGBoost,0.776430236302879,0.1107597785295759,0.1661024052351231,0.9121727757490755,AF,20,4
angle_engineered,SVR_RBF,0.7726469329067746,0.11277100427668531,0.1675019225276895,0.9182133655817866,AF,20,4
angle_rheology_enhanced,GradientBoosting,0.7666124806392443,0.1175025825941498,0.16971030007725438,0.9047327983580332,AF,20,4
angle_engineered,GradientBoosting,0.7535790090731638,0.11955696087517387,0.1743846432458999,0.9034123770965875,AF,20,4
angle_engineered,LinearRegression,0.731934339943898,0.13359464291139658,0.18188210799673474,0.8965508176034491,AF,20,4
angle_rheology_enhanced,LinearRegression,0.7145972845632631,0.13930138217603877,0.18767154866253632,0.8917135496082864,AF,20,4
core,LinearRegression,-0.044190359568684334,0.2953655147868846,0.35897088605548777,-0.07286422257976138,AF,20,4
core,RandomForest,-0.5348396337571277,0.34905637736073214,0.43521202855182484,-0.38212482963752226,AF,20,4
core,SVR_RBF,-0.540595229580108,0.3339224579973048,0.43602728004290103,-0.23147503074274192,AF,20,4
core,XGBoost,-0.5664117484771423,0.35020520501074853,0.4396654644226562,-0.4128955934568262,AF,20,4
core,GradientBoosting,-0.6991113970822251,0.3630514906028607,0.4579101960834986,-0.4223056254917016,AF,20,4
angle_rheology_enhanced,RandomForest,0.7414566723325879,0.11406417374561952,0.17556474346327688,0.8974183711025815,AF,20,5
angle_engineered,RandomForest,0.7378938756550468,0.11609141471792765,0.17677026927680817,0.8880593091119406,AF,20,5
angle_engineered,XGBoost,0.7004344714226491,0.12295683523698288,0.1889803102476853,0.9064356695935643,AF,20,5
angle_rheology_enhanced,XGBoost,0.6972971694479497,0.1237004085203889,0.18996731311296425,0.9026236920973763,AF,20,5
angle_rheology_enhanced,SVR_RBF,0.6694425012536277,0.13764030833385849,0.19851537384068846,0.8705505021294494,AF,20,5
angle_engineered,GradientBoosting,0.6656661080323741,0.12829084131957194,0.19964610470596625,0.8996266891003731,AF,20,5
angle_rheology_enhanced,GradientBoosting,0.6590091028383019,0.12971460045565278,0.20162390968790195,0.8996266891003731,AF,20,5
angle_engineered,SVR_RBF,0.6574253928335558,0.14114143770654292,0.20209158185462975,0.861322887638677,AF,20,5
angle_engineered,LinearRegression,0.6420459177424291,0.15536496365784244,0.206578109635846,0.8790420106209579,AF,20,5
angle_rheology_enhanced,LinearRegression,0.6308672504712705,0.15982460266412313,0.20977895994747328,0.8761501656238497,AF,20,5
core,LinearRegression,-0.12515405018569625,0.295137604399344,0.36624915640406935,-0.27683166543115184,AF,20,5
core,SVR_RBF,-0.315034700908154,0.31945686595683276,0.39594899561506897,-0.16882801078552084,AF,20,5
core,RandomForest,-0.38847182663891555,0.3326048540138506,0.40685454799448617,-0.2663678254727874,AF,20,5
core,XGBoost,-0.38847353836241916,0.3358723707060381,0.40685479878181374,-0.3226196586480119,AF,20,5
core,GradientBoosting,-0.4902260965151033,0.3520801881031714,0.4214991676224516,-0.3088187939004219,AF,20,5
