Baseline,Repeat,Outer_fold,Row_index,Observed,Predicted,Target
AF: angle-only linear,1,1,0,2.29017,1.855914648737651,AF
AF: angle-only linear,1,1,4,1.75407,1.855914648737651,AF
AF: angle-only linear,1,1,10,1.17573,1.142555076838639,AF
AF: angle-only linear,1,1,12,2.04975,1.855914648737651,AF
AF: angle-only linear,1,1,18,1.42223,1.4992348627881449,AF
AF: angle-only linear,1,1,22,1.16534,1.142555076838639,AF
AF: angle-only linear,1,1,26,2.14773,1.855914648737651,AF
AF: angle-only linear,1,1,30,1.52016,1.4992348627881449,AF
AF: angle-only linear,1,1,31,1.21458,1.142555076838639,AF
AF: angle-only linear,1,1,33,1.00068,1.142555076838639,AF
AF: angle-only linear,1,1,42,1.23805,1.142555076838639,AF
AF: angle-only linear,1,1,53,1.22687,1.142555076838639,AF
AF: angle-only linear,1,1,64,1.4624,1.4992348627881449,AF
AF: angle-only linear,1,1,69,1.27114,1.142555076838639,AF
AF: angle-only linear,1,1,73,1.41795,1.4992348627881449,AF
AF: angle-only linear,1,1,77,1.17845,1.142555076838639,AF
AF: angle-only linear,1,1,79,1.19772,1.142555076838639,AF
AF: angle-only linear,1,1,80,1.16671,1.142555076838639,AF
AF: angle-only linear,1,1,85,1.70334,1.855914648737651,AF
AF: angle-only linear,1,1,94,1.35987,1.142555076838639,AF
AF: angle-only linear,1,2,5,1.28243,1.5058856970912742,AF
AF: angle-only linear,1,2,9,1.17187,1.149788528084253,AF
AF: angle-only linear,1,2,11,1.28156,1.149788528084253,AF
AF: angle-only linear,1,2,15,1.4926,1.5058856970912742,AF
AF: angle-only linear,1,2,16,1.39505,1.5058856970912742,AF
AF: angle-only linear,1,2,28,1.38725,1.5058856970912742,AF
AF: angle-only linear,1,2,35,1.18045,1.149788528084253,AF
AF: angle-only linear,1,2,39,1.45212,1.5058856970912742,AF
AF: angle-only linear,1,2,40,1.42363,1.5058856970912742,AF
AF: angle-only linear,1,2,44,1.20002,1.149788528084253,AF
AF: angle-only linear,1,2,45,1.15453,1.149788528084253,AF
AF: angle-only linear,1,2,47,1.95358,1.861982866098295,AF
AF: angle-only linear,1,2,49,1.92546,1.861982866098295,AF
AF: angle-only linear,1,2,55,1.18237,1.149788528084253,AF
AF: angle-only linear,1,2,67,1.21931,1.149788528084253,AF
AF: angle-only linear,1,2,68,1.22121,1.149788528084253,AF
AF: angle-only linear,1,2,70,2.36855,1.861982866098295,AF
AF: angle-only linear,1,2,72,1.7423,1.861982866098295,AF
AF: angle-only linear,1,2,88,1.62833,1.5058856970912742,AF
AF: angle-only linear,1,3,3,1.29597,1.5112343725000004,AF
AF: angle-only linear,1,3,6,1.30412,1.5112343725000004,AF
AF: angle-only linear,1,3,7,1.38795,1.5112343725000004,AF
AF: angle-only linear,1,3,8,1.05256,1.1641536300000004,AF
AF: angle-only linear,1,3,13,1.87831,1.8583151150000004,AF
AF: angle-only linear,1,3,17,1.44103,1.5112343725000004,AF
AF: angle-only linear,1,3,19,1.2125,1.1641536300000004,AF
AF: angle-only linear,1,3,24,1.80422,1.8583151150000004,AF
AF: angle-only linear,1,3,25,2.44505,1.8583151150000004,AF
AF: angle-only linear,1,3,27,1.55854,1.5112343725000004,AF
AF: angle-only linear,1,3,34,1.15143,1.1641536300000004,AF
AF: angle-only linear,1,3,36,1.97211,1.8583151150000004,AF
AF: angle-only linear,1,3,38,1.94988,1.8583151150000004,AF
AF: angle-only linear,1,3,62,1.53985,1.5112343725000004,AF
AF: angle-only linear,1,3,75,1.32876,1.5112343725000004,AF
AF: angle-only linear,1,3,78,1.14397,1.1641536300000004,AF
AF: angle-only linear,1,3,84,1.78987,1.8583151150000004,AF
AF: angle-only linear,1,3,89,1.49292,1.5112343725000004,AF
AF: angle-only linear,1,3,91,1.20107,1.1641536300000004,AF
AF: angle-only linear,1,4,32,1.18475,1.1458753635894794,AF
AF: angle-only linear,1,4,41,1.35048,1.5143680350696238,AF
AF: angle-only linear,1,4,43,1.18126,1.1458753635894794,AF
AF: angle-only linear,1,4,46,1.60113,1.882860706549768,AF
AF: angle-only linear,1,4,48,1.82522,1.882860706549768,AF
AF: angle-only linear,1,4,50,1.36288,1.5143680350696238,AF
AF: angle-only linear,1,4,54,1.18756,1.1458753635894794,AF
AF: angle-only linear,1,4,56,1.19584,1.1458753635894794,AF
AF: angle-only linear,1,4,57,1.80075,1.882860706549768,AF
AF: angle-only linear,1,4,58,1.93806,1.882860706549768,AF
AF: angle-only linear,1,4,59,2.0106,1.882860706549768,AF
AF: angle-only linear,1,4,61,1.5134,1.5143680350696238,AF
AF: angle-only linear,1,4,65,1.62994,1.5143680350696238,AF
AF: angle-only linear,1,4,66,1.09488,1.1458753635894794,AF
AF: angle-only linear,1,4,76,1.46489,1.5143680350696238,AF
AF: angle-only linear,1,4,83,1.81434,1.882860706549768,AF
AF: angle-only linear,1,4,90,1.54228,1.5143680350696238,AF
AF: angle-only linear,1,4,93,1.30275,1.1458753635894794,AF
AF: angle-only linear,1,4,95,1.16353,1.1458753635894794,AF
AF: angle-only linear,1,5,1,1.7596,1.8929223693647543,AF
AF: angle-only linear,1,5,2,1.80526,1.8929223693647543,AF
AF: angle-only linear,1,5,14,1.74885,1.8929223693647543,AF
AF: angle-only linear,1,5,20,1.19111,1.1569496695696724,AF
AF: angle-only linear,1,5,21,1.16533,1.1569496695696724,AF
AF: angle-only linear,1,5,23,1.20579,1.1569496695696724,AF
AF: angle-only linear,1,5,29,1.36564,1.5249360194672132,AF
AF: angle-only linear,1,5,37,2.18925,1.8929223693647543,AF
AF: angle-only linear,1,5,51,1.34172,1.5249360194672132,AF
AF: angle-only linear,1,5,52,1.42105,1.5249360194672132,AF
AF: angle-only linear,1,5,60,2.31133,1.8929223693647543,AF
AF: angle-only linear,1,5,63,1.49433,1.5249360194672132,AF
AF: angle-only linear,1,5,71,1.56292,1.8929223693647543,AF
AF: angle-only linear,1,5,74,1.31523,1.5249360194672132,AF
AF: angle-only linear,1,5,81,1.11558,1.1569496695696724,AF
AF: angle-only linear,1,5,82,1.50363,1.8929223693647543,AF
AF: angle-only linear,1,5,86,1.27302,1.5249360194672132,AF
AF: angle-only linear,1,5,87,1.4647,1.5249360194672132,AF
AF: angle-only linear,1,5,92,1.21688,1.1569496695696724,AF
AF: angle-only linear,2,1,0,2.29017,1.8909373506200677,AF
AF: angle-only linear,2,1,1,1.7596,1.8909373506200677,AF
AF: angle-only linear,2,1,2,1.80526,1.8909373506200677,AF
AF: angle-only linear,2,1,5,1.28243,1.516660738444194,AF
AF: angle-only linear,2,1,9,1.17187,1.14238412626832,AF
AF: angle-only linear,2,1,11,1.28156,1.14238412626832,AF
AF: angle-only linear,2,1,13,1.87831,1.8909373506200677,AF
AF: angle-only linear,2,1,15,1.4926,1.516660738444194,AF
AF: angle-only linear,2,1,20,1.19111,1.14238412626832,AF
AF: angle-only linear,2,1,22,1.16534,1.14238412626832,AF
AF: angle-only linear,2,1,38,1.94988,1.8909373506200677,AF
AF: angle-only linear,2,1,55,1.18237,1.14238412626832,AF
AF: angle-only linear,2,1,56,1.19584,1.14238412626832,AF
AF: angle-only linear,2,1,57,1.80075,1.8909373506200677,AF
AF: angle-only linear,2,1,62,1.53985,1.516660738444194,AF
AF: angle-only linear,2,1,67,1.21931,1.14238412626832,AF
AF: angle-only linear,2,1,76,1.46489,1.516660738444194,AF
AF: angle-only linear,2,1,82,1.50363,1.8909373506200677,AF
AF: angle-only linear,2,1,84,1.78987,1.8909373506200677,AF
AF: angle-only linear,2,1,85,1.70334,1.8909373506200677,AF
AF: angle-only linear,2,2,8,1.05256,1.1485864930924545,AF
AF: angle-only linear,2,2,12,2.04975,1.8680208182784273,AF
AF: angle-only linear,2,2,14,1.74885,1.8680208182784273,AF
AF: angle-only linear,2,2,19,1.2125,1.1485864930924545,AF
AF: angle-only linear,2,2,24,1.80422,1.8680208182784273,AF
AF: angle-only linear,2,2,33,1.00068,1.1485864930924545,AF
AF: angle-only linear,2,2,37,2.18925,1.8680208182784273,AF
AF: angle-only linear,2,2,39,1.45212,1.508303655685441,AF
AF: angle-only linear,2,2,44,1.20002,1.1485864930924545,AF
AF: angle-only linear,2,2,45,1.15453,1.1485864930924545,AF
AF: angle-only linear,2,2,46,1.60113,1.8680208182784273,AF
AF: angle-only linear,2,2,54,1.18756,1.1485864930924545,AF
AF: angle-only linear,2,2,78,1.14397,1.1485864930924545,AF
AF: angle-only linear,2,2,80,1.16671,1.1485864930924545,AF
AF: angle-only linear,2,2,88,1.62833,1.508303655685441,AF
AF: angle-only linear,2,2,89,1.49292,1.508303655685441,AF
AF: angle-only linear,2,2,90,1.54228,1.508303655685441,AF
AF: angle-only linear,2,2,91,1.20107,1.1485864930924545,AF
AF: angle-only linear,2,2,93,1.30275,1.1485864930924545,AF
AF: angle-only linear,2,3,6,1.30412,1.4947880497180939,AF
AF: angle-only linear,2,3,10,1.17573,1.1514560840594574,AF
AF: angle-only linear,2,3,18,1.42223,1.4947880497180939,AF
AF: angle-only linear,2,3,23,1.20579,1.1514560840594574,AF
AF: angle-only linear,2,3,25,2.44505,1.8381200153767305,AF
AF: angle-only linear,2,3,26,2.14773,1.8381200153767305,AF
AF: angle-only linear,2,3,27,1.55854,1.4947880497180939,AF
AF: angle-only linear,2,3,29,1.36564,1.4947880497180939,AF
AF: angle-only linear,2,3,31,1.21458,1.1514560840594574,AF
AF: angle-only linear,2,3,42,1.23805,1.1514560840594574,AF
AF: angle-only linear,2,3,43,1.18126,1.1514560840594574,AF
AF: angle-only linear,2,3,63,1.49433,1.4947880497180939,AF
AF: angle-only linear,2,3,69,1.27114,1.1514560840594574,AF
AF: angle-only linear,2,3,70,2.36855,1.8381200153767305,AF
AF: angle-only linear,2,3,72,1.7423,1.8381200153767305,AF
AF: angle-only linear,2,3,77,1.17845,1.1514560840594574,AF
AF: angle-only linear,2,3,83,1.81434,1.8381200153767305,AF
AF: angle-only linear,2,3,87,1.4647,1.4947880497180939,AF
AF: angle-only linear,2,3,92,1.21688,1.1514560840594574,AF
AF: angle-only linear,2,4,3,1.29597,1.521213376047314,AF
AF: angle-only linear,2,4,4,1.75407,1.8819143716116318,AF
AF: angle-only linear,2,4,7,1.38795,1.521213376047314,AF
AF: angle-only linear,2,4,28,1.38725,1.521213376047314,AF
AF: angle-only linear,2,4,32,1.18475,1.1605123804829967,AF
AF: angle-only linear,2,4,36,1.97211,1.8819143716116318,AF
AF: angle-only linear,2,4,40,1.42363,1.521213376047314,AF
AF: angle-only linear,2,4,41,1.35048,1.521213376047314,AF
AF: angle-only linear,2,4,47,1.95358,1.8819143716116318,AF
AF: angle-only linear,2,4,48,1.82522,1.8819143716116318,AF
AF: angle-only linear,2,4,52,1.42105,1.521213376047314,AF
AF: angle-only linear,2,4,53,1.22687,1.1605123804829967,AF
AF: angle-only linear,2,4,60,2.31133,1.8819143716116318,AF
AF: angle-only linear,2,4,61,1.5134,1.521213376047314,AF
AF: angle-only linear,2,4,71,1.56292,1.8819143716116318,AF
AF: angle-only linear,2,4,73,1.41795,1.521213376047314,AF
AF: angle-only linear,2,4,74,1.31523,1.521213376047314,AF
AF: angle-only linear,2,4,79,1.19772,1.1605123804829967,AF
AF: angle-only linear,2,4,95,1.16353,1.1605123804829967,AF
AF: angle-only linear,2,5,16,1.39505,1.5156738870111057,AF
AF: angle-only linear,2,5,17,1.44103,1.5156738870111057,AF
AF: angle-only linear,2,5,21,1.16533,1.15735156204732,AF
AF: angle-only linear,2,5,30,1.52016,1.5156738870111057,AF
AF: angle-only linear,2,5,34,1.15143,1.15735156204732,AF
AF: angle-only linear,2,5,35,1.18045,1.15735156204732,AF
AF: angle-only linear,2,5,49,1.92546,1.8739962119748914,AF
AF: angle-only linear,2,5,50,1.36288,1.5156738870111057,AF
AF: angle-only linear,2,5,51,1.34172,1.5156738870111057,AF
AF: angle-only linear,2,5,58,1.93806,1.8739962119748914,AF
AF: angle-only linear,2,5,59,2.0106,1.8739962119748914,AF
AF: angle-only linear,2,5,64,1.4624,1.5156738870111057,AF
AF: angle-only linear,2,5,65,1.62994,1.5156738870111057,AF
AF: angle-only linear,2,5,66,1.09488,1.15735156204732,AF
AF: angle-only linear,2,5,68,1.22121,1.15735156204732,AF
AF: angle-only linear,2,5,75,1.32876,1.5156738870111057,AF
AF: angle-only linear,2,5,81,1.11558,1.15735156204732,AF
AF: angle-only linear,2,5,86,1.27302,1.5156738870111057,AF
AF: angle-only linear,2,5,94,1.35987,1.15735156204732,AF
AF: angle-only linear,3,1,7,1.38795,1.5045390548780486,AF
AF: angle-only linear,3,1,19,1.2125,1.1514770121951217,AF
AF: angle-only linear,3,1,24,1.80422,1.8576010975609754,AF
AF: angle-only linear,3,1,26,2.14773,1.8576010975609754,AF
AF: angle-only linear,3,1,27,1.55854,1.5045390548780486,AF
AF: angle-only linear,3,1,30,1.52016,1.5045390548780486,AF
AF: angle-only linear,3,1,33,1.00068,1.1514770121951217,AF
AF: angle-only linear,3,1,37,2.18925,1.8576010975609754,AF
AF: angle-only linear,3,1,39,1.45212,1.5045390548780486,AF
AF: angle-only linear,3,1,42,1.23805,1.1514770121951217,AF
AF: angle-only linear,3,1,53,1.22687,1.1514770121951217,AF
AF: angle-only linear,3,1,62,1.53985,1.5045390548780486,AF
AF: angle-only linear,3,1,64,1.4624,1.5045390548780486,AF
AF: angle-only linear,3,1,66,1.09488,1.1514770121951217,AF
AF: angle-only linear,3,1,69,1.27114,1.1514770121951217,AF
AF: angle-only linear,3,1,83,1.81434,1.8576010975609754,AF
AF: angle-only linear,3,1,87,1.4647,1.5045390548780486,AF
AF: angle-only linear,3,1,89,1.49292,1.5045390548780486,AF
AF: angle-only linear,3,1,92,1.21688,1.1514770121951217,AF
AF: angle-only linear,3,1,95,1.16353,1.1514770121951217,AF
AF: angle-only linear,3,2,0,2.29017,1.811086109012412,AF
AF: angle-only linear,3,2,4,1.75407,1.811086109012412,AF
AF: angle-only linear,3,2,5,1.28243,1.4846062169454934,AF
AF: angle-only linear,3,2,25,2.44505,1.811086109012412,AF
AF: angle-only linear,3,2,32,1.18475,1.1581263248785751,AF
AF: angle-only linear,3,2,38,1.94988,1.811086109012412,AF
AF: angle-only linear,3,2,46,1.60113,1.811086109012412,AF
AF: angle-only linear,3,2,48,1.82522,1.811086109012412,AF
AF: angle-only linear,3,2,54,1.18756,1.1581263248785751,AF
AF: angle-only linear,3,2,58,1.93806,1.811086109012412,AF
AF: angle-only linear,3,2,60,2.31133,1.811086109012412,AF
AF: angle-only linear,3,2,68,1.22121,1.1581263248785751,AF
AF: angle-only linear,3,2,70,2.36855,1.811086109012412,AF
AF: angle-only linear,3,2,76,1.46489,1.4846062169454934,AF
AF: angle-only linear,3,2,80,1.16671,1.1581263248785751,AF
AF: angle-only linear,3,2,86,1.27302,1.4846062169454934,AF
AF: angle-only linear,3,2,88,1.62833,1.4846062169454934,AF
AF: angle-only linear,3,2,90,1.54228,1.4846062169454934,AF
AF: angle-only linear,3,2,94,1.35987,1.1581263248785751,AF
AF: angle-only linear,3,3,6,1.30412,1.524832366863905,AF
AF: angle-only linear,3,3,8,1.05256,1.1599259171597631,AF
AF: angle-only linear,3,3,10,1.17573,1.1599259171597631,AF
AF: angle-only linear,3,3,13,1.87831,1.889738816568047,AF
AF: angle-only linear,3,3,15,1.4926,1.524832366863905,AF
AF: angle-only linear,3,3,17,1.44103,1.524832366863905,AF
AF: angle-only linear,3,3,21,1.16533,1.1599259171597631,AF
AF: angle-only linear,3,3,28,1.38725,1.524832366863905,AF
AF: angle-only linear,3,3,34,1.15143,1.1599259171597631,AF
AF: angle-only linear,3,3,40,1.42363,1.524832366863905,AF
AF: angle-only linear,3,3,41,1.35048,1.524832366863905,AF
AF: angle-only linear,3,3,43,1.18126,1.1599259171597631,AF
AF: angle-only linear,3,3,44,1.20002,1.1599259171597631,AF
AF: angle-only linear,3,3,47,1.95358,1.889738816568047,AF
AF: angle-only linear,3,3,49,1.92546,1.889738816568047,AF
AF: angle-only linear,3,3,52,1.42105,1.524832366863905,AF
AF: angle-only linear,3,3,73,1.41795,1.524832366863905,AF
AF: angle-only linear,3,3,77,1.17845,1.1599259171597631,AF
AF: angle-only linear,3,3,82,1.50363,1.889738816568047,AF
AF: angle-only linear,3,4,2,1.80526,1.8826624046354419,AF
AF: angle-only linear,3,4,9,1.17187,1.1505393143408982,AF
AF: angle-only linear,3,4,11,1.28156,1.1505393143408982,AF
AF: angle-only linear,3,4,12,2.04975,1.8826624046354419,AF
AF: angle-only linear,3,4,16,1.39505,1.51660085948817,AF
AF: angle-only linear,3,4,18,1.42223,1.51660085948817,AF
AF: angle-only linear,3,4,29,1.36564,1.51660085948817,AF
AF: angle-only linear,3,4,31,1.21458,1.1505393143408982,AF
AF: angle-only linear,3,4,50,1.36288,1.51660085948817,AF
AF: angle-only linear,3,4,51,1.34172,1.51660085948817,AF
AF: angle-only linear,3,4,56,1.19584,1.1505393143408982,AF
AF: angle-only linear,3,4,61,1.5134,1.51660085948817,AF
AF: angle-only linear,3,4,63,1.49433,1.51660085948817,AF
AF: angle-only linear,3,4,65,1.62994,1.51660085948817,AF
AF: angle-only linear,3,4,72,1.7423,1.8826624046354419,AF
AF: angle-only linear,3,4,75,1.32876,1.51660085948817,AF
AF: angle-only linear,3,4,78,1.14397,1.1505393143408982,AF
AF: angle-only linear,3,4,81,1.11558,1.1505393143408982,AF
AF: angle-only linear,3,4,93,1.30275,1.1505393143408982,AF
AF: angle-only linear,3,5,1,1.7596,1.902377680672269,AF
AF: angle-only linear,3,5,3,1.29597,1.522037425770308,AF
AF: angle-only linear,3,5,14,1.74885,1.902377680672269,AF
AF: angle-only linear,3,5,20,1.19111,1.1416971708683472,AF
AF: angle-only linear,3,5,22,1.16534,1.1416971708683472,AF
AF: angle-only linear,3,5,23,1.20579,1.1416971708683472,AF
AF: angle-only linear,3,5,35,1.18045,1.1416971708683472,AF
AF: angle-only linear,3,5,36,1.97211,1.902377680672269,AF
AF: angle-only linear,3,5,45,1.15453,1.1416971708683472,AF
AF: angle-only linear,3,5,55,1.18237,1.1416971708683472,AF
AF: angle-only linear,3,5,57,1.80075,1.902377680672269,AF
AF: angle-only linear,3,5,59,2.0106,1.902377680672269,AF
AF: angle-only linear,3,5,67,1.21931,1.1416971708683472,AF
AF: angle-only linear,3,5,71,1.56292,1.902377680672269,AF
AF: angle-only linear,3,5,74,1.31523,1.522037425770308,AF
AF: angle-only linear,3,5,79,1.19772,1.1416971708683472,AF
AF: angle-only linear,3,5,84,1.78987,1.902377680672269,AF
AF: angle-only linear,3,5,85,1.70334,1.902377680672269,AF
AF: angle-only linear,3,5,91,1.20107,1.1416971708683472,AF
AF: angle-only linear,4,1,0,2.29017,1.859172209814869,AF
AF: angle-only linear,4,1,1,1.7596,1.859172209814869,AF
AF: angle-only linear,4,1,2,1.80526,1.859172209814869,AF
AF: angle-only linear,4,1,4,1.75407,1.859172209814869,AF
AF: angle-only linear,4,1,7,1.38795,1.5098470643549806,AF
AF: angle-only linear,4,1,10,1.17573,1.1605219188950924,AF
AF: angle-only linear,4,1,26,2.14773,1.859172209814869,AF
AF: angle-only linear,4,1,33,1.00068,1.1605219188950924,AF
AF: angle-only linear,4,1,37,2.18925,1.859172209814869,AF
AF: angle-only linear,4,1,38,1.94988,1.859172209814869,AF
AF: angle-only linear,4,1,45,1.15453,1.1605219188950924,AF
AF: angle-only linear,4,1,50,1.36288,1.5098470643549806,AF
AF: angle-only linear,4,1,58,1.93806,1.859172209814869,AF
AF: angle-only linear,4,1,59,2.0106,1.859172209814869,AF
AF: angle-only linear,4,1,67,1.21931,1.1605219188950924,AF
AF: angle-only linear,4,1,71,1.56292,1.859172209814869,AF
AF: angle-only linear,4,1,81,1.11558,1.1605219188950924,AF
AF: angle-only linear,4,1,82,1.50363,1.859172209814869,AF
AF: angle-only linear,4,1,89,1.49292,1.5098470643549806,AF
AF: angle-only linear,4,1,95,1.16353,1.1605219188950924,AF
AF: angle-only linear,4,2,5,1.28243,1.503640972556572,AF
AF: angle-only linear,4,2,9,1.17187,1.1593585291285509,AF
AF: angle-only linear,4,2,18,1.42223,1.503640972556572,AF
AF: angle-only linear,4,2,19,1.2125,1.1593585291285509,AF
AF: angle-only linear,4,2,20,1.19111,1.1593585291285509,AF
AF: angle-only linear,4,2,21,1.16533,1.1593585291285509,AF
AF: angle-only linear,4,2,23,1.20579,1.1593585291285509,AF
AF: angle-only linear,4,2,25,2.44505,1.8479234159845932,AF
AF: angle-only linear,4,2,28,1.38725,1.503640972556572,AF
AF: angle-only linear,4,2,29,1.36564,1.503640972556572,AF
AF: angle-only linear,4,2,43,1.18126,1.1593585291285509,AF
AF: angle-only linear,4,2,51,1.34172,1.503640972556572,AF
AF: angle-only linear,4,2,62,1.53985,1.503640972556572,AF
AF: angle-only linear,4,2,63,1.49433,1.503640972556572,AF
AF: angle-only linear,4,2,64,1.4624,1.503640972556572,AF
AF: angle-only linear,4,2,66,1.09488,1.1593585291285509,AF
AF: angle-only linear,4,2,70,2.36855,1.8479234159845932,AF
AF: angle-only linear,4,2,87,1.4647,1.503640972556572,AF
AF: angle-only linear,4,2,93,1.30275,1.1593585291285509,AF
AF: angle-only linear,4,3,13,1.87831,1.8628751488095239,AF
AF: angle-only linear,4,3,16,1.39505,1.510431381448413,AF
AF: angle-only linear,4,3,22,1.16534,1.1579876140873018,AF
AF: angle-only linear,4,3,27,1.55854,1.510431381448413,AF
AF: angle-only linear,4,3,39,1.45212,1.510431381448413,AF
AF: angle-only linear,4,3,41,1.35048,1.510431381448413,AF
AF: angle-only linear,4,3,47,1.95358,1.8628751488095239,AF
AF: angle-only linear,4,3,48,1.82522,1.8628751488095239,AF
AF: angle-only linear,4,3,49,1.92546,1.8628751488095239,AF
AF: angle-only linear,4,3,52,1.42105,1.510431381448413,AF
AF: angle-only linear,4,3,54,1.18756,1.1579876140873018,AF
AF: angle-only linear,4,3,55,1.18237,1.1579876140873018,AF
AF: angle-only linear,4,3,60,2.31133,1.8628751488095239,AF
AF: angle-only linear,4,3,73,1.41795,1.510431381448413,AF
AF: angle-only linear,4,3,76,1.46489,1.510431381448413,AF
AF: angle-only linear,4,3,77,1.17845,1.1579876140873018,AF
AF: angle-only linear,4,3,79,1.19772,1.1579876140873018,AF
AF: angle-only linear,4,3,86,1.27302,1.510431381448413,AF
AF: angle-only linear,4,3,92,1.21688,1.1579876140873018,AF
AF: angle-only linear,4,4,6,1.30412,1.5071049541518085,AF
AF: angle-only linear,4,4,11,1.28156,1.1333534844625572,AF
AF: angle-only linear,4,4,17,1.44103,1.5071049541518085,AF
AF: angle-only linear,4,4,24,1.80422,1.8808564238410597,AF
AF: angle-only linear,4,4,31,1.21458,1.1333534844625572,AF
AF: angle-only linear,4,4,36,1.97211,1.8808564238410597,AF
AF: angle-only linear,4,4,40,1.42363,1.5071049541518085,AF
AF: angle-only linear,4,4,42,1.23805,1.1333534844625572,AF
AF: angle-only linear,4,4,44,1.20002,1.1333534844625572,AF
AF: angle-only linear,4,4,56,1.19584,1.1333534844625572,AF
AF: angle-only linear,4,4,69,1.27114,1.1333534844625572,AF
AF: angle-only linear,4,4,74,1.31523,1.5071049541518085,AF
AF: angle-only linear,4,4,78,1.14397,1.1333534844625572,AF
AF: angle-only linear,4,4,80,1.16671,1.1333534844625572,AF
AF: angle-only linear,4,4,83,1.81434,1.8808564238410597,AF
AF: angle-only linear,4,4,88,1.62833,1.5071049541518085,AF
AF: angle-only linear,4,4,90,1.54228,1.5071049541518085,AF
AF: angle-only linear,4,4,91,1.20107,1.1333534844625572,AF
AF: angle-only linear,4,4,94,1.35987,1.1333534844625572,AF
AF: angle-only linear,4,5,3,1.29597,1.5238961466458663,AF
AF: angle-only linear,4,5,8,1.05256,1.1480446697867919,AF
AF: angle-only linear,4,5,12,2.04975,1.8997476235049406,AF
AF: angle-only linear,4,5,14,1.74885,1.8997476235049406,AF
AF: angle-only linear,4,5,15,1.4926,1.5238961466458663,AF
AF: angle-only linear,4,5,30,1.52016,1.5238961466458663,AF
AF: angle-only linear,4,5,32,1.18475,1.1480446697867919,AF
AF: angle-only linear,4,5,34,1.15143,1.1480446697867919,AF
AF: angle-only linear,4,5,35,1.18045,1.1480446697867919,AF
AF: angle-only linear,4,5,46,1.60113,1.8997476235049406,AF
AF: angle-only linear,4,5,53,1.22687,1.1480446697867919,AF
AF: angle-only linear,4,5,57,1.80075,1.8997476235049406,AF
AF: angle-only linear,4,5,61,1.5134,1.5238961466458663,AF
AF: angle-only linear,4,5,65,1.62994,1.5238961466458663,AF
AF: angle-only linear,4,5,68,1.22121,1.1480446697867919,AF
AF: angle-only linear,4,5,72,1.7423,1.8997476235049406,AF
AF: angle-only linear,4,5,75,1.32876,1.5238961466458663,AF
AF: angle-only linear,4,5,84,1.78987,1.8997476235049406,AF
AF: angle-only linear,4,5,85,1.70334,1.8997476235049406,AF
AF: angle-only linear,5,1,10,1.17573,1.1425612760205457,AF
AF: angle-only linear,5,1,11,1.28156,1.1425612760205457,AF
AF: angle-only linear,5,1,13,1.87831,1.8748706569343065,AF
AF: angle-only linear,5,1,15,1.4926,1.5087159664774261,AF
AF: angle-only linear,5,1,20,1.19111,1.1425612760205457,AF
AF: angle-only linear,5,1,24,1.80422,1.8748706569343065,AF
AF: angle-only linear,5,1,29,1.36564,1.5087159664774261,AF
AF: angle-only linear,5,1,34,1.15143,1.1425612760205457,AF
AF: angle-only linear,5,1,37,2.18925,1.8748706569343065,AF
AF: angle-only linear,5,1,42,1.23805,1.1425612760205457,AF
AF: angle-only linear,5,1,45,1.15453,1.1425612760205457,AF
AF: angle-only linear,5,1,47,1.95358,1.8748706569343065,AF
AF: angle-only linear,5,1,49,1.92546,1.8748706569343065,AF
AF: angle-only linear,5,1,52,1.42105,1.5087159664774261,AF
AF: angle-only linear,5,1,53,1.22687,1.1425612760205457,AF
AF: angle-only linear,5,1,64,1.4624,1.5087159664774261,AF
AF: angle-only linear,5,1,67,1.21931,1.1425612760205457,AF
AF: angle-only linear,5,1,71,1.56292,1.8748706569343065,AF
AF: angle-only linear,5,1,87,1.4647,1.5087159664774261,AF
AF: angle-only linear,5,1,91,1.20107,1.1425612760205457,AF
AF: angle-only linear,5,2,4,1.75407,1.8550690779092702,AF
AF: angle-only linear,5,2,6,1.30412,1.514572260848126,AF
AF: angle-only linear,5,2,8,1.05256,1.174075443786982,AF
AF: angle-only linear,5,2,14,1.74885,1.8550690779092702,AF
AF: angle-only linear,5,2,21,1.16533,1.174075443786982,AF
AF: angle-only linear,5,2,25,2.44505,1.8550690779092702,AF
AF: angle-only linear,5,2,33,1.00068,1.174075443786982,AF
AF: angle-only linear,5,2,39,1.45212,1.514572260848126,AF
AF: angle-only linear,5,2,41,1.35048,1.514572260848126,AF
AF: angle-only linear,5,2,44,1.20002,1.174075443786982,AF
AF: angle-only linear,5,2,50,1.36288,1.514572260848126,AF
AF: angle-only linear,5,2,51,1.34172,1.514572260848126,AF
AF: angle-only linear,5,2,54,1.18756,1.174075443786982,AF
AF: angle-only linear,5,2,66,1.09488,1.174075443786982,AF
AF: angle-only linear,5,2,70,2.36855,1.8550690779092702,AF
AF: angle-only linear,5,2,73,1.41795,1.514572260848126,AF
AF: angle-only linear,5,2,74,1.31523,1.514572260848126,AF
AF: angle-only linear,5,2,89,1.49292,1.514572260848126,AF
AF: angle-only linear,5,2,92,1.21688,1.174075443786982,AF
AF: angle-only linear,5,3,0,2.29017,1.859712296,AF
AF: angle-only linear,5,3,3,1.29597,1.5055680800000002,AF
AF: angle-only linear,5,3,7,1.38795,1.5055680800000002,AF
AF: angle-only linear,5,3,9,1.17187,1.151423864,AF
AF: angle-only linear,5,3,12,2.04975,1.859712296,AF
AF: angle-only linear,5,3,26,2.14773,1.859712296,AF
AF: angle-only linear,5,3,35,1.18045,1.151423864,AF
AF: angle-only linear,5,3,36,1.97211,1.859712296,AF
AF: angle-only linear,5,3,38,1.94988,1.859712296,AF
AF: angle-only linear,5,3,43,1.18126,1.151423864,AF
AF: angle-only linear,5,3,46,1.60113,1.859712296,AF
AF: angle-only linear,5,3,56,1.19584,1.151423864,AF
AF: angle-only linear,5,3,57,1.80075,1.859712296,AF
AF: angle-only linear,5,3,62,1.53985,1.5055680800000002,AF
AF: angle-only linear,5,3,68,1.22121,1.151423864,AF
AF: angle-only linear,5,3,78,1.14397,1.151423864,AF
AF: angle-only linear,5,3,82,1.50363,1.859712296,AF
AF: angle-only linear,5,3,88,1.62833,1.5055680800000002,AF
AF: angle-only linear,5,3,90,1.54228,1.5055680800000002,AF
AF: angle-only linear,5,4,1,1.7596,1.8928445118343196,AF
AF: angle-only linear,5,4,5,1.28243,1.5192072263313612,AF
AF: angle-only linear,5,4,16,1.39505,1.5192072263313612,AF
AF: angle-only linear,5,4,17,1.44103,1.5192072263313612,AF
AF: angle-only linear,5,4,23,1.20579,1.1455699408284026,AF
AF: angle-only linear,5,4,28,1.38725,1.5192072263313612,AF
AF: angle-only linear,5,4,48,1.82522,1.8928445118343196,AF
AF: angle-only linear,5,4,63,1.49433,1.5192072263313612,AF
AF: angle-only linear,5,4,65,1.62994,1.5192072263313612,AF
AF: angle-only linear,5,4,76,1.46489,1.5192072263313612,AF
AF: angle-only linear,5,4,77,1.17845,1.1455699408284026,AF
AF: angle-only linear,5,4,79,1.19772,1.1455699408284026,AF
AF: angle-only linear,5,4,81,1.11558,1.1455699408284026,AF
AF: angle-only linear,5,4,83,1.81434,1.8928445118343196,AF
AF: angle-only linear,5,4,84,1.78987,1.8928445118343196,AF
AF: angle-only linear,5,4,86,1.27302,1.5192072263313612,AF
AF: angle-only linear,5,4,93,1.30275,1.1455699408284026,AF
AF: angle-only linear,5,4,94,1.35987,1.1455699408284026,AF
AF: angle-only linear,5,4,95,1.16353,1.1455699408284026,AF
AF: angle-only linear,5,5,2,1.80526,1.8658261113976278,AF
AF: angle-only linear,5,5,18,1.42223,1.5068715807117072,AF
AF: angle-only linear,5,5,19,1.2125,1.1479170500257867,AF
AF: angle-only linear,5,5,22,1.16534,1.1479170500257867,AF
AF: angle-only linear,5,5,27,1.55854,1.5068715807117072,AF
AF: angle-only linear,5,5,30,1.52016,1.5068715807117072,AF
AF: angle-only linear,5,5,31,1.21458,1.1479170500257867,AF
AF: angle-only linear,5,5,32,1.18475,1.1479170500257867,AF
AF: angle-only linear,5,5,40,1.42363,1.5068715807117072,AF
AF: angle-only linear,5,5,55,1.18237,1.1479170500257867,AF
AF: angle-only linear,5,5,58,1.93806,1.8658261113976278,AF
AF: angle-only linear,5,5,59,2.0106,1.8658261113976278,AF
AF: angle-only linear,5,5,60,2.31133,1.8658261113976278,AF
AF: angle-only linear,5,5,61,1.5134,1.5068715807117072,AF
AF: angle-only linear,5,5,69,1.27114,1.1479170500257867,AF
AF: angle-only linear,5,5,72,1.7423,1.8658261113976278,AF
AF: angle-only linear,5,5,75,1.32876,1.5068715807117072,AF
AF: angle-only linear,5,5,80,1.16671,1.1479170500257867,AF
AF: angle-only linear,5,5,85,1.70334,1.8658261113976278,AF
AF: angle-only linear,6,1,0,2.29017,1.8894925000000002,AF
AF: angle-only linear,6,1,1,1.7596,1.8894925000000002,AF
AF: angle-only linear,6,1,5,1.28243,1.5236711363636366,AF
AF: angle-only linear,6,1,12,2.04975,1.8894925000000002,AF
AF: angle-only linear,6,1,14,1.74885,1.8894925000000002,AF
AF: angle-only linear,6,1,17,1.44103,1.5236711363636366,AF
AF: angle-only linear,6,1,29,1.36564,1.5236711363636366,AF
AF: angle-only linear,6,1,30,1.52016,1.5236711363636366,AF
AF: angle-only linear,6,1,32,1.18475,1.1578497727272727,AF
AF: angle-only linear,6,1,40,1.42363,1.5236711363636366,AF
AF: angle-only linear,6,1,54,1.18756,1.1578497727272727,AF
AF: angle-only linear,6,1,58,1.93806,1.8894925000000002,AF
AF: angle-only linear,6,1,61,1.5134,1.5236711363636366,AF
AF: angle-only linear,6,1,67,1.21931,1.1578497727272727,AF
AF: angle-only linear,6,1,74,1.31523,1.5236711363636366,AF
AF: angle-only linear,6,1,75,1.32876,1.5236711363636366,AF
AF: angle-only linear,6,1,82,1.50363,1.8894925000000002,AF
AF: angle-only linear,6,1,85,1.70334,1.8894925000000002,AF
AF: angle-only linear,6,1,87,1.4647,1.5236711363636366,AF
AF: angle-only linear,6,1,90,1.54228,1.5236711363636366,AF
AF: angle-only linear,6,2,15,1.4926,1.489615313996807,AF
AF: angle-only linear,6,2,16,1.39505,1.489615313996807,AF
AF: angle-only linear,6,2,18,1.42223,1.489615313996807,AF
AF: angle-only linear,6,2,24,1.80422,1.8248929430548164,AF
AF: angle-only linear,6,2,25,2.44505,1.8248929430548164,AF
AF: angle-only linear,6,2,37,2.18925,1.8248929430548164,AF
AF: angle-only linear,6,2,38,1.94988,1.8248929430548164,AF
AF: angle-only linear,6,2,39,1.45212,1.489615313996807,AF
AF: angle-only linear,6,2,46,1.60113,1.8248929430548164,AF
AF: angle-only linear,6,2,47,1.95358,1.8248929430548164,AF
AF: angle-only linear,6,2,49,1.92546,1.8248929430548164,AF
AF: angle-only linear,6,2,63,1.49433,1.489615313996807,AF
AF: angle-only linear,6,2,68,1.22121,1.1543376849387972,AF
AF: angle-only linear,6,2,70,2.36855,1.8248929430548164,AF
AF: angle-only linear,6,2,81,1.11558,1.1543376849387972,AF
AF: angle-only linear,6,2,83,1.81434,1.8248929430548164,AF
AF: angle-only linear,6,2,88,1.62833,1.489615313996807,AF
AF: angle-only linear,6,2,92,1.21688,1.1543376849387972,AF
AF: angle-only linear,6,2,94,1.35987,1.1543376849387972,AF
AF: angle-only linear,6,3,2,1.80526,1.8538048396739129,AF
AF: angle-only linear,6,3,3,1.29597,1.4987519673913043,AF
AF: angle-only linear,6,3,11,1.28156,1.1436990951086958,AF
AF: angle-only linear,6,3,13,1.87831,1.8538048396739129,AF
AF: angle-only linear,6,3,20,1.19111,1.1436990951086958,AF
AF: angle-only linear,6,3,22,1.16534,1.1436990951086958,AF
AF: angle-only linear,6,3,26,2.14773,1.8538048396739129,AF
AF: angle-only linear,6,3,28,1.38725,1.4987519673913043,AF
AF: angle-only linear,6,3,31,1.21458,1.1436990951086958,AF
AF: angle-only linear,6,3,36,1.97211,1.8538048396739129,AF
AF: angle-only linear,6,3,42,1.23805,1.1436990951086958,AF
AF: angle-only linear,6,3,44,1.20002,1.1436990951086958,AF
AF: angle-only linear,6,3,56,1.19584,1.1436990951086958,AF
AF: angle-only linear,6,3,60,2.31133,1.8538048396739129,AF
AF: angle-only linear,6,3,62,1.53985,1.4987519673913043,AF
AF: angle-only linear,6,3,69,1.27114,1.1436990951086958,AF
AF: angle-only linear,6,3,77,1.17845,1.1436990951086958,AF
AF: angle-only linear,6,3,78,1.14397,1.1436990951086958,AF
AF: angle-only linear,6,3,84,1.78987,1.8538048396739129,AF
AF: angle-only linear,6,4,4,1.75407,1.8828836415584416,AF
AF: angle-only linear,6,4,9,1.17187,1.1528532415584414,AF
AF: angle-only linear,6,4,10,1.17573,1.1528532415584414,AF
AF: angle-only linear,6,4,19,1.2125,1.1528532415584414,AF
AF: angle-only linear,6,4,21,1.16533,1.1528532415584414,AF
AF: angle-only linear,6,4,27,1.55854,1.5178684415584414,AF
AF: angle-only linear,6,4,33,1.00068,1.1528532415584414,AF
AF: angle-only linear,6,4,34,1.15143,1.1528532415584414,AF
AF: angle-only linear,6,4,35,1.18045,1.1528532415584414,AF
AF: angle-only linear,6,4,43,1.18126,1.1528532415584414,AF
AF: angle-only linear,6,4,48,1.82522,1.8828836415584416,AF
AF: angle-only linear,6,4,53,1.22687,1.1528532415584414,AF
AF: angle-only linear,6,4,57,1.80075,1.8828836415584416,AF
AF: angle-only linear,6,4,64,1.4624,1.5178684415584414,AF
AF: angle-only linear,6,4,66,1.09488,1.1528532415584414,AF
AF: angle-only linear,6,4,73,1.41795,1.5178684415584414,AF
AF: angle-only linear,6,4,76,1.46489,1.5178684415584414,AF
AF: angle-only linear,6,4,79,1.19772,1.1528532415584414,AF
AF: angle-only linear,6,4,86,1.27302,1.5178684415584414,AF
AF: angle-only linear,6,5,6,1.30412,1.5228841920432223,AF
AF: angle-only linear,6,5,7,1.38795,1.5228841920432223,AF
AF: angle-only linear,6,5,8,1.05256,1.1539365962671906,AF
AF: angle-only linear,6,5,23,1.20579,1.1539365962671906,AF
AF: angle-only linear,6,5,41,1.35048,1.5228841920432223,AF
AF: angle-only linear,6,5,45,1.15453,1.1539365962671906,AF
AF: angle-only linear,6,5,50,1.36288,1.5228841920432223,AF
AF: angle-only linear,6,5,51,1.34172,1.5228841920432223,AF
AF: angle-only linear,6,5,52,1.42105,1.5228841920432223,AF
AF: angle-only linear,6,5,55,1.18237,1.1539365962671906,AF
AF: angle-only linear,6,5,59,2.0106,1.8918317878192539,AF
AF: angle-only linear,6,5,65,1.62994,1.5228841920432223,AF
AF: angle-only linear,6,5,71,1.56292,1.8918317878192539,AF
AF: angle-only linear,6,5,72,1.7423,1.8918317878192539,AF
AF: angle-only linear,6,5,80,1.16671,1.1539365962671906,AF
AF: angle-only linear,6,5,89,1.49292,1.5228841920432223,AF
AF: angle-only linear,6,5,91,1.20107,1.1539365962671906,AF
AF: angle-only linear,6,5,93,1.30275,1.1539365962671906,AF
AF: angle-only linear,6,5,95,1.16353,1.1539365962671906,AF
AF: angle-only linear,7,1,4,1.75407,1.908013248898679,AF
AF: angle-only linear,7,1,5,1.28243,1.5260420374449344,AF
AF: angle-only linear,7,1,8,1.05256,1.1440708259911896,AF
AF: angle-only linear,7,1,9,1.17187,1.1440708259911896,AF
AF: angle-only linear,7,1,11,1.28156,1.1440708259911896,AF
AF: angle-only linear,7,1,17,1.44103,1.5260420374449344,AF
AF: angle-only linear,7,1,24,1.80422,1.908013248898679,AF
AF: angle-only linear,7,1,33,1.00068,1.1440708259911896,AF
AF: angle-only linear,7,1,43,1.18126,1.1440708259911896,AF
AF: angle-only linear,7,1,55,1.18237,1.1440708259911896,AF
AF: angle-only linear,7,1,57,1.80075,1.908013248898679,AF
AF: angle-only linear,7,1,62,1.53985,1.5260420374449344,AF
AF: angle-only linear,7,1,67,1.21931,1.1440708259911896,AF
AF: angle-only linear,7,1,72,1.7423,1.908013248898679,AF
AF: angle-only linear,7,1,75,1.32876,1.5260420374449344,AF
AF: angle-only linear,7,1,78,1.14397,1.1440708259911896,AF
AF: angle-only linear,7,1,82,1.50363,1.908013248898679,AF
AF: angle-only linear,7,1,84,1.78987,1.908013248898679,AF
AF: angle-only linear,7,1,92,1.21688,1.1440708259911896,AF
AF: angle-only linear,7,1,93,1.30275,1.1440708259911896,AF
AF: angle-only linear,7,2,1,1.7596,1.8832879813508066,AF
AF: angle-only linear,7,2,10,1.17573,1.1416418472782257,AF
AF: angle-only linear,7,2,14,1.74885,1.8832879813508066,AF
AF: angle-only linear,7,2,19,1.2125,1.1416418472782257,AF
AF: angle-only linear,7,2,20,1.19111,1.1416418472782257,AF
AF: angle-only linear,7,2,23,1.20579,1.1416418472782257,AF
AF: angle-only linear,7,2,32,1.18475,1.1416418472782257,AF
AF: angle-only linear,7,2,38,1.94988,1.8832879813508066,AF
AF: angle-only linear,7,2,39,1.45212,1.5124649143145161,AF
AF: angle-only linear,7,2,41,1.35048,1.5124649143145161,AF
AF: angle-only linear,7,2,52,1.42105,1.5124649143145161,AF
AF: angle-only linear,7,2,59,2.0106,1.8832879813508066,AF
AF: angle-only linear,7,2,65,1.62994,1.5124649143145161,AF
AF: angle-only linear,7,2,76,1.46489,1.5124649143145161,AF
AF: angle-only linear,7,2,77,1.17845,1.1416418472782257,AF
AF: angle-only linear,7,2,85,1.70334,1.8832879813508066,AF
AF: angle-only linear,7,2,87,1.4647,1.5124649143145161,AF
AF: angle-only linear,7,2,89,1.49292,1.5124649143145161,AF
AF: angle-only linear,7,2,94,1.35987,1.1416418472782257,AF
AF: angle-only linear,7,3,2,1.80526,1.8510190482233502,AF
AF: angle-only linear,7,3,3,1.29597,1.5055096751269037,AF
AF: angle-only linear,7,3,7,1.38795,1.5055096751269037,AF
AF: angle-only linear,7,3,12,2.04975,1.8510190482233502,AF
AF: angle-only linear,7,3,13,1.87831,1.8510190482233502,AF
AF: angle-only linear,7,3,22,1.16534,1.1600003020304572,AF
AF: angle-only linear,7,3,26,2.14773,1.8510190482233502,AF
AF: angle-only linear,7,3,35,1.18045,1.1600003020304572,AF
AF: angle-only linear,7,3,36,1.97211,1.8510190482233502,AF
AF: angle-only linear,7,3,37,2.18925,1.8510190482233502,AF
AF: angle-only linear,7,3,40,1.42363,1.5055096751269037,AF
AF: angle-only linear,7,3,44,1.20002,1.1600003020304572,AF
AF: angle-only linear,7,3,50,1.36288,1.5055096751269037,AF
AF: angle-only linear,7,3,54,1.18756,1.1600003020304572,AF
AF: angle-only linear,7,3,56,1.19584,1.1600003020304572,AF
AF: angle-only linear,7,3,61,1.5134,1.5055096751269037,AF
AF: angle-only linear,7,3,63,1.49433,1.5055096751269037,AF
AF: angle-only linear,7,3,73,1.41795,1.5055096751269037,AF
AF: angle-only linear,7,3,95,1.16353,1.1600003020304572,AF
AF: angle-only linear,7,4,16,1.39505,1.5036362661165548,AF
AF: angle-only linear,7,4,18,1.42223,1.5036362661165548,AF
AF: angle-only linear,7,4,21,1.16533,1.1559230531201647,AF
AF: angle-only linear,7,4,25,2.44505,1.8513494791129448,AF
AF: angle-only linear,7,4,27,1.55854,1.5036362661165548,AF
AF: angle-only linear,7,4,30,1.52016,1.5036362661165548,AF
AF: angle-only linear,7,4,42,1.23805,1.1559230531201647,AF
AF: angle-only linear,7,4,45,1.15453,1.1559230531201647,AF
AF: angle-only linear,7,4,47,1.95358,1.8513494791129448,AF
AF: angle-only linear,7,4,49,1.92546,1.8513494791129448,AF
AF: angle-only linear,7,4,53,1.22687,1.1559230531201647,AF
AF: angle-only linear,7,4,60,2.31133,1.8513494791129448,AF
AF: angle-only linear,7,4,66,1.09488,1.1559230531201647,AF
AF: angle-only linear,7,4,69,1.27114,1.1559230531201647,AF
AF: angle-only linear,7,4,71,1.56292,1.8513494791129448,AF
AF: angle-only linear,7,4,74,1.31523,1.5036362661165548,AF
AF: angle-only linear,7,4,79,1.19772,1.1559230531201647,AF
AF: angle-only linear,7,4,83,1.81434,1.8513494791129448,AF
AF: angle-only linear,7,4,86,1.27302,1.5036362661165548,AF
AF: angle-only linear,7,5,0,2.29017,1.855070267857143,AF
AF: angle-only linear,7,5,6,1.30412,1.5066532366071428,AF
AF: angle-only linear,7,5,15,1.4926,1.5066532366071428,AF
AF: angle-only linear,7,5,28,1.38725,1.5066532366071428,AF
AF: angle-only linear,7,5,29,1.36564,1.5066532366071428,AF
AF: angle-only linear,7,5,31,1.21458,1.158236205357143,AF
AF: angle-only linear,7,5,34,1.15143,1.158236205357143,AF
AF: angle-only linear,7,5,46,1.60113,1.855070267857143,AF
AF: angle-only linear,7,5,48,1.82522,1.855070267857143,AF
AF: angle-only linear,7,5,51,1.34172,1.5066532366071428,AF
AF: angle-only linear,7,5,58,1.93806,1.855070267857143,AF
AF: angle-only linear,7,5,64,1.4624,1.5066532366071428,AF
AF: angle-only linear,7,5,68,1.22121,1.158236205357143,AF
AF: angle-only linear,7,5,70,2.36855,1.855070267857143,AF
AF: angle-only linear,7,5,80,1.16671,1.158236205357143,AF
AF: angle-only linear,7,5,81,1.11558,1.158236205357143,AF
AF: angle-only linear,7,5,88,1.62833,1.5066532366071428,AF
AF: angle-only linear,7,5,90,1.54228,1.5066532366071428,AF
AF: angle-only linear,7,5,91,1.20107,1.158236205357143,AF
AF: angle-only linear,8,1,0,2.29017,1.8428477885597547,AF
AF: angle-only linear,8,1,1,1.7596,1.8428477885597547,AF
AF: angle-only linear,8,1,21,1.16533,1.1577865219611843,AF
AF: angle-only linear,8,1,22,1.16534,1.1577865219611843,AF
AF: angle-only linear,8,1,23,1.20579,1.1577865219611843,AF
AF: angle-only linear,8,1,25,2.44505,1.8428477885597547,AF
AF: angle-only linear,8,1,28,1.38725,1.5003171552604695,AF
AF: angle-only linear,8,1,38,1.94988,1.8428477885597547,AF
AF: angle-only linear,8,1,44,1.20002,1.1577865219611843,AF
AF: angle-only linear,8,1,48,1.82522,1.8428477885597547,AF
AF: angle-only linear,8,1,50,1.36288,1.5003171552604695,AF
AF: angle-only linear,8,1,63,1.49433,1.5003171552604695,AF
AF: angle-only linear,8,1,64,1.4624,1.5003171552604695,AF
AF: angle-only linear,8,1,65,1.62994,1.5003171552604695,AF
AF: angle-only linear,8,1,66,1.09488,1.1577865219611843,AF
AF: angle-only linear,8,1,74,1.31523,1.5003171552604695,AF
AF: angle-only linear,8,1,77,1.17845,1.1577865219611843,AF
AF: angle-only linear,8,1,79,1.19772,1.1577865219611843,AF
AF: angle-only linear,8,1,87,1.4647,1.5003171552604695,AF
AF: angle-only linear,8,1,88,1.62833,1.5003171552604695,AF
AF: angle-only linear,8,2,11,1.28156,1.1451908954041206,AF
AF: angle-only linear,8,2,13,1.87831,1.897325998415214,AF
AF: angle-only linear,8,2,14,1.74885,1.897325998415214,AF
AF: angle-only linear,8,2,17,1.44103,1.5212584469096673,AF
AF: angle-only linear,8,2,19,1.2125,1.1451908954041206,AF
AF: angle-only linear,8,2,24,1.80422,1.897325998415214,AF
AF: angle-only linear,8,2,29,1.36564,1.5212584469096673,AF
AF: angle-only linear,8,2,41,1.35048,1.5212584469096673,AF
AF: angle-only linear,8,2,47,1.95358,1.897325998415214,AF
AF: angle-only linear,8,2,53,1.22687,1.1451908954041206,AF
AF: angle-only linear,8,2,57,1.80075,1.897325998415214,AF
AF: angle-only linear,8,2,67,1.21931,1.1451908954041206,AF
AF: angle-only linear,8,2,76,1.46489,1.5212584469096673,AF
AF: angle-only linear,8,2,78,1.14397,1.1451908954041206,AF
AF: angle-only linear,8,2,83,1.81434,1.897325998415214,AF
AF: angle-only linear,8,2,85,1.70334,1.897325998415214,AF
AF: angle-only linear,8,2,86,1.27302,1.5212584469096673,AF
AF: angle-only linear,8,2,92,1.21688,1.1451908954041206,AF
AF: angle-only linear,8,2,95,1.16353,1.1451908954041206,AF
AF: angle-only linear,8,3,2,1.80526,1.9018962868369353,AF
AF: angle-only linear,8,3,3,1.29597,1.528620235756385,AF
AF: angle-only linear,8,3,7,1.38795,1.528620235756385,AF
AF: angle-only linear,8,3,8,1.05256,1.1553441846758348,AF
AF: angle-only linear,8,3,9,1.17187,1.1553441846758348,AF
AF: angle-only linear,8,3,10,1.17573,1.1553441846758348,AF
AF: angle-only linear,8,3,16,1.39505,1.528620235756385,AF
AF: angle-only linear,8,3,27,1.55854,1.528620235756385,AF
AF: angle-only linear,8,3,32,1.18475,1.1553441846758348,AF
AF: angle-only linear,8,3,34,1.15143,1.1553441846758348,AF
AF: angle-only linear,8,3,35,1.18045,1.1553441846758348,AF
AF: angle-only linear,8,3,46,1.60113,1.9018962868369353,AF
AF: angle-only linear,8,3,51,1.34172,1.528620235756385,AF
AF: angle-only linear,8,3,55,1.18237,1.1553441846758348,AF
AF: angle-only linear,8,3,56,1.19584,1.1553441846758348,AF
AF: angle-only linear,8,3,71,1.56292,1.9018962868369353,AF
AF: angle-only linear,8,3,75,1.32876,1.528620235756385,AF
AF: angle-only linear,8,3,89,1.49292,1.528620235756385,AF
AF: angle-only linear,8,3,90,1.54228,1.528620235756385,AF
AF: angle-only linear,8,4,4,1.75407,1.8538700000000001,AF
AF: angle-only linear,8,4,20,1.19111,1.14273,AF
AF: angle-only linear,8,4,30,1.52016,1.4983,AF
AF: angle-only linear,8,4,31,1.21458,1.14273,AF
AF: angle-only linear,8,4,37,2.18925,1.8538700000000001,AF
AF: angle-only linear,8,4,39,1.45212,1.4983,AF
AF: angle-only linear,8,4,43,1.18126,1.14273,AF
AF: angle-only linear,8,4,52,1.42105,1.4983,AF
AF: angle-only linear,8,4,58,1.93806,1.8538700000000001,AF
AF: angle-only linear,8,4,60,2.31133,1.8538700000000001,AF
AF: angle-only linear,8,4,61,1.5134,1.4983,AF
AF: angle-only linear,8,4,62,1.53985,1.4983,AF
AF: angle-only linear,8,4,68,1.22121,1.14273,AF
AF: angle-only linear,8,4,73,1.41795,1.4983,AF
AF: angle-only linear,8,4,80,1.16671,1.14273,AF
AF: angle-only linear,8,4,81,1.11558,1.14273,AF
AF: angle-only linear,8,4,84,1.78987,1.8538700000000001,AF
AF: angle-only linear,8,4,93,1.30275,1.14273,AF
AF: angle-only linear,8,4,94,1.35987,1.14273,AF
AF: angle-only linear,8,5,5,1.28243,1.5057900800000001,AF
AF: angle-only linear,8,5,6,1.30412,1.5057900800000001,AF
AF: angle-only linear,8,5,12,2.04975,1.8510476960000002,AF
AF: angle-only linear,8,5,15,1.4926,1.5057900800000001,AF
AF: angle-only linear,8,5,18,1.42223,1.5057900800000001,AF
AF: angle-only linear,8,5,26,2.14773,1.8510476960000002,AF
AF: angle-only linear,8,5,33,1.00068,1.160532464,AF
AF: angle-only linear,8,5,36,1.97211,1.8510476960000002,AF
AF: angle-only linear,8,5,40,1.42363,1.5057900800000001,AF
AF: angle-only linear,8,5,42,1.23805,1.160532464,AF
AF: angle-only linear,8,5,45,1.15453,1.160532464,AF
AF: angle-only linear,8,5,49,1.92546,1.8510476960000002,AF
AF: angle-only linear,8,5,54,1.18756,1.160532464,AF
AF: angle-only linear,8,5,59,2.0106,1.8510476960000002,AF
AF: angle-only linear,8,5,69,1.27114,1.160532464,AF
AF: angle-only linear,8,5,70,2.36855,1.8510476960000002,AF
AF: angle-only linear,8,5,72,1.7423,1.8510476960000002,AF
AF: angle-only linear,8,5,82,1.50363,1.8510476960000002,AF
AF: angle-only linear,8,5,91,1.20107,1.160532464,AF
AF: angle-only linear,9,1,3,1.29597,1.510654496086106,AF
AF: angle-only linear,9,1,8,1.05256,1.155256570450098,AF
AF: angle-only linear,9,1,15,1.4926,1.510654496086106,AF
AF: angle-only linear,9,1,16,1.39505,1.510654496086106,AF
AF: angle-only linear,9,1,17,1.44103,1.510654496086106,AF
AF: angle-only linear,9,1,18,1.42223,1.510654496086106,AF
AF: angle-only linear,9,1,25,2.44505,1.866052421722114,AF
AF: angle-only linear,9,1,39,1.45212,1.510654496086106,AF
AF: angle-only linear,9,1,44,1.20002,1.155256570450098,AF
AF: angle-only linear,9,1,50,1.36288,1.510654496086106,AF
AF: angle-only linear,9,1,52,1.42105,1.510654496086106,AF
AF: angle-only linear,9,1,56,1.19584,1.155256570450098,AF
AF: angle-only linear,9,1,57,1.80075,1.866052421722114,AF
AF: angle-only linear,9,1,65,1.62994,1.510654496086106,AF
AF: angle-only linear,9,1,67,1.21931,1.155256570450098,AF
AF: angle-only linear,9,1,77,1.17845,1.155256570450098,AF
AF: angle-only linear,9,1,84,1.78987,1.866052421722114,AF
AF: angle-only linear,9,1,90,1.54228,1.510654496086106,AF
AF: angle-only linear,9,1,93,1.30275,1.155256570450098,AF
AF: angle-only linear,9,1,95,1.16353,1.155256570450098,AF
AF: angle-only linear,9,2,12,2.04975,1.8563709738595597,AF
AF: angle-only linear,9,2,14,1.74885,1.8563709738595597,AF
AF: angle-only linear,9,2,21,1.16533,1.1498186570989242,AF
AF: angle-only linear,9,2,23,1.20579,1.1498186570989242,AF
AF: angle-only linear,9,2,32,1.18475,1.1498186570989242,AF
AF: angle-only linear,9,2,34,1.15143,1.1498186570989242,AF
AF: angle-only linear,9,2,37,2.18925,1.8563709738595597,AF
AF: angle-only linear,9,2,38,1.94988,1.8563709738595597,AF
AF: angle-only linear,9,2,40,1.42363,1.5030948154792418,AF
AF: angle-only linear,9,2,53,1.22687,1.1498186570989242,AF
AF: angle-only linear,9,2,54,1.18756,1.1498186570989242,AF
AF: angle-only linear,9,2,58,1.93806,1.8563709738595597,AF
AF: angle-only linear,9,2,61,1.5134,1.5030948154792418,AF
AF: angle-only linear,9,2,74,1.31523,1.5030948154792418,AF
AF: angle-only linear,9,2,76,1.46489,1.5030948154792418,AF
AF: angle-only linear,9,2,80,1.16671,1.1498186570989242,AF
AF: angle-only linear,9,2,88,1.62833,1.5030948154792418,AF
AF: angle-only linear,9,2,89,1.49292,1.5030948154792418,AF
AF: angle-only linear,9,2,92,1.21688,1.1498186570989242,AF
AF: angle-only linear,9,3,1,1.7596,1.8903915439999999,AF
AF: angle-only linear,9,3,7,1.38795,1.518578453333333,AF
AF: angle-only linear,9,3,9,1.17187,1.1467653626666665,AF
AF: angle-only linear,9,3,13,1.87831,1.8903915439999999,AF
AF: angle-only linear,9,3,24,1.80422,1.8903915439999999,AF
AF: angle-only linear,9,3,27,1.55854,1.518578453333333,AF
AF: angle-only linear,9,3,28,1.38725,1.518578453333333,AF
AF: angle-only linear,9,3,36,1.97211,1.8903915439999999,AF
AF: angle-only linear,9,3,42,1.23805,1.1467653626666665,AF
AF: angle-only linear,9,3,45,1.15453,1.1467653626666665,AF
AF: angle-only linear,9,3,46,1.60113,1.8903915439999999,AF
AF: angle-only linear,9,3,47,1.95358,1.8903915439999999,AF
AF: angle-only linear,9,3,55,1.18237,1.1467653626666665,AF
AF: angle-only linear,9,3,59,2.0106,1.8903915439999999,AF
AF: angle-only linear,9,3,69,1.27114,1.1467653626666665,AF
AF: angle-only linear,9,3,73,1.41795,1.518578453333333,AF
AF: angle-only linear,9,3,75,1.32876,1.518578453333333,AF
AF: angle-only linear,9,3,79,1.19772,1.1467653626666665,AF
AF: angle-only linear,9,3,85,1.70334,1.8903915439999999,AF
AF: angle-only linear,9,4,0,2.29017,1.871616890571568,AF
AF: angle-only linear,9,4,10,1.17573,1.1573651123595505,AF
AF: angle-only linear,9,4,19,1.2125,1.1573651123595505,AF
AF: angle-only linear,9,4,29,1.36564,1.5144910014655593,AF
AF: angle-only linear,9,4,30,1.52016,1.5144910014655593,AF
AF: angle-only linear,9,4,41,1.35048,1.5144910014655593,AF
AF: angle-only linear,9,4,51,1.34172,1.5144910014655593,AF
AF: angle-only linear,9,4,60,2.31133,1.871616890571568,AF
AF: angle-only linear,9,4,62,1.53985,1.5144910014655593,AF
AF: angle-only linear,9,4,63,1.49433,1.5144910014655593,AF
AF: angle-only linear,9,4,64,1.4624,1.5144910014655593,AF
AF: angle-only linear,9,4,66,1.09488,1.1573651123595505,AF
AF: angle-only linear,9,4,72,1.7423,1.871616890571568,AF
AF: angle-only linear,9,4,81,1.11558,1.1573651123595505,AF
AF: angle-only linear,9,4,82,1.50363,1.871616890571568,AF
AF: angle-only linear,9,4,83,1.81434,1.871616890571568,AF
AF: angle-only linear,9,4,86,1.27302,1.5144910014655593,AF
AF: angle-only linear,9,4,87,1.4647,1.5144910014655593,AF
AF: angle-only linear,9,4,94,1.35987,1.1573651123595505,AF
AF: angle-only linear,9,5,2,1.80526,1.8670693043962159,AF
AF: angle-only linear,9,5,4,1.75407,1.8670693043962159,AF
AF: angle-only linear,9,5,5,1.28243,1.5093876405119646,AF
AF: angle-only linear,9,5,6,1.30412,1.5093876405119646,AF
AF: angle-only linear,9,5,11,1.28156,1.1517059766277131,AF
AF: angle-only linear,9,5,20,1.19111,1.1517059766277131,AF
AF: angle-only linear,9,5,22,1.16534,1.1517059766277131,AF
AF: angle-only linear,9,5,26,2.14773,1.8670693043962159,AF
AF: angle-only linear,9,5,31,1.21458,1.1517059766277131,AF
AF: angle-only linear,9,5,33,1.00068,1.1517059766277131,AF
AF: angle-only linear,9,5,35,1.18045,1.1517059766277131,AF
AF: angle-only linear,9,5,43,1.18126,1.1517059766277131,AF
AF: angle-only linear,9,5,48,1.82522,1.8670693043962159,AF
AF: angle-only linear,9,5,49,1.92546,1.8670693043962159,AF
AF: angle-only linear,9,5,68,1.22121,1.1517059766277131,AF
AF: angle-only linear,9,5,70,2.36855,1.8670693043962159,AF
AF: angle-only linear,9,5,71,1.56292,1.8670693043962159,AF
AF: angle-only linear,9,5,78,1.14397,1.1517059766277131,AF
AF: angle-only linear,9,5,91,1.20107,1.1517059766277131,AF
AF: angle-only linear,10,1,0,2.29017,1.8610198715267403,AF
AF: angle-only linear,10,1,2,1.80526,1.8610198715267403,AF
AF: angle-only linear,10,1,4,1.75407,1.8610198715267403,AF
AF: angle-only linear,10,1,11,1.28156,1.1414479982073498,AF
AF: angle-only linear,10,1,12,2.04975,1.8610198715267403,AF
AF: angle-only linear,10,1,19,1.2125,1.1414479982073498,AF
AF: angle-only linear,10,1,46,1.60113,1.8610198715267403,AF
AF: angle-only linear,10,1,49,1.92546,1.8610198715267403,AF
AF: angle-only linear,10,1,58,1.93806,1.8610198715267403,AF
AF: angle-only linear,10,1,59,2.0106,1.8610198715267403,AF
AF: angle-only linear,10,1,67,1.21931,1.1414479982073498,AF
AF: angle-only linear,10,1,70,2.36855,1.8610198715267403,AF
AF: angle-only linear,10,1,71,1.56292,1.8610198715267403,AF
AF: angle-only linear,10,1,72,1.7423,1.8610198715267403,AF
AF: angle-only linear,10,1,76,1.46489,1.5012339348670451,AF
AF: angle-only linear,10,1,79,1.19772,1.1414479982073498,AF
AF: angle-only linear,10,1,85,1.70334,1.8610198715267403,AF
AF: angle-only linear,10,1,87,1.4647,1.5012339348670451,AF
AF: angle-only linear,10,1,90,1.54228,1.5012339348670451,AF
AF: angle-only linear,10,1,94,1.35987,1.1414479982073498,AF
AF: angle-only linear,10,2,9,1.17187,1.1440578809152362,AF
AF: angle-only linear,10,2,14,1.74885,1.868401505460218,AF
AF: angle-only linear,10,2,15,1.4926,1.5062296931877273,AF
AF: angle-only linear,10,2,20,1.19111,1.1440578809152362,AF
AF: angle-only linear,10,2,26,2.14773,1.868401505460218,AF
AF: angle-only linear,10,2,29,1.36564,1.5062296931877273,AF
AF: angle-only linear,10,2,31,1.21458,1.1440578809152362,AF
AF: angle-only linear,10,2,32,1.18475,1.1440578809152362,AF
AF: angle-only linear,10,2,43,1.18126,1.1440578809152362,AF
AF: angle-only linear,10,2,44,1.20002,1.1440578809152362,AF
AF: angle-only linear,10,2,65,1.62994,1.5062296931877273,AF
AF: angle-only linear,10,2,66,1.09488,1.1440578809152362,AF
AF: angle-only linear,10,2,75,1.32876,1.5062296931877273,AF
AF: angle-only linear,10,2,77,1.17845,1.1440578809152362,AF
AF: angle-only linear,10,2,78,1.14397,1.1440578809152362,AF
AF: angle-only linear,10,2,80,1.16671,1.1440578809152362,AF
AF: angle-only linear,10,2,88,1.62833,1.5062296931877273,AF
AF: angle-only linear,10,2,91,1.20107,1.1440578809152362,AF
AF: angle-only linear,10,2,92,1.21688,1.1440578809152362,AF
AF: angle-only linear,10,3,1,1.7596,1.9009780050000002,AF
AF: angle-only linear,10,3,3,1.29597,1.5312849075000001,AF
AF: angle-only linear,10,3,5,1.28243,1.5312849075000001,AF
AF: angle-only linear,10,3,8,1.05256,1.1615918100000002,AF
AF: angle-only linear,10,3,13,1.87831,1.9009780050000002,AF
AF: angle-only linear,10,3,22,1.16534,1.1615918100000002,AF
AF: angle-only linear,10,3,23,1.20579,1.1615918100000002,AF
AF: angle-only linear,10,3,38,1.94988,1.9009780050000002,AF
AF: angle-only linear,10,3,41,1.35048,1.5312849075000001,AF
AF: angle-only linear,10,3,45,1.15453,1.1615918100000002,AF
AF: angle-only linear,10,3,47,1.95358,1.9009780050000002,AF
AF: angle-only linear,10,3,50,1.36288,1.5312849075000001,AF
AF: angle-only linear,10,3,51,1.34172,1.5312849075000001,AF
AF: angle-only linear,10,3,62,1.53985,1.5312849075000001,AF
AF: angle-only linear,10,3,64,1.4624,1.5312849075000001,AF
AF: angle-only linear,10,3,68,1.22121,1.1615918100000002,AF
AF: angle-only linear,10,3,74,1.31523,1.5312849075000001,AF
AF: angle-only linear,10,3,82,1.50363,1.9009780050000002,AF
AF: angle-only linear,10,3,83,1.81434,1.9009780050000002,AF
AF: angle-only linear,10,4,7,1.38795,1.5161611127450982,AF
AF: angle-only linear,10,4,17,1.44103,1.5161611127450982,AF
AF: angle-only linear,10,4,18,1.42223,1.5161611127450982,AF
AF: angle-only linear,10,4,24,1.80422,1.8800367941176472,AF
AF: angle-only linear,10,4,30,1.52016,1.5161611127450982,AF
AF: angle-only linear,10,4,33,1.00068,1.1522854313725495,AF
AF: angle-only linear,10,4,34,1.15143,1.1522854313725495,AF
AF: angle-only linear,10,4,39,1.45212,1.5161611127450982,AF
AF: angle-only linear,10,4,40,1.42363,1.5161611127450982,AF
AF: angle-only linear,10,4,48,1.82522,1.8800367941176472,AF
AF: angle-only linear,10,4,53,1.22687,1.1522854313725495,AF
AF: angle-only linear,10,4,54,1.18756,1.1522854313725495,AF
AF: angle-only linear,10,4,55,1.18237,1.1522854313725495,AF
AF: angle-only linear,10,4,56,1.19584,1.1522854313725495,AF
AF: angle-only linear,10,4,61,1.5134,1.5161611127450982,AF
AF: angle-only linear,10,4,63,1.49433,1.5161611127450982,AF
AF: angle-only linear,10,4,81,1.11558,1.1522854313725495,AF
AF: angle-only linear,10,4,93,1.30275,1.1522854313725495,AF
AF: angle-only linear,10,4,95,1.16353,1.1522854313725495,AF
AF: angle-only linear,10,5,6,1.30412,1.4992201725,AF
AF: angle-only linear,10,5,10,1.17573,1.16172203,AF
AF: angle-only linear,10,5,16,1.39505,1.4992201725,AF
AF: angle-only linear,10,5,21,1.16533,1.16172203,AF
AF: angle-only linear,10,5,25,2.44505,1.8367183150000004,AF
AF: angle-only linear,10,5,27,1.55854,1.4992201725,AF
AF: angle-only linear,10,5,28,1.38725,1.4992201725,AF
AF: angle-only linear,10,5,35,1.18045,1.16172203,AF
AF: angle-only linear,10,5,36,1.97211,1.8367183150000004,AF
AF: angle-only linear,10,5,37,2.18925,1.8367183150000004,AF
AF: angle-only linear,10,5,42,1.23805,1.16172203,AF
AF: angle-only linear,10,5,52,1.42105,1.4992201725,AF
AF: angle-only linear,10,5,57,1.80075,1.8367183150000004,AF
AF: angle-only linear,10,5,60,2.31133,1.8367183150000004,AF
AF: angle-only linear,10,5,69,1.27114,1.16172203,AF
AF: angle-only linear,10,5,73,1.41795,1.4992201725,AF
AF: angle-only linear,10,5,84,1.78987,1.8367183150000004,AF
AF: angle-only linear,10,5,86,1.27302,1.4992201725,AF
AF: angle-only linear,10,5,89,1.49292,1.4992201725,AF
AF: angle-only linear,11,1,2,1.80526,1.8521735156250005,AF
AF: angle-only linear,11,1,4,1.75407,1.8521735156250005,AF
AF: angle-only linear,11,1,8,1.05256,1.151650725446429,AF
AF: angle-only linear,11,1,14,1.74885,1.8521735156250005,AF
AF: angle-only linear,11,1,19,1.2125,1.151650725446429,AF
AF: angle-only linear,11,1,24,1.80422,1.8521735156250005,AF
AF: angle-only linear,11,1,27,1.55854,1.5019121205357147,AF
AF: angle-only linear,11,1,29,1.36564,1.5019121205357147,AF
AF: angle-only linear,11,1,40,1.42363,1.5019121205357147,AF
AF: angle-only linear,11,1,44,1.20002,1.151650725446429,AF
AF: angle-only linear,11,1,53,1.22687,1.151650725446429,AF
AF: angle-only linear,11,1,55,1.18237,1.151650725446429,AF
AF: angle-only linear,11,1,58,1.93806,1.8521735156250005,AF
AF: angle-only linear,11,1,60,2.31133,1.8521735156250005,AF
AF: angle-only linear,11,1,65,1.62994,1.5019121205357147,AF
AF: angle-only linear,11,1,70,2.36855,1.8521735156250005,AF
AF: angle-only linear,11,1,72,1.7423,1.8521735156250005,AF
AF: angle-only linear,11,1,77,1.17845,1.151650725446429,AF
AF: angle-only linear,11,1,78,1.14397,1.151650725446429,AF
AF: angle-only linear,11,1,91,1.20107,1.151650725446429,AF
AF: angle-only linear,11,2,3,1.29597,1.5170171883432275,AF
AF: angle-only linear,11,2,12,2.04975,1.8899133135456019,AF
AF: angle-only linear,11,2,36,1.97211,1.8899133135456019,AF
AF: angle-only linear,11,2,47,1.95358,1.8899133135456019,AF
AF: angle-only linear,11,2,48,1.82522,1.8899133135456019,AF
AF: angle-only linear,11,2,49,1.92546,1.8899133135456019,AF
AF: angle-only linear,11,2,51,1.34172,1.5170171883432275,AF
AF: angle-only linear,11,2,56,1.19584,1.144121063140853,AF
AF: angle-only linear,11,2,62,1.53985,1.5170171883432275,AF
AF: angle-only linear,11,2,67,1.21931,1.144121063140853,AF
AF: angle-only linear,11,2,68,1.22121,1.144121063140853,AF
AF: angle-only linear,11,2,80,1.16671,1.144121063140853,AF
AF: angle-only linear,11,2,82,1.50363,1.8899133135456019,AF
AF: angle-only linear,11,2,83,1.81434,1.8899133135456019,AF
AF: angle-only linear,11,2,84,1.78987,1.8899133135456019,AF
AF: angle-only linear,11,2,85,1.70334,1.8899133135456019,AF
AF: angle-only linear,11,2,89,1.49292,1.5170171883432275,AF
AF: angle-only linear,11,2,90,1.54228,1.5170171883432275,AF
AF: angle-only linear,11,2,93,1.30275,1.144121063140853,AF
AF: angle-only linear,11,3,0,2.29017,1.8321074269153228,AF
AF: angle-only linear,11,3,9,1.17187,1.1607924420362903,AF
AF: angle-only linear,11,3,10,1.17573,1.1607924420362903,AF
AF: angle-only linear,11,3,15,1.4926,1.4964499344758064,AF
AF: angle-only linear,11,3,17,1.44103,1.4964499344758064,AF
AF: angle-only linear,11,3,21,1.16533,1.1607924420362903,AF
AF: angle-only linear,11,3,25,2.44505,1.8321074269153228,AF
AF: angle-only linear,11,3,26,2.14773,1.8321074269153228,AF
AF: angle-only linear,11,3,30,1.52016,1.4964499344758064,AF
AF: angle-only linear,11,3,31,1.21458,1.1607924420362903,AF
AF: angle-only linear,11,3,38,1.94988,1.8321074269153228,AF
AF: angle-only linear,11,3,41,1.35048,1.4964499344758064,AF
AF: angle-only linear,11,3,52,1.42105,1.4964499344758064,AF
AF: angle-only linear,11,3,57,1.80075,1.8321074269153228,AF
AF: angle-only linear,11,3,66,1.09488,1.1607924420362903,AF
AF: angle-only linear,11,3,73,1.41795,1.4964499344758064,AF
AF: angle-only linear,11,3,76,1.46489,1.4964499344758064,AF
AF: angle-only linear,11,3,79,1.19772,1.1607924420362903,AF
AF: angle-only linear,11,3,92,1.21688,1.1607924420362903,AF
AF: angle-only linear,11,4,1,1.7596,1.8826429765886288,AF
AF: angle-only linear,11,4,6,1.30412,1.5224344147157192,AF
AF: angle-only linear,11,4,7,1.38795,1.5224344147157192,AF
AF: angle-only linear,11,4,18,1.42223,1.5224344147157192,AF
AF: angle-only linear,11,4,20,1.19111,1.1622258528428093,AF
AF: angle-only linear,11,4,22,1.16534,1.1622258528428093,AF
AF: angle-only linear,11,4,34,1.15143,1.1622258528428093,AF
AF: angle-only linear,11,4,37,2.18925,1.8826429765886288,AF
AF: angle-only linear,11,4,39,1.45212,1.5224344147157192,AF
AF: angle-only linear,11,4,43,1.18126,1.1622258528428093,AF
AF: angle-only linear,11,4,50,1.36288,1.5224344147157192,AF
AF: angle-only linear,11,4,59,2.0106,1.8826429765886288,AF
AF: angle-only linear,11,4,63,1.49433,1.5224344147157192,AF
AF: angle-only linear,11,4,64,1.4624,1.5224344147157192,AF
AF: angle-only linear,11,4,71,1.56292,1.8826429765886288,AF
AF: angle-only linear,11,4,74,1.31523,1.5224344147157192,AF
AF: angle-only linear,11,4,75,1.32876,1.5224344147157192,AF
AF: angle-only linear,11,4,81,1.11558,1.1622258528428093,AF
AF: angle-only linear,11,4,88,1.62833,1.5224344147157192,AF
AF: angle-only linear,11,5,5,1.28243,1.516800606214977,AF
AF: angle-only linear,11,5,11,1.28156,1.1422172847682117,AF
AF: angle-only linear,11,5,13,1.87831,1.8913839276617421,AF
AF: angle-only linear,11,5,16,1.39505,1.516800606214977,AF
AF: angle-only linear,11,5,23,1.20579,1.1422172847682117,AF
AF: angle-only linear,11,5,28,1.38725,1.516800606214977,AF
AF: angle-only linear,11,5,32,1.18475,1.1422172847682117,AF
AF: angle-only linear,11,5,33,1.00068,1.1422172847682117,AF
AF: angle-only linear,11,5,35,1.18045,1.1422172847682117,AF
AF: angle-only linear,11,5,42,1.23805,1.1422172847682117,AF
AF: angle-only linear,11,5,45,1.15453,1.1422172847682117,AF
AF: angle-only linear,11,5,46,1.60113,1.8913839276617421,AF
AF: angle-only linear,11,5,54,1.18756,1.1422172847682117,AF
AF: angle-only linear,11,5,61,1.5134,1.516800606214977,AF
AF: angle-only linear,11,5,69,1.27114,1.1422172847682117,AF
AF: angle-only linear,11,5,86,1.27302,1.516800606214977,AF
AF: angle-only linear,11,5,87,1.4647,1.516800606214977,AF
AF: angle-only linear,11,5,94,1.35987,1.1422172847682117,AF
AF: angle-only linear,11,5,95,1.16353,1.1422172847682117,AF
AF: angle-only linear,12,1,0,2.29017,1.8651192553191496,AF
AF: angle-only linear,12,1,3,1.29597,1.5087894680851068,AF
AF: angle-only linear,12,1,5,1.28243,1.5087894680851068,AF
AF: angle-only linear,12,1,10,1.17573,1.1524596808510643,AF
AF: angle-only linear,12,1,19,1.2125,1.1524596808510643,AF
AF: angle-only linear,12,1,28,1.38725,1.5087894680851068,AF
AF: angle-only linear,12,1,32,1.18475,1.1524596808510643,AF
AF: angle-only linear,12,1,34,1.15143,1.1524596808510643,AF
AF: angle-only linear,12,1,36,1.97211,1.8651192553191496,AF
AF: angle-only linear,12,1,39,1.45212,1.5087894680851068,AF
AF: angle-only linear,12,1,50,1.36288,1.5087894680851068,AF
AF: angle-only linear,12,1,53,1.22687,1.1524596808510643,AF
AF: angle-only linear,12,1,55,1.18237,1.1524596808510643,AF
AF: angle-only linear,12,1,62,1.53985,1.5087894680851068,AF
AF: angle-only linear,12,1,65,1.62994,1.5087894680851068,AF
AF: angle-only linear,12,1,68,1.22121,1.1524596808510643,AF
AF: angle-only linear,12,1,79,1.19772,1.1524596808510643,AF
AF: angle-only linear,12,1,83,1.81434,1.8651192553191496,AF
AF: angle-only linear,12,1,89,1.49292,1.5087894680851068,AF
AF: angle-only linear,12,1,95,1.16353,1.1524596808510643,AF
AF: angle-only linear,12,2,4,1.75407,1.8829946573604057,AF
AF: angle-only linear,12,2,7,1.38795,1.517392203045685,AF
AF: angle-only linear,12,2,15,1.4926,1.517392203045685,AF
AF: angle-only linear,12,2,17,1.44103,1.517392203045685,AF
AF: angle-only linear,12,2,20,1.19111,1.1517897487309645,AF
AF: angle-only linear,12,2,21,1.16533,1.1517897487309645,AF
AF: angle-only linear,12,2,24,1.80422,1.8829946573604057,AF
AF: angle-only linear,12,2,30,1.52016,1.517392203045685,AF
AF: angle-only linear,12,2,42,1.23805,1.1517897487309645,AF
AF: angle-only linear,12,2,49,1.92546,1.8829946573604057,AF
AF: angle-only linear,12,2,51,1.34172,1.517392203045685,AF
AF: angle-only linear,12,2,57,1.80075,1.8829946573604057,AF
AF: angle-only linear,12,2,70,2.36855,1.8829946573604057,AF
AF: angle-only linear,12,2,74,1.31523,1.517392203045685,AF
AF: angle-only linear,12,2,76,1.46489,1.517392203045685,AF
AF: angle-only linear,12,2,78,1.14397,1.1517897487309645,AF
AF: angle-only linear,12,2,81,1.11558,1.1517897487309645,AF
AF: angle-only linear,12,2,82,1.50363,1.8829946573604057,AF
AF: angle-only linear,12,2,93,1.30275,1.1517897487309645,AF
AF: angle-only linear,12,3,1,1.7596,1.9113195250800432,AF
AF: angle-only linear,12,3,2,1.80526,1.9113195250800432,AF
AF: angle-only linear,12,3,8,1.05256,1.145025538954109,AF
AF: angle-only linear,12,3,23,1.20579,1.145025538954109,AF
AF: angle-only linear,12,3,31,1.21458,1.145025538954109,AF
AF: angle-only linear,12,3,33,1.00068,1.145025538954109,AF
AF: angle-only linear,12,3,40,1.42363,1.528172532017076,AF
AF: angle-only linear,12,3,41,1.35048,1.528172532017076,AF
AF: angle-only linear,12,3,43,1.18126,1.145025538954109,AF
AF: angle-only linear,12,3,46,1.60113,1.9113195250800432,AF
AF: angle-only linear,12,3,56,1.19584,1.145025538954109,AF
AF: angle-only linear,12,3,64,1.4624,1.528172532017076,AF
AF: angle-only linear,12,3,66,1.09488,1.145025538954109,AF
AF: angle-only linear,12,3,71,1.56292,1.9113195250800432,AF
AF: angle-only linear,12,3,72,1.7423,1.9113195250800432,AF
AF: angle-only linear,12,3,73,1.41795,1.528172532017076,AF
AF: angle-only linear,12,3,84,1.78987,1.9113195250800432,AF
AF: angle-only linear,12,3,92,1.21688,1.145025538954109,AF
AF: angle-only linear,12,3,94,1.35987,1.145025538954109,AF
AF: angle-only linear,12,4,6,1.30412,1.5026954221289985,AF
AF: angle-only linear,12,4,11,1.28156,1.1541541714735186,AF
AF: angle-only linear,12,4,13,1.87831,1.8512366727844785,AF
AF: angle-only linear,12,4,14,1.74885,1.8512366727844785,AF
AF: angle-only linear,12,4,16,1.39505,1.5026954221289985,AF
AF: angle-only linear,12,4,26,2.14773,1.8512366727844785,AF
AF: angle-only linear,12,4,44,1.20002,1.1541541714735186,AF
AF: angle-only linear,12,4,45,1.15453,1.1541541714735186,AF
AF: angle-only linear,12,4,47,1.95358,1.8512366727844785,AF
AF: angle-only linear,12,4,52,1.42105,1.5026954221289985,AF
AF: angle-only linear,12,4,54,1.18756,1.1541541714735186,AF
AF: angle-only linear,12,4,59,2.0106,1.8512366727844785,AF
AF: angle-only linear,12,4,60,2.31133,1.8512366727844785,AF
AF: angle-only linear,12,4,67,1.21931,1.1541541714735186,AF
AF: angle-only linear,12,4,77,1.17845,1.1541541714735186,AF
AF: angle-only linear,12,4,80,1.16671,1.1541541714735186,AF
AF: angle-only linear,12,4,86,1.27302,1.5026954221289985,AF
AF: angle-only linear,12,4,90,1.54228,1.5026954221289985,AF
AF: angle-only linear,12,4,91,1.20107,1.1541541714735186,AF
AF: angle-only linear,12,5,9,1.17187,1.156847606060606,AF
AF: angle-only linear,12,5,12,2.04975,1.8371168282828285,AF
AF: angle-only linear,12,5,18,1.42223,1.4969822171717173,AF
AF: angle-only linear,12,5,22,1.16534,1.156847606060606,AF
AF: angle-only linear,12,5,25,2.44505,1.8371168282828285,AF
AF: angle-only linear,12,5,27,1.55854,1.4969822171717173,AF
AF: angle-only linear,12,5,29,1.36564,1.4969822171717173,AF
AF: angle-only linear,12,5,35,1.18045,1.156847606060606,AF
AF: angle-only linear,12,5,37,2.18925,1.8371168282828285,AF
AF: angle-only linear,12,5,38,1.94988,1.8371168282828285,AF
AF: angle-only linear,12,5,48,1.82522,1.8371168282828285,AF
AF: angle-only linear,12,5,58,1.93806,1.8371168282828285,AF
AF: angle-only linear,12,5,61,1.5134,1.4969822171717173,AF
AF: angle-only linear,12,5,63,1.49433,1.4969822171717173,AF
AF: angle-only linear,12,5,69,1.27114,1.156847606060606,AF
AF: angle-only linear,12,5,75,1.32876,1.4969822171717173,AF
AF: angle-only linear,12,5,85,1.70334,1.8371168282828285,AF
AF: angle-only linear,12,5,87,1.4647,1.4969822171717173,AF
AF: angle-only linear,12,5,88,1.62833,1.4969822171717173,AF
AF: angle-only linear,13,1,0,2.29017,1.8572324571734478,AF
AF: angle-only linear,13,1,10,1.17573,1.159717296573876,AF
AF: angle-only linear,13,1,22,1.16534,1.159717296573876,AF
AF: angle-only linear,13,1,29,1.36564,1.508474876873662,AF
AF: angle-only linear,13,1,31,1.21458,1.159717296573876,AF
AF: angle-only linear,13,1,32,1.18475,1.159717296573876,AF
AF: angle-only linear,13,1,33,1.00068,1.159717296573876,AF
AF: angle-only linear,13,1,36,1.97211,1.8572324571734478,AF
AF: angle-only linear,13,1,37,2.18925,1.8572324571734478,AF
AF: angle-only linear,13,1,42,1.23805,1.159717296573876,AF
AF: angle-only linear,13,1,58,1.93806,1.8572324571734478,AF
AF: angle-only linear,13,1,72,1.7423,1.8572324571734478,AF
AF: angle-only linear,13,1,74,1.31523,1.508474876873662,AF
AF: angle-only linear,13,1,78,1.14397,1.159717296573876,AF
AF: angle-only linear,13,1,84,1.78987,1.8572324571734478,AF
AF: angle-only linear,13,1,85,1.70334,1.8572324571734478,AF
AF: angle-only linear,13,1,86,1.27302,1.508474876873662,AF
AF: angle-only linear,13,1,87,1.4647,1.508474876873662,AF
AF: angle-only linear,13,1,88,1.62833,1.508474876873662,AF
AF: angle-only linear,13,1,90,1.54228,1.508474876873662,AF
AF: angle-only linear,13,2,4,1.75407,1.8676021830985916,AF
AF: angle-only linear,13,2,11,1.28156,1.1474385263432447,AF
AF: angle-only linear,13,2,20,1.19111,1.1474385263432447,AF
AF: angle-only linear,13,2,21,1.16533,1.1474385263432447,AF
AF: angle-only linear,13,2,28,1.38725,1.5075203547209182,AF
AF: angle-only linear,13,2,34,1.15143,1.1474385263432447,AF
AF: angle-only linear,13,2,38,1.94988,1.8676021830985916,AF
AF: angle-only linear,13,2,59,2.0106,1.8676021830985916,AF
AF: angle-only linear,13,2,61,1.5134,1.5075203547209182,AF
AF: angle-only linear,13,2,65,1.62994,1.5075203547209182,AF
AF: angle-only linear,13,2,66,1.09488,1.1474385263432447,AF
AF: angle-only linear,13,2,67,1.21931,1.1474385263432447,AF
AF: angle-only linear,13,2,70,2.36855,1.8676021830985916,AF
AF: angle-only linear,13,2,73,1.41795,1.5075203547209182,AF
AF: angle-only linear,13,2,75,1.32876,1.5075203547209182,AF
AF: angle-only linear,13,2,80,1.16671,1.1474385263432447,AF
AF: angle-only linear,13,2,81,1.11558,1.1474385263432447,AF
AF: angle-only linear,13,2,82,1.50363,1.8676021830985916,AF
AF: angle-only linear,13,2,93,1.30275,1.1474385263432447,AF
AF: angle-only linear,13,3,12,2.04975,1.8962780710659901,AF
AF: angle-only linear,13,3,27,1.55854,1.520676994923858,AF
AF: angle-only linear,13,3,35,1.18045,1.1450759187817263,AF
AF: angle-only linear,13,3,40,1.42363,1.520676994923858,AF
AF: angle-only linear,13,3,41,1.35048,1.520676994923858,AF
AF: angle-only linear,13,3,43,1.18126,1.1450759187817263,AF
AF: angle-only linear,13,3,45,1.15453,1.1450759187817263,AF
AF: angle-only linear,13,3,46,1.60113,1.8962780710659901,AF
AF: angle-only linear,13,3,47,1.95358,1.8962780710659901,AF
AF: angle-only linear,13,3,48,1.82522,1.8962780710659901,AF
AF: angle-only linear,13,3,50,1.36288,1.520676994923858,AF
AF: angle-only linear,13,3,51,1.34172,1.520676994923858,AF
AF: angle-only linear,13,3,53,1.22687,1.1450759187817263,AF
AF: angle-only linear,13,3,63,1.49433,1.520676994923858,AF
AF: angle-only linear,13,3,71,1.56292,1.8962780710659901,AF
AF: angle-only linear,13,3,76,1.46489,1.520676994923858,AF
AF: angle-only linear,13,3,79,1.19772,1.1450759187817263,AF
AF: angle-only linear,13,3,83,1.81434,1.8962780710659901,AF
AF: angle-only linear,13,3,94,1.35987,1.1450759187817263,AF
AF: angle-only linear,13,4,1,1.7596,1.861564360902256,AF
AF: angle-only linear,13,4,5,1.28243,1.508293815789474,AF
AF: angle-only linear,13,4,8,1.05256,1.1550232706766923,AF
AF: angle-only linear,13,4,14,1.74885,1.861564360902256,AF
AF: angle-only linear,13,4,18,1.42223,1.508293815789474,AF
AF: angle-only linear,13,4,19,1.2125,1.1550232706766923,AF
AF: angle-only linear,13,4,24,1.80422,1.861564360902256,AF
AF: angle-only linear,13,4,26,2.14773,1.861564360902256,AF
AF: angle-only linear,13,4,39,1.45212,1.508293815789474,AF
AF: angle-only linear,13,4,44,1.20002,1.1550232706766923,AF
AF: angle-only linear,13,4,49,1.92546,1.861564360902256,AF
AF: angle-only linear,13,4,54,1.18756,1.1550232706766923,AF
AF: angle-only linear,13,4,55,1.18237,1.1550232706766923,AF
AF: angle-only linear,13,4,57,1.80075,1.861564360902256,AF
AF: angle-only linear,13,4,60,2.31133,1.861564360902256,AF
AF: angle-only linear,13,4,77,1.17845,1.1550232706766923,AF
AF: angle-only linear,13,4,89,1.49292,1.508293815789474,AF
AF: angle-only linear,13,4,91,1.20107,1.1550232706766923,AF
AF: angle-only linear,13,4,95,1.16353,1.1550232706766923,AF
AF: angle-only linear,13,5,2,1.80526,1.866351919239905,AF
AF: angle-only linear,13,5,3,1.29597,1.5103860926365795,AF
AF: angle-only linear,13,5,6,1.30412,1.5103860926365795,AF
AF: angle-only linear,13,5,7,1.38795,1.5103860926365795,AF
AF: angle-only linear,13,5,9,1.17187,1.154420266033254,AF
AF: angle-only linear,13,5,13,1.87831,1.866351919239905,AF
AF: angle-only linear,13,5,15,1.4926,1.5103860926365795,AF
AF: angle-only linear,13,5,16,1.39505,1.5103860926365795,AF
AF: angle-only linear,13,5,17,1.44103,1.5103860926365795,AF
AF: angle-only linear,13,5,23,1.20579,1.154420266033254,AF
AF: angle-only linear,13,5,25,2.44505,1.866351919239905,AF
AF: angle-only linear,13,5,30,1.52016,1.5103860926365795,AF
AF: angle-only linear,13,5,52,1.42105,1.5103860926365795,AF
AF: angle-only linear,13,5,56,1.19584,1.154420266033254,AF
AF: angle-only linear,13,5,62,1.53985,1.5103860926365795,AF
AF: angle-only linear,13,5,64,1.4624,1.5103860926365795,AF
AF: angle-only linear,13,5,68,1.22121,1.154420266033254,AF
AF: angle-only linear,13,5,69,1.27114,1.154420266033254,AF
AF: angle-only linear,13,5,92,1.21688,1.154420266033254,AF
AF: angle-only linear,14,1,4,1.75407,1.876479410201913,AF
AF: angle-only linear,14,1,5,1.28243,1.5157821519659935,AF
AF: angle-only linear,14,1,6,1.30412,1.5157821519659935,AF
AF: angle-only linear,14,1,8,1.05256,1.155084893730074,AF
AF: angle-only linear,14,1,9,1.17187,1.155084893730074,AF
AF: angle-only linear,14,1,14,1.74885,1.876479410201913,AF
AF: angle-only linear,14,1,17,1.44103,1.5157821519659935,AF
AF: angle-only linear,14,1,22,1.16534,1.155084893730074,AF
AF: angle-only linear,14,1,23,1.20579,1.155084893730074,AF
AF: angle-only linear,14,1,47,1.95358,1.876479410201913,AF
AF: angle-only linear,14,1,56,1.19584,1.155084893730074,AF
AF: angle-only linear,14,1,70,2.36855,1.876479410201913,AF
AF: angle-only linear,14,1,73,1.41795,1.5157821519659935,AF
AF: angle-only linear,14,1,75,1.32876,1.5157821519659935,AF
AF: angle-only linear,14,1,78,1.14397,1.155084893730074,AF
AF: angle-only linear,14,1,81,1.11558,1.155084893730074,AF
AF: angle-only linear,14,1,83,1.81434,1.876479410201913,AF
AF: angle-only linear,14,1,85,1.70334,1.876479410201913,AF
AF: angle-only linear,14,1,88,1.62833,1.5157821519659935,AF
AF: angle-only linear,14,1,94,1.35987,1.155084893730074,AF
AF: angle-only linear,14,2,2,1.80526,1.851978489847716,AF
AF: angle-only linear,14,2,11,1.28156,1.1475932258883252,AF
AF: angle-only linear,14,2,15,1.4926,1.4997858578680205,AF
AF: angle-only linear,14,2,20,1.19111,1.1475932258883252,AF
AF: angle-only linear,14,2,25,2.44505,1.851978489847716,AF
AF: angle-only linear,14,2,28,1.38725,1.4997858578680205,AF
AF: angle-only linear,14,2,30,1.52016,1.4997858578680205,AF
AF: angle-only linear,14,2,34,1.15143,1.1475932258883252,AF
AF: angle-only linear,14,2,36,1.97211,1.851978489847716,AF
AF: angle-only linear,14,2,38,1.94988,1.851978489847716,AF
AF: angle-only linear,14,2,40,1.42363,1.4997858578680205,AF
AF: angle-only linear,14,2,50,1.36288,1.4997858578680205,AF
AF: angle-only linear,14,2,58,1.93806,1.851978489847716,AF
AF: angle-only linear,14,2,65,1.62994,1.4997858578680205,AF
AF: angle-only linear,14,2,67,1.21931,1.1475932258883252,AF
AF: angle-only linear,14,2,76,1.46489,1.4997858578680205,AF
AF: angle-only linear,14,2,79,1.19772,1.1475932258883252,AF
AF: angle-only linear,14,2,84,1.78987,1.851978489847716,AF
AF: angle-only linear,14,2,93,1.30275,1.1475932258883252,AF
AF: angle-only linear,14,3,1,1.7596,1.903984715113472,AF
AF: angle-only linear,14,3,3,1.29597,1.5258280106228874,AF
AF: angle-only linear,14,3,7,1.38795,1.5258280106228874,AF
AF: angle-only linear,14,3,16,1.39505,1.5258280106228874,AF
AF: angle-only linear,14,3,18,1.42223,1.5258280106228874,AF
AF: angle-only linear,14,3,19,1.2125,1.1476713061323032,AF
AF: angle-only linear,14,3,27,1.55854,1.5258280106228874,AF
AF: angle-only linear,14,3,32,1.18475,1.1476713061323032,AF
AF: angle-only linear,14,3,41,1.35048,1.5258280106228874,AF
AF: angle-only linear,14,3,42,1.23805,1.1476713061323032,AF
AF: angle-only linear,14,3,45,1.15453,1.1476713061323032,AF
AF: angle-only linear,14,3,53,1.22687,1.1476713061323032,AF
AF: angle-only linear,14,3,57,1.80075,1.903984715113472,AF
AF: angle-only linear,14,3,63,1.49433,1.5258280106228874,AF
AF: angle-only linear,14,3,68,1.22121,1.1476713061323032,AF
AF: angle-only linear,14,3,69,1.27114,1.1476713061323032,AF
AF: angle-only linear,14,3,82,1.50363,1.903984715113472,AF
AF: angle-only linear,14,3,86,1.27302,1.5258280106228874,AF
AF: angle-only linear,14,3,87,1.4647,1.5258280106228874,AF
AF: angle-only linear,14,4,0,2.29017,1.8405593140794227,AF
AF: angle-only linear,14,4,10,1.17573,1.1612522382671484,AF
AF: angle-only linear,14,4,13,1.87831,1.8405593140794227,AF
AF: angle-only linear,14,4,21,1.16533,1.1612522382671484,AF
AF: angle-only linear,14,4,43,1.18126,1.1612522382671484,AF
AF: angle-only linear,14,4,44,1.20002,1.1612522382671484,AF
AF: angle-only linear,14,4,48,1.82522,1.8405593140794227,AF
AF: angle-only linear,14,4,49,1.92546,1.8405593140794227,AF
AF: angle-only linear,14,4,51,1.34172,1.5009057761732856,AF
AF: angle-only linear,14,4,52,1.42105,1.5009057761732856,AF
AF: angle-only linear,14,4,59,2.0106,1.8405593140794227,AF
AF: angle-only linear,14,4,60,2.31133,1.8405593140794227,AF
AF: angle-only linear,14,4,62,1.53985,1.5009057761732856,AF
AF: angle-only linear,14,4,64,1.4624,1.5009057761732856,AF
AF: angle-only linear,14,4,66,1.09488,1.1612522382671484,AF
AF: angle-only linear,14,4,74,1.31523,1.5009057761732856,AF
AF: angle-only linear,14,4,80,1.16671,1.1612522382671484,AF
AF: angle-only linear,14,4,89,1.49292,1.5009057761732856,AF
AF: angle-only linear,14,4,91,1.20107,1.1612522382671484,AF
AF: angle-only linear,14,5,12,2.04975,1.8728587969924813,AF
AF: angle-only linear,14,5,24,1.80422,1.8728587969924813,AF
AF: angle-only linear,14,5,26,2.14773,1.8728587969924813,AF
AF: angle-only linear,14,5,29,1.36564,1.511978590225564,AF
AF: angle-only linear,14,5,31,1.21458,1.151098383458647,AF
AF: angle-only linear,14,5,33,1.00068,1.151098383458647,AF
AF: angle-only linear,14,5,35,1.18045,1.151098383458647,AF
AF: angle-only linear,14,5,37,2.18925,1.8728587969924813,AF
AF: angle-only linear,14,5,39,1.45212,1.511978590225564,AF
AF: angle-only linear,14,5,46,1.60113,1.8728587969924813,AF
AF: angle-only linear,14,5,54,1.18756,1.151098383458647,AF
AF: angle-only linear,14,5,55,1.18237,1.151098383458647,AF
AF: angle-only linear,14,5,61,1.5134,1.511978590225564,AF
AF: angle-only linear,14,5,71,1.56292,1.8728587969924813,AF
AF: angle-only linear,14,5,72,1.7423,1.8728587969924813,AF
AF: angle-only linear,14,5,77,1.17845,1.151098383458647,AF
AF: angle-only linear,14,5,90,1.54228,1.511978590225564,AF
AF: angle-only linear,14,5,92,1.21688,1.151098383458647,AF
AF: angle-only linear,14,5,95,1.16353,1.151098383458647,AF
AF: angle-only linear,15,1,2,1.80526,1.8548656371308019,AF
AF: angle-only linear,15,1,4,1.75407,1.8548656371308019,AF
AF: angle-only linear,15,1,5,1.28243,1.5070702616033755,AF
AF: angle-only linear,15,1,6,1.30412,1.5070702616033755,AF
AF: angle-only linear,15,1,23,1.20579,1.1592748860759494,AF
AF: angle-only linear,15,1,27,1.55854,1.5070702616033755,AF
AF: angle-only linear,15,1,35,1.18045,1.1592748860759494,AF
AF: angle-only linear,15,1,38,1.94988,1.8548656371308019,AF
AF: angle-only linear,15,1,47,1.95358,1.8548656371308019,AF
AF: angle-only linear,15,1,48,1.82522,1.8548656371308019,AF
AF: angle-only linear,15,1,52,1.42105,1.5070702616033755,AF
AF: angle-only linear,15,1,56,1.19584,1.1592748860759494,AF
AF: angle-only linear,15,1,58,1.93806,1.8548656371308019,AF
AF: angle-only linear,15,1,60,2.31133,1.8548656371308019,AF
AF: angle-only linear,15,1,70,2.36855,1.8548656371308019,AF
AF: angle-only linear,15,1,71,1.56292,1.8548656371308019,AF
AF: angle-only linear,15,1,76,1.46489,1.5070702616033755,AF
AF: angle-only linear,15,1,81,1.11558,1.1592748860759494,AF
AF: angle-only linear,15,1,83,1.81434,1.8548656371308019,AF
AF: angle-only linear,15,1,95,1.16353,1.1592748860759494,AF
AF: angle-only linear,15,2,0,2.29017,1.8709951504124211,AF
AF: angle-only linear,15,2,7,1.38795,1.5130644687045125,AF
AF: angle-only linear,15,2,9,1.17187,1.1551337869966036,AF
AF: angle-only linear,15,2,21,1.16533,1.1551337869966036,AF
AF: angle-only linear,15,2,26,2.14773,1.8709951504124211,AF
AF: angle-only linear,15,2,39,1.45212,1.5130644687045125,AF
AF: angle-only linear,15,2,40,1.42363,1.5130644687045125,AF
AF: angle-only linear,15,2,45,1.15453,1.1551337869966036,AF
AF: angle-only linear,15,2,46,1.60113,1.8709951504124211,AF
AF: angle-only linear,15,2,50,1.36288,1.5130644687045125,AF
AF: angle-only linear,15,2,53,1.22687,1.1551337869966036,AF
AF: angle-only linear,15,2,62,1.53985,1.5130644687045125,AF
AF: angle-only linear,15,2,67,1.21931,1.1551337869966036,AF
AF: angle-only linear,15,2,68,1.22121,1.1551337869966036,AF
AF: angle-only linear,15,2,72,1.7423,1.8709951504124211,AF
AF: angle-only linear,15,2,73,1.41795,1.5130644687045125,AF
AF: angle-only linear,15,2,86,1.27302,1.5130644687045125,AF
AF: angle-only linear,15,2,89,1.49292,1.5130644687045125,AF
AF: angle-only linear,15,2,90,1.54228,1.5130644687045125,AF
AF: angle-only linear,15,3,1,1.7596,1.873418993649243,AF
AF: angle-only linear,15,3,3,1.29597,1.5137633170493408,AF
AF: angle-only linear,15,3,17,1.44103,1.5137633170493408,AF
AF: angle-only linear,15,3,18,1.42223,1.5137633170493408,AF
AF: angle-only linear,15,3,25,2.44505,1.873418993649243,AF
AF: angle-only linear,15,3,42,1.23805,1.1541076404494384,AF
AF: angle-only linear,15,3,49,1.92546,1.873418993649243,AF
AF: angle-only linear,15,3,51,1.34172,1.5137633170493408,AF
AF: angle-only linear,15,3,59,2.0106,1.873418993649243,AF
AF: angle-only linear,15,3,61,1.5134,1.5137633170493408,AF
AF: angle-only linear,15,3,63,1.49433,1.5137633170493408,AF
AF: angle-only linear,15,3,74,1.31523,1.5137633170493408,AF
AF: angle-only linear,15,3,75,1.32876,1.5137633170493408,AF
AF: angle-only linear,15,3,78,1.14397,1.1541076404494384,AF
AF: angle-only linear,15,3,79,1.19772,1.1541076404494384,AF
AF: angle-only linear,15,3,82,1.50363,1.873418993649243,AF
AF: angle-only linear,15,3,88,1.62833,1.5137633170493408,AF
AF: angle-only linear,15,3,91,1.20107,1.1541076404494384,AF
AF: angle-only linear,15,3,93,1.30275,1.1541076404494384,AF
AF: angle-only linear,15,4,8,1.05256,1.1414180811232453,AF
AF: angle-only linear,15,4,13,1.87831,1.8655937545501822,AF
AF: angle-only linear,15,4,16,1.39505,1.5035059178367136,AF
AF: angle-only linear,15,4,19,1.2125,1.1414180811232453,AF
AF: angle-only linear,15,4,20,1.19111,1.1414180811232453,AF
AF: angle-only linear,15,4,29,1.36564,1.5035059178367136,AF
AF: angle-only linear,15,4,30,1.52016,1.5035059178367136,AF
AF: angle-only linear,15,4,32,1.18475,1.1414180811232453,AF
AF: angle-only linear,15,4,36,1.97211,1.8655937545501822,AF
AF: angle-only linear,15,4,37,2.18925,1.8655937545501822,AF
AF: angle-only linear,15,4,41,1.35048,1.5035059178367136,AF
AF: angle-only linear,15,4,44,1.20002,1.1414180811232453,AF
AF: angle-only linear,15,4,54,1.18756,1.1414180811232453,AF
AF: angle-only linear,15,4,65,1.62994,1.5035059178367136,AF
AF: angle-only linear,15,4,69,1.27114,1.1414180811232453,AF
AF: angle-only linear,15,4,77,1.17845,1.1414180811232453,AF
AF: angle-only linear,15,4,84,1.78987,1.8655937545501822,AF
AF: angle-only linear,15,4,92,1.21688,1.1414180811232453,AF
AF: angle-only linear,15,4,94,1.35987,1.1414180811232453,AF
AF: angle-only linear,15,5,10,1.17573,1.1504784378320934,AF
AF: angle-only linear,15,5,11,1.28156,1.1504784378320934,AF
AF: angle-only linear,15,5,12,2.04975,1.882267364505845,AF
AF: angle-only linear,15,5,14,1.74885,1.882267364505845,AF
AF: angle-only linear,15,5,15,1.4926,1.516372901168969,AF
AF: angle-only linear,15,5,22,1.16534,1.1504784378320934,AF
AF: angle-only linear,15,5,24,1.80422,1.882267364505845,AF
AF: angle-only linear,15,5,28,1.38725,1.516372901168969,AF
AF: angle-only linear,15,5,31,1.21458,1.1504784378320934,AF
AF: angle-only linear,15,5,33,1.00068,1.1504784378320934,AF
AF: angle-only linear,15,5,34,1.15143,1.1504784378320934,AF
AF: angle-only linear,15,5,43,1.18126,1.1504784378320934,AF
AF: angle-only linear,15,5,55,1.18237,1.1504784378320934,AF
AF: angle-only linear,15,5,57,1.80075,1.882267364505845,AF
AF: angle-only linear,15,5,64,1.4624,1.516372901168969,AF
AF: angle-only linear,15,5,66,1.09488,1.1504784378320934,AF
AF: angle-only linear,15,5,80,1.16671,1.1504784378320934,AF
AF: angle-only linear,15,5,85,1.70334,1.882267364505845,AF
AF: angle-only linear,15,5,87,1.4647,1.516372901168969,AF
AF: angle-only linear,16,1,3,1.29597,1.518320132890365,AF
AF: angle-only linear,16,1,7,1.38795,1.518320132890365,AF
AF: angle-only linear,16,1,8,1.05256,1.1464617829457362,AF
AF: angle-only linear,16,1,17,1.44103,1.518320132890365,AF
AF: angle-only linear,16,1,20,1.19111,1.1464617829457362,AF
AF: angle-only linear,16,1,24,1.80422,1.890178482834994,AF
AF: angle-only linear,16,1,32,1.18475,1.1464617829457362,AF
AF: angle-only linear,16,1,36,1.97211,1.890178482834994,AF
AF: angle-only linear,16,1,39,1.45212,1.518320132890365,AF
AF: angle-only linear,16,1,49,1.92546,1.890178482834994,AF
AF: angle-only linear,16,1,53,1.22687,1.1464617829457362,AF
AF: angle-only linear,16,1,55,1.18237,1.1464617829457362,AF
AF: angle-only linear,16,1,59,2.0106,1.890178482834994,AF
AF: angle-only linear,16,1,66,1.09488,1.1464617829457362,AF
AF: angle-only linear,16,1,71,1.56292,1.890178482834994,AF
AF: angle-only linear,16,1,80,1.16671,1.1464617829457362,AF
AF: angle-only linear,16,1,83,1.81434,1.890178482834994,AF
AF: angle-only linear,16,1,85,1.70334,1.890178482834994,AF
AF: angle-only linear,16,1,91,1.20107,1.1464617829457362,AF
AF: angle-only linear,16,1,94,1.35987,1.1464617829457362,AF
AF: angle-only linear,16,2,0,2.29017,1.8650002946954813,AF
AF: angle-only linear,16,2,15,1.4926,1.5073781360510805,AF
AF: angle-only linear,16,2,19,1.2125,1.1497559774066795,AF
AF: angle-only linear,16,2,31,1.21458,1.1497559774066795,AF
AF: angle-only linear,16,2,34,1.15143,1.1497559774066795,AF
AF: angle-only linear,16,2,35,1.18045,1.1497559774066795,AF
AF: angle-only linear,16,2,41,1.35048,1.5073781360510805,AF
AF: angle-only linear,16,2,42,1.23805,1.1497559774066795,AF
AF: angle-only linear,16,2,43,1.18126,1.1497559774066795,AF
AF: angle-only linear,16,2,47,1.95358,1.8650002946954813,AF
AF: angle-only linear,16,2,51,1.34172,1.5073781360510805,AF
AF: angle-only linear,16,2,61,1.5134,1.5073781360510805,AF
AF: angle-only linear,16,2,63,1.49433,1.5073781360510805,AF
AF: angle-only linear,16,2,65,1.62994,1.5073781360510805,AF
AF: angle-only linear,16,2,69,1.27114,1.1497559774066795,AF
AF: angle-only linear,16,2,73,1.41795,1.5073781360510805,AF
AF: angle-only linear,16,2,75,1.32876,1.5073781360510805,AF
AF: angle-only linear,16,2,78,1.14397,1.1497559774066795,AF
AF: angle-only linear,16,2,84,1.78987,1.8650002946954813,AF
AF: angle-only linear,16,3,4,1.75407,1.8734095505617976,AF
AF: angle-only linear,16,3,6,1.30412,1.5154608988764042,AF
AF: angle-only linear,16,3,9,1.17187,1.157512247191011,AF
AF: angle-only linear,16,3,10,1.17573,1.157512247191011,AF
AF: angle-only linear,16,3,16,1.39505,1.5154608988764042,AF
AF: angle-only linear,16,3,21,1.16533,1.157512247191011,AF
AF: angle-only linear,16,3,25,2.44505,1.8734095505617976,AF
AF: angle-only linear,16,3,27,1.55854,1.5154608988764042,AF
AF: angle-only linear,16,3,28,1.38725,1.5154608988764042,AF
AF: angle-only linear,16,3,29,1.36564,1.5154608988764042,AF
AF: angle-only linear,16,3,38,1.94988,1.8734095505617976,AF
AF: angle-only linear,16,3,45,1.15453,1.157512247191011,AF
AF: angle-only linear,16,3,46,1.60113,1.8734095505617976,AF
AF: angle-only linear,16,3,52,1.42105,1.5154608988764042,AF
AF: angle-only linear,16,3,57,1.80075,1.8734095505617976,AF
AF: angle-only linear,16,3,62,1.53985,1.5154608988764042,AF
AF: angle-only linear,16,3,76,1.46489,1.5154608988764042,AF
AF: angle-only linear,16,3,89,1.49292,1.5154608988764042,AF
AF: angle-only linear,16,3,92,1.21688,1.157512247191011,AF
AF: angle-only linear,16,4,2,1.80526,1.8511514467005075,AF
AF: angle-only linear,16,4,12,2.04975,1.8511514467005075,AF
AF: angle-only linear,16,4,13,1.87831,1.8511514467005075,AF
AF: angle-only linear,16,4,14,1.74885,1.8511514467005075,AF
AF: angle-only linear,16,4,18,1.42223,1.5056202538071066,AF
AF: angle-only linear,16,4,23,1.20579,1.1600890609137058,AF
AF: angle-only linear,16,4,26,2.14773,1.8511514467005075,AF
AF: angle-only linear,16,4,30,1.52016,1.5056202538071066,AF
AF: angle-only linear,16,4,33,1.00068,1.1600890609137058,AF
AF: angle-only linear,16,4,44,1.20002,1.1600890609137058,AF
AF: angle-only linear,16,4,50,1.36288,1.5056202538071066,AF
AF: angle-only linear,16,4,54,1.18756,1.1600890609137058,AF
AF: angle-only linear,16,4,60,2.31133,1.8511514467005075,AF
AF: angle-only linear,16,4,64,1.4624,1.5056202538071066,AF
AF: angle-only linear,16,4,67,1.21931,1.1600890609137058,AF
AF: angle-only linear,16,4,74,1.31523,1.5056202538071066,AF
AF: angle-only linear,16,4,77,1.17845,1.1600890609137058,AF
AF: angle-only linear,16,4,87,1.4647,1.5056202538071066,AF
AF: angle-only linear,16,4,90,1.54228,1.5056202538071066,AF
AF: angle-only linear,16,5,1,1.7596,1.8706372932330826,AF
AF: angle-only linear,16,5,5,1.28243,1.5084326315789474,AF
AF: angle-only linear,16,5,11,1.28156,1.146227969924812,AF
AF: angle-only linear,16,5,22,1.16534,1.146227969924812,AF
AF: angle-only linear,16,5,37,2.18925,1.8706372932330826,AF
AF: angle-only linear,16,5,40,1.42363,1.5084326315789474,AF
AF: angle-only linear,16,5,48,1.82522,1.8706372932330826,AF
AF: angle-only linear,16,5,56,1.19584,1.146227969924812,AF
AF: angle-only linear,16,5,58,1.93806,1.8706372932330826,AF
AF: angle-only linear,16,5,68,1.22121,1.146227969924812,AF
AF: angle-only linear,16,5,70,2.36855,1.8706372932330826,AF
AF: angle-only linear,16,5,72,1.7423,1.8706372932330826,AF
AF: angle-only linear,16,5,79,1.19772,1.146227969924812,AF
AF: angle-only linear,16,5,81,1.11558,1.146227969924812,AF
AF: angle-only linear,16,5,82,1.50363,1.8706372932330826,AF
AF: angle-only linear,16,5,86,1.27302,1.5084326315789474,AF
AF: angle-only linear,16,5,88,1.62833,1.5084326315789474,AF
AF: angle-only linear,16,5,93,1.30275,1.146227969924812,AF
AF: angle-only linear,16,5,95,1.16353,1.146227969924812,AF
AF: angle-only linear,17,1,4,1.75407,1.8693084438709677,AF
AF: angle-only linear,17,1,8,1.05256,1.150906580645161,AF
AF: angle-only linear,17,1,17,1.44103,1.5101075122580643,AF
AF: angle-only linear,17,1,20,1.19111,1.150906580645161,AF
AF: angle-only linear,17,1,30,1.52016,1.5101075122580643,AF
AF: angle-only linear,17,1,31,1.21458,1.150906580645161,AF
AF: angle-only linear,17,1,41,1.35048,1.5101075122580643,AF
AF: angle-only linear,17,1,42,1.23805,1.150906580645161,AF
AF: angle-only linear,17,1,43,1.18126,1.150906580645161,AF
AF: angle-only linear,17,1,48,1.82522,1.8693084438709677,AF
AF: angle-only linear,17,1,50,1.36288,1.5101075122580643,AF
AF: angle-only linear,17,1,51,1.34172,1.5101075122580643,AF
AF: angle-only linear,17,1,53,1.22687,1.150906580645161,AF
AF: angle-only linear,17,1,55,1.18237,1.150906580645161,AF
AF: angle-only linear,17,1,56,1.19584,1.150906580645161,AF
AF: angle-only linear,17,1,60,2.31133,1.8693084438709677,AF
AF: angle-only linear,17,1,65,1.62994,1.5101075122580643,AF
AF: angle-only linear,17,1,73,1.41795,1.5101075122580643,AF
AF: angle-only linear,17,1,78,1.14397,1.150906580645161,AF
AF: angle-only linear,17,1,91,1.20107,1.150906580645161,AF
AF: angle-only linear,17,2,5,1.28243,1.5185309428284854,AF
AF: angle-only linear,17,2,6,1.30412,1.5185309428284854,AF
AF: angle-only linear,17,2,7,1.38795,1.5185309428284854,AF
AF: angle-only linear,17,2,9,1.17187,1.1483727933801406,AF
AF: angle-only linear,17,2,10,1.17573,1.1483727933801406,AF
AF: angle-only linear,17,2,15,1.4926,1.5185309428284854,AF
AF: angle-only linear,17,2,16,1.39505,1.5185309428284854,AF
AF: angle-only linear,17,2,19,1.2125,1.1483727933801406,AF
AF: angle-only linear,17,2,22,1.16534,1.1483727933801406,AF
AF: angle-only linear,17,2,26,2.14773,1.8886890922768305,AF
AF: angle-only linear,17,2,28,1.38725,1.5185309428284854,AF
AF: angle-only linear,17,2,45,1.15453,1.1483727933801406,AF
AF: angle-only linear,17,2,57,1.80075,1.8886890922768305,AF
AF: angle-only linear,17,2,68,1.22121,1.1483727933801406,AF
AF: angle-only linear,17,2,71,1.56292,1.8886890922768305,AF
AF: angle-only linear,17,2,80,1.16671,1.1483727933801406,AF
AF: angle-only linear,17,2,83,1.81434,1.8886890922768305,AF
AF: angle-only linear,17,2,90,1.54228,1.5185309428284854,AF
AF: angle-only linear,17,2,94,1.35987,1.1483727933801406,AF
AF: angle-only linear,17,3,2,1.80526,1.8608196389891698,AF
AF: angle-only linear,17,3,11,1.28156,1.1477669675090252,AF
AF: angle-only linear,17,3,13,1.87831,1.8608196389891698,AF
AF: angle-only linear,17,3,18,1.42223,1.5042933032490975,AF
AF: angle-only linear,17,3,24,1.80422,1.8608196389891698,AF
AF: angle-only linear,17,3,36,1.97211,1.8608196389891698,AF
AF: angle-only linear,17,3,40,1.42363,1.5042933032490975,AF
AF: angle-only linear,17,3,44,1.20002,1.1477669675090252,AF
AF: angle-only linear,17,3,58,1.93806,1.8608196389891698,AF
AF: angle-only linear,17,3,63,1.49433,1.5042933032490975,AF
AF: angle-only linear,17,3,69,1.27114,1.1477669675090252,AF
AF: angle-only linear,17,3,70,2.36855,1.8608196389891698,AF
AF: angle-only linear,17,3,76,1.46489,1.5042933032490975,AF
AF: angle-only linear,17,3,77,1.17845,1.1477669675090252,AF
AF: angle-only linear,17,3,79,1.19772,1.1477669675090252,AF
AF: angle-only linear,17,3,81,1.11558,1.1477669675090252,AF
AF: angle-only linear,17,3,86,1.27302,1.5042933032490975,AF
AF: angle-only linear,17,3,87,1.4647,1.5042933032490975,AF
AF: angle-only linear,17,3,93,1.30275,1.1477669675090252,AF
AF: angle-only linear,17,4,1,1.7596,1.8877337344294964,AF
AF: angle-only linear,17,4,27,1.55854,1.5204892675635275,AF
AF: angle-only linear,17,4,29,1.36564,1.5204892675635275,AF
AF: angle-only linear,17,4,34,1.15143,1.1532448006975584,AF
AF: angle-only linear,17,4,38,1.94988,1.8877337344294964,AF
AF: angle-only linear,17,4,39,1.45212,1.5204892675635275,AF
AF: angle-only linear,17,4,47,1.95358,1.8877337344294964,AF
AF: angle-only linear,17,4,49,1.92546,1.8877337344294964,AF
AF: angle-only linear,17,4,54,1.18756,1.1532448006975584,AF
AF: angle-only linear,17,4,59,2.0106,1.8877337344294964,AF
AF: angle-only linear,17,4,61,1.5134,1.5204892675635275,AF
AF: angle-only linear,17,4,64,1.4624,1.5204892675635275,AF
AF: angle-only linear,17,4,67,1.21931,1.1532448006975584,AF
AF: angle-only linear,17,4,72,1.7423,1.8877337344294964,AF
AF: angle-only linear,17,4,74,1.31523,1.5204892675635275,AF
AF: angle-only linear,17,4,75,1.32876,1.5204892675635275,AF
AF: angle-only linear,17,4,82,1.50363,1.8877337344294964,AF
AF: angle-only linear,17,4,88,1.62833,1.5204892675635275,AF
AF: angle-only linear,17,4,89,1.49292,1.5204892675635275,AF
AF: angle-only linear,17,5,0,2.29017,1.8406838546255506,AF
AF: angle-only linear,17,5,3,1.29597,1.5015333039647576,AF
AF: angle-only linear,17,5,12,2.04975,1.8406838546255506,AF
AF: angle-only linear,17,5,14,1.74885,1.8406838546255506,AF
AF: angle-only linear,17,5,21,1.16533,1.1623827533039648,AF
AF: angle-only linear,17,5,23,1.20579,1.1623827533039648,AF
AF: angle-only linear,17,5,25,2.44505,1.8406838546255506,AF
AF: angle-only linear,17,5,32,1.18475,1.1623827533039648,AF
AF: angle-only linear,17,5,33,1.00068,1.1623827533039648,AF
AF: angle-only linear,17,5,35,1.18045,1.1623827533039648,AF
AF: angle-only linear,17,5,37,2.18925,1.8406838546255506,AF
AF: angle-only linear,17,5,46,1.60113,1.8406838546255506,AF
AF: angle-only linear,17,5,52,1.42105,1.5015333039647576,AF
AF: angle-only linear,17,5,62,1.53985,1.5015333039647576,AF
AF: angle-only linear,17,5,66,1.09488,1.1623827533039648,AF
AF: angle-only linear,17,5,84,1.78987,1.8406838546255506,AF
AF: angle-only linear,17,5,85,1.70334,1.8406838546255506,AF
AF: angle-only linear,17,5,92,1.21688,1.1623827533039648,AF
AF: angle-only linear,17,5,95,1.16353,1.1623827533039648,AF
AF: angle-only linear,18,1,10,1.17573,1.1506691119894596,AF
AF: angle-only linear,18,1,12,2.04975,1.855806350461133,AF
AF: angle-only linear,18,1,15,1.4926,1.5032377312252965,AF
AF: angle-only linear,18,1,16,1.39505,1.5032377312252965,AF
AF: angle-only linear,18,1,18,1.42223,1.5032377312252965,AF
AF: angle-only linear,18,1,22,1.16534,1.1506691119894596,AF
AF: angle-only linear,18,1,24,1.80422,1.855806350461133,AF
AF: angle-only linear,18,1,26,2.14773,1.855806350461133,AF
AF: angle-only linear,18,1,30,1.52016,1.5032377312252965,AF
AF: angle-only linear,18,1,38,1.94988,1.855806350461133,AF
AF: angle-only linear,18,1,54,1.18756,1.1506691119894596,AF
AF: angle-only linear,18,1,58,1.93806,1.855806350461133,AF
AF: angle-only linear,18,1,59,2.0106,1.855806350461133,AF
AF: angle-only linear,18,1,63,1.49433,1.5032377312252965,AF
AF: angle-only linear,18,1,69,1.27114,1.1506691119894596,AF
AF: angle-only linear,18,1,76,1.46489,1.5032377312252965,AF
AF: angle-only linear,18,1,80,1.16671,1.1506691119894596,AF
AF: angle-only linear,18,1,85,1.70334,1.855806350461133,AF
AF: angle-only linear,18,1,90,1.54228,1.5032377312252965,AF
AF: angle-only linear,18,1,92,1.21688,1.1506691119894596,AF
AF: angle-only linear,18,2,1,1.7596,1.8943543860103627,AF
AF: angle-only linear,18,2,13,1.87831,1.8943543860103627,AF
AF: angle-only linear,18,2,19,1.2125,1.1456611787564768,AF
AF: angle-only linear,18,2,25,2.44505,1.8943543860103627,AF
AF: angle-only linear,18,2,27,1.55854,1.5200077823834197,AF
AF: angle-only linear,18,2,28,1.38725,1.5200077823834197,AF
AF: angle-only linear,18,2,34,1.15143,1.1456611787564768,AF
AF: angle-only linear,18,2,43,1.18126,1.1456611787564768,AF
AF: angle-only linear,18,2,46,1.60113,1.8943543860103627,AF
AF: angle-only linear,18,2,47,1.95358,1.8943543860103627,AF
AF: angle-only linear,18,2,52,1.42105,1.5200077823834197,AF
AF: angle-only linear,18,2,62,1.53985,1.5200077823834197,AF
AF: angle-only linear,18,2,71,1.56292,1.8943543860103627,AF
AF: angle-only linear,18,2,82,1.50363,1.8943543860103627,AF
AF: angle-only linear,18,2,84,1.78987,1.8943543860103627,AF
AF: angle-only linear,18,2,86,1.27302,1.5200077823834197,AF
AF: angle-only linear,18,2,88,1.62833,1.5200077823834197,AF
AF: angle-only linear,18,2,89,1.49292,1.5200077823834197,AF
AF: angle-only linear,18,2,93,1.30275,1.1456611787564768,AF
AF: angle-only linear,18,3,3,1.29597,1.5032462599206355,AF
AF: angle-only linear,18,3,5,1.28243,1.5032462599206355,AF
AF: angle-only linear,18,3,6,1.30412,1.5032462599206355,AF
AF: angle-only linear,18,3,7,1.38795,1.5032462599206355,AF
AF: angle-only linear,18,3,8,1.05256,1.1663088293650798,AF
AF: angle-only linear,18,3,11,1.28156,1.1663088293650798,AF
AF: angle-only linear,18,3,17,1.44103,1.5032462599206355,AF
AF: angle-only linear,18,3,21,1.16533,1.1663088293650798,AF
AF: angle-only linear,18,3,36,1.97211,1.840183690476191,AF
AF: angle-only linear,18,3,37,2.18925,1.840183690476191,AF
AF: angle-only linear,18,3,55,1.18237,1.1663088293650798,AF
AF: angle-only linear,18,3,60,2.31133,1.840183690476191,AF
AF: angle-only linear,18,3,61,1.5134,1.5032462599206355,AF
AF: angle-only linear,18,3,65,1.62994,1.5032462599206355,AF
AF: angle-only linear,18,3,70,2.36855,1.840183690476191,AF
AF: angle-only linear,18,3,72,1.7423,1.840183690476191,AF
AF: angle-only linear,18,3,74,1.31523,1.5032462599206355,AF
AF: angle-only linear,18,3,91,1.20107,1.1663088293650798,AF
AF: angle-only linear,18,3,95,1.16353,1.1663088293650798,AF
AF: angle-only linear,18,4,2,1.80526,1.891972119205298,AF
AF: angle-only linear,18,4,4,1.75407,1.891972119205298,AF
AF: angle-only linear,18,4,9,1.17187,1.1426628069281712,AF
AF: angle-only linear,18,4,14,1.74885,1.891972119205298,AF
AF: angle-only linear,18,4,29,1.36564,1.5173174630667348,AF
AF: angle-only linear,18,4,31,1.21458,1.1426628069281712,AF
AF: angle-only linear,18,4,32,1.18475,1.1426628069281712,AF
AF: angle-only linear,18,4,35,1.18045,1.1426628069281712,AF
AF: angle-only linear,18,4,39,1.45212,1.5173174630667348,AF
AF: angle-only linear,18,4,40,1.42363,1.5173174630667348,AF
AF: angle-only linear,18,4,41,1.35048,1.5173174630667348,AF
AF: angle-only linear,18,4,42,1.23805,1.1426628069281712,AF
AF: angle-only linear,18,4,51,1.34172,1.5173174630667348,AF
AF: angle-only linear,18,4,56,1.19584,1.1426628069281712,AF
AF: angle-only linear,18,4,68,1.22121,1.1426628069281712,AF
AF: angle-only linear,18,4,78,1.14397,1.1426628069281712,AF
AF: angle-only linear,18,4,81,1.11558,1.1426628069281712,AF
AF: angle-only linear,18,4,87,1.4647,1.5173174630667348,AF
AF: angle-only linear,18,4,94,1.35987,1.1426628069281712,AF
AF: angle-only linear,18,5,0,2.29017,1.866667183846971,AF
AF: angle-only linear,18,5,20,1.19111,1.155686354941551,AF
AF: angle-only linear,18,5,23,1.20579,1.155686354941551,AF
AF: angle-only linear,18,5,33,1.00068,1.155686354941551,AF
AF: angle-only linear,18,5,44,1.20002,1.155686354941551,AF
AF: angle-only linear,18,5,45,1.15453,1.155686354941551,AF
AF: angle-only linear,18,5,48,1.82522,1.866667183846971,AF
AF: angle-only linear,18,5,49,1.92546,1.866667183846971,AF
AF: angle-only linear,18,5,50,1.36288,1.511176769394261,AF
AF: angle-only linear,18,5,53,1.22687,1.155686354941551,AF
AF: angle-only linear,18,5,57,1.80075,1.866667183846971,AF
AF: angle-only linear,18,5,64,1.4624,1.511176769394261,AF
AF: angle-only linear,18,5,66,1.09488,1.155686354941551,AF
AF: angle-only linear,18,5,67,1.21931,1.155686354941551,AF
AF: angle-only linear,18,5,73,1.41795,1.511176769394261,AF
AF: angle-only linear,18,5,75,1.32876,1.511176769394261,AF
AF: angle-only linear,18,5,77,1.17845,1.155686354941551,AF
AF: angle-only linear,18,5,79,1.19772,1.155686354941551,AF
AF: angle-only linear,18,5,83,1.81434,1.866667183846971,AF
AF: angle-only linear,19,1,3,1.29597,1.5087117904761904,AF
AF: angle-only linear,19,1,4,1.75407,1.8618712299319728,AF
AF: angle-only linear,19,1,13,1.87831,1.8618712299319728,AF
AF: angle-only linear,19,1,14,1.74885,1.8618712299319728,AF
AF: angle-only linear,19,1,19,1.2125,1.1555523510204082,AF
AF: angle-only linear,19,1,21,1.16533,1.1555523510204082,AF
AF: angle-only linear,19,1,25,2.44505,1.8618712299319728,AF
AF: angle-only linear,19,1,29,1.36564,1.5087117904761904,AF
AF: angle-only linear,19,1,35,1.18045,1.1555523510204082,AF
AF: angle-only linear,19,1,37,2.18925,1.8618712299319728,AF
AF: angle-only linear,19,1,52,1.42105,1.5087117904761904,AF
AF: angle-only linear,19,1,53,1.22687,1.1555523510204082,AF
AF: angle-only linear,19,1,55,1.18237,1.1555523510204082,AF
AF: angle-only linear,19,1,58,1.93806,1.8618712299319728,AF
AF: angle-only linear,19,1,66,1.09488,1.1555523510204082,AF
AF: angle-only linear,19,1,73,1.41795,1.5087117904761904,AF
AF: angle-only linear,19,1,74,1.31523,1.5087117904761904,AF
AF: angle-only linear,19,1,85,1.70334,1.8618712299319728,AF
AF: angle-only linear,19,1,93,1.30275,1.1555523510204082,AF
AF: angle-only linear,19,1,95,1.16353,1.1555523510204082,AF
AF: angle-only linear,19,2,0,2.29017,1.8715255519960574,AF
AF: angle-only linear,19,2,12,2.04975,1.8715255519960574,AF
AF: angle-only linear,19,2,16,1.39505,1.5116354657466733,AF
AF: angle-only linear,19,2,28,1.38725,1.5116354657466733,AF
AF: angle-only linear,19,2,30,1.52016,1.5116354657466733,AF
AF: angle-only linear,19,2,48,1.82522,1.8715255519960574,AF
AF: angle-only linear,19,2,51,1.34172,1.5116354657466733,AF
AF: angle-only linear,19,2,56,1.19584,1.1517453794972892,AF
AF: angle-only linear,19,2,62,1.53985,1.5116354657466733,AF
AF: angle-only linear,19,2,68,1.22121,1.1517453794972892,AF
AF: angle-only linear,19,2,71,1.56292,1.8715255519960574,AF
AF: angle-only linear,19,2,76,1.46489,1.5116354657466733,AF
AF: angle-only linear,19,2,78,1.14397,1.1517453794972892,AF
AF: angle-only linear,19,2,83,1.81434,1.8715255519960574,AF
AF: angle-only linear,19,2,84,1.78987,1.8715255519960574,AF
AF: angle-only linear,19,2,87,1.4647,1.5116354657466733,AF
AF: angle-only linear,19,2,88,1.62833,1.5116354657466733,AF
AF: angle-only linear,19,2,90,1.54228,1.5116354657466733,AF
AF: angle-only linear,19,2,92,1.21688,1.1517453794972892,AF
AF: angle-only linear,19,3,1,1.7596,1.866860126903553,AF
AF: angle-only linear,19,3,5,1.28243,1.5104957766497462,AF
AF: angle-only linear,19,3,6,1.30412,1.5104957766497462,AF
AF: angle-only linear,19,3,8,1.05256,1.1541314263959392,AF
AF: angle-only linear,19,3,20,1.19111,1.1541314263959392,AF
AF: angle-only linear,19,3,22,1.16534,1.1541314263959392,AF
AF: angle-only linear,19,3,23,1.20579,1.1541314263959392,AF
AF: angle-only linear,19,3,24,1.80422,1.866860126903553,AF
AF: angle-only linear,19,3,26,2.14773,1.866860126903553,AF
AF: angle-only linear,19,3,27,1.55854,1.5104957766497462,AF
AF: angle-only linear,19,3,38,1.94988,1.866860126903553,AF
AF: angle-only linear,19,3,41,1.35048,1.5104957766497462,AF
AF: angle-only linear,19,3,49,1.92546,1.866860126903553,AF
AF: angle-only linear,19,3,59,2.0106,1.866860126903553,AF
AF: angle-only linear,19,3,61,1.5134,1.5104957766497462,AF
AF: angle-only linear,19,3,64,1.4624,1.5104957766497462,AF
AF: angle-only linear,19,3,79,1.19772,1.1541314263959392,AF
AF: angle-only linear,19,3,89,1.49292,1.5104957766497462,AF
AF: angle-only linear,19,3,94,1.35987,1.1541314263959392,AF
AF: angle-only linear,19,4,2,1.80526,1.8944583443708614,AF
AF: angle-only linear,19,4,7,1.38795,1.5183862608252678,AF
AF: angle-only linear,19,4,9,1.17187,1.1423141772796743,AF
AF: angle-only linear,19,4,11,1.28156,1.1423141772796743,AF
AF: angle-only linear,19,4,18,1.42223,1.5183862608252678,AF
AF: angle-only linear,19,4,31,1.21458,1.1423141772796743,AF
AF: angle-only linear,19,4,39,1.45212,1.5183862608252678,AF
AF: angle-only linear,19,4,42,1.23805,1.1423141772796743,AF
AF: angle-only linear,19,4,43,1.18126,1.1423141772796743,AF
AF: angle-only linear,19,4,45,1.15453,1.1423141772796743,AF
AF: angle-only linear,19,4,46,1.60113,1.8944583443708614,AF
AF: angle-only linear,19,4,50,1.36288,1.5183862608252678,AF
AF: angle-only linear,19,4,57,1.80075,1.8944583443708614,AF
AF: angle-only linear,19,4,63,1.49433,1.5183862608252678,AF
AF: angle-only linear,19,4,69,1.27114,1.1423141772796743,AF
AF: angle-only linear,19,4,75,1.32876,1.5183862608252678,AF
AF: angle-only linear,19,4,80,1.16671,1.1423141772796743,AF
AF: angle-only linear,19,4,81,1.11558,1.1423141772796743,AF
AF: angle-only linear,19,4,91,1.20107,1.1423141772796743,AF
AF: angle-only linear,19,5,10,1.17573,1.157782933927635,AF
AF: angle-only linear,19,5,15,1.4926,1.5047194703723126,AF
AF: angle-only linear,19,5,17,1.44103,1.5047194703723126,AF
AF: angle-only linear,19,5,32,1.18475,1.157782933927635,AF
AF: angle-only linear,19,5,33,1.00068,1.157782933927635,AF
AF: angle-only linear,19,5,34,1.15143,1.157782933927635,AF
AF: angle-only linear,19,5,36,1.97211,1.8516560068169898,AF
AF: angle-only linear,19,5,40,1.42363,1.5047194703723126,AF
AF: angle-only linear,19,5,44,1.20002,1.157782933927635,AF
AF: angle-only linear,19,5,47,1.95358,1.8516560068169898,AF
AF: angle-only linear,19,5,54,1.18756,1.157782933927635,AF
AF: angle-only linear,19,5,60,2.31133,1.8516560068169898,AF
AF: angle-only linear,19,5,65,1.62994,1.5047194703723126,AF
AF: angle-only linear,19,5,67,1.21931,1.157782933927635,AF
AF: angle-only linear,19,5,70,2.36855,1.8516560068169898,AF
AF: angle-only linear,19,5,72,1.7423,1.8516560068169898,AF
AF: angle-only linear,19,5,77,1.17845,1.157782933927635,AF
AF: angle-only linear,19,5,82,1.50363,1.8516560068169898,AF
AF: angle-only linear,19,5,86,1.27302,1.5047194703723126,AF
AF: angle-only linear,20,1,1,1.7596,1.8480473104031576,AF
AF: angle-only linear,20,1,2,1.80526,1.8480473104031576,AF
AF: angle-only linear,20,1,9,1.17187,1.150510135325627,AF
AF: angle-only linear,20,1,13,1.87831,1.8480473104031576,AF
AF: angle-only linear,20,1,14,1.74885,1.8480473104031576,AF
AF: angle-only linear,20,1,17,1.44103,1.4992787228643922,AF
AF: angle-only linear,20,1,29,1.36564,1.4992787228643922,AF
AF: angle-only linear,20,1,31,1.21458,1.150510135325627,AF
AF: angle-only linear,20,1,32,1.18475,1.150510135325627,AF
AF: angle-only linear,20,1,33,1.00068,1.150510135325627,AF
AF: angle-only linear,20,1,43,1.18126,1.150510135325627,AF
AF: angle-only linear,20,1,44,1.20002,1.150510135325627,AF
AF: angle-only linear,20,1,55,1.18237,1.150510135325627,AF
AF: angle-only linear,20,1,58,1.93806,1.8480473104031576,AF
AF: angle-only linear,20,1,60,2.31133,1.8480473104031576,AF
AF: angle-only linear,20,1,62,1.53985,1.4992787228643922,AF
AF: angle-only linear,20,1,70,2.36855,1.8480473104031576,AF
AF: angle-only linear,20,1,77,1.17845,1.150510135325627,AF
AF: angle-only linear,20,1,92,1.21688,1.150510135325627,AF
AF: angle-only linear,20,1,93,1.30275,1.150510135325627,AF
AF: angle-only linear,20,2,0,2.29017,1.8345355555555558,AF
AF: angle-only linear,20,2,3,1.29597,1.5028306944444445,AF
AF: angle-only linear,20,2,6,1.30412,1.5028306944444445,AF
AF: angle-only linear,20,2,8,1.05256,1.1711258333333334,AF
AF: angle-only linear,20,2,11,1.28156,1.1711258333333334,AF
AF: angle-only linear,20,2,12,2.04975,1.8345355555555558,AF
AF: angle-only linear,20,2,24,1.80422,1.8345355555555558,AF
AF: angle-only linear,20,2,25,2.44505,1.8345355555555558,AF
AF: angle-only linear,20,2,28,1.38725,1.5028306944444445,AF
AF: angle-only linear,20,2,37,2.18925,1.8345355555555558,AF
AF: angle-only linear,20,2,49,1.92546,1.8345355555555558,AF
AF: angle-only linear,20,2,50,1.36288,1.5028306944444445,AF
AF: angle-only linear,20,2,52,1.42105,1.5028306944444445,AF
AF: angle-only linear,20,2,68,1.22121,1.1711258333333334,AF
AF: angle-only linear,20,2,74,1.31523,1.5028306944444445,AF
AF: angle-only linear,20,2,75,1.32876,1.5028306944444445,AF
AF: angle-only linear,20,2,81,1.11558,1.1711258333333334,AF
AF: angle-only linear,20,2,84,1.78987,1.8345355555555558,AF
AF: angle-only linear,20,2,90,1.54228,1.5028306944444445,AF
AF: angle-only linear,20,3,4,1.75407,1.8691060861895161,AF
AF: angle-only linear,20,3,7,1.38795,1.51225080141129,AF
AF: angle-only linear,20,3,20,1.19111,1.1553955166330643,AF
AF: angle-only linear,20,3,21,1.16533,1.1553955166330643,AF
AF: angle-only linear,20,3,22,1.16534,1.1553955166330643,AF
AF: angle-only linear,20,3,23,1.20579,1.1553955166330643,AF
AF: angle-only linear,20,3,26,2.14773,1.8691060861895161,AF
AF: angle-only linear,20,3,27,1.55854,1.51225080141129,AF
AF: angle-only linear,20,3,30,1.52016,1.51225080141129,AF
AF: angle-only linear,20,3,35,1.18045,1.1553955166330643,AF
AF: angle-only linear,20,3,36,1.97211,1.8691060861895161,AF
AF: angle-only linear,20,3,39,1.45212,1.51225080141129,AF
AF: angle-only linear,20,3,56,1.19584,1.1553955166330643,AF
AF: angle-only linear,20,3,59,2.0106,1.8691060861895161,AF
AF: angle-only linear,20,3,66,1.09488,1.1553955166330643,AF
AF: angle-only linear,20,3,73,1.41795,1.51225080141129,AF
AF: angle-only linear,20,3,85,1.70334,1.8691060861895161,AF
AF: angle-only linear,20,3,86,1.27302,1.51225080141129,AF
AF: angle-only linear,20,3,89,1.49292,1.51225080141129,AF
AF: angle-only linear,20,4,5,1.28243,1.5266135613092333,AF
AF: angle-only linear,20,4,15,1.4926,1.5266135613092333,AF
AF: angle-only linear,20,4,38,1.94988,1.903184088910601,AF
AF: angle-only linear,20,4,40,1.42363,1.5266135613092333,AF
AF: angle-only linear,20,4,41,1.35048,1.5266135613092333,AF
AF: angle-only linear,20,4,46,1.60113,1.903184088910601,AF
AF: angle-only linear,20,4,53,1.22687,1.1500430337078653,AF
AF: angle-only linear,20,4,63,1.49433,1.5266135613092333,AF
AF: angle-only linear,20,4,64,1.4624,1.5266135613092333,AF
AF: angle-only linear,20,4,67,1.21931,1.1500430337078653,AF
AF: angle-only linear,20,4,71,1.56292,1.903184088910601,AF
AF: angle-only linear,20,4,72,1.7423,1.903184088910601,AF
AF: angle-only linear,20,4,76,1.46489,1.5266135613092333,AF
AF: angle-only linear,20,4,78,1.14397,1.1500430337078653,AF
AF: angle-only linear,20,4,80,1.16671,1.1500430337078653,AF
AF: angle-only linear,20,4,83,1.81434,1.903184088910601,AF
AF: angle-only linear,20,4,87,1.4647,1.5266135613092333,AF
AF: angle-only linear,20,4,88,1.62833,1.5266135613092333,AF
AF: angle-only linear,20,4,95,1.16353,1.1500430337078653,AF
AF: angle-only linear,20,5,10,1.17573,1.1326353042121684,AF
AF: angle-only linear,20,5,16,1.39505,1.5118805252210088,AF
AF: angle-only linear,20,5,18,1.42223,1.5118805252210088,AF
AF: angle-only linear,20,5,19,1.2125,1.1326353042121684,AF
AF: angle-only linear,20,5,34,1.15143,1.1326353042121684,AF
AF: angle-only linear,20,5,42,1.23805,1.1326353042121684,AF
AF: angle-only linear,20,5,45,1.15453,1.1326353042121684,AF
AF: angle-only linear,20,5,47,1.95358,1.8911257462298492,AF
AF: angle-only linear,20,5,48,1.82522,1.8911257462298492,AF
AF: angle-only linear,20,5,51,1.34172,1.5118805252210088,AF
AF: angle-only linear,20,5,54,1.18756,1.1326353042121684,AF
AF: angle-only linear,20,5,57,1.80075,1.8911257462298492,AF
AF: angle-only linear,20,5,61,1.5134,1.5118805252210088,AF
AF: angle-only linear,20,5,65,1.62994,1.5118805252210088,AF
AF: angle-only linear,20,5,69,1.27114,1.1326353042121684,AF
AF: angle-only linear,20,5,79,1.19772,1.1326353042121684,AF
AF: angle-only linear,20,5,82,1.50363,1.8911257462298492,AF
AF: angle-only linear,20,5,91,1.20107,1.1326353042121684,AF
AF: angle-only linear,20,5,94,1.35987,1.1326353042121684,AF
AF: angle-only categorical mean,1,1,0,2.29017,1.900011739130435,AF
AF: angle-only categorical mean,1,1,4,1.75407,1.900011739130435,AF
AF: angle-only categorical mean,1,1,10,1.17573,1.1831244,AF
AF: angle-only categorical mean,1,1,12,2.04975,1.900011739130435,AF
AF: angle-only categorical mean,1,1,18,1.42223,1.4267896428571427,AF
AF: angle-only categorical mean,1,1,22,1.16534,1.1831244,AF
AF: angle-only categorical mean,1,1,26,2.14773,1.900011739130435,AF
AF: angle-only categorical mean,1,1,30,1.52016,1.4267896428571427,AF
AF: angle-only categorical mean,1,1,31,1.21458,1.1831244,AF
AF: angle-only categorical mean,1,1,33,1.00068,1.1831244,AF
AF: angle-only categorical mean,1,1,42,1.23805,1.1831244,AF
AF: angle-only categorical mean,1,1,53,1.22687,1.1831244,AF
AF: angle-only categorical mean,1,1,64,1.4624,1.4267896428571427,AF
AF: angle-only categorical mean,1,1,69,1.27114,1.1831244,AF
AF: angle-only categorical mean,1,1,73,1.41795,1.4267896428571427,AF
AF: angle-only categorical mean,1,1,77,1.17845,1.1831244,AF
AF: angle-only categorical mean,1,1,79,1.19772,1.1831244,AF
AF: angle-only categorical mean,1,1,80,1.16671,1.1831244,AF
AF: angle-only categorical mean,1,1,85,1.70334,1.900011739130435,AF
AF: angle-only categorical mean,1,1,94,1.35987,1.1831244,AF
AF: angle-only categorical mean,1,2,5,1.28243,1.4284575999999998,AF
AF: angle-only categorical mean,1,2,9,1.17187,1.1843546428571428,AF
AF: angle-only categorical mean,1,2,11,1.28156,1.1843546428571428,AF
AF: angle-only categorical mean,1,2,15,1.4926,1.4284575999999998,AF
AF: angle-only categorical mean,1,2,16,1.39505,1.4284575999999998,AF
AF: angle-only categorical mean,1,2,28,1.38725,1.4284575999999998,AF
AF: angle-only categorical mean,1,2,35,1.18045,1.1843546428571428,AF
AF: angle-only categorical mean,1,2,39,1.45212,1.4284575999999998,AF
AF: angle-only categorical mean,1,2,40,1.42363,1.4284575999999998,AF
AF: angle-only categorical mean,1,2,44,1.20002,1.1843546428571428,AF
AF: angle-only categorical mean,1,2,45,1.15453,1.1843546428571428,AF
AF: angle-only categorical mean,1,2,47,1.95358,1.90231,AF
AF: angle-only categorical mean,1,2,49,1.92546,1.90231,AF
AF: angle-only categorical mean,1,2,55,1.18237,1.1843546428571428,AF
AF: angle-only categorical mean,1,2,67,1.21931,1.1843546428571428,AF
AF: angle-only categorical mean,1,2,68,1.22121,1.1843546428571428,AF
AF: angle-only categorical mean,1,2,70,2.36855,1.90231,AF
AF: angle-only categorical mean,1,2,72,1.7423,1.90231,AF
AF: angle-only categorical mean,1,2,88,1.62833,1.4284575999999998,AF
AF: angle-only categorical mean,1,3,3,1.29597,1.43432125,AF
AF: angle-only categorical mean,1,3,6,1.30412,1.43432125,AF
AF: angle-only categorical mean,1,3,7,1.38795,1.43432125,AF
AF: angle-only categorical mean,1,3,8,1.05256,1.1939264516129033,AF
AF: angle-only categorical mean,1,3,13,1.87831,1.900267727272727,AF
AF: angle-only categorical mean,1,3,17,1.44103,1.43432125,AF
AF: angle-only categorical mean,1,3,19,1.2125,1.1939264516129033,AF
AF: angle-only categorical mean,1,3,24,1.80422,1.900267727272727,AF
AF: angle-only categorical mean,1,3,25,2.44505,1.900267727272727,AF
AF: angle-only categorical mean,1,3,27,1.55854,1.43432125,AF
AF: angle-only categorical mean,1,3,34,1.15143,1.1939264516129033,AF
AF: angle-only categorical mean,1,3,36,1.97211,1.900267727272727,AF
AF: angle-only categorical mean,1,3,38,1.94988,1.900267727272727,AF
AF: angle-only categorical mean,1,3,62,1.53985,1.43432125,AF
AF: angle-only categorical mean,1,3,75,1.32876,1.43432125,AF
AF: angle-only categorical mean,1,3,78,1.14397,1.1939264516129033,AF
AF: angle-only categorical mean,1,3,84,1.78987,1.900267727272727,AF
AF: angle-only categorical mean,1,3,89,1.49292,1.43432125,AF
AF: angle-only categorical mean,1,3,91,1.20107,1.1939264516129033,AF
AF: angle-only categorical mean,1,4,32,1.18475,1.1883682758620693,AF
AF: angle-only categorical mean,1,4,41,1.35048,1.4195761538461535,AF
AF: angle-only categorical mean,1,4,43,1.18126,1.1883682758620693,AF
AF: angle-only categorical mean,1,4,46,1.60113,1.9388740909090907,AF
AF: angle-only categorical mean,1,4,48,1.82522,1.9388740909090907,AF
AF: angle-only categorical mean,1,4,50,1.36288,1.4195761538461535,AF
AF: angle-only categorical mean,1,4,54,1.18756,1.1883682758620693,AF
AF: angle-only categorical mean,1,4,56,1.19584,1.1883682758620693,AF
AF: angle-only categorical mean,1,4,57,1.80075,1.9388740909090907,AF
AF: angle-only categorical mean,1,4,58,1.93806,1.9388740909090907,AF
AF: angle-only categorical mean,1,4,59,2.0106,1.9388740909090907,AF
AF: angle-only categorical mean,1,4,61,1.5134,1.4195761538461535,AF
AF: angle-only categorical mean,1,4,65,1.62994,1.4195761538461535,AF
AF: angle-only categorical mean,1,4,66,1.09488,1.1883682758620693,AF
AF: angle-only categorical mean,1,4,76,1.46489,1.4195761538461535,AF
AF: angle-only categorical mean,1,4,83,1.81434,1.9388740909090907,AF
AF: angle-only categorical mean,1,4,90,1.54228,1.4195761538461535,AF
AF: angle-only categorical mean,1,4,93,1.30275,1.1883682758620693,AF
AF: angle-only categorical mean,1,4,95,1.16353,1.1883682758620693,AF
AF: angle-only categorical mean,1,5,1,1.7596,1.9411661904761905,AF
AF: angle-only categorical mean,1,5,2,1.80526,1.9411661904761905,AF
AF: angle-only categorical mean,1,5,14,1.74885,1.9411661904761905,AF
AF: angle-only categorical mean,1,5,20,1.19111,1.1896309677419354,AF
AF: angle-only categorical mean,1,5,21,1.16533,1.1896309677419354,AF
AF: angle-only categorical mean,1,5,23,1.20579,1.1896309677419354,AF
AF: angle-only categorical mean,1,5,29,1.36564,1.4438864,AF
AF: angle-only categorical mean,1,5,37,2.18925,1.9411661904761905,AF
AF: angle-only categorical mean,1,5,51,1.34172,1.4438864,AF
AF: angle-only categorical mean,1,5,52,1.42105,1.4438864,AF
AF: angle-only categorical mean,1,5,60,2.31133,1.9411661904761905,AF
AF: angle-only categorical mean,1,5,63,1.49433,1.4438864,AF
AF: angle-only categorical mean,1,5,71,1.56292,1.9411661904761905,AF
AF: angle-only categorical mean,1,5,74,1.31523,1.4438864,AF
AF: angle-only categorical mean,1,5,81,1.11558,1.1896309677419354,AF
AF: angle-only categorical mean,1,5,82,1.50363,1.9411661904761905,AF
AF: angle-only categorical mean,1,5,86,1.27302,1.4438864,AF
AF: angle-only categorical mean,1,5,87,1.4647,1.4438864,AF
AF: angle-only categorical mean,1,5,92,1.21688,1.1896309677419354,AF
AF: angle-only categorical mean,2,1,0,2.29017,1.9560273684210527,AF
AF: angle-only categorical mean,2,1,1,1.7596,1.9560273684210527,AF
AF: angle-only categorical mean,2,1,2,1.80526,1.9560273684210527,AF
AF: angle-only categorical mean,2,1,5,1.28243,1.4283242857142855,AF
AF: angle-only categorical mean,2,1,9,1.17187,1.1850293103448277,AF
AF: angle-only categorical mean,2,1,11,1.28156,1.1850293103448277,AF
AF: angle-only categorical mean,2,1,13,1.87831,1.9560273684210527,AF
AF: angle-only categorical mean,2,1,15,1.4926,1.4283242857142855,AF
AF: angle-only categorical mean,2,1,20,1.19111,1.1850293103448277,AF
AF: angle-only categorical mean,2,1,22,1.16534,1.1850293103448277,AF
AF: angle-only categorical mean,2,1,38,1.94988,1.9560273684210527,AF
AF: angle-only categorical mean,2,1,55,1.18237,1.1850293103448277,AF
AF: angle-only categorical mean,2,1,56,1.19584,1.1850293103448277,AF
AF: angle-only categorical mean,2,1,57,1.80075,1.9560273684210527,AF
AF: angle-only categorical mean,2,1,62,1.53985,1.4283242857142855,AF
AF: angle-only categorical mean,2,1,67,1.21931,1.1850293103448277,AF
AF: angle-only categorical mean,2,1,76,1.46489,1.4283242857142855,AF
AF: angle-only categorical mean,2,1,82,1.50363,1.9560273684210527,AF
AF: angle-only categorical mean,2,1,84,1.78987,1.9560273684210527,AF
AF: angle-only categorical mean,2,1,85,1.70334,1.9560273684210527,AF
AF: angle-only categorical mean,2,2,8,1.05256,1.1981115384615386,AF
AF: angle-only categorical mean,2,2,12,2.04975,1.924005652173913,AF
AF: angle-only categorical mean,2,2,14,1.74885,1.924005652173913,AF
AF: angle-only categorical mean,2,2,19,1.2125,1.1981115384615386,AF
AF: angle-only categorical mean,2,2,24,1.80422,1.924005652173913,AF
AF: angle-only categorical mean,2,2,33,1.00068,1.1981115384615386,AF
AF: angle-only categorical mean,2,2,37,2.18925,1.924005652173913,AF
AF: angle-only categorical mean,2,2,39,1.45212,1.4163285714285716,AF
AF: angle-only categorical mean,2,2,44,1.20002,1.1981115384615386,AF
AF: angle-only categorical mean,2,2,45,1.15453,1.1981115384615386,AF
AF: angle-only categorical mean,2,2,46,1.60113,1.924005652173913,AF
AF: angle-only categorical mean,2,2,54,1.18756,1.1981115384615386,AF
AF: angle-only categorical mean,2,2,78,1.14397,1.1981115384615386,AF
AF: angle-only categorical mean,2,2,80,1.16671,1.1981115384615386,AF
AF: angle-only categorical mean,2,2,88,1.62833,1.4163285714285716,AF
AF: angle-only categorical mean,2,2,89,1.49292,1.4163285714285716,AF
AF: angle-only categorical mean,2,2,90,1.54228,1.4163285714285716,AF
AF: angle-only categorical mean,2,2,91,1.20107,1.1981115384615386,AF
AF: angle-only categorical mean,2,2,93,1.30275,1.1981115384615386,AF
AF: angle-only categorical mean,2,3,6,1.30412,1.4293573076923076,AF
AF: angle-only categorical mean,2,3,10,1.17573,1.1818346428571427,AF
AF: angle-only categorical mean,2,3,18,1.42223,1.4293573076923076,AF
AF: angle-only categorical mean,2,3,23,1.20579,1.1818346428571427,AF
AF: angle-only categorical mean,2,3,25,2.44505,1.875102608695652,AF
AF: angle-only categorical mean,2,3,26,2.14773,1.875102608695652,AF
AF: angle-only categorical mean,2,3,27,1.55854,1.4293573076923076,AF
AF: angle-only categorical mean,2,3,29,1.36564,1.4293573076923076,AF
AF: angle-only categorical mean,2,3,31,1.21458,1.1818346428571427,AF
AF: angle-only categorical mean,2,3,42,1.23805,1.1818346428571427,AF
AF: angle-only categorical mean,2,3,43,1.18126,1.1818346428571427,AF
AF: angle-only categorical mean,2,3,63,1.49433,1.4293573076923076,AF
AF: angle-only categorical mean,2,3,69,1.27114,1.1818346428571427,AF
AF: angle-only categorical mean,2,3,70,2.36855,1.875102608695652,AF
AF: angle-only categorical mean,2,3,72,1.7423,1.875102608695652,AF
AF: angle-only categorical mean,2,3,77,1.17845,1.1818346428571427,AF
AF: angle-only categorical mean,2,3,83,1.81434,1.875102608695652,AF
AF: angle-only categorical mean,2,3,87,1.4647,1.4293573076923076,AF
AF: angle-only categorical mean,2,3,92,1.21688,1.1818346428571427,AF
AF: angle-only categorical mean,2,4,3,1.29597,1.446084347826087,AF
AF: angle-only categorical mean,2,4,4,1.75407,1.9211863636363637,AF
AF: angle-only categorical mean,2,4,7,1.38795,1.446084347826087,AF
AF: angle-only categorical mean,2,4,28,1.38725,1.446084347826087,AF
AF: angle-only categorical mean,2,4,32,1.18475,1.187511875,AF
AF: angle-only categorical mean,2,4,36,1.97211,1.9211863636363637,AF
AF: angle-only categorical mean,2,4,40,1.42363,1.446084347826087,AF
AF: angle-only categorical mean,2,4,41,1.35048,1.446084347826087,AF
AF: angle-only categorical mean,2,4,47,1.95358,1.9211863636363637,AF
AF: angle-only categorical mean,2,4,48,1.82522,1.9211863636363637,AF
AF: angle-only categorical mean,2,4,52,1.42105,1.446084347826087,AF
AF: angle-only categorical mean,2,4,53,1.22687,1.187511875,AF
AF: angle-only categorical mean,2,4,60,2.31133,1.9211863636363637,AF
AF: angle-only categorical mean,2,4,61,1.5134,1.446084347826087,AF
AF: angle-only categorical mean,2,4,71,1.56292,1.9211863636363637,AF
AF: angle-only categorical mean,2,4,73,1.41795,1.446084347826087,AF
AF: angle-only categorical mean,2,4,74,1.31523,1.446084347826087,AF
AF: angle-only categorical mean,2,4,79,1.19772,1.187511875,AF
AF: angle-only categorical mean,2,4,95,1.16353,1.187511875,AF
AF: angle-only categorical mean,2,5,16,1.39505,1.4355604347826088,AF
AF: angle-only categorical mean,2,5,17,1.44103,1.4355604347826088,AF
AF: angle-only categorical mean,2,5,21,1.16533,1.1891206896551725,AF
AF: angle-only categorical mean,2,5,30,1.52016,1.4355604347826088,AF
AF: angle-only categorical mean,2,5,34,1.15143,1.1891206896551725,AF
AF: angle-only categorical mean,2,5,35,1.18045,1.1891206896551725,AF
AF: angle-only categorical mean,2,5,49,1.92546,1.9108484,AF
AF: angle-only categorical mean,2,5,50,1.36288,1.4355604347826088,AF
AF: angle-only categorical mean,2,5,51,1.34172,1.4355604347826088,AF
AF: angle-only categorical mean,2,5,58,1.93806,1.9108484,AF
AF: angle-only categorical mean,2,5,59,2.0106,1.9108484,AF
AF: angle-only categorical mean,2,5,64,1.4624,1.4355604347826088,AF
AF: angle-only categorical mean,2,5,65,1.62994,1.4355604347826088,AF
AF: angle-only categorical mean,2,5,66,1.09488,1.1891206896551725,AF
AF: angle-only categorical mean,2,5,68,1.22121,1.1891206896551725,AF
AF: angle-only categorical mean,2,5,75,1.32876,1.4355604347826088,AF
AF: angle-only categorical mean,2,5,81,1.11558,1.1891206896551725,AF
AF: angle-only categorical mean,2,5,86,1.27302,1.4355604347826088,AF
AF: angle-only categorical mean,2,5,94,1.35987,1.1891206896551725,AF
AF: angle-only categorical mean,3,1,7,1.38795,1.4122587500000001,AF
AF: angle-only categorical mean,3,1,19,1.2125,1.1910257142857144,AF
AF: angle-only categorical mean,3,1,24,1.80422,1.9037412500000002,AF
AF: angle-only categorical mean,3,1,26,2.14773,1.9037412500000002,AF
AF: angle-only categorical mean,3,1,27,1.55854,1.4122587500000001,AF
AF: angle-only categorical mean,3,1,30,1.52016,1.4122587500000001,AF
AF: angle-only categorical mean,3,1,33,1.00068,1.1910257142857144,AF
AF: angle-only categorical mean,3,1,37,2.18925,1.9037412500000002,AF
AF: angle-only categorical mean,3,1,39,1.45212,1.4122587500000001,AF
AF: angle-only categorical mean,3,1,42,1.23805,1.1910257142857144,AF
AF: angle-only categorical mean,3,1,53,1.22687,1.1910257142857144,AF
AF: angle-only categorical mean,3,1,62,1.53985,1.4122587500000001,AF
AF: angle-only categorical mean,3,1,64,1.4624,1.4122587500000001,AF
AF: angle-only categorical mean,3,1,66,1.09488,1.1910257142857144,AF
AF: angle-only categorical mean,3,1,69,1.27114,1.1910257142857144,AF
AF: angle-only categorical mean,3,1,83,1.81434,1.9037412500000002,AF
AF: angle-only categorical mean,3,1,87,1.4647,1.4122587500000001,AF
AF: angle-only categorical mean,3,1,89,1.49292,1.4122587500000001,AF
AF: angle-only categorical mean,3,1,92,1.21688,1.1910257142857144,AF
AF: angle-only categorical mean,3,1,95,1.16353,1.1910257142857144,AF
AF: angle-only categorical mean,3,2,0,2.29017,1.8506247368421054,AF
AF: angle-only categorical mean,3,2,4,1.75407,1.8506247368421054,AF
AF: angle-only categorical mean,3,2,5,1.28243,1.4289592592592593,AF
AF: angle-only categorical mean,3,2,25,2.44505,1.8506247368421054,AF
AF: angle-only categorical mean,3,2,32,1.18475,1.1823596774193552,AF
AF: angle-only categorical mean,3,2,38,1.94988,1.8506247368421054,AF
AF: angle-only categorical mean,3,2,46,1.60113,1.8506247368421054,AF
AF: angle-only categorical mean,3,2,48,1.82522,1.8506247368421054,AF
AF: angle-only categorical mean,3,2,54,1.18756,1.1823596774193552,AF
AF: angle-only categorical mean,3,2,58,1.93806,1.8506247368421054,AF
AF: angle-only categorical mean,3,2,60,2.31133,1.8506247368421054,AF
AF: angle-only categorical mean,3,2,68,1.22121,1.1823596774193552,AF
AF: angle-only categorical mean,3,2,70,2.36855,1.8506247368421054,AF
AF: angle-only categorical mean,3,2,76,1.46489,1.4289592592592593,AF
AF: angle-only categorical mean,3,2,80,1.16671,1.1823596774193552,AF
AF: angle-only categorical mean,3,2,86,1.27302,1.4289592592592593,AF
AF: angle-only categorical mean,3,2,88,1.62833,1.4289592592592593,AF
AF: angle-only categorical mean,3,2,90,1.54228,1.4289592592592593,AF
AF: angle-only categorical mean,3,2,94,1.35987,1.1823596774193552,AF
AF: angle-only categorical mean,3,3,6,1.30412,1.4389475,AF
AF: angle-only categorical mean,3,3,8,1.05256,1.195464482758621,AF
AF: angle-only categorical mean,3,3,10,1.17573,1.195464482758621,AF
AF: angle-only categorical mean,3,3,13,1.87831,1.9326812500000001,AF
AF: angle-only categorical mean,3,3,15,1.4926,1.4389475,AF
AF: angle-only categorical mean,3,3,17,1.44103,1.4389475,AF
AF: angle-only categorical mean,3,3,21,1.16533,1.195464482758621,AF
AF: angle-only categorical mean,3,3,28,1.38725,1.4389475,AF
AF: angle-only categorical mean,3,3,34,1.15143,1.195464482758621,AF
AF: angle-only categorical mean,3,3,40,1.42363,1.4389475,AF
AF: angle-only categorical mean,3,3,41,1.35048,1.4389475,AF
AF: angle-only categorical mean,3,3,43,1.18126,1.195464482758621,AF
AF: angle-only categorical mean,3,3,44,1.20002,1.195464482758621,AF
AF: angle-only categorical mean,3,3,47,1.95358,1.9326812500000001,AF
AF: angle-only categorical mean,3,3,49,1.92546,1.9326812500000001,AF
AF: angle-only categorical mean,3,3,52,1.42105,1.4389475,AF
AF: angle-only categorical mean,3,3,73,1.41795,1.4389475,AF
AF: angle-only categorical mean,3,3,77,1.17845,1.195464482758621,AF
AF: angle-only categorical mean,3,3,82,1.50363,1.9326812500000001,AF
AF: angle-only categorical mean,3,4,2,1.80526,1.9219208,AF
AF: angle-only categorical mean,3,4,9,1.17187,1.1843827586206896,AF
AF: angle-only categorical mean,3,4,11,1.28156,1.1843827586206896,AF
AF: angle-only categorical mean,3,4,12,2.04975,1.9219208,AF
AF: angle-only categorical mean,3,4,16,1.39505,1.4312565217391304,AF
AF: angle-only categorical mean,3,4,18,1.42223,1.4312565217391304,AF
AF: angle-only categorical mean,3,4,29,1.36564,1.4312565217391304,AF
AF: angle-only categorical mean,3,4,31,1.21458,1.1843827586206896,AF
AF: angle-only categorical mean,3,4,50,1.36288,1.4312565217391304,AF
AF: angle-only categorical mean,3,4,51,1.34172,1.4312565217391304,AF
AF: angle-only categorical mean,3,4,56,1.19584,1.1843827586206896,AF
AF: angle-only categorical mean,3,4,61,1.5134,1.4312565217391304,AF
AF: angle-only categorical mean,3,4,63,1.49433,1.4312565217391304,AF
AF: angle-only categorical mean,3,4,65,1.62994,1.4312565217391304,AF
AF: angle-only categorical mean,3,4,72,1.7423,1.9219208,AF
AF: angle-only categorical mean,3,4,75,1.32876,1.4312565217391304,AF
AF: angle-only categorical mean,3,4,78,1.14397,1.1843827586206896,AF
AF: angle-only categorical mean,3,4,81,1.11558,1.1843827586206896,AF
AF: angle-only categorical mean,3,4,93,1.30275,1.1843827586206896,AF
AF: angle-only categorical mean,3,5,1,1.7596,1.9648644999999998,AF
AF: angle-only categorical mean,3,5,3,1.29597,1.4387216666666665,AF
AF: angle-only categorical mean,3,5,14,1.74885,1.9648644999999998,AF
AF: angle-only categorical mean,3,5,20,1.19111,1.1879837037037035,AF
AF: angle-only categorical mean,3,5,22,1.16534,1.1879837037037035,AF
AF: angle-only categorical mean,3,5,23,1.20579,1.1879837037037035,AF
AF: angle-only categorical mean,3,5,35,1.18045,1.1879837037037035,AF
AF: angle-only categorical mean,3,5,36,1.97211,1.9648644999999998,AF
AF: angle-only categorical mean,3,5,45,1.15453,1.1879837037037035,AF
AF: angle-only categorical mean,3,5,55,1.18237,1.1879837037037035,AF
AF: angle-only categorical mean,3,5,57,1.80075,1.9648644999999998,AF
AF: angle-only categorical mean,3,5,59,2.0106,1.9648644999999998,AF
AF: angle-only categorical mean,3,5,67,1.21931,1.1879837037037035,AF
AF: angle-only categorical mean,3,5,71,1.56292,1.9648644999999998,AF
AF: angle-only categorical mean,3,5,74,1.31523,1.4387216666666665,AF
AF: angle-only categorical mean,3,5,79,1.19772,1.1879837037037035,AF
AF: angle-only categorical mean,3,5,84,1.78987,1.9648644999999998,AF
AF: angle-only categorical mean,3,5,85,1.70334,1.9648644999999998,AF
AF: angle-only categorical mean,3,5,91,1.20107,1.1879837037037035,AF
AF: angle-only categorical mean,4,1,0,2.29017,1.9255388235294115,AF
AF: angle-only categorical mean,4,1,1,1.7596,1.9255388235294115,AF
AF: angle-only categorical mean,4,1,2,1.80526,1.9255388235294115,AF
AF: angle-only categorical mean,4,1,4,1.75407,1.9255388235294115,AF
AF: angle-only categorical mean,4,1,7,1.38795,1.4320379310344824,AF
AF: angle-only categorical mean,4,1,10,1.17573,1.1981296666666668,AF
AF: angle-only categorical mean,4,1,26,2.14773,1.9255388235294115,AF
AF: angle-only categorical mean,4,1,33,1.00068,1.1981296666666668,AF
AF: angle-only categorical mean,4,1,37,2.18925,1.9255388235294115,AF
AF: angle-only categorical mean,4,1,38,1.94988,1.9255388235294115,AF
AF: angle-only categorical mean,4,1,45,1.15453,1.1981296666666668,AF
AF: angle-only categorical mean,4,1,50,1.36288,1.4320379310344824,AF
AF: angle-only categorical mean,4,1,58,1.93806,1.9255388235294115,AF
AF: angle-only categorical mean,4,1,59,2.0106,1.9255388235294115,AF
AF: angle-only categorical mean,4,1,67,1.21931,1.1981296666666668,AF
AF: angle-only categorical mean,4,1,71,1.56292,1.9255388235294115,AF
AF: angle-only categorical mean,4,1,81,1.11558,1.1981296666666668,AF
AF: angle-only categorical mean,4,1,82,1.50363,1.9255388235294115,AF
AF: angle-only categorical mean,4,1,89,1.49292,1.4320379310344824,AF
AF: angle-only categorical mean,4,1,95,1.16353,1.1981296666666668,AF
AF: angle-only categorical mean,4,2,5,1.28243,1.435317391304348,AF
AF: angle-only categorical mean,4,2,9,1.17187,1.18742,AF
AF: angle-only categorical mean,4,2,18,1.42223,1.435317391304348,AF
AF: angle-only categorical mean,4,2,19,1.2125,1.18742,AF
AF: angle-only categorical mean,4,2,20,1.19111,1.18742,AF
AF: angle-only categorical mean,4,2,21,1.16533,1.18742,AF
AF: angle-only categorical mean,4,2,23,1.20579,1.18742,AF
AF: angle-only categorical mean,4,2,25,2.44505,1.8781434615384616,AF
AF: angle-only categorical mean,4,2,28,1.38725,1.435317391304348,AF
AF: angle-only categorical mean,4,2,29,1.36564,1.435317391304348,AF
AF: angle-only categorical mean,4,2,43,1.18126,1.18742,AF
AF: angle-only categorical mean,4,2,51,1.34172,1.435317391304348,AF
AF: angle-only categorical mean,4,2,62,1.53985,1.435317391304348,AF
AF: angle-only categorical mean,4,2,63,1.49433,1.435317391304348,AF
AF: angle-only categorical mean,4,2,64,1.4624,1.435317391304348,AF
AF: angle-only categorical mean,4,2,66,1.09488,1.18742,AF
AF: angle-only categorical mean,4,2,70,2.36855,1.8781434615384616,AF
AF: angle-only categorical mean,4,2,87,1.4647,1.435317391304348,AF
AF: angle-only categorical mean,4,2,93,1.30275,1.18742,AF
AF: angle-only categorical mean,4,3,13,1.87831,1.9022360869565218,AF
AF: angle-only categorical mean,4,3,16,1.39505,1.4349895833333335,AF
AF: angle-only categorical mean,4,3,22,1.16534,1.1881643333333334,AF
AF: angle-only categorical mean,4,3,27,1.55854,1.4349895833333335,AF
AF: angle-only categorical mean,4,3,39,1.45212,1.4349895833333335,AF
AF: angle-only categorical mean,4,3,41,1.35048,1.4349895833333335,AF
AF: angle-only categorical mean,4,3,47,1.95358,1.9022360869565218,AF
AF: angle-only categorical mean,4,3,48,1.82522,1.9022360869565218,AF
AF: angle-only categorical mean,4,3,49,1.92546,1.9022360869565218,AF
AF: angle-only categorical mean,4,3,52,1.42105,1.4349895833333335,AF
AF: angle-only categorical mean,4,3,54,1.18756,1.1881643333333334,AF
AF: angle-only categorical mean,4,3,55,1.18237,1.1881643333333334,AF
AF: angle-only categorical mean,4,3,60,2.31133,1.9022360869565218,AF
AF: angle-only categorical mean,4,3,73,1.41795,1.4349895833333335,AF
AF: angle-only categorical mean,4,3,76,1.46489,1.4349895833333335,AF
AF: angle-only categorical mean,4,3,77,1.17845,1.1881643333333334,AF
AF: angle-only categorical mean,4,3,79,1.19772,1.1881643333333334,AF
AF: angle-only categorical mean,4,3,86,1.27302,1.4349895833333335,AF
AF: angle-only categorical mean,4,3,92,1.21688,1.1881643333333334,AF
AF: angle-only categorical mean,4,4,6,1.30412,1.4276242307692308,AF
AF: angle-only categorical mean,4,4,11,1.28156,1.1730938461538463,AF
AF: angle-only categorical mean,4,4,17,1.44103,1.4276242307692308,AF
AF: angle-only categorical mean,4,4,24,1.80422,1.9221864,AF
AF: angle-only categorical mean,4,4,31,1.21458,1.1730938461538463,AF
AF: angle-only categorical mean,4,4,36,1.97211,1.9221864,AF
AF: angle-only categorical mean,4,4,40,1.42363,1.4276242307692308,AF
AF: angle-only categorical mean,4,4,42,1.23805,1.1730938461538463,AF
AF: angle-only categorical mean,4,4,44,1.20002,1.1730938461538463,AF
AF: angle-only categorical mean,4,4,56,1.19584,1.1730938461538463,AF
AF: angle-only categorical mean,4,4,69,1.27114,1.1730938461538463,AF
AF: angle-only categorical mean,4,4,74,1.31523,1.4276242307692308,AF
AF: angle-only categorical mean,4,4,78,1.14397,1.1730938461538463,AF
AF: angle-only categorical mean,4,4,80,1.16671,1.1730938461538463,AF
AF: angle-only categorical mean,4,4,83,1.81434,1.9221864,AF
AF: angle-only categorical mean,4,4,88,1.62833,1.4276242307692308,AF
AF: angle-only categorical mean,4,4,90,1.54228,1.4276242307692308,AF
AF: angle-only categorical mean,4,4,91,1.20107,1.1730938461538463,AF
AF: angle-only categorical mean,4,4,94,1.35987,1.1730938461538463,AF
AF: angle-only categorical mean,4,5,3,1.29597,1.4227699999999996,AF
AF: angle-only categorical mean,4,5,8,1.05256,1.191866,AF
AF: angle-only categorical mean,4,5,12,2.04975,1.9623495238095237,AF
AF: angle-only categorical mean,4,5,14,1.74885,1.9623495238095237,AF
AF: angle-only categorical mean,4,5,15,1.4926,1.4227699999999996,AF
AF: angle-only categorical mean,4,5,30,1.52016,1.4227699999999996,AF
AF: angle-only categorical mean,4,5,32,1.18475,1.191866,AF
AF: angle-only categorical mean,4,5,34,1.15143,1.191866,AF
AF: angle-only categorical mean,4,5,35,1.18045,1.191866,AF
AF: angle-only categorical mean,4,5,46,1.60113,1.9623495238095237,AF
AF: angle-only categorical mean,4,5,53,1.22687,1.191866,AF
AF: angle-only categorical mean,4,5,57,1.80075,1.9623495238095237,AF
AF: angle-only categorical mean,4,5,61,1.5134,1.4227699999999996,AF
AF: angle-only categorical mean,4,5,65,1.62994,1.4227699999999996,AF
AF: angle-only categorical mean,4,5,68,1.22121,1.191866,AF
AF: angle-only categorical mean,4,5,72,1.7423,1.9623495238095237,AF
AF: angle-only categorical mean,4,5,75,1.32876,1.4227699999999996,AF
AF: angle-only categorical mean,4,5,84,1.78987,1.9623495238095237,AF
AF: angle-only categorical mean,4,5,85,1.70334,1.9623495238095237,AF
AF: angle-only categorical mean,5,1,10,1.17573,1.1827255555555556,AF
AF: angle-only categorical mean,5,1,11,1.28156,1.1827255555555556,AF
AF: angle-only categorical mean,5,1,13,1.87831,1.9241631818181817,AF
AF: angle-only categorical mean,5,1,15,1.4926,1.4283874074074072,AF
AF: angle-only categorical mean,5,1,20,1.19111,1.1827255555555556,AF
AF: angle-only categorical mean,5,1,24,1.80422,1.9241631818181817,AF
AF: angle-only categorical mean,5,1,29,1.36564,1.4283874074074072,AF
AF: angle-only categorical mean,5,1,34,1.15143,1.1827255555555556,AF
AF: angle-only categorical mean,5,1,37,2.18925,1.9241631818181817,AF
AF: angle-only categorical mean,5,1,42,1.23805,1.1827255555555556,AF
AF: angle-only categorical mean,5,1,45,1.15453,1.1827255555555556,AF
AF: angle-only categorical mean,5,1,47,1.95358,1.9241631818181817,AF
AF: angle-only categorical mean,5,1,49,1.92546,1.9241631818181817,AF
AF: angle-only categorical mean,5,1,52,1.42105,1.4283874074074072,AF
AF: angle-only categorical mean,5,1,53,1.22687,1.1827255555555556,AF
AF: angle-only categorical mean,5,1,64,1.4624,1.4283874074074072,AF
AF: angle-only categorical mean,5,1,67,1.21931,1.1827255555555556,AF
AF: angle-only categorical mean,5,1,71,1.56292,1.9241631818181817,AF
AF: angle-only categorical mean,5,1,87,1.4647,1.4283874074074072,AF
AF: angle-only categorical mean,5,1,91,1.20107,1.1827255555555556,AF
AF: angle-only categorical mean,5,2,4,1.75407,1.8887004166666665,AF
AF: angle-only categorical mean,5,2,6,1.30412,1.4473095833333331,AF
AF: angle-only categorical mean,5,2,8,1.05256,1.2019082758620692,AF
AF: angle-only categorical mean,5,2,14,1.74885,1.8887004166666665,AF
AF: angle-only categorical mean,5,2,21,1.16533,1.2019082758620692,AF
AF: angle-only categorical mean,5,2,25,2.44505,1.8887004166666665,AF
AF: angle-only categorical mean,5,2,33,1.00068,1.2019082758620692,AF
AF: angle-only categorical mean,5,2,39,1.45212,1.4473095833333331,AF
AF: angle-only categorical mean,5,2,41,1.35048,1.4473095833333331,AF
AF: angle-only categorical mean,5,2,44,1.20002,1.2019082758620692,AF
AF: angle-only categorical mean,5,2,50,1.36288,1.4473095833333331,AF
AF: angle-only categorical mean,5,2,51,1.34172,1.4473095833333331,AF
AF: angle-only categorical mean,5,2,54,1.18756,1.2019082758620692,AF
AF: angle-only categorical mean,5,2,66,1.09488,1.2019082758620692,AF
AF: angle-only categorical mean,5,2,70,2.36855,1.8887004166666665,AF
AF: angle-only categorical mean,5,2,73,1.41795,1.4473095833333331,AF
AF: angle-only categorical mean,5,2,74,1.31523,1.4473095833333331,AF
AF: angle-only categorical mean,5,2,89,1.49292,1.4473095833333331,AF
AF: angle-only categorical mean,5,2,92,1.21688,1.2019082758620692,AF
AF: angle-only categorical mean,5,3,0,2.29017,1.916509,AF
AF: angle-only categorical mean,5,3,3,1.29597,1.4214248148148148,AF
AF: angle-only categorical mean,5,3,7,1.38795,1.4214248148148148,AF
AF: angle-only categorical mean,5,3,9,1.17187,1.1892883333333335,AF
AF: angle-only categorical mean,5,3,12,2.04975,1.916509,AF
AF: angle-only categorical mean,5,3,26,2.14773,1.916509,AF
AF: angle-only categorical mean,5,3,35,1.18045,1.1892883333333335,AF
AF: angle-only categorical mean,5,3,36,1.97211,1.916509,AF
AF: angle-only categorical mean,5,3,38,1.94988,1.916509,AF
AF: angle-only categorical mean,5,3,43,1.18126,1.1892883333333335,AF
AF: angle-only categorical mean,5,3,46,1.60113,1.916509,AF
AF: angle-only categorical mean,5,3,56,1.19584,1.1892883333333335,AF
AF: angle-only categorical mean,5,3,57,1.80075,1.916509,AF
AF: angle-only categorical mean,5,3,62,1.53985,1.4214248148148148,AF
AF: angle-only categorical mean,5,3,68,1.22121,1.1892883333333335,AF
AF: angle-only categorical mean,5,3,78,1.14397,1.1892883333333335,AF
AF: angle-only categorical mean,5,3,82,1.50363,1.916509,AF
AF: angle-only categorical mean,5,3,88,1.62833,1.4214248148148148,AF
AF: angle-only categorical mean,5,3,90,1.54228,1.4214248148148148,AF
AF: angle-only categorical mean,5,4,1,1.7596,1.9356791666666666,AF
AF: angle-only categorical mean,5,4,5,1.28243,1.4335379166666666,AF
AF: angle-only categorical mean,5,4,16,1.39505,1.4335379166666666,AF
AF: angle-only categorical mean,5,4,17,1.44103,1.4335379166666666,AF
AF: angle-only categorical mean,5,4,23,1.20579,1.1810193103448274,AF
AF: angle-only categorical mean,5,4,28,1.38725,1.4335379166666666,AF
AF: angle-only categorical mean,5,4,48,1.82522,1.9356791666666666,AF
AF: angle-only categorical mean,5,4,63,1.49433,1.4335379166666666,AF
AF: angle-only categorical mean,5,4,65,1.62994,1.4335379166666666,AF
AF: angle-only categorical mean,5,4,76,1.46489,1.4335379166666666,AF
AF: angle-only categorical mean,5,4,77,1.17845,1.1810193103448274,AF
AF: angle-only categorical mean,5,4,79,1.19772,1.1810193103448274,AF
AF: angle-only categorical mean,5,4,81,1.11558,1.1810193103448274,AF
AF: angle-only categorical mean,5,4,83,1.81434,1.9356791666666666,AF
AF: angle-only categorical mean,5,4,84,1.78987,1.9356791666666666,AF
AF: angle-only categorical mean,5,4,86,1.27302,1.4335379166666666,AF
AF: angle-only categorical mean,5,4,93,1.30275,1.1810193103448274,AF
AF: angle-only categorical mean,5,4,94,1.35987,1.1810193103448274,AF
AF: angle-only categorical mean,5,4,95,1.16353,1.1810193103448274,AF
AF: angle-only categorical mean,5,5,2,1.80526,1.9152018181818184,AF
AF: angle-only categorical mean,5,5,18,1.42223,1.4233126923076922,AF
AF: angle-only categorical mean,5,5,19,1.2125,1.1853744827586208,AF
AF: angle-only categorical mean,5,5,22,1.16534,1.1853744827586208,AF
AF: angle-only categorical mean,5,5,27,1.55854,1.4233126923076922,AF
AF: angle-only categorical mean,5,5,30,1.52016,1.4233126923076922,AF
AF: angle-only categorical mean,5,5,31,1.21458,1.1853744827586208,AF
AF: angle-only categorical mean,5,5,32,1.18475,1.1853744827586208,AF
AF: angle-only categorical mean,5,5,40,1.42363,1.4233126923076922,AF
AF: angle-only categorical mean,5,5,55,1.18237,1.1853744827586208,AF
AF: angle-only categorical mean,5,5,58,1.93806,1.9152018181818184,AF
AF: angle-only categorical mean,5,5,59,2.0106,1.9152018181818184,AF
AF: angle-only categorical mean,5,5,60,2.31133,1.9152018181818184,AF
AF: angle-only categorical mean,5,5,61,1.5134,1.4233126923076922,AF
AF: angle-only categorical mean,5,5,69,1.27114,1.1853744827586208,AF
AF: angle-only categorical mean,5,5,72,1.7423,1.9152018181818184,AF
AF: angle-only categorical mean,5,5,75,1.32876,1.4233126923076922,AF
AF: angle-only categorical mean,5,5,80,1.16671,1.1853744827586208,AF
AF: angle-only categorical mean,5,5,85,1.70334,1.9152018181818184,AF
AF: angle-only categorical mean,6,1,0,2.29017,1.9358061904761905,AF
AF: angle-only categorical mean,6,1,1,1.7596,1.9358061904761905,AF
AF: angle-only categorical mean,6,1,5,1.28243,1.435254090909091,AF
AF: angle-only categorical mean,6,1,12,2.04975,1.9358061904761905,AF
AF: angle-only categorical mean,6,1,14,1.74885,1.9358061904761905,AF
AF: angle-only categorical mean,6,1,17,1.44103,1.435254090909091,AF
AF: angle-only categorical mean,6,1,29,1.36564,1.435254090909091,AF
AF: angle-only categorical mean,6,1,30,1.52016,1.435254090909091,AF
AF: angle-only categorical mean,6,1,32,1.18475,1.1873221212121214,AF
AF: angle-only categorical mean,6,1,40,1.42363,1.435254090909091,AF
AF: angle-only categorical mean,6,1,54,1.18756,1.1873221212121214,AF
AF: angle-only categorical mean,6,1,58,1.93806,1.9358061904761905,AF
AF: angle-only categorical mean,6,1,61,1.5134,1.435254090909091,AF
AF: angle-only categorical mean,6,1,67,1.21931,1.1873221212121214,AF
AF: angle-only categorical mean,6,1,74,1.31523,1.435254090909091,AF
AF: angle-only categorical mean,6,1,75,1.32876,1.435254090909091,AF
AF: angle-only categorical mean,6,1,82,1.50363,1.9358061904761905,AF
AF: angle-only categorical mean,6,1,85,1.70334,1.9358061904761905,AF
AF: angle-only categorical mean,6,1,87,1.4647,1.435254090909091,AF
AF: angle-only categorical mean,6,1,90,1.54228,1.435254090909091,AF
AF: angle-only categorical mean,6,2,15,1.4926,1.4187765384615385,AF
AF: angle-only categorical mean,6,2,16,1.39505,1.4187765384615385,AF
AF: angle-only categorical mean,6,2,18,1.42223,1.4187765384615385,AF
AF: angle-only categorical mean,6,2,24,1.80422,1.873361578947368,AF
AF: angle-only categorical mean,6,2,25,2.44505,1.873361578947368,AF
AF: angle-only categorical mean,6,2,37,2.18925,1.873361578947368,AF
AF: angle-only categorical mean,6,2,38,1.94988,1.873361578947368,AF
AF: angle-only categorical mean,6,2,39,1.45212,1.4187765384615385,AF
AF: angle-only categorical mean,6,2,46,1.60113,1.873361578947368,AF
AF: angle-only categorical mean,6,2,47,1.95358,1.873361578947368,AF
AF: angle-only categorical mean,6,2,49,1.92546,1.873361578947368,AF
AF: angle-only categorical mean,6,2,63,1.49433,1.4187765384615385,AF
AF: angle-only categorical mean,6,2,68,1.22121,1.1831159375,AF
AF: angle-only categorical mean,6,2,70,2.36855,1.873361578947368,AF
AF: angle-only categorical mean,6,2,81,1.11558,1.1831159375,AF
AF: angle-only categorical mean,6,2,83,1.81434,1.873361578947368,AF
AF: angle-only categorical mean,6,2,88,1.62833,1.4187765384615385,AF
AF: angle-only categorical mean,6,2,92,1.21688,1.1831159375,AF
AF: angle-only categorical mean,6,2,94,1.35987,1.1831159375,AF
AF: angle-only categorical mean,6,3,2,1.80526,1.8973054545454544,AF
AF: angle-only categorical mean,6,3,3,1.29597,1.4327510344827583,AF
AF: angle-only categorical mean,6,3,11,1.28156,1.1805073076923078,AF
AF: angle-only categorical mean,6,3,13,1.87831,1.8973054545454544,AF
AF: angle-only categorical mean,6,3,20,1.19111,1.1805073076923078,AF
AF: angle-only categorical mean,6,3,22,1.16534,1.1805073076923078,AF
AF: angle-only categorical mean,6,3,26,2.14773,1.8973054545454544,AF
AF: angle-only categorical mean,6,3,28,1.38725,1.4327510344827583,AF
AF: angle-only categorical mean,6,3,31,1.21458,1.1805073076923078,AF
AF: angle-only categorical mean,6,3,36,1.97211,1.8973054545454544,AF
AF: angle-only categorical mean,6,3,42,1.23805,1.1805073076923078,AF
AF: angle-only categorical mean,6,3,44,1.20002,1.1805073076923078,AF
AF: angle-only categorical mean,6,3,56,1.19584,1.1805073076923078,AF
AF: angle-only categorical mean,6,3,60,2.31133,1.8973054545454544,AF
AF: angle-only categorical mean,6,3,62,1.53985,1.4327510344827583,AF
AF: angle-only categorical mean,6,3,69,1.27114,1.1805073076923078,AF
AF: angle-only categorical mean,6,3,77,1.17845,1.1805073076923078,AF
AF: angle-only categorical mean,6,3,78,1.14397,1.1805073076923078,AF
AF: angle-only categorical mean,6,3,84,1.78987,1.8973054545454544,AF
AF: angle-only categorical mean,6,4,4,1.75407,1.9306115999999998,AF
AF: angle-only categorical mean,6,4,9,1.17187,1.2005812,AF
AF: angle-only categorical mean,6,4,10,1.17573,1.2005812,AF
AF: angle-only categorical mean,6,4,19,1.2125,1.2005812,AF
AF: angle-only categorical mean,6,4,21,1.16533,1.2005812,AF
AF: angle-only categorical mean,6,4,27,1.55854,1.429483333333333,AF
AF: angle-only categorical mean,6,4,33,1.00068,1.2005812,AF
AF: angle-only categorical mean,6,4,34,1.15143,1.2005812,AF
AF: angle-only categorical mean,6,4,35,1.18045,1.2005812,AF
AF: angle-only categorical mean,6,4,43,1.18126,1.2005812,AF
AF: angle-only categorical mean,6,4,48,1.82522,1.9306115999999998,AF
AF: angle-only categorical mean,6,4,53,1.22687,1.2005812,AF
AF: angle-only categorical mean,6,4,57,1.80075,1.9306115999999998,AF
AF: angle-only categorical mean,6,4,64,1.4624,1.429483333333333,AF
AF: angle-only categorical mean,6,4,66,1.09488,1.2005812,AF
AF: angle-only categorical mean,6,4,73,1.41795,1.429483333333333,AF
AF: angle-only categorical mean,6,4,76,1.46489,1.429483333333333,AF
AF: angle-only categorical mean,6,4,79,1.19772,1.2005812,AF
AF: angle-only categorical mean,6,4,86,1.27302,1.429483333333333,AF
AF: angle-only categorical mean,6,5,6,1.30412,1.43674125,AF
AF: angle-only categorical mean,6,5,7,1.38795,1.43674125,AF
AF: angle-only categorical mean,6,5,8,1.05256,1.1908550000000002,AF
AF: angle-only categorical mean,6,5,23,1.20579,1.1908550000000002,AF
AF: angle-only categorical mean,6,5,41,1.35048,1.43674125,AF
AF: angle-only categorical mean,6,5,45,1.15453,1.1908550000000002,AF
AF: angle-only categorical mean,6,5,50,1.36288,1.43674125,AF
AF: angle-only categorical mean,6,5,51,1.34172,1.43674125,AF
AF: angle-only categorical mean,6,5,52,1.42105,1.43674125,AF
AF: angle-only categorical mean,6,5,55,1.18237,1.1908550000000002,AF
AF: angle-only categorical mean,6,5,59,2.0106,1.9331804,AF
AF: angle-only categorical mean,6,5,65,1.62994,1.43674125,AF
AF: angle-only categorical mean,6,5,71,1.56292,1.9331804,AF
AF: angle-only categorical mean,6,5,72,1.7423,1.9331804,AF
AF: angle-only categorical mean,6,5,80,1.16671,1.1908550000000002,AF
AF: angle-only categorical mean,6,5,89,1.49292,1.43674125,AF
AF: angle-only categorical mean,6,5,91,1.20107,1.1908550000000002,AF
AF: angle-only categorical mean,6,5,93,1.30275,1.1908550000000002,AF
AF: angle-only categorical mean,6,5,95,1.16353,1.1908550000000002,AF
AF: angle-only categorical mean,7,1,4,1.75407,1.9659313636363633,AF
AF: angle-only categorical mean,7,1,5,1.28243,1.4350278571428567,AF
AF: angle-only categorical mean,7,1,8,1.05256,1.1930784615384615,AF
AF: angle-only categorical mean,7,1,9,1.17187,1.1930784615384615,AF
AF: angle-only categorical mean,7,1,11,1.28156,1.1930784615384615,AF
AF: angle-only categorical mean,7,1,17,1.44103,1.4350278571428567,AF
AF: angle-only categorical mean,7,1,24,1.80422,1.9659313636363633,AF
AF: angle-only categorical mean,7,1,33,1.00068,1.1930784615384615,AF
AF: angle-only categorical mean,7,1,43,1.18126,1.1930784615384615,AF
AF: angle-only categorical mean,7,1,55,1.18237,1.1930784615384615,AF
AF: angle-only categorical mean,7,1,57,1.80075,1.9659313636363633,AF
AF: angle-only categorical mean,7,1,62,1.53985,1.4350278571428567,AF
AF: angle-only categorical mean,7,1,67,1.21931,1.1930784615384615,AF
AF: angle-only categorical mean,7,1,72,1.7423,1.9659313636363633,AF
AF: angle-only categorical mean,7,1,75,1.32876,1.4350278571428567,AF
AF: angle-only categorical mean,7,1,78,1.14397,1.1930784615384615,AF
AF: angle-only categorical mean,7,1,82,1.50363,1.9659313636363633,AF
AF: angle-only categorical mean,7,1,84,1.78987,1.9659313636363633,AF
AF: angle-only categorical mean,7,1,92,1.21688,1.1930784615384615,AF
AF: angle-only categorical mean,7,1,93,1.30275,1.1930784615384615,AF
AF: angle-only categorical mean,7,2,1,1.7596,1.933611304347826,AF
AF: angle-only categorical mean,7,2,10,1.17573,1.181553448275862,AF
AF: angle-only categorical mean,7,2,14,1.74885,1.933611304347826,AF
AF: angle-only categorical mean,7,2,19,1.2125,1.181553448275862,AF
AF: angle-only categorical mean,7,2,20,1.19111,1.181553448275862,AF
AF: angle-only categorical mean,7,2,23,1.20579,1.181553448275862,AF
AF: angle-only categorical mean,7,2,32,1.18475,1.181553448275862,AF
AF: angle-only categorical mean,7,2,38,1.94988,1.933611304347826,AF
AF: angle-only categorical mean,7,2,39,1.45212,1.41987,AF
AF: angle-only categorical mean,7,2,41,1.35048,1.41987,AF
AF: angle-only categorical mean,7,2,52,1.42105,1.41987,AF
AF: angle-only categorical mean,7,2,59,2.0106,1.933611304347826,AF
AF: angle-only categorical mean,7,2,65,1.62994,1.41987,AF
AF: angle-only categorical mean,7,2,76,1.46489,1.41987,AF
AF: angle-only categorical mean,7,2,77,1.17845,1.181553448275862,AF
AF: angle-only categorical mean,7,2,85,1.70334,1.933611304347826,AF
AF: angle-only categorical mean,7,2,87,1.4647,1.41987,AF
AF: angle-only categorical mean,7,2,89,1.49292,1.41987,AF
AF: angle-only categorical mean,7,2,94,1.35987,1.181553448275862,AF
AF: angle-only categorical mean,7,3,2,1.80526,1.8910418181818185,AF
AF: angle-only categorical mean,7,3,3,1.29597,1.4350695999999996,AF
AF: angle-only categorical mean,7,3,7,1.38795,1.4350695999999996,AF
AF: angle-only categorical mean,7,3,12,2.04975,1.8910418181818185,AF
AF: angle-only categorical mean,7,3,13,1.87831,1.8910418181818185,AF
AF: angle-only categorical mean,7,3,22,1.16534,1.1893503333333335,AF
AF: angle-only categorical mean,7,3,26,2.14773,1.8910418181818185,AF
AF: angle-only categorical mean,7,3,35,1.18045,1.1893503333333335,AF
AF: angle-only categorical mean,7,3,36,1.97211,1.8910418181818185,AF
AF: angle-only categorical mean,7,3,37,2.18925,1.8910418181818185,AF
AF: angle-only categorical mean,7,3,40,1.42363,1.4350695999999996,AF
AF: angle-only categorical mean,7,3,44,1.20002,1.1893503333333335,AF
AF: angle-only categorical mean,7,3,50,1.36288,1.4350695999999996,AF
AF: angle-only categorical mean,7,3,54,1.18756,1.1893503333333335,AF
AF: angle-only categorical mean,7,3,56,1.19584,1.1893503333333335,AF
AF: angle-only categorical mean,7,3,61,1.5134,1.4350695999999996,AF
AF: angle-only categorical mean,7,3,63,1.49433,1.4350695999999996,AF
AF: angle-only categorical mean,7,3,73,1.41795,1.4350695999999996,AF
AF: angle-only categorical mean,7,3,95,1.16353,1.1893503333333335,AF
AF: angle-only categorical mean,7,4,16,1.39505,1.434177692307692,AF
AF: angle-only categorical mean,7,4,18,1.42223,1.434177692307692,AF
AF: angle-only categorical mean,7,4,21,1.16533,1.187059655172414,AF
AF: angle-only categorical mean,7,4,25,2.44505,1.8923931818181818,AF
AF: angle-only categorical mean,7,4,27,1.55854,1.434177692307692,AF
AF: angle-only categorical mean,7,4,30,1.52016,1.434177692307692,AF
AF: angle-only categorical mean,7,4,42,1.23805,1.187059655172414,AF
AF: angle-only categorical mean,7,4,45,1.15453,1.187059655172414,AF
AF: angle-only categorical mean,7,4,47,1.95358,1.8923931818181818,AF
AF: angle-only categorical mean,7,4,49,1.92546,1.8923931818181818,AF
AF: angle-only categorical mean,7,4,53,1.22687,1.187059655172414,AF
AF: angle-only categorical mean,7,4,60,2.31133,1.8923931818181818,AF
AF: angle-only categorical mean,7,4,66,1.09488,1.187059655172414,AF
AF: angle-only categorical mean,7,4,69,1.27114,1.187059655172414,AF
AF: angle-only categorical mean,7,4,71,1.56292,1.8923931818181818,AF
AF: angle-only categorical mean,7,4,74,1.31523,1.434177692307692,AF
AF: angle-only categorical mean,7,4,79,1.19772,1.187059655172414,AF
AF: angle-only categorical mean,7,4,83,1.81434,1.8923931818181818,AF
AF: angle-only categorical mean,7,4,86,1.27302,1.434177692307692,AF
AF: angle-only categorical mean,7,5,0,2.29017,1.8966173913043478,AF
AF: angle-only categorical mean,7,5,6,1.30412,1.42702125,AF
AF: angle-only categorical mean,7,5,15,1.4926,1.42702125,AF
AF: angle-only categorical mean,7,5,28,1.38725,1.42702125,AF
AF: angle-only categorical mean,7,5,29,1.36564,1.42702125,AF
AF: angle-only categorical mean,7,5,31,1.21458,1.190089,AF
AF: angle-only categorical mean,7,5,34,1.15143,1.190089,AF
AF: angle-only categorical mean,7,5,46,1.60113,1.8966173913043478,AF
AF: angle-only categorical mean,7,5,48,1.82522,1.8966173913043478,AF
AF: angle-only categorical mean,7,5,51,1.34172,1.42702125,AF
AF: angle-only categorical mean,7,5,58,1.93806,1.8966173913043478,AF
AF: angle-only categorical mean,7,5,64,1.4624,1.42702125,AF
AF: angle-only categorical mean,7,5,68,1.22121,1.190089,AF
AF: angle-only categorical mean,7,5,70,2.36855,1.8966173913043478,AF
AF: angle-only categorical mean,7,5,80,1.16671,1.190089,AF
AF: angle-only categorical mean,7,5,81,1.11558,1.190089,AF
AF: angle-only categorical mean,7,5,88,1.62833,1.42702125,AF
AF: angle-only categorical mean,7,5,90,1.54228,1.42702125,AF
AF: angle-only categorical mean,7,5,91,1.20107,1.190089,AF
AF: angle-only categorical mean,8,1,0,2.29017,1.885887391304348,AF
AF: angle-only categorical mean,8,1,1,1.7596,1.885887391304348,AF
AF: angle-only categorical mean,8,1,21,1.16533,1.1919213793103451,AF
AF: angle-only categorical mean,8,1,22,1.16534,1.1919213793103451,AF
AF: angle-only categorical mean,8,1,23,1.20579,1.1919213793103451,AF
AF: angle-only categorical mean,8,1,25,2.44505,1.885887391304348,AF
AF: angle-only categorical mean,8,1,28,1.38725,1.4178245833333332,AF
AF: angle-only categorical mean,8,1,38,1.94988,1.885887391304348,AF
AF: angle-only categorical mean,8,1,44,1.20002,1.1919213793103451,AF
AF: angle-only categorical mean,8,1,48,1.82522,1.885887391304348,AF
AF: angle-only categorical mean,8,1,50,1.36288,1.4178245833333332,AF
AF: angle-only categorical mean,8,1,63,1.49433,1.4178245833333332,AF
AF: angle-only categorical mean,8,1,64,1.4624,1.4178245833333332,AF
AF: angle-only categorical mean,8,1,65,1.62994,1.4178245833333332,AF
AF: angle-only categorical mean,8,1,66,1.09488,1.1919213793103451,AF
AF: angle-only categorical mean,8,1,74,1.31523,1.4178245833333332,AF
AF: angle-only categorical mean,8,1,77,1.17845,1.1919213793103451,AF
AF: angle-only categorical mean,8,1,79,1.19772,1.1919213793103451,AF
AF: angle-only categorical mean,8,1,87,1.4647,1.4178245833333332,AF
AF: angle-only categorical mean,8,1,88,1.62833,1.4178245833333332,AF
AF: angle-only categorical mean,8,2,11,1.28156,1.1830562068965518,AF
AF: angle-only categorical mean,8,2,13,1.87831,1.9496161904761902,AF
AF: angle-only categorical mean,8,2,14,1.74885,1.9496161904761902,AF
AF: angle-only categorical mean,8,2,17,1.44103,1.439918148148148,AF
AF: angle-only categorical mean,8,2,19,1.2125,1.1830562068965518,AF
AF: angle-only categorical mean,8,2,24,1.80422,1.9496161904761902,AF
AF: angle-only categorical mean,8,2,29,1.36564,1.439918148148148,AF
AF: angle-only categorical mean,8,2,41,1.35048,1.439918148148148,AF
AF: angle-only categorical mean,8,2,47,1.95358,1.9496161904761902,AF
AF: angle-only categorical mean,8,2,53,1.22687,1.1830562068965518,AF
AF: angle-only categorical mean,8,2,57,1.80075,1.9496161904761902,AF
AF: angle-only categorical mean,8,2,67,1.21931,1.1830562068965518,AF
AF: angle-only categorical mean,8,2,76,1.46489,1.439918148148148,AF
AF: angle-only categorical mean,8,2,78,1.14397,1.1830562068965518,AF
AF: angle-only categorical mean,8,2,83,1.81434,1.9496161904761902,AF
AF: angle-only categorical mean,8,2,85,1.70334,1.9496161904761902,AF
AF: angle-only categorical mean,8,2,86,1.27302,1.439918148148148,AF
AF: angle-only categorical mean,8,2,92,1.21688,1.1830562068965518,AF
AF: angle-only categorical mean,8,2,95,1.16353,1.1830562068965518,AF
AF: angle-only categorical mean,8,3,2,1.80526,1.9470407999999997,AF
AF: angle-only categorical mean,8,3,3,1.29597,1.4345691666666667,AF
AF: angle-only categorical mean,8,3,7,1.38795,1.4345691666666667,AF
AF: angle-only categorical mean,8,3,8,1.05256,1.1956517857142859,AF
AF: angle-only categorical mean,8,3,9,1.17187,1.1956517857142859,AF
AF: angle-only categorical mean,8,3,10,1.17573,1.1956517857142859,AF
AF: angle-only categorical mean,8,3,16,1.39505,1.4345691666666667,AF
AF: angle-only categorical mean,8,3,27,1.55854,1.4345691666666667,AF
AF: angle-only categorical mean,8,3,32,1.18475,1.1956517857142859,AF
AF: angle-only categorical mean,8,3,34,1.15143,1.1956517857142859,AF
AF: angle-only categorical mean,8,3,35,1.18045,1.1956517857142859,AF
AF: angle-only categorical mean,8,3,46,1.60113,1.9470407999999997,AF
AF: angle-only categorical mean,8,3,51,1.34172,1.4345691666666667,AF
AF: angle-only categorical mean,8,3,55,1.18237,1.1956517857142859,AF
AF: angle-only categorical mean,8,3,56,1.19584,1.1956517857142859,AF
AF: angle-only categorical mean,8,3,71,1.56292,1.9470407999999997,AF
AF: angle-only categorical mean,8,3,75,1.32876,1.4345691666666667,AF
AF: angle-only categorical mean,8,3,89,1.49292,1.4345691666666667,AF
AF: angle-only categorical mean,8,3,90,1.54228,1.4345691666666667,AF
AF: angle-only categorical mean,8,4,4,1.75407,1.8983804347826085,AF
AF: angle-only categorical mean,8,4,20,1.19111,1.179292142857143,AF
AF: angle-only categorical mean,8,4,30,1.52016,1.4195507692307692,AF
AF: angle-only categorical mean,8,4,31,1.21458,1.179292142857143,AF
AF: angle-only categorical mean,8,4,37,2.18925,1.8983804347826085,AF
AF: angle-only categorical mean,8,4,39,1.45212,1.4195507692307692,AF
AF: angle-only categorical mean,8,4,43,1.18126,1.179292142857143,AF
AF: angle-only categorical mean,8,4,52,1.42105,1.4195507692307692,AF
AF: angle-only categorical mean,8,4,58,1.93806,1.8983804347826085,AF
AF: angle-only categorical mean,8,4,60,2.31133,1.8983804347826085,AF
AF: angle-only categorical mean,8,4,61,1.5134,1.4195507692307692,AF
AF: angle-only categorical mean,8,4,62,1.53985,1.4195507692307692,AF
AF: angle-only categorical mean,8,4,68,1.22121,1.179292142857143,AF
AF: angle-only categorical mean,8,4,73,1.41795,1.4195507692307692,AF
AF: angle-only categorical mean,8,4,80,1.16671,1.179292142857143,AF
AF: angle-only categorical mean,8,4,81,1.11558,1.179292142857143,AF
AF: angle-only categorical mean,8,4,84,1.78987,1.8983804347826085,AF
AF: angle-only categorical mean,8,4,93,1.30275,1.179292142857143,AF
AF: angle-only categorical mean,8,4,94,1.35987,1.179292142857143,AF
AF: angle-only categorical mean,8,5,5,1.28243,1.4388088888888886,AF
AF: angle-only categorical mean,8,5,6,1.30412,1.4388088888888886,AF
AF: angle-only categorical mean,8,5,12,2.04975,1.8962599999999998,AF
AF: angle-only categorical mean,8,5,15,1.4926,1.4388088888888886,AF
AF: angle-only categorical mean,8,5,18,1.42223,1.4388088888888886,AF
AF: angle-only categorical mean,8,5,26,2.14773,1.8962599999999998,AF
AF: angle-only categorical mean,8,5,33,1.00068,1.1906740000000002,AF
AF: angle-only categorical mean,8,5,36,1.97211,1.8962599999999998,AF
AF: angle-only categorical mean,8,5,40,1.42363,1.4388088888888886,AF
AF: angle-only categorical mean,8,5,42,1.23805,1.1906740000000002,AF
AF: angle-only categorical mean,8,5,45,1.15453,1.1906740000000002,AF
AF: angle-only categorical mean,8,5,49,1.92546,1.8962599999999998,AF
AF: angle-only categorical mean,8,5,54,1.18756,1.1906740000000002,AF
AF: angle-only categorical mean,8,5,59,2.0106,1.8962599999999998,AF
AF: angle-only categorical mean,8,5,69,1.27114,1.1906740000000002,AF
AF: angle-only categorical mean,8,5,70,2.36855,1.8962599999999998,AF
AF: angle-only categorical mean,8,5,72,1.7423,1.8962599999999998,AF
AF: angle-only categorical mean,8,5,82,1.50363,1.8962599999999998,AF
AF: angle-only categorical mean,8,5,91,1.20107,1.1906740000000002,AF
AF: angle-only categorical mean,9,1,3,1.29597,1.4235318181818182,AF
AF: angle-only categorical mean,9,1,8,1.05256,1.188303103448276,AF
AF: angle-only categorical mean,9,1,15,1.4926,1.4235318181818182,AF
AF: angle-only categorical mean,9,1,16,1.39505,1.4235318181818182,AF
AF: angle-only categorical mean,9,1,17,1.44103,1.4235318181818182,AF
AF: angle-only categorical mean,9,1,18,1.42223,1.4235318181818182,AF
AF: angle-only categorical mean,9,1,25,2.44505,1.9043863999999997,AF
AF: angle-only categorical mean,9,1,39,1.45212,1.4235318181818182,AF
AF: angle-only categorical mean,9,1,44,1.20002,1.188303103448276,AF
AF: angle-only categorical mean,9,1,50,1.36288,1.4235318181818182,AF
AF: angle-only categorical mean,9,1,52,1.42105,1.4235318181818182,AF
AF: angle-only categorical mean,9,1,56,1.19584,1.188303103448276,AF
AF: angle-only categorical mean,9,1,57,1.80075,1.9043863999999997,AF
AF: angle-only categorical mean,9,1,65,1.62994,1.4235318181818182,AF
AF: angle-only categorical mean,9,1,67,1.21931,1.188303103448276,AF
AF: angle-only categorical mean,9,1,77,1.17845,1.188303103448276,AF
AF: angle-only categorical mean,9,1,84,1.78987,1.9043863999999997,AF
AF: angle-only categorical mean,9,1,90,1.54228,1.4235318181818182,AF
AF: angle-only categorical mean,9,1,93,1.30275,1.188303103448276,AF
AF: angle-only categorical mean,9,1,95,1.16353,1.188303103448276,AF
AF: angle-only categorical mean,9,2,12,2.04975,1.9030234782608695,AF
AF: angle-only categorical mean,9,2,14,1.74885,1.9030234782608695,AF
AF: angle-only categorical mean,9,2,21,1.16533,1.188140357142857,AF
AF: angle-only categorical mean,9,2,23,1.20579,1.188140357142857,AF
AF: angle-only categorical mean,9,2,32,1.18475,1.188140357142857,AF
AF: angle-only categorical mean,9,2,34,1.15143,1.188140357142857,AF
AF: angle-only categorical mean,9,2,37,2.18925,1.9030234782608695,AF
AF: angle-only categorical mean,9,2,38,1.94988,1.9030234782608695,AF
AF: angle-only categorical mean,9,2,40,1.42363,1.420555769230769,AF
AF: angle-only categorical mean,9,2,53,1.22687,1.188140357142857,AF
AF: angle-only categorical mean,9,2,54,1.18756,1.188140357142857,AF
AF: angle-only categorical mean,9,2,58,1.93806,1.9030234782608695,AF
AF: angle-only categorical mean,9,2,61,1.5134,1.420555769230769,AF
AF: angle-only categorical mean,9,2,74,1.31523,1.420555769230769,AF
AF: angle-only categorical mean,9,2,76,1.46489,1.420555769230769,AF
AF: angle-only categorical mean,9,2,80,1.16671,1.188140357142857,AF
AF: angle-only categorical mean,9,2,88,1.62833,1.420555769230769,AF
AF: angle-only categorical mean,9,2,89,1.49292,1.420555769230769,AF
AF: angle-only categorical mean,9,2,92,1.21688,1.188140357142857,AF
AF: angle-only categorical mean,9,3,1,1.7596,1.9481220000000001,AF
AF: angle-only categorical mean,9,3,7,1.38795,1.4330518518518516,AF
AF: angle-only categorical mean,9,3,9,1.17187,1.1852523333333336,AF
AF: angle-only categorical mean,9,3,13,1.87831,1.9481220000000001,AF
AF: angle-only categorical mean,9,3,24,1.80422,1.9481220000000001,AF
AF: angle-only categorical mean,9,3,27,1.55854,1.4330518518518516,AF
AF: angle-only categorical mean,9,3,28,1.38725,1.4330518518518516,AF
AF: angle-only categorical mean,9,3,36,1.97211,1.9481220000000001,AF
AF: angle-only categorical mean,9,3,42,1.23805,1.1852523333333336,AF
AF: angle-only categorical mean,9,3,45,1.15453,1.1852523333333336,AF
AF: angle-only categorical mean,9,3,46,1.60113,1.9481220000000001,AF
AF: angle-only categorical mean,9,3,47,1.95358,1.9481220000000001,AF
AF: angle-only categorical mean,9,3,55,1.18237,1.1852523333333336,AF
AF: angle-only categorical mean,9,3,59,2.0106,1.9481220000000001,AF
AF: angle-only categorical mean,9,3,69,1.27114,1.1852523333333336,AF
AF: angle-only categorical mean,9,3,73,1.41795,1.4330518518518516,AF
AF: angle-only categorical mean,9,3,75,1.32876,1.4330518518518516,AF
AF: angle-only categorical mean,9,3,79,1.19772,1.1852523333333336,AF
AF: angle-only categorical mean,9,3,85,1.70334,1.9481220000000001,AF
AF: angle-only categorical mean,9,4,0,2.29017,1.912328695652174,AF
AF: angle-only categorical mean,9,4,10,1.17573,1.1875706451612904,AF
AF: angle-only categorical mean,9,4,19,1.2125,1.1875706451612904,AF
AF: angle-only categorical mean,9,4,29,1.36564,1.4330673913043481,AF
AF: angle-only categorical mean,9,4,30,1.52016,1.4330673913043481,AF
AF: angle-only categorical mean,9,4,41,1.35048,1.4330673913043481,AF
AF: angle-only categorical mean,9,4,51,1.34172,1.4330673913043481,AF
AF: angle-only categorical mean,9,4,60,2.31133,1.912328695652174,AF
AF: angle-only categorical mean,9,4,62,1.53985,1.4330673913043481,AF
AF: angle-only categorical mean,9,4,63,1.49433,1.4330673913043481,AF
AF: angle-only categorical mean,9,4,64,1.4624,1.4330673913043481,AF
AF: angle-only categorical mean,9,4,66,1.09488,1.1875706451612904,AF
AF: angle-only categorical mean,9,4,72,1.7423,1.912328695652174,AF
AF: angle-only categorical mean,9,4,81,1.11558,1.1875706451612904,AF
AF: angle-only categorical mean,9,4,82,1.50363,1.912328695652174,AF
AF: angle-only categorical mean,9,4,83,1.81434,1.912328695652174,AF
AF: angle-only categorical mean,9,4,86,1.27302,1.4330673913043481,AF
AF: angle-only categorical mean,9,4,87,1.4647,1.4330673913043481,AF
AF: angle-only categorical mean,9,4,94,1.35987,1.1875706451612904,AF
AF: angle-only categorical mean,9,5,2,1.80526,1.9169580952380953,AF
AF: angle-only categorical mean,9,5,4,1.75407,1.9169580952380953,AF
AF: angle-only categorical mean,9,5,5,1.28243,1.4395433333333332,AF
AF: angle-only categorical mean,9,5,6,1.30412,1.4395433333333332,AF
AF: angle-only categorical mean,9,5,11,1.28156,1.1920007692307695,AF
AF: angle-only categorical mean,9,5,20,1.19111,1.1920007692307695,AF
AF: angle-only categorical mean,9,5,22,1.16534,1.1920007692307695,AF
AF: angle-only categorical mean,9,5,26,2.14773,1.9169580952380953,AF
AF: angle-only categorical mean,9,5,31,1.21458,1.1920007692307695,AF
AF: angle-only categorical mean,9,5,33,1.00068,1.1920007692307695,AF
AF: angle-only categorical mean,9,5,35,1.18045,1.1920007692307695,AF
AF: angle-only categorical mean,9,5,43,1.18126,1.1920007692307695,AF
AF: angle-only categorical mean,9,5,48,1.82522,1.9169580952380953,AF
AF: angle-only categorical mean,9,5,49,1.92546,1.9169580952380953,AF
AF: angle-only categorical mean,9,5,68,1.22121,1.1920007692307695,AF
AF: angle-only categorical mean,9,5,70,2.36855,1.9169580952380953,AF
AF: angle-only categorical mean,9,5,71,1.56292,1.9169580952380953,AF
AF: angle-only categorical mean,9,5,78,1.14397,1.1920007692307695,AF
AF: angle-only categorical mean,9,5,91,1.20107,1.1920007692307695,AF
AF: angle-only categorical mean,10,1,0,2.29017,1.9308575000000001,AF
AF: angle-only categorical mean,10,1,2,1.80526,1.9308575000000001,AF
AF: angle-only categorical mean,10,1,4,1.75407,1.9308575000000001,AF
AF: angle-only categorical mean,10,1,11,1.28156,1.1774932258064517,AF
AF: angle-only categorical mean,10,1,12,2.04975,1.9308575000000001,AF
AF: angle-only categorical mean,10,1,19,1.2125,1.1774932258064517,AF
AF: angle-only categorical mean,10,1,46,1.60113,1.9308575000000001,AF
AF: angle-only categorical mean,10,1,49,1.92546,1.9308575000000001,AF
AF: angle-only categorical mean,10,1,58,1.93806,1.9308575000000001,AF
AF: angle-only categorical mean,10,1,59,2.0106,1.9308575000000001,AF
AF: angle-only categorical mean,10,1,67,1.21931,1.1774932258064517,AF
AF: angle-only categorical mean,10,1,70,2.36855,1.9308575000000001,AF
AF: angle-only categorical mean,10,1,71,1.56292,1.9308575000000001,AF
AF: angle-only categorical mean,10,1,72,1.7423,1.9308575000000001,AF
AF: angle-only categorical mean,10,1,76,1.46489,1.424171724137931,AF
AF: angle-only categorical mean,10,1,79,1.19772,1.1774932258064517,AF
AF: angle-only categorical mean,10,1,85,1.70334,1.9308575000000001,AF
AF: angle-only categorical mean,10,1,87,1.4647,1.424171724137931,AF
AF: angle-only categorical mean,10,1,90,1.54228,1.424171724137931,AF
AF: angle-only categorical mean,10,1,94,1.35987,1.1774932258064517,AF
AF: angle-only categorical mean,10,2,9,1.17187,1.1928208333333332,AF
AF: angle-only categorical mean,10,2,14,1.74885,1.9134134615384613,AF
AF: angle-only categorical mean,10,2,15,1.4926,1.4195399999999996,AF
AF: angle-only categorical mean,10,2,20,1.19111,1.1928208333333332,AF
AF: angle-only categorical mean,10,2,26,2.14773,1.9134134615384613,AF
AF: angle-only categorical mean,10,2,29,1.36564,1.4195399999999996,AF
AF: angle-only categorical mean,10,2,31,1.21458,1.1928208333333332,AF
AF: angle-only categorical mean,10,2,32,1.18475,1.1928208333333332,AF
AF: angle-only categorical mean,10,2,43,1.18126,1.1928208333333332,AF
AF: angle-only categorical mean,10,2,44,1.20002,1.1928208333333332,AF
AF: angle-only categorical mean,10,2,65,1.62994,1.4195399999999996,AF
AF: angle-only categorical mean,10,2,66,1.09488,1.1928208333333332,AF
AF: angle-only categorical mean,10,2,75,1.32876,1.4195399999999996,AF
AF: angle-only categorical mean,10,2,77,1.17845,1.1928208333333332,AF
AF: angle-only categorical mean,10,2,78,1.14397,1.1928208333333332,AF
AF: angle-only categorical mean,10,2,80,1.16671,1.1928208333333332,AF
AF: angle-only categorical mean,10,2,88,1.62833,1.4195399999999996,AF
AF: angle-only categorical mean,10,2,91,1.20107,1.1928208333333332,AF
AF: angle-only categorical mean,10,2,92,1.21688,1.1928208333333332,AF
AF: angle-only categorical mean,10,3,1,1.7596,1.9448177272727272,AF
AF: angle-only categorical mean,10,3,3,1.29597,1.4509120833333335,AF
AF: angle-only categorical mean,10,3,5,1.28243,1.4509120833333335,AF
AF: angle-only categorical mean,10,3,8,1.05256,1.192703870967742,AF
AF: angle-only categorical mean,10,3,13,1.87831,1.9448177272727272,AF
AF: angle-only categorical mean,10,3,22,1.16534,1.192703870967742,AF
AF: angle-only categorical mean,10,3,23,1.20579,1.192703870967742,AF
AF: angle-only categorical mean,10,3,38,1.94988,1.9448177272727272,AF
AF: angle-only categorical mean,10,3,41,1.35048,1.4509120833333335,AF
AF: angle-only categorical mean,10,3,45,1.15453,1.192703870967742,AF
AF: angle-only categorical mean,10,3,47,1.95358,1.9448177272727272,AF
AF: angle-only categorical mean,10,3,50,1.36288,1.4509120833333335,AF
AF: angle-only categorical mean,10,3,51,1.34172,1.4509120833333335,AF
AF: angle-only categorical mean,10,3,62,1.53985,1.4509120833333335,AF
AF: angle-only categorical mean,10,3,64,1.4624,1.4509120833333335,AF
AF: angle-only categorical mean,10,3,68,1.22121,1.192703870967742,AF
AF: angle-only categorical mean,10,3,74,1.31523,1.4509120833333335,AF
AF: angle-only categorical mean,10,3,82,1.50363,1.9448177272727272,AF
AF: angle-only categorical mean,10,3,83,1.81434,1.9448177272727272,AF
AF: angle-only categorical mean,10,4,7,1.38795,1.4215833333333332,AF
AF: angle-only categorical mean,10,4,17,1.44103,1.4215833333333332,AF
AF: angle-only categorical mean,10,4,18,1.42223,1.4215833333333332,AF
AF: angle-only categorical mean,10,4,24,1.80422,1.9236880769230766,AF
AF: angle-only categorical mean,10,4,30,1.52016,1.4215833333333332,AF
AF: angle-only categorical mean,10,4,33,1.00068,1.19432,AF
AF: angle-only categorical mean,10,4,34,1.15143,1.19432,AF
AF: angle-only categorical mean,10,4,39,1.45212,1.4215833333333332,AF
AF: angle-only categorical mean,10,4,40,1.42363,1.4215833333333332,AF
AF: angle-only categorical mean,10,4,48,1.82522,1.9236880769230766,AF
AF: angle-only categorical mean,10,4,53,1.22687,1.19432,AF
AF: angle-only categorical mean,10,4,54,1.18756,1.19432,AF
AF: angle-only categorical mean,10,4,55,1.18237,1.19432,AF
AF: angle-only categorical mean,10,4,56,1.19584,1.19432,AF
AF: angle-only categorical mean,10,4,61,1.5134,1.4215833333333332,AF
AF: angle-only categorical mean,10,4,63,1.49433,1.4215833333333332,AF
AF: angle-only categorical mean,10,4,81,1.11558,1.19432,AF
AF: angle-only categorical mean,10,4,93,1.30275,1.19432,AF
AF: angle-only categorical mean,10,4,95,1.16353,1.19432,AF
AF: angle-only categorical mean,10,5,6,1.30412,1.43845625,AF
AF: angle-only categorical mean,10,5,10,1.17573,1.185243548387097,AF
AF: angle-only categorical mean,10,5,16,1.39505,1.43845625,AF
AF: angle-only categorical mean,10,5,21,1.16533,1.185243548387097,AF
AF: angle-only categorical mean,10,5,25,2.44505,1.8698622727272727,AF
AF: angle-only categorical mean,10,5,27,1.55854,1.43845625,AF
AF: angle-only categorical mean,10,5,28,1.38725,1.43845625,AF
AF: angle-only categorical mean,10,5,35,1.18045,1.185243548387097,AF
AF: angle-only categorical mean,10,5,36,1.97211,1.8698622727272727,AF
AF: angle-only categorical mean,10,5,37,2.18925,1.8698622727272727,AF
AF: angle-only categorical mean,10,5,42,1.23805,1.185243548387097,AF
AF: angle-only categorical mean,10,5,52,1.42105,1.43845625,AF
AF: angle-only categorical mean,10,5,57,1.80075,1.8698622727272727,AF
AF: angle-only categorical mean,10,5,60,2.31133,1.8698622727272727,AF
AF: angle-only categorical mean,10,5,69,1.27114,1.185243548387097,AF
AF: angle-only categorical mean,10,5,73,1.41795,1.43845625,AF
AF: angle-only categorical mean,10,5,84,1.78987,1.8698622727272727,AF
AF: angle-only categorical mean,10,5,86,1.27302,1.43845625,AF
AF: angle-only categorical mean,10,5,89,1.49292,1.43845625,AF
AF: angle-only categorical mean,11,1,2,1.80526,1.9086344999999998,AF
AF: angle-only categorical mean,11,1,4,1.75407,1.9086344999999998,AF
AF: angle-only categorical mean,11,1,8,1.05256,1.1919799999999998,AF
AF: angle-only categorical mean,11,1,14,1.74885,1.9086344999999998,AF
AF: angle-only categorical mean,11,1,19,1.2125,1.1919799999999998,AF
AF: angle-only categorical mean,11,1,24,1.80422,1.9086344999999998,AF
AF: angle-only categorical mean,11,1,27,1.55854,1.421253571428571,AF
AF: angle-only categorical mean,11,1,29,1.36564,1.421253571428571,AF
AF: angle-only categorical mean,11,1,40,1.42363,1.421253571428571,AF
AF: angle-only categorical mean,11,1,44,1.20002,1.1919799999999998,AF
AF: angle-only categorical mean,11,1,53,1.22687,1.1919799999999998,AF
AF: angle-only categorical mean,11,1,55,1.18237,1.1919799999999998,AF
AF: angle-only categorical mean,11,1,58,1.93806,1.9086344999999998,AF
AF: angle-only categorical mean,11,1,60,2.31133,1.9086344999999998,AF
AF: angle-only categorical mean,11,1,65,1.62994,1.421253571428571,AF
AF: angle-only categorical mean,11,1,70,2.36855,1.9086344999999998,AF
AF: angle-only categorical mean,11,1,72,1.7423,1.9086344999999998,AF
AF: angle-only categorical mean,11,1,77,1.17845,1.1919799999999998,AF
AF: angle-only categorical mean,11,1,78,1.14397,1.1919799999999998,AF
AF: angle-only categorical mean,11,1,91,1.20107,1.1919799999999998,AF
AF: angle-only categorical mean,11,2,3,1.29597,1.4281522222222223,AF
AF: angle-only categorical mean,11,2,12,2.04975,1.9530542105263158,AF
AF: angle-only categorical mean,11,2,36,1.97211,1.9530542105263158,AF
AF: angle-only categorical mean,11,2,47,1.95358,1.9530542105263158,AF
AF: angle-only categorical mean,11,2,48,1.82522,1.9530542105263158,AF
AF: angle-only categorical mean,11,2,49,1.92546,1.9530542105263158,AF
AF: angle-only categorical mean,11,2,51,1.34172,1.4281522222222223,AF
AF: angle-only categorical mean,11,2,56,1.19584,1.1828203225806453,AF
AF: angle-only categorical mean,11,2,62,1.53985,1.4281522222222223,AF
AF: angle-only categorical mean,11,2,67,1.21931,1.1828203225806453,AF
AF: angle-only categorical mean,11,2,68,1.22121,1.1828203225806453,AF
AF: angle-only categorical mean,11,2,80,1.16671,1.1828203225806453,AF
AF: angle-only categorical mean,11,2,82,1.50363,1.9530542105263158,AF
AF: angle-only categorical mean,11,2,83,1.81434,1.9530542105263158,AF
AF: angle-only categorical mean,11,2,84,1.78987,1.9530542105263158,AF
AF: angle-only categorical mean,11,2,85,1.70334,1.9530542105263158,AF
AF: angle-only categorical mean,11,2,89,1.49292,1.4281522222222223,AF
AF: angle-only categorical mean,11,2,90,1.54228,1.4281522222222223,AF
AF: angle-only categorical mean,11,2,93,1.30275,1.1828203225806453,AF
AF: angle-only categorical mean,11,3,0,2.29017,1.8700760869565216,AF
AF: angle-only categorical mean,11,3,9,1.17187,1.1909055172413796,AF
AF: angle-only categorical mean,11,3,10,1.17573,1.1909055172413796,AF
AF: angle-only categorical mean,11,3,15,1.4926,1.4265876,AF
AF: angle-only categorical mean,11,3,17,1.44103,1.4265876,AF
AF: angle-only categorical mean,11,3,21,1.16533,1.1909055172413796,AF
AF: angle-only categorical mean,11,3,25,2.44505,1.8700760869565216,AF
AF: angle-only categorical mean,11,3,26,2.14773,1.8700760869565216,AF
AF: angle-only categorical mean,11,3,30,1.52016,1.4265876,AF
AF: angle-only categorical mean,11,3,31,1.21458,1.1909055172413796,AF
AF: angle-only categorical mean,11,3,38,1.94988,1.8700760869565216,AF
AF: angle-only categorical mean,11,3,41,1.35048,1.4265876,AF
AF: angle-only categorical mean,11,3,52,1.42105,1.4265876,AF
AF: angle-only categorical mean,11,3,57,1.80075,1.8700760869565216,AF
AF: angle-only categorical mean,11,3,66,1.09488,1.1909055172413796,AF
AF: angle-only categorical mean,11,3,73,1.41795,1.4265876,AF
AF: angle-only categorical mean,11,3,76,1.46489,1.4265876,AF
AF: angle-only categorical mean,11,3,79,1.19772,1.1909055172413796,AF
AF: angle-only categorical mean,11,3,92,1.21688,1.1909055172413796,AF
AF: angle-only categorical mean,11,4,1,1.7596,1.9217899999999999,AF
AF: angle-only categorical mean,11,4,6,1.30412,1.4370227272727274,AF
AF: angle-only categorical mean,11,4,7,1.38795,1.4370227272727274,AF
AF: angle-only categorical mean,11,4,18,1.42223,1.4370227272727274,AF
AF: angle-only categorical mean,11,4,20,1.19111,1.1925332258064518,AF
AF: angle-only categorical mean,11,4,22,1.16534,1.1925332258064518,AF
AF: angle-only categorical mean,11,4,34,1.15143,1.1925332258064518,AF
AF: angle-only categorical mean,11,4,37,2.18925,1.9217899999999999,AF
AF: angle-only categorical mean,11,4,39,1.45212,1.4370227272727274,AF
AF: angle-only categorical mean,11,4,43,1.18126,1.1925332258064518,AF
AF: angle-only categorical mean,11,4,50,1.36288,1.4370227272727274,AF
AF: angle-only categorical mean,11,4,59,2.0106,1.9217899999999999,AF
AF: angle-only categorical mean,11,4,63,1.49433,1.4370227272727274,AF
AF: angle-only categorical mean,11,4,64,1.4624,1.4370227272727274,AF
AF: angle-only categorical mean,11,4,71,1.56292,1.9217899999999999,AF
AF: angle-only categorical mean,11,4,74,1.31523,1.4370227272727274,AF
AF: angle-only categorical mean,11,4,75,1.32876,1.4370227272727274,AF
AF: angle-only categorical mean,11,4,81,1.11558,1.1925332258064518,AF
AF: angle-only categorical mean,11,4,88,1.62833,1.4370227272727274,AF
AF: angle-only categorical mean,11,5,5,1.28243,1.4406538461538463,AF
AF: angle-only categorical mean,11,5,11,1.28156,1.1818136,AF
AF: angle-only categorical mean,11,5,13,1.87831,1.9294573076923076,AF
AF: angle-only categorical mean,11,5,16,1.39505,1.4406538461538463,AF
AF: angle-only categorical mean,11,5,23,1.20579,1.1818136,AF
AF: angle-only categorical mean,11,5,28,1.38725,1.4406538461538463,AF
AF: angle-only categorical mean,11,5,32,1.18475,1.1818136,AF
AF: angle-only categorical mean,11,5,33,1.00068,1.1818136,AF
AF: angle-only categorical mean,11,5,35,1.18045,1.1818136,AF
AF: angle-only categorical mean,11,5,42,1.23805,1.1818136,AF
AF: angle-only categorical mean,11,5,45,1.15453,1.1818136,AF
AF: angle-only categorical mean,11,5,46,1.60113,1.9294573076923076,AF
AF: angle-only categorical mean,11,5,54,1.18756,1.1818136,AF
AF: angle-only categorical mean,11,5,61,1.5134,1.4406538461538463,AF
AF: angle-only categorical mean,11,5,69,1.27114,1.1818136,AF
AF: angle-only categorical mean,11,5,86,1.27302,1.4406538461538463,AF
AF: angle-only categorical mean,11,5,87,1.4647,1.4406538461538463,AF
AF: angle-only categorical mean,11,5,94,1.35987,1.1818136,AF
AF: angle-only categorical mean,11,5,95,1.16353,1.1818136,AF
AF: angle-only categorical mean,12,1,0,2.29017,1.9027484,AF
AF: angle-only categorical mean,12,1,3,1.29597,1.4303954166666666,AF
AF: angle-only categorical mean,12,1,5,1.28243,1.4303954166666666,AF
AF: angle-only categorical mean,12,1,10,1.17573,1.1873014814814813,AF
AF: angle-only categorical mean,12,1,19,1.2125,1.1873014814814813,AF
AF: angle-only categorical mean,12,1,28,1.38725,1.4303954166666666,AF
AF: angle-only categorical mean,12,1,32,1.18475,1.1873014814814813,AF
AF: angle-only categorical mean,12,1,34,1.15143,1.1873014814814813,AF
AF: angle-only categorical mean,12,1,36,1.97211,1.9027484,AF
AF: angle-only categorical mean,12,1,39,1.45212,1.4303954166666666,AF
AF: angle-only categorical mean,12,1,50,1.36288,1.4303954166666666,AF
AF: angle-only categorical mean,12,1,53,1.22687,1.1873014814814813,AF
AF: angle-only categorical mean,12,1,55,1.18237,1.1873014814814813,AF
AF: angle-only categorical mean,12,1,62,1.53985,1.4303954166666666,AF
AF: angle-only categorical mean,12,1,65,1.62994,1.4303954166666666,AF
AF: angle-only categorical mean,12,1,68,1.22121,1.1873014814814813,AF
AF: angle-only categorical mean,12,1,79,1.19772,1.1873014814814813,AF
AF: angle-only categorical mean,12,1,83,1.81434,1.9027484,AF
AF: angle-only categorical mean,12,1,89,1.49292,1.4303954166666666,AF
AF: angle-only categorical mean,12,1,95,1.16353,1.1873014814814813,AF
AF: angle-only categorical mean,12,2,4,1.75407,1.9313022727272726,AF
AF: angle-only categorical mean,12,2,7,1.38795,1.4323708000000002,AF
AF: angle-only categorical mean,12,2,15,1.4926,1.4323708000000002,AF
AF: angle-only categorical mean,12,2,17,1.44103,1.4323708000000002,AF
AF: angle-only categorical mean,12,2,20,1.19111,1.1872153333333335,AF
AF: angle-only categorical mean,12,2,21,1.16533,1.1872153333333335,AF
AF: angle-only categorical mean,12,2,24,1.80422,1.9313022727272726,AF
AF: angle-only categorical mean,12,2,30,1.52016,1.4323708000000002,AF
AF: angle-only categorical mean,12,2,42,1.23805,1.1872153333333335,AF
AF: angle-only categorical mean,12,2,49,1.92546,1.9313022727272726,AF
AF: angle-only categorical mean,12,2,51,1.34172,1.4323708000000002,AF
AF: angle-only categorical mean,12,2,57,1.80075,1.9313022727272726,AF
AF: angle-only categorical mean,12,2,70,2.36855,1.9313022727272726,AF
AF: angle-only categorical mean,12,2,74,1.31523,1.4323708000000002,AF
AF: angle-only categorical mean,12,2,76,1.46489,1.4323708000000002,AF
AF: angle-only categorical mean,12,2,78,1.14397,1.1872153333333335,AF
AF: angle-only categorical mean,12,2,81,1.11558,1.1872153333333335,AF
AF: angle-only categorical mean,12,2,82,1.50363,1.9313022727272726,AF
AF: angle-only categorical mean,12,2,93,1.30275,1.1872153333333335,AF
AF: angle-only categorical mean,12,3,1,1.7596,1.9720113636363634,AF
AF: angle-only categorical mean,12,3,2,1.80526,1.9720113636363634,AF
AF: angle-only categorical mean,12,3,8,1.05256,1.1944781481481481,AF
AF: angle-only categorical mean,12,3,23,1.20579,1.1944781481481481,AF
AF: angle-only categorical mean,12,3,31,1.21458,1.1944781481481481,AF
AF: angle-only categorical mean,12,3,33,1.00068,1.1944781481481481,AF
AF: angle-only categorical mean,12,3,40,1.42363,1.4327996428571428,AF
AF: angle-only categorical mean,12,3,41,1.35048,1.4327996428571428,AF
AF: angle-only categorical mean,12,3,43,1.18126,1.1944781481481481,AF
AF: angle-only categorical mean,12,3,46,1.60113,1.9720113636363634,AF
AF: angle-only categorical mean,12,3,56,1.19584,1.1944781481481481,AF
AF: angle-only categorical mean,12,3,64,1.4624,1.4327996428571428,AF
AF: angle-only categorical mean,12,3,66,1.09488,1.1944781481481481,AF
AF: angle-only categorical mean,12,3,71,1.56292,1.9720113636363634,AF
AF: angle-only categorical mean,12,3,72,1.7423,1.9720113636363634,AF
AF: angle-only categorical mean,12,3,73,1.41795,1.4327996428571428,AF
AF: angle-only categorical mean,12,3,84,1.78987,1.9720113636363634,AF
AF: angle-only categorical mean,12,3,92,1.21688,1.1944781481481481,AF
AF: angle-only categorical mean,12,3,94,1.35987,1.1944781481481481,AF
AF: angle-only categorical mean,12,4,6,1.30412,1.4384196296296294,AF
AF: angle-only categorical mean,12,4,11,1.28156,1.1851442857142855,AF
AF: angle-only categorical mean,12,4,13,1.87831,1.8906786363636363,AF
AF: angle-only categorical mean,12,4,14,1.74885,1.8906786363636363,AF
AF: angle-only categorical mean,12,4,16,1.39505,1.4384196296296294,AF
AF: angle-only categorical mean,12,4,26,2.14773,1.8906786363636363,AF
AF: angle-only categorical mean,12,4,44,1.20002,1.1851442857142855,AF
AF: angle-only categorical mean,12,4,45,1.15453,1.1851442857142855,AF
AF: angle-only categorical mean,12,4,47,1.95358,1.8906786363636363,AF
AF: angle-only categorical mean,12,4,52,1.42105,1.4384196296296294,AF
AF: angle-only categorical mean,12,4,54,1.18756,1.1851442857142855,AF
AF: angle-only categorical mean,12,4,59,2.0106,1.8906786363636363,AF
AF: angle-only categorical mean,12,4,60,2.31133,1.8906786363636363,AF
AF: angle-only categorical mean,12,4,67,1.21931,1.1851442857142855,AF
AF: angle-only categorical mean,12,4,77,1.17845,1.1851442857142855,AF
AF: angle-only categorical mean,12,4,80,1.16671,1.1851442857142855,AF
AF: angle-only categorical mean,12,4,86,1.27302,1.4384196296296294,AF
AF: angle-only categorical mean,12,4,90,1.54228,1.4384196296296294,AF
AF: angle-only categorical mean,12,4,91,1.20107,1.1851442857142855,AF
AF: angle-only categorical mean,12,5,9,1.17187,1.1870140624999999,AF
AF: angle-only categorical mean,12,5,12,2.04975,1.8830847619047621,AF
AF: angle-only categorical mean,12,5,18,1.42223,1.4165383333333332,AF
AF: angle-only categorical mean,12,5,22,1.16534,1.1870140624999999,AF
AF: angle-only categorical mean,12,5,25,2.44505,1.8830847619047621,AF
AF: angle-only categorical mean,12,5,27,1.55854,1.4165383333333332,AF
AF: angle-only categorical mean,12,5,29,1.36564,1.4165383333333332,AF
AF: angle-only categorical mean,12,5,35,1.18045,1.1870140624999999,AF
AF: angle-only categorical mean,12,5,37,2.18925,1.8830847619047621,AF
AF: angle-only categorical mean,12,5,38,1.94988,1.8830847619047621,AF
AF: angle-only categorical mean,12,5,48,1.82522,1.8830847619047621,AF
AF: angle-only categorical mean,12,5,58,1.93806,1.8830847619047621,AF
AF: angle-only categorical mean,12,5,61,1.5134,1.4165383333333332,AF
AF: angle-only categorical mean,12,5,63,1.49433,1.4165383333333332,AF
AF: angle-only categorical mean,12,5,69,1.27114,1.1870140624999999,AF
AF: angle-only categorical mean,12,5,75,1.32876,1.4165383333333332,AF
AF: angle-only categorical mean,12,5,85,1.70334,1.8830847619047621,AF
AF: angle-only categorical mean,12,5,87,1.4647,1.4165383333333332,AF
AF: angle-only categorical mean,12,5,88,1.62833,1.4165383333333332,AF
AF: angle-only categorical mean,13,1,0,2.29017,1.905725238095238,AF
AF: angle-only categorical mean,13,1,10,1.17573,1.1948327586206897,AF
AF: angle-only categorical mean,13,1,22,1.16534,1.1948327586206897,AF
AF: angle-only categorical mean,13,1,29,1.36564,1.4301403846153844,AF
AF: angle-only categorical mean,13,1,31,1.21458,1.1948327586206897,AF
AF: angle-only categorical mean,13,1,32,1.18475,1.1948327586206897,AF
AF: angle-only categorical mean,13,1,33,1.00068,1.1948327586206897,AF
AF: angle-only categorical mean,13,1,36,1.97211,1.905725238095238,AF
AF: angle-only categorical mean,13,1,37,2.18925,1.905725238095238,AF
AF: angle-only categorical mean,13,1,42,1.23805,1.1948327586206897,AF
AF: angle-only categorical mean,13,1,58,1.93806,1.905725238095238,AF
AF: angle-only categorical mean,13,1,72,1.7423,1.905725238095238,AF
AF: angle-only categorical mean,13,1,74,1.31523,1.4301403846153844,AF
AF: angle-only categorical mean,13,1,78,1.14397,1.1948327586206897,AF
AF: angle-only categorical mean,13,1,84,1.78987,1.905725238095238,AF
AF: angle-only categorical mean,13,1,85,1.70334,1.905725238095238,AF
AF: angle-only categorical mean,13,1,86,1.27302,1.4301403846153844,AF
AF: angle-only categorical mean,13,1,87,1.4647,1.4301403846153844,AF
AF: angle-only categorical mean,13,1,88,1.62833,1.4301403846153844,AF
AF: angle-only categorical mean,13,1,90,1.54228,1.4301403846153844,AF
AF: angle-only categorical mean,13,2,4,1.75407,1.915591304347826,AF
AF: angle-only categorical mean,13,2,11,1.28156,1.1883181481481482,AF
AF: angle-only categorical mean,13,2,20,1.19111,1.1883181481481482,AF
AF: angle-only categorical mean,13,2,21,1.16533,1.1883181481481482,AF
AF: angle-only categorical mean,13,2,28,1.38725,1.4257611111111108,AF
AF: angle-only categorical mean,13,2,34,1.15143,1.1883181481481482,AF
AF: angle-only categorical mean,13,2,38,1.94988,1.915591304347826,AF
AF: angle-only categorical mean,13,2,59,2.0106,1.915591304347826,AF
AF: angle-only categorical mean,13,2,61,1.5134,1.4257611111111108,AF
AF: angle-only categorical mean,13,2,65,1.62994,1.4257611111111108,AF
AF: angle-only categorical mean,13,2,66,1.09488,1.1883181481481482,AF
AF: angle-only categorical mean,13,2,67,1.21931,1.1883181481481482,AF
AF: angle-only categorical mean,13,2,70,2.36855,1.915591304347826,AF
AF: angle-only categorical mean,13,2,73,1.41795,1.4257611111111108,AF
AF: angle-only categorical mean,13,2,75,1.32876,1.4257611111111108,AF
AF: angle-only categorical mean,13,2,80,1.16671,1.1883181481481482,AF
AF: angle-only categorical mean,13,2,81,1.11558,1.1883181481481482,AF
AF: angle-only categorical mean,13,2,82,1.50363,1.915591304347826,AF
AF: angle-only categorical mean,13,2,93,1.30275,1.1883181481481482,AF
AF: angle-only categorical mean,13,3,12,2.04975,1.9471995454545452,AF
AF: angle-only categorical mean,13,3,27,1.55854,1.4310551999999999,AF
AF: angle-only categorical mean,13,3,35,1.18045,1.1824183333333336,AF
AF: angle-only categorical mean,13,3,40,1.42363,1.4310551999999999,AF
AF: angle-only categorical mean,13,3,41,1.35048,1.4310551999999999,AF
AF: angle-only categorical mean,13,3,43,1.18126,1.1824183333333336,AF
AF: angle-only categorical mean,13,3,45,1.15453,1.1824183333333336,AF
AF: angle-only categorical mean,13,3,46,1.60113,1.9471995454545452,AF
AF: angle-only categorical mean,13,3,47,1.95358,1.9471995454545452,AF
AF: angle-only categorical mean,13,3,48,1.82522,1.9471995454545452,AF
AF: angle-only categorical mean,13,3,50,1.36288,1.4310551999999999,AF
AF: angle-only categorical mean,13,3,51,1.34172,1.4310551999999999,AF
AF: angle-only categorical mean,13,3,53,1.22687,1.1824183333333336,AF
AF: angle-only categorical mean,13,3,63,1.49433,1.4310551999999999,AF
AF: angle-only categorical mean,13,3,71,1.56292,1.9471995454545452,AF
AF: angle-only categorical mean,13,3,76,1.46489,1.4310551999999999,AF
AF: angle-only categorical mean,13,3,79,1.19772,1.1824183333333336,AF
AF: angle-only categorical mean,13,3,83,1.81434,1.9471995454545452,AF
AF: angle-only categorical mean,13,3,94,1.35987,1.1824183333333336,AF
AF: angle-only categorical mean,13,4,1,1.7596,1.9117804761904762,AF
AF: angle-only categorical mean,13,4,5,1.28243,1.432969642857143,AF
AF: angle-only categorical mean,13,4,8,1.05256,1.192685357142857,AF
AF: angle-only categorical mean,13,4,14,1.74885,1.9117804761904762,AF
AF: angle-only categorical mean,13,4,18,1.42223,1.432969642857143,AF
AF: angle-only categorical mean,13,4,19,1.2125,1.192685357142857,AF
AF: angle-only categorical mean,13,4,24,1.80422,1.9117804761904762,AF
AF: angle-only categorical mean,13,4,26,2.14773,1.9117804761904762,AF
AF: angle-only categorical mean,13,4,39,1.45212,1.432969642857143,AF
AF: angle-only categorical mean,13,4,44,1.20002,1.192685357142857,AF
AF: angle-only categorical mean,13,4,49,1.92546,1.9117804761904762,AF
AF: angle-only categorical mean,13,4,54,1.18756,1.192685357142857,AF
AF: angle-only categorical mean,13,4,55,1.18237,1.192685357142857,AF
AF: angle-only categorical mean,13,4,57,1.80075,1.9117804761904762,AF
AF: angle-only categorical mean,13,4,60,2.31133,1.9117804761904762,AF
AF: angle-only categorical mean,13,4,77,1.17845,1.192685357142857,AF
AF: angle-only categorical mean,13,4,89,1.49292,1.432969642857143,AF
AF: angle-only categorical mean,13,4,91,1.20107,1.192685357142857,AF
AF: angle-only categorical mean,13,4,95,1.16353,1.192685357142857,AF
AF: angle-only categorical mean,13,5,2,1.80526,1.9006683999999998,AF
AF: angle-only categorical mean,13,5,3,1.29597,1.4323940909090913,AF
AF: angle-only categorical mean,13,5,6,1.30412,1.4323940909090913,AF
AF: angle-only categorical mean,13,5,7,1.38795,1.4323940909090913,AF
AF: angle-only categorical mean,13,5,9,1.17187,1.1830173333333334,AF
AF: angle-only categorical mean,13,5,13,1.87831,1.9006683999999998,AF
AF: angle-only categorical mean,13,5,15,1.4926,1.4323940909090913,AF
AF: angle-only categorical mean,13,5,16,1.39505,1.4323940909090913,AF
AF: angle-only categorical mean,13,5,17,1.44103,1.4323940909090913,AF
AF: angle-only categorical mean,13,5,23,1.20579,1.1830173333333334,AF
AF: angle-only categorical mean,13,5,25,2.44505,1.9006683999999998,AF
AF: angle-only categorical mean,13,5,30,1.52016,1.4323940909090913,AF
AF: angle-only categorical mean,13,5,52,1.42105,1.4323940909090913,AF
AF: angle-only categorical mean,13,5,56,1.19584,1.1830173333333334,AF
AF: angle-only categorical mean,13,5,62,1.53985,1.4323940909090913,AF
AF: angle-only categorical mean,13,5,64,1.4624,1.4323940909090913,AF
AF: angle-only categorical mean,13,5,68,1.22121,1.1830173333333334,AF
AF: angle-only categorical mean,13,5,69,1.27114,1.1830173333333334,AF
AF: angle-only categorical mean,13,5,92,1.21688,1.1830173333333334,AF
AF: angle-only categorical mean,14,1,4,1.75407,1.9228454545454545,AF
AF: angle-only categorical mean,14,1,5,1.28243,1.437316538461538,AF
AF: angle-only categorical mean,14,1,6,1.30412,1.437316538461538,AF
AF: angle-only categorical mean,14,1,8,1.05256,1.1915153571428572,AF
AF: angle-only categorical mean,14,1,9,1.17187,1.1915153571428572,AF
AF: angle-only categorical mean,14,1,14,1.74885,1.9228454545454545,AF
AF: angle-only categorical mean,14,1,17,1.44103,1.437316538461538,AF
AF: angle-only categorical mean,14,1,22,1.16534,1.1915153571428572,AF
AF: angle-only categorical mean,14,1,23,1.20579,1.1915153571428572,AF
AF: angle-only categorical mean,14,1,47,1.95358,1.9228454545454545,AF
AF: angle-only categorical mean,14,1,56,1.19584,1.1915153571428572,AF
AF: angle-only categorical mean,14,1,70,2.36855,1.9228454545454545,AF
AF: angle-only categorical mean,14,1,73,1.41795,1.437316538461538,AF
AF: angle-only categorical mean,14,1,75,1.32876,1.437316538461538,AF
AF: angle-only categorical mean,14,1,78,1.14397,1.1915153571428572,AF
AF: angle-only categorical mean,14,1,81,1.11558,1.1915153571428572,AF
AF: angle-only categorical mean,14,1,83,1.81434,1.9228454545454545,AF
AF: angle-only categorical mean,14,1,85,1.70334,1.9228454545454545,AF
AF: angle-only categorical mean,14,1,88,1.62833,1.437316538461538,AF
AF: angle-only categorical mean,14,1,94,1.35987,1.1915153571428572,AF
AF: angle-only categorical mean,14,2,2,1.80526,1.8975045454545454,AF
AF: angle-only categorical mean,14,2,11,1.28156,1.1809790000000002,AF
AF: angle-only categorical mean,14,2,15,1.4926,1.4196599999999997,AF
AF: angle-only categorical mean,14,2,20,1.19111,1.1809790000000002,AF
AF: angle-only categorical mean,14,2,25,2.44505,1.8975045454545454,AF
AF: angle-only categorical mean,14,2,28,1.38725,1.4196599999999997,AF
AF: angle-only categorical mean,14,2,30,1.52016,1.4196599999999997,AF
AF: angle-only categorical mean,14,2,34,1.15143,1.1809790000000002,AF
AF: angle-only categorical mean,14,2,36,1.97211,1.8975045454545454,AF
AF: angle-only categorical mean,14,2,38,1.94988,1.8975045454545454,AF
AF: angle-only categorical mean,14,2,40,1.42363,1.4196599999999997,AF
AF: angle-only categorical mean,14,2,50,1.36288,1.4196599999999997,AF
AF: angle-only categorical mean,14,2,58,1.93806,1.8975045454545454,AF
AF: angle-only categorical mean,14,2,65,1.62994,1.4196599999999997,AF
AF: angle-only categorical mean,14,2,67,1.21931,1.1809790000000002,AF
AF: angle-only categorical mean,14,2,76,1.46489,1.4196599999999997,AF
AF: angle-only categorical mean,14,2,79,1.19772,1.1809790000000002,AF
AF: angle-only categorical mean,14,2,84,1.78987,1.8975045454545454,AF
AF: angle-only categorical mean,14,2,93,1.30275,1.1809790000000002,AF
AF: angle-only categorical mean,14,3,1,1.7596,1.943254,AF
AF: angle-only categorical mean,14,3,3,1.29597,1.44046,AF
AF: angle-only categorical mean,14,3,7,1.38795,1.44046,AF
AF: angle-only categorical mean,14,3,16,1.39505,1.44046,AF
AF: angle-only categorical mean,14,3,18,1.42223,1.44046,AF
AF: angle-only categorical mean,14,3,19,1.2125,1.1815241379310346,AF
AF: angle-only categorical mean,14,3,27,1.55854,1.44046,AF
AF: angle-only categorical mean,14,3,32,1.18475,1.1815241379310346,AF
AF: angle-only categorical mean,14,3,41,1.35048,1.44046,AF
AF: angle-only categorical mean,14,3,42,1.23805,1.1815241379310346,AF
AF: angle-only categorical mean,14,3,45,1.15453,1.1815241379310346,AF
AF: angle-only categorical mean,14,3,53,1.22687,1.1815241379310346,AF
AF: angle-only categorical mean,14,3,57,1.80075,1.943254,AF
AF: angle-only categorical mean,14,3,63,1.49433,1.44046,AF
AF: angle-only categorical mean,14,3,68,1.22121,1.1815241379310346,AF
AF: angle-only categorical mean,14,3,69,1.27114,1.1815241379310346,AF
AF: angle-only categorical mean,14,3,82,1.50363,1.943254,AF
AF: angle-only categorical mean,14,3,86,1.27302,1.44046,AF
AF: angle-only categorical mean,14,3,87,1.4647,1.44046,AF
AF: angle-only categorical mean,14,4,0,2.29017,1.8820109090909087,AF
AF: angle-only categorical mean,14,4,10,1.17573,1.192698275862069,AF
AF: angle-only categorical mean,14,4,13,1.87831,1.8820109090909087,AF
AF: angle-only categorical mean,14,4,21,1.16533,1.192698275862069,AF
AF: angle-only categorical mean,14,4,43,1.18126,1.192698275862069,AF
AF: angle-only categorical mean,14,4,44,1.20002,1.192698275862069,AF
AF: angle-only categorical mean,14,4,48,1.82522,1.8820109090909087,AF
AF: angle-only categorical mean,14,4,49,1.92546,1.8820109090909087,AF
AF: angle-only categorical mean,14,4,51,1.34172,1.4307569230769228,AF
AF: angle-only categorical mean,14,4,52,1.42105,1.4307569230769228,AF
AF: angle-only categorical mean,14,4,59,2.0106,1.8820109090909087,AF
AF: angle-only categorical mean,14,4,60,2.31133,1.8820109090909087,AF
AF: angle-only categorical mean,14,4,62,1.53985,1.4307569230769228,AF
AF: angle-only categorical mean,14,4,64,1.4624,1.4307569230769228,AF
AF: angle-only categorical mean,14,4,66,1.09488,1.192698275862069,AF
AF: angle-only categorical mean,14,4,74,1.31523,1.4307569230769228,AF
AF: angle-only categorical mean,14,4,80,1.16671,1.192698275862069,AF
AF: angle-only categorical mean,14,4,89,1.49292,1.4307569230769228,AF
AF: angle-only categorical mean,14,4,91,1.20107,1.192698275862069,AF
AF: angle-only categorical mean,14,5,12,2.04975,1.9308585714285715,AF
AF: angle-only categorical mean,14,5,24,1.80422,1.9308585714285715,AF
AF: angle-only categorical mean,14,5,26,2.14773,1.9308585714285715,AF
AF: angle-only categorical mean,14,5,29,1.36564,1.4249789285714287,AF
AF: angle-only categorical mean,14,5,31,1.21458,1.1945982142857143,AF
AF: angle-only categorical mean,14,5,33,1.00068,1.1945982142857143,AF
AF: angle-only categorical mean,14,5,35,1.18045,1.1945982142857143,AF
AF: angle-only categorical mean,14,5,37,2.18925,1.9308585714285715,AF
AF: angle-only categorical mean,14,5,39,1.45212,1.4249789285714287,AF
AF: angle-only categorical mean,14,5,46,1.60113,1.9308585714285715,AF
AF: angle-only categorical mean,14,5,54,1.18756,1.1945982142857143,AF
AF: angle-only categorical mean,14,5,55,1.18237,1.1945982142857143,AF
AF: angle-only categorical mean,14,5,61,1.5134,1.4249789285714287,AF
AF: angle-only categorical mean,14,5,71,1.56292,1.9308585714285715,AF
AF: angle-only categorical mean,14,5,72,1.7423,1.9308585714285715,AF
AF: angle-only categorical mean,14,5,77,1.17845,1.1945982142857143,AF
AF: angle-only categorical mean,14,5,90,1.54228,1.4249789285714287,AF
AF: angle-only categorical mean,14,5,92,1.21688,1.1945982142857143,AF
AF: angle-only categorical mean,14,5,95,1.16353,1.1945982142857143,AF
AF: angle-only categorical mean,15,1,2,1.80526,1.9090066666666665,AF
AF: angle-only categorical mean,15,1,4,1.75407,1.9090066666666665,AF
AF: angle-only categorical mean,15,1,5,1.28243,1.434882222222222,AF
AF: angle-only categorical mean,15,1,6,1.30412,1.434882222222222,AF
AF: angle-only categorical mean,15,1,23,1.20579,1.190711612903226,AF
AF: angle-only categorical mean,15,1,27,1.55854,1.434882222222222,AF
AF: angle-only categorical mean,15,1,35,1.18045,1.190711612903226,AF
AF: angle-only categorical mean,15,1,38,1.94988,1.9090066666666665,AF
AF: angle-only categorical mean,15,1,47,1.95358,1.9090066666666665,AF
AF: angle-only categorical mean,15,1,48,1.82522,1.9090066666666665,AF
AF: angle-only categorical mean,15,1,52,1.42105,1.434882222222222,AF
AF: angle-only categorical mean,15,1,56,1.19584,1.190711612903226,AF
AF: angle-only categorical mean,15,1,58,1.93806,1.9090066666666665,AF
AF: angle-only categorical mean,15,1,60,2.31133,1.9090066666666665,AF
AF: angle-only categorical mean,15,1,70,2.36855,1.9090066666666665,AF
AF: angle-only categorical mean,15,1,71,1.56292,1.9090066666666665,AF
AF: angle-only categorical mean,15,1,76,1.46489,1.434882222222222,AF
AF: angle-only categorical mean,15,1,81,1.11558,1.190711612903226,AF
AF: angle-only categorical mean,15,1,83,1.81434,1.9090066666666665,AF
AF: angle-only categorical mean,15,1,95,1.16353,1.190711612903226,AF
AF: angle-only categorical mean,15,2,0,2.29017,1.9110000000000003,AF
AF: angle-only categorical mean,15,2,7,1.38795,1.4295760869565215,AF
AF: angle-only categorical mean,15,2,9,1.17187,1.1871376666666669,AF
AF: angle-only categorical mean,15,2,21,1.16533,1.1871376666666669,AF
AF: angle-only categorical mean,15,2,26,2.14773,1.9110000000000003,AF
AF: angle-only categorical mean,15,2,39,1.45212,1.4295760869565215,AF
AF: angle-only categorical mean,15,2,40,1.42363,1.4295760869565215,AF
AF: angle-only categorical mean,15,2,45,1.15453,1.1871376666666669,AF
AF: angle-only categorical mean,15,2,46,1.60113,1.9110000000000003,AF
AF: angle-only categorical mean,15,2,50,1.36288,1.4295760869565215,AF
AF: angle-only categorical mean,15,2,53,1.22687,1.1871376666666669,AF
AF: angle-only categorical mean,15,2,62,1.53985,1.4295760869565215,AF
AF: angle-only categorical mean,15,2,67,1.21931,1.1871376666666669,AF
AF: angle-only categorical mean,15,2,68,1.22121,1.1871376666666669,AF
AF: angle-only categorical mean,15,2,72,1.7423,1.9110000000000003,AF
AF: angle-only categorical mean,15,2,73,1.41795,1.4295760869565215,AF
AF: angle-only categorical mean,15,2,86,1.27302,1.4295760869565215,AF
AF: angle-only categorical mean,15,2,89,1.49292,1.4295760869565215,AF
AF: angle-only categorical mean,15,2,90,1.54228,1.4295760869565215,AF
AF: angle-only categorical mean,15,3,1,1.7596,1.9130865217391302,AF
AF: angle-only categorical mean,15,3,3,1.29597,1.4344282608695655,AF
AF: angle-only categorical mean,15,3,17,1.44103,1.4344282608695655,AF
AF: angle-only categorical mean,15,3,18,1.42223,1.4344282608695655,AF
AF: angle-only categorical mean,15,3,25,2.44505,1.9130865217391302,AF
AF: angle-only categorical mean,15,3,42,1.23805,1.1835383870967744,AF
AF: angle-only categorical mean,15,3,49,1.92546,1.9130865217391302,AF
AF: angle-only categorical mean,15,3,51,1.34172,1.4344282608695655,AF
AF: angle-only categorical mean,15,3,59,2.0106,1.9130865217391302,AF
AF: angle-only categorical mean,15,3,61,1.5134,1.4344282608695655,AF
AF: angle-only categorical mean,15,3,63,1.49433,1.4344282608695655,AF
AF: angle-only categorical mean,15,3,74,1.31523,1.4344282608695655,AF
AF: angle-only categorical mean,15,3,75,1.32876,1.4344282608695655,AF
AF: angle-only categorical mean,15,3,78,1.14397,1.1835383870967744,AF
AF: angle-only categorical mean,15,3,79,1.19772,1.1835383870967744,AF
AF: angle-only categorical mean,15,3,82,1.50363,1.9130865217391302,AF
AF: angle-only categorical mean,15,3,88,1.62833,1.4344282608695655,AF
AF: angle-only categorical mean,15,3,91,1.20107,1.1835383870967744,AF
AF: angle-only categorical mean,15,3,93,1.30275,1.1835383870967744,AF
AF: angle-only categorical mean,15,4,8,1.05256,1.1814773076923077,AF
AF: angle-only categorical mean,15,4,13,1.87831,1.90899125,AF
AF: angle-only categorical mean,15,4,16,1.39505,1.4263548148148146,AF
AF: angle-only categorical mean,15,4,19,1.2125,1.1814773076923077,AF
AF: angle-only categorical mean,15,4,20,1.19111,1.1814773076923077,AF
AF: angle-only categorical mean,15,4,29,1.36564,1.4263548148148146,AF
AF: angle-only categorical mean,15,4,30,1.52016,1.4263548148148146,AF
AF: angle-only categorical mean,15,4,32,1.18475,1.1814773076923077,AF
AF: angle-only categorical mean,15,4,36,1.97211,1.90899125,AF
AF: angle-only categorical mean,15,4,37,2.18925,1.90899125,AF
AF: angle-only categorical mean,15,4,41,1.35048,1.4263548148148146,AF
AF: angle-only categorical mean,15,4,44,1.20002,1.1814773076923077,AF
AF: angle-only categorical mean,15,4,54,1.18756,1.1814773076923077,AF
AF: angle-only categorical mean,15,4,65,1.62994,1.4263548148148146,AF
AF: angle-only categorical mean,15,4,69,1.27114,1.1814773076923077,AF
AF: angle-only categorical mean,15,4,77,1.17845,1.1814773076923077,AF
AF: angle-only categorical mean,15,4,84,1.78987,1.90899125,AF
AF: angle-only categorical mean,15,4,92,1.21688,1.1814773076923077,AF
AF: angle-only categorical mean,15,4,94,1.35987,1.1814773076923077,AF
AF: angle-only categorical mean,15,5,10,1.17573,1.1984119230769232,AF
AF: angle-only categorical mean,15,5,11,1.28156,1.1984119230769232,AF
AF: angle-only categorical mean,15,5,12,2.04975,1.936453043478261,AF
AF: angle-only categorical mean,15,5,14,1.74885,1.936453043478261,AF
AF: angle-only categorical mean,15,5,15,1.4926,1.4273535714285714,AF
AF: angle-only categorical mean,15,5,22,1.16534,1.1984119230769232,AF
AF: angle-only categorical mean,15,5,24,1.80422,1.936453043478261,AF
AF: angle-only categorical mean,15,5,28,1.38725,1.4273535714285714,AF
AF: angle-only categorical mean,15,5,31,1.21458,1.1984119230769232,AF
AF: angle-only categorical mean,15,5,33,1.00068,1.1984119230769232,AF
AF: angle-only categorical mean,15,5,34,1.15143,1.1984119230769232,AF
AF: angle-only categorical mean,15,5,43,1.18126,1.1984119230769232,AF
AF: angle-only categorical mean,15,5,55,1.18237,1.1984119230769232,AF
AF: angle-only categorical mean,15,5,57,1.80075,1.936453043478261,AF
AF: angle-only categorical mean,15,5,64,1.4624,1.4273535714285714,AF
AF: angle-only categorical mean,15,5,66,1.09488,1.1984119230769232,AF
AF: angle-only categorical mean,15,5,80,1.16671,1.1984119230769232,AF
AF: angle-only categorical mean,15,5,85,1.70334,1.936453043478261,AF
AF: angle-only categorical mean,15,5,87,1.4647,1.4273535714285714,AF
AF: angle-only categorical mean,16,1,3,1.29597,1.435563571428571,AF
AF: angle-only categorical mean,16,1,7,1.38795,1.435563571428571,AF
AF: angle-only categorical mean,16,1,8,1.05256,1.1893725925925924,AF
AF: angle-only categorical mean,16,1,17,1.44103,1.435563571428571,AF
AF: angle-only categorical mean,16,1,20,1.19111,1.1893725925925924,AF
AF: angle-only categorical mean,16,1,24,1.80422,1.9453495238095238,AF
AF: angle-only categorical mean,16,1,32,1.18475,1.1893725925925924,AF
AF: angle-only categorical mean,16,1,36,1.97211,1.9453495238095238,AF
AF: angle-only categorical mean,16,1,39,1.45212,1.435563571428571,AF
AF: angle-only categorical mean,16,1,49,1.92546,1.9453495238095238,AF
AF: angle-only categorical mean,16,1,53,1.22687,1.1893725925925924,AF
AF: angle-only categorical mean,16,1,55,1.18237,1.1893725925925924,AF
AF: angle-only categorical mean,16,1,59,2.0106,1.9453495238095238,AF
AF: angle-only categorical mean,16,1,66,1.09488,1.1893725925925924,AF
AF: angle-only categorical mean,16,1,71,1.56292,1.9453495238095238,AF
AF: angle-only categorical mean,16,1,80,1.16671,1.1893725925925924,AF
AF: angle-only categorical mean,16,1,83,1.81434,1.9453495238095238,AF
AF: angle-only categorical mean,16,1,85,1.70334,1.9453495238095238,AF
AF: angle-only categorical mean,16,1,91,1.20107,1.1893725925925924,AF
AF: angle-only categorical mean,16,1,94,1.35987,1.1893725925925924,AF
AF: angle-only categorical mean,16,2,0,2.29017,1.9044684,AF
AF: angle-only categorical mean,16,2,15,1.4926,1.4251529166666668,AF
AF: angle-only categorical mean,16,2,19,1.2125,1.184995357142857,AF
AF: angle-only categorical mean,16,2,31,1.21458,1.184995357142857,AF
AF: angle-only categorical mean,16,2,34,1.15143,1.184995357142857,AF
AF: angle-only categorical mean,16,2,35,1.18045,1.184995357142857,AF
AF: angle-only categorical mean,16,2,41,1.35048,1.4251529166666668,AF
AF: angle-only categorical mean,16,2,42,1.23805,1.184995357142857,AF
AF: angle-only categorical mean,16,2,43,1.18126,1.184995357142857,AF
AF: angle-only categorical mean,16,2,47,1.95358,1.9044684,AF
AF: angle-only categorical mean,16,2,51,1.34172,1.4251529166666668,AF
AF: angle-only categorical mean,16,2,61,1.5134,1.4251529166666668,AF
AF: angle-only categorical mean,16,2,63,1.49433,1.4251529166666668,AF
AF: angle-only categorical mean,16,2,65,1.62994,1.4251529166666668,AF
AF: angle-only categorical mean,16,2,69,1.27114,1.184995357142857,AF
AF: angle-only categorical mean,16,2,73,1.41795,1.4251529166666668,AF
AF: angle-only categorical mean,16,2,75,1.32876,1.4251529166666668,AF
AF: angle-only categorical mean,16,2,78,1.14397,1.184995357142857,AF
AF: angle-only categorical mean,16,2,84,1.78987,1.9044684,AF
AF: angle-only categorical mean,16,3,4,1.75407,1.9171500000000001,AF
AF: angle-only categorical mean,16,3,6,1.30412,1.4279799999999998,AF
AF: angle-only categorical mean,16,3,9,1.17187,1.1899648387096775,AF
AF: angle-only categorical mean,16,3,10,1.17573,1.1899648387096775,AF
AF: angle-only categorical mean,16,3,16,1.39505,1.4279799999999998,AF
AF: angle-only categorical mean,16,3,21,1.16533,1.1899648387096775,AF
AF: angle-only categorical mean,16,3,25,2.44505,1.9171500000000001,AF
AF: angle-only categorical mean,16,3,27,1.55854,1.4279799999999998,AF
AF: angle-only categorical mean,16,3,28,1.38725,1.4279799999999998,AF
AF: angle-only categorical mean,16,3,29,1.36564,1.4279799999999998,AF
AF: angle-only categorical mean,16,3,38,1.94988,1.9171500000000001,AF
AF: angle-only categorical mean,16,3,45,1.15453,1.1899648387096775,AF
AF: angle-only categorical mean,16,3,46,1.60113,1.9171500000000001,AF
AF: angle-only categorical mean,16,3,52,1.42105,1.4279799999999998,AF
AF: angle-only categorical mean,16,3,57,1.80075,1.9171500000000001,AF
AF: angle-only categorical mean,16,3,62,1.53985,1.4279799999999998,AF
AF: angle-only categorical mean,16,3,76,1.46489,1.4279799999999998,AF
AF: angle-only categorical mean,16,3,89,1.49292,1.4279799999999998,AF
AF: angle-only categorical mean,16,3,92,1.21688,1.1899648387096775,AF
AF: angle-only categorical mean,16,4,2,1.80526,1.8956409090909092,AF
AF: angle-only categorical mean,16,4,12,2.04975,1.8956409090909092,AF
AF: angle-only categorical mean,16,4,13,1.87831,1.8956409090909092,AF
AF: angle-only categorical mean,16,4,14,1.74885,1.8956409090909092,AF
AF: angle-only categorical mean,16,4,18,1.42223,1.4273187999999999,AF
AF: angle-only categorical mean,16,4,23,1.20579,1.1927146666666668,AF
AF: angle-only categorical mean,16,4,26,2.14773,1.8956409090909092,AF
AF: angle-only categorical mean,16,4,30,1.52016,1.4273187999999999,AF
AF: angle-only categorical mean,16,4,33,1.00068,1.1927146666666668,AF
AF: angle-only categorical mean,16,4,44,1.20002,1.1927146666666668,AF
AF: angle-only categorical mean,16,4,50,1.36288,1.4273187999999999,AF
AF: angle-only categorical mean,16,4,54,1.18756,1.1927146666666668,AF
AF: angle-only categorical mean,16,4,60,2.31133,1.8956409090909092,AF
AF: angle-only categorical mean,16,4,64,1.4624,1.4273187999999999,AF
AF: angle-only categorical mean,16,4,67,1.21931,1.1927146666666668,AF
AF: angle-only categorical mean,16,4,74,1.31523,1.4273187999999999,AF
AF: angle-only categorical mean,16,4,77,1.17845,1.1927146666666668,AF
AF: angle-only categorical mean,16,4,87,1.4647,1.4273187999999999,AF
AF: angle-only categorical mean,16,4,90,1.54228,1.4273187999999999,AF
AF: angle-only categorical mean,16,5,1,1.7596,1.9199390476190477,AF
AF: angle-only categorical mean,16,5,5,1.28243,1.4344799999999995,AF
AF: angle-only categorical mean,16,5,11,1.28156,1.1832042857142857,AF
AF: angle-only categorical mean,16,5,22,1.16534,1.1832042857142857,AF
AF: angle-only categorical mean,16,5,37,2.18925,1.9199390476190477,AF
AF: angle-only categorical mean,16,5,40,1.42363,1.4344799999999995,AF
AF: angle-only categorical mean,16,5,48,1.82522,1.9199390476190477,AF
AF: angle-only categorical mean,16,5,56,1.19584,1.1832042857142857,AF
AF: angle-only categorical mean,16,5,58,1.93806,1.9199390476190477,AF
AF: angle-only categorical mean,16,5,68,1.22121,1.1832042857142857,AF
AF: angle-only categorical mean,16,5,70,2.36855,1.9199390476190477,AF
AF: angle-only categorical mean,16,5,72,1.7423,1.9199390476190477,AF
AF: angle-only categorical mean,16,5,79,1.19772,1.1832042857142857,AF
AF: angle-only categorical mean,16,5,81,1.11558,1.1832042857142857,AF
AF: angle-only categorical mean,16,5,82,1.50363,1.9199390476190477,AF
AF: angle-only categorical mean,16,5,86,1.27302,1.4344799999999995,AF
AF: angle-only categorical mean,16,5,88,1.62833,1.4344799999999995,AF
AF: angle-only categorical mean,16,5,93,1.30275,1.1832042857142857,AF
AF: angle-only categorical mean,16,5,95,1.16353,1.1832042857142857,AF
AF: angle-only categorical mean,17,1,4,1.75407,1.9101883999999996,AF
AF: angle-only categorical mean,17,1,8,1.05256,1.190214230769231,AF
AF: angle-only categorical mean,17,1,17,1.44103,1.4283476,AF
AF: angle-only categorical mean,17,1,20,1.19111,1.190214230769231,AF
AF: angle-only categorical mean,17,1,30,1.52016,1.4283476,AF
AF: angle-only categorical mean,17,1,31,1.21458,1.190214230769231,AF
AF: angle-only categorical mean,17,1,41,1.35048,1.4283476,AF
AF: angle-only categorical mean,17,1,42,1.23805,1.190214230769231,AF
AF: angle-only categorical mean,17,1,43,1.18126,1.190214230769231,AF
AF: angle-only categorical mean,17,1,48,1.82522,1.9101883999999996,AF
AF: angle-only categorical mean,17,1,50,1.36288,1.4283476,AF
AF: angle-only categorical mean,17,1,51,1.34172,1.4283476,AF
AF: angle-only categorical mean,17,1,53,1.22687,1.190214230769231,AF
AF: angle-only categorical mean,17,1,55,1.18237,1.190214230769231,AF
AF: angle-only categorical mean,17,1,56,1.19584,1.190214230769231,AF
AF: angle-only categorical mean,17,1,60,2.31133,1.9101883999999996,AF
AF: angle-only categorical mean,17,1,65,1.62994,1.4283476,AF
AF: angle-only categorical mean,17,1,73,1.41795,1.4283476,AF
AF: angle-only categorical mean,17,1,78,1.14397,1.190214230769231,AF
AF: angle-only categorical mean,17,1,91,1.20107,1.190214230769231,AF
AF: angle-only categorical mean,17,2,5,1.28243,1.4392467999999996,AF
AF: angle-only categorical mean,17,2,6,1.30412,1.4392467999999996,AF
AF: angle-only categorical mean,17,2,7,1.38795,1.4392467999999996,AF
AF: angle-only categorical mean,17,2,9,1.17187,1.1837675,AF
AF: angle-only categorical mean,17,2,10,1.17573,1.1837675,AF
AF: angle-only categorical mean,17,2,15,1.4926,1.4392467999999996,AF
AF: angle-only categorical mean,17,2,16,1.39505,1.4392467999999996,AF
AF: angle-only categorical mean,17,2,19,1.2125,1.1837675,AF
AF: angle-only categorical mean,17,2,22,1.16534,1.1837675,AF
AF: angle-only categorical mean,17,2,26,2.14773,1.9299829166666667,AF
AF: angle-only categorical mean,17,2,28,1.38725,1.4392467999999996,AF
AF: angle-only categorical mean,17,2,45,1.15453,1.1837675,AF
AF: angle-only categorical mean,17,2,57,1.80075,1.9299829166666667,AF
AF: angle-only categorical mean,17,2,68,1.22121,1.1837675,AF
AF: angle-only categorical mean,17,2,71,1.56292,1.9299829166666667,AF
AF: angle-only categorical mean,17,2,80,1.16671,1.1837675,AF
AF: angle-only categorical mean,17,2,83,1.81434,1.9299829166666667,AF
AF: angle-only categorical mean,17,2,90,1.54228,1.4392467999999996,AF
AF: angle-only categorical mean,17,2,94,1.35987,1.1837675,AF
AF: angle-only categorical mean,17,3,2,1.80526,1.9035827272727273,AF
AF: angle-only categorical mean,17,3,11,1.28156,1.1802079310344828,AF
AF: angle-only categorical mean,17,3,13,1.87831,1.9035827272727273,AF
AF: angle-only categorical mean,17,3,18,1.42223,1.431925,AF
AF: angle-only categorical mean,17,3,24,1.80422,1.9035827272727273,AF
AF: angle-only categorical mean,17,3,36,1.97211,1.9035827272727273,AF
AF: angle-only categorical mean,17,3,40,1.42363,1.431925,AF
AF: angle-only categorical mean,17,3,44,1.20002,1.1802079310344828,AF
AF: angle-only categorical mean,17,3,58,1.93806,1.9035827272727273,AF
AF: angle-only categorical mean,17,3,63,1.49433,1.431925,AF
AF: angle-only categorical mean,17,3,69,1.27114,1.1802079310344828,AF
AF: angle-only categorical mean,17,3,70,2.36855,1.9035827272727273,AF
AF: angle-only categorical mean,17,3,76,1.46489,1.431925,AF
AF: angle-only categorical mean,17,3,77,1.17845,1.1802079310344828,AF
AF: angle-only categorical mean,17,3,79,1.19772,1.1802079310344828,AF
AF: angle-only categorical mean,17,3,81,1.11558,1.1802079310344828,AF
AF: angle-only categorical mean,17,3,86,1.27302,1.431925,AF
AF: angle-only categorical mean,17,3,87,1.4647,1.431925,AF
AF: angle-only categorical mean,17,3,93,1.30275,1.1802079310344828,AF
AF: angle-only categorical mean,17,4,1,1.7596,1.9428704761904763,AF
AF: angle-only categorical mean,17,4,27,1.55854,1.419804782608696,AF
AF: angle-only categorical mean,17,4,29,1.36564,1.419804782608696,AF
AF: angle-only categorical mean,17,4,34,1.15143,1.188331818181818,AF
AF: angle-only categorical mean,17,4,38,1.94988,1.9428704761904763,AF
AF: angle-only categorical mean,17,4,39,1.45212,1.419804782608696,AF
AF: angle-only categorical mean,17,4,47,1.95358,1.9428704761904763,AF
AF: angle-only categorical mean,17,4,49,1.92546,1.9428704761904763,AF
AF: angle-only categorical mean,17,4,54,1.18756,1.188331818181818,AF
AF: angle-only categorical mean,17,4,59,2.0106,1.9428704761904763,AF
AF: angle-only categorical mean,17,4,61,1.5134,1.419804782608696,AF
AF: angle-only categorical mean,17,4,64,1.4624,1.419804782608696,AF
AF: angle-only categorical mean,17,4,67,1.21931,1.188331818181818,AF
AF: angle-only categorical mean,17,4,72,1.7423,1.9428704761904763,AF
AF: angle-only categorical mean,17,4,74,1.31523,1.419804782608696,AF
AF: angle-only categorical mean,17,4,75,1.32876,1.419804782608696,AF
AF: angle-only categorical mean,17,4,82,1.50363,1.9428704761904763,AF
AF: angle-only categorical mean,17,4,88,1.62833,1.419804782608696,AF
AF: angle-only categorical mean,17,4,89,1.49292,1.419804782608696,AF
AF: angle-only categorical mean,17,5,0,2.29017,1.8913959999999999,AF
AF: angle-only categorical mean,17,5,3,1.29597,1.431585517241379,AF
AF: angle-only categorical mean,17,5,12,2.04975,1.8913959999999999,AF
AF: angle-only categorical mean,17,5,14,1.74885,1.8913959999999999,AF
AF: angle-only categorical mean,17,5,21,1.16533,1.1986057142857143,AF
AF: angle-only categorical mean,17,5,23,1.20579,1.1986057142857143,AF
AF: angle-only categorical mean,17,5,25,2.44505,1.8913959999999999,AF
AF: angle-only categorical mean,17,5,32,1.18475,1.1986057142857143,AF
AF: angle-only categorical mean,17,5,33,1.00068,1.1986057142857143,AF
AF: angle-only categorical mean,17,5,35,1.18045,1.1986057142857143,AF
AF: angle-only categorical mean,17,5,37,2.18925,1.8913959999999999,AF
AF: angle-only categorical mean,17,5,46,1.60113,1.8913959999999999,AF
AF: angle-only categorical mean,17,5,52,1.42105,1.431585517241379,AF
AF: angle-only categorical mean,17,5,62,1.53985,1.431585517241379,AF
AF: angle-only categorical mean,17,5,66,1.09488,1.1986057142857143,AF
AF: angle-only categorical mean,17,5,84,1.78987,1.8913959999999999,AF
AF: angle-only categorical mean,17,5,85,1.70334,1.8913959999999999,AF
AF: angle-only categorical mean,17,5,92,1.21688,1.1986057142857143,AF
AF: angle-only categorical mean,17,5,95,1.16353,1.1986057142857143,AF
AF: angle-only categorical mean,18,1,10,1.17573,1.1863296666666667,AF
AF: angle-only categorical mean,18,1,12,2.04975,1.90675,AF
AF: angle-only categorical mean,18,1,15,1.4926,1.4176524000000001,AF
AF: angle-only categorical mean,18,1,16,1.39505,1.4176524000000001,AF
AF: angle-only categorical mean,18,1,18,1.42223,1.4176524000000001,AF
AF: angle-only categorical mean,18,1,22,1.16534,1.1863296666666667,AF
AF: angle-only categorical mean,18,1,24,1.80422,1.90675,AF
AF: angle-only categorical mean,18,1,26,2.14773,1.90675,AF
AF: angle-only categorical mean,18,1,30,1.52016,1.4176524000000001,AF
AF: angle-only categorical mean,18,1,38,1.94988,1.90675,AF
AF: angle-only categorical mean,18,1,54,1.18756,1.1863296666666667,AF
AF: angle-only categorical mean,18,1,58,1.93806,1.90675,AF
AF: angle-only categorical mean,18,1,59,2.0106,1.90675,AF
AF: angle-only categorical mean,18,1,63,1.49433,1.4176524000000001,AF
AF: angle-only categorical mean,18,1,69,1.27114,1.1863296666666667,AF
AF: angle-only categorical mean,18,1,76,1.46489,1.4176524000000001,AF
AF: angle-only categorical mean,18,1,80,1.16671,1.1863296666666667,AF
AF: angle-only categorical mean,18,1,85,1.70334,1.90675,AF
AF: angle-only categorical mean,18,1,90,1.54228,1.4176524000000001,AF
AF: angle-only categorical mean,18,1,92,1.21688,1.1863296666666667,AF
AF: angle-only categorical mean,18,2,1,1.7596,1.957562,AF
AF: angle-only categorical mean,18,2,13,1.87831,1.957562,AF
AF: angle-only categorical mean,18,2,19,1.2125,1.1851659374999999,AF
AF: angle-only categorical mean,18,2,25,2.44505,1.957562,AF
AF: angle-only categorical mean,18,2,27,1.55854,1.4188755999999998,AF
AF: angle-only categorical mean,18,2,28,1.38725,1.4188755999999998,AF
AF: angle-only categorical mean,18,2,34,1.15143,1.1851659374999999,AF
AF: angle-only categorical mean,18,2,43,1.18126,1.1851659374999999,AF
AF: angle-only categorical mean,18,2,46,1.60113,1.957562,AF
AF: angle-only categorical mean,18,2,47,1.95358,1.957562,AF
AF: angle-only categorical mean,18,2,52,1.42105,1.4188755999999998,AF
AF: angle-only categorical mean,18,2,62,1.53985,1.4188755999999998,AF
AF: angle-only categorical mean,18,2,71,1.56292,1.957562,AF
AF: angle-only categorical mean,18,2,82,1.50363,1.957562,AF
AF: angle-only categorical mean,18,2,84,1.78987,1.957562,AF
AF: angle-only categorical mean,18,2,86,1.27302,1.4188755999999998,AF
AF: angle-only categorical mean,18,2,88,1.62833,1.4188755999999998,AF
AF: angle-only categorical mean,18,2,89,1.49292,1.4188755999999998,AF
AF: angle-only categorical mean,18,2,93,1.30275,1.1851659374999999,AF
AF: angle-only categorical mean,18,3,3,1.29597,1.4417825000000002,AF
AF: angle-only categorical mean,18,3,5,1.28243,1.4417825000000002,AF
AF: angle-only categorical mean,18,3,6,1.30412,1.4417825000000002,AF
AF: angle-only categorical mean,18,3,7,1.38795,1.4417825000000002,AF
AF: angle-only categorical mean,18,3,8,1.05256,1.1908943333333335,AF
AF: angle-only categorical mean,18,3,11,1.28156,1.1908943333333335,AF
AF: angle-only categorical mean,18,3,17,1.44103,1.4417825000000002,AF
AF: angle-only categorical mean,18,3,21,1.16533,1.1908943333333335,AF
AF: angle-only categorical mean,18,3,36,1.97211,1.872251739130435,AF
AF: angle-only categorical mean,18,3,37,2.18925,1.872251739130435,AF
AF: angle-only categorical mean,18,3,55,1.18237,1.1908943333333335,AF
AF: angle-only categorical mean,18,3,60,2.31133,1.872251739130435,AF
AF: angle-only categorical mean,18,3,61,1.5134,1.4417825000000002,AF
AF: angle-only categorical mean,18,3,65,1.62994,1.4417825000000002,AF
AF: angle-only categorical mean,18,3,70,2.36855,1.872251739130435,AF
AF: angle-only categorical mean,18,3,72,1.7423,1.872251739130435,AF
AF: angle-only categorical mean,18,3,74,1.31523,1.4417825000000002,AF
AF: angle-only categorical mean,18,3,91,1.20107,1.1908943333333335,AF
AF: angle-only categorical mean,18,3,95,1.16353,1.1908943333333335,AF
AF: angle-only categorical mean,18,4,2,1.80526,1.9334859999999998,AF
AF: angle-only categorical mean,18,4,4,1.75407,1.9334859999999998,AF
AF: angle-only categorical mean,18,4,9,1.17187,1.18258,AF
AF: angle-only categorical mean,18,4,14,1.74885,1.9334859999999998,AF
AF: angle-only categorical mean,18,4,29,1.36564,1.4374830769230766,AF
AF: angle-only categorical mean,18,4,31,1.21458,1.18258,AF
AF: angle-only categorical mean,18,4,32,1.18475,1.18258,AF
AF: angle-only categorical mean,18,4,35,1.18045,1.18258,AF
AF: angle-only categorical mean,18,4,39,1.45212,1.4374830769230766,AF
AF: angle-only categorical mean,18,4,40,1.42363,1.4374830769230766,AF
AF: angle-only categorical mean,18,4,41,1.35048,1.4374830769230766,AF
AF: angle-only categorical mean,18,4,42,1.23805,1.18258,AF
AF: angle-only categorical mean,18,4,51,1.34172,1.4374830769230766,AF
AF: angle-only categorical mean,18,4,56,1.19584,1.18258,AF
AF: angle-only categorical mean,18,4,68,1.22121,1.18258,AF
AF: angle-only categorical mean,18,4,78,1.14397,1.18258,AF
AF: angle-only categorical mean,18,4,81,1.11558,1.18258,AF
AF: angle-only categorical mean,18,4,87,1.4647,1.4374830769230766,AF
AF: angle-only categorical mean,18,4,94,1.35987,1.18258,AF
AF: angle-only categorical mean,18,5,0,2.29017,1.912582173913043,AF
AF: angle-only categorical mean,18,5,20,1.19111,1.1963034615384616,AF
AF: angle-only categorical mean,18,5,23,1.20579,1.1963034615384616,AF
AF: angle-only categorical mean,18,5,33,1.00068,1.1963034615384616,AF
AF: angle-only categorical mean,18,5,44,1.20002,1.1963034615384616,AF
AF: angle-only categorical mean,18,5,45,1.15453,1.1963034615384616,AF
AF: angle-only categorical mean,18,5,48,1.82522,1.912582173913043,AF
AF: angle-only categorical mean,18,5,49,1.92546,1.912582173913043,AF
AF: angle-only categorical mean,18,5,50,1.36288,1.4357449999999996,AF
AF: angle-only categorical mean,18,5,53,1.22687,1.1963034615384616,AF
AF: angle-only categorical mean,18,5,57,1.80075,1.912582173913043,AF
AF: angle-only categorical mean,18,5,64,1.4624,1.4357449999999996,AF
AF: angle-only categorical mean,18,5,66,1.09488,1.1963034615384616,AF
AF: angle-only categorical mean,18,5,67,1.21931,1.1963034615384616,AF
AF: angle-only categorical mean,18,5,73,1.41795,1.4357449999999996,AF
AF: angle-only categorical mean,18,5,75,1.32876,1.4357449999999996,AF
AF: angle-only categorical mean,18,5,77,1.17845,1.1963034615384616,AF
AF: angle-only categorical mean,18,5,79,1.19772,1.1963034615384616,AF
AF: angle-only categorical mean,18,5,83,1.81434,1.912582173913043,AF
AF: angle-only categorical mean,19,1,3,1.29597,1.4428522222222222,AF
AF: angle-only categorical mean,19,1,4,1.75407,1.904209523809524,AF
AF: angle-only categorical mean,19,1,13,1.87831,1.904209523809524,AF
AF: angle-only categorical mean,19,1,14,1.74885,1.904209523809524,AF
AF: angle-only categorical mean,19,1,19,1.2125,1.1873060714285715,AF
AF: angle-only categorical mean,19,1,21,1.16533,1.1873060714285715,AF
AF: angle-only categorical mean,19,1,25,2.44505,1.904209523809524,AF
AF: angle-only categorical mean,19,1,29,1.36564,1.4428522222222222,AF
AF: angle-only categorical mean,19,1,35,1.18045,1.1873060714285715,AF
AF: angle-only categorical mean,19,1,37,2.18925,1.904209523809524,AF
AF: angle-only categorical mean,19,1,52,1.42105,1.4428522222222222,AF
AF: angle-only categorical mean,19,1,53,1.22687,1.1873060714285715,AF
AF: angle-only categorical mean,19,1,55,1.18237,1.1873060714285715,AF
AF: angle-only categorical mean,19,1,58,1.93806,1.904209523809524,AF
AF: angle-only categorical mean,19,1,66,1.09488,1.1873060714285715,AF
AF: angle-only categorical mean,19,1,73,1.41795,1.4428522222222222,AF
AF: angle-only categorical mean,19,1,74,1.31523,1.4428522222222222,AF
AF: angle-only categorical mean,19,1,85,1.70334,1.904209523809524,AF
AF: angle-only categorical mean,19,1,93,1.30275,1.1873060714285715,AF
AF: angle-only categorical mean,19,1,95,1.16353,1.1873060714285715,AF
AF: angle-only categorical mean,19,2,0,2.29017,1.9233209090909087,AF
AF: angle-only categorical mean,19,2,12,2.04975,1.9233209090909087,AF
AF: angle-only categorical mean,19,2,16,1.39505,1.4125486956521738,AF
AF: angle-only categorical mean,19,2,28,1.38725,1.4125486956521738,AF
AF: angle-only categorical mean,19,2,30,1.52016,1.4125486956521738,AF
AF: angle-only categorical mean,19,2,48,1.82522,1.9233209090909087,AF
AF: angle-only categorical mean,19,2,51,1.34172,1.4125486956521738,AF
AF: angle-only categorical mean,19,2,56,1.19584,1.1873546875,AF
AF: angle-only categorical mean,19,2,62,1.53985,1.4125486956521738,AF
AF: angle-only categorical mean,19,2,68,1.22121,1.1873546875,AF
AF: angle-only categorical mean,19,2,71,1.56292,1.9233209090909087,AF
AF: angle-only categorical mean,19,2,76,1.46489,1.4125486956521738,AF
AF: angle-only categorical mean,19,2,78,1.14397,1.1873546875,AF
AF: angle-only categorical mean,19,2,83,1.81434,1.9233209090909087,AF
AF: angle-only categorical mean,19,2,84,1.78987,1.9233209090909087,AF
AF: angle-only categorical mean,19,2,87,1.4647,1.4125486956521738,AF
AF: angle-only categorical mean,19,2,88,1.62833,1.4125486956521738,AF
AF: angle-only categorical mean,19,2,90,1.54228,1.4125486956521738,AF
AF: angle-only categorical mean,19,2,92,1.21688,1.1873546875,AF
AF: angle-only categorical mean,19,3,1,1.7596,1.9112654545454546,AF
AF: angle-only categorical mean,19,3,5,1.28243,1.4323423999999998,AF
AF: angle-only categorical mean,19,3,6,1.30412,1.4323423999999998,AF
AF: angle-only categorical mean,19,3,8,1.05256,1.1866953333333334,AF
AF: angle-only categorical mean,19,3,20,1.19111,1.1866953333333334,AF
AF: angle-only categorical mean,19,3,22,1.16534,1.1866953333333334,AF
AF: angle-only categorical mean,19,3,23,1.20579,1.1866953333333334,AF
AF: angle-only categorical mean,19,3,24,1.80422,1.9112654545454546,AF
AF: angle-only categorical mean,19,3,26,2.14773,1.9112654545454546,AF
AF: angle-only categorical mean,19,3,27,1.55854,1.4323423999999998,AF
AF: angle-only categorical mean,19,3,38,1.94988,1.9112654545454546,AF
AF: angle-only categorical mean,19,3,41,1.35048,1.4323423999999998,AF
AF: angle-only categorical mean,19,3,49,1.92546,1.9112654545454546,AF
AF: angle-only categorical mean,19,3,59,2.0106,1.9112654545454546,AF
AF: angle-only categorical mean,19,3,61,1.5134,1.4323423999999998,AF
AF: angle-only categorical mean,19,3,64,1.4624,1.4323423999999998,AF
AF: angle-only categorical mean,19,3,79,1.19772,1.1866953333333334,AF
AF: angle-only categorical mean,19,3,89,1.49292,1.4323423999999998,AF
AF: angle-only categorical mean,19,3,94,1.35987,1.1866953333333334,AF
AF: angle-only categorical mean,19,4,2,1.80526,1.9375276,AF
AF: angle-only categorical mean,19,4,7,1.38795,1.4355607692307688,AF
AF: angle-only categorical mean,19,4,9,1.17187,1.1837269230769232,AF
AF: angle-only categorical mean,19,4,11,1.28156,1.1837269230769232,AF
AF: angle-only categorical mean,19,4,18,1.42223,1.4355607692307688,AF
AF: angle-only categorical mean,19,4,31,1.21458,1.1837269230769232,AF
AF: angle-only categorical mean,19,4,39,1.45212,1.4355607692307688,AF
AF: angle-only categorical mean,19,4,42,1.23805,1.1837269230769232,AF
AF: angle-only categorical mean,19,4,43,1.18126,1.1837269230769232,AF
AF: angle-only categorical mean,19,4,45,1.15453,1.1837269230769232,AF
AF: angle-only categorical mean,19,4,46,1.60113,1.9375276,AF
AF: angle-only categorical mean,19,4,50,1.36288,1.4355607692307688,AF
AF: angle-only categorical mean,19,4,57,1.80075,1.9375276,AF
AF: angle-only categorical mean,19,4,63,1.49433,1.4355607692307688,AF
AF: angle-only categorical mean,19,4,69,1.27114,1.1837269230769232,AF
AF: angle-only categorical mean,19,4,75,1.32876,1.4355607692307688,AF
AF: angle-only categorical mean,19,4,80,1.16671,1.1837269230769232,AF
AF: angle-only categorical mean,19,4,81,1.11558,1.1837269230769232,AF
AF: angle-only categorical mean,19,4,91,1.20107,1.1837269230769232,AF
AF: angle-only categorical mean,19,5,10,1.17573,1.195547142857143,AF
AF: angle-only categorical mean,19,5,15,1.4926,1.4263937037037038,AF
AF: angle-only categorical mean,19,5,17,1.44103,1.4263937037037038,AF
AF: angle-only categorical mean,19,5,32,1.18475,1.195547142857143,AF
AF: angle-only categorical mean,19,5,33,1.00068,1.195547142857143,AF
AF: angle-only categorical mean,19,5,34,1.15143,1.195547142857143,AF
AF: angle-only categorical mean,19,5,36,1.97211,1.8997195454545455,AF
AF: angle-only categorical mean,19,5,40,1.42363,1.4263937037037038,AF
AF: angle-only categorical mean,19,5,44,1.20002,1.195547142857143,AF
AF: angle-only categorical mean,19,5,47,1.95358,1.8997195454545455,AF
AF: angle-only categorical mean,19,5,54,1.18756,1.195547142857143,AF
AF: angle-only categorical mean,19,5,60,2.31133,1.8997195454545455,AF
AF: angle-only categorical mean,19,5,65,1.62994,1.4263937037037038,AF
AF: angle-only categorical mean,19,5,67,1.21931,1.195547142857143,AF
AF: angle-only categorical mean,19,5,70,2.36855,1.8997195454545455,AF
AF: angle-only categorical mean,19,5,72,1.7423,1.8997195454545455,AF
AF: angle-only categorical mean,19,5,77,1.17845,1.195547142857143,AF
AF: angle-only categorical mean,19,5,82,1.50363,1.8997195454545455,AF
AF: angle-only categorical mean,19,5,86,1.27302,1.4263937037037038,AF
AF: angle-only categorical mean,20,1,1,1.7596,1.8969223809523807,AF
AF: angle-only categorical mean,20,1,2,1.80526,1.8969223809523807,AF
AF: angle-only categorical mean,20,1,9,1.17187,1.189986153846154,AF
AF: angle-only categorical mean,20,1,13,1.87831,1.8969223809523807,AF
AF: angle-only categorical mean,20,1,14,1.74885,1.8969223809523807,AF
AF: angle-only categorical mean,20,1,17,1.44103,1.4284941379310345,AF
AF: angle-only categorical mean,20,1,29,1.36564,1.4284941379310345,AF
AF: angle-only categorical mean,20,1,31,1.21458,1.189986153846154,AF
AF: angle-only categorical mean,20,1,32,1.18475,1.189986153846154,AF
AF: angle-only categorical mean,20,1,33,1.00068,1.189986153846154,AF
AF: angle-only categorical mean,20,1,43,1.18126,1.189986153846154,AF
AF: angle-only categorical mean,20,1,44,1.20002,1.189986153846154,AF
AF: angle-only categorical mean,20,1,55,1.18237,1.189986153846154,AF
AF: angle-only categorical mean,20,1,58,1.93806,1.8969223809523807,AF
AF: angle-only categorical mean,20,1,60,2.31133,1.8969223809523807,AF
AF: angle-only categorical mean,20,1,62,1.53985,1.4284941379310345,AF
AF: angle-only categorical mean,20,1,70,2.36855,1.8969223809523807,AF
AF: angle-only categorical mean,20,1,77,1.17845,1.189986153846154,AF
AF: angle-only categorical mean,20,1,92,1.21688,1.189986153846154,AF
AF: angle-only categorical mean,20,1,93,1.30275,1.189986153846154,AF
AF: angle-only categorical mean,20,2,0,2.29017,1.8643600000000002,AF
AF: angle-only categorical mean,20,2,3,1.29597,1.4506379166666665,AF
AF: angle-only categorical mean,20,2,6,1.30412,1.4506379166666665,AF
AF: angle-only categorical mean,20,2,8,1.05256,1.190698125,AF
AF: angle-only categorical mean,20,2,11,1.28156,1.190698125,AF
AF: angle-only categorical mean,20,2,12,2.04975,1.8643600000000002,AF
AF: angle-only categorical mean,20,2,24,1.80422,1.8643600000000002,AF
AF: angle-only categorical mean,20,2,25,2.44505,1.8643600000000002,AF
AF: angle-only categorical mean,20,2,28,1.38725,1.4506379166666665,AF
AF: angle-only categorical mean,20,2,37,2.18925,1.8643600000000002,AF
AF: angle-only categorical mean,20,2,49,1.92546,1.8643600000000002,AF
AF: angle-only categorical mean,20,2,50,1.36288,1.4506379166666665,AF
AF: angle-only categorical mean,20,2,52,1.42105,1.4506379166666665,AF
AF: angle-only categorical mean,20,2,68,1.22121,1.190698125,AF
AF: angle-only categorical mean,20,2,74,1.31523,1.4506379166666665,AF
AF: angle-only categorical mean,20,2,75,1.32876,1.4506379166666665,AF
AF: angle-only categorical mean,20,2,81,1.11558,1.190698125,AF
AF: angle-only categorical mean,20,2,84,1.78987,1.8643600000000002,AF
AF: angle-only categorical mean,20,2,90,1.54228,1.4506379166666665,AF
AF: angle-only categorical mean,20,3,4,1.75407,1.9155426086956522,AF
AF: angle-only categorical mean,20,3,7,1.38795,1.4268075999999998,AF
AF: angle-only categorical mean,20,3,20,1.19111,1.1922244827586208,AF
AF: angle-only categorical mean,20,3,21,1.16533,1.1922244827586208,AF
AF: angle-only categorical mean,20,3,22,1.16534,1.1922244827586208,AF
AF: angle-only categorical mean,20,3,23,1.20579,1.1922244827586208,AF
AF: angle-only categorical mean,20,3,26,2.14773,1.9155426086956522,AF
AF: angle-only categorical mean,20,3,27,1.55854,1.4268075999999998,AF
AF: angle-only categorical mean,20,3,30,1.52016,1.4268075999999998,AF
AF: angle-only categorical mean,20,3,35,1.18045,1.1922244827586208,AF
AF: angle-only categorical mean,20,3,36,1.97211,1.9155426086956522,AF
AF: angle-only categorical mean,20,3,39,1.45212,1.4268075999999998,AF
AF: angle-only categorical mean,20,3,56,1.19584,1.1922244827586208,AF
AF: angle-only categorical mean,20,3,59,2.0106,1.9155426086956522,AF
AF: angle-only categorical mean,20,3,66,1.09488,1.1922244827586208,AF
AF: angle-only categorical mean,20,3,73,1.41795,1.4268075999999998,AF
AF: angle-only categorical mean,20,3,85,1.70334,1.9155426086956522,AF
AF: angle-only categorical mean,20,3,86,1.27302,1.4268075999999998,AF
AF: angle-only categorical mean,20,3,89,1.49292,1.4268075999999998,AF
AF: angle-only categorical mean,20,4,5,1.28243,1.4221330434782609,AF
AF: angle-only categorical mean,20,4,15,1.4926,1.4221330434782609,AF
AF: angle-only categorical mean,20,4,38,1.94988,1.9554243478260869,AF
AF: angle-only categorical mean,20,4,40,1.42363,1.4221330434782609,AF
AF: angle-only categorical mean,20,4,41,1.35048,1.4221330434782609,AF
AF: angle-only categorical mean,20,4,46,1.60113,1.9554243478260869,AF
AF: angle-only categorical mean,20,4,53,1.22687,1.1888019354838715,AF
AF: angle-only categorical mean,20,4,63,1.49433,1.4221330434782609,AF
AF: angle-only categorical mean,20,4,64,1.4624,1.4221330434782609,AF
AF: angle-only categorical mean,20,4,67,1.21931,1.1888019354838715,AF
AF: angle-only categorical mean,20,4,71,1.56292,1.9554243478260869,AF
AF: angle-only categorical mean,20,4,72,1.7423,1.9554243478260869,AF
AF: angle-only categorical mean,20,4,76,1.46489,1.4221330434782609,AF
AF: angle-only categorical mean,20,4,78,1.14397,1.1888019354838715,AF
AF: angle-only categorical mean,20,4,80,1.16671,1.1888019354838715,AF
AF: angle-only categorical mean,20,4,83,1.81434,1.9554243478260869,AF
AF: angle-only categorical mean,20,4,87,1.4647,1.4221330434782609,AF
AF: angle-only categorical mean,20,4,88,1.62833,1.4221330434782609,AF
AF: angle-only categorical mean,20,4,95,1.16353,1.1888019354838715,AF
AF: angle-only categorical mean,20,5,10,1.17573,1.1778326923076923,AF
AF: angle-only categorical mean,20,5,16,1.39505,1.4248337037037035,AF
AF: angle-only categorical mean,20,5,18,1.42223,1.4248337037037035,AF
AF: angle-only categorical mean,20,5,19,1.2125,1.1778326923076923,AF
AF: angle-only categorical mean,20,5,34,1.15143,1.1778326923076923,AF
AF: angle-only categorical mean,20,5,42,1.23805,1.1778326923076923,AF
AF: angle-only categorical mean,20,5,45,1.15453,1.1778326923076923,AF
AF: angle-only categorical mean,20,5,47,1.95358,1.9400895833333334,AF
AF: angle-only categorical mean,20,5,48,1.82522,1.9400895833333334,AF
AF: angle-only categorical mean,20,5,51,1.34172,1.4248337037037035,AF
AF: angle-only categorical mean,20,5,54,1.18756,1.1778326923076923,AF
AF: angle-only categorical mean,20,5,57,1.80075,1.9400895833333334,AF
AF: angle-only categorical mean,20,5,61,1.5134,1.4248337037037035,AF
AF: angle-only categorical mean,20,5,65,1.62994,1.4248337037037035,AF
AF: angle-only categorical mean,20,5,69,1.27114,1.1778326923076923,AF
AF: angle-only categorical mean,20,5,79,1.19772,1.1778326923076923,AF
AF: angle-only categorical mean,20,5,82,1.50363,1.9400895833333334,AF
AF: angle-only categorical mean,20,5,91,1.20107,1.1778326923076923,AF
AF: angle-only categorical mean,20,5,94,1.35987,1.1778326923076923,AF
Qm: P/TP linear,1,1,4,1.834,1.0763105400484942,Qm
Qm: P/TP linear,1,1,12,1.797,0.9729856270222927,Qm
Qm: P/TP linear,1,1,15,0.658,0.9240422471677762,Qm
Qm: P/TP linear,1,1,16,0.874,1.0023516549350027,Qm
Qm: P/TP linear,1,1,19,3.336,1.237279878236682,Qm
Qm: P/TP linear,1,1,26,0.522,0.9240422471677762,Qm
Qm: P/TP linear,1,1,27,0.612,0.9729856270222927,Qm
Qm: P/TP linear,1,1,37,0.768,1.3155892860039087,Qm
Qm: P/TP linear,1,2,6,0.507,1.0336415391783667,Qm
Qm: P/TP linear,1,2,8,1.144,1.2671175710686333,Qm
Qm: P/TP linear,1,2,9,1.438,1.3838555870137665,Qm
Qm: P/TP linear,1,2,13,2.403,1.06282604316465,Qm
Qm: P/TP linear,1,2,25,0.395,0.843942263267525,Qm
Qm: P/TP linear,1,2,31,0.665,1.0920105471509334,Qm
Qm: P/TP linear,1,2,34,1.076,1.2671175710686333,Qm
Qm: P/TP linear,1,2,39,1.027,1.5978752829131777,Qm
Qm: P/TP linear,1,3,0,0.735,0.9527267567652935,Qm
Qm: P/TP linear,1,3,1,0.851,0.9998650836437483,Qm
Qm: P/TP linear,1,3,5,0.293,0.9762959202045209,Qm
Qm: P/TP linear,1,3,11,1.134,0.9762959202045209,Qm
Qm: P/TP linear,1,3,17,1.363,1.145993896966958,Qm
Qm: P/TP linear,1,3,24,1.616,1.400540862110614,Qm
Qm: P/TP linear,1,3,29,1.048,1.1353877734193056,Qm
Qm: P/TP linear,1,3,33,1.084,1.1884183911575674,Qm
Qm: P/TP linear,1,4,2,1.074,1.0336549112321842,Qm
Qm: P/TP linear,1,4,3,1.375,1.109326522103911,Qm
Qm: P/TP linear,1,4,21,0.942,1.2606697438473649,Qm
Qm: P/TP linear,1,4,23,1.45,1.4876845764625455,Qm
Qm: P/TP linear,1,4,30,0.506,1.0563563944937022,Qm
Qm: P/TP linear,1,4,32,0.871,1.1925652940628106,Qm
Qm: P/TP linear,1,4,35,0.644,1.4876845764625455,Qm
Qm: P/TP linear,1,4,36,0.689,1.5444382846163405,Qm
Qm: P/TP linear,1,5,7,0.767,1.0847711663154753,Qm
Qm: P/TP linear,1,5,10,0.778,0.7961889893152114,Qm
Qm: P/TP linear,1,5,14,2.881,1.0710291578868913,Qm
Qm: P/TP linear,1,5,18,2.547,1.1947072337441476,Qm
Qm: P/TP linear,1,5,20,0.811,1.0481258105059181,Qm
Qm: P/TP linear,1,5,22,1.163,1.2313525895537047,Qm
Qm: P/TP linear,1,5,28,0.769,1.0023191157439715,Qm
Qm: P/TP linear,1,5,38,0.918,1.4603860633634382,Qm
Qm: P/TP linear,2,1,6,0.507,1.0002578028261166,Qm
Qm: P/TP linear,2,1,7,0.767,1.0731688571659057,Qm
Qm: P/TP linear,2,1,9,1.438,1.2189909658454843,Qm
Qm: P/TP linear,2,1,13,2.403,1.018485566411064,Qm
Qm: P/TP linear,2,1,19,3.336,1.2189909658454843,Qm
Qm: P/TP linear,2,1,24,1.616,1.2919020201852736,Qm
Qm: P/TP linear,2,1,31,0.665,1.0367133299960112,Qm
Qm: P/TP linear,2,1,35,0.644,1.2311428082354492,Qm
Qm: P/TP linear,2,2,5,0.293,0.8574303816069,Qm
Qm: P/TP linear,2,2,8,1.144,1.2331534215933457,Qm
Qm: P/TP linear,2,2,10,0.778,0.7791547482763905,Qm
Qm: P/TP linear,2,2,12,1.797,0.9357060149374095,Qm
Qm: P/TP linear,2,2,14,2.881,1.0922572815984286,Qm
Qm: P/TP linear,2,2,20,0.811,1.066165403821592,Qm
Qm: P/TP linear,2,2,32,0.871,1.1079124082645304,Qm
Qm: P/TP linear,2,2,37,0.768,1.4836354482509762,Qm
Qm: P/TP linear,2,3,15,0.658,0.9394142000674397,Qm
Qm: P/TP linear,2,3,22,1.163,1.382935560750067,Qm
Qm: P/TP linear,2,3,26,0.522,0.9394142000674397,Qm
Qm: P/TP linear,2,3,28,0.769,1.105734710323425,Qm
Qm: P/TP linear,2,3,29,1.048,1.1888949654514176,Qm
Qm: P/TP linear,2,3,33,1.084,1.2720552205794102,Qm
Qm: P/TP linear,2,3,36,0.689,1.5492560710060523,Qm
Qm: P/TP linear,2,3,39,1.027,1.7155765812620376,Qm
Qm: P/TP linear,2,4,1,0.851,0.930251217155031,Qm
Qm: P/TP linear,2,4,3,1.375,1.0451731135663054,Qm
Qm: P/TP linear,2,4,11,1.134,0.9015207430522124,Qm
Qm: P/TP linear,2,4,18,2.547,1.2118098633626535,Qm
Qm: P/TP linear,2,4,23,1.45,1.3324778545944915,Qm
Qm: P/TP linear,2,4,25,0.395,0.8368771763208704,Qm
Qm: P/TP linear,2,4,34,1.076,1.2118098633626535,Qm
Qm: P/TP linear,2,4,38,0.918,1.4617649880571753,Qm
Qm: P/TP linear,2,5,0,0.735,0.9355957933195248,Qm
Qm: P/TP linear,2,5,2,1.074,1.0378451990053734,Qm
Qm: P/TP linear,2,5,4,1.834,1.1400946046912224,Qm
Qm: P/TP linear,2,5,16,0.874,1.0531826098582509,Qm
Qm: P/TP linear,2,5,17,1.363,1.1452070749755148,Qm
Qm: P/TP linear,2,5,21,0.942,1.1912193075341468,Qm
Qm: P/TP linear,2,5,27,0.612,1.0186734354392768,Qm
Qm: P/TP linear,2,5,30,0.506,1.0531826098582509,Qm
Qm: P/TP linear,3,1,5,0.293,0.9713152037894119,Qm
Qm: P/TP linear,3,1,11,1.134,0.9713152037894119,Qm
Qm: P/TP linear,3,1,15,0.658,0.9713152037894119,Qm
Qm: P/TP linear,3,1,17,1.363,1.1326365576910435,Qm
Qm: P/TP linear,3,1,19,3.336,1.2939579115926754,Qm
Qm: P/TP linear,3,1,27,0.612,1.021728126883672,Qm
Qm: P/TP linear,3,1,36,0.689,1.341009973147318,Qm
Qm: P/TP linear,3,1,38,0.918,1.4082272039396644,Qm
Qm: P/TP linear,3,2,2,1.074,0.9820469148666358,Qm
Qm: P/TP linear,3,2,8,1.144,1.1847423255821314,Qm
Qm: P/TP linear,3,2,9,1.438,1.278294053604668,Qm
Qm: P/TP linear,3,2,12,1.797,0.9625569715286072,Qm
Qm: P/TP linear,3,2,16,0.874,0.9976388695370584,Qm
Qm: P/TP linear,3,2,18,2.547,1.1847423255821314,Qm
Qm: P/TP linear,3,2,26,0.522,0.9040871415145219,Qm
Qm: P/TP linear,3,2,31,0.665,1.0444147335483267,Qm
Qm: P/TP linear,3,3,0,0.735,0.8364827800110494,Qm
Qm: P/TP linear,3,3,1,0.851,0.891544257705621,Qm
Qm: P/TP linear,3,3,4,1.834,1.0567286907893356,Qm
Qm: P/TP linear,3,3,10,0.778,0.8020693564519421,Qm
Qm: P/TP linear,3,3,14,2.881,1.0498460060775143,Qm
Qm: P/TP linear,3,3,24,1.616,1.3595668181094795,Qm
Qm: P/TP linear,3,3,29,1.048,1.0498460060775143,Qm
Qm: P/TP linear,3,3,33,1.084,1.1117901684839073,Qm
Qm: P/TP linear,3,4,6,0.507,1.076130483396181,Qm
Qm: P/TP linear,3,4,7,0.767,1.1681991472839452,Qm
Qm: P/TP linear,3,4,13,2.403,1.099147649368122,Qm
Qm: P/TP linear,3,4,21,0.942,1.2142334792278273,Qm
Qm: P/TP linear,3,4,25,0.395,0.926518904578564,Qm
Qm: P/TP linear,3,4,28,0.769,1.099147649368122,Qm
Qm: P/TP linear,3,4,30,0.506,1.076130483396181,Qm
Qm: P/TP linear,3,4,34,1.076,1.2602678111717096,Qm
Qm: P/TP linear,3,5,3,1.375,1.1079268030874811,Qm
Qm: P/TP linear,3,5,20,0.811,1.1575781061508588,Qm
Qm: P/TP linear,3,5,22,1.163,1.455485924531123,Qm
Qm: P/TP linear,3,5,23,1.45,1.6044398337212555,Qm
Qm: P/TP linear,3,5,32,0.871,1.2171596698269116,Qm
Qm: P/TP linear,3,5,35,0.644,1.6044398337212555,Qm
Qm: P/TP linear,3,5,37,0.768,1.7533937429113877,Qm
Qm: P/TP linear,3,5,39,1.027,1.9023476521015195,Qm
Qm: P/TP linear,4,1,0,0.735,0.9158974740389744,Qm
Qm: P/TP linear,4,1,5,0.293,0.9367508105190987,Qm
Qm: P/TP linear,4,1,7,0.767,1.086894833175994,Qm
Qm: P/TP linear,4,1,9,1.438,1.2370388558328893,Qm
Qm: P/TP linear,4,1,13,2.403,1.0305908246796585,Qm
Qm: P/TP linear,4,1,19,3.336,1.2370388558328893,Qm
Qm: P/TP linear,4,1,20,0.811,1.0618708293998447,Qm
Qm: P/TP linear,4,1,37,0.768,1.312110867161337,Qm
Qm: P/TP linear,4,2,10,0.778,0.7834030494223037,Qm
Qm: P/TP linear,4,2,16,0.874,1.0202848013329324,Qm
Qm: P/TP linear,4,2,18,2.547,1.3118315729152445,Qm
Qm: P/TP linear,4,2,24,1.616,1.6033783444975567,Qm
Qm: P/TP linear,4,2,28,0.769,1.0567281477807213,Qm
Qm: P/TP linear,4,2,35,0.644,1.4819005230049267,Qm
Qm: P/TP linear,4,2,36,0.689,1.5426394337512417,Qm
Qm: P/TP linear,4,2,39,1.027,1.7248561659901867,Qm
Qm: P/TP linear,4,3,2,1.074,1.0256369855960905,Qm
Qm: P/TP linear,4,3,6,0.507,1.0420925303319928,Qm
Qm: P/TP linear,4,3,12,1.797,1.0050675546762122,Qm
Qm: P/TP linear,4,3,17,1.363,1.1408257987474077,Qm
Qm: P/TP linear,4,3,26,0.522,0.9433592619165779,Qm
Qm: P/TP linear,4,3,27,0.612,1.0050675546762122,Qm
Qm: P/TP linear,4,3,29,1.048,1.1284841401954808,Qm
Qm: P/TP linear,4,3,33,1.084,1.1901924329551155,Qm
Qm: P/TP linear,4,4,1,0.851,0.9188292374142205,Qm
Qm: P/TP linear,4,4,8,1.144,1.232824767413696,Qm
Qm: P/TP linear,4,4,14,2.881,1.1030613085873822,Qm
Qm: P/TP linear,4,4,22,1.163,1.2712731996585296,Qm
Qm: P/TP linear,4,4,23,1.45,1.367394280270614,Qm
Qm: P/TP linear,4,4,25,0.395,0.8146980667511292,Qm
Qm: P/TP linear,4,4,34,1.076,1.232824767413696,Qm
Qm: P/TP linear,4,4,38,0.918,1.5115759011887406,Qm
Qm: P/TP linear,4,5,3,1.375,1.0830393104313583,Qm
Qm: P/TP linear,4,5,4,1.834,1.138435893670352,Qm
Qm: P/TP linear,4,5,11,1.134,0.9445478523338743,Qm
Qm: P/TP linear,4,5,15,0.658,0.9445478523338743,Qm
Qm: P/TP linear,4,5,21,0.942,1.1938324769093458,Qm
Qm: P/TP linear,4,5,30,0.506,1.044261702164063,Qm
Qm: P/TP linear,4,5,31,0.665,1.0941186270791572,Qm
Qm: P/TP linear,4,5,32,0.871,1.1439755519942514,Qm
Qm: P/TP linear,5,1,3,1.375,1.0539260720156995,Qm
Qm: P/TP linear,5,1,4,1.834,1.1338383349798167,Qm
Qm: P/TP linear,5,1,6,0.507,0.9979874879408177,Qm
Qm: P/TP linear,5,1,9,1.438,1.4295137079470492,Qm
Qm: P/TP linear,5,1,10,0.778,0.7642441187707758,Qm
Qm: P/TP linear,5,1,17,1.363,1.1418295612762284,Qm
Qm: P/TP linear,5,1,38,0.918,1.6332899785055477,Qm
Qm: P/TP linear,5,1,39,1.027,1.6932241757286353,Qm
Qm: P/TP linear,5,2,1,0.851,0.8498939917449738,Qm
Qm: P/TP linear,5,2,7,0.767,1.0536340091342815,Qm
Qm: P/TP linear,5,2,12,1.797,0.8909706081541084,Qm
Qm: P/TP linear,5,2,13,2.403,0.9649085176905507,Qm
Qm: P/TP linear,5,2,14,2.881,1.038846427226993,Qm
Qm: P/TP linear,5,2,20,0.811,1.0142004573815122,Qm
Qm: P/TP linear,5,2,26,0.522,0.8170326986176661,Qm
Qm: P/TP linear,5,2,30,0.506,0.9353333538759738,Qm
Qm: P/TP linear,5,3,21,0.942,1.3199960793041632,Qm
Qm: P/TP linear,5,3,24,1.616,1.7348637794133663,Qm
Qm: P/TP linear,5,3,28,0.769,1.1125622292495616,Qm
Qm: P/TP linear,5,3,31,0.665,1.1540489992604819,Qm
Qm: P/TP linear,5,3,33,1.084,1.3199960793041632,Qm
Qm: P/TP linear,5,3,35,0.644,1.596574546043632,Qm
Qm: P/TP linear,5,3,36,0.689,1.665719162728499,Qm
Qm: P/TP linear,5,3,37,0.768,1.7348637794133663,Qm
Qm: P/TP linear,5,4,0,0.735,0.9834819875556583,Qm
Qm: P/TP linear,5,4,8,1.144,1.258217763147524,Qm
Qm: P/TP linear,5,4,15,0.658,1.0067646804024266,Qm
Qm: P/TP linear,5,4,22,1.163,1.286156994563646,Qm
Qm: P/TP linear,5,4,23,1.45,1.356005073103951,Qm
Qm: P/TP linear,5,4,25,0.395,0.9543786214971979,Qm
Qm: P/TP linear,5,4,32,0.871,1.1744000688991583,Qm
Qm: P/TP linear,5,4,34,1.076,1.258217763147524,Qm
Qm: P/TP linear,5,5,2,1.074,1.015087244820434,Qm
Qm: P/TP linear,5,5,5,0.293,0.977956655675895,Qm
Qm: P/TP linear,5,5,11,1.134,0.977956655675895,Qm
Qm: P/TP linear,5,5,16,0.874,1.0225133626493417,Qm
Qm: P/TP linear,5,5,18,2.547,1.1116267765962355,Qm
Qm: P/TP linear,5,5,19,3.336,1.156183483569682,Qm
Qm: P/TP linear,5,5,27,0.612,1.0058045975342993,Qm
Qm: P/TP linear,5,5,29,1.048,1.0615004812511077,Qm
Qm: P/TP linear,6,1,5,0.293,0.9483178825315639,Qm
Qm: P/TP linear,6,1,10,0.778,0.8882914713330275,Qm
Qm: P/TP linear,6,1,14,2.881,1.1283971161271729,Qm
Qm: P/TP linear,6,1,15,0.658,0.9483178825315639,Qm
Qm: P/TP linear,6,1,21,0.942,1.188423527325709,Qm
Qm: P/TP linear,6,1,24,1.616,1.4285291721198543,Qm
Qm: P/TP linear,6,1,30,0.506,1.044360140449222,Qm
Qm: P/TP linear,6,1,38,0.918,1.4685467795855454,Qm
Qm: P/TP linear,6,2,0,0.735,0.8404178835571486,Qm
Qm: P/TP linear,6,2,2,1.074,0.9315051066127684,Qm
Qm: P/TP linear,6,2,3,1.375,0.9770487181405781,Qm
Qm: P/TP linear,6,2,4,1.834,1.022592329668388,Qm
Qm: P/TP linear,6,2,12,1.797,0.9144262522898396,Qm
Qm: P/TP linear,6,2,19,3.336,1.1911036923212843,Qm
Qm: P/TP linear,6,2,28,0.769,0.9656628152586257,Qm
Qm: P/TP linear,6,2,29,1.048,1.0168993782274118,Qm
Qm: P/TP linear,6,3,1,0.851,1.0284671605534055,Qm
Qm: P/TP linear,6,3,9,1.438,1.393860530224881,Qm
Qm: P/TP linear,6,3,20,0.811,1.1648079701323142,Qm
Qm: P/TP linear,6,3,22,1.163,1.3284169416270046,Qm
Qm: P/TP linear,6,3,25,0.395,0.9398456343271149,Qm
Qm: P/TP linear,6,3,27,0.612,1.0625523629481326,Qm
Qm: P/TP linear,6,3,32,0.871,1.1975297644312524,Qm
Qm: P/TP linear,6,3,35,0.644,1.41022142737435,Qm
Qm: P/TP linear,6,4,11,1.134,0.8433833917579585,Qm
Qm: P/TP linear,6,4,13,2.403,0.9909656510549407,Qm
Qm: P/TP linear,6,4,17,1.363,1.0795150066331303,Qm
Qm: P/TP linear,6,4,18,2.547,1.197580814070716,Qm
Qm: P/TP linear,6,4,26,0.522,0.8433833917579585,Qm
Qm: P/TP linear,6,4,31,0.665,1.0204821029143374,Qm
Qm: P/TP linear,6,4,33,1.084,1.1385479103519232,Qm
Qm: P/TP linear,6,4,37,0.768,1.4337124289458878,Qm
Qm: P/TP linear,6,5,6,0.507,1.0665447746108483,Qm
Qm: P/TP linear,6,5,7,0.767,1.2117042731384111,Qm
Qm: P/TP linear,6,5,8,1.144,1.3568637716659744,Qm
Qm: P/TP linear,6,5,16,0.874,1.0665447746108483,Qm
Qm: P/TP linear,6,5,23,1.45,1.5262165199481312,Qm
Qm: P/TP linear,6,5,34,1.076,1.3568637716659744,Qm
Qm: P/TP linear,6,5,36,0.689,1.5866996443346155,Qm
Qm: P/TP linear,6,5,39,1.027,1.7681490174940693,Qm
Qm: P/TP linear,7,1,3,1.375,1.1053026917052375,Qm
Qm: P/TP linear,7,1,9,1.438,1.4273823443122096,Qm
Qm: P/TP linear,7,1,23,1.45,1.4479406200105271,Qm
Qm: P/TP linear,7,1,24,1.616,1.5507319985021137,Qm
Qm: P/TP linear,7,1,25,0.395,0.8568901936839026,Qm
Qm: P/TP linear,7,1,26,0.522,0.9339837275525928,Qm
Qm: P/TP linear,7,1,36,0.689,1.4993363092563203,Qm
Qm: P/TP linear,7,1,37,0.768,1.5507319985021137,Qm
Qm: P/TP linear,7,2,1,0.851,0.9571266846214288,Qm
Qm: P/TP linear,7,2,5,0.293,0.9355520928302704,Qm
Qm: P/TP linear,7,2,11,1.134,0.9355520928302704,Qm
Qm: P/TP linear,7,2,13,2.403,1.032637755890483,Qm
Qm: P/TP linear,7,2,19,3.336,1.24622621462295,Qm
Qm: P/TP linear,7,2,30,0.506,1.0132206232784404,Qm
Qm: P/TP linear,7,2,32,0.871,1.0908891537266103,Qm
Qm: P/TP linear,7,2,35,0.644,1.259170969697645,Qm
Qm: P/TP linear,7,3,2,1.074,1.0092026709125852,Qm
Qm: P/TP linear,7,3,8,1.144,1.2387744433641716,Qm
Qm: P/TP linear,7,3,10,0.778,0.8546832086855557,Qm
Qm: P/TP linear,7,3,15,0.658,0.9209058353542825,Qm
Qm: P/TP linear,7,3,18,2.547,1.2387744433641716,Qm
Qm: P/TP linear,7,3,20,0.811,1.0974995064708875,Qm
Qm: P/TP linear,7,3,21,0.942,1.1857963420291902,Qm
Qm: P/TP linear,7,3,38,0.918,1.4948352664832492,Qm
Qm: P/TP linear,7,4,7,0.767,1.0841800360377833,Qm
Qm: P/TP linear,7,4,12,1.797,0.9243790243822169,Qm
Qm: P/TP linear,7,4,14,2.881,1.0696526713418228,Qm
Qm: P/TP linear,7,4,16,0.874,0.9679611184700986,Qm
Qm: P/TP linear,7,4,22,1.163,1.2391385927946963,Qm
Qm: P/TP linear,7,4,29,1.048,1.0696526713418228,Qm
Qm: P/TP linear,7,4,31,0.665,1.0260705772539411,Qm
Qm: P/TP linear,7,4,33,1.084,1.1422894948216258,Qm
Qm: P/TP linear,7,5,0,0.735,0.9112249849299046,Qm
Qm: P/TP linear,7,5,4,1.834,1.1547024931347343,Qm
Qm: P/TP linear,7,5,6,0.507,1.0512245521476817,Qm
Qm: P/TP linear,7,5,17,1.363,1.160789430839855,Qm
Qm: P/TP linear,7,5,27,0.612,1.0101377226381167,Qm
Qm: P/TP linear,7,5,28,0.769,1.078615771820725,Qm
Qm: P/TP linear,7,5,34,1.076,1.2703543095320284,Qm
Qm: P/TP linear,7,5,39,1.027,1.5807881324931863,Qm
Qm: P/TP linear,8,1,0,0.735,0.9238925812609489,Qm
Qm: P/TP linear,8,1,2,1.074,0.9828665941591515,Qm
Qm: P/TP linear,8,1,14,2.881,1.0381547312512165,Qm
Qm: P/TP linear,8,1,16,0.874,0.9917126960938819,Qm
Qm: P/TP linear,8,1,19,3.336,1.1509425309190289,Qm
Qm: P/TP linear,8,1,21,0.942,1.0713276135064556,Qm
Qm: P/TP linear,8,1,23,1.45,1.1597886328537594,Qm
Qm: P/TP linear,8,1,25,0.395,0.9054632022302606,Qm
Qm: P/TP linear,8,2,10,0.778,0.7776728414692682,Qm
Qm: P/TP linear,8,2,11,1.134,0.8518266334097615,Qm
Qm: P/TP linear,8,2,13,2.403,1.000134217290748,Qm
Qm: P/TP linear,8,2,17,1.363,1.08911876761934,Qm
Qm: P/TP linear,8,2,22,1.163,1.247313523759059,Qm
Qm: P/TP linear,8,2,28,0.769,1.000134217290748,Qm
Qm: P/TP linear,8,2,29,1.048,1.0742880092312412,Qm
Qm: P/TP linear,8,2,33,1.084,1.1484418011717346,Qm
Qm: P/TP linear,8,3,3,1.375,1.1132502856610056,Qm
Qm: P/TP linear,8,3,7,0.767,1.1959662254014858,Qm
Qm: P/TP linear,8,3,9,1.438,1.4666729372794205,Qm
Qm: P/TP linear,8,3,20,0.811,1.1508484400884966,Qm
Qm: P/TP linear,8,3,24,1.616,1.6020262932183882,Qm
Qm: P/TP linear,8,3,30,0.506,1.0606128694625183,Qm
Qm: P/TP linear,8,3,35,0.644,1.4892318299359153,Qm
Qm: P/TP linear,8,3,37,0.768,1.6020262932183882,Qm
Qm: P/TP linear,8,4,1,0.851,1.018971252298691,Qm
Qm: P/TP linear,8,4,4,1.834,1.1647853980819893,Qm
Qm: P/TP linear,8,4,6,0.507,1.0821573821381203,Qm
Qm: P/TP linear,8,4,8,1.144,1.2571343570780784,Qm
Qm: P/TP linear,8,4,15,0.658,0.9946688946681413,Qm
Qm: P/TP linear,8,4,27,0.612,1.0493491993368782,Qm
Qm: P/TP linear,8,4,31,0.665,1.1259016258731098,Qm
Qm: P/TP linear,8,4,34,1.076,1.2571343570780784,Qm
Qm: P/TP linear,8,5,5,0.293,0.8606908469293391,Qm
Qm: P/TP linear,8,5,12,1.797,0.9551124232000725,Qm
Qm: P/TP linear,8,5,18,2.547,1.3139144130288603,Qm
Qm: P/TP linear,8,5,26,0.522,0.8606908469293391,Qm
Qm: P/TP linear,8,5,32,0.871,1.1628398909956863,Qm
Qm: P/TP linear,8,5,36,0.689,1.553115739581385,Qm
Qm: P/TP linear,8,5,38,0.918,1.6790111746090302,Qm
Qm: P/TP linear,8,5,39,1.027,1.7419588921228524,Qm
Qm: P/TP linear,9,1,1,0.851,1.0484548023210367,Qm
Qm: P/TP linear,9,1,8,1.144,1.305520088708601,Qm
Qm: P/TP linear,9,1,16,0.874,1.1166557966687578,Qm
Qm: P/TP linear,9,1,25,0.395,0.9632035593863854,Qm
Qm: P/TP linear,9,1,27,0.612,1.0812437419112872,Qm
Qm: P/TP linear,9,1,28,0.769,1.140263833173738,Qm
Qm: P/TP linear,9,1,31,0.665,1.1638718696787187,Qm
Qm: P/TP linear,9,1,36,0.689,1.4550376532401432,Qm
Qm: P/TP linear,9,2,12,1.797,0.9231885054873658,Qm
Qm: P/TP linear,9,2,18,2.547,1.0626400090396757,Qm
Qm: P/TP linear,9,2,19,3.336,1.121356431588017,Qm
Qm: P/TP linear,9,2,21,0.942,1.0332817977655053,Qm
Qm: P/TP linear,9,2,23,1.45,1.1311425020127404,Qm
Qm: P/TP linear,9,2,24,1.616,1.1800728541363579,Qm
Qm: P/TP linear,9,2,29,1.048,0.996584033672792,Qm
Qm: P/TP linear,9,2,39,1.027,1.2290032062599754,Qm
Qm: P/TP linear,9,3,0,0.735,0.8350375092338609,Qm
Qm: P/TP linear,9,3,3,1.375,1.0757695185455767,Qm
Qm: P/TP linear,9,3,9,1.438,1.4529163331339312,Qm
Qm: P/TP linear,9,3,10,0.778,0.7848850072939202,Qm
Qm: P/TP linear,9,3,17,1.363,1.1640379219598724,Qm
Qm: P/TP linear,9,3,20,0.811,1.1158915200975292,Qm
Qm: P/TP linear,9,3,37,0.768,1.5973555387209606,Qm
Qm: P/TP linear,9,3,38,0.918,1.6575385410488896,Qm
Qm: P/TP linear,9,4,2,1.074,0.9733575299237792,Qm
Qm: P/TP linear,9,4,5,0.293,0.8818109054078809,Qm
Qm: P/TP linear,9,4,7,0.767,1.1015228042460368,Qm
Qm: P/TP linear,9,4,13,2.403,1.0191308421817284,Qm
Qm: P/TP linear,9,4,14,2.881,1.087790810568652,Qm
Qm: P/TP linear,9,4,15,0.658,0.8818109054078809,Qm
Qm: P/TP linear,9,4,26,0.522,0.8818109054078809,Qm
Qm: P/TP linear,9,4,35,0.644,1.3395440279873725,Qm
Qm: P/TP linear,9,5,4,1.834,1.1459311060708761,Qm
Qm: P/TP linear,9,5,6,0.507,1.0492810700332424,Qm
Qm: P/TP linear,9,5,11,1.134,0.9469457377581008,Qm
Qm: P/TP linear,9,5,22,1.163,1.2880635120085726,Qm
Qm: P/TP linear,9,5,30,0.506,1.0492810700332424,Qm
Qm: P/TP linear,9,5,32,0.871,1.151616402308384,Qm
Qm: P/TP linear,9,5,33,1.084,1.2027840684459548,Qm
Qm: P/TP linear,9,5,34,1.076,1.2539517345835256,Qm
Qm: P/TP linear,10,1,0,0.735,0.8897405222643072,Qm
Qm: P/TP linear,10,1,11,1.134,0.91455644924466,Qm
Qm: P/TP linear,10,1,15,0.658,0.91455644924466,Qm
Qm: P/TP linear,10,1,17,1.363,1.093231123503199,Qm
Qm: P/TP linear,10,1,18,2.547,1.1825684606324687,Qm
Qm: P/TP linear,10,1,22,1.163,1.2123475730088917,Qm
Qm: P/TP linear,10,1,23,1.45,1.28679535394995,Qm
Qm: P/TP linear,10,1,34,1.076,1.1825684606324687,Qm
Qm: P/TP linear,10,2,2,1.074,0.905984972087892,Qm
Qm: P/TP linear,10,2,12,1.797,0.8825555620442258,Qm
Qm: P/TP linear,10,2,14,2.881,1.023132022306223,Qm
Qm: P/TP linear,10,2,19,3.336,1.2621120047516183,Qm
Qm: P/TP linear,10,2,29,1.048,1.023132022306223,Qm
Qm: P/TP linear,10,2,31,0.665,0.9809590842276239,Qm
Qm: P/TP linear,10,2,36,0.689,1.3277143528738837,Qm
Qm: P/TP linear,10,2,39,1.027,1.468290813135881,Qm
Qm: P/TP linear,10,3,1,0.851,0.9681108894345662,Qm
Qm: P/TP linear,10,3,7,0.767,1.1471761201929032,Qm
Qm: P/TP linear,10,3,8,1.144,1.251149479988067,Qm
Qm: P/TP linear,10,3,13,2.403,1.0691961003465307,Qm
Qm: P/TP linear,10,3,24,1.616,1.4590961995783938,Qm
Qm: P/TP linear,10,3,25,0.395,0.8742460507305992,Qm
Qm: P/TP linear,10,3,26,0.522,0.9392294006025764,Qm
Qm: P/TP linear,10,3,35,0.644,1.3724517330824242,Qm
Qm: P/TP linear,10,4,3,1.375,1.0944769946603246,Qm
Qm: P/TP linear,10,4,4,1.834,1.1553832498520846,Qm
Qm: P/TP linear,10,4,6,0.507,1.051842616026093,Qm
Qm: P/TP linear,10,4,10,0.778,0.8736918195901953,Qm
Qm: P/TP linear,10,4,20,0.811,1.1249301222562047,Qm
Qm: P/TP linear,10,4,27,0.612,1.010730893771655,Qm
Qm: P/TP linear,10,4,28,0.769,1.079250430862385,Qm
Qm: P/TP linear,10,4,38,0.918,1.5360473448005838,Qm
Qm: P/TP linear,10,5,5,0.293,0.9943760070247193,Qm
Qm: P/TP linear,10,5,9,1.438,1.4168863493004422,Qm
Qm: P/TP linear,10,5,16,0.874,1.10000359259365,Qm
Qm: P/TP linear,10,5,21,0.942,1.2584449709470462,Qm
Qm: P/TP linear,10,5,30,0.506,1.10000359259365,Qm
Qm: P/TP linear,10,5,32,0.871,1.2056311781625808,Qm
Qm: P/TP linear,10,5,33,1.084,1.2584449709470462,Qm
Qm: P/TP linear,10,5,37,0.768,1.522513934869373,Qm
Qm: P/TP linear,11,1,0,0.735,0.9020621995311473,Qm
Qm: P/TP linear,11,1,2,1.074,0.9806290264478688,Qm
Qm: P/TP linear,11,1,8,1.144,1.1338343389354755,Qm
Qm: P/TP linear,11,1,18,2.547,1.1338343389354755,Qm
Qm: P/TP linear,11,1,19,3.336,1.2045444831605248,Qm
Qm: P/TP linear,11,1,24,1.616,1.275254627385574,Qm
Qm: P/TP linear,11,1,35,0.644,1.216329507198033,Qm
Qm: P/TP linear,11,1,36,0.689,1.2457920672918035,Qm
Qm: P/TP linear,11,2,4,1.834,1.1345188954666638,Qm
Qm: P/TP linear,11,2,6,0.507,1.0163154951455755,Qm
Qm: P/TP linear,11,2,7,0.767,1.141472036662022,Qm
Qm: P/TP linear,11,2,9,1.438,1.3917851196949151,Qm
Qm: P/TP linear,11,2,12,1.797,0.9693817920769081,Qm
Qm: P/TP linear,11,2,15,0.658,0.8911589536291289,Qm
Qm: P/TP linear,11,2,21,0.942,1.2040503074202453,Qm
Qm: P/TP linear,11,2,37,0.768,1.5169416612113618,Qm
Qm: P/TP linear,11,3,14,2.881,1.1188834200789872,Qm
Qm: P/TP linear,11,3,16,0.874,1.0419567719188354,Qm
Qm: P/TP linear,11,3,17,1.363,1.1298729412447233,Qm
Qm: P/TP linear,11,3,20,0.811,1.1005675514694273,Qm
Qm: P/TP linear,11,3,25,0.395,0.899092996764268,Qm
Qm: P/TP linear,11,3,30,0.506,1.0419567719188354,Qm
Qm: P/TP linear,11,3,31,0.665,1.0859148565817796,Qm
Qm: P/TP linear,11,3,33,1.084,1.173831025907667,Qm
Qm: P/TP linear,11,4,1,0.851,0.9853480365303587,Qm
Qm: P/TP linear,11,4,3,1.375,1.106080408152559,Qm
Qm: P/TP linear,11,4,10,0.778,0.8872529845873208,Qm
Qm: P/TP linear,11,4,26,0.522,0.9551649436248086,Qm
Qm: P/TP linear,11,4,27,0.612,1.0230769026622963,Qm
Qm: P/TP linear,11,4,29,1.048,1.1589008207372717,Qm
Qm: P/TP linear,11,4,34,1.076,1.2811423470047496,Qm
Qm: P/TP linear,11,4,38,0.918,1.5437352552830355,Qm
Qm: P/TP linear,11,5,5,0.293,0.8816014129878684,Qm
Qm: P/TP linear,11,5,11,1.134,0.8816014129878684,Qm
Qm: P/TP linear,11,5,13,2.403,1.0380946967308298,Qm
Qm: P/TP linear,11,5,22,1.163,1.298916836302432,Qm
Qm: P/TP linear,11,5,23,1.45,1.403245692131073,Qm
Qm: P/TP linear,11,5,28,0.769,1.0380946967308298,Qm
Qm: P/TP linear,11,5,32,0.871,1.1319906669766064,Qm
Qm: P/TP linear,11,5,39,1.027,1.6119034037883546,Qm
Qm: P/TP linear,12,1,1,0.851,0.9679771711461733,Qm
Qm: P/TP linear,12,1,4,1.834,1.1797287448391043,Qm
Qm: P/TP linear,12,1,7,0.767,1.1867871306288686,Qm
Qm: P/TP linear,12,1,8,1.144,1.3138380748446272,Qm
Qm: P/TP linear,12,1,15,0.658,0.9326852421973515,Qm
Qm: P/TP linear,12,1,27,0.612,1.0120920823322006,Qm
Qm: P/TP linear,12,1,35,0.644,1.4620641764296791,Qm
Qm: P/TP linear,12,1,36,0.689,1.5150020698529116,Qm
Qm: P/TP linear,12,2,0,0.735,0.9575640844979771,Qm
Qm: P/TP linear,12,2,2,1.074,1.0272734402676447,Qm
Qm: P/TP linear,12,2,10,0.778,0.9357799108199559,Qm
Qm: P/TP linear,12,2,17,1.363,1.1004682638257957,Qm
Qm: P/TP linear,12,2,19,3.336,1.2259451042111977,Qm
Qm: P/TP linear,12,2,21,0.942,1.1318374739221464,Qm
Qm: P/TP linear,12,2,31,0.665,1.0690990537294454,Qm
Qm: P/TP linear,12,2,32,0.871,1.1004682638257957,Qm
Qm: P/TP linear,12,3,13,2.403,0.9892392225295337,Qm
Qm: P/TP linear,12,3,14,2.881,1.0698697656989857,Qm
Qm: P/TP linear,12,3,16,0.874,0.9569870052617528,Qm
Qm: P/TP linear,12,3,28,0.769,0.9892392225295337,Qm
Qm: P/TP linear,12,3,30,0.506,0.9569870052617528,Qm
Qm: P/TP linear,12,3,33,1.084,1.1505003088684376,Qm
Qm: P/TP linear,12,3,34,1.076,1.2150047434039992,Qm
Qm: P/TP linear,12,3,38,0.918,1.5267761769925468,Qm
Qm: P/TP linear,12,4,3,1.375,1.0597874429295127,Qm
Qm: P/TP linear,12,4,6,0.507,1.0205118348761009,Qm
Qm: P/TP linear,12,4,11,1.134,0.9195174141673272,Qm
Qm: P/TP linear,12,4,18,2.547,1.2225006762936481,Qm
Qm: P/TP linear,12,4,20,0.811,1.0878414486819499,Qm
Qm: P/TP linear,12,4,23,1.45,1.3403275004538842,Qm
Qm: P/TP linear,12,4,26,0.522,0.9195174141673272,Qm
Qm: P/TP linear,12,4,39,1.027,1.5086515349685066,Qm
Qm: P/TP linear,12,5,5,0.293,0.9421557426207123,Qm
Qm: P/TP linear,12,5,9,1.438,1.3682720836870952,Qm
Qm: P/TP linear,12,5,12,1.797,1.0087364209123346,Qm
Qm: P/TP linear,12,5,22,1.163,1.2972526935093647,Qm
Qm: P/TP linear,12,5,24,1.616,1.474801168953691,Qm
Qm: P/TP linear,12,5,25,0.395,0.87557506432909,Qm
Qm: P/TP linear,12,5,29,1.048,1.1418977774955794,Qm
Qm: P/TP linear,12,5,37,0.768,1.474801168953691,Qm
Qm: P/TP linear,13,1,14,2.881,1.052245922466319,Qm
Qm: P/TP linear,13,1,19,3.336,1.2372954175129203,Qm
Qm: P/TP linear,13,1,24,1.616,1.3243775328289682,Qm
Qm: P/TP linear,13,1,27,0.612,0.9433932783212595,Qm
Qm: P/TP linear,13,1,28,0.769,0.9978196003937894,Qm
Qm: P/TP linear,13,1,34,1.076,1.1502133021968728,Qm
Qm: P/TP linear,13,1,37,0.768,1.3243775328289682,Qm
Qm: P/TP linear,13,1,39,1.027,1.3969459622590077,Qm
Qm: P/TP linear,13,2,8,1.144,1.3210894702840132,Qm
Qm: P/TP linear,13,2,10,0.778,0.7640399325518308,Qm
Qm: P/TP linear,13,2,12,1.797,0.9561259800456867,Qm
Qm: P/TP linear,13,2,21,0.942,1.2442550512864707,Qm
Qm: P/TP linear,13,2,29,1.048,1.1482120275395427,Qm
Qm: P/TP linear,13,2,32,0.871,1.1674206322889282,Qm
Qm: P/TP linear,13,2,35,0.644,1.5003697812782788,Qm
Qm: P/TP linear,13,2,38,0.918,1.6924558287721347,Qm
Qm: P/TP linear,13,3,1,0.851,0.9806866868598272,Qm
Qm: P/TP linear,13,3,3,1.375,1.0701408939629484,Qm
Qm: P/TP linear,13,3,11,1.134,0.9583231350840469,Qm
Qm: P/TP linear,13,3,16,0.874,1.0388319214768558,Qm
Qm: P/TP linear,13,3,18,2.547,1.199849494262474,Qm
Qm: P/TP linear,13,3,22,1.163,1.2266857563934104,Qm
Qm: P/TP linear,13,3,25,0.395,0.9080051435885412,Qm
Qm: P/TP linear,13,3,30,0.506,1.0388319214768558,Qm
Qm: P/TP linear,13,4,4,1.834,1.1264064895840777,Qm
Qm: P/TP linear,13,4,6,0.507,1.01765656523994,Qm
Qm: P/TP linear,13,4,9,1.438,1.3630975013919069,Qm
Qm: P/TP linear,13,4,13,2.403,1.0464433099192707,Qm
Qm: P/TP linear,13,4,20,0.811,1.094421217718155,Qm
Qm: P/TP linear,13,4,26,0.522,0.9025095865226178,Qm
Qm: P/TP linear,13,4,31,0.665,1.0752300545986013,Qm
Qm: P/TP linear,13,4,36,0.689,1.430266572310345,Qm
Qm: P/TP linear,13,5,0,0.735,0.9844532382316585,Qm
Qm: P/TP linear,13,5,2,1.074,1.0741571236595502,Qm
Qm: P/TP linear,13,5,5,0.293,1.0068792095886314,Qm
Qm: P/TP linear,13,5,7,0.767,1.1683462033588365,Qm
Qm: P/TP linear,13,5,15,0.658,1.0068792095886314,Qm
Qm: P/TP linear,13,5,17,1.363,1.1683462033588365,Qm
Qm: P/TP linear,13,5,23,1.45,1.3432687799432255,Qm
Qm: P/TP linear,13,5,33,1.084,1.2087129518013877,Qm
Qm: P/TP linear,14,1,2,1.074,1.0480637146112672,Qm
Qm: P/TP linear,14,1,3,1.375,1.1084402667403097,Qm
Qm: P/TP linear,14,1,5,0.293,0.9574988864177034,Qm
Qm: P/TP linear,14,1,6,0.507,1.06617668024998,Qm
Qm: P/TP linear,14,1,17,1.363,1.1748544740822566,Qm
Qm: P/TP linear,14,1,20,0.811,1.138628542804831,Qm
Qm: P/TP linear,14,1,22,1.163,1.3197581991919587,Qm
Qm: P/TP linear,14,1,38,0.918,1.5461702696758683,Qm
Qm: P/TP linear,14,2,4,1.834,1.0601547077579152,Qm
Qm: P/TP linear,14,2,9,1.438,1.2557696128681202,Qm
Qm: P/TP linear,14,2,14,2.881,1.0535460960987866,Qm
Qm: P/TP linear,14,2,18,2.547,1.160605604976669,Qm
Qm: P/TP linear,14,2,25,0.395,0.815636076370159,Qm
Qm: P/TP linear,14,2,28,0.769,0.9940685911666297,Qm
Qm: P/TP linear,14,2,31,0.665,1.0178595931394925,Qm
Qm: P/TP linear,14,2,36,0.689,1.3112819508048,Qm
Qm: P/TP linear,14,3,0,0.735,0.9022664826788687,Qm
Qm: P/TP linear,14,3,10,0.778,0.8685457316502675,Qm
Qm: P/TP linear,14,3,11,1.134,0.9292430835017497,Qm
Qm: P/TP linear,14,3,16,0.874,1.0263588464641211,Qm
Qm: P/TP linear,14,3,19,3.336,1.3177061353512354,Qm
Qm: P/TP linear,14,3,32,0.871,1.1234746094264925,Qm
Qm: P/TP linear,14,3,35,0.644,1.333892095844964,Qm
Qm: P/TP linear,14,3,37,0.768,1.414821898313607,Qm
Qm: P/TP linear,14,4,1,0.851,0.9493634980087882,Qm
Qm: P/TP linear,14,4,7,0.767,1.1298173406807304,Qm
Qm: P/TP linear,14,4,12,1.797,0.9857453211281314,Qm
Qm: P/TP linear,14,4,15,0.658,0.9202580395133136,Qm
Qm: P/TP linear,14,4,21,0.942,1.1822071659725846,Qm
Qm: P/TP linear,14,4,23,1.45,1.356839916945432,Qm
Qm: P/TP linear,14,4,24,1.616,1.4441562924318552,Qm
Qm: P/TP linear,14,4,34,1.076,1.2345969912644388,Qm
Qm: P/TP linear,14,5,8,1.144,1.2667808750746903,Qm
Qm: P/TP linear,14,5,13,2.403,1.0615649082686016,Qm
Qm: P/TP linear,14,5,26,0.522,0.9149820748356814,Qm
Qm: P/TP linear,14,5,27,0.612,0.9882734915521416,Qm
Qm: P/TP linear,14,5,29,1.048,1.1348563249850618,Qm
Qm: P/TP linear,14,5,30,0.506,1.0322483415820176,Qm
Qm: P/TP linear,14,5,33,1.084,1.208147741701522,Qm
Qm: P/TP linear,14,5,39,1.027,1.599035297522643,Qm
Qm: P/TP linear,15,1,7,0.767,1.081931153597671,Qm
Qm: P/TP linear,15,1,8,1.144,1.1649122558562643,Qm
Qm: P/TP linear,15,1,18,2.547,1.1649122558562643,Qm
Qm: P/TP linear,15,1,19,3.336,1.247893358114857,Qm
Qm: P/TP linear,15,1,29,1.048,1.0715585158153471,Qm
Qm: P/TP linear,15,1,31,0.665,1.0404406024683748,Qm
Qm: P/TP linear,15,1,38,0.918,1.3654499196478638,Qm
Qm: P/TP linear,15,1,39,1.027,1.4000253789222774,Qm
Qm: P/TP linear,15,2,3,1.375,1.0870804028561674,Qm
Qm: P/TP linear,15,2,5,0.293,0.9625960401998608,Qm
Qm: P/TP linear,15,2,9,1.438,1.321111004650024,Qm
Qm: P/TP linear,15,2,13,2.403,1.0746319665905366,Qm
Qm: P/TP linear,15,2,20,0.811,1.1119772753874289,Qm
Qm: P/TP linear,15,2,27,0.612,1.0186140033951987,Qm
Qm: P/TP linear,15,2,28,0.769,1.0746319665905366,Qm
Qm: P/TP linear,15,2,30,0.506,1.0522247813124017,Qm
Qm: P/TP linear,15,3,1,0.851,0.9836984823357039,Qm
Qm: P/TP linear,15,3,2,1.074,1.0452749709542317,Qm
Qm: P/TP linear,15,3,6,0.507,1.0637479175397901,Qm
Qm: P/TP linear,15,3,10,0.778,0.8836366883305963,Qm
Qm: P/TP linear,15,3,11,1.134,0.95291023802644,Qm
Qm: P/TP linear,15,3,16,0.874,1.0637479175397901,Qm
Qm: P/TP linear,15,3,32,0.871,1.17458559705314,Qm
Qm: P/TP linear,15,3,35,0.644,1.4147339026653984,Qm
Qm: P/TP linear,15,4,4,1.834,1.1124931215408345,Qm
Qm: P/TP linear,15,4,12,1.797,0.9633430787934234,Qm
Qm: P/TP linear,15,4,17,1.363,1.1187731233407257,Qm
Qm: P/TP linear,15,4,24,1.616,1.4578932205348394,Qm
Qm: P/TP linear,15,4,25,0.395,0.822043038295876,Qm
Qm: P/TP linear,15,4,26,0.522,0.8926930585446498,Qm
Qm: P/TP linear,15,4,33,1.084,1.1752931395397446,Qm
Qm: P/TP linear,15,4,37,0.768,1.4578932205348394,Qm
Qm: P/TP linear,15,5,0,0.735,0.8506171634665667,Qm
Qm: P/TP linear,15,5,14,2.881,1.1070388831813722,Qm
Qm: P/TP linear,15,5,15,0.658,0.8837038369781545,Qm
Qm: P/TP linear,15,5,21,0.942,1.1814838985824447,Qm
Qm: P/TP linear,15,5,22,1.163,1.280743919117208,Qm
Qm: P/TP linear,15,5,23,1.45,1.3800039396519717,Qm
Qm: P/TP linear,15,5,34,1.076,1.2410399109033028,Qm
Qm: P/TP linear,15,5,36,0.689,1.429633949919353,Qm
Qm: P/TP linear,16,1,9,1.438,1.38749291967898,Qm
Qm: P/TP linear,16,1,10,0.778,0.9203322454296553,Qm
Qm: P/TP linear,16,1,20,0.811,1.1518082551928341,Qm
Qm: P/TP linear,16,1,23,1.45,1.4043275385708478,Qm
Qm: P/TP linear,16,1,25,0.395,0.9203322454296553,Qm
Qm: P/TP linear,16,1,29,1.048,1.1728515288076686,Qm
Qm: P/TP linear,16,1,31,0.665,1.1349736363009666,Qm
Qm: P/TP linear,16,1,36,0.689,1.4464140858005163,Qm
Qm: P/TP linear,16,2,3,1.375,1.026532871228261,Qm
Qm: P/TP linear,16,2,7,0.767,1.0805119288427898,Qm
Qm: P/TP linear,16,2,13,2.403,1.0142649035885953,Qm
Qm: P/TP linear,16,2,19,3.336,1.2571706628539756,Qm
Qm: P/TP linear,16,2,21,0.942,1.1246766123455862,Qm
Qm: P/TP linear,16,2,28,0.769,1.0142649035885953,Qm
Qm: P/TP linear,16,2,30,0.506,0.9921825618371971,Qm
Qm: P/TP linear,16,2,35,0.644,1.2718922240215744,Qm
Qm: P/TP linear,16,3,0,0.735,0.7616587588170234,Qm
Qm: P/TP linear,16,3,4,1.834,1.0270136790912703,Qm
Qm: P/TP linear,16,3,6,0.507,0.9142378379747154,Qm
Qm: P/TP linear,16,3,12,1.797,0.8694591951784362,Qm
Qm: P/TP linear,16,3,14,2.881,1.0187213378327002,Qm
Qm: P/TP linear,16,3,18,2.547,1.1530572662215377,Qm
Qm: P/TP linear,16,3,32,0.871,1.0336475520981265,Qm
Qm: P/TP linear,16,3,37,0.768,1.39187669446836,Qm
Qm: P/TP linear,16,4,1,0.851,1.0044597825805712,Qm
Qm: P/TP linear,16,4,2,1.074,1.0525982070890356,Qm
Qm: P/TP linear,16,4,11,1.134,0.980390570326339,Qm
Qm: P/TP linear,16,4,16,0.874,1.067039734441575,Qm
Qm: P/TP linear,16,4,24,1.616,1.4136363909025178,Qm
Qm: P/TP linear,16,4,26,0.522,0.980390570326339,Qm
Qm: P/TP linear,16,4,27,0.612,1.0345462978983613,Qm
Qm: P/TP linear,16,4,33,1.084,1.1970134806144284,Qm
Qm: P/TP linear,16,5,5,0.293,0.9212877975632996,Qm
Qm: P/TP linear,16,5,8,1.144,1.3368402586376398,Qm
Qm: P/TP linear,16,5,15,0.658,0.9212877975632996,Qm
Qm: P/TP linear,16,5,17,1.363,1.1983227716128595,Qm
Qm: P/TP linear,16,5,22,1.163,1.3830127543125663,Qm
Qm: P/TP linear,16,5,34,1.076,1.3368402586376398,Qm
Qm: P/TP linear,16,5,38,0.918,1.6715908522808582,Qm
Qm: P/TP linear,16,5,39,1.027,1.7293064718745164,Qm
Qm: P/TP linear,17,1,1,0.851,0.9829755562660921,Qm
Qm: P/TP linear,17,1,4,1.834,1.1355215349343992,Qm
Qm: P/TP linear,17,1,9,1.438,1.3236615752919776,Qm
Qm: P/TP linear,17,1,11,1.134,0.9575512264880409,Qm
Qm: P/TP linear,17,1,15,0.658,0.9575512264880409,Qm
Qm: P/TP linear,17,1,16,0.874,1.0490788136890252,Qm
Qm: P/TP linear,17,1,27,0.612,1.014755968488656,Qm
Qm: P/TP linear,17,1,31,0.665,1.0948426072895172,Qm
Qm: P/TP linear,17,2,7,0.767,1.053743088756173,Qm
Qm: P/TP linear,17,2,13,2.403,0.9897825980455013,Qm
Qm: P/TP linear,17,2,19,3.336,1.2243043973179644,Qm
Qm: P/TP linear,17,2,22,1.163,1.167450627797367,Qm
Qm: P/TP linear,17,2,24,1.616,1.3095850515988599,Qm
Qm: P/TP linear,17,2,33,1.084,1.0963834158966208,Qm
Qm: P/TP linear,17,2,34,1.076,1.1390237430370687,Qm
Qm: P/TP linear,17,2,38,0.918,1.3451186575492333,Qm
Qm: P/TP linear,17,3,3,1.375,1.0035941737874865,Qm
Qm: P/TP linear,17,3,8,1.144,1.2391569548869745,Qm
Qm: P/TP linear,17,3,12,1.797,0.8919049241282466,Qm
Qm: P/TP linear,17,3,17,1.363,1.0929455735148783,Qm
Qm: P/TP linear,17,3,18,2.547,1.2391569548869745,Qm
Qm: P/TP linear,17,3,29,1.048,1.0746691508433666,Qm
Qm: P/TP linear,17,3,37,0.768,1.5315797176311663,Qm
Qm: P/TP linear,17,3,39,1.027,1.6534225354412462,Qm
Qm: P/TP linear,17,4,0,0.735,1.0775770442175991,Qm
Qm: P/TP linear,17,4,2,1.074,1.1473662341551814,Qm
Qm: P/TP linear,17,4,5,0.293,1.0950243417019947,Qm
Qm: P/TP linear,17,4,6,0.507,1.1578346126458183,Qm
Qm: P/TP linear,17,4,10,0.778,1.0557679223621046,Qm
Qm: P/TP linear,17,4,20,0.811,1.1997081266083676,Qm
Qm: P/TP linear,17,4,28,0.769,1.1735371803817745,Qm
Qm: P/TP linear,17,4,30,0.506,1.1578346126458183,Qm
Qm: P/TP linear,17,5,14,2.881,1.1424029978583443,Qm
Qm: P/TP linear,17,5,21,0.942,1.2181537421021822,Qm
Qm: P/TP linear,17,5,23,1.45,1.4201557267524163,Qm
Qm: P/TP linear,17,5,25,0.395,0.8394000208829934,Qm
Qm: P/TP linear,17,5,26,0.522,0.9151507651268311,Qm
Qm: P/TP linear,17,5,32,0.871,1.1575531467071118,Qm
Qm: P/TP linear,17,5,35,0.644,1.4201557267524163,Qm
Qm: P/TP linear,17,5,36,0.689,1.4706562229149747,Qm
Qm: P/TP linear,18,1,7,0.767,1.169097451923542,Qm
Qm: P/TP linear,18,1,12,1.797,1.0037146786506503,Qm
Qm: P/TP linear,18,1,21,0.942,1.2292366422045935,Qm
Qm: P/TP linear,18,1,26,0.522,0.9285406907993358,Qm
Qm: P/TP linear,18,1,28,0.769,1.0788886665019646,Qm
Qm: P/TP linear,18,1,29,1.048,1.154062654353279,Qm
Qm: P/TP linear,18,1,33,1.084,1.2292366422045935,Qm
Qm: P/TP linear,18,1,35,0.644,1.4297006098080987,Qm
Qm: P/TP linear,18,2,8,1.144,1.2569490917051278,Qm
Qm: P/TP linear,18,2,10,0.778,0.8318815793875384,Qm
Qm: P/TP linear,18,2,14,2.881,1.1250315878824277,Qm
Qm: P/TP linear,18,2,27,0.612,0.978456583634983,Qm
Qm: P/TP linear,18,2,30,0.506,1.0224290849092164,Qm
Qm: P/TP linear,18,2,32,0.871,1.1396890883071722,Qm
Qm: P/TP linear,18,2,34,1.076,1.2569490917051278,Qm
Qm: P/TP linear,18,2,37,0.768,1.4914690985010393,Qm
Qm: P/TP linear,18,3,1,0.851,0.9191807379405739,Qm
Qm: P/TP linear,18,3,4,1.834,1.064434775779759,Qm
Qm: P/TP linear,18,3,6,0.507,0.9821241543375542,Qm
Qm: P/TP linear,18,3,11,1.134,0.894971731634043,Qm
Qm: P/TP linear,18,3,17,1.363,1.0692765770410653,Qm
Qm: P/TP linear,18,3,18,2.547,1.1564289997445765,Qm
Qm: P/TP linear,18,3,22,1.163,1.1854798073124133,Qm
Qm: P/TP linear,18,3,24,1.616,1.3307338451515986,Qm
Qm: P/TP linear,18,4,2,1.074,1.0660545301816842,Qm
Qm: P/TP linear,18,4,5,0.293,0.967255535004341,Qm
Qm: P/TP linear,18,4,9,1.438,1.441490711855588,Qm
Qm: P/TP linear,18,4,16,0.874,1.0858143292171527,Qm
Qm: P/TP linear,18,4,20,0.811,1.1648535253590273,Qm
Qm: P/TP linear,18,4,25,0.395,0.8931562886213337,Qm
Qm: P/TP linear,18,4,38,0.918,1.6094490036570714,Qm
Qm: P/TP linear,18,4,39,1.027,1.658848501245743,Qm
Qm: P/TP linear,18,5,0,0.735,0.872084605803879,Qm
Qm: P/TP linear,18,5,3,1.375,1.0098647914058785,Qm
Qm: P/TP linear,18,5,13,2.403,0.9983831092723784,Qm
Qm: P/TP linear,18,5,15,0.658,0.895047970070879,Qm
Qm: P/TP linear,18,5,19,3.336,1.2257204155156771,Qm
Qm: P/TP linear,18,5,23,1.45,1.2394984340758772,Qm
Qm: P/TP linear,18,5,31,0.665,1.0190501371126783,Qm
Qm: P/TP linear,18,5,36,0.689,1.273943480476377,Qm
Qm: P/TP linear,19,1,7,0.767,1.0887627210861472,Qm
Qm: P/TP linear,19,1,14,2.881,1.0815233938803246,Qm
Qm: P/TP linear,19,1,16,0.874,1.0308481034395656,Qm
Qm: P/TP linear,19,1,19,3.336,1.2045919563793104,Qm
Qm: P/TP linear,19,1,25,0.395,0.9367368497638706,Qm
Qm: P/TP linear,19,1,26,0.522,0.9729334857929841,Qm
Qm: P/TP linear,19,1,27,0.612,1.0091301218220976,Qm
Qm: P/TP linear,19,1,38,0.918,1.2866376647119677,Qm
Qm: P/TP linear,19,2,5,0.293,0.9072189053018975,Qm
Qm: P/TP linear,19,2,9,1.438,1.4693763822836559,Qm
Qm: P/TP linear,19,2,11,1.134,0.9072189053018975,Qm
Qm: P/TP linear,19,2,20,0.811,1.14145118737763,Qm
Qm: P/TP linear,19,2,24,1.616,1.6099157515290956,Qm
Qm: P/TP linear,19,2,33,1.084,1.2585673284154966,Qm
Qm: P/TP linear,19,2,37,0.768,1.6099157515290956,Qm
Qm: P/TP linear,19,2,39,1.027,1.7270318925669619,Qm
Qm: P/TP linear,19,3,0,0.735,0.879062382972847,Qm
Qm: P/TP linear,19,3,3,1.375,1.0500054475533052,Qm
Qm: P/TP linear,19,3,4,1.834,1.1069864690801245,Qm
Qm: P/TP linear,19,3,18,2.547,1.2152504099810815,Qm
Qm: P/TP linear,19,3,28,0.769,1.0357601921716002,Qm
Qm: P/TP linear,19,3,31,0.665,1.061401651858669,Qm
Qm: P/TP linear,19,3,32,0.871,1.1126845712328064,Qm
Qm: P/TP linear,19,3,35,0.644,1.334910555187402,Qm
Qm: P/TP linear,19,4,2,1.074,1.003060197937524,Qm
Qm: P/TP linear,19,4,12,1.797,0.9755597904928379,Qm
Qm: P/TP linear,19,4,21,0.942,1.223063457495012,Qm
Qm: P/TP linear,19,4,22,1.163,1.3330650872737562,Qm
Qm: P/TP linear,19,4,29,1.048,1.1405622351609541,Qm
Qm: P/TP linear,19,4,30,0.506,1.0250605238932726,Qm
Qm: P/TP linear,19,4,34,1.076,1.2890644353622587,Qm
Qm: P/TP linear,19,4,36,0.689,1.4980675319418724,Qm
Qm: P/TP linear,19,5,1,0.851,0.9349405562864659,Qm
Qm: P/TP linear,19,5,6,0.507,1.008097478785755,Qm
Qm: P/TP linear,19,5,8,1.144,1.2106858795530173,Qm
Qm: P/TP linear,19,5,10,0.778,0.8434944031623545,Qm
Qm: P/TP linear,19,5,13,2.403,1.033421028881663,Qm
Qm: P/TP linear,19,5,15,0.658,0.9068032784021239,Qm
Qm: P/TP linear,19,5,17,1.363,1.109391679169386,Qm
Qm: P/TP linear,19,5,23,1.45,1.3288624466672538,Qm
Qm: P/TP linear,20,1,0,0.735,0.9787588276025505,Qm
Qm: P/TP linear,20,1,7,0.767,1.1816737730595195,Qm
Qm: P/TP linear,20,1,12,1.797,1.0591824340336662,Qm
Qm: P/TP linear,20,1,20,0.811,1.1519789029926462,Qm
Qm: P/TP linear,20,1,26,0.522,1.0035045526582784,Qm
Qm: P/TP linear,20,1,27,0.612,1.0591824340336662,Qm
Qm: P/TP linear,20,1,30,0.506,1.092589162858899,Qm
Qm: P/TP linear,20,1,32,0.871,1.1816737730595195,Qm
Qm: P/TP linear,20,2,3,1.375,1.0678434142671158,Qm
Qm: P/TP linear,20,2,9,1.438,1.473786025164367,Qm
Qm: P/TP linear,20,2,11,1.134,0.8519164935770887,Qm
Qm: P/TP linear,20,2,17,1.363,1.1628512593707279,Qm
Qm: P/TP linear,20,2,21,0.942,1.2405849508191378,Qm
Qm: P/TP linear,20,2,31,0.665,1.0851175679223182,Qm
Qm: P/TP linear,20,2,38,0.918,1.6940314842681952,Qm
Qm: P/TP linear,20,2,39,1.027,1.758809560475203,Qm
Qm: P/TP linear,20,3,6,0.507,0.9524208412185898,Qm
Qm: P/TP linear,20,3,8,1.144,1.1649280421055046,Qm
Qm: P/TP linear,20,3,13,2.403,0.9789842413294542,Qm
Qm: P/TP linear,20,3,14,2.881,1.045392741606615,Qm
Qm: P/TP linear,20,3,24,1.616,1.3774352429924195,Qm
Qm: P/TP linear,20,3,28,0.769,0.9789842413294542,Qm
Qm: P/TP linear,20,3,29,1.048,1.045392741606615,Qm
Qm: P/TP linear,20,3,33,1.084,1.111801241883776,Qm
Qm: P/TP linear,20,4,2,1.074,1.023370267421098,Qm
Qm: P/TP linear,20,4,4,1.834,1.0945853949531923,Qm
Qm: P/TP linear,20,4,10,0.778,0.9299004125352242,Qm
Qm: P/TP linear,20,4,15,0.658,0.9699589217720272,Qm
Qm: P/TP linear,20,4,19,3.336,1.2263333808875672,Qm
Qm: P/TP linear,20,4,22,1.163,1.1836043043683104,Qm
Qm: P/TP linear,20,4,25,0.395,0.9299004125352242,Qm
Qm: P/TP linear,20,4,36,0.689,1.2637213228419166,Qm
Qm: P/TP linear,20,5,1,0.851,0.9667682116453135,Qm
Qm: P/TP linear,20,5,5,0.293,0.9354664830275112,Qm
Qm: P/TP linear,20,5,16,0.874,1.0481527060515994,Qm
Qm: P/TP linear,20,5,18,2.547,1.2735251520997757,Qm
Qm: P/TP linear,20,5,23,1.45,1.4049924122945452,Qm
Qm: P/TP linear,20,5,34,1.076,1.2735251520997757,Qm
Qm: P/TP linear,20,5,35,0.644,1.4049924122945452,Qm
Qm: P/TP linear,20,5,37,0.768,1.498897598147952,Qm
Qm: P/TP power law,1,1,4,1.834,0.9615599614060989,Qm
Qm: P/TP power law,1,1,12,1.797,0.8219725108871179,Qm
Qm: P/TP power law,1,1,15,0.658,0.7561777612165971,Qm
Qm: P/TP power law,1,1,16,0.874,0.8615534397728255,Qm
Qm: P/TP power law,1,1,19,3.336,1.1806398605034416,Qm
Qm: P/TP power law,1,1,26,0.522,0.7561777612165971,Qm
Qm: P/TP power law,1,1,27,0.612,0.8219725108871179,Qm
Qm: P/TP power law,1,1,37,0.768,1.2878410798897353,Qm
Qm: P/TP power law,1,2,6,0.507,0.9053246158359901,Qm
Qm: P/TP power law,1,2,8,1.144,1.12971980166106,Qm
Qm: P/TP power law,1,2,9,1.438,1.2427158683496429,Qm
Qm: P/TP power law,1,2,13,2.403,0.9332467972217691,Qm
Qm: P/TP power law,1,2,25,0.395,0.724843189828774,Qm
Qm: P/TP power law,1,2,31,0.665,0.9612072254219951,Qm
Qm: P/TP power law,1,2,34,1.076,1.12971980166106,Qm
Qm: P/TP power law,1,2,39,1.027,1.4510756205082376,Qm
Qm: P/TP power law,1,3,0,0.735,0.7652357465531006,Qm
Qm: P/TP power law,1,3,1,0.851,0.8215659913456015,Qm
Qm: P/TP power law,1,3,5,0.293,0.7934225488331574,Qm
Qm: P/TP power law,1,3,11,1.134,0.7934225488331574,Qm
Qm: P/TP power law,1,3,17,1.363,0.9951776294801206,Qm
Qm: P/TP power law,1,3,24,1.616,1.2945953910323897,Qm
Qm: P/TP power law,1,3,29,1.048,0.9826238976788131,Qm
Qm: P/TP power law,1,3,33,1.084,1.045324846349627,Qm
Qm: P/TP power law,1,4,2,1.074,0.8720765084542575,Qm
Qm: P/TP power law,1,4,3,1.375,0.9542319056627753,Qm
Qm: P/TP power law,1,4,21,0.942,1.124631857136408,Qm
Qm: P/TP power law,1,4,23,1.45,1.3944386905353674,Qm
Qm: P/TP power law,1,4,30,0.506,0.8965027072620942,Qm
Qm: P/TP power law,1,4,32,0.871,1.0469727688512422,Qm
Qm: P/TP power law,1,4,35,0.644,1.3944386905353674,Qm
Qm: P/TP power law,1,4,36,0.689,1.4643968437500066,Qm
Qm: P/TP power law,1,5,7,0.767,0.9670571458808774,Qm
Qm: P/TP power law,1,5,10,0.778,0.6589372331270706,Qm
Qm: P/TP power law,1,5,14,2.881,0.9519815064581109,Qm
Qm: P/TP power law,1,5,18,2.547,1.0889620946154421,Qm
Qm: P/TP power law,1,5,20,0.811,0.9269387316632273,Qm
Qm: P/TP power law,1,5,22,1.163,1.1300907809180345,Qm
Qm: P/TP power law,1,5,28,0.769,0.87717252567279,Qm
Qm: P/TP power law,1,5,38,0.918,1.3922846407082266,Qm
Qm: P/TP power law,2,1,6,0.507,0.8761418624748152,Qm
Qm: P/TP power law,2,1,7,0.767,0.9779995032181992,Qm
Qm: P/TP power law,2,1,9,1.438,1.1813660268676083,Qm
Qm: P/TP power law,2,1,13,2.403,0.9016182632769623,Qm
Qm: P/TP power law,2,1,19,3.336,1.1813660268676083,Qm
Qm: P/TP power law,2,1,24,1.616,1.2828960712888329,Qm
Qm: P/TP power law,2,1,31,0.665,0.927086519886031,Qm
Qm: P/TP power law,2,1,35,0.644,1.1982943394504928,Qm
Qm: P/TP power law,2,2,5,0.293,0.7443382243322088,Qm
Qm: P/TP power law,2,2,8,1.144,1.120516614452813,Qm
Qm: P/TP power law,2,2,10,0.778,0.6696235765639583,Qm
Qm: P/TP power law,2,2,12,1.797,0.8204094316331574,Qm
Qm: P/TP power law,2,2,14,2.881,0.9763013908986358,Qm
Qm: P/TP power law,2,2,20,0.811,0.9499896319092574,Qm
Qm: P/TP power law,2,2,32,0.871,0.9921492746248916,Qm
Qm: P/TP power law,2,2,37,0.768,1.3850710032216198,Qm
Qm: P/TP power law,2,3,15,0.658,0.7741777300830488,Qm
Qm: P/TP power law,2,3,22,1.163,1.2457227484093096,Qm
Qm: P/TP power law,2,3,26,0.522,0.7741777300830488,Qm
Qm: P/TP power law,2,3,28,0.769,0.9450168809832399,Qm
Qm: P/TP power law,2,3,29,1.048,1.0332334008265063,Qm
Qm: P/TP power law,2,3,33,1.084,1.1231944244663195,Qm
Qm: P/TP power law,2,3,36,0.689,1.4347210188023556,Qm
Qm: P/TP power law,2,3,39,1.027,1.6295556771142123,Qm
Qm: P/TP power law,2,4,1,0.851,0.781433324787262,Qm
Qm: P/TP power law,2,4,3,1.375,0.903865655098907,Qm
Qm: P/TP power law,2,4,11,1.134,0.751062324262863,Qm
Qm: P/TP power law,2,4,18,2.547,1.0838205612283949,Qm
Qm: P/TP power law,2,4,23,1.45,1.2157201914309683,Qm
Qm: P/TP power law,2,4,25,0.395,0.6831026452810313,Qm
Qm: P/TP power law,2,4,34,1.076,1.0838205612283949,Qm
Qm: P/TP power law,2,4,38,0.918,1.3583640573965239,Qm
Qm: P/TP power law,2,5,0,0.735,0.7408387314383149,Qm
Qm: P/TP power law,2,5,2,1.074,0.8628431902827896,Qm
Qm: P/TP power law,2,5,4,1.834,0.985918169711842,Qm
Qm: P/TP power law,2,5,16,0.874,0.8812394282078079,Qm
Qm: P/TP power law,2,5,17,1.363,0.9920977715394219,Qm
Qm: P/TP power law,2,5,21,0.942,1.0478189429556124,Qm
Qm: P/TP power law,2,5,27,0.612,0.8398817290071496,Qm
Qm: P/TP power law,2,5,30,0.506,0.8812394282078079,Qm
Qm: P/TP power law,3,1,5,0.293,0.8052640181590114,Qm
Qm: P/TP power law,3,1,11,1.134,0.8052640181590114,Qm
Qm: P/TP power law,3,1,15,0.658,0.8052640181590114,Qm
Qm: P/TP power law,3,1,17,1.363,1.0204052063937603,Qm
Qm: P/TP power law,3,1,19,3.336,1.2356228753226228,Qm
Qm: P/TP power law,3,1,27,0.612,0.872486368834473,Qm
Qm: P/TP power law,3,1,36,0.689,1.2984070485628956,Qm
Qm: P/TP power law,3,1,38,0.918,1.3881074801195654,Qm
Qm: P/TP power law,3,2,2,1.074,0.8343866797881593,Qm
Qm: P/TP power law,3,2,8,1.144,1.0647821582428654,Qm
Qm: P/TP power law,3,2,9,1.438,1.1720422076721688,Qm
Qm: P/TP power law,3,2,12,1.797,0.8123944737252241,Qm
Qm: P/TP power law,3,2,16,0.874,0.8520022778999888,Qm
Qm: P/TP power law,3,2,18,2.547,1.0647821582428654,Qm
Qm: P/TP power law,3,2,26,0.522,0.7466070390758202,Qm
Qm: P/TP power law,3,2,31,0.665,0.9049618047632655,Qm
Qm: P/TP power law,3,3,0,0.735,0.6797254359192091,Qm
Qm: P/TP power law,3,3,1,0.851,0.7403012153310623,Qm
Qm: P/TP power law,3,3,4,1.834,0.9258515715396072,Qm
Qm: P/TP power law,3,3,10,0.778,0.6422203542482972,Qm
Qm: P/TP power law,3,3,14,2.881,0.9180138378517995,Qm
Qm: P/TP power law,3,3,24,1.616,1.2787086626348676,Qm
Qm: P/TP power law,3,3,29,1.048,0.9180138378517995,Qm
Qm: P/TP power law,3,3,33,1.084,0.9888643877427049,Qm
Qm: P/TP power law,3,4,6,0.507,0.9369140743608309,Qm
Qm: P/TP power law,3,4,7,0.767,1.0380632595175006,Qm
Qm: P/TP power law,3,4,13,2.403,0.9622847150184553,Qm
Qm: P/TP power law,3,4,21,0.942,1.0883202919885764,Qm
Qm: P/TP power law,3,4,25,0.395,0.7704872775220766,Qm
Qm: P/TP power law,3,4,28,0.769,0.9622847150184553,Qm
Qm: P/TP power law,3,4,30,0.506,0.9369140743608309,Qm
Qm: P/TP power law,3,4,34,1.076,1.1383809525902169,Qm
Qm: P/TP power law,3,5,3,1.375,0.9550441687989877,Qm
Qm: P/TP power law,3,5,20,0.811,1.003975236462183,Qm
Qm: P/TP power law,3,5,22,1.163,1.3168191105202418,Qm
Qm: P/TP power law,3,5,23,1.45,1.4852020676378752,Qm
Qm: P/TP power law,3,5,32,0.871,1.0639241359828941,Qm
Qm: P/TP power law,3,5,35,0.644,1.4852020676378752,Qm
Qm: P/TP power law,3,5,37,0.768,1.6612611368227654,Qm
Qm: P/TP power law,3,5,39,1.027,1.844799401187875,Qm
Qm: P/TP power law,4,1,0,0.735,0.7701115576463443,Qm
Qm: P/TP power law,4,1,5,0.293,0.797055163751719,Qm
Qm: P/TP power law,4,1,7,0.767,0.9886282089761438,Qm
Qm: P/TP power law,4,1,9,1.438,1.1766249805399212,Qm
Qm: P/TP power law,4,1,13,2.403,0.9172536357192574,Qm
Qm: P/TP power law,4,1,19,3.336,1.1766249805399212,Qm
Qm: P/TP power law,4,1,20,0.811,0.9569704112542723,Qm
Qm: P/TP power law,4,1,37,0.768,1.2695041796588493,Qm
Qm: P/TP power law,4,2,10,0.778,0.6327990718078139,Qm
Qm: P/TP power law,4,2,16,0.874,0.872684863995292,Qm
Qm: P/TP power law,4,2,18,2.547,1.201931401258743,Qm
Qm: P/TP power law,4,2,24,1.616,1.5652669415503992,Qm
Qm: P/TP power law,4,2,28,0.769,0.9118609473620253,Qm
Qm: P/TP power law,4,2,35,0.644,1.4099293613683952,Qm
Qm: P/TP power law,4,2,36,0.689,1.4869085669224371,Qm
Qm: P/TP power law,4,2,39,1.027,1.7260322755351343,Qm
Qm: P/TP power law,4,3,2,1.074,0.8613876534595509,Qm
Qm: P/TP power law,4,3,6,0.507,0.8800500059612498,Qm
Qm: P/TP power law,4,3,12,1.797,0.8381029896589622,Qm
Qm: P/TP power law,4,3,17,1.363,0.99263976954066,Qm
Qm: P/TP power law,4,3,26,0.522,0.7685486502682207,Qm
Qm: P/TP power law,4,3,27,0.612,0.8381029896589622,Qm
Qm: P/TP power law,4,3,29,1.048,0.978510362657529,Qm
Qm: P/TP power law,4,3,33,1.084,1.0493088461992424,Qm
Qm: P/TP power law,4,4,1,0.851,0.7970839810181097,Qm
Qm: P/TP power law,4,4,8,1.144,1.0973350640696102,Qm
Qm: P/TP power law,4,4,14,2.881,0.9725475462053426,Qm
Qm: P/TP power law,4,4,22,1.163,1.134481427922578,Qm
Qm: P/TP power law,4,4,23,1.45,1.2276693561735672,Qm
Qm: P/TP power law,4,4,25,0.395,0.6989178850556089,Qm
Qm: P/TP power law,4,4,34,1.076,1.0973350640696102,Qm
Qm: P/TP power law,4,4,38,0.918,1.368259251181248,Qm
Qm: P/TP power law,4,5,3,1.375,0.9208217434151824,Qm
Qm: P/TP power law,4,5,4,1.834,0.986608884219289,Qm
Qm: P/TP power law,4,5,11,1.134,0.7589040834083075,Qm
Qm: P/TP power law,4,5,15,0.658,0.7589040834083075,Qm
Qm: P/TP power law,4,5,21,0.942,1.052933580832667,Qm
Qm: P/TP power law,4,5,30,0.506,0.8751059102406485,Qm
Qm: P/TP power law,4,5,31,0.665,0.9339348291057095,Qm
Qm: P/TP power law,4,5,32,0.871,0.9932176124514374,Qm
Qm: P/TP power law,5,1,3,1.375,0.907948552881828,Qm
Qm: P/TP power law,5,1,4,1.834,0.9864582609027066,Qm
Qm: P/TP power law,5,1,6,0.507,0.854050127375403,Qm
Qm: P/TP power law,5,1,9,1.438,1.2914284505503033,Qm
Qm: P/TP power law,5,1,10,0.778,0.6388944719352071,Qm
Qm: P/TP power law,5,1,17,1.363,0.9944048156930981,Qm
Qm: P/TP power law,5,1,38,0.918,1.513869837335912,Qm
Qm: P/TP power law,5,1,39,1.027,1.5810683304481692,Qm
Qm: P/TP power law,5,2,1,0.851,0.7466255357557071,Qm
Qm: P/TP power law,5,2,7,0.767,0.9496718036440975,Qm
Qm: P/TP power law,5,2,12,1.797,0.7868904093593736,Qm
Qm: P/TP power law,5,2,13,2.403,0.8602421580536511,Qm
Qm: P/TP power law,5,2,14,2.881,0.9346641471963795,Qm
Qm: P/TP power law,5,2,20,0.811,0.9097415885518368,Qm
Qm: P/TP power law,5,2,26,0.522,0.7146741594480089,Qm
Qm: P/TP power law,5,2,30,0.506,0.8307695693454662,Qm
Qm: P/TP power law,5,3,21,0.942,1.1882580110262133,Qm
Qm: P/TP power law,5,3,24,1.616,1.7020107692213953,Qm
Qm: P/TP power law,5,3,28,0.769,0.9583582795308992,Qm
Qm: P/TP power law,5,3,31,0.665,1.0028332174682448,Qm
Qm: P/TP power law,5,3,33,1.084,1.1882580110262133,Qm
Qm: P/TP power law,5,3,35,0.644,1.5230471268798313,Qm
Qm: P/TP power law,5,3,36,0.689,1.6115873304113268,Qm
Qm: P/TP power law,5,3,37,0.768,1.7020107692213953,Qm
Qm: P/TP power law,5,4,0,0.735,0.7996767260707136,Qm
Qm: P/TP power law,5,4,8,1.144,1.1116139456274867,Qm
Qm: P/TP power law,5,4,15,0.658,0.8266855981637529,Qm
Qm: P/TP power law,5,4,22,1.163,1.142615213254341,Qm
Qm: P/TP power law,5,4,23,1.45,1.2196272979770542,Qm
Qm: P/TP power law,5,4,25,0.395,0.7657394504304544,Qm
Qm: P/TP power law,5,4,32,0.871,1.0178831998867421,Qm
Qm: P/TP power law,5,4,34,1.076,1.1116139456274867,Qm
Qm: P/TP power law,5,5,2,1.074,0.8723252639314796,Qm
Qm: P/TP power law,5,5,5,0.293,0.8068327371733128,Qm
Qm: P/TP power law,5,5,11,1.134,0.8068327371733128,Qm
Qm: P/TP power law,5,5,16,0.874,0.8852155665680991,Qm
Qm: P/TP power law,5,5,18,2.547,1.035209152343614,Qm
Qm: P/TP power law,5,5,19,3.336,1.107373489474536,Qm
Qm: P/TP power law,5,5,27,0.612,0.856117945987502,Qm
Qm: P/TP power law,5,5,29,1.048,0.9518527495228564,Qm
Qm: P/TP power law,6,1,5,0.293,0.8209552601560616,Qm
Qm: P/TP power law,6,1,10,0.778,0.7572869016273641,Qm
Qm: P/TP power law,6,1,14,2.881,1.009786519354229,Qm
Qm: P/TP power law,6,1,15,0.658,0.8209552601560616,Qm
Qm: P/TP power law,6,1,21,0.942,1.0720961627182723,Qm
Qm: P/TP power law,6,1,24,1.616,1.3186933626060355,Qm
Qm: P/TP power law,6,1,30,0.506,0.9220422644860017,Qm
Qm: P/TP power law,6,1,38,0.918,1.3594262577953125,Qm
Qm: P/TP power law,6,2,0,0.735,0.6709933149260459,Qm
Qm: P/TP power law,6,2,2,1.074,0.7869513541051152,Qm
Qm: P/TP power law,6,2,3,1.375,0.8456107560762729,Qm
Qm: P/TP power law,6,2,4,1.834,0.9046896748113781,Qm
Qm: P/TP power law,6,2,12,1.797,0.7650671816126547,Qm
Qm: P/TP power law,6,2,19,3.336,1.1265909791939976,Qm
Qm: P/TP power law,6,2,28,0.769,0.8309056611604947,Qm
Qm: P/TP power law,6,2,29,1.048,0.8972826422537763,Qm
Qm: P/TP power law,6,3,1,0.851,0.8533022588187884,Qm
Qm: P/TP power law,6,3,9,1.438,1.2745937947099064,Qm
Qm: P/TP power law,6,3,20,0.811,1.0099934344026695,Qm
Qm: P/TP power law,6,3,22,1.163,1.1988369041575697,Qm
Qm: P/TP power law,6,3,25,0.395,0.7518367314951091,Qm
Qm: P/TP power law,6,3,27,0.612,0.8924113651794253,Qm
Qm: P/TP power law,6,3,32,0.871,1.0476953343136577,Qm
Qm: P/TP power law,6,3,35,0.644,1.2935511763769914,Qm
Qm: P/TP power law,6,4,11,1.134,0.7155553231441175,Qm
Qm: P/TP power law,6,4,13,2.403,0.866628278553877,Qm
Qm: P/TP power law,6,4,17,1.363,0.9598731264474327,Qm
Qm: P/TP power law,6,4,18,2.547,1.0869894172669394,Qm
Qm: P/TP power law,6,4,26,0.522,0.7155553231441175,Qm
Qm: P/TP power law,6,4,31,0.665,0.8975025197938148,Qm
Qm: P/TP power law,6,4,33,1.084,1.0230456181755578,Qm
Qm: P/TP power law,6,4,37,0.768,1.3499498589259846,Qm
Qm: P/TP power law,6,5,6,0.507,0.9101576649100769,Qm
Qm: P/TP power law,6,5,7,0.767,1.060223754622079,Qm
Qm: P/TP power law,6,5,8,1.144,1.2162942467798565,Qm
Qm: P/TP power law,6,5,16,0.874,0.9101576649100769,Qm
Qm: P/TP power law,6,5,23,1.45,1.4054792752869567,Qm
Qm: P/TP power law,6,5,34,1.076,1.2162942467798565,Qm
Qm: P/TP power law,6,5,36,0.689,1.4748092421777534,Qm
Qm: P/TP power law,6,5,39,1.027,1.6880980031513093,Qm
Qm: P/TP power law,7,1,3,1.375,0.9629206471737771,Qm
Qm: P/TP power law,7,1,9,1.438,1.286272956054622,Qm
Qm: P/TP power law,7,1,23,1.45,1.3072487440463436,Qm
Qm: P/TP power law,7,1,24,1.616,1.4126774497368821,Qm
Qm: P/TP power law,7,1,25,0.395,0.7213693342572792,Qm
Qm: P/TP power law,7,1,26,0.522,0.7954991729688458,Qm
Qm: P/TP power law,7,1,36,0.689,1.359850190896198,Qm
Qm: P/TP power law,7,1,37,0.768,1.4126774497368821,Qm
Qm: P/TP power law,7,2,1,0.851,0.8166599186813143,Qm
Qm: P/TP power law,7,2,5,0.293,0.7880755890793485,Qm
Qm: P/TP power law,7,2,11,1.134,0.7880755890793485,Qm
Qm: P/TP power law,7,2,13,2.403,0.9165464252692116,Qm
Qm: P/TP power law,7,2,19,3.336,1.197933653051301,Qm
Qm: P/TP power law,7,2,30,0.506,0.8908839221308238,Qm
Qm: P/TP power law,7,2,32,0.871,0.9934462309963644,Qm
Qm: P/TP power law,7,2,35,0.644,1.2149397776043076,Qm
Qm: P/TP power law,7,3,2,1.074,0.8434846999332204,Qm
Qm: P/TP power law,7,3,8,1.144,1.1131909102748343,Qm
Qm: P/TP power law,7,3,10,0.778,0.6695486980937295,Qm
Qm: P/TP power law,7,3,15,0.658,0.7432697101531277,Qm
Qm: P/TP power law,7,3,18,2.547,1.1131909102748343,Qm
Qm: P/TP power law,7,3,20,0.811,0.9457321198231505,Qm
Qm: P/TP power law,7,3,21,0.942,1.0498624529997265,Qm
Qm: P/TP power law,7,3,38,0.918,1.427466309796495,Qm
Qm: P/TP power law,7,4,7,0.767,0.9569869648007314,Qm
Qm: P/TP power law,7,4,12,1.797,0.792268748446176,Qm
Qm: P/TP power law,7,4,14,2.881,0.9417949572743343,Qm
Qm: P/TP power law,7,4,16,0.874,0.8366558392564496,Qm
Qm: P/TP power law,7,4,22,1.163,1.1215456161569386,Qm
Qm: P/TP power law,7,4,29,1.048,0.9417949572743343,Qm
Qm: P/TP power law,7,4,31,0.665,0.896473375717195,Qm
Qm: P/TP power law,7,4,33,1.084,1.0181674101506912,Qm
Qm: P/TP power law,7,5,0,0.735,0.7419059219742501,Qm
Qm: P/TP power law,7,5,4,1.834,1.0053666698789638,Qm
Qm: P/TP power law,7,5,6,0.507,0.892259395345656,Qm
Qm: P/TP power law,7,5,17,1.363,1.0120684775604891,Qm
Qm: P/TP power law,7,5,27,0.612,0.8478003609666224,Qm
Qm: P/TP power law,7,5,28,0.769,0.9220445216361256,Qm
Qm: P/TP power law,7,5,34,1.076,1.1335668610456098,Qm
Qm: P/TP power law,7,5,39,1.027,1.4858427344409435,Qm
Qm: P/TP power law,8,1,0,0.735,0.7624053926299722,Qm
Qm: P/TP power law,8,1,2,1.074,0.852014643745366,Qm
Qm: P/TP power law,8,1,14,2.881,0.9336189708755966,Qm
Qm: P/TP power law,8,1,16,0.874,0.8652179926986218,Qm
Qm: P/TP power law,8,1,19,3.336,1.0941339267608627,Qm
Qm: P/TP power law,8,1,21,0.942,0.981602006633742,Qm
Qm: P/TP power law,8,1,23,1.45,1.1064279055087498,Qm
Qm: P/TP power law,8,1,25,0.395,0.7337855937468944,Qm
Qm: P/TP power law,8,2,10,0.778,0.6181291672806115,Qm
Qm: P/TP power law,8,2,11,1.134,0.692673807992231,Qm
Qm: P/TP power law,8,2,13,2.403,0.8474894576476004,Qm
Qm: P/TP power law,8,2,17,1.363,0.9437807750852333,Qm
Qm: P/TP power law,8,2,22,1.163,1.1207553764441505,Qm
Qm: P/TP power law,8,2,28,0.769,0.8474894576476004,Qm
Qm: P/TP power law,8,2,29,1.048,0.927563642645132,Qm
Qm: P/TP power law,8,2,33,1.084,1.00930325468882,Qm
Qm: P/TP power law,8,3,3,1.375,0.9626017276712217,Qm
Qm: P/TP power law,8,3,7,0.767,1.0532451023675877,Qm
Qm: P/TP power law,8,3,9,1.438,1.364055758486255,Qm
Qm: P/TP power law,8,3,20,0.811,1.0035390656171277,Qm
Qm: P/TP power law,8,3,24,1.616,1.5270174874038054,Qm
Qm: P/TP power law,8,3,30,0.506,0.9060471177256402,Qm
Qm: P/TP power law,8,3,35,0.644,1.3908806135124812,Qm
Qm: P/TP power law,8,3,37,0.768,1.5270174874038054,Qm
Qm: P/TP power law,8,4,1,0.851,0.8348310261643157,Qm
Qm: P/TP power law,8,4,4,1.834,1.0129344093698802,Qm
Qm: P/TP power law,8,4,6,0.507,0.9120262320173104,Qm
Qm: P/TP power law,8,4,8,1.144,1.1256663583162931,Qm
Qm: P/TP power law,8,4,15,0.658,0.8051330452256624,Qm
Qm: P/TP power law,8,4,27,0.612,0.8719475376757747,Qm
Qm: P/TP power law,8,4,31,0.665,0.9654535112831881,Qm
Qm: P/TP power law,8,4,34,1.076,1.1256663583162931,Qm
Qm: P/TP power law,8,5,5,0.293,0.765703536682597,Qm
Qm: P/TP power law,8,5,12,1.797,0.8501539661579134,Qm
Qm: P/TP power law,8,5,18,2.547,1.1886719522079523,Qm
Qm: P/TP power law,8,5,26,0.522,0.765703536682597,Qm
Qm: P/TP power law,8,5,32,0.871,1.0429146743937108,Qm
Qm: P/TP power law,8,5,36,0.689,1.4282055255590846,Qm
Qm: P/TP power law,8,5,38,0.918,1.5582912854461086,Qm
Qm: P/TP power law,8,5,39,1.027,1.624318025785578,Qm
Qm: P/TP power law,9,1,1,0.851,0.8636462306115015,Qm
Qm: P/TP power law,9,1,8,1.144,1.1737265347635586,Qm
Qm: P/TP power law,9,1,16,0.874,0.945706833867786,Qm
Qm: P/TP power law,9,1,25,0.395,0.7613106880835695,Qm
Qm: P/TP power law,9,1,27,0.612,0.9030782217844341,Qm
Qm: P/TP power law,9,1,28,0.769,0.974149263241286,Qm
Qm: P/TP power law,9,1,31,0.665,1.002609765497478,Qm
Qm: P/TP power law,9,1,36,0.689,1.3549408342674705,Qm
Qm: P/TP power law,9,2,12,1.797,0.7933571667782053,Qm
Qm: P/TP power law,9,2,18,2.547,0.997888489296063,Qm
Qm: P/TP power law,9,2,19,3.336,1.0824831385380103,Qm
Qm: P/TP power law,9,2,21,0.942,0.9552759902482424,Qm
Qm: P/TP power law,9,2,23,1.45,1.0965050232597924,Qm
Qm: P/TP power law,9,2,24,1.616,1.1663040159644058,Qm
Qm: P/TP power law,9,2,29,1.048,0.9016916856752804,Qm
Qm: P/TP power law,9,2,39,1.027,1.235613282766952,Qm
Qm: P/TP power law,9,3,0,0.735,0.671659180831963,Qm
Qm: P/TP power law,9,3,3,1.375,0.9136127178194036,Qm
Qm: P/TP power law,9,3,9,1.438,1.338101072023317,Qm
Qm: P/TP power law,9,3,10,0.778,0.624372386943717,Qm
Qm: P/TP power law,9,3,17,1.363,1.008201651078729,Qm
Qm: P/TP power law,9,3,20,0.811,0.9562320399164094,Qm
Qm: P/TP power law,9,3,37,0.768,1.514062766786339,Qm
Qm: P/TP power law,9,3,38,0.918,1.5894383822109952,Qm
Qm: P/TP power law,9,4,2,1.074,0.8746966770638008,Qm
Qm: P/TP power law,9,4,5,0.293,0.7840218555423084,Qm
Qm: P/TP power law,9,4,7,0.767,1.0022262921130392,Qm
Qm: P/TP power law,9,4,13,2.403,0.9201682955761425,Qm
Qm: P/TP power law,9,4,14,2.881,0.9885319754581969,Qm
Qm: P/TP power law,9,4,15,0.658,0.7840218555423084,Qm
Qm: P/TP power law,9,4,26,0.522,0.7840218555423084,Qm
Qm: P/TP power law,9,4,35,0.644,1.2406345367701868,Qm
Qm: P/TP power law,9,5,4,1.834,0.9973843303992496,Qm
Qm: P/TP power law,9,5,6,0.507,0.8876031972941869,Qm
Qm: P/TP power law,9,5,11,1.134,0.772781359812091,Qm
Qm: P/TP power law,9,5,22,1.163,1.160943437797376,Qm
Qm: P/TP power law,9,5,30,0.506,0.8876031972941869,Qm
Qm: P/TP power law,9,5,32,0.871,1.0038798342086392,Qm
Qm: P/TP power law,9,5,33,1.084,1.062519476031316,Qm
Qm: P/TP power law,9,5,34,1.076,1.121473169786266,Qm
Qm: P/TP power law,10,1,0,0.735,0.7096164821442542,Qm
Qm: P/TP power law,10,1,11,1.134,0.7387751394853573,Qm
Qm: P/TP power law,10,1,15,0.658,0.7387751394853573,Qm
Qm: P/TP power law,10,1,17,1.363,0.9507208494540057,Qm
Qm: P/TP power law,10,1,18,2.547,1.057866647216891,Qm
Qm: P/TP power law,10,1,22,1.163,1.0937375275427976,Qm
Qm: P/TP power law,10,1,23,1.45,1.1837341560104806,Qm
Qm: P/TP power law,10,1,34,1.076,1.057866647216891,Qm
Qm: P/TP power law,10,2,2,1.074,0.7984164719999626,Qm
Qm: P/TP power law,10,2,12,1.797,0.7725016517131195,Qm
Qm: P/TP power law,10,2,14,2.881,0.9308840321174894,Qm
Qm: P/TP power law,10,2,19,3.336,1.214873878656258,Qm
Qm: P/TP power law,10,2,29,1.048,0.9308840321174894,Qm
Qm: P/TP power law,10,2,31,0.665,0.8826530410847562,Qm
Qm: P/TP power law,10,2,36,0.689,1.2957979316132167,Qm
Qm: P/TP power law,10,2,39,1.027,1.4731776147165772,Qm
Qm: P/TP power law,10,3,1,0.851,0.8262709840382888,Qm
Qm: P/TP power law,10,3,7,0.767,1.016251336853969,Qm
Qm: P/TP power law,10,3,8,1.144,1.1271278929883561,Qm
Qm: P/TP power law,10,3,13,2.403,0.9333570185741744,Qm
Qm: P/TP power law,10,3,24,1.616,1.3499514035245956,Qm
Qm: P/TP power law,10,3,25,0.395,0.7272482328767329,Qm
Qm: P/TP power law,10,3,26,0.522,0.7957577171294523,Qm
Qm: P/TP power law,10,3,35,0.644,1.256945615967123,Qm
Qm: P/TP power law,10,4,3,1.375,0.9351881396261524,Qm
Qm: P/TP power law,10,4,4,1.834,1.005213584869989,Qm
Qm: P/TP power law,10,4,6,0.507,0.8866626401249772,Qm
Qm: P/TP power law,10,4,10,0.778,0.6886628937541087,Qm
Qm: P/TP power law,10,4,20,0.811,0.9700994917048582,Qm
Qm: P/TP power law,10,4,27,0.612,0.8402701134294271,Qm
Qm: P/TP power law,10,4,28,0.769,0.9178100775349055,Qm
Qm: P/TP power law,10,4,38,0.918,1.4595253822390544,Qm
Qm: P/TP power law,10,5,5,0.293,0.837144626448438,Qm
Qm: P/TP power law,10,5,9,1.438,1.2924057713747445,Qm
Qm: P/TP power law,10,5,16,0.874,0.9506604548579247,Qm
Qm: P/TP power law,10,5,21,0.942,1.1213278761390708,Qm
Qm: P/TP power law,10,5,30,0.506,0.9506604548579247,Qm
Qm: P/TP power law,10,5,32,0.871,1.0643900494956222,Qm
Qm: P/TP power law,10,5,33,1.084,1.1213278761390708,Qm
Qm: P/TP power law,10,5,37,0.768,1.4066589828584315,Qm
Qm: P/TP power law,11,1,0,0.735,0.717338802790053,Qm
Qm: P/TP power law,11,1,2,1.074,0.8382797127238641,Qm
Qm: P/TP power law,11,1,8,1.144,1.078125110972526,Qm
Qm: P/TP power law,11,1,18,2.547,1.078125110972526,Qm
Qm: P/TP power law,11,1,19,3.336,1.190377705196485,Qm
Qm: P/TP power law,11,1,24,1.616,1.3035011765796534,Qm
Qm: P/TP power law,11,1,35,0.644,1.2091729921678724,Qm
Qm: P/TP power law,11,1,36,0.689,1.2562648871838251,Qm
Qm: P/TP power law,11,2,4,1.834,0.9949269524148495,Qm
Qm: P/TP power law,11,2,6,0.507,0.8699362570680637,Qm
Qm: P/TP power law,11,2,7,0.767,1.0023901728120383,Qm
Qm: P/TP power law,11,2,9,1.438,1.2786797591952201,Qm
Qm: P/TP power law,11,2,12,1.797,0.8213324058635948,Qm
Qm: P/TP power law,11,2,15,0.658,0.7416950991333793,Qm
Qm: P/TP power law,11,2,21,0.942,1.0700921373113426,Qm
Qm: P/TP power law,11,2,37,0.768,1.4220111462202094,Qm
Qm: P/TP power law,11,3,14,2.881,0.9926968010113489,Qm
Qm: P/TP power law,11,3,16,0.874,0.9084314092799249,Qm
Qm: P/TP power law,11,3,17,1.363,1.0046723594547533,Qm
Qm: P/TP power law,11,3,20,0.811,0.9727038171860659,Qm
Qm: P/TP power law,11,3,25,0.395,0.7496666420765283,Qm
Qm: P/TP power law,11,3,30,0.506,0.9084314092799249,Qm
Qm: P/TP power law,11,3,31,0.665,0.9566784781872801,Qm
Qm: P/TP power law,11,3,33,1.084,1.0524276176363796,Qm
Qm: P/TP power law,11,4,1,0.851,0.7964102542364537,Qm
Qm: P/TP power law,11,4,3,1.375,0.934861163701403,Qm
Qm: P/TP power law,11,4,10,0.778,0.6867821934316535,Qm
Qm: P/TP power law,11,4,26,0.522,0.762391932663196,Qm
Qm: P/TP power law,11,4,27,0.612,0.8392759371754641,Qm
Qm: P/TP power law,11,4,29,1.048,0.9965604044153538,Qm
Qm: P/TP power law,11,4,34,1.076,1.1417793316765539,Qm
Qm: P/TP power law,11,4,38,0.918,1.464085675806418,Qm
Qm: P/TP power law,11,5,5,0.293,0.7621850799614248,Qm
Qm: P/TP power law,11,5,11,1.134,0.7621850799614248,Qm
Qm: P/TP power law,11,5,13,2.403,0.9099106871816002,Qm
Qm: P/TP power law,11,5,22,1.163,1.1630435592489998,Qm
Qm: P/TP power law,11,5,23,1.45,1.2664384737972936,Qm
Qm: P/TP power law,11,5,28,0.769,0.9099106871816002,Qm
Qm: P/TP power law,11,5,32,0.871,1.0001029715793244,Qm
Qm: P/TP power law,11,5,39,1.027,1.4764920146995786,Qm
Qm: P/TP power law,12,1,1,0.851,0.7954019712067711,Qm
Qm: P/TP power law,12,1,4,1.834,1.033441619315101,Qm
Qm: P/TP power law,12,1,7,0.767,1.0416470965351812,Qm
Qm: P/TP power law,12,1,8,1.144,1.1921482508365506,Qm
Qm: P/TP power law,12,1,15,0.658,0.757337541153526,Qm
Qm: P/TP power law,12,1,27,0.612,0.8436515770023033,Qm
Qm: P/TP power law,12,1,35,0.644,1.374137558779878,Qm
Qm: P/TP power law,12,1,36,0.689,1.4407212513378775,Qm
Qm: P/TP power law,12,2,0,0.735,0.7330970965907838,Qm
Qm: P/TP power law,12,2,2,1.074,0.8461446146425814,Qm
Qm: P/TP power law,12,2,10,0.778,0.6977772536282557,Qm
Qm: P/TP power law,12,2,17,1.363,0.964879833259533,Qm
Qm: P/TP power law,12,2,19,3.336,1.1684979526216404,Qm
Qm: P/TP power law,12,2,21,0.942,1.0157763130580715,Qm
Qm: P/TP power law,12,2,31,0.665,0.9139891828465836,Qm
Qm: P/TP power law,12,2,32,0.871,0.964879833259533,Qm
Qm: P/TP power law,12,3,13,2.403,0.8768004855573718,Qm
Qm: P/TP power law,12,3,14,2.881,0.9555328941235834,Qm
Qm: P/TP power law,12,3,16,0.874,0.845688139930912,Qm
Qm: P/TP power law,12,3,28,0.769,0.8768004855573718,Qm
Qm: P/TP power law,12,3,30,0.506,0.845688139930912,Qm
Qm: P/TP power law,12,3,33,1.084,1.0355699179472337,Qm
Qm: P/TP power law,12,3,34,1.076,1.1004969632676633,Qm
Qm: P/TP power law,12,3,38,0.918,1.4246642399171245,Qm
Qm: P/TP power law,12,4,3,1.375,0.9176754604023127,Qm
Qm: P/TP power law,12,4,6,0.507,0.873940883295593,Qm
Qm: P/TP power law,12,4,11,1.134,0.7623395226823682,Qm
Qm: P/TP power law,12,4,18,2.547,1.1006600082921885,Qm
Qm: P/TP power law,12,4,20,0.811,0.9490223297363479,Qm
Qm: P/TP power law,12,4,23,1.45,1.2348078074179354,Qm
Qm: P/TP power law,12,4,26,0.522,0.7623395226823682,Qm
Qm: P/TP power law,12,4,39,1.027,1.4285648435474763,Qm
Qm: P/TP power law,12,5,5,0.293,0.8238508471722499,Qm
Qm: P/TP power law,12,5,9,1.438,1.2168779771180969,Qm
Qm: P/TP power law,12,5,12,1.797,0.8862779868569897,Qm
Qm: P/TP power law,12,5,22,1.163,1.152338220621034,Qm
Qm: P/TP power law,12,5,24,1.616,1.3130813301381772,Qm
Qm: P/TP power law,12,5,25,0.395,0.7609664335362536,Qm
Qm: P/TP power law,12,5,29,1.048,1.0099075575460603,Qm
Qm: P/TP power law,12,5,37,0.768,1.3130813301381772,Qm
Qm: P/TP power law,13,1,14,2.881,0.9563275421792928,Qm
Qm: P/TP power law,13,1,19,3.336,1.1924979326562655,Qm
Qm: P/TP power law,13,1,24,1.616,1.3049008314779076,Qm
Qm: P/TP power law,13,1,27,0.612,0.8193482211883895,Qm
Qm: P/TP power law,13,1,28,0.769,0.8876413122940259,Qm
Qm: P/TP power law,13,1,34,1.076,1.0808780742341266,Qm
Qm: P/TP power law,13,1,37,0.768,1.3049008314779076,Qm
Qm: P/TP power law,13,1,39,1.027,1.3991260151388176,Qm
Qm: P/TP power law,13,2,8,1.144,1.1884022784309616,Qm
Qm: P/TP power law,13,2,10,0.778,0.6143293731411424,Qm
Qm: P/TP power law,13,2,12,1.797,0.796972184300391,Qm
Qm: P/TP power law,13,2,21,0.942,1.1014080028738769,Qm
Qm: P/TP power law,13,2,29,1.048,0.9960391464704684,Qm
Qm: P/TP power law,13,2,32,0.871,1.0168084945328395,Qm
Qm: P/TP power law,13,2,35,0.644,1.4004211339890682,Qm
Qm: P/TP power law,13,2,38,0.918,1.6410915234469823,Qm
Qm: P/TP power law,13,3,1,0.851,0.8122247067996741,Qm
Qm: P/TP power law,13,3,3,1.375,0.921535986740068,Qm
Qm: P/TP power law,13,3,11,1.134,0.7847682634252586,Qm
Qm: P/TP power law,13,3,16,0.874,0.8833666988407973,Qm
Qm: P/TP power law,13,3,18,2.547,1.0787414749060449,Qm
Qm: P/TP power law,13,3,22,1.163,1.1110959636646796,Qm
Qm: P/TP power law,13,3,25,0.395,0.7227852365741063,Qm
Qm: P/TP power law,13,3,30,0.506,0.8833666988407973,Qm
Qm: P/TP power law,13,4,4,1.834,1.0010295255210389,Qm
Qm: P/TP power law,13,4,6,0.507,0.8860409092239427,Qm
Qm: P/TP power law,13,4,9,1.438,1.2574531021063782,Qm
Qm: P/TP power law,13,4,13,2.403,0.9162914149057525,Qm
Qm: P/TP power law,13,4,20,0.811,0.9670117717025973,Qm
Qm: P/TP power law,13,4,26,0.522,0.7664795033305549,Qm
Qm: P/TP power law,13,4,31,0.665,0.9466789186088865,Qm
Qm: P/TP power law,13,4,36,0.689,1.3316152197659705,Qm
Qm: P/TP power law,13,5,0,0.735,0.8023594515265127,Qm
Qm: P/TP power law,13,5,2,1.074,0.9090443684910556,Qm
Qm: P/TP power law,13,5,5,0.293,0.8292157009141264,Qm
Qm: P/TP power law,13,5,7,0.767,1.019124618296249,Qm
Qm: P/TP power law,13,5,15,0.658,0.8292157009141264,Qm
Qm: P/TP power law,13,5,17,1.363,1.019124618296249,Qm
Qm: P/TP power law,13,5,23,1.45,1.2191667809948554,Qm
Qm: P/TP power law,13,5,33,1.084,1.065762906645805,Qm
Qm: P/TP power law,14,1,2,1.074,0.9016850521842826,Qm
Qm: P/TP power law,14,1,3,1.375,0.9641135280887003,Qm
Qm: P/TP power law,14,1,5,0.293,0.8083362876663059,Qm
Qm: P/TP power law,14,1,6,0.507,0.920397765712773,Qm
Qm: P/TP power law,14,1,17,1.363,1.0329527800538585,Qm
Qm: P/TP power law,14,1,20,0.811,0.9953829342083902,Qm
Qm: P/TP power law,14,1,22,1.163,1.1837083141570917,Qm
Qm: P/TP power law,14,1,38,0.918,1.4206264882617992,Qm
Qm: P/TP power law,14,2,4,1.834,0.9596709994153143,Qm
Qm: P/TP power law,14,2,9,1.438,1.1614802533844384,Qm
Qm: P/TP power law,14,2,14,2.881,0.9528309835730447,Qm
Qm: P/TP power law,14,2,18,2.547,1.063455163757515,Qm
Qm: P/TP power law,14,2,25,0.395,0.7054442737102864,Qm
Qm: P/TP power law,14,2,28,0.769,0.8911991847539115,Qm
Qm: P/TP power law,14,2,31,0.665,0.91586764201593,Qm
Qm: P/TP power law,14,2,36,0.689,1.2185389462400718,Qm
Qm: P/TP power law,14,3,0,0.735,0.6797107057169426,Qm
Qm: P/TP power law,14,3,10,0.778,0.6348176437586973,Qm
Qm: P/TP power law,14,3,11,1.134,0.7162332409124496,Qm
Qm: P/TP power law,14,3,16,0.874,0.8519971113043041,Qm
Qm: P/TP power law,14,3,19,3.336,1.2956771245628182,Qm
Qm: P/TP power law,14,3,32,0.871,0.9940939843026539,Qm
Qm: P/TP power law,14,3,35,0.644,1.3217912879770066,Qm
Qm: P/TP power law,14,3,37,0.768,1.454508044347005,Qm
Qm: P/TP power law,14,4,1,0.851,0.7783970527300464,Qm
Qm: P/TP power law,14,4,7,0.767,0.9789480244373343,Qm
Qm: P/TP power law,14,4,12,1.797,0.8183517099095023,Qm
Qm: P/TP power law,14,4,15,0.658,0.7466199048119571,Qm
Qm: P/TP power law,14,4,21,0.942,1.0382222722747936,Qm
Qm: P/TP power law,14,4,23,1.45,1.2388457874868697,Qm
Qm: P/TP power law,14,4,24,1.616,1.3407806600476715,Qm
Qm: P/TP power law,14,4,34,1.076,1.097931236433325,Qm
Qm: P/TP power law,14,5,8,1.144,1.1336870776250765,Qm
Qm: P/TP power law,14,5,13,2.403,0.9231562000147037,Qm
Qm: P/TP power law,14,5,26,0.522,0.7759655523571521,Qm
Qm: P/TP power law,14,5,27,0.612,0.8492017504916824,Qm
Qm: P/TP power law,14,5,29,1.048,0.9977838168195713,Qm
Qm: P/TP power law,14,5,30,0.506,0.893491255153526,Qm
Qm: P/TP power law,14,5,33,1.084,1.073045184794711,Qm
Qm: P/TP power law,14,5,39,1.027,1.4838622218646513,Qm
Qm: P/TP power law,15,1,7,0.767,0.9778017287338966,Qm
Qm: P/TP power law,15,1,8,1.144,1.0871347256489252,Qm
Qm: P/TP power law,15,1,18,2.547,1.0871347256489252,Qm
Qm: P/TP power law,15,1,19,3.336,1.197085287273605,Qm
Qm: P/TP power law,15,1,29,1.048,0.9641814396389563,Qm
Qm: P/TP power law,15,1,31,0.665,0.9233854454663475,Qm
Qm: P/TP power law,15,1,38,0.918,1.3538083623266546,Qm
Qm: P/TP power law,15,1,39,1.027,1.4001022266765153,Qm
Qm: P/TP power law,15,2,3,1.375,0.9600161050837046,Qm
Qm: P/TP power law,15,2,5,0.293,0.8265505832116842,Qm
Qm: P/TP power law,15,2,9,1.438,1.2045473705403973,Qm
Qm: P/TP power law,15,2,13,2.403,0.9467878325604535,Qm
Qm: P/TP power law,15,2,20,0.811,0.9863993778301562,Qm
Qm: P/TP power law,15,2,27,0.612,0.8869445449773585,Qm
Qm: P/TP power law,15,2,28,0.769,0.9467878325604535,Qm
Qm: P/TP power law,15,2,30,0.506,0.9229136347379322,Qm
Qm: P/TP power law,15,3,1,0.851,0.7694866619139499,Qm
Qm: P/TP power law,15,3,2,1.074,0.845409494544329,Qm
Qm: P/TP power law,15,3,6,0.507,0.8685536727857056,Qm
Qm: P/TP power law,15,3,10,0.778,0.6503107538495726,Qm
Qm: P/TP power law,15,3,11,1.134,0.73225058150439,Qm
Qm: P/TP power law,15,3,16,0.874,0.8685536727857056,Qm
Qm: P/TP power law,15,3,32,0.871,1.0108299438557384,Qm
Qm: P/TP power law,15,3,35,0.644,1.337726008201289,Qm
Qm: P/TP power law,15,4,4,1.834,0.9782979213881461,Qm
Qm: P/TP power law,15,4,12,1.797,0.8316886637520904,Qm
Qm: P/TP power law,15,4,17,1.363,0.9845081822294988,Qm
Qm: P/TP power law,15,4,24,1.616,1.3237661513293812,Qm
Qm: P/TP power law,15,4,25,0.395,0.6945200950295773,Qm
Qm: P/TP power law,15,4,26,0.522,0.7628786165824255,Qm
Qm: P/TP power law,15,4,33,1.084,1.0405277210860455,Qm
Qm: P/TP power law,15,4,37,0.768,1.3237661513293812,Qm
Qm: P/TP power law,15,5,0,0.735,0.7065122537197914,Qm
Qm: P/TP power law,15,5,14,2.881,0.9738770331427337,Qm
Qm: P/TP power law,15,5,15,0.658,0.740088255290844,Qm
Qm: P/TP power law,15,5,21,0.942,1.0543519687008187,Qm
Qm: P/TP power law,15,5,22,1.163,1.1634578196793781,Qm
Qm: P/TP power law,15,5,23,1.45,1.2745147793065603,Qm
Qm: P/TP power law,15,5,34,1.076,1.119574781636872,Qm
Qm: P/TP power law,15,5,36,0.689,1.330740528356518,Qm
Qm: P/TP power law,16,1,9,1.438,1.268474421448109,Qm
Qm: P/TP power law,16,1,10,0.778,0.7342627163467652,Qm
Qm: P/TP power law,16,1,20,0.811,0.9968316699510007,Qm
Qm: P/TP power law,16,1,23,1.45,1.2880192989930845,Qm
Qm: P/TP power law,16,1,25,0.395,0.7342627163467652,Qm
Qm: P/TP power law,16,1,29,1.048,1.020924078325808,Qm
Qm: P/TP power law,16,1,31,0.665,0.9775824046854542,Qm
Qm: P/TP power law,16,1,36,0.689,1.3369575969478347,Qm
Qm: P/TP power law,16,2,3,1.375,0.9087834311835395,Qm
Qm: P/TP power law,16,2,7,0.767,0.9780065229768857,Qm
Qm: P/TP power law,16,2,13,2.403,0.8931186882762923,Qm
Qm: P/TP power law,16,2,19,3.336,1.2076785652996196,Qm
Qm: P/TP power law,16,2,21,0.942,1.0349908629000157,Qm
Qm: P/TP power law,16,2,28,0.769,0.8931186882762923,Qm
Qm: P/TP power law,16,2,30,0.506,0.8649875613453326,Qm
Qm: P/TP power law,16,2,35,0.644,1.2270172094889717,Qm
Qm: P/TP power law,16,3,0,0.735,0.6649870662152116,Qm
Qm: P/TP power law,16,3,4,1.834,0.929545410429505,Qm
Qm: P/TP power law,16,3,6,0.507,0.8149712751958501,Qm
Qm: P/TP power law,16,3,12,1.797,0.7703307152060447,Qm
Qm: P/TP power law,16,3,14,2.881,0.9210198451576346,Qm
Qm: P/TP power law,16,3,18,2.547,1.0610058483898714,Qm
Qm: P/TP power law,16,3,32,0.871,0.9363770933287322,Qm
Qm: P/TP power law,16,3,37,0.768,1.3190316765516659,Qm
Qm: P/TP power law,16,4,1,0.851,0.7996089280151863,Qm
Qm: P/TP power law,16,4,2,1.074,0.8611987034915454,Qm
Qm: P/TP power law,16,4,11,1.134,0.7689369831911104,Qm
Qm: P/TP power law,16,4,16,0.874,0.8797371544269675,Qm
Qm: P/TP power law,16,4,24,1.616,1.3319600446768451,Qm
Qm: P/TP power law,16,4,26,0.522,0.7689369831911104,Qm
Qm: P/TP power law,16,4,27,0.612,0.8380650442137039,Qm
Qm: P/TP power law,16,4,33,1.084,1.0477641949083047,Qm
Qm: P/TP power law,16,5,5,0.293,0.7961260678995721,Qm
Qm: P/TP power law,16,5,8,1.144,1.1780483874303356,Qm
Qm: P/TP power law,16,5,15,0.658,0.7961260678995721,Qm
Qm: P/TP power law,16,5,17,1.363,1.0484381400570968,Qm
Qm: P/TP power law,16,5,22,1.163,1.2217154715520095,Qm
Qm: P/TP power law,16,5,34,1.076,1.1780483874303356,Qm
Qm: P/TP power law,16,5,38,0.918,1.4994508735405443,Qm
Qm: P/TP power law,16,5,39,1.027,1.5559302769860235,Qm
Qm: P/TP power law,17,1,1,0.851,0.7881380597534018,Qm
Qm: P/TP power law,17,1,4,1.834,0.9776555710401544,Qm
Qm: P/TP power law,17,1,9,1.438,1.2164713262200304,Qm
Qm: P/TP power law,17,1,11,1.134,0.756960163887106,Qm
Qm: P/TP power law,17,1,15,0.658,0.756960163887106,Qm
Qm: P/TP power law,17,1,16,0.874,0.8697649544865709,Qm
Qm: P/TP power law,17,1,27,0.612,0.8272823646837578,Qm
Qm: P/TP power law,17,1,31,0.665,0.9267281857450479,Qm
Qm: P/TP power law,17,2,7,0.767,0.9490826121875374,Qm
Qm: P/TP power law,17,2,13,2.403,0.8714787348336274,Qm
Qm: P/TP power law,17,2,19,3.336,1.1571029040746208,Qm
Qm: P/TP power law,17,2,22,1.163,1.087600062795246,Qm
Qm: P/TP power law,17,2,24,1.616,1.2616367858512212,Qm
Qm: P/TP power law,17,2,33,1.084,1.000946803495699,Qm
Qm: P/TP power law,17,2,34,1.076,1.0529078136185623,Qm
Qm: P/TP power law,17,2,38,0.918,1.3052861913127256,Qm
Qm: P/TP power law,17,3,3,1.375,0.8747726924950159,Qm
Qm: P/TP power law,17,3,8,1.144,1.1060146228789327,Qm
Qm: P/TP power law,17,3,12,1.797,0.7708054203598415,Qm
Qm: P/TP power law,17,3,17,1.363,0.9606299991600408,Qm
Qm: P/TP power law,17,3,18,2.547,1.1060146228789327,Qm
Qm: P/TP power law,17,3,29,1.048,0.9428795154405741,Qm
Qm: P/TP power law,17,3,37,0.768,1.4137883277876568,Qm
Qm: P/TP power law,17,3,39,1.027,1.5482891713723221,Qm
Qm: P/TP power law,17,4,0,0.735,0.8700810702722915,Qm
Qm: P/TP power law,17,4,2,1.074,0.970845947728546,Qm
Qm: P/TP power law,17,4,5,0.293,0.8955934393801649,Qm
Qm: P/TP power law,17,4,6,0.507,0.9856801719809261,Qm
Qm: P/TP power law,17,4,10,0.778,0.8378645208728364,Qm
Qm: P/TP power law,17,4,20,0.811,1.0443530322164634,Qm
Qm: P/TP power law,17,4,28,0.769,1.0078045511131712,Qm
Qm: P/TP power law,17,4,30,0.506,0.9856801719809261,Qm
Qm: P/TP power law,17,5,14,2.881,1.0222867731228733,Qm
Qm: P/TP power law,17,5,21,0.942,1.101682877896379,Qm
Qm: P/TP power law,17,5,23,1.45,1.3171781179491886,Qm
Qm: P/TP power law,17,5,25,0.395,0.7136150146564613,Qm
Qm: P/TP power law,17,5,26,0.522,0.7893306915308522,Qm
Qm: P/TP power law,17,5,32,0.871,1.0381004920119878,Qm
Qm: P/TP power law,17,5,35,0.644,1.3171781179491886,Qm
Qm: P/TP power law,17,5,36,0.689,1.3718507010964436,Qm
Qm: P/TP power law,18,1,7,0.767,1.021136920809288,Qm
Qm: P/TP power law,18,1,12,1.797,0.8376513519597865,Qm
Qm: P/TP power law,18,1,21,0.942,1.0896957246008088,Qm
Qm: P/TP power law,18,1,26,0.522,0.7568751880045713,Qm
Qm: P/TP power law,18,1,28,0.769,0.9201043050806288,Qm
Qm: P/TP power law,18,1,29,1.048,1.004145239045063,Qm
Qm: P/TP power law,18,1,33,1.084,1.0896957246008088,Qm
Qm: P/TP power law,18,1,35,0.644,1.324701540390704,Qm
Qm: P/TP power law,18,2,8,1.144,1.141337426523104,Qm
Qm: P/TP power law,18,2,10,0.778,0.6801044344179881,Qm
Qm: P/TP power law,18,2,14,2.881,0.9936762631981745,Qm
Qm: P/TP power law,18,2,27,0.612,0.8341976460878817,Qm
Qm: P/TP power law,18,2,30,0.506,0.8815045764092935,Qm
Qm: P/TP power law,18,2,32,0.871,1.0098971592257087,Qm
Qm: P/TP power law,18,2,34,1.076,1.141337426523104,Qm
Qm: P/TP power law,18,2,37,0.768,1.4124816081791052,Qm
Qm: P/TP power law,18,3,1,0.851,0.7649194997492167,Qm
Qm: P/TP power law,18,3,4,1.834,0.9341692782538292,Qm
Qm: P/TP power law,18,3,6,0.507,0.8381416680306735,Qm
Qm: P/TP power law,18,3,11,1.134,0.736809563095279,Qm
Qm: P/TP power law,18,3,17,1.363,0.9398270852455075,Qm
Qm: P/TP power law,18,3,18,2.547,1.0418295229551644,Qm
Qm: P/TP power law,18,3,22,1.163,1.0758955370898216,Qm
Qm: P/TP power law,18,3,24,1.616,1.2466727853572412,Qm
Qm: P/TP power law,18,4,2,1.074,0.9355864194019866,Qm
Qm: P/TP power law,18,4,5,0.293,0.844872756104294,Qm
Qm: P/TP power law,18,4,9,1.438,1.277864733554135,Qm
Qm: P/TP power law,18,4,16,0.874,0.9536933484716014,Qm
Qm: P/TP power law,18,4,20,0.811,1.0260096427412269,Qm
Qm: P/TP power law,18,4,25,0.395,0.7766270517964141,Qm
Qm: P/TP power law,18,4,38,0.918,1.4299547629987275,Qm
Qm: P/TP power law,18,4,39,1.027,1.474582796635485,Qm
Qm: P/TP power law,18,5,0,0.735,0.7062582846108676,Qm
Qm: P/TP power law,18,5,3,1.375,0.8873014852669739,Qm
Qm: P/TP power law,18,5,13,2.403,0.8720761567706603,Qm
Qm: P/TP power law,18,5,15,0.658,0.736168559333077,Qm
Qm: P/TP power law,18,5,19,3.336,1.1776036515710235,Qm
Qm: P/TP power law,18,5,23,1.45,1.196374048953231,Qm
Qm: P/TP power law,18,5,31,0.665,0.8994987416207761,Qm
Qm: P/TP power law,18,5,36,0.689,1.2434155803956946,Qm
Qm: P/TP power law,19,1,7,0.767,0.9920579810591218,Qm
Qm: P/TP power law,19,1,14,2.881,0.9822501338165762,Qm
Qm: P/TP power law,19,1,16,0.874,0.9126464451579275,Qm
Qm: P/TP power law,19,1,19,3.336,1.1449275404593713,Qm
Qm: P/TP power law,19,1,25,0.395,0.7783617633705414,Qm
Qm: P/TP power law,19,1,26,0.522,0.8308595028293647,Qm
Qm: P/TP power law,19,1,27,0.612,0.8822739855428777,Qm
Qm: P/TP power law,19,1,38,0.918,1.2491762137271551,Qm
Qm: P/TP power law,19,2,5,0.293,0.7764850559360537,Qm
Qm: P/TP power law,19,2,9,1.438,1.3220846951668757,Qm
Qm: P/TP power law,19,2,11,1.134,0.7764850559360537,Qm
Qm: P/TP power law,19,2,20,0.811,0.9968713753850225,Qm
Qm: P/TP power law,19,2,24,1.616,1.4667129200611293,Qm
Qm: P/TP power law,19,2,33,1.084,1.1109324236090727,Qm
Qm: P/TP power law,19,2,37,0.768,1.4667129200611293,Qm
Qm: P/TP power law,19,2,39,1.027,1.5894328427713704,Qm
Qm: P/TP power law,19,3,0,0.735,0.7120653862648727,Qm
Qm: P/TP power law,19,3,3,1.375,0.9075249789103083,Qm
Qm: P/TP power law,19,3,4,1.834,0.9741243752894542,Qm
Qm: P/TP power law,19,3,18,2.547,1.10246240649539,Qm
Qm: P/TP power law,19,3,28,0.769,0.8909825502680814,Qm
Qm: P/TP power law,19,3,31,0.665,0.9207902819271832,Qm
Qm: P/TP power law,19,3,32,0.871,0.9808212759683617,Qm
Qm: P/TP power law,19,3,35,0.644,1.2468517933348733,Qm
Qm: P/TP power law,19,4,2,1.074,0.8460903796437146,Qm
Qm: P/TP power law,19,4,12,1.797,0.817703136780789,Qm
Qm: P/TP power law,19,4,21,0.942,1.0818029097736994,Qm
Qm: P/TP power law,19,4,22,1.163,1.2050506449704044,Qm
Qm: P/TP power law,19,4,29,1.048,0.9916699915773495,Qm
Qm: P/TP power law,19,4,30,0.506,0.8689789432126128,Qm
Qm: P/TP power law,19,4,34,1.076,1.1553405082330994,Qm
Qm: P/TP power law,19,4,36,0.689,1.3961457993861786,Qm
Qm: P/TP power law,19,5,1,0.851,0.7715230161699087,Qm
Qm: P/TP power law,19,5,6,0.507,0.8532676002060305,Qm
Qm: P/TP power law,19,5,8,1.144,1.0843410420175212,Qm
Qm: P/TP power law,19,5,10,0.778,0.6707772847080943,Qm
Qm: P/TP power law,19,5,13,2.403,0.8817858268271864,Qm
Qm: P/TP power law,19,5,15,0.658,0.7403480617030106,Qm
Qm: P/TP power law,19,5,17,1.363,0.9679872216813123,Qm
Qm: P/TP power law,19,5,23,1.45,1.2219723832556972,Qm
Qm: P/TP power law,20,1,0,0.735,0.7771883445574287,Qm
Qm: P/TP power law,20,1,7,0.767,1.0313300977405961,Qm
Qm: P/TP power law,20,1,12,1.797,0.8776463172489495,Qm
Qm: P/TP power law,20,1,20,0.811,0.9940036251521148,Qm
Qm: P/TP power law,20,1,26,0.522,0.8080577928050068,Qm
Qm: P/TP power law,20,1,27,0.612,0.8776463172489495,Qm
Qm: P/TP power law,20,1,30,0.506,0.9194828315514454,Qm
Qm: P/TP power law,20,1,32,0.871,1.0313300977405961,Qm
Qm: P/TP power law,20,2,3,1.375,0.9130109298052163,Qm
Qm: P/TP power law,20,2,9,1.438,1.3323606888712893,Qm
Qm: P/TP power law,20,2,11,1.134,0.7115265786897226,Qm
Qm: P/TP power law,20,2,17,1.363,1.0065911203687028,Qm
Qm: P/TP power law,20,2,21,0.942,1.0852874599178404,Qm
Qm: P/TP power law,20,2,31,0.665,0.9298083620564908,Qm
Qm: P/TP power law,20,2,38,0.918,1.5800232072581704,Qm
Qm: P/TP power law,20,2,39,1.027,1.6553828148260163,Qm
Qm: P/TP power law,20,3,6,0.507,0.8400403273783664,Qm
Qm: P/TP power law,20,3,8,1.144,1.0542478699489315,Qm
Qm: P/TP power law,20,3,13,2.403,0.8666265689777802,Qm
Qm: P/TP power law,20,3,14,2.881,0.933338151292539,Qm
Qm: P/TP power law,20,3,24,1.616,1.2715510210473102,Qm
Qm: P/TP power law,20,3,28,0.769,0.8666265689777802,Qm
Qm: P/TP power law,20,3,29,1.048,0.933338151292539,Qm
Qm: P/TP power law,20,3,33,1.084,1.0003838518010937,Qm
Qm: P/TP power law,20,4,2,1.074,0.8667515339854647,Qm
Qm: P/TP power law,20,4,4,1.834,0.9730558316636381,Qm
Qm: P/TP power law,20,4,10,0.778,0.7255585432923856,Qm
Qm: P/TP power law,20,4,15,0.658,0.7863224456280341,Qm
Qm: P/TP power law,20,4,19,3.336,1.1673088235138338,Qm
Qm: P/TP power law,20,4,22,1.163,1.1046207589580537,Qm
Qm: P/TP power law,20,4,25,0.395,0.7255585432923856,Qm
Qm: P/TP power law,20,4,36,0.689,1.2219350237854023,Qm
Qm: P/TP power law,20,5,1,0.851,0.8262672517780066,Qm
Qm: P/TP power law,20,5,5,0.293,0.7931139727409489,Qm
Qm: P/TP power law,20,5,16,0.874,0.9131547325610112,Qm
Qm: P/TP power law,20,5,18,2.547,1.1584605998958055,Qm
Qm: P/TP power law,20,5,23,1.45,1.3043853840588133,Qm
Qm: P/TP power law,20,5,34,1.076,1.1584605998958055,Qm
Qm: P/TP power law,20,5,35,0.644,1.3043853840588133,Qm
Qm: P/TP power law,20,5,37,0.768,1.4097614829556542,Qm
