Index,Held_out_formulation,Observed,Predicted,Error,Abs_error,Target,Target_column,Feature_set,Model
0,1ALG8HA,1.01,0.9844121545547597,-0.025587845445240287,0.025587845445240287,Pr,Pr_mean,core,LinearRegression
1,1ALG8HA,0.959,0.9661138945752306,0.007113894575230595,0.007113894575230595,Pr,Pr_mean,core,LinearRegression
2,1ALG8HA,0.967,0.9478156345957014,-0.019184365404298576,0.019184365404298576,Pr,Pr_mean,core,LinearRegression
3,1ALG8HA,0.932,0.9295173746161722,-0.002482625383827819,0.002482625383827819,Pr,Pr_mean,core,LinearRegression
4,1ALG8HA,1.049,0.9112191146366431,-0.13778088536335686,0.13778088536335686,Pr,Pr_mean,core,LinearRegression
5,2ALG8HA,1.136,1.0284608695652173,-0.10753913043478258,0.10753913043478258,Pr,Pr_mean,core,LinearRegression
6,2ALG8HA,1.014,0.9990911304347825,-0.01490886956521753,0.01490886956521753,Pr,Pr_mean,core,LinearRegression
7,2ALG8HA,0.984,0.9697213913043476,-0.01427860869565234,0.01427860869565234,Pr,Pr_mean,core,LinearRegression
8,2ALG8HA,0.971,0.9403516521739129,-0.030648347826087052,0.030648347826087052,Pr,Pr_mean,core,LinearRegression
9,2ALG8HA,0.883,0.9109819130434781,0.02798191304347808,0.02798191304347808,Pr,Pr_mean,core,LinearRegression
10,4ALG4HA,1.005,1.1075074186431328,0.10250741864313295,0.10250741864313295,Pr,Pr_mean,core,LinearRegression
11,4ALG4HA,1.048,1.0908004228718513,0.04280042287185126,0.04280042287185126,Pr,Pr_mean,core,LinearRegression
12,4ALG4HA,1.098,1.07409342710057,-0.0239065728994301,0.0239065728994301,Pr,Pr_mean,core,LinearRegression
13,4ALG4HA,0.999,1.0573864313292884,0.058386431329288446,0.058386431329288446,Pr,Pr_mean,core,LinearRegression
14,4ALG4HA,1.004,1.040679435558007,0.0366794355580069,0.0366794355580069,Pr,Pr_mean,core,LinearRegression
15,4ALG6HA,0.969,1.1351885818772858,0.1661885818772858,0.1661885818772858,Pr,Pr_mean,core,LinearRegression
16,4ALG6HA,1.094,1.0941160747663552,0.00011607476635511205,0.00011607476635511205,Pr,Pr_mean,core,LinearRegression
17,4ALG6HA,1.034,1.0530435676554246,0.019043567655424587,0.019043567655424587,Pr,Pr_mean,core,LinearRegression
18,4ALG6HA,1.081,1.0119710605444943,-0.0690289394555057,0.0690289394555057,Pr,Pr_mean,core,LinearRegression
19,4ALG6HA,0.936,0.9708985534335637,0.03489855343356363,0.03489855343356363,Pr,Pr_mean,core,LinearRegression
20,4ALG8HA,0.985,1.1272343078460771,0.14223430784607716,0.14223430784607716,Pr,Pr_mean,core,LinearRegression
21,4ALG8HA,1.004,1.085223363318341,0.08122336331834101,0.08122336331834101,Pr,Pr_mean,core,LinearRegression
22,4ALG8HA,1.054,1.043212418790605,-0.010787581209395158,0.010787581209395158,Pr,Pr_mean,core,LinearRegression
23,4ALG8HA,0.981,1.0012014742628688,0.02020147426286878,0.02020147426286878,Pr,Pr_mean,core,LinearRegression
24,4ALG8HA,0.928,0.9591905297351326,0.03119052973513259,0.03119052973513259,Pr,Pr_mean,core,LinearRegression
25,6ALG2HA,1.069,1.2047996781254025,0.1357996781254025,0.1357996781254025,Pr,Pr_mean,core,LinearRegression
26,6ALG2HA,1.081,1.187023213595983,0.1060232135959831,0.1060232135959831,Pr,Pr_mean,core,LinearRegression
27,6ALG2HA,1.179,1.1692467490665637,-0.009753250933436375,0.009753250933436375,Pr,Pr_mean,core,LinearRegression
28,6ALG2HA,1.057,1.1514702845371443,0.09447028453714434,0.09447028453714434,Pr,Pr_mean,core,LinearRegression
29,6ALG2HA,1.076,1.1336938200077251,0.05769382000772505,0.05769382000772505,Pr,Pr_mean,core,LinearRegression
30,6ALG4HA,1.42,1.0808133625987708,-0.3391866374012291,0.3391866374012291,Pr,Pr_mean,core,LinearRegression
31,6ALG4HA,1.194,1.0710789113257244,-0.12292108867427554,0.12292108867427554,Pr,Pr_mean,core,LinearRegression
32,6ALG4HA,1.097,1.0613444600526778,-0.03565553994732218,0.03565553994732218,Pr,Pr_mean,core,LinearRegression
33,6ALG4HA,1.232,1.0516100087796314,-0.18038999122036858,0.18038999122036858,Pr,Pr_mean,core,LinearRegression
34,6ALG4HA,1.177,1.0418755575065848,-0.13512444249341526,0.13512444249341526,Pr,Pr_mean,core,LinearRegression
35,6ALG6HA,0.978,1.0835985279261078,0.1055985279261078,0.1055985279261078,Pr,Pr_mean,core,LinearRegression
36,6ALG6HA,0.998,1.0688492134507144,0.07084921345071438,0.07084921345071438,Pr,Pr_mean,core,LinearRegression
37,6ALG6HA,0.986,1.0540998989753212,0.0680998989753212,0.0680998989753212,Pr,Pr_mean,core,LinearRegression
38,6ALG6HA,0.966,1.039350584499928,0.07335058449992804,0.07335058449992804,Pr,Pr_mean,core,LinearRegression
39,6ALG6HA,1.017,1.0246012700245346,0.007601270024534701,0.007601270024534701,Pr,Pr_mean,core,LinearRegression
0,1ALG8HA,1.01,1.1239658786822873,0.11396587868228725,0.11396587868228725,Pr,Pr_mean,core,SVR_RBF
1,1ALG8HA,0.959,1.1180220220116215,0.15902202201162152,0.15902202201162152,Pr,Pr_mean,core,SVR_RBF
2,1ALG8HA,0.967,1.1075892990356544,0.14058929903565442,0.14058929903565442,Pr,Pr_mean,core,SVR_RBF
3,1ALG8HA,0.932,1.0927594907389717,0.16075949073897167,0.16075949073897167,Pr,Pr_mean,core,SVR_RBF
4,1ALG8HA,1.049,1.0739221069782623,0.02492210697826236,0.02492210697826236,Pr,Pr_mean,core,SVR_RBF
5,2ALG8HA,1.136,0.9325175639231107,-0.2034824360768892,0.2034824360768892,Pr,Pr_mean,core,SVR_RBF
6,2ALG8HA,1.014,0.9721619447963443,-0.04183805520365569,0.04183805520365569,Pr,Pr_mean,core,SVR_RBF
7,2ALG8HA,0.984,1.0179001280515592,0.033900128051559175,0.033900128051559175,Pr,Pr_mean,core,SVR_RBF
8,2ALG8HA,0.971,1.0563917268174925,0.08539172681749252,0.08539172681749252,Pr,Pr_mean,core,SVR_RBF
9,2ALG8HA,0.883,1.0780327750772638,0.1950327750772638,0.1950327750772638,Pr,Pr_mean,core,SVR_RBF
10,4ALG4HA,1.005,0.9698852250898851,-0.03511477491011483,0.03511477491011483,Pr,Pr_mean,core,SVR_RBF
11,4ALG4HA,1.048,0.988926426563388,-0.059073573436612015,0.059073573436612015,Pr,Pr_mean,core,SVR_RBF
12,4ALG4HA,1.098,1.0065991528661709,-0.09140084713382923,0.09140084713382923,Pr,Pr_mean,core,SVR_RBF
13,4ALG4HA,0.999,1.0218535309081718,0.02285353090817177,0.02285353090817177,Pr,Pr_mean,core,SVR_RBF
14,4ALG4HA,1.004,1.0337195813417068,0.029719581341706824,0.029719581341706824,Pr,Pr_mean,core,SVR_RBF
15,4ALG6HA,0.969,1.1655071855577213,0.1965071855577213,0.1965071855577213,Pr,Pr_mean,core,SVR_RBF
16,4ALG6HA,1.094,1.1209141888885308,0.0269141888885307,0.0269141888885307,Pr,Pr_mean,core,SVR_RBF
17,4ALG6HA,1.034,1.0737552504086991,0.039755250408699094,0.039755250408699094,Pr,Pr_mean,core,SVR_RBF
18,4ALG6HA,1.081,1.0350352497005688,-0.045964750299431145,0.045964750299431145,Pr,Pr_mean,core,SVR_RBF
19,4ALG6HA,0.936,1.0095066031568984,0.07350660315689839,0.07350660315689839,Pr,Pr_mean,core,SVR_RBF
20,4ALG8HA,0.985,0.9492385979709469,-0.03576140202905309,0.03576140202905309,Pr,Pr_mean,core,SVR_RBF
21,4ALG8HA,1.004,0.8823174442925577,-0.12168255570744235,0.12168255570744235,Pr,Pr_mean,core,SVR_RBF
22,4ALG8HA,1.054,0.8266524140346858,-0.22734758596531424,0.22734758596531424,Pr,Pr_mean,core,SVR_RBF
23,4ALG8HA,0.981,0.794561505359419,-0.18643849464058093,0.18643849464058093,Pr,Pr_mean,core,SVR_RBF
24,4ALG8HA,0.928,0.7907947342479754,-0.13720526575202463,0.13720526575202463,Pr,Pr_mean,core,SVR_RBF
25,6ALG2HA,1.069,1.3238093380416047,0.25480933804160477,0.25480933804160477,Pr,Pr_mean,core,SVR_RBF
26,6ALG2HA,1.081,1.3177599617370688,0.2367599617370688,0.2367599617370688,Pr,Pr_mean,core,SVR_RBF
27,6ALG2HA,1.179,1.304212284283496,0.12521228428349596,0.12521228428349596,Pr,Pr_mean,core,SVR_RBF
28,6ALG2HA,1.057,1.2841454928152929,0.22714549281529295,0.22714549281529295,Pr,Pr_mean,core,SVR_RBF
29,6ALG2HA,1.076,1.2591256084699096,0.18312560846990955,0.18312560846990955,Pr,Pr_mean,core,SVR_RBF
30,6ALG4HA,1.42,1.0269244465570093,-0.3930755534429906,0.3930755534429906,Pr,Pr_mean,core,SVR_RBF
31,6ALG4HA,1.194,1.0170046591690594,-0.1769953408309406,0.1769953408309406,Pr,Pr_mean,core,SVR_RBF
32,6ALG4HA,1.097,1.0041981611925723,-0.09280183880742765,0.09280183880742765,Pr,Pr_mean,core,SVR_RBF
33,6ALG4HA,1.232,0.988968694240647,-0.24303130575935294,0.24303130575935294,Pr,Pr_mean,core,SVR_RBF
34,6ALG4HA,1.177,0.9719406728040021,-0.20505932719599795,0.20505932719599795,Pr,Pr_mean,core,SVR_RBF
35,6ALG6HA,0.978,1.1137291420516249,0.1357291420516249,0.1357291420516249,Pr,Pr_mean,core,SVR_RBF
36,6ALG6HA,0.998,1.0889641954669513,0.09096419546695134,0.09096419546695134,Pr,Pr_mean,core,SVR_RBF
37,6ALG6HA,0.986,1.064875924084085,0.07887592408408506,0.07887592408408506,Pr,Pr_mean,core,SVR_RBF
38,6ALG6HA,0.966,1.0427842458222794,0.07678424582227938,0.07678424582227938,Pr,Pr_mean,core,SVR_RBF
39,6ALG6HA,1.017,1.023756280275038,0.006756280275038051,0.006756280275038051,Pr,Pr_mean,core,SVR_RBF
0,1ALG8HA,1.01,1.0450804285714281,0.035080428571428124,0.035080428571428124,Pr,Pr_mean,core,RandomForest
1,1ALG8HA,0.959,1.0429016666666664,0.08390166666666643,0.08390166666666643,Pr,Pr_mean,core,RandomForest
2,1ALG8HA,0.967,1.0435805079365084,0.07658050793650839,0.07658050793650839,Pr,Pr_mean,core,RandomForest
3,1ALG8HA,0.932,1.044368507936508,0.11236850793650788,0.11236850793650788,Pr,Pr_mean,core,RandomForest
4,1ALG8HA,1.049,1.0476686825396826,-0.0013313174603173383,0.0013313174603173383,Pr,Pr_mean,core,RandomForest
5,2ALG8HA,1.136,0.9668008743386245,-0.1691991256613754,0.1691991256613754,Pr,Pr_mean,core,RandomForest
6,2ALG8HA,1.014,1.032604317460317,0.018604317460316988,0.018604317460316988,Pr,Pr_mean,core,RandomForest
7,2ALG8HA,0.984,1.0352116865079364,0.051211686507936394,0.051211686507936394,Pr,Pr_mean,core,RandomForest
8,2ALG8HA,0.971,1.0266061309523813,0.055606130952381316,0.055606130952381316,Pr,Pr_mean,core,RandomForest
9,2ALG8HA,0.883,0.9888624603174613,0.10586246031746127,0.10586246031746127,Pr,Pr_mean,core,RandomForest
10,4ALG4HA,1.005,1.1693375370370362,0.16433753703703635,0.16433753703703635,Pr,Pr_mean,core,RandomForest
11,4ALG4HA,1.048,1.1693375370370362,0.1213375370370362,0.1213375370370362,Pr,Pr_mean,core,RandomForest
12,4ALG4HA,1.098,1.1788445370370366,0.08084453703703653,0.08084453703703653,Pr,Pr_mean,core,RandomForest
13,4ALG4HA,0.999,1.1711933148148144,0.17219331481481437,0.17219331481481437,Pr,Pr_mean,core,RandomForest
14,4ALG4HA,1.004,1.1732739259259255,0.1692739259259255,0.1692739259259255,Pr,Pr_mean,core,RandomForest
15,4ALG6HA,0.969,1.0277465423280416,0.05874654232804166,0.05874654232804166,Pr,Pr_mean,core,RandomForest
16,4ALG6HA,1.094,1.0242978690476192,-0.06970213095238087,0.06970213095238087,Pr,Pr_mean,core,RandomForest
17,4ALG6HA,1.034,1.0043053611111112,-0.02969463888888879,0.02969463888888879,Pr,Pr_mean,core,RandomForest
18,4ALG6HA,1.081,0.9935322023809519,-0.0874677976190481,0.0874677976190481,Pr,Pr_mean,core,RandomForest
19,4ALG6HA,0.936,0.9861012619047613,0.050101261904761274,0.050101261904761274,Pr,Pr_mean,core,RandomForest
20,4ALG8HA,0.985,0.9953403809523813,0.010340380952381323,0.010340380952381323,Pr,Pr_mean,core,RandomForest
21,4ALG8HA,1.004,0.9513190595238098,-0.05268094047619021,0.05268094047619021,Pr,Pr_mean,core,RandomForest
22,4ALG8HA,1.054,0.9560043928571431,-0.09799560714285693,0.09799560714285693,Pr,Pr_mean,core,RandomForest
23,4ALG8HA,0.981,0.9583120317460316,-0.02268796825396835,0.02268796825396835,Pr,Pr_mean,core,RandomForest
24,4ALG8HA,0.928,0.9671250780423287,0.039125078042328676,0.039125078042328676,Pr,Pr_mean,core,RandomForest
25,6ALG2HA,1.069,1.1580013253968244,0.08900132539682448,0.08900132539682448,Pr,Pr_mean,core,RandomForest
26,6ALG2HA,1.081,1.1580013253968244,0.07700132539682447,0.07700132539682447,Pr,Pr_mean,core,RandomForest
27,6ALG2HA,1.179,1.1595002142857131,-0.0194997857142869,0.0194997857142869,Pr,Pr_mean,core,RandomForest
28,6ALG2HA,1.057,1.1554443809523804,0.0984443809523805,0.0984443809523805,Pr,Pr_mean,core,RandomForest
29,6ALG2HA,1.076,1.1559347698412694,0.07993476984126935,0.07993476984126935,Pr,Pr_mean,core,RandomForest
30,6ALG4HA,1.42,1.0456933955026457,-0.3743066044973542,0.3743066044973542,Pr,Pr_mean,core,RandomForest
31,6ALG4HA,1.194,1.0483720383597888,-0.1456279616402112,0.1456279616402112,Pr,Pr_mean,core,RandomForest
32,6ALG4HA,1.097,1.0409786428571433,-0.05602135714285672,0.05602135714285672,Pr,Pr_mean,core,RandomForest
33,6ALG4HA,1.232,1.0389608650793654,-0.19303913492063463,0.19303913492063463,Pr,Pr_mean,core,RandomForest
34,6ALG4HA,1.177,1.0303886984126986,-0.1466113015873014,0.1466113015873014,Pr,Pr_mean,core,RandomForest
35,6ALG6HA,0.978,1.1892981587301577,0.21129815873015767,0.21129815873015767,Pr,Pr_mean,core,RandomForest
36,6ALG6HA,0.998,1.1892981587301577,0.19129815873015765,0.19129815873015765,Pr,Pr_mean,core,RandomForest
37,6ALG6HA,0.986,1.1892981587301577,0.20329815873015766,0.20329815873015766,Pr,Pr_mean,core,RandomForest
38,6ALG6HA,0.966,1.1892981587301577,0.22329815873015768,0.22329815873015768,Pr,Pr_mean,core,RandomForest
39,6ALG6HA,1.017,1.1892981587301577,0.17229815873015775,0.17229815873015775,Pr,Pr_mean,core,RandomForest
0,1ALG8HA,1.01,1.1038098722575558,0.09380987225755577,0.09380987225755577,Pr,Pr_mean,core,GradientBoosting
1,1ALG8HA,0.959,1.0597942384087664,0.10079423840876645,0.10079423840876645,Pr,Pr_mean,core,GradientBoosting
2,1ALG8HA,0.967,1.0620224347519602,0.09502243475196026,0.09502243475196026,Pr,Pr_mean,core,GradientBoosting
3,1ALG8HA,0.932,1.0620224347519602,0.13002243475196018,0.13002243475196018,Pr,Pr_mean,core,GradientBoosting
4,1ALG8HA,1.049,1.0780836331487291,0.029083633148729193,0.029083633148729193,Pr,Pr_mean,core,GradientBoosting
5,2ALG8HA,1.136,0.95409128764053,-0.18190871235946993,0.18190871235946993,Pr,Pr_mean,core,GradientBoosting
6,2ALG8HA,1.014,1.0689805531287908,0.0549805531287908,0.0549805531287908,Pr,Pr_mean,core,GradientBoosting
7,2ALG8HA,0.984,0.9716375528448064,-0.012362447155193634,0.012362447155193634,Pr,Pr_mean,core,GradientBoosting
8,2ALG8HA,0.971,0.9945566282789734,0.023556628278973424,0.023556628278973424,Pr,Pr_mean,core,GradientBoosting
9,2ALG8HA,0.883,0.9340549183749398,0.051054918374939806,0.051054918374939806,Pr,Pr_mean,core,GradientBoosting
10,4ALG4HA,1.005,1.142681495137426,0.1376814951374261,0.1376814951374261,Pr,Pr_mean,core,GradientBoosting
11,4ALG4HA,1.048,1.1522346132284762,0.10423461322847616,0.10423461322847616,Pr,Pr_mean,core,GradientBoosting
12,4ALG4HA,1.098,1.2131413804383182,0.11514138043831812,0.11514138043831812,Pr,Pr_mean,core,GradientBoosting
13,4ALG4HA,0.999,1.1771260057925774,0.17812600579257742,0.17812600579257742,Pr,Pr_mean,core,GradientBoosting
14,4ALG4HA,1.004,1.1771260057925774,0.17312600579257742,0.17312600579257742,Pr,Pr_mean,core,GradientBoosting
15,4ALG6HA,0.969,1.0272166651733816,0.05821666517338164,0.05821666517338164,Pr,Pr_mean,core,GradientBoosting
16,4ALG6HA,1.094,1.063335504971234,-0.030664495028766003,0.030664495028766003,Pr,Pr_mean,core,GradientBoosting
17,4ALG6HA,1.034,0.970622655088218,-0.06337734491178204,0.06337734491178204,Pr,Pr_mean,core,GradientBoosting
18,4ALG6HA,1.081,0.9776764949048141,-0.10332350509518584,0.10332350509518584,Pr,Pr_mean,core,GradientBoosting
19,4ALG6HA,0.936,0.963792048525151,0.027792048525150936,0.027792048525150936,Pr,Pr_mean,core,GradientBoosting
20,4ALG8HA,0.985,1.0002592539959754,0.015259253995975386,0.015259253995975386,Pr,Pr_mean,core,GradientBoosting
21,4ALG8HA,1.004,0.907612194861732,-0.09638780513826806,0.09638780513826806,Pr,Pr_mean,core,GradientBoosting
22,4ALG8HA,1.054,0.907612194861732,-0.1463878051382681,0.1463878051382681,Pr,Pr_mean,core,GradientBoosting
23,4ALG8HA,0.981,0.907612194861732,-0.07338780513826804,0.07338780513826804,Pr,Pr_mean,core,GradientBoosting
24,4ALG8HA,0.928,0.907612194861732,-0.0203878051382681,0.0203878051382681,Pr,Pr_mean,core,GradientBoosting
25,6ALG2HA,1.069,1.2469752353468837,0.17797523534688375,0.17797523534688375,Pr,Pr_mean,core,GradientBoosting
26,6ALG2HA,1.081,1.2779236422139595,0.19692364221395953,0.19692364221395953,Pr,Pr_mean,core,GradientBoosting
27,6ALG2HA,1.179,1.3008428229742053,0.12184282297420523,0.12184282297420523,Pr,Pr_mean,core,GradientBoosting
28,6ALG2HA,1.057,1.2552035468476965,0.1982035468476966,0.1982035468476966,Pr,Pr_mean,core,GradientBoosting
29,6ALG2HA,1.076,1.264908954382516,0.18890895438251598,0.18890895438251598,Pr,Pr_mean,core,GradientBoosting
30,6ALG4HA,1.42,1.0428627344453583,-0.37713726555464167,0.37713726555464167,Pr,Pr_mean,core,GradientBoosting
31,6ALG4HA,1.194,1.0428627344453583,-0.1511372655546417,0.1511372655546417,Pr,Pr_mean,core,GradientBoosting
32,6ALG4HA,1.097,1.0252504279269912,-0.0717495720730088,0.0717495720730088,Pr,Pr_mean,core,GradientBoosting
33,6ALG4HA,1.232,1.0252504279269912,-0.2067495720730088,0.2067495720730088,Pr,Pr_mean,core,GradientBoosting
34,6ALG4HA,1.177,1.0252504279269912,-0.15174957207300888,0.15174957207300888,Pr,Pr_mean,core,GradientBoosting
35,6ALG6HA,0.978,1.1823503836985798,0.20435038369857983,0.20435038369857983,Pr,Pr_mean,core,GradientBoosting
36,6ALG6HA,0.998,1.1823503836985798,0.1843503836985798,0.1843503836985798,Pr,Pr_mean,core,GradientBoosting
37,6ALG6HA,0.986,1.1458223790991038,0.1598223790991038,0.1598223790991038,Pr,Pr_mean,core,GradientBoosting
38,6ALG6HA,0.966,1.1458223790991038,0.1798223790991038,0.1798223790991038,Pr,Pr_mean,core,GradientBoosting
39,6ALG6HA,1.017,1.1458223790991038,0.12882237909910388,0.12882237909910388,Pr,Pr_mean,core,GradientBoosting
0,1ALG8HA,1.01,1.0595282316207886,0.049528231620788565,0.049528231620788565,Pr,Pr_mean,core,XGBoost
1,1ALG8HA,0.959,1.0080338716506958,0.04903387165069584,0.04903387165069584,Pr,Pr_mean,core,XGBoost
2,1ALG8HA,0.967,1.0274559259414673,0.060455925941467314,0.060455925941467314,Pr,Pr_mean,core,XGBoost
3,1ALG8HA,0.932,1.0274559259414673,0.09545592594146723,0.09545592594146723,Pr,Pr_mean,core,XGBoost
4,1ALG8HA,1.049,1.0912656784057617,0.042265678405761786,0.042265678405761786,Pr,Pr_mean,core,XGBoost
5,2ALG8HA,1.136,0.9448394179344177,-0.19116058206558217,0.19116058206558217,Pr,Pr_mean,core,XGBoost
6,2ALG8HA,1.014,1.0836166143417358,0.06961661434173583,0.06961661434173583,Pr,Pr_mean,core,XGBoost
7,2ALG8HA,0.984,0.9757313132286072,-0.008268686771392808,0.008268686771392808,Pr,Pr_mean,core,XGBoost
8,2ALG8HA,0.971,1.0058977603912354,0.03489776039123538,0.03489776039123538,Pr,Pr_mean,core,XGBoost
9,2ALG8HA,0.883,0.9664291739463806,0.08342917394638061,0.08342917394638061,Pr,Pr_mean,core,XGBoost
10,4ALG4HA,1.005,1.1695048809051514,0.16450488090515147,0.16450488090515147,Pr,Pr_mean,core,XGBoost
11,4ALG4HA,1.048,1.1732300519943237,0.1252300519943237,0.1252300519943237,Pr,Pr_mean,core,XGBoost
12,4ALG4HA,1.098,1.2024457454681396,0.10444574546813956,0.10444574546813956,Pr,Pr_mean,core,XGBoost
13,4ALG4HA,0.999,1.175828218460083,0.176828218460083,0.176828218460083,Pr,Pr_mean,core,XGBoost
14,4ALG4HA,1.004,1.1838566064834595,0.17985660648345947,0.17985660648345947,Pr,Pr_mean,core,XGBoost
15,4ALG6HA,0.969,1.0236295461654663,0.054629546165466336,0.054629546165466336,Pr,Pr_mean,core,XGBoost
16,4ALG6HA,1.094,1.0962947607040405,0.002294760704040444,0.002294760704040444,Pr,Pr_mean,core,XGBoost
17,4ALG6HA,1.034,0.9677749276161194,-0.06622507238388065,0.06622507238388065,Pr,Pr_mean,core,XGBoost
18,4ALG6HA,1.081,0.9797903299331665,-0.10120967006683346,0.10120967006683346,Pr,Pr_mean,core,XGBoost
19,4ALG6HA,0.936,0.9720562100410461,0.03605621004104609,0.03605621004104609,Pr,Pr_mean,core,XGBoost
20,4ALG8HA,0.985,1.008807897567749,0.023807897567749037,0.023807897567749037,Pr,Pr_mean,core,XGBoost
21,4ALG8HA,1.004,0.930962324142456,-0.07303767585754395,0.07303767585754395,Pr,Pr_mean,core,XGBoost
22,4ALG8HA,1.054,0.930962324142456,-0.123037675857544,0.123037675857544,Pr,Pr_mean,core,XGBoost
23,4ALG8HA,0.981,0.932928740978241,-0.048071259021759016,0.048071259021759016,Pr,Pr_mean,core,XGBoost
24,4ALG8HA,0.928,0.9351840019226074,0.007184001922607375,0.007184001922607375,Pr,Pr_mean,core,XGBoost
25,6ALG2HA,1.069,1.2115298509597778,0.14252985095977788,0.14252985095977788,Pr,Pr_mean,core,XGBoost
26,6ALG2HA,1.081,1.2266918420791626,0.14569184207916264,0.14569184207916264,Pr,Pr_mean,core,XGBoost
27,6ALG2HA,1.179,1.2348424196243286,0.055842419624328565,0.055842419624328565,Pr,Pr_mean,core,XGBoost
28,6ALG2HA,1.057,1.2090424299240112,0.1520424299240113,0.1520424299240113,Pr,Pr_mean,core,XGBoost
29,6ALG2HA,1.076,1.2169952392578125,0.14099523925781243,0.14099523925781243,Pr,Pr_mean,core,XGBoost
30,6ALG4HA,1.42,1.0619163513183594,-0.35808364868164055,0.35808364868164055,Pr,Pr_mean,core,XGBoost
31,6ALG4HA,1.194,1.0619163513183594,-0.13208364868164058,0.13208364868164058,Pr,Pr_mean,core,XGBoost
32,6ALG4HA,1.097,1.0370548963546753,-0.05994510364532468,0.05994510364532468,Pr,Pr_mean,core,XGBoost
33,6ALG4HA,1.232,1.0370548963546753,-0.1949451036453247,0.1949451036453247,Pr,Pr_mean,core,XGBoost
34,6ALG4HA,1.177,1.0343812704086304,-0.14261872959136968,0.14261872959136968,Pr,Pr_mean,core,XGBoost
35,6ALG6HA,0.978,1.1339101791381836,0.1559101791381836,0.1559101791381836,Pr,Pr_mean,core,XGBoost
36,6ALG6HA,0.998,1.1339101791381836,0.1359101791381836,0.1359101791381836,Pr,Pr_mean,core,XGBoost
37,6ALG6HA,0.986,1.1101715564727783,0.12417155647277833,0.12417155647277833,Pr,Pr_mean,core,XGBoost
38,6ALG6HA,0.966,1.1101715564727783,0.14417155647277835,0.14417155647277835,Pr,Pr_mean,core,XGBoost
39,6ALG6HA,1.017,1.1101715564727783,0.09317155647277842,0.09317155647277842,Pr,Pr_mean,core,XGBoost
0,1ALG8HA,1.01,-2.088219818330643,-3.0982198183306426,3.0982198183306426,Pr,Pr_mean,engineered,LinearRegression
1,1ALG8HA,0.959,-2.2979606516639617,-3.2569606516639618,3.2569606516639618,Pr,Pr_mean,engineered,LinearRegression
2,1ALG8HA,0.967,-2.5077014849972903,-3.4747014849972904,3.4747014849972904,Pr,Pr_mean,engineered,LinearRegression
3,1ALG8HA,0.932,-2.7174423183306073,-3.6494423183306073,3.6494423183306073,Pr,Pr_mean,engineered,LinearRegression
4,1ALG8HA,1.049,-2.9271831516639324,-3.9761831516639323,3.9761831516639323,Pr,Pr_mean,engineered,LinearRegression
5,2ALG8HA,1.136,2.0814773939867224,0.9454773939867225,0.9454773939867225,Pr,Pr_mean,engineered,LinearRegression
6,2ALG8HA,1.014,2.141159171764493,1.1271591717644929,1.1271591717644929,Pr,Pr_mean,engineered,LinearRegression
7,2ALG8HA,0.984,2.200840949542261,1.2168409495422612,1.2168409495422612,Pr,Pr_mean,engineered,LinearRegression
8,2ALG8HA,0.971,2.260522727320034,1.2895227273200338,1.2895227273200338,Pr,Pr_mean,engineered,LinearRegression
9,2ALG8HA,0.883,2.3202045050978026,1.4372045050978026,1.4372045050978026,Pr,Pr_mean,engineered,LinearRegression
10,4ALG4HA,1.005,3.7737545008466067,2.768754500846607,2.768754500846607,Pr,Pr_mean,engineered,LinearRegression
11,4ALG4HA,1.048,3.9909036387776626,2.9429036387776626,2.9429036387776626,Pr,Pr_mean,engineered,LinearRegression
12,4ALG4HA,1.098,4.208052776708719,3.110052776708719,3.110052776708719,Pr,Pr_mean,engineered,LinearRegression
13,4ALG4HA,0.999,4.425201914639771,3.4262019146397713,3.4262019146397713,Pr,Pr_mean,engineered,LinearRegression
14,4ALG4HA,1.004,4.642351052570822,3.638351052570822,3.638351052570822,Pr,Pr_mean,engineered,LinearRegression
15,4ALG6HA,0.969,0.3341386603715567,-0.6348613396284433,0.6348613396284433,Pr,Pr_mean,engineered,LinearRegression
16,4ALG6HA,1.094,0.2515114139947475,-0.8424885860052526,0.8424885860052526,Pr,Pr_mean,engineered,LinearRegression
17,4ALG6HA,1.034,0.16888416761793612,-0.8651158323820639,0.8651158323820639,Pr,Pr_mean,engineered,LinearRegression
18,4ALG6HA,1.081,0.08625692124112827,-0.9947430787588717,0.9947430787588717,Pr,Pr_mean,engineered,LinearRegression
19,4ALG6HA,0.936,0.003629674864314536,-0.9323703251356855,0.9323703251356855,Pr,Pr_mean,engineered,LinearRegression
20,4ALG8HA,0.985,-21.011804503130836,-21.996804503130836,21.996804503130836,Pr,Pr_mean,engineered,LinearRegression
21,4ALG8HA,1.004,-23.00865065697656,-24.01265065697656,24.01265065697656,Pr,Pr_mean,engineered,LinearRegression
22,4ALG8HA,1.054,-25.00549681082251,-26.05949681082251,26.05949681082251,Pr,Pr_mean,engineered,LinearRegression
23,4ALG8HA,0.981,-27.00234296466812,-27.98334296466812,27.98334296466812,Pr,Pr_mean,engineered,LinearRegression
24,4ALG8HA,0.928,-28.999189118513986,-29.927189118513986,29.927189118513986,Pr,Pr_mean,engineered,LinearRegression
25,6ALG2HA,1.069,2.2660961134626456,1.1970961134626457,1.1970961134626457,Pr,Pr_mean,engineered,LinearRegression
26,6ALG2HA,1.081,1.9258737450415844,0.8448737450415844,0.8448737450415844,Pr,Pr_mean,engineered,LinearRegression
27,6ALG2HA,1.179,1.5856513766205251,0.4066513766205251,0.4066513766205251,Pr,Pr_mean,engineered,LinearRegression
28,6ALG2HA,1.057,1.2454290081994646,0.18842900819946462,0.18842900819946462,Pr,Pr_mean,engineered,LinearRegression
29,6ALG2HA,1.076,0.9052066397784058,-0.1707933602215943,0.1707933602215943,Pr,Pr_mean,engineered,LinearRegression
30,6ALG4HA,1.42,2.320031989242172,0.900031989242172,0.900031989242172,Pr,Pr_mean,engineered,LinearRegression
31,6ALG4HA,1.194,2.351058165712759,1.1570581657127592,1.1570581657127592,Pr,Pr_mean,engineered,LinearRegression
32,6ALG4HA,1.097,2.3820843421833455,1.2850843421833456,1.2850843421833456,Pr,Pr_mean,engineered,LinearRegression
33,6ALG4HA,1.232,2.413110518653932,1.181110518653932,1.181110518653932,Pr,Pr_mean,engineered,LinearRegression
34,6ALG4HA,1.177,2.4441366951245174,1.2671366951245173,1.2671366951245173,Pr,Pr_mean,engineered,LinearRegression
35,6ALG6HA,0.978,121.44534660518745,120.46734660518746,120.46734660518746,Pr,Pr_mean,engineered,LinearRegression
36,6ALG6HA,0.998,125.74676327184822,124.74876327184822,124.74876327184822,Pr,Pr_mean,engineered,LinearRegression
37,6ALG6HA,0.986,130.04817993850855,129.06217993850856,129.06217993850856,Pr,Pr_mean,engineered,LinearRegression
38,6ALG6HA,0.966,134.34959660516932,133.38359660516932,133.38359660516932,Pr,Pr_mean,engineered,LinearRegression
39,6ALG6HA,1.017,138.6510132718301,137.6340132718301,137.6340132718301,Pr,Pr_mean,engineered,LinearRegression
0,1ALG8HA,1.01,1.0589337860348291,0.04893378603482912,0.04893378603482912,Pr,Pr_mean,engineered,SVR_RBF
1,1ALG8HA,0.959,1.0406023182746524,0.08160231827465247,0.08160231827465247,Pr,Pr_mean,engineered,SVR_RBF
2,1ALG8HA,0.967,1.0228309733896515,0.055830973389651484,0.055830973389651484,Pr,Pr_mean,engineered,SVR_RBF
3,1ALG8HA,0.932,1.0075209723141458,0.07552097231414578,0.07552097231414578,Pr,Pr_mean,engineered,SVR_RBF
4,1ALG8HA,1.049,0.9959323869802127,-0.05306761301978724,0.05306761301978724,Pr,Pr_mean,engineered,SVR_RBF
5,2ALG8HA,1.136,0.9194383628554783,-0.2165616371445216,0.2165616371445216,Pr,Pr_mean,engineered,SVR_RBF
6,2ALG8HA,1.014,0.9491343268030825,-0.0648656731969175,0.0648656731969175,Pr,Pr_mean,engineered,SVR_RBF
7,2ALG8HA,0.984,0.9754867728084993,-0.008513227191500716,0.008513227191500716,Pr,Pr_mean,engineered,SVR_RBF
8,2ALG8HA,0.971,0.9906455075541314,0.019645507554131414,0.019645507554131414,Pr,Pr_mean,engineered,SVR_RBF
9,2ALG8HA,0.883,0.9923058492713475,0.10930584927134745,0.10930584927134745,Pr,Pr_mean,engineered,SVR_RBF
10,4ALG4HA,1.005,1.0237963708507936,0.018796370850793664,0.018796370850793664,Pr,Pr_mean,engineered,SVR_RBF
11,4ALG4HA,1.048,1.04484327875034,-0.003156721249659933,0.003156721249659933,Pr,Pr_mean,engineered,SVR_RBF
12,4ALG4HA,1.098,1.0624187405387264,-0.03558125946127366,0.03558125946127366,Pr,Pr_mean,engineered,SVR_RBF
13,4ALG4HA,0.999,1.0747161339915485,0.07571613399154853,0.07571613399154853,Pr,Pr_mean,engineered,SVR_RBF
14,4ALG4HA,1.004,1.0804860595962784,0.07648605959627841,0.07648605959627841,Pr,Pr_mean,engineered,SVR_RBF
15,4ALG6HA,0.969,1.2144635787587057,0.24546357875870572,0.24546357875870572,Pr,Pr_mean,engineered,SVR_RBF
16,4ALG6HA,1.094,1.1579361612602355,0.06393616126023538,0.06393616126023538,Pr,Pr_mean,engineered,SVR_RBF
17,4ALG6HA,1.034,1.099293734967326,0.06529373496732593,0.06529373496732593,Pr,Pr_mean,engineered,SVR_RBF
18,4ALG6HA,1.081,1.0533087721342718,-0.027691227865728196,0.027691227865728196,Pr,Pr_mean,engineered,SVR_RBF
19,4ALG6HA,0.936,1.0261981542845726,0.09019815428457256,0.09019815428457256,Pr,Pr_mean,engineered,SVR_RBF
20,4ALG8HA,0.985,1.0150439465368613,0.030043946536861266,0.030043946536861266,Pr,Pr_mean,engineered,SVR_RBF
21,4ALG8HA,1.004,0.9822322564438257,-0.02176774355617428,0.02176774355617428,Pr,Pr_mean,engineered,SVR_RBF
22,4ALG8HA,1.054,0.9437458529653383,-0.11025414703466174,0.11025414703466174,Pr,Pr_mean,engineered,SVR_RBF
23,4ALG8HA,0.981,0.9117612536692233,-0.06923874633077665,0.06923874633077665,Pr,Pr_mean,engineered,SVR_RBF
24,4ALG8HA,0.928,0.8950687381289878,-0.03293126187101225,0.03293126187101225,Pr,Pr_mean,engineered,SVR_RBF
25,6ALG2HA,1.069,1.1710851053310252,0.10208510533102522,0.10208510533102522,Pr,Pr_mean,engineered,SVR_RBF
26,6ALG2HA,1.081,1.150293701885086,0.0692937018850861,0.0692937018850861,Pr,Pr_mean,engineered,SVR_RBF
27,6ALG2HA,1.179,1.129721123035265,-0.049278876964734986,0.049278876964734986,Pr,Pr_mean,engineered,SVR_RBF
28,6ALG2HA,1.057,1.112424077343621,0.05542407734362098,0.05542407734362098,Pr,Pr_mean,engineered,SVR_RBF
29,6ALG2HA,1.076,1.1002382766157537,0.024238276615753618,0.024238276615753618,Pr,Pr_mean,engineered,SVR_RBF
30,6ALG4HA,1.42,1.0289591628998431,-0.3910408371001568,0.3910408371001568,Pr,Pr_mean,engineered,SVR_RBF
31,6ALG4HA,1.194,1.031806547159586,-0.16219345284041387,0.16219345284041387,Pr,Pr_mean,engineered,SVR_RBF
32,6ALG4HA,1.097,1.028610184584005,-0.06838981541599498,0.06838981541599498,Pr,Pr_mean,engineered,SVR_RBF
33,6ALG4HA,1.232,1.0196248610638534,-0.21237513893614657,0.21237513893614657,Pr,Pr_mean,engineered,SVR_RBF
34,6ALG4HA,1.177,1.0056513061543326,-0.17134869384566742,0.17134869384566742,Pr,Pr_mean,engineered,SVR_RBF
35,6ALG6HA,0.978,1.0828785985438834,0.10487859854388337,0.10487859854388337,Pr,Pr_mean,engineered,SVR_RBF
36,6ALG6HA,0.998,1.076536203446978,0.07853620344697809,0.07853620344697809,Pr,Pr_mean,engineered,SVR_RBF
37,6ALG6HA,0.986,1.0694878896153617,0.08348788961536169,0.08348788961536169,Pr,Pr_mean,engineered,SVR_RBF
38,6ALG6HA,0.966,1.062223759681207,0.096223759681207,0.096223759681207,Pr,Pr_mean,engineered,SVR_RBF
39,6ALG6HA,1.017,1.0552337699335799,0.038233769933579964,0.038233769933579964,Pr,Pr_mean,engineered,SVR_RBF
0,1ALG8HA,1.01,1.0608361044973542,0.050836104497354206,0.050836104497354206,Pr,Pr_mean,engineered,RandomForest
1,1ALG8HA,0.959,1.0617480489417987,0.10274804894179879,0.10274804894179879,Pr,Pr_mean,engineered,RandomForest
2,1ALG8HA,0.967,1.0360656164021167,0.06906561640211673,0.06906561640211673,Pr,Pr_mean,engineered,RandomForest
3,1ALG8HA,0.932,1.0151005978835974,0.08310059788359736,0.08310059788359736,Pr,Pr_mean,engineered,RandomForest
4,1ALG8HA,1.049,0.9972495476190473,-0.05175045238095266,0.05175045238095266,Pr,Pr_mean,engineered,RandomForest
5,2ALG8HA,1.136,0.9817913558201053,-0.15420864417989455,0.15420864417989455,Pr,Pr_mean,engineered,RandomForest
6,2ALG8HA,1.014,0.9880853095238096,-0.02591469047619044,0.02591469047619044,Pr,Pr_mean,engineered,RandomForest
7,2ALG8HA,0.984,1.004092257936508,0.02009225793650793,0.02009225793650793,Pr,Pr_mean,engineered,RandomForest
8,2ALG8HA,0.971,1.0071965198412698,0.036196519841269814,0.036196519841269814,Pr,Pr_mean,engineered,RandomForest
9,2ALG8HA,0.883,0.9917494087301585,0.10874940873015848,0.10874940873015848,Pr,Pr_mean,engineered,RandomForest
10,4ALG4HA,1.005,1.1062505211640212,0.10125052116402133,0.10125052116402133,Pr,Pr_mean,engineered,RandomForest
11,4ALG4HA,1.048,1.1142335291005296,0.0662335291005296,0.0662335291005296,Pr,Pr_mean,engineered,RandomForest
12,4ALG4HA,1.098,1.117217834656085,0.019217834656084953,0.019217834656084953,Pr,Pr_mean,engineered,RandomForest
13,4ALG4HA,0.999,1.1104199828042332,0.11141998280423315,0.11141998280423315,Pr,Pr_mean,engineered,RandomForest
14,4ALG4HA,1.004,1.0925188320105816,0.08851883201058164,0.08851883201058164,Pr,Pr_mean,engineered,RandomForest
15,4ALG6HA,0.969,1.0594204285714288,0.09042042857142885,0.09042042857142885,Pr,Pr_mean,engineered,RandomForest
16,4ALG6HA,1.094,1.0328846785714285,-0.06111532142857157,0.06111532142857157,Pr,Pr_mean,engineered,RandomForest
17,4ALG6HA,1.034,1.0346253650793649,0.0006253650793648369,0.0006253650793648369,Pr,Pr_mean,engineered,RandomForest
18,4ALG6HA,1.081,1.0008803333333334,-0.08011966666666659,0.08011966666666659,Pr,Pr_mean,engineered,RandomForest
19,4ALG6HA,0.936,0.9916026031746028,0.05560260317460275,0.05560260317460275,Pr,Pr_mean,engineered,RandomForest
20,4ALG8HA,0.985,0.9975139140211641,0.012513914021164085,0.012513914021164085,Pr,Pr_mean,engineered,RandomForest
21,4ALG8HA,1.004,0.9825333531746028,-0.02146664682539723,0.02146664682539723,Pr,Pr_mean,engineered,RandomForest
22,4ALG8HA,1.054,0.9716483214285709,-0.08235167857142911,0.08235167857142911,Pr,Pr_mean,engineered,RandomForest
23,4ALG8HA,0.981,0.9711716547619044,-0.009828345238095615,0.009828345238095615,Pr,Pr_mean,engineered,RandomForest
24,4ALG8HA,0.928,0.9708181230158727,0.04281812301587262,0.04281812301587262,Pr,Pr_mean,engineered,RandomForest
25,6ALG2HA,1.069,1.23417919047619,0.16517919047619012,0.16517919047619012,Pr,Pr_mean,engineered,RandomForest
26,6ALG2HA,1.081,1.2343433571428566,0.15334335714285663,0.15334335714285663,Pr,Pr_mean,engineered,RandomForest
27,6ALG2HA,1.179,1.2342042460317457,0.055204246031745674,0.055204246031745674,Pr,Pr_mean,engineered,RandomForest
28,6ALG2HA,1.057,1.2343784682539678,0.17737846825396786,0.17737846825396786,Pr,Pr_mean,engineered,RandomForest
29,6ALG2HA,1.076,1.2298698253968245,0.15386982539682448,0.15386982539682448,Pr,Pr_mean,engineered,RandomForest
30,6ALG4HA,1.42,1.0605559682539691,-0.3594440317460308,0.3594440317460308,Pr,Pr_mean,engineered,RandomForest
31,6ALG4HA,1.194,1.0470941309523818,-0.14690586904761815,0.14690586904761815,Pr,Pr_mean,engineered,RandomForest
32,6ALG4HA,1.097,1.0463876071428582,-0.05061239285714181,0.05061239285714181,Pr,Pr_mean,engineered,RandomForest
33,6ALG4HA,1.232,1.0455747817460332,-0.18642521825396674,0.18642521825396674,Pr,Pr_mean,engineered,RandomForest
34,6ALG4HA,1.177,1.042849019841271,-0.13415098015872906,0.13415098015872906,Pr,Pr_mean,engineered,RandomForest
35,6ALG6HA,0.978,1.0655973015873004,0.08759730158730039,0.08759730158730039,Pr,Pr_mean,engineered,RandomForest
36,6ALG6HA,0.998,1.0656351349206339,0.06763513492063389,0.06763513492063389,Pr,Pr_mean,engineered,RandomForest
37,6ALG6HA,0.986,1.0651012460317448,0.07910124603174484,0.07910124603174484,Pr,Pr_mean,engineered,RandomForest
38,6ALG6HA,0.966,1.058119246031745,0.09211924603174504,0.09211924603174504,Pr,Pr_mean,engineered,RandomForest
39,6ALG6HA,1.017,1.0578006904761894,0.040800690476189505,0.040800690476189505,Pr,Pr_mean,engineered,RandomForest
0,1ALG8HA,1.01,1.1209018797041088,0.11090187970410881,0.11090187970410881,Pr,Pr_mean,engineered,GradientBoosting
1,1ALG8HA,0.959,1.1205319818076593,0.16153198180765937,0.16153198180765937,Pr,Pr_mean,engineered,GradientBoosting
2,1ALG8HA,0.967,1.137488366076522,0.17048836607652207,0.17048836607652207,Pr,Pr_mean,engineered,GradientBoosting
3,1ALG8HA,0.932,1.0963262160217646,0.16432621602176456,0.16432621602176456,Pr,Pr_mean,engineered,GradientBoosting
4,1ALG8HA,1.049,0.980802595705108,-0.06819740429489196,0.06819740429489196,Pr,Pr_mean,engineered,GradientBoosting
5,2ALG8HA,1.136,0.9638504824830741,-0.17214951751692575,0.17214951751692575,Pr,Pr_mean,engineered,GradientBoosting
6,2ALG8HA,1.014,1.0158001543462707,0.001800154346270677,0.001800154346270677,Pr,Pr_mean,engineered,GradientBoosting
7,2ALG8HA,0.984,0.9916597061125358,0.007659706112535858,0.007659706112535858,Pr,Pr_mean,engineered,GradientBoosting
8,2ALG8HA,0.971,1.011817559785267,0.04081755978526702,0.04081755978526702,Pr,Pr_mean,engineered,GradientBoosting
9,2ALG8HA,0.883,0.9616195700083856,0.0786195700083856,0.0786195700083856,Pr,Pr_mean,engineered,GradientBoosting
10,4ALG4HA,1.005,1.1386775683544539,0.133677568354454,0.133677568354454,Pr,Pr_mean,engineered,GradientBoosting
11,4ALG4HA,1.048,1.136673102136337,0.08867310213633695,0.08867310213633695,Pr,Pr_mean,engineered,GradientBoosting
12,4ALG4HA,1.098,1.1310419354228407,0.03304193542284062,0.03304193542284062,Pr,Pr_mean,engineered,GradientBoosting
13,4ALG4HA,0.999,1.1142654203122164,0.11526542031221643,0.11526542031221643,Pr,Pr_mean,engineered,GradientBoosting
14,4ALG4HA,1.004,1.1019575901508125,0.09795759015081251,0.09795759015081251,Pr,Pr_mean,engineered,GradientBoosting
15,4ALG6HA,0.969,1.1142508869116328,0.1452508869116328,0.1452508869116328,Pr,Pr_mean,engineered,GradientBoosting
16,4ALG6HA,1.094,1.095531249524691,0.0015312495246908586,0.0015312495246908586,Pr,Pr_mean,engineered,GradientBoosting
17,4ALG6HA,1.034,1.0741382069223484,0.040138206922348374,0.040138206922348374,Pr,Pr_mean,engineered,GradientBoosting
18,4ALG6HA,1.081,1.0024770749584722,-0.0785229250415278,0.0785229250415278,Pr,Pr_mean,engineered,GradientBoosting
19,4ALG6HA,0.936,0.9865065535895577,0.05050655358955769,0.05050655358955769,Pr,Pr_mean,engineered,GradientBoosting
20,4ALG8HA,0.985,0.9723415325199439,-0.012658467480056057,0.012658467480056057,Pr,Pr_mean,engineered,GradientBoosting
21,4ALG8HA,1.004,0.9751707279747592,-0.02882927202524077,0.02882927202524077,Pr,Pr_mean,engineered,GradientBoosting
22,4ALG8HA,1.054,0.9796192367205264,-0.07438076327947363,0.07438076327947363,Pr,Pr_mean,engineered,GradientBoosting
23,4ALG8HA,0.981,0.9057211746110772,-0.07527882538892283,0.07527882538892283,Pr,Pr_mean,engineered,GradientBoosting
24,4ALG8HA,0.928,0.945651034097333,0.01765103409733293,0.01765103409733293,Pr,Pr_mean,engineered,GradientBoosting
25,6ALG2HA,1.069,1.3265242980432785,0.2575242980432786,0.2575242980432786,Pr,Pr_mean,engineered,GradientBoosting
26,6ALG2HA,1.081,1.3295322279201938,0.2485322279201938,0.2485322279201938,Pr,Pr_mean,engineered,GradientBoosting
27,6ALG2HA,1.179,1.3505708401207182,0.1715708401207181,0.1715708401207181,Pr,Pr_mean,engineered,GradientBoosting
28,6ALG2HA,1.057,1.3325784778790224,0.27557847787902245,0.27557847787902245,Pr,Pr_mean,engineered,GradientBoosting
29,6ALG2HA,1.076,1.3290836237731685,0.2530836237731684,0.2530836237731684,Pr,Pr_mean,engineered,GradientBoosting
30,6ALG4HA,1.42,1.0776715331471216,-0.3423284668528783,0.3423284668528783,Pr,Pr_mean,engineered,GradientBoosting
31,6ALG4HA,1.194,1.0328315935438357,-0.16116840645616426,0.16116840645616426,Pr,Pr_mean,engineered,GradientBoosting
32,6ALG4HA,1.097,1.0455208684353898,-0.05147913156461015,0.05147913156461015,Pr,Pr_mean,engineered,GradientBoosting
33,6ALG4HA,1.232,1.0455208684353898,-0.18647913156461016,0.18647913156461016,Pr,Pr_mean,engineered,GradientBoosting
34,6ALG4HA,1.177,1.0369890835821334,-0.14001091641786667,0.14001091641786667,Pr,Pr_mean,engineered,GradientBoosting
35,6ALG6HA,0.978,1.0365282912208051,0.05852829122080516,0.05852829122080516,Pr,Pr_mean,engineered,GradientBoosting
36,6ALG6HA,0.998,1.0365282912208051,0.038528291220805144,0.038528291220805144,Pr,Pr_mean,engineered,GradientBoosting
37,6ALG6HA,0.986,1.053442413737775,0.06744241373777493,0.06744241373777493,Pr,Pr_mean,engineered,GradientBoosting
38,6ALG6HA,0.966,1.0518159667892288,0.08581596678922887,0.08581596678922887,Pr,Pr_mean,engineered,GradientBoosting
39,6ALG6HA,1.017,1.0518159667892288,0.034815966789228936,0.034815966789228936,Pr,Pr_mean,engineered,GradientBoosting
0,1ALG8HA,1.01,1.1035102605819702,0.0935102605819702,0.0935102605819702,Pr,Pr_mean,engineered,XGBoost
1,1ALG8HA,0.959,1.1035102605819702,0.14451026058197025,0.14451026058197025,Pr,Pr_mean,engineered,XGBoost
2,1ALG8HA,0.967,1.119418740272522,0.152418740272522,0.152418740272522,Pr,Pr_mean,engineered,XGBoost
3,1ALG8HA,0.932,1.0745733976364136,0.14257339763641352,0.14257339763641352,Pr,Pr_mean,engineered,XGBoost
4,1ALG8HA,1.049,0.9891560077667236,-0.0598439922332763,0.0598439922332763,Pr,Pr_mean,engineered,XGBoost
5,2ALG8HA,1.136,0.9632948637008667,-0.1727051362991332,0.1727051362991332,Pr,Pr_mean,engineered,XGBoost
6,2ALG8HA,1.014,1.0168324708938599,0.002832470893859851,0.002832470893859851,Pr,Pr_mean,engineered,XGBoost
7,2ALG8HA,0.984,0.9960342645645142,0.012034264564514174,0.012034264564514174,Pr,Pr_mean,engineered,XGBoost
8,2ALG8HA,0.971,1.0131515264511108,0.042151526451110866,0.042151526451110866,Pr,Pr_mean,engineered,XGBoost
9,2ALG8HA,0.883,0.9646058082580566,0.08160580825805663,0.08160580825805663,Pr,Pr_mean,engineered,XGBoost
10,4ALG4HA,1.005,1.1898784637451172,0.1848784637451173,0.1848784637451173,Pr,Pr_mean,engineered,XGBoost
11,4ALG4HA,1.048,1.1745635271072388,0.12656352710723873,0.12656352710723873,Pr,Pr_mean,engineered,XGBoost
12,4ALG4HA,1.098,1.1762572526931763,0.07825725269317618,0.07825725269317618,Pr,Pr_mean,engineered,XGBoost
13,4ALG4HA,0.999,1.1639074087142944,0.16490740871429443,0.16490740871429443,Pr,Pr_mean,engineered,XGBoost
14,4ALG4HA,1.004,1.1650627851486206,0.1610627851486206,0.1610627851486206,Pr,Pr_mean,engineered,XGBoost
15,4ALG6HA,0.969,1.1204171180725098,0.1514171180725098,0.1514171180725098,Pr,Pr_mean,engineered,XGBoost
16,4ALG6HA,1.094,1.1164820194244385,0.022482019424438393,0.022482019424438393,Pr,Pr_mean,engineered,XGBoost
17,4ALG6HA,1.034,1.0574570894241333,0.02345708942413327,0.02345708942413327,Pr,Pr_mean,engineered,XGBoost
18,4ALG6HA,1.081,1.001239538192749,-0.07976046180725094,0.07976046180725094,Pr,Pr_mean,engineered,XGBoost
19,4ALG6HA,0.936,0.9888123273849487,0.052812327384948676,0.052812327384948676,Pr,Pr_mean,engineered,XGBoost
20,4ALG8HA,0.985,1.0026980638504028,0.017698063850402845,0.017698063850402845,Pr,Pr_mean,engineered,XGBoost
21,4ALG8HA,1.004,0.9587664008140564,-0.04523359918594361,0.04523359918594361,Pr,Pr_mean,engineered,XGBoost
22,4ALG8HA,1.054,0.9686973094940186,-0.0853026905059815,0.0853026905059815,Pr,Pr_mean,engineered,XGBoost
23,4ALG8HA,0.981,0.95754075050354,-0.023459249496459944,0.023459249496459944,Pr,Pr_mean,engineered,XGBoost
24,4ALG8HA,0.928,0.9720742702484131,0.04407427024841304,0.04407427024841304,Pr,Pr_mean,engineered,XGBoost
25,6ALG2HA,1.069,1.3045666217803955,0.23556662178039556,0.23556662178039556,Pr,Pr_mean,engineered,XGBoost
26,6ALG2HA,1.081,1.321158528327942,0.24015852832794193,0.24015852832794193,Pr,Pr_mean,engineered,XGBoost
27,6ALG2HA,1.179,1.359750747680664,0.18075074768066401,0.18075074768066401,Pr,Pr_mean,engineered,XGBoost
28,6ALG2HA,1.057,1.3291082382202148,0.2721082382202149,0.2721082382202149,Pr,Pr_mean,engineered,XGBoost
29,6ALG2HA,1.076,1.3291082382202148,0.2531082382202148,0.2531082382202148,Pr,Pr_mean,engineered,XGBoost
30,6ALG4HA,1.42,1.08551824092865,-0.33448175907135,0.33448175907135,Pr,Pr_mean,engineered,XGBoost
31,6ALG4HA,1.194,1.0500314235687256,-0.14396857643127436,0.14396857643127436,Pr,Pr_mean,engineered,XGBoost
32,6ALG4HA,1.097,1.0545358657836914,-0.04246413421630857,0.04246413421630857,Pr,Pr_mean,engineered,XGBoost
33,6ALG4HA,1.232,1.0557955503463745,-0.17620444965362547,0.17620444965362547,Pr,Pr_mean,engineered,XGBoost
34,6ALG4HA,1.177,1.046058177947998,-0.130941822052002,0.130941822052002,Pr,Pr_mean,engineered,XGBoost
35,6ALG6HA,0.978,1.1045737266540527,0.12657372665405275,0.12657372665405275,Pr,Pr_mean,engineered,XGBoost
36,6ALG6HA,0.998,1.098650336265564,0.10065033626556397,0.10065033626556397,Pr,Pr_mean,engineered,XGBoost
37,6ALG6HA,0.986,1.1119698286056519,0.12596982860565187,0.12596982860565187,Pr,Pr_mean,engineered,XGBoost
38,6ALG6HA,0.966,1.1126744747161865,0.14667447471618655,0.14667447471618655,Pr,Pr_mean,engineered,XGBoost
39,6ALG6HA,1.017,1.1021602153778076,0.08516021537780771,0.08516021537780771,Pr,Pr_mean,engineered,XGBoost
0,1ALG8HA,1.01,-1.1132365015982675,-2.1232365015982673,2.1232365015982673,Pr,Pr_mean,rheology_enhanced,LinearRegression
1,1ALG8HA,0.959,-1.3229773349316005,-2.2819773349316006,2.2819773349316006,Pr,Pr_mean,rheology_enhanced,LinearRegression
2,1ALG8HA,0.967,-1.5327181682649433,-2.4997181682649434,2.4997181682649434,Pr,Pr_mean,rheology_enhanced,LinearRegression
3,1ALG8HA,0.932,-1.742459001598272,-2.674459001598272,2.674459001598272,Pr,Pr_mean,rheology_enhanced,LinearRegression
4,1ALG8HA,1.049,-1.9521998349316103,-3.0011998349316102,3.0011998349316102,Pr,Pr_mean,rheology_enhanced,LinearRegression
5,2ALG8HA,1.136,1.5650609372882196,0.4290609372882197,0.4290609372882197,Pr,Pr_mean,rheology_enhanced,LinearRegression
6,2ALG8HA,1.014,1.6247427150659919,0.6107427150659919,0.6107427150659919,Pr,Pr_mean,rheology_enhanced,LinearRegression
7,2ALG8HA,0.984,1.6844244928437624,0.7004244928437624,0.7004244928437624,Pr,Pr_mean,rheology_enhanced,LinearRegression
8,2ALG8HA,0.971,1.7441062706215338,0.7731062706215338,0.7731062706215338,Pr,Pr_mean,rheology_enhanced,LinearRegression
9,2ALG8HA,0.883,1.8037880483992996,0.9207880483992996,0.9207880483992996,Pr,Pr_mean,rheology_enhanced,LinearRegression
10,4ALG4HA,1.005,3.7404883709304517,2.735488370930452,2.735488370930452,Pr,Pr_mean,rheology_enhanced,LinearRegression
11,4ALG4HA,1.048,3.95763750886149,2.90963750886149,2.90963750886149,Pr,Pr_mean,rheology_enhanced,LinearRegression
12,4ALG4HA,1.098,4.174786646792521,3.076786646792521,3.076786646792521,Pr,Pr_mean,rheology_enhanced,LinearRegression
13,4ALG4HA,0.999,4.3919357847235485,3.3929357847235484,3.3929357847235484,Pr,Pr_mean,rheology_enhanced,LinearRegression
14,4ALG4HA,1.004,4.60908492265459,3.6050849226545902,3.6050849226545902,Pr,Pr_mean,rheology_enhanced,LinearRegression
15,4ALG6HA,0.969,1.0451285956463343,0.07612859564633434,0.07612859564633434,Pr,Pr_mean,rheology_enhanced,LinearRegression
16,4ALG6HA,1.094,0.9625013492695315,-0.13149865073046862,0.13149865073046862,Pr,Pr_mean,rheology_enhanced,LinearRegression
17,4ALG6HA,1.034,0.8798741028927292,-0.15412589710727087,0.15412589710727087,Pr,Pr_mean,rheology_enhanced,LinearRegression
18,4ALG6HA,1.081,0.7972468565159286,-0.2837531434840713,0.2837531434840713,Pr,Pr_mean,rheology_enhanced,LinearRegression
19,4ALG6HA,0.936,0.7146196101391266,-0.2213803898608735,0.2213803898608735,Pr,Pr_mean,rheology_enhanced,LinearRegression
20,4ALG8HA,0.985,-19.811171569669874,-20.796171569669873,20.796171569669873,Pr,Pr_mean,rheology_enhanced,LinearRegression
21,4ALG8HA,1.004,-21.80801772351804,-22.812017723518043,22.812017723518043,Pr,Pr_mean,rheology_enhanced,LinearRegression
22,4ALG8HA,1.054,-23.804863877366294,-24.858863877366293,24.858863877366293,Pr,Pr_mean,rheology_enhanced,LinearRegression
23,4ALG8HA,0.981,-25.801710031214434,-26.782710031214435,26.782710031214435,Pr,Pr_mean,rheology_enhanced,LinearRegression
24,4ALG8HA,0.928,-27.798556185062516,-28.726556185062517,28.726556185062517,Pr,Pr_mean,rheology_enhanced,LinearRegression
25,6ALG2HA,1.069,-1.1406419544899957,-2.209641954489996,2.209641954489996,Pr,Pr_mean,rheology_enhanced,LinearRegression
26,6ALG2HA,1.081,-1.4808643229110527,-2.5618643229110525,2.5618643229110525,Pr,Pr_mean,rheology_enhanced,LinearRegression
27,6ALG2HA,1.179,-1.8210866913321098,-3.00008669133211,3.00008669133211,Pr,Pr_mean,rheology_enhanced,LinearRegression
28,6ALG2HA,1.057,-2.161309059753167,-3.218309059753167,3.218309059753167,Pr,Pr_mean,rheology_enhanced,LinearRegression
29,6ALG2HA,1.076,-2.501531428174224,-3.577531428174224,3.577531428174224,Pr,Pr_mean,rheology_enhanced,LinearRegression
30,6ALG4HA,1.42,1.734024348910241,0.314024348910241,0.314024348910241,Pr,Pr_mean,rheology_enhanced,LinearRegression
31,6ALG4HA,1.194,1.7650505253808344,0.5710505253808345,0.5710505253808345,Pr,Pr_mean,rheology_enhanced,LinearRegression
32,6ALG4HA,1.097,1.7960767018514288,0.6990767018514288,0.6990767018514288,Pr,Pr_mean,rheology_enhanced,LinearRegression
33,6ALG4HA,1.232,1.8271028783220222,0.5951028783220222,0.5951028783220222,Pr,Pr_mean,rheology_enhanced,LinearRegression
34,6ALG4HA,1.177,1.8581290547926153,0.6811290547926152,0.6811290547926152,Pr,Pr_mean,rheology_enhanced,LinearRegression
35,6ALG6HA,0.978,120.64054153419569,119.6625415341957,119.6625415341957,Pr,Pr_mean,rheology_enhanced,LinearRegression
36,6ALG6HA,0.998,124.94195820085919,123.94395820085919,123.94395820085919,Pr,Pr_mean,rheology_enhanced,LinearRegression
37,6ALG6HA,0.986,129.2433748675227,128.2573748675227,128.2573748675227,Pr,Pr_mean,rheology_enhanced,LinearRegression
38,6ALG6HA,0.966,133.54479153418757,132.57879153418756,132.57879153418756,Pr,Pr_mean,rheology_enhanced,LinearRegression
39,6ALG6HA,1.017,137.84620820085019,136.8292082008502,136.8292082008502,Pr,Pr_mean,rheology_enhanced,LinearRegression
0,1ALG8HA,1.01,1.0481698286647916,0.03816982866479157,0.03816982866479157,Pr,Pr_mean,rheology_enhanced,SVR_RBF
1,1ALG8HA,0.959,1.0300693375100434,0.0710693375100434,0.0710693375100434,Pr,Pr_mean,rheology_enhanced,SVR_RBF
2,1ALG8HA,0.967,1.01184623615436,0.04484623615436012,0.04484623615436012,Pr,Pr_mean,rheology_enhanced,SVR_RBF
3,1ALG8HA,0.932,0.9951069421555055,0.0631069421555055,0.0631069421555055,Pr,Pr_mean,rheology_enhanced,SVR_RBF
4,1ALG8HA,1.049,0.9810945792569421,-0.06790542074305783,0.06790542074305783,Pr,Pr_mean,rheology_enhanced,SVR_RBF
5,2ALG8HA,1.136,0.9273350229474309,-0.20866497705256903,0.20866497705256903,Pr,Pr_mean,rheology_enhanced,SVR_RBF
6,2ALG8HA,1.014,0.9532230432452105,-0.06077695675478956,0.06077695675478956,Pr,Pr_mean,rheology_enhanced,SVR_RBF
7,2ALG8HA,0.984,0.974666968793084,-0.009333031206915976,0.009333031206915976,Pr,Pr_mean,rheology_enhanced,SVR_RBF
8,2ALG8HA,0.971,0.9867816525578851,0.015781652557885106,0.015781652557885106,Pr,Pr_mean,rheology_enhanced,SVR_RBF
9,2ALG8HA,0.883,0.9880063684253162,0.10500636842531619,0.10500636842531619,Pr,Pr_mean,rheology_enhanced,SVR_RBF
10,4ALG4HA,1.005,1.123345326196354,0.11834532619635407,0.11834532619635407,Pr,Pr_mean,rheology_enhanced,SVR_RBF
11,4ALG4HA,1.048,1.1390844860277625,0.09108448602776242,0.09108448602776242,Pr,Pr_mean,rheology_enhanced,SVR_RBF
12,4ALG4HA,1.098,1.1488913912171497,0.050891391217149584,0.050891391217149584,Pr,Pr_mean,rheology_enhanced,SVR_RBF
13,4ALG4HA,0.999,1.1517799932170236,0.15277999321702362,0.15277999321702362,Pr,Pr_mean,rheology_enhanced,SVR_RBF
14,4ALG4HA,1.004,1.1472945884615715,0.1432945884615715,0.1432945884615715,Pr,Pr_mean,rheology_enhanced,SVR_RBF
15,4ALG6HA,0.969,1.244706190840786,0.27570619084078596,0.27570619084078596,Pr,Pr_mean,rheology_enhanced,SVR_RBF
16,4ALG6HA,1.094,1.187362585942142,0.09336258594214186,0.09336258594214186,Pr,Pr_mean,rheology_enhanced,SVR_RBF
17,4ALG6HA,1.034,1.1262292702509105,0.09222927025091043,0.09222927025091043,Pr,Pr_mean,rheology_enhanced,SVR_RBF
18,4ALG6HA,1.081,1.0714847461147774,-0.009515253885222563,0.009515253885222563,Pr,Pr_mean,rheology_enhanced,SVR_RBF
19,4ALG6HA,0.936,1.029783607715211,0.09378360771521088,0.09378360771521088,Pr,Pr_mean,rheology_enhanced,SVR_RBF
20,4ALG8HA,0.985,1.0087458592795735,0.02374585927957351,0.02374585927957351,Pr,Pr_mean,rheology_enhanced,SVR_RBF
21,4ALG8HA,1.004,0.9840521120295281,-0.019947887970471867,0.019947887970471867,Pr,Pr_mean,rheology_enhanced,SVR_RBF
22,4ALG8HA,1.054,0.9566045708395892,-0.09739542916041088,0.09739542916041088,Pr,Pr_mean,rheology_enhanced,SVR_RBF
23,4ALG8HA,0.981,0.9323371708568079,-0.04866282914319209,0.04866282914319209,Pr,Pr_mean,rheology_enhanced,SVR_RBF
24,4ALG8HA,0.928,0.9159532079172698,-0.012046792082730295,0.012046792082730295,Pr,Pr_mean,rheology_enhanced,SVR_RBF
25,6ALG2HA,1.069,1.0802684456008507,0.011268445600850718,0.011268445600850718,Pr,Pr_mean,rheology_enhanced,SVR_RBF
26,6ALG2HA,1.081,1.0741928057409966,-0.006807194259003335,0.006807194259003335,Pr,Pr_mean,rheology_enhanced,SVR_RBF
27,6ALG2HA,1.179,1.0678933776836494,-0.1111066223163506,0.1111066223163506,Pr,Pr_mean,rheology_enhanced,SVR_RBF
28,6ALG2HA,1.057,1.0620910113420299,0.0050910113420299385,0.0050910113420299385,Pr,Pr_mean,rheology_enhanced,SVR_RBF
29,6ALG2HA,1.076,1.057331019688965,-0.018668980311035144,0.018668980311035144,Pr,Pr_mean,rheology_enhanced,SVR_RBF
30,6ALG4HA,1.42,1.0165303930596405,-0.4034696069403594,0.4034696069403594,Pr,Pr_mean,rheology_enhanced,SVR_RBF
31,6ALG4HA,1.194,1.0202787137387892,-0.17372128626121075,0.17372128626121075,Pr,Pr_mean,rheology_enhanced,SVR_RBF
32,6ALG4HA,1.097,1.0188103716682224,-0.07818962833177756,0.07818962833177756,Pr,Pr_mean,rheology_enhanced,SVR_RBF
33,6ALG4HA,1.232,1.0122110186474822,-0.2197889813525178,0.2197889813525178,Pr,Pr_mean,rheology_enhanced,SVR_RBF
34,6ALG4HA,1.177,1.0009357650774842,-0.17606423492251588,0.17606423492251588,Pr,Pr_mean,rheology_enhanced,SVR_RBF
35,6ALG6HA,0.978,1.0239036251998652,0.04590362519986524,0.04590362519986524,Pr,Pr_mean,rheology_enhanced,SVR_RBF
36,6ALG6HA,0.998,1.0196671043284955,0.0216671043284955,0.0216671043284955,Pr,Pr_mean,rheology_enhanced,SVR_RBF
37,6ALG6HA,0.986,1.015913458750211,0.02991345875021101,0.02991345875021101,Pr,Pr_mean,rheology_enhanced,SVR_RBF
38,6ALG6HA,0.966,1.0128163200975502,0.04681632009755021,0.04681632009755021,Pr,Pr_mean,rheology_enhanced,SVR_RBF
39,6ALG6HA,1.017,1.0104681386611516,-0.0065318613388483104,0.0065318613388483104,Pr,Pr_mean,rheology_enhanced,SVR_RBF
0,1ALG8HA,1.01,1.0720314933862427,0.0620314933862427,0.0620314933862427,Pr,Pr_mean,rheology_enhanced,RandomForest
1,1ALG8HA,0.959,1.0730546600529096,0.11405466005290965,0.11405466005290965,Pr,Pr_mean,rheology_enhanced,RandomForest
2,1ALG8HA,0.967,1.0472809629629625,0.0802809629629625,0.0802809629629625,Pr,Pr_mean,rheology_enhanced,RandomForest
3,1ALG8HA,0.932,1.0291192010582006,0.0971192010582006,0.0971192010582006,Pr,Pr_mean,rheology_enhanced,RandomForest
4,1ALG8HA,1.049,1.0001339232804234,-0.048866076719576546,0.048866076719576546,Pr,Pr_mean,rheology_enhanced,RandomForest
5,2ALG8HA,1.136,0.9881852923280411,-0.1478147076719588,0.1478147076719588,Pr,Pr_mean,rheology_enhanced,RandomForest
6,2ALG8HA,1.014,0.9890899007936502,-0.02491009920634979,0.02491009920634979,Pr,Pr_mean,rheology_enhanced,RandomForest
7,2ALG8HA,0.984,1.004863424603175,0.020863424603174918,0.020863424603174918,Pr,Pr_mean,rheology_enhanced,RandomForest
8,2ALG8HA,0.971,1.007080154761905,0.03608015476190507,0.03608015476190507,Pr,Pr_mean,rheology_enhanced,RandomForest
9,2ALG8HA,0.883,0.9888494484126986,0.10584944841269861,0.10584944841269861,Pr,Pr_mean,rheology_enhanced,RandomForest
10,4ALG4HA,1.005,1.0940980753968257,0.0890980753968258,0.0890980753968258,Pr,Pr_mean,rheology_enhanced,RandomForest
11,4ALG4HA,1.048,1.0979628253968259,0.04996282539682584,0.04996282539682584,Pr,Pr_mean,rheology_enhanced,RandomForest
12,4ALG4HA,1.098,1.1019595992063498,0.003959599206349695,0.003959599206349695,Pr,Pr_mean,rheology_enhanced,RandomForest
13,4ALG4HA,0.999,1.094013054232805,0.09501305423280504,0.09501305423280504,Pr,Pr_mean,rheology_enhanced,RandomForest
14,4ALG4HA,1.004,1.0876509113756623,0.08365091137566227,0.08365091137566227,Pr,Pr_mean,rheology_enhanced,RandomForest
15,4ALG6HA,0.969,1.0530961904761902,0.08409619047619021,0.08409619047619021,Pr,Pr_mean,rheology_enhanced,RandomForest
16,4ALG6HA,1.094,1.0328783611111105,-0.06112163888888955,0.06112163888888955,Pr,Pr_mean,rheology_enhanced,RandomForest
17,4ALG6HA,1.034,1.0332827896825394,-0.000717210317460637,0.000717210317460637,Pr,Pr_mean,rheology_enhanced,RandomForest
18,4ALG6HA,1.081,1.0009400119047618,-0.08005998809523818,0.08005998809523818,Pr,Pr_mean,rheology_enhanced,RandomForest
19,4ALG6HA,0.936,0.9922151865079364,0.05621518650793633,0.05621518650793633,Pr,Pr_mean,rheology_enhanced,RandomForest
20,4ALG8HA,0.985,0.9964197433862438,0.011419743386243852,0.011419743386243852,Pr,Pr_mean,rheology_enhanced,RandomForest
21,4ALG8HA,1.004,0.9845677857142865,-0.01943221428571351,0.01943221428571351,Pr,Pr_mean,rheology_enhanced,RandomForest
22,4ALG8HA,1.054,0.9743878412698415,-0.07961215873015859,0.07961215873015859,Pr,Pr_mean,rheology_enhanced,RandomForest
23,4ALG8HA,0.981,0.9731631349206352,-0.007836865079364763,0.007836865079364763,Pr,Pr_mean,rheology_enhanced,RandomForest
24,4ALG8HA,0.928,0.9732053571428572,0.04520535714285712,0.04520535714285712,Pr,Pr_mean,rheology_enhanced,RandomForest
25,6ALG2HA,1.069,1.1648157261904761,0.09581572619047618,0.09581572619047618,Pr,Pr_mean,rheology_enhanced,RandomForest
26,6ALG2HA,1.081,1.1655715595238096,0.08457155952380968,0.08457155952380968,Pr,Pr_mean,rheology_enhanced,RandomForest
27,6ALG2HA,1.179,1.1662894484126989,-0.012710551587301167,0.012710551587301167,Pr,Pr_mean,rheology_enhanced,RandomForest
28,6ALG2HA,1.057,1.1623594920634925,0.1053594920634926,0.1053594920634926,Pr,Pr_mean,rheology_enhanced,RandomForest
29,6ALG2HA,1.076,1.158534436507937,0.08253443650793701,0.08253443650793701,Pr,Pr_mean,rheology_enhanced,RandomForest
30,6ALG4HA,1.42,1.0552969365079372,-0.3647030634920627,0.3647030634920627,Pr,Pr_mean,rheology_enhanced,RandomForest
31,6ALG4HA,1.194,1.043519392857144,-0.15048060714285594,0.15048060714285594,Pr,Pr_mean,rheology_enhanced,RandomForest
32,6ALG4HA,1.097,1.0425818690476205,-0.05441813095237946,0.05441813095237946,Pr,Pr_mean,rheology_enhanced,RandomForest
33,6ALG4HA,1.232,1.042112694444446,-0.1898873055555539,0.1898873055555539,Pr,Pr_mean,rheology_enhanced,RandomForest
34,6ALG4HA,1.177,1.0421325833333348,-0.13486741666666524,0.13486741666666524,Pr,Pr_mean,rheology_enhanced,RandomForest
35,6ALG6HA,0.978,1.0112512592592582,0.033251259259258203,0.033251259259258203,Pr,Pr_mean,rheology_enhanced,RandomForest
36,6ALG6HA,0.998,1.0116464259259248,0.013646425925924799,0.013646425925924799,Pr,Pr_mean,rheology_enhanced,RandomForest
37,6ALG6HA,0.986,1.0137711481481473,0.027771148148147295,0.027771148148147295,Pr,Pr_mean,rheology_enhanced,RandomForest
38,6ALG6HA,0.966,1.0136224814814805,0.047622481481480516,0.047622481481480516,Pr,Pr_mean,rheology_enhanced,RandomForest
39,6ALG6HA,1.017,1.0136224814814805,-0.003377518518519418,0.003377518518519418,Pr,Pr_mean,rheology_enhanced,RandomForest
0,1ALG8HA,1.01,1.111448555079425,0.10144855507942507,0.10144855507942507,Pr,Pr_mean,rheology_enhanced,GradientBoosting
1,1ALG8HA,0.959,1.105262707409476,0.1462627074094761,0.1462627074094761,Pr,Pr_mean,rheology_enhanced,GradientBoosting
2,1ALG8HA,0.967,1.113904503906089,0.1469045039060891,0.1469045039060891,Pr,Pr_mean,rheology_enhanced,GradientBoosting
3,1ALG8HA,0.932,1.0742824798476112,0.1422824798476111,0.1422824798476111,Pr,Pr_mean,rheology_enhanced,GradientBoosting
4,1ALG8HA,1.049,1.021194591329035,-0.027805408670964926,0.027805408670964926,Pr,Pr_mean,rheology_enhanced,GradientBoosting
5,2ALG8HA,1.136,0.9738772323607411,-0.1621227676392588,0.1621227676392588,Pr,Pr_mean,rheology_enhanced,GradientBoosting
6,2ALG8HA,1.014,1.002776588278797,-0.011223411721203114,0.011223411721203114,Pr,Pr_mean,rheology_enhanced,GradientBoosting
7,2ALG8HA,0.984,0.9985161277517612,0.014516127751761254,0.014516127751761254,Pr,Pr_mean,rheology_enhanced,GradientBoosting
8,2ALG8HA,0.971,1.0125478140349977,0.04154781403499774,0.04154781403499774,Pr,Pr_mean,rheology_enhanced,GradientBoosting
9,2ALG8HA,0.883,0.9699885350217322,0.0869885350217322,0.0869885350217322,Pr,Pr_mean,rheology_enhanced,GradientBoosting
10,4ALG4HA,1.005,1.0776801326305065,0.07268013263050666,0.07268013263050666,Pr,Pr_mean,rheology_enhanced,GradientBoosting
11,4ALG4HA,1.048,1.0734340124927806,0.025434012492780544,0.025434012492780544,Pr,Pr_mean,rheology_enhanced,GradientBoosting
12,4ALG4HA,1.098,1.1154090161623564,0.01740901616235635,0.01740901616235635,Pr,Pr_mean,rheology_enhanced,GradientBoosting
13,4ALG4HA,0.999,1.0715570812754902,0.07255708127549021,0.07255708127549021,Pr,Pr_mean,rheology_enhanced,GradientBoosting
14,4ALG4HA,1.004,1.075658661216816,0.07165866121681597,0.07165866121681597,Pr,Pr_mean,rheology_enhanced,GradientBoosting
15,4ALG6HA,0.969,1.0741245698622337,0.10512456986223373,0.10512456986223373,Pr,Pr_mean,rheology_enhanced,GradientBoosting
16,4ALG6HA,1.094,1.0570981272970243,-0.036901872702975735,0.036901872702975735,Pr,Pr_mean,rheology_enhanced,GradientBoosting
17,4ALG6HA,1.034,1.0280470173239047,-0.005952982676095342,0.005952982676095342,Pr,Pr_mean,rheology_enhanced,GradientBoosting
18,4ALG6HA,1.081,0.9948099508288222,-0.08619004917117778,0.08619004917117778,Pr,Pr_mean,rheology_enhanced,GradientBoosting
19,4ALG6HA,0.936,0.9873393179554264,0.051339317955426345,0.051339317955426345,Pr,Pr_mean,rheology_enhanced,GradientBoosting
20,4ALG8HA,0.985,0.9834023012588473,-0.0015976987411526755,0.0015976987411526755,Pr,Pr_mean,rheology_enhanced,GradientBoosting
21,4ALG8HA,1.004,0.9743508965834211,-0.029649103416578892,0.029649103416578892,Pr,Pr_mean,rheology_enhanced,GradientBoosting
22,4ALG8HA,1.054,0.9708588357729833,-0.08314116422701678,0.08314116422701678,Pr,Pr_mean,rheology_enhanced,GradientBoosting
23,4ALG8HA,0.981,0.9112868945818606,-0.06971310541813935,0.06971310541813935,Pr,Pr_mean,rheology_enhanced,GradientBoosting
24,4ALG8HA,0.928,0.9267615601366129,-0.0012384398633871196,0.0012384398633871196,Pr,Pr_mean,rheology_enhanced,GradientBoosting
25,6ALG2HA,1.069,1.2828794634457352,0.21387946344573527,0.21387946344573527,Pr,Pr_mean,rheology_enhanced,GradientBoosting
26,6ALG2HA,1.081,1.2858589139239993,0.20485891392399935,0.20485891392399935,Pr,Pr_mean,rheology_enhanced,GradientBoosting
27,6ALG2HA,1.179,1.3024548398262186,0.12345483982621852,0.12345483982621852,Pr,Pr_mean,rheology_enhanced,GradientBoosting
28,6ALG2HA,1.057,1.286260743863447,0.22926074386344708,0.22926074386344708,Pr,Pr_mean,rheology_enhanced,GradientBoosting
29,6ALG2HA,1.076,1.2637950750438127,0.18779507504381265,0.18779507504381265,Pr,Pr_mean,rheology_enhanced,GradientBoosting
30,6ALG4HA,1.42,1.0741228143919623,-0.3458771856080376,0.3458771856080376,Pr,Pr_mean,rheology_enhanced,GradientBoosting
31,6ALG4HA,1.194,1.0263254520306757,-0.16767454796932424,0.16767454796932424,Pr,Pr_mean,rheology_enhanced,GradientBoosting
32,6ALG4HA,1.097,1.0396383586630369,-0.05736164133696309,0.05736164133696309,Pr,Pr_mean,rheology_enhanced,GradientBoosting
33,6ALG4HA,1.232,1.0396383586630369,-0.1923616413369631,0.1923616413369631,Pr,Pr_mean,rheology_enhanced,GradientBoosting
34,6ALG4HA,1.177,1.0376828204384894,-0.13931717956151068,0.13931717956151068,Pr,Pr_mean,rheology_enhanced,GradientBoosting
35,6ALG6HA,0.978,0.9810629060191681,0.0030629060191681434,0.0030629060191681434,Pr,Pr_mean,rheology_enhanced,GradientBoosting
36,6ALG6HA,0.998,0.9810629060191681,-0.016937093980831874,0.016937093980831874,Pr,Pr_mean,rheology_enhanced,GradientBoosting
37,6ALG6HA,0.986,0.9894889632017726,0.00348896320177261,0.00348896320177261,Pr,Pr_mean,rheology_enhanced,GradientBoosting
38,6ALG6HA,0.966,0.9894889632017726,0.023488963201772628,0.023488963201772628,Pr,Pr_mean,rheology_enhanced,GradientBoosting
39,6ALG6HA,1.017,0.9894889632017726,-0.027511036798227306,0.027511036798227306,Pr,Pr_mean,rheology_enhanced,GradientBoosting
0,1ALG8HA,1.01,1.1096378564834595,0.09963785648345946,0.09963785648345946,Pr,Pr_mean,rheology_enhanced,XGBoost
1,1ALG8HA,0.959,1.1074742078781128,0.14847420787811283,0.14847420787811283,Pr,Pr_mean,rheology_enhanced,XGBoost
2,1ALG8HA,0.967,1.119810938835144,0.15281093883514407,0.15281093883514407,Pr,Pr_mean,rheology_enhanced,XGBoost
3,1ALG8HA,0.932,1.0732728242874146,0.1412728242874145,0.1412728242874145,Pr,Pr_mean,rheology_enhanced,XGBoost
4,1ALG8HA,1.049,0.9790607690811157,-0.06993923091888421,0.06993923091888421,Pr,Pr_mean,rheology_enhanced,XGBoost
5,2ALG8HA,1.136,0.9666266441345215,-0.16937335586547841,0.16937335586547841,Pr,Pr_mean,rheology_enhanced,XGBoost
6,2ALG8HA,1.014,1.0065686702728271,-0.007431329727172864,0.007431329727172864,Pr,Pr_mean,rheology_enhanced,XGBoost
7,2ALG8HA,0.984,0.9937640428543091,0.009764042854309096,0.009764042854309096,Pr,Pr_mean,rheology_enhanced,XGBoost
8,2ALG8HA,0.971,1.005887746810913,0.03488774681091311,0.03488774681091311,Pr,Pr_mean,rheology_enhanced,XGBoost
9,2ALG8HA,0.883,0.9726008176803589,0.08960081768035888,0.08960081768035888,Pr,Pr_mean,rheology_enhanced,XGBoost
10,4ALG4HA,1.005,1.1016478538513184,0.09664785385131847,0.09664785385131847,Pr,Pr_mean,rheology_enhanced,XGBoost
11,4ALG4HA,1.048,1.095020055770874,0.04702005577087398,0.04702005577087398,Pr,Pr_mean,rheology_enhanced,XGBoost
12,4ALG4HA,1.098,1.1207877397537231,0.022787739753723057,0.022787739753723057,Pr,Pr_mean,rheology_enhanced,XGBoost
13,4ALG4HA,0.999,1.089545488357544,0.09054548835754395,0.09054548835754395,Pr,Pr_mean,rheology_enhanced,XGBoost
14,4ALG4HA,1.004,1.089545488357544,0.08554548835754394,0.08554548835754394,Pr,Pr_mean,rheology_enhanced,XGBoost
15,4ALG6HA,0.969,1.1009577512741089,0.13195775127410891,0.13195775127410891,Pr,Pr_mean,rheology_enhanced,XGBoost
16,4ALG6HA,1.094,1.0860402584075928,-0.00795974159240731,0.00795974159240731,Pr,Pr_mean,rheology_enhanced,XGBoost
17,4ALG6HA,1.034,1.037815809249878,0.0038158092498778995,0.0038158092498778995,Pr,Pr_mean,rheology_enhanced,XGBoost
18,4ALG6HA,1.081,1.0045925378799438,-0.07640746212005611,0.07640746212005611,Pr,Pr_mean,rheology_enhanced,XGBoost
19,4ALG6HA,0.936,0.9920596480369568,0.05605964803695673,0.05605964803695673,Pr,Pr_mean,rheology_enhanced,XGBoost
20,4ALG8HA,0.985,1.004909873008728,0.01990987300872804,0.01990987300872804,Pr,Pr_mean,rheology_enhanced,XGBoost
21,4ALG8HA,1.004,0.9609194993972778,-0.04308050060272217,0.04308050060272217,Pr,Pr_mean,rheology_enhanced,XGBoost
22,4ALG8HA,1.054,0.9572806358337402,-0.09671936416625981,0.09671936416625981,Pr,Pr_mean,rheology_enhanced,XGBoost
23,4ALG8HA,0.981,0.9441350102424622,-0.036864989757537825,0.036864989757537825,Pr,Pr_mean,rheology_enhanced,XGBoost
24,4ALG8HA,0.928,0.9565010070800781,0.028501007080078078,0.028501007080078078,Pr,Pr_mean,rheology_enhanced,XGBoost
25,6ALG2HA,1.069,1.3059767484664917,0.23697674846649175,0.23697674846649175,Pr,Pr_mean,rheology_enhanced,XGBoost
26,6ALG2HA,1.081,1.3180960416793823,0.23709604167938236,0.23709604167938236,Pr,Pr_mean,rheology_enhanced,XGBoost
27,6ALG2HA,1.179,1.3523579835891724,0.17335798358917232,0.17335798358917232,Pr,Pr_mean,rheology_enhanced,XGBoost
28,6ALG2HA,1.057,1.3091317415237427,0.25213174152374274,0.25213174152374274,Pr,Pr_mean,rheology_enhanced,XGBoost
29,6ALG2HA,1.076,1.3091317415237427,0.2331317415237426,0.2331317415237426,Pr,Pr_mean,rheology_enhanced,XGBoost
30,6ALG4HA,1.42,1.0821963548660278,-0.3378036451339721,0.3378036451339721,Pr,Pr_mean,rheology_enhanced,XGBoost
31,6ALG4HA,1.194,1.0482687950134277,-0.14573120498657222,0.14573120498657222,Pr,Pr_mean,rheology_enhanced,XGBoost
32,6ALG4HA,1.097,1.0516126155853271,-0.04538738441467283,0.04538738441467283,Pr,Pr_mean,rheology_enhanced,XGBoost
33,6ALG4HA,1.232,1.052313208580017,-0.1796867914199829,0.1796867914199829,Pr,Pr_mean,rheology_enhanced,XGBoost
34,6ALG4HA,1.177,1.0443427562713623,-0.13265724372863774,0.13265724372863774,Pr,Pr_mean,rheology_enhanced,XGBoost
35,6ALG6HA,0.978,1.020930290222168,0.04293029022216799,0.04293029022216799,Pr,Pr_mean,rheology_enhanced,XGBoost
36,6ALG6HA,0.998,1.0202903747558594,0.022290374755859377,0.022290374755859377,Pr,Pr_mean,rheology_enhanced,XGBoost
37,6ALG6HA,0.986,1.0351033210754395,0.049103321075439466,0.049103321075439466,Pr,Pr_mean,rheology_enhanced,XGBoost
38,6ALG6HA,0.966,1.035851240158081,0.06985124015808108,0.06985124015808108,Pr,Pr_mean,rheology_enhanced,XGBoost
39,6ALG6HA,1.017,1.0331265926361084,0.016126592636108494,0.016126592636108494,Pr,Pr_mean,rheology_enhanced,XGBoost
0,1ALG8HA,3.422,4.336825190262298,0.9148251902622975,0.9148251902622975,SR,SR_mean,core,LinearRegression
1,1ALG8HA,4.538,4.46708282868248,-0.07091717131751984,0.07091717131751984,SR,SR_mean,core,LinearRegression
2,1ALG8HA,5.597,4.597340467102663,-0.9996595328973372,0.9996595328973372,SR,SR_mean,core,LinearRegression
3,1ALG8HA,6.138,4.727598105522846,-1.410401894477154,1.410401894477154,SR,SR_mean,core,LinearRegression
4,1ALG8HA,6.203,4.857855743943029,-1.3451442560569715,1.3451442560569715,SR,SR_mean,core,LinearRegression
5,1ALG8HA,3.589,5.248628659203578,1.659628659203578,1.659628659203578,SR,SR_mean,core,LinearRegression
6,2ALG8HA,3.943,4.12850781862406,0.18550781862405996,0.18550781862405996,SR,SR_mean,core,LinearRegression
7,2ALG8HA,3.697,4.299257571932493,0.6022575719324932,0.6022575719324932,SR,SR_mean,core,LinearRegression
8,2ALG8HA,4.767,4.470007325240927,-0.296992674759073,0.296992674759073,SR,SR_mean,core,LinearRegression
9,2ALG8HA,4.49,4.6407570785493615,0.15075707854936127,0.15075707854936127,SR,SR_mean,core,LinearRegression
10,2ALG8HA,7.511,4.811506831857795,-2.6994931681422054,2.6994931681422054,SR,SR_mean,core,LinearRegression
11,4ALG4HA,4.142,5.541580184447494,1.399580184447494,1.399580184447494,SR,SR_mean,core,LinearRegression
12,4ALG4HA,4.559,5.6198591901549895,1.0608591901549893,1.0608591901549893,SR,SR_mean,core,LinearRegression
13,4ALG4HA,5.156,5.698138195862485,0.5421381958624849,0.5421381958624849,SR,SR_mean,core,LinearRegression
14,4ALG4HA,4.706,5.77641720156998,1.0704172015699793,1.0704172015699793,SR,SR_mean,core,LinearRegression
15,4ALG4HA,7.238,5.854696207277475,-1.3833037927225256,1.3833037927225256,SR,SR_mean,core,LinearRegression
16,4ALG4HA,7.447,6.2460912358149505,-1.2009087641850495,1.2009087641850495,SR,SR_mean,core,LinearRegression
17,4ALG6HA,4.586,4.430523839889252,-0.15547616011074794,0.15547616011074794,SR,SR_mean,core,LinearRegression
18,4ALG6HA,3.873,4.640722765076001,0.7677227650760008,0.7677227650760008,SR,SR_mean,core,LinearRegression
19,4ALG6HA,4.056,4.85092169026275,0.7949216902627496,0.7949216902627496,SR,SR_mean,core,LinearRegression
20,4ALG6HA,5.379,5.061120615449499,-0.31787938455050035,0.31787938455050035,SR,SR_mean,core,LinearRegression
21,4ALG6HA,6.194,5.271319540636248,-0.9226804593637521,0.9226804593637521,SR,SR_mean,core,LinearRegression
22,4ALG8HA,3.129,4.247364102392908,1.1183641023929076,1.1183641023929076,SR,SR_mean,core,LinearRegression
23,4ALG8HA,2.796,4.438134398668843,1.6421343986688428,1.6421343986688428,SR,SR_mean,core,LinearRegression
24,4ALG8HA,3.413,4.6289046949447785,1.2159046949447787,1.2159046949447787,SR,SR_mean,core,LinearRegression
25,4ALG8HA,3.85,4.819674991220714,0.9696749912207143,0.9696749912207143,SR,SR_mean,core,LinearRegression
26,4ALG8HA,4.56,5.01044528749665,0.4504452874966507,0.4504452874966507,SR,SR_mean,core,LinearRegression
27,6ALG2HA,4.657,6.1435887877382065,1.4865887877382065,1.4865887877382065,SR,SR_mean,core,LinearRegression
28,6ALG2HA,5.419,6.328332461335469,0.9093324613354694,0.9093324613354694,SR,SR_mean,core,LinearRegression
29,6ALG2HA,6.059,6.513076134932731,0.45407613493273047,0.45407613493273047,SR,SR_mean,core,LinearRegression
30,6ALG2HA,6.469,6.697819808529993,0.22881980852999284,0.22881980852999284,SR,SR_mean,core,LinearRegression
31,6ALG2HA,6.838,6.882563482127256,0.04456348212725558,0.04456348212725558,SR,SR_mean,core,LinearRegression
32,6ALG2HA,3.074,7.806281850113567,4.7322818501135675,4.7322818501135675,SR,SR_mean,core,LinearRegression
33,6ALG4HA,5.633,4.140544733968412,-1.4924552660315884,1.4924552660315884,SR,SR_mean,core,LinearRegression
34,6ALG4HA,6.376,4.313521445492962,-2.062478554507038,2.062478554507038,SR,SR_mean,core,LinearRegression
35,6ALG4HA,6.424,4.486498157017514,-1.9375018429824866,1.9375018429824866,SR,SR_mean,core,LinearRegression
36,6ALG4HA,6.955,4.659474868542064,-2.2955251314579357,2.2955251314579357,SR,SR_mean,core,LinearRegression
37,6ALG4HA,7.023,4.832451580066616,-2.190548419933384,2.190548419933384,SR,SR_mean,core,LinearRegression
38,6ALG6HA,4.431,4.93371523480861,0.5027152348086101,0.5027152348086101,SR,SR_mean,core,LinearRegression
39,6ALG6HA,3.885,5.071507675887788,1.1865076758877882,1.1865076758877882,SR,SR_mean,core,LinearRegression
40,6ALG6HA,4.816,5.209300116966966,0.3933001169669659,0.3933001169669659,SR,SR_mean,core,LinearRegression
41,6ALG6HA,5.536,5.3470925580461435,-0.18890744195385611,0.18890744195385611,SR,SR_mean,core,LinearRegression
42,6ALG6HA,4.683,5.484884999125321,0.8018849991253214,0.8018849991253214,SR,SR_mean,core,LinearRegression
0,1ALG8HA,3.422,4.0080715394855515,0.5860715394855514,0.5860715394855514,SR,SR_mean,core,SVR_RBF
1,1ALG8HA,4.538,4.061215823800824,-0.47678417619917646,0.47678417619917646,SR,SR_mean,core,SVR_RBF
2,1ALG8HA,5.597,4.165087985756207,-1.4319120142437933,1.4319120142437933,SR,SR_mean,core,SVR_RBF
3,1ALG8HA,6.138,4.321936844791026,-1.8160631552089743,1.8160631552089743,SR,SR_mean,core,SVR_RBF
4,1ALG8HA,6.203,4.530059005193591,-1.6729409948064093,1.6729409948064093,SR,SR_mean,core,SVR_RBF
5,1ALG8HA,3.589,5.383431845469431,1.7944318454694312,1.7944318454694312,SR,SR_mean,core,SVR_RBF
6,2ALG8HA,3.943,5.132476621460123,1.189476621460123,1.189476621460123,SR,SR_mean,core,SVR_RBF
7,2ALG8HA,3.697,5.3753638003865465,1.6783638003865464,1.6783638003865464,SR,SR_mean,core,SVR_RBF
8,2ALG8HA,4.767,5.293029588359576,0.5260295883595756,0.5260295883595756,SR,SR_mean,core,SVR_RBF
9,2ALG8HA,4.49,4.9677441694466555,0.4777441694466553,0.4777441694466553,SR,SR_mean,core,SVR_RBF
10,2ALG8HA,7.511,4.568456826919635,-2.942543173080365,2.942543173080365,SR,SR_mean,core,SVR_RBF
11,4ALG4HA,4.142,3.7861053343284015,-0.3558946656715989,0.3558946656715989,SR,SR_mean,core,SVR_RBF
12,4ALG4HA,4.559,4.051753474432345,-0.5072465255676555,0.5072465255676555,SR,SR_mean,core,SVR_RBF
13,4ALG4HA,5.156,4.354068343509976,-0.8019316564900238,0.8019316564900238,SR,SR_mean,core,SVR_RBF
14,4ALG4HA,4.706,4.687110560546281,-0.018889439453719348,0.018889439453719348,SR,SR_mean,core,SVR_RBF
15,4ALG4HA,7.238,5.043803720082438,-2.1941962799175627,2.1941962799175627,SR,SR_mean,core,SVR_RBF
16,4ALG4HA,7.447,6.828727843075795,-0.6182721569242053,0.6182721569242053,SR,SR_mean,core,SVR_RBF
17,4ALG6HA,4.586,4.0829869302069906,-0.5030130697930097,0.5030130697930097,SR,SR_mean,core,SVR_RBF
18,4ALG6HA,3.873,4.650161919085792,0.7771619190857919,0.7771619190857919,SR,SR_mean,core,SVR_RBF
19,4ALG6HA,4.056,5.017376874522812,0.961376874522812,0.961376874522812,SR,SR_mean,core,SVR_RBF
20,4ALG6HA,5.379,5.158244750818064,-0.22075524918193512,0.22075524918193512,SR,SR_mean,core,SVR_RBF
21,4ALG6HA,6.194,5.136987450419289,-1.057012549580711,1.057012549580711,SR,SR_mean,core,SVR_RBF
22,4ALG8HA,3.129,3.965202428504229,0.8362024285042291,0.8362024285042291,SR,SR_mean,core,SVR_RBF
23,4ALG8HA,2.796,4.737347191685695,1.9413471916856948,1.9413471916856948,SR,SR_mean,core,SVR_RBF
24,4ALG8HA,3.413,5.375634686375622,1.962634686375622,1.962634686375622,SR,SR_mean,core,SVR_RBF
25,4ALG8HA,3.85,5.771986472229065,1.9219864722290647,1.9219864722290647,SR,SR_mean,core,SVR_RBF
26,4ALG8HA,4.56,5.913136479677956,1.3531364796779561,1.3531364796779561,SR,SR_mean,core,SVR_RBF
27,6ALG2HA,4.657,4.270750627494545,-0.3862493725054552,0.3862493725054552,SR,SR_mean,core,SVR_RBF
28,6ALG2HA,5.419,4.477067829679035,-0.9419321703209649,0.9419321703209649,SR,SR_mean,core,SVR_RBF
29,6ALG2HA,6.059,4.720542884784651,-1.3384571152153493,1.3384571152153493,SR,SR_mean,core,SVR_RBF
30,6ALG2HA,6.469,4.992991105463517,-1.4760088945364833,1.4760088945364833,SR,SR_mean,core,SVR_RBF
31,6ALG2HA,6.838,5.283746086650702,-1.5542539133492985,1.5542539133492985,SR,SR_mean,core,SVR_RBF
32,6ALG2HA,3.074,6.555500232716305,3.4815002327163054,3.4815002327163054,SR,SR_mean,core,SVR_RBF
33,6ALG4HA,5.633,6.243424248747436,0.6104242487474361,0.6104242487474361,SR,SR_mean,core,SVR_RBF
34,6ALG4HA,6.376,6.2134627222367715,-0.1625372777632288,0.1625372777632288,SR,SR_mean,core,SVR_RBF
35,6ALG4HA,6.424,6.103395069224626,-0.32060493077537444,0.32060493077537444,SR,SR_mean,core,SVR_RBF
36,6ALG4HA,6.955,5.931861926985454,-1.0231380730145458,1.0231380730145458,SR,SR_mean,core,SVR_RBF
37,6ALG4HA,7.023,5.720575137105232,-1.3024248628947674,1.3024248628947674,SR,SR_mean,core,SVR_RBF
38,6ALG6HA,4.431,6.212256033672171,1.7812560336721708,1.7812560336721708,SR,SR_mean,core,SVR_RBF
39,6ALG6HA,3.885,6.050782507140026,2.165782507140026,2.165782507140026,SR,SR_mean,core,SVR_RBF
40,6ALG6HA,4.816,5.899141371672304,1.083141371672304,1.083141371672304,SR,SR_mean,core,SVR_RBF
41,6ALG6HA,5.536,5.766354834401116,0.23035483440111637,0.23035483440111637,SR,SR_mean,core,SVR_RBF
42,6ALG6HA,4.683,5.652945020732206,0.9699450207322062,0.9699450207322062,SR,SR_mean,core,SVR_RBF
0,1ALG8HA,3.422,4.216821670634921,0.7948216706349212,0.7948216706349212,SR,SR_mean,core,RandomForest
1,1ALG8HA,4.538,4.225197003968255,-0.31280299603174555,0.31280299603174555,SR,SR_mean,core,RandomForest
2,1ALG8HA,5.597,4.215413670634922,-1.3815863293650787,1.3815863293650787,SR,SR_mean,core,RandomForest
3,1ALG8HA,6.138,4.212292003968254,-1.925707996031746,1.925707996031746,SR,SR_mean,core,RandomForest
4,1ALG8HA,6.203,4.177816607142859,-2.0251833928571417,2.0251833928571417,SR,SR_mean,core,RandomForest
5,1ALG8HA,3.589,4.547540396825392,0.9585403968253918,0.9585403968253918,SR,SR_mean,core,RandomForest
6,2ALG8HA,3.943,5.171547484126986,1.228547484126986,1.228547484126986,SR,SR_mean,core,RandomForest
7,2ALG8HA,3.697,5.216470288239539,1.519470288239539,1.519470288239539,SR,SR_mean,core,RandomForest
8,2ALG8HA,4.767,4.538061240620489,-0.22893875937951158,0.22893875937951158,SR,SR_mean,core,RandomForest
9,2ALG8HA,4.49,4.447739138888886,-0.0422608611111146,0.0422608611111146,SR,SR_mean,core,RandomForest
10,2ALG8HA,7.511,4.128770242063488,-3.3822297579365124,3.3822297579365124,SR,SR_mean,core,RandomForest
11,4ALG4HA,4.142,5.676495654761908,1.5344956547619075,1.5344956547619075,SR,SR_mean,core,RandomForest
12,4ALG4HA,4.559,5.676495654761908,1.1174956547619077,1.1174956547619077,SR,SR_mean,core,RandomForest
13,4ALG4HA,5.156,5.855296900793653,0.6992969007936534,0.6992969007936534,SR,SR_mean,core,RandomForest
14,4ALG4HA,4.706,6.058637051587302,1.3526370515873012,1.3526370515873012,SR,SR_mean,core,RandomForest
15,4ALG4HA,7.238,6.105942646825397,-1.1320573531746039,1.1320573531746039,SR,SR_mean,core,RandomForest
16,4ALG4HA,7.447,6.02771407142857,-1.4192859285714299,1.4192859285714299,SR,SR_mean,core,RandomForest
17,4ALG6HA,4.586,4.716386873015872,0.1303868730158717,0.1303868730158717,SR,SR_mean,core,RandomForest
18,4ALG6HA,3.873,4.661363825396824,0.7883638253968241,0.7883638253968241,SR,SR_mean,core,RandomForest
19,4ALG6HA,4.056,4.617786730158729,0.5617867301587287,0.5617867301587287,SR,SR_mean,core,RandomForest
20,4ALG6HA,5.379,4.584959968253966,-0.7940400317460332,0.7940400317460332,SR,SR_mean,core,RandomForest
21,4ALG6HA,6.194,4.5096460238095215,-1.6843539761904784,1.6843539761904784,SR,SR_mean,core,RandomForest
22,4ALG8HA,3.129,5.205168850529102,2.076168850529102,2.076168850529102,SR,SR_mean,core,RandomForest
23,4ALG8HA,2.796,5.824494719576717,3.028494719576717,3.028494719576717,SR,SR_mean,core,RandomForest
24,4ALG8HA,3.413,5.396601571428569,1.983601571428569,1.983601571428569,SR,SR_mean,core,RandomForest
25,4ALG8HA,3.85,5.219925007936507,1.3699250079365073,1.3699250079365073,SR,SR_mean,core,RandomForest
26,4ALG8HA,4.56,5.280269222222221,0.7202692222222211,0.7202692222222211,SR,SR_mean,core,RandomForest
27,6ALG2HA,4.657,4.946323746031746,0.28932374603174615,0.28932374603174615,SR,SR_mean,core,RandomForest
28,6ALG2HA,5.419,4.946323746031746,-0.4726762539682534,0.4726762539682534,SR,SR_mean,core,RandomForest
29,6ALG2HA,6.059,5.027967746031747,-1.0310322539682533,1.0310322539682533,SR,SR_mean,core,RandomForest
30,6ALG2HA,6.469,5.1107146269841275,-1.3582853730158728,1.3582853730158728,SR,SR_mean,core,RandomForest
31,6ALG2HA,6.838,5.949551710317462,-0.8884482896825379,0.8884482896825379,SR,SR_mean,core,RandomForest
32,6ALG2HA,3.074,6.79461870634921,3.72061870634921,3.72061870634921,SR,SR_mean,core,RandomForest
33,6ALG4HA,5.633,5.693580005291,0.06058000529100038,0.06058000529100038,SR,SR_mean,core,RandomForest
34,6ALG4HA,6.376,5.538422062169312,-0.8375779378306882,0.8375779378306882,SR,SR_mean,core,RandomForest
35,6ALG4HA,6.424,5.413081498677249,-1.0109185013227515,1.0109185013227515,SR,SR_mean,core,RandomForest
36,6ALG4HA,6.955,5.374870691798943,-1.580129308201057,1.580129308201057,SR,SR_mean,core,RandomForest
37,6ALG4HA,7.023,5.534005402116402,-1.4889945978835977,1.4889945978835977,SR,SR_mean,core,RandomForest
38,6ALG6HA,4.431,4.78517148015873,0.3541714801587297,0.3541714801587297,SR,SR_mean,core,RandomForest
39,6ALG6HA,3.885,4.78517148015873,0.9001714801587299,0.9001714801587299,SR,SR_mean,core,RandomForest
40,6ALG6HA,4.816,4.78517148015873,-0.030828519841270108,0.030828519841270108,SR,SR_mean,core,RandomForest
41,6ALG6HA,5.536,4.78517148015873,-0.7508285198412699,0.7508285198412699,SR,SR_mean,core,RandomForest
42,6ALG6HA,4.683,4.78517148015873,0.1021714801587299,0.1021714801587299,SR,SR_mean,core,RandomForest
0,1ALG8HA,3.422,3.9515910850373688,0.5295910850373686,0.5295910850373686,SR,SR_mean,core,GradientBoosting
1,1ALG8HA,4.538,3.9515910850373688,-0.5864089149626315,0.5864089149626315,SR,SR_mean,core,GradientBoosting
2,1ALG8HA,5.597,4.192056063368763,-1.4049439366312377,1.4049439366312377,SR,SR_mean,core,GradientBoosting
3,1ALG8HA,6.138,4.192056063368763,-1.9459439366312372,1.9459439366312372,SR,SR_mean,core,GradientBoosting
4,1ALG8HA,6.203,3.950256517778128,-2.2527434822218724,2.2527434822218724,SR,SR_mean,core,GradientBoosting
5,1ALG8HA,3.589,4.562248712846913,0.9732487128469134,0.9732487128469134,SR,SR_mean,core,GradientBoosting
6,2ALG8HA,3.943,5.59244853739295,1.6494485373929497,1.6494485373929497,SR,SR_mean,core,GradientBoosting
7,2ALG8HA,3.697,5.483302308664756,1.786302308664756,1.786302308664756,SR,SR_mean,core,GradientBoosting
8,2ALG8HA,4.767,3.8944541893723468,-0.8725458106276536,0.8725458106276536,SR,SR_mean,core,GradientBoosting
9,2ALG8HA,4.49,3.952977385891684,-0.5370226141083161,0.5370226141083161,SR,SR_mean,core,GradientBoosting
10,2ALG8HA,7.511,4.569530955597919,-2.941469044402081,2.941469044402081,SR,SR_mean,core,GradientBoosting
11,4ALG4HA,4.142,5.438134333116776,1.2961343331167754,1.2961343331167754,SR,SR_mean,core,GradientBoosting
12,4ALG4HA,4.559,6.05119068231547,1.4921906823154698,1.4921906823154698,SR,SR_mean,core,GradientBoosting
13,4ALG4HA,5.156,6.50515604166832,1.3491560416683201,1.3491560416683201,SR,SR_mean,core,GradientBoosting
14,4ALG4HA,4.706,6.669483905229889,1.9634839052298885,1.9634839052298885,SR,SR_mean,core,GradientBoosting
15,4ALG4HA,7.238,6.669483905229889,-0.5685160947701116,0.5685160947701116,SR,SR_mean,core,GradientBoosting
16,4ALG4HA,7.447,6.063743622112041,-1.3832563778879594,1.3832563778879594,SR,SR_mean,core,GradientBoosting
17,4ALG6HA,4.586,4.569360638945167,-0.016639361054833657,0.016639361054833657,SR,SR_mean,core,GradientBoosting
18,4ALG6HA,3.873,4.442491568891846,0.5694915688918458,0.5694915688918458,SR,SR_mean,core,GradientBoosting
19,4ALG6HA,4.056,4.501207785458554,0.4452077854585541,0.4452077854585541,SR,SR_mean,core,GradientBoosting
20,4ALG6HA,5.379,4.504944097182378,-0.8740559028176218,0.8740559028176218,SR,SR_mean,core,GradientBoosting
21,4ALG6HA,6.194,5.920402164044114,-0.2735978359558864,0.2735978359558864,SR,SR_mean,core,GradientBoosting
22,4ALG8HA,3.129,4.976408107830472,1.8474081078304718,1.8474081078304718,SR,SR_mean,core,GradientBoosting
23,4ALG8HA,2.796,6.720669983629779,3.9246699836297796,3.9246699836297796,SR,SR_mean,core,GradientBoosting
24,4ALG8HA,3.413,5.076149879338134,1.663149879338134,1.663149879338134,SR,SR_mean,core,GradientBoosting
25,4ALG8HA,3.85,5.076149879338134,1.2261498793381338,1.2261498793381338,SR,SR_mean,core,GradientBoosting
26,4ALG8HA,4.56,5.3515801740620335,0.7915801740620338,0.7915801740620338,SR,SR_mean,core,GradientBoosting
27,6ALG2HA,4.657,4.036516473652824,-0.6204835263471757,0.6204835263471757,SR,SR_mean,core,GradientBoosting
28,6ALG2HA,5.419,4.314450802817834,-1.1045491971821653,1.1045491971821653,SR,SR_mean,core,GradientBoosting
29,6ALG2HA,6.059,4.6504534869225695,-1.4085465130774306,1.4085465130774306,SR,SR_mean,core,GradientBoosting
30,6ALG2HA,6.469,4.6504534869225695,-1.8185465130774308,1.8185465130774308,SR,SR_mean,core,GradientBoosting
31,6ALG2HA,6.838,6.356946510126107,-0.48105348987389274,0.48105348987389274,SR,SR_mean,core,GradientBoosting
32,6ALG2HA,3.074,6.9147655743495635,3.8407655743495637,3.8407655743495637,SR,SR_mean,core,GradientBoosting
33,6ALG4HA,5.633,6.441294380058294,0.8082943800582942,0.8082943800582942,SR,SR_mean,core,GradientBoosting
34,6ALG4HA,6.376,6.388579064647636,0.012579064647635363,0.012579064647635363,SR,SR_mean,core,GradientBoosting
35,6ALG4HA,6.424,6.388579064647636,-0.03542093535236468,0.03542093535236468,SR,SR_mean,core,GradientBoosting
36,6ALG4HA,6.955,6.388579064647636,-0.5664209353523644,0.5664209353523644,SR,SR_mean,core,GradientBoosting
37,6ALG4HA,7.023,6.455736871698775,-0.5672631283012244,0.5672631283012244,SR,SR_mean,core,GradientBoosting
38,6ALG6HA,4.431,4.368849720563861,-0.062150279436139044,0.062150279436139044,SR,SR_mean,core,GradientBoosting
39,6ALG6HA,3.885,4.368849720563861,0.4838497205638612,0.4838497205638612,SR,SR_mean,core,GradientBoosting
40,6ALG6HA,4.816,4.940669863612469,0.12466986361246946,0.12466986361246946,SR,SR_mean,core,GradientBoosting
41,6ALG6HA,5.536,4.940669863612469,-0.5953301363875303,0.5953301363875303,SR,SR_mean,core,GradientBoosting
42,6ALG6HA,4.683,4.940669863612469,0.25766986361246946,0.25766986361246946,SR,SR_mean,core,GradientBoosting
0,1ALG8HA,3.422,4.058933258056641,0.6369332580566405,0.6369332580566405,SR,SR_mean,core,XGBoost
1,1ALG8HA,4.538,4.110617160797119,-0.4273828392028811,0.4273828392028811,SR,SR_mean,core,XGBoost
2,1ALG8HA,5.597,4.369348049163818,-1.227651950836182,1.227651950836182,SR,SR_mean,core,XGBoost
3,1ALG8HA,6.138,4.369348049163818,-1.7686519508361815,1.7686519508361815,SR,SR_mean,core,XGBoost
4,1ALG8HA,6.203,4.033820629119873,-2.1691793708801272,2.1691793708801272,SR,SR_mean,core,XGBoost
5,1ALG8HA,3.589,4.387077331542969,0.7980773315429688,0.7980773315429688,SR,SR_mean,core,XGBoost
6,2ALG8HA,3.943,5.4905805587768555,1.5475805587768554,1.5475805587768554,SR,SR_mean,core,XGBoost
7,2ALG8HA,3.697,5.024210453033447,1.3272104530334472,1.3272104530334472,SR,SR_mean,core,XGBoost
8,2ALG8HA,4.767,4.6827216148376465,-0.08427838516235386,0.08427838516235386,SR,SR_mean,core,XGBoost
9,2ALG8HA,4.49,5.007938861846924,0.5179388618469236,0.5179388618469236,SR,SR_mean,core,XGBoost
10,2ALG8HA,7.511,5.190872669219971,-2.3201273307800294,2.3201273307800294,SR,SR_mean,core,XGBoost
11,4ALG4HA,4.142,5.208763122558594,1.0667631225585934,1.0667631225585934,SR,SR_mean,core,XGBoost
12,4ALG4HA,4.559,5.352020263671875,0.7930202636718748,0.7930202636718748,SR,SR_mean,core,XGBoost
13,4ALG4HA,5.156,5.501190185546875,0.3451901855468753,0.3451901855468753,SR,SR_mean,core,XGBoost
14,4ALG4HA,4.706,5.980045318603516,1.2740453186035152,1.2740453186035152,SR,SR_mean,core,XGBoost
15,4ALG4HA,7.238,6.168187141418457,-1.0698128585815434,1.0698128585815434,SR,SR_mean,core,XGBoost
16,4ALG4HA,7.447,5.205554008483887,-2.2414459915161133,2.2414459915161133,SR,SR_mean,core,XGBoost
17,4ALG6HA,4.586,5.117255210876465,0.5312552108764645,0.5312552108764645,SR,SR_mean,core,XGBoost
18,4ALG6HA,3.873,4.680962085723877,0.8079620857238767,0.8079620857238767,SR,SR_mean,core,XGBoost
19,4ALG6HA,4.056,4.675595760345459,0.6195957603454589,0.6195957603454589,SR,SR_mean,core,XGBoost
20,4ALG6HA,5.379,4.572830677032471,-0.8061693229675289,0.8061693229675289,SR,SR_mean,core,XGBoost
21,4ALG6HA,6.194,5.721807479858398,-0.4721925201416015,0.4721925201416015,SR,SR_mean,core,XGBoost
22,4ALG8HA,3.129,5.019864082336426,1.8908640823364258,1.8908640823364258,SR,SR_mean,core,XGBoost
23,4ALG8HA,2.796,6.163644313812256,3.367644313812256,3.367644313812256,SR,SR_mean,core,XGBoost
24,4ALG8HA,3.413,6.163644313812256,2.750644313812256,2.750644313812256,SR,SR_mean,core,XGBoost
25,4ALG8HA,3.85,5.248504638671875,1.398504638671875,1.398504638671875,SR,SR_mean,core,XGBoost
26,4ALG8HA,4.56,5.37098503112793,0.8109850311279301,0.8109850311279301,SR,SR_mean,core,XGBoost
27,6ALG2HA,4.657,4.672369480133057,0.015369480133056612,0.015369480133056612,SR,SR_mean,core,XGBoost
28,6ALG2HA,5.419,4.764420509338379,-0.6545794906616207,0.6545794906616207,SR,SR_mean,core,XGBoost
29,6ALG2HA,6.059,4.785367012023926,-1.2736329879760744,1.2736329879760744,SR,SR_mean,core,XGBoost
30,6ALG2HA,6.469,5.163836479187012,-1.3051635208129886,1.3051635208129886,SR,SR_mean,core,XGBoost
31,6ALG2HA,6.838,6.607975006103516,-0.23002499389648445,0.23002499389648445,SR,SR_mean,core,XGBoost
32,6ALG2HA,3.074,6.694803714752197,3.6208037147521974,3.6208037147521974,SR,SR_mean,core,XGBoost
33,6ALG4HA,5.633,5.8043084144592285,0.1713084144592285,0.1713084144592285,SR,SR_mean,core,XGBoost
34,6ALG4HA,6.376,5.8043084144592285,-0.5716915855407718,0.5716915855407718,SR,SR_mean,core,XGBoost
35,6ALG4HA,6.424,5.7364020347595215,-0.6875979652404789,0.6875979652404789,SR,SR_mean,core,XGBoost
36,6ALG4HA,6.955,5.3337249755859375,-1.6212750244140626,1.6212750244140626,SR,SR_mean,core,XGBoost
37,6ALG4HA,7.023,5.823208332061768,-1.199791667938232,1.199791667938232,SR,SR_mean,core,XGBoost
38,6ALG6HA,4.431,4.8323469161987305,0.4013469161987304,0.4013469161987304,SR,SR_mean,core,XGBoost
39,6ALG6HA,3.885,4.8323469161987305,0.9473469161987307,0.9473469161987307,SR,SR_mean,core,XGBoost
40,6ALG6HA,4.816,5.107271671295166,0.2912716712951662,0.2912716712951662,SR,SR_mean,core,XGBoost
41,6ALG6HA,5.536,5.107271671295166,-0.4287283287048336,0.4287283287048336,SR,SR_mean,core,XGBoost
42,6ALG6HA,4.683,5.107271671295166,0.4242716712951662,0.4242716712951662,SR,SR_mean,core,XGBoost
0,1ALG8HA,3.422,12.695829803877125,9.273829803877124,9.273829803877124,SR,SR_mean,engineered,LinearRegression
1,1ALG8HA,4.538,14.256343533385156,9.718343533385156,9.718343533385156,SR,SR_mean,engineered,LinearRegression
2,1ALG8HA,5.597,15.816857262893222,10.219857262893221,10.219857262893221,SR,SR_mean,engineered,LinearRegression
3,1ALG8HA,6.138,17.377370992401232,11.239370992401232,11.239370992401232,SR,SR_mean,engineered,LinearRegression
4,1ALG8HA,6.203,18.937884721909278,12.734884721909278,12.734884721909278,SR,SR_mean,engineered,LinearRegression
5,1ALG8HA,3.589,23.61942591043342,20.030425910433422,20.030425910433422,SR,SR_mean,engineered,LinearRegression
6,2ALG8HA,3.943,2.3488248374014455,-1.5941751625985545,1.5941751625985545,SR,SR_mean,engineered,LinearRegression
7,2ALG8HA,3.697,2.318696253735941,-1.3783037462640593,1.3783037462640593,SR,SR_mean,engineered,LinearRegression
8,2ALG8HA,4.767,2.288567670070436,-2.4784323299295643,2.4784323299295643,SR,SR_mean,engineered,LinearRegression
9,2ALG8HA,4.49,2.2584390864049455,-2.2315609135950547,2.2315609135950547,SR,SR_mean,engineered,LinearRegression
10,2ALG8HA,7.511,2.2283105027394443,-5.282689497260556,5.282689497260556,SR,SR_mean,engineered,LinearRegression
11,4ALG4HA,4.142,-0.12453212562453597,-4.266532125624536,4.266532125624536,SR,SR_mean,engineered,LinearRegression
12,4ALG4HA,4.559,-1.3338024635004997,-5.8928024635005,5.8928024635005,SR,SR_mean,engineered,LinearRegression
13,4ALG4HA,5.156,-2.543072801376449,-7.699072801376449,7.699072801376449,SR,SR_mean,engineered,LinearRegression
14,4ALG4HA,4.706,-3.752343139252342,-8.458343139252342,8.458343139252342,SR,SR_mean,engineered,LinearRegression
15,4ALG4HA,7.238,-4.961613477128341,-12.199613477128342,12.199613477128342,SR,SR_mean,engineered,LinearRegression
16,4ALG4HA,7.447,-11.00796516650805,-18.45496516650805,18.45496516650805,SR,SR_mean,engineered,LinearRegression
17,4ALG6HA,4.586,1.3387198712171848,-3.2472801287828155,3.2472801287828155,SR,SR_mean,engineered,LinearRegression
18,4ALG6HA,3.873,2.3476776431730197,-1.5253223568269805,1.5253223568269805,SR,SR_mean,engineered,LinearRegression
19,4ALG6HA,4.056,3.3566354151288547,-0.6993645848711454,0.6993645848711454,SR,SR_mean,engineered,LinearRegression
20,4ALG6HA,5.379,4.365593187084686,-1.0134068129153135,1.0134068129153135,SR,SR_mean,engineered,LinearRegression
21,4ALG6HA,6.194,5.374550959040532,-0.8194490409594684,0.8194490409594684,SR,SR_mean,engineered,LinearRegression
22,4ALG8HA,3.129,149.6643127448055,146.5353127448055,146.5353127448055,SR,SR_mean,engineered,LinearRegression
23,4ALG8HA,2.796,164.30063823125516,161.50463823125517,161.50463823125517,SR,SR_mean,engineered,LinearRegression
24,4ALG8HA,3.413,178.9369637177054,175.52396371770539,175.52396371770539,SR,SR_mean,engineered,LinearRegression
25,4ALG8HA,3.85,193.57328920415563,189.72328920415563,189.72328920415563,SR,SR_mean,engineered,LinearRegression
26,4ALG8HA,4.56,208.20961469060381,203.6496146906038,203.6496146906038,SR,SR_mean,engineered,LinearRegression
27,6ALG2HA,4.657,256.26757167262457,251.61057167262456,251.61057167262456,SR,SR_mean,engineered,LinearRegression
28,6ALG2HA,5.419,258.4876710925585,253.0686710925585,253.0686710925585,SR,SR_mean,engineered,LinearRegression
29,6ALG2HA,6.059,260.70777051249246,254.64877051249246,254.64877051249246,SR,SR_mean,engineered,LinearRegression
30,6ALG2HA,6.469,262.92786993242635,256.45886993242635,256.45886993242635,SR,SR_mean,engineered,LinearRegression
31,6ALG2HA,6.838,265.1479693523606,258.30996935236055,258.30996935236055,SR,SR_mean,engineered,LinearRegression
32,6ALG2HA,3.074,276.24846645203,273.17446645203,273.17446645203,SR,SR_mean,engineered,LinearRegression
33,6ALG4HA,5.633,-16.322959901467335,-21.955959901467335,21.955959901467335,SR,SR_mean,engineered,LinearRegression
34,6ALG4HA,6.376,-16.531711170069624,-22.907711170069625,22.907711170069625,SR,SR_mean,engineered,LinearRegression
35,6ALG4HA,6.424,-16.74046243867196,-23.164462438671958,23.164462438671958,SR,SR_mean,engineered,LinearRegression
36,6ALG4HA,6.955,-16.94921370727426,-23.90421370727426,23.90421370727426,SR,SR_mean,engineered,LinearRegression
37,6ALG4HA,7.023,-17.157964975876574,-24.180964975876574,24.180964975876574,SR,SR_mean,engineered,LinearRegression
38,6ALG6HA,4.431,-852.8944489012061,-857.3254489012062,857.3254489012062,SR,SR_mean,engineered,LinearRegression
39,6ALG6HA,3.885,-883.5425207886889,-887.4275207886889,887.4275207886889,SR,SR_mean,engineered,LinearRegression
40,6ALG6HA,4.816,-914.1905926761771,-919.0065926761771,919.0065926761771,SR,SR_mean,engineered,LinearRegression
41,6ALG6HA,5.536,-944.838664563658,-950.3746645636579,950.3746645636579,SR,SR_mean,engineered,LinearRegression
42,6ALG6HA,4.683,-975.4867364511434,-980.1697364511434,980.1697364511434,SR,SR_mean,engineered,LinearRegression
0,1ALG8HA,3.422,4.448512505027634,1.0265125050276338,1.0265125050276338,SR,SR_mean,engineered,SVR_RBF
1,1ALG8HA,4.538,4.577138942807925,0.039138942807924515,0.039138942807924515,SR,SR_mean,engineered,SVR_RBF
2,1ALG8HA,5.597,4.7550927754847025,-0.8419072245152979,0.8419072245152979,SR,SR_mean,engineered,SVR_RBF
3,1ALG8HA,6.138,4.957508538940745,-1.1804914610592547,1.1804914610592547,SR,SR_mean,engineered,SVR_RBF
4,1ALG8HA,6.203,5.153960539172408,-1.0490394608275926,1.0490394608275926,SR,SR_mean,engineered,SVR_RBF
5,1ALG8HA,3.589,5.459265513313403,1.8702655133134027,1.8702655133134027,SR,SR_mean,engineered,SVR_RBF
6,2ALG8HA,3.943,3.54771843852296,-0.3952815614770402,0.3952815614770402,SR,SR_mean,engineered,SVR_RBF
7,2ALG8HA,3.697,4.353147271214879,0.6561472712148788,0.6561472712148788,SR,SR_mean,engineered,SVR_RBF
8,2ALG8HA,4.767,4.971802068334016,0.2048020683340157,0.2048020683340157,SR,SR_mean,engineered,SVR_RBF
9,2ALG8HA,4.49,5.265741426334015,0.7757414263340152,0.7757414263340152,SR,SR_mean,engineered,SVR_RBF
10,2ALG8HA,7.511,5.229717592560718,-2.2812824074392823,2.2812824074392823,SR,SR_mean,engineered,SVR_RBF
11,4ALG4HA,4.142,3.526167888947165,-0.6158321110528355,0.6158321110528355,SR,SR_mean,engineered,SVR_RBF
12,4ALG4HA,4.559,3.823944895634971,-0.7350551043650291,0.7350551043650291,SR,SR_mean,engineered,SVR_RBF
13,4ALG4HA,5.156,4.177585795396548,-0.9784142046034514,0.9784142046034514,SR,SR_mean,engineered,SVR_RBF
14,4ALG4HA,4.706,4.57015935197025,-0.1358406480297507,0.1358406480297507,SR,SR_mean,engineered,SVR_RBF
15,4ALG4HA,7.238,4.980072282338226,-2.257927717661774,2.257927717661774,SR,SR_mean,engineered,SVR_RBF
16,4ALG4HA,7.447,6.47575972097694,-0.9712402790230596,0.9712402790230596,SR,SR_mean,engineered,SVR_RBF
17,4ALG6HA,4.586,4.278146091607678,-0.30785390839232196,0.30785390839232196,SR,SR_mean,engineered,SVR_RBF
18,4ALG6HA,3.873,4.7400471293398585,0.8670471293398583,0.8670471293398583,SR,SR_mean,engineered,SVR_RBF
19,4ALG6HA,4.056,5.142070371272009,1.086070371272009,1.086070371272009,SR,SR_mean,engineered,SVR_RBF
20,4ALG6HA,5.379,5.441985415239662,0.0629854152396625,0.0629854152396625,SR,SR_mean,engineered,SVR_RBF
21,4ALG6HA,6.194,5.638123428684718,-0.5558765713152818,0.5558765713152818,SR,SR_mean,engineered,SVR_RBF
22,4ALG8HA,3.129,3.134524522491022,0.005524522491021866,0.005524522491021866,SR,SR_mean,engineered,SVR_RBF
23,4ALG8HA,2.796,3.6879567686470844,0.8919567686470846,0.8919567686470846,SR,SR_mean,engineered,SVR_RBF
24,4ALG8HA,3.413,4.264446548782636,0.8514465487826359,0.8514465487826359,SR,SR_mean,engineered,SVR_RBF
25,4ALG8HA,3.85,4.7253423767687455,0.8753423767687454,0.8753423767687454,SR,SR_mean,engineered,SVR_RBF
26,4ALG8HA,4.56,4.985712896894222,0.42571289689422276,0.42571289689422276,SR,SR_mean,engineered,SVR_RBF
27,6ALG2HA,4.657,4.946110350593689,0.28911035059368917,0.28911035059368917,SR,SR_mean,engineered,SVR_RBF
28,6ALG2HA,5.419,5.072851504814142,-0.346148495185858,0.346148495185858,SR,SR_mean,engineered,SVR_RBF
29,6ALG2HA,6.059,5.1787190652545485,-0.8802809347454517,0.8802809347454517,SR,SR_mean,engineered,SVR_RBF
30,6ALG2HA,6.469,5.25280868984557,-1.2161913101544304,1.2161913101544304,SR,SR_mean,engineered,SVR_RBF
31,6ALG2HA,6.838,5.289757065592168,-1.5482429344078321,1.5482429344078321,SR,SR_mean,engineered,SVR_RBF
32,6ALG2HA,3.074,5.081470032274994,2.007470032274994,2.007470032274994,SR,SR_mean,engineered,SVR_RBF
33,6ALG4HA,5.633,5.357104479529338,-0.27589552047066235,0.27589552047066235,SR,SR_mean,engineered,SVR_RBF
34,6ALG4HA,6.376,5.595996383144422,-0.780003616855578,0.780003616855578,SR,SR_mean,engineered,SVR_RBF
35,6ALG4HA,6.424,5.787958395618512,-0.6360416043814885,0.6360416043814885,SR,SR_mean,engineered,SVR_RBF
36,6ALG4HA,6.955,5.926311484824241,-1.0286885151757588,1.0286885151757588,SR,SR_mean,engineered,SVR_RBF
37,6ALG4HA,7.023,6.008057212441582,-1.014942787558418,1.014942787558418,SR,SR_mean,engineered,SVR_RBF
38,6ALG6HA,4.431,4.76491544893665,0.3339154489366498,0.3339154489366498,SR,SR_mean,engineered,SVR_RBF
39,6ALG6HA,3.885,4.841763372228436,0.9567633722284361,0.9567633722284361,SR,SR_mean,engineered,SVR_RBF
40,6ALG6HA,4.816,4.915383145496728,0.099383145496728,0.099383145496728,SR,SR_mean,engineered,SVR_RBF
41,6ALG6HA,5.536,4.980657239283844,-0.5553427607161554,0.5553427607161554,SR,SR_mean,engineered,SVR_RBF
42,6ALG6HA,4.683,5.032233103800585,0.3492331038005849,0.3492331038005849,SR,SR_mean,engineered,SVR_RBF
0,1ALG8HA,3.422,4.475782839947088,1.0537828399470874,1.0537828399470874,SR,SR_mean,engineered,RandomForest
1,1ALG8HA,4.538,4.475995284391532,-0.06200471560846843,0.06200471560846843,SR,SR_mean,engineered,RandomForest
2,1ALG8HA,5.597,4.46663528042328,-1.1303647195767201,1.1303647195767201,SR,SR_mean,engineered,RandomForest
3,1ALG8HA,6.138,4.535891169312169,-1.6021088306878308,1.6021088306878308,SR,SR_mean,engineered,RandomForest
4,1ALG8HA,6.203,4.611251288359788,-1.5917487116402125,1.5917487116402125,SR,SR_mean,engineered,RandomForest
5,1ALG8HA,3.589,4.814221931216931,1.225221931216931,1.225221931216931,SR,SR_mean,engineered,RandomForest
6,2ALG8HA,3.943,4.328822928571428,0.3858229285714283,0.3858229285714283,SR,SR_mean,engineered,RandomForest
7,2ALG8HA,3.697,4.6625640158730155,0.9655640158730154,0.9655640158730154,SR,SR_mean,engineered,RandomForest
8,2ALG8HA,4.767,4.131769279100527,-0.6352307208994734,0.6352307208994734,SR,SR_mean,engineered,RandomForest
9,2ALG8HA,4.49,3.9063287513227487,-0.5836712486772515,0.5836712486772515,SR,SR_mean,engineered,RandomForest
10,2ALG8HA,7.511,3.8984800092592558,-3.6125199907407444,3.6125199907407444,SR,SR_mean,engineered,RandomForest
11,4ALG4HA,4.142,4.832000857142857,0.6900008571428566,0.6900008571428566,SR,SR_mean,engineered,RandomForest
12,4ALG4HA,4.559,4.97201880952381,0.41301880952380987,0.41301880952380987,SR,SR_mean,engineered,RandomForest
13,4ALG4HA,5.156,5.022237654761905,-0.13376234523809494,0.13376234523809494,SR,SR_mean,engineered,RandomForest
14,4ALG4HA,4.706,4.9502800515873,0.2442800515872996,0.2442800515872996,SR,SR_mean,engineered,RandomForest
15,4ALG4HA,7.238,5.133849646825398,-2.104150353174602,2.104150353174602,SR,SR_mean,engineered,RandomForest
16,4ALG4HA,7.447,4.979332611111111,-2.4676673888888887,2.4676673888888887,SR,SR_mean,engineered,RandomForest
17,4ALG6HA,4.586,4.753282555555559,0.16728255555555904,0.16728255555555904,SR,SR_mean,engineered,RandomForest
18,4ALG6HA,3.873,4.863575160052911,0.9905751600529111,0.9905751600529111,SR,SR_mean,engineered,RandomForest
19,4ALG6HA,4.056,5.354216078042325,1.2982160780423246,1.2982160780423246,SR,SR_mean,engineered,RandomForest
20,4ALG6HA,5.379,5.380583867724866,0.0015838677248662947,0.0015838677248662947,SR,SR_mean,engineered,RandomForest
21,4ALG6HA,6.194,5.497270177248678,-0.6967298227513217,0.6967298227513217,SR,SR_mean,engineered,RandomForest
22,4ALG8HA,3.129,4.807145944444446,1.6781459444444464,1.6781459444444464,SR,SR_mean,engineered,RandomForest
23,4ALG8HA,2.796,5.329339321428574,2.5333393214285738,2.5333393214285738,SR,SR_mean,engineered,RandomForest
24,4ALG8HA,3.413,5.395726416666669,1.9827264166666692,1.9827264166666692,SR,SR_mean,engineered,RandomForest
25,4ALG8HA,3.85,5.301744873015877,1.4517448730158766,1.4517448730158766,SR,SR_mean,engineered,RandomForest
26,4ALG8HA,4.56,5.15089140476191,0.5908914047619103,0.5908914047619103,SR,SR_mean,engineered,RandomForest
27,6ALG2HA,4.657,5.9370717566137605,1.2800717566137605,1.2800717566137605,SR,SR_mean,engineered,RandomForest
28,6ALG2HA,5.419,5.948770923280427,0.5297709232804273,0.5297709232804273,SR,SR_mean,engineered,RandomForest
29,6ALG2HA,6.059,5.974269455026459,-0.08473054497354138,0.08473054497354138,SR,SR_mean,engineered,RandomForest
30,6ALG2HA,6.469,6.054007455026458,-0.41499254497354254,0.41499254497354254,SR,SR_mean,engineered,RandomForest
31,6ALG2HA,6.838,6.321875820105822,-0.5161241798941782,0.5161241798941782,SR,SR_mean,engineered,RandomForest
32,6ALG2HA,3.074,6.566916574074076,3.4929165740740764,3.4929165740740764,SR,SR_mean,engineered,RandomForest
33,6ALG4HA,5.633,4.69650259523809,-0.9364974047619103,0.9364974047619103,SR,SR_mean,engineered,RandomForest
34,6ALG4HA,6.376,4.486939238095234,-1.8890607619047666,1.8890607619047666,SR,SR_mean,engineered,RandomForest
35,6ALG4HA,6.424,4.535654738095234,-1.8883452619047665,1.8883452619047665,SR,SR_mean,engineered,RandomForest
36,6ALG4HA,6.955,4.600330349206344,-2.3546696507936558,2.3546696507936558,SR,SR_mean,engineered,RandomForest
37,6ALG4HA,7.023,4.62480657407407,-2.39819342592593,2.39819342592593,SR,SR_mean,engineered,RandomForest
38,6ALG6HA,4.431,5.875288407407402,1.4442884074074023,1.4442884074074023,SR,SR_mean,engineered,RandomForest
39,6ALG6HA,3.885,5.763013804232799,1.8780138042327996,1.8780138042327996,SR,SR_mean,engineered,RandomForest
40,6ALG6HA,4.816,5.825134343915341,1.009134343915341,1.009134343915341,SR,SR_mean,engineered,RandomForest
41,6ALG6HA,5.536,5.825134343915341,0.2891343439153413,0.2891343439153413,SR,SR_mean,engineered,RandomForest
42,6ALG6HA,4.683,5.788205788359785,1.1052057883597852,1.1052057883597852,SR,SR_mean,engineered,RandomForest
0,1ALG8HA,3.422,6.389820522802594,2.9678205228025942,2.9678205228025942,SR,SR_mean,engineered,GradientBoosting
1,1ALG8HA,4.538,6.389820522802594,1.8518205228025941,1.8518205228025941,SR,SR_mean,engineered,GradientBoosting
2,1ALG8HA,5.597,6.361092677227513,0.764092677227513,0.764092677227513,SR,SR_mean,engineered,GradientBoosting
3,1ALG8HA,6.138,6.834860529997513,0.6968605299975135,0.6968605299975135,SR,SR_mean,engineered,GradientBoosting
4,1ALG8HA,6.203,7.014193828352526,0.8111938283525255,0.8111938283525255,SR,SR_mean,engineered,GradientBoosting
5,1ALG8HA,3.589,7.274182900836033,3.685182900836033,3.685182900836033,SR,SR_mean,engineered,GradientBoosting
6,2ALG8HA,3.943,4.443487547707689,0.5004875477076891,0.5004875477076891,SR,SR_mean,engineered,GradientBoosting
7,2ALG8HA,3.697,4.304705504331161,0.607705504331161,0.607705504331161,SR,SR_mean,engineered,GradientBoosting
8,2ALG8HA,4.767,3.0512301138278506,-1.7157698861721498,1.7157698861721498,SR,SR_mean,engineered,GradientBoosting
9,2ALG8HA,4.49,2.9436248751519787,-1.5463751248480215,1.5463751248480215,SR,SR_mean,engineered,GradientBoosting
10,2ALG8HA,7.511,3.053483115602278,-4.457516884397722,4.457516884397722,SR,SR_mean,engineered,GradientBoosting
11,4ALG4HA,4.142,3.6111740447438163,-0.530825955256184,0.530825955256184,SR,SR_mean,engineered,GradientBoosting
12,4ALG4HA,4.559,4.457601769755644,-0.10139823024435657,0.10139823024435657,SR,SR_mean,engineered,GradientBoosting
13,4ALG4HA,5.156,4.7152946771120465,-0.44070532288795317,0.44070532288795317,SR,SR_mean,engineered,GradientBoosting
14,4ALG4HA,4.706,5.757135238060477,1.0511352380604766,1.0511352380604766,SR,SR_mean,engineered,GradientBoosting
15,4ALG4HA,7.238,5.948262526086394,-1.2897374739136067,1.2897374739136067,SR,SR_mean,engineered,GradientBoosting
16,4ALG4HA,7.447,5.624498898162637,-1.8225011018373634,1.8225011018373634,SR,SR_mean,engineered,GradientBoosting
17,4ALG6HA,4.586,4.713135738363367,0.1271357383633669,0.1271357383633669,SR,SR_mean,engineered,GradientBoosting
18,4ALG6HA,3.873,4.666311651517506,0.7933116515175058,0.7933116515175058,SR,SR_mean,engineered,GradientBoosting
19,4ALG6HA,4.056,4.613400160821457,0.5574001608214569,0.5574001608214569,SR,SR_mean,engineered,GradientBoosting
20,4ALG6HA,5.379,4.613400160821457,-0.7655998391785426,0.7655998391785426,SR,SR_mean,engineered,GradientBoosting
21,4ALG6HA,6.194,5.417372047136515,-0.7766279528634845,0.7766279528634845,SR,SR_mean,engineered,GradientBoosting
22,4ALG8HA,3.129,4.439869374378772,1.3108693743787723,1.3108693743787723,SR,SR_mean,engineered,GradientBoosting
23,4ALG8HA,2.796,4.77487054474764,1.97887054474764,1.97887054474764,SR,SR_mean,engineered,GradientBoosting
24,4ALG8HA,3.413,4.709714425073884,1.2967144250738838,1.2967144250738838,SR,SR_mean,engineered,GradientBoosting
25,4ALG8HA,3.85,7.091222999160209,3.241222999160209,3.241222999160209,SR,SR_mean,engineered,GradientBoosting
26,4ALG8HA,4.56,6.76415970171591,2.20415970171591,2.20415970171591,SR,SR_mean,engineered,GradientBoosting
27,6ALG2HA,4.657,6.884551136541297,2.2275511365412966,2.2275511365412966,SR,SR_mean,engineered,GradientBoosting
28,6ALG2HA,5.419,7.026596458581699,1.6075964585816997,1.6075964585816997,SR,SR_mean,engineered,GradientBoosting
29,6ALG2HA,6.059,7.026596458581699,0.9675964585816992,0.9675964585816992,SR,SR_mean,engineered,GradientBoosting
30,6ALG2HA,6.469,6.852785381712306,0.3837853817123058,0.3837853817123058,SR,SR_mean,engineered,GradientBoosting
31,6ALG2HA,6.838,7.39060904834232,0.5526090483423198,0.5526090483423198,SR,SR_mean,engineered,GradientBoosting
32,6ALG2HA,3.074,7.229447492810389,4.1554474928103895,4.1554474928103895,SR,SR_mean,engineered,GradientBoosting
33,6ALG4HA,5.633,4.6625823164222995,-0.9704176835777005,0.9704176835777005,SR,SR_mean,engineered,GradientBoosting
34,6ALG4HA,6.376,4.217651073549647,-2.158348926450353,2.158348926450353,SR,SR_mean,engineered,GradientBoosting
35,6ALG4HA,6.424,4.4110643992462295,-2.012935600753771,2.012935600753771,SR,SR_mean,engineered,GradientBoosting
36,6ALG4HA,6.955,4.4110643992462295,-2.5439356007537706,2.5439356007537706,SR,SR_mean,engineered,GradientBoosting
37,6ALG4HA,7.023,4.47494291404043,-2.5480570859595693,2.5480570859595693,SR,SR_mean,engineered,GradientBoosting
38,6ALG6HA,4.431,5.3518317832103826,0.9208317832103825,0.9208317832103825,SR,SR_mean,engineered,GradientBoosting
39,6ALG6HA,3.885,5.3518317832103826,1.4668317832103828,1.4668317832103828,SR,SR_mean,engineered,GradientBoosting
40,6ALG6HA,4.816,5.59541394482839,0.7794139448283905,0.7794139448283905,SR,SR_mean,engineered,GradientBoosting
41,6ALG6HA,5.536,5.625267974402123,0.08926797440212297,0.08926797440212297,SR,SR_mean,engineered,GradientBoosting
42,6ALG6HA,4.683,5.544403660180891,0.8614036601808914,0.8614036601808914,SR,SR_mean,engineered,GradientBoosting
0,1ALG8HA,3.422,6.144464492797852,2.7224644927978514,2.7224644927978514,SR,SR_mean,engineered,XGBoost
1,1ALG8HA,4.538,6.144464492797852,1.6064644927978513,1.6064644927978513,SR,SR_mean,engineered,XGBoost
2,1ALG8HA,5.597,6.15534782409668,0.5583478240966793,0.5583478240966793,SR,SR_mean,engineered,XGBoost
3,1ALG8HA,6.138,6.377902030944824,0.23990203094482432,0.23990203094482432,SR,SR_mean,engineered,XGBoost
4,1ALG8HA,6.203,6.604160308837891,0.40116030883789033,0.40116030883789033,SR,SR_mean,engineered,XGBoost
5,1ALG8HA,3.589,6.800376892089844,3.211376892089844,3.211376892089844,SR,SR_mean,engineered,XGBoost
6,2ALG8HA,3.943,4.4760942459106445,0.5330942459106445,0.5330942459106445,SR,SR_mean,engineered,XGBoost
7,2ALG8HA,3.697,3.953550100326538,0.256550100326538,0.256550100326538,SR,SR_mean,engineered,XGBoost
8,2ALG8HA,4.767,4.107280731201172,-0.6597192687988285,0.6597192687988285,SR,SR_mean,engineered,XGBoost
9,2ALG8HA,4.49,3.0443480014801025,-1.4456519985198977,1.4456519985198977,SR,SR_mean,engineered,XGBoost
10,2ALG8HA,7.511,3.0443480014801025,-4.466651998519898,4.466651998519898,SR,SR_mean,engineered,XGBoost
11,4ALG4HA,4.142,3.9805619716644287,-0.16143802833557164,0.16143802833557164,SR,SR_mean,engineered,XGBoost
12,4ALG4HA,4.559,4.735998153686523,0.17699815368652327,0.17699815368652327,SR,SR_mean,engineered,XGBoost
13,4ALG4HA,5.156,5.11653995513916,-0.03946004486083954,0.03946004486083954,SR,SR_mean,engineered,XGBoost
14,4ALG4HA,4.706,5.955337047576904,1.249337047576904,1.249337047576904,SR,SR_mean,engineered,XGBoost
15,4ALG4HA,7.238,6.060342788696289,-1.1776572113037114,1.1776572113037114,SR,SR_mean,engineered,XGBoost
16,4ALG4HA,7.447,5.096518516540527,-2.3504814834594727,2.3504814834594727,SR,SR_mean,engineered,XGBoost
17,4ALG6HA,4.586,4.248385906219482,-0.3376140937805179,0.3376140937805179,SR,SR_mean,engineered,XGBoost
18,4ALG6HA,3.873,4.387031078338623,0.5140310783386228,0.5140310783386228,SR,SR_mean,engineered,XGBoost
19,4ALG6HA,4.056,5.2499589920043945,1.1939589920043945,1.1939589920043945,SR,SR_mean,engineered,XGBoost
20,4ALG6HA,5.379,5.212219715118408,-0.16678028488159136,0.16678028488159136,SR,SR_mean,engineered,XGBoost
21,4ALG6HA,6.194,5.845781326293945,-0.34821867370605464,0.34821867370605464,SR,SR_mean,engineered,XGBoost
22,4ALG8HA,3.129,4.545169353485107,1.4161693534851074,1.4161693534851074,SR,SR_mean,engineered,XGBoost
23,4ALG8HA,2.796,5.299507141113281,2.5035071411132814,2.5035071411132814,SR,SR_mean,engineered,XGBoost
24,4ALG8HA,3.413,5.299507141113281,1.8865071411132814,1.8865071411132814,SR,SR_mean,engineered,XGBoost
25,4ALG8HA,3.85,6.842907428741455,2.992907428741455,2.992907428741455,SR,SR_mean,engineered,XGBoost
26,4ALG8HA,4.56,6.724733829498291,2.1647338294982914,2.1647338294982914,SR,SR_mean,engineered,XGBoost
27,6ALG2HA,4.657,5.848160266876221,1.1911602668762207,1.1911602668762207,SR,SR_mean,engineered,XGBoost
28,6ALG2HA,5.419,5.938766002655029,0.5197660026550297,0.5197660026550297,SR,SR_mean,engineered,XGBoost
29,6ALG2HA,6.059,6.055481433868408,-0.0035185661315919603,0.0035185661315919603,SR,SR_mean,engineered,XGBoost
30,6ALG2HA,6.469,6.055481433868408,-0.4135185661315921,0.4135185661315921,SR,SR_mean,engineered,XGBoost
31,6ALG2HA,6.838,6.962406158447266,0.12440615844726555,0.12440615844726555,SR,SR_mean,engineered,XGBoost
32,6ALG2HA,3.074,7.443222522735596,4.369222522735596,4.369222522735596,SR,SR_mean,engineered,XGBoost
33,6ALG4HA,5.633,3.807063579559326,-1.8259364204406738,1.8259364204406738,SR,SR_mean,engineered,XGBoost
34,6ALG4HA,6.376,3.941965341567993,-2.434034658432007,2.434034658432007,SR,SR_mean,engineered,XGBoost
35,6ALG4HA,6.424,4.06092643737793,-2.3630735626220707,2.3630735626220707,SR,SR_mean,engineered,XGBoost
36,6ALG4HA,6.955,4.085502624511719,-2.8694973754882813,2.8694973754882813,SR,SR_mean,engineered,XGBoost
37,6ALG4HA,7.023,4.147809028625488,-2.8751909713745114,2.8751909713745114,SR,SR_mean,engineered,XGBoost
38,6ALG6HA,4.431,5.216527462005615,0.7855274620056152,0.7855274620056152,SR,SR_mean,engineered,XGBoost
39,6ALG6HA,3.885,5.243668079376221,1.358668079376221,1.358668079376221,SR,SR_mean,engineered,XGBoost
40,6ALG6HA,4.816,5.445799350738525,0.6297993507385256,0.6297993507385256,SR,SR_mean,engineered,XGBoost
41,6ALG6HA,5.536,5.445799350738525,-0.0902006492614742,0.0902006492614742,SR,SR_mean,engineered,XGBoost
42,6ALG6HA,4.683,5.414650917053223,0.7316509170532228,0.7316509170532228,SR,SR_mean,engineered,XGBoost
0,1ALG8HA,3.422,15.36232004878238,11.940320048782379,11.940320048782379,SR,SR_mean,rheology_enhanced,LinearRegression
1,1ALG8HA,4.538,16.922833778290393,12.384833778290393,12.384833778290393,SR,SR_mean,rheology_enhanced,LinearRegression
2,1ALG8HA,5.597,18.48334750779843,12.88634750779843,12.88634750779843,SR,SR_mean,rheology_enhanced,LinearRegression
3,1ALG8HA,6.138,20.043861237306423,13.905861237306423,13.905861237306423,SR,SR_mean,rheology_enhanced,LinearRegression
4,1ALG8HA,6.203,21.604374966814444,15.401374966814444,15.401374966814444,SR,SR_mean,rheology_enhanced,LinearRegression
5,1ALG8HA,3.589,26.285916155338537,22.69691615533854,22.69691615533854,SR,SR_mean,rheology_enhanced,LinearRegression
6,2ALG8HA,3.943,2.1053367721963987,-1.8376632278036014,1.8376632278036014,SR,SR_mean,rheology_enhanced,LinearRegression
7,2ALG8HA,3.697,2.0752081885309437,-1.6217918114690564,1.6217918114690564,SR,SR_mean,rheology_enhanced,LinearRegression
8,2ALG8HA,4.767,2.0450796048654993,-2.721920395134501,2.721920395134501,SR,SR_mean,rheology_enhanced,LinearRegression
9,2ALG8HA,4.49,2.0149510212000656,-2.4750489787999346,2.4750489787999346,SR,SR_mean,rheology_enhanced,LinearRegression
10,2ALG8HA,7.511,1.9848224375346253,-5.526177562465374,5.526177562465374,SR,SR_mean,rheology_enhanced,LinearRegression
11,4ALG4HA,4.142,-5.821581750558704,-9.963581750558705,9.963581750558705,SR,SR_mean,rheology_enhanced,LinearRegression
12,4ALG4HA,4.559,-7.030852088434881,-11.589852088434881,11.589852088434881,SR,SR_mean,rheology_enhanced,LinearRegression
13,4ALG4HA,5.156,-8.240122426311128,-13.396122426311127,13.396122426311127,SR,SR_mean,rheology_enhanced,LinearRegression
14,4ALG4HA,4.706,-9.44939276418729,-14.15539276418729,14.15539276418729,SR,SR_mean,rheology_enhanced,LinearRegression
15,4ALG4HA,7.238,-10.658663102063564,-17.896663102063563,17.896663102063563,SR,SR_mean,rheology_enhanced,LinearRegression
16,4ALG4HA,7.447,-16.705014791444572,-24.15201479144457,24.15201479144457,SR,SR_mean,rheology_enhanced,LinearRegression
17,4ALG6HA,4.586,0.8190564203766417,-3.7669435796233586,3.7669435796233586,SR,SR_mean,rheology_enhanced,LinearRegression
18,4ALG6HA,3.873,1.8280141923324447,-2.0449858076675556,2.0449858076675556,SR,SR_mean,rheology_enhanced,LinearRegression
19,4ALG6HA,4.056,2.8369719642882485,-1.2190280357117516,1.2190280357117516,SR,SR_mean,rheology_enhanced,LinearRegression
20,4ALG6HA,5.379,3.845929736244046,-1.5330702637559535,1.5330702637559535,SR,SR_mean,rheology_enhanced,LinearRegression
21,4ALG6HA,6.194,4.854887508199855,-1.3391124918001447,1.3391124918001447,SR,SR_mean,rheology_enhanced,LinearRegression
22,4ALG8HA,3.129,148.99411466294993,145.86511466294994,145.86511466294994,SR,SR_mean,rheology_enhanced,LinearRegression
23,4ALG8HA,2.796,163.63044014939743,160.83444014939744,160.83444014939744,SR,SR_mean,rheology_enhanced,LinearRegression
24,4ALG8HA,3.413,178.26676563584584,174.85376563584583,174.85376563584583,SR,SR_mean,rheology_enhanced,LinearRegression
25,4ALG8HA,3.85,192.90309112229403,189.05309112229403,189.05309112229403,SR,SR_mean,rheology_enhanced,LinearRegression
26,4ALG8HA,4.56,207.5394166087404,202.9794166087404,202.9794166087404,SR,SR_mean,rheology_enhanced,LinearRegression
27,6ALG2HA,4.657,26.18936175100179,21.53236175100179,21.53236175100179,SR,SR_mean,rheology_enhanced,LinearRegression
28,6ALG2HA,5.419,28.409461170935195,22.990461170935195,22.990461170935195,SR,SR_mean,rheology_enhanced,LinearRegression
29,6ALG2HA,6.059,30.629560590868657,24.570560590868656,24.570560590868656,SR,SR_mean,rheology_enhanced,LinearRegression
30,6ALG2HA,6.469,32.84966001080206,26.38066001080206,26.38066001080206,SR,SR_mean,rheology_enhanced,LinearRegression
31,6ALG2HA,6.838,35.06975943073553,28.23175943073553,28.23175943073553,SR,SR_mean,rheology_enhanced,LinearRegression
32,6ALG2HA,3.074,46.170256530402604,43.096256530402606,43.096256530402606,SR,SR_mean,rheology_enhanced,LinearRegression
33,6ALG4HA,5.633,-5.22911350448581,-10.86211350448581,10.86211350448581,SR,SR_mean,rheology_enhanced,LinearRegression
34,6ALG4HA,6.376,-5.437864773088024,-11.813864773088024,11.813864773088024,SR,SR_mean,rheology_enhanced,LinearRegression
35,6ALG4HA,6.424,-5.646616041690273,-12.070616041690274,12.070616041690274,SR,SR_mean,rheology_enhanced,LinearRegression
36,6ALG4HA,6.955,-5.855367310292501,-12.810367310292502,12.810367310292502,SR,SR_mean,rheology_enhanced,LinearRegression
37,6ALG4HA,7.023,-6.064118578894743,-13.087118578894742,13.087118578894742,SR,SR_mean,rheology_enhanced,LinearRegression
38,6ALG6HA,4.431,-846.3033391311812,-850.7343391311813,850.7343391311813,SR,SR_mean,rheology_enhanced,LinearRegression
39,6ALG6HA,3.885,-876.9514110184984,-880.8364110184984,880.8364110184984,SR,SR_mean,rheology_enhanced,LinearRegression
40,6ALG6HA,4.816,-907.5994829058193,-912.4154829058193,912.4154829058193,SR,SR_mean,rheology_enhanced,LinearRegression
41,6ALG6HA,5.536,-938.2475547931365,-943.7835547931364,943.7835547931364,SR,SR_mean,rheology_enhanced,LinearRegression
42,6ALG6HA,4.683,-968.8956266804536,-973.5786266804536,973.5786266804536,SR,SR_mean,rheology_enhanced,LinearRegression
0,1ALG8HA,3.422,4.597580512720524,1.1755805127205234,1.1755805127205234,SR,SR_mean,rheology_enhanced,SVR_RBF
1,1ALG8HA,4.538,4.714471977212091,0.17647197721209107,0.17647197721209107,SR,SR_mean,rheology_enhanced,SVR_RBF
2,1ALG8HA,5.597,4.86223917254188,-0.7347608274581203,0.7347608274581203,SR,SR_mean,rheology_enhanced,SVR_RBF
3,1ALG8HA,6.138,5.0260645198511895,-1.1119354801488104,1.1119354801488104,SR,SR_mean,rheology_enhanced,SVR_RBF
4,1ALG8HA,6.203,5.188074889975136,-1.0149251100248646,1.0149251100248646,SR,SR_mean,rheology_enhanced,SVR_RBF
5,1ALG8HA,3.589,5.502179871044933,1.913179871044933,1.913179871044933,SR,SR_mean,rheology_enhanced,SVR_RBF
6,2ALG8HA,3.943,3.651756287369768,-0.29124371263023185,0.29124371263023185,SR,SR_mean,rheology_enhanced,SVR_RBF
7,2ALG8HA,3.697,4.28405523470408,0.5870552347040796,0.5870552347040796,SR,SR_mean,rheology_enhanced,SVR_RBF
8,2ALG8HA,4.767,4.842290520083271,0.07529052008327053,0.07529052008327053,SR,SR_mean,rheology_enhanced,SVR_RBF
9,2ALG8HA,4.49,5.239888670402537,0.7498886704025365,0.7498886704025365,SR,SR_mean,rheology_enhanced,SVR_RBF
10,2ALG8HA,7.511,5.440143917228896,-2.070856082771104,2.070856082771104,SR,SR_mean,rheology_enhanced,SVR_RBF
11,4ALG4HA,4.142,3.918303241538919,-0.2236967584610814,0.2236967584610814,SR,SR_mean,rheology_enhanced,SVR_RBF
12,4ALG4HA,4.559,4.236512331761113,-0.3224876682388871,0.3224876682388871,SR,SR_mean,rheology_enhanced,SVR_RBF
13,4ALG4HA,5.156,4.5861030900429025,-0.5698969099570972,0.5698969099570972,SR,SR_mean,rheology_enhanced,SVR_RBF
14,4ALG4HA,4.706,4.950784929494478,0.24478492949447794,0.24478492949447794,SR,SR_mean,rheology_enhanced,SVR_RBF
15,4ALG4HA,7.238,5.312701877077233,-1.9252981229227677,1.9252981229227677,SR,SR_mean,rheology_enhanced,SVR_RBF
16,4ALG4HA,7.447,6.525872023250059,-0.9211279767499407,0.9211279767499407,SR,SR_mean,rheology_enhanced,SVR_RBF
17,4ALG6HA,4.586,4.1036330267449435,-0.48236697325505684,0.48236697325505684,SR,SR_mean,rheology_enhanced,SVR_RBF
18,4ALG6HA,3.873,4.577584561662633,0.7045845616626325,0.7045845616626325,SR,SR_mean,rheology_enhanced,SVR_RBF
19,4ALG6HA,4.056,5.045798702479082,0.9897987024790815,0.9897987024790815,SR,SR_mean,rheology_enhanced,SVR_RBF
20,4ALG6HA,5.379,5.464137828988909,0.08513782898890909,0.08513782898890909,SR,SR_mean,rheology_enhanced,SVR_RBF
21,4ALG6HA,6.194,5.802189720919086,-0.39181027908091437,0.39181027908091437,SR,SR_mean,rheology_enhanced,SVR_RBF
22,4ALG8HA,3.129,3.770519880436367,0.6415198804363671,0.6415198804363671,SR,SR_mean,rheology_enhanced,SVR_RBF
23,4ALG8HA,2.796,4.135414969220011,1.339414969220011,1.339414969220011,SR,SR_mean,rheology_enhanced,SVR_RBF
24,4ALG8HA,3.413,4.514727177629403,1.1017271776294035,1.1017271776294035,SR,SR_mean,rheology_enhanced,SVR_RBF
25,4ALG8HA,3.85,4.83296924946612,0.98296924946612,0.98296924946612,SR,SR_mean,rheology_enhanced,SVR_RBF
26,4ALG8HA,4.56,5.036992685403104,0.47699268540310413,0.47699268540310413,SR,SR_mean,rheology_enhanced,SVR_RBF
27,6ALG2HA,4.657,5.124540473858292,0.4675404738582918,0.4675404738582918,SR,SR_mean,rheology_enhanced,SVR_RBF
28,6ALG2HA,5.419,5.201129562643467,-0.21787043735653278,0.21787043735653278,SR,SR_mean,rheology_enhanced,SVR_RBF
29,6ALG2HA,6.059,5.2645992069594945,-0.7944007930405057,0.7944007930405057,SR,SR_mean,rheology_enhanced,SVR_RBF
30,6ALG2HA,6.469,5.310139927695781,-1.1588600723042193,1.1588600723042193,SR,SR_mean,rheology_enhanced,SVR_RBF
31,6ALG2HA,6.838,5.335494787708248,-1.5025052122917524,1.5025052122917524,SR,SR_mean,rheology_enhanced,SVR_RBF
32,6ALG2HA,3.074,5.236004871447079,2.1620048714470794,2.1620048714470794,SR,SR_mean,rheology_enhanced,SVR_RBF
33,6ALG4HA,5.633,5.146986780174233,-0.4860132198257672,0.4860132198257672,SR,SR_mean,rheology_enhanced,SVR_RBF
34,6ALG4HA,6.376,5.395079452754116,-0.9809205472458844,0.9809205472458844,SR,SR_mean,rheology_enhanced,SVR_RBF
35,6ALG4HA,6.424,5.6273820170102296,-0.7966179829897708,0.7966179829897708,SR,SR_mean,rheology_enhanced,SVR_RBF
36,6ALG4HA,6.955,5.836744066762827,-1.1182559332371733,1.1182559332371733,SR,SR_mean,rheology_enhanced,SVR_RBF
37,6ALG4HA,7.023,6.017042645188831,-1.0059573548111684,1.0059573548111684,SR,SR_mean,rheology_enhanced,SVR_RBF
38,6ALG6HA,4.431,4.363055454987573,-0.06794454501242697,0.06794454501242697,SR,SR_mean,rheology_enhanced,SVR_RBF
39,6ALG6HA,3.885,4.475502786331679,0.5905027863316796,0.5905027863316796,SR,SR_mean,rheology_enhanced,SVR_RBF
40,6ALG6HA,4.816,4.5875445782664475,-0.22845542173355238,0.22845542173355238,SR,SR_mean,rheology_enhanced,SVR_RBF
41,6ALG6HA,5.536,4.692851154901189,-0.8431488450988107,0.8431488450988107,SR,SR_mean,rheology_enhanced,SVR_RBF
42,6ALG6HA,4.683,4.785669832953515,0.10266983295351473,0.10266983295351473,SR,SR_mean,rheology_enhanced,SVR_RBF
0,1ALG8HA,3.422,4.414636665343913,0.9926366653439129,0.9926366653439129,SR,SR_mean,rheology_enhanced,RandomForest
1,1ALG8HA,4.538,4.422336554232802,-0.11566344576719789,0.11566344576719789,SR,SR_mean,rheology_enhanced,RandomForest
2,1ALG8HA,5.597,4.410446776455025,-1.1865532235449754,1.1865532235449754,SR,SR_mean,rheology_enhanced,RandomForest
3,1ALG8HA,6.138,4.500470665343913,-1.6375293346560866,1.6375293346560866,SR,SR_mean,rheology_enhanced,RandomForest
4,1ALG8HA,6.203,4.627820927248678,-1.5751790727513226,1.5751790727513226,SR,SR_mean,rheology_enhanced,RandomForest
5,1ALG8HA,3.589,4.881593375661374,1.2925933756613737,1.2925933756613737,SR,SR_mean,rheology_enhanced,RandomForest
6,2ALG8HA,3.943,4.397103873015876,0.45410387301587596,0.45410387301587596,SR,SR_mean,rheology_enhanced,RandomForest
7,2ALG8HA,3.697,4.603186146825399,0.9061861468253989,0.9061861468253989,SR,SR_mean,rheology_enhanced,RandomForest
8,2ALG8HA,4.767,4.287577842592595,-0.4794221574074058,0.4794221574074058,SR,SR_mean,rheology_enhanced,RandomForest
9,2ALG8HA,4.49,4.118964814814814,-0.3710351851851863,0.3710351851851863,SR,SR_mean,rheology_enhanced,RandomForest
10,2ALG8HA,7.511,4.133533134920633,-3.3774668650793673,3.3774668650793673,SR,SR_mean,rheology_enhanced,RandomForest
11,4ALG4HA,4.142,4.897388337301589,0.7553883373015884,0.7553883373015884,SR,SR_mean,rheology_enhanced,RandomForest
12,4ALG4HA,4.559,5.01580655555556,0.45680655555556005,0.45680655555556005,SR,SR_mean,rheology_enhanced,RandomForest
13,4ALG4HA,5.156,5.116306190476196,-0.0396938095238033,0.0396938095238033,SR,SR_mean,rheology_enhanced,RandomForest
14,4ALG4HA,4.706,5.141285370370375,0.43528537037037474,0.43528537037037474,SR,SR_mean,rheology_enhanced,RandomForest
15,4ALG4HA,7.238,5.264250120370373,-1.9737498796296276,1.9737498796296276,SR,SR_mean,rheology_enhanced,RandomForest
16,4ALG4HA,7.447,5.067719941798943,-2.379280058201057,2.379280058201057,SR,SR_mean,rheology_enhanced,RandomForest
17,4ALG6HA,4.586,4.315517591269843,-0.2704824087301576,0.2704824087301576,SR,SR_mean,rheology_enhanced,RandomForest
18,4ALG6HA,3.873,4.542205227513228,0.6692052275132276,0.6692052275132276,SR,SR_mean,rheology_enhanced,RandomForest
19,4ALG6HA,4.056,4.974495720899466,0.9184957208994655,0.9184957208994655,SR,SR_mean,rheology_enhanced,RandomForest
20,4ALG6HA,5.379,5.020960677248673,-0.35803932275132677,0.35803932275132677,SR,SR_mean,rheology_enhanced,RandomForest
21,4ALG6HA,6.194,5.148435701058198,-1.0455642989418017,1.0455642989418017,SR,SR_mean,rheology_enhanced,RandomForest
22,4ALG8HA,3.129,5.048157452380955,1.9191574523809547,1.9191574523809547,SR,SR_mean,rheology_enhanced,RandomForest
23,4ALG8HA,2.796,5.494280005291008,2.6982800052910085,2.6982800052910085,SR,SR_mean,rheology_enhanced,RandomForest
24,4ALG8HA,3.413,5.5579667473545005,2.1449667473545007,2.1449667473545007,SR,SR_mean,rheology_enhanced,RandomForest
25,4ALG8HA,3.85,5.47774062698413,1.6277406269841301,1.6277406269841301,SR,SR_mean,rheology_enhanced,RandomForest
26,4ALG8HA,4.56,5.5049777777777775,0.9449777777777779,0.9449777777777779,SR,SR_mean,rheology_enhanced,RandomForest
27,6ALG2HA,4.657,5.606548388888892,0.9495483888888918,0.9495483888888918,SR,SR_mean,rheology_enhanced,RandomForest
28,6ALG2HA,5.419,5.613393388888893,0.19439338888889335,0.19439338888889335,SR,SR_mean,rheology_enhanced,RandomForest
29,6ALG2HA,6.059,5.680068222222226,-0.3789317777777743,0.3789317777777743,SR,SR_mean,rheology_enhanced,RandomForest
30,6ALG2HA,6.469,5.794158642857145,-0.6748413571428555,0.6748413571428555,SR,SR_mean,rheology_enhanced,RandomForest
31,6ALG2HA,6.838,6.260214765873017,-0.5777852341269831,0.5777852341269831,SR,SR_mean,rheology_enhanced,RandomForest
32,6ALG2HA,3.074,6.49895901719577,3.4249590171957704,3.4249590171957704,SR,SR_mean,rheology_enhanced,RandomForest
33,6ALG4HA,5.633,4.901083920634919,-0.7319160793650807,0.7319160793650807,SR,SR_mean,rheology_enhanced,RandomForest
34,6ALG4HA,6.376,4.715888285714286,-1.6601117142857147,1.6601117142857147,SR,SR_mean,rheology_enhanced,RandomForest
35,6ALG4HA,6.424,4.7925776507936515,-1.6314223492063489,1.6314223492063489,SR,SR_mean,rheology_enhanced,RandomForest
36,6ALG4HA,6.955,4.869441650793651,-2.085558349206349,2.085558349206349,SR,SR_mean,rheology_enhanced,RandomForest
37,6ALG4HA,7.023,4.900765317460317,-2.1222346825396823,2.1222346825396823,SR,SR_mean,rheology_enhanced,RandomForest
38,6ALG6HA,4.431,5.266310182539681,0.8353101825396809,0.8353101825396809,SR,SR_mean,rheology_enhanced,RandomForest
39,6ALG6HA,3.885,5.141460912698411,1.2564609126984116,1.2564609126984116,SR,SR_mean,rheology_enhanced,RandomForest
40,6ALG6HA,4.816,5.1964005634920625,0.38040056349206264,0.38040056349206264,SR,SR_mean,rheology_enhanced,RandomForest
41,6ALG6HA,5.536,5.1964005634920625,-0.3395994365079371,0.3395994365079371,SR,SR_mean,rheology_enhanced,RandomForest
42,6ALG6HA,4.683,5.190391396825396,0.5073913968253958,0.5073913968253958,SR,SR_mean,rheology_enhanced,RandomForest
0,1ALG8HA,3.422,6.101073240612367,2.6790732406123667,2.6790732406123667,SR,SR_mean,rheology_enhanced,GradientBoosting
1,1ALG8HA,4.538,6.101073240612367,1.5630732406123666,1.5630732406123666,SR,SR_mean,rheology_enhanced,GradientBoosting
2,1ALG8HA,5.597,6.067778184532777,0.47077818453277676,0.47077818453277676,SR,SR_mean,rheology_enhanced,GradientBoosting
3,1ALG8HA,6.138,6.521172724803636,0.38317272480363584,0.38317272480363584,SR,SR_mean,rheology_enhanced,GradientBoosting
4,1ALG8HA,6.203,6.553944360829105,0.3509443608291045,0.3509443608291045,SR,SR_mean,rheology_enhanced,GradientBoosting
5,1ALG8HA,3.589,6.995492409684399,3.406492409684399,3.406492409684399,SR,SR_mean,rheology_enhanced,GradientBoosting
6,2ALG8HA,3.943,4.515565267126418,0.5725652671264183,0.5725652671264183,SR,SR_mean,rheology_enhanced,GradientBoosting
7,2ALG8HA,3.697,4.319229480885023,0.6222294808850233,0.6222294808850233,SR,SR_mean,rheology_enhanced,GradientBoosting
8,2ALG8HA,4.767,3.1073441459089435,-1.6596558540910569,1.6596558540910569,SR,SR_mean,rheology_enhanced,GradientBoosting
9,2ALG8HA,4.49,2.9964678352087555,-1.4935321647912447,1.4935321647912447,SR,SR_mean,rheology_enhanced,GradientBoosting
10,2ALG8HA,7.511,2.9749580963103233,-4.536041903689677,4.536041903689677,SR,SR_mean,rheology_enhanced,GradientBoosting
11,4ALG4HA,4.142,3.4246145858473054,-0.717385414152695,0.717385414152695,SR,SR_mean,rheology_enhanced,GradientBoosting
12,4ALG4HA,4.559,4.158247065477167,-0.4007529345228331,0.4007529345228331,SR,SR_mean,rheology_enhanced,GradientBoosting
13,4ALG4HA,5.156,4.5017721674258,-0.6542278325741995,0.6542278325741995,SR,SR_mean,rheology_enhanced,GradientBoosting
14,4ALG4HA,4.706,5.606777049312766,0.900777049312766,0.900777049312766,SR,SR_mean,rheology_enhanced,GradientBoosting
15,4ALG4HA,7.238,5.824229973848636,-1.4137700261513642,1.4137700261513642,SR,SR_mean,rheology_enhanced,GradientBoosting
16,4ALG4HA,7.447,4.93388925851913,-2.5131107414808698,2.5131107414808698,SR,SR_mean,rheology_enhanced,GradientBoosting
17,4ALG6HA,4.586,4.192031017765927,-0.39396898223407373,0.39396898223407373,SR,SR_mean,rheology_enhanced,GradientBoosting
18,4ALG6HA,3.873,4.64834050289667,0.77534050289667,0.77534050289667,SR,SR_mean,rheology_enhanced,GradientBoosting
19,4ALG6HA,4.056,4.829546313528331,0.7735463135283309,0.7735463135283309,SR,SR_mean,rheology_enhanced,GradientBoosting
20,4ALG6HA,5.379,4.829546313528331,-0.5494536864716686,0.5494536864716686,SR,SR_mean,rheology_enhanced,GradientBoosting
21,4ALG6HA,6.194,5.4655057109828205,-0.7284942890171795,0.7284942890171795,SR,SR_mean,rheology_enhanced,GradientBoosting
22,4ALG8HA,3.129,4.581169258759233,1.4521692587592328,1.4521692587592328,SR,SR_mean,rheology_enhanced,GradientBoosting
23,4ALG8HA,2.796,5.225505332991517,2.4295053329915173,2.4295053329915173,SR,SR_mean,rheology_enhanced,GradientBoosting
24,4ALG8HA,3.413,5.182422986912813,1.7694229869128129,1.7694229869128129,SR,SR_mean,rheology_enhanced,GradientBoosting
25,4ALG8HA,3.85,7.229814157568159,3.3798141575681586,3.3798141575681586,SR,SR_mean,rheology_enhanced,GradientBoosting
26,4ALG8HA,4.56,7.188763188417403,2.6287631884174036,2.6287631884174036,SR,SR_mean,rheology_enhanced,GradientBoosting
27,6ALG2HA,4.657,5.850419505660612,1.1934195056606116,1.1934195056606116,SR,SR_mean,rheology_enhanced,GradientBoosting
28,6ALG2HA,5.419,6.14726618476435,0.7282661847643501,0.7282661847643501,SR,SR_mean,rheology_enhanced,GradientBoosting
29,6ALG2HA,6.059,6.14726618476435,0.08826618476434955,0.08826618476434955,SR,SR_mean,rheology_enhanced,GradientBoosting
30,6ALG2HA,6.469,6.045373002649733,-0.4236269973502669,0.4236269973502669,SR,SR_mean,rheology_enhanced,GradientBoosting
31,6ALG2HA,6.838,6.934145649075523,0.09614564907552303,0.09614564907552303,SR,SR_mean,rheology_enhanced,GradientBoosting
32,6ALG2HA,3.074,6.911824806558384,3.837824806558384,3.837824806558384,SR,SR_mean,rheology_enhanced,GradientBoosting
33,6ALG4HA,5.633,4.303556811845117,-1.3294431881548832,1.3294431881548832,SR,SR_mean,rheology_enhanced,GradientBoosting
34,6ALG4HA,6.376,4.271442744629958,-2.1045572553700422,2.1045572553700422,SR,SR_mean,rheology_enhanced,GradientBoosting
35,6ALG4HA,6.424,4.807246057227261,-1.616753942772739,1.616753942772739,SR,SR_mean,rheology_enhanced,GradientBoosting
36,6ALG4HA,6.955,4.865927664638417,-2.0890723353615828,2.0890723353615828,SR,SR_mean,rheology_enhanced,GradientBoosting
37,6ALG4HA,7.023,4.865927664638417,-2.1570723353615824,2.1570723353615824,SR,SR_mean,rheology_enhanced,GradientBoosting
38,6ALG6HA,4.431,4.98689959629815,0.5558995962981497,0.5558995962981497,SR,SR_mean,rheology_enhanced,GradientBoosting
39,6ALG6HA,3.885,4.980262502895551,1.095262502895551,1.095262502895551,SR,SR_mean,rheology_enhanced,GradientBoosting
40,6ALG6HA,4.816,5.1768110884160246,0.3608110884160247,0.3608110884160247,SR,SR_mean,rheology_enhanced,GradientBoosting
41,6ALG6HA,5.536,5.1768110884160246,-0.35918891158397503,0.35918891158397503,SR,SR_mean,rheology_enhanced,GradientBoosting
42,6ALG6HA,4.683,5.139806584033639,0.4568065840336395,0.4568065840336395,SR,SR_mean,rheology_enhanced,GradientBoosting
0,1ALG8HA,3.422,6.18008279800415,2.7580827980041502,2.7580827980041502,SR,SR_mean,rheology_enhanced,XGBoost
1,1ALG8HA,4.538,6.223181247711182,1.6851812477111814,1.6851812477111814,SR,SR_mean,rheology_enhanced,XGBoost
2,1ALG8HA,5.597,6.2322211265563965,0.6352211265563961,0.6352211265563961,SR,SR_mean,rheology_enhanced,XGBoost
3,1ALG8HA,6.138,6.443171977996826,0.30517197799682627,0.30517197799682627,SR,SR_mean,rheology_enhanced,XGBoost
4,1ALG8HA,6.203,6.795204162597656,0.592204162597656,0.592204162597656,SR,SR_mean,rheology_enhanced,XGBoost
5,1ALG8HA,3.589,6.844156265258789,3.255156265258789,3.255156265258789,SR,SR_mean,rheology_enhanced,XGBoost
6,2ALG8HA,3.943,4.5281782150268555,0.5851782150268554,0.5851782150268554,SR,SR_mean,rheology_enhanced,XGBoost
7,2ALG8HA,3.697,3.9999210834503174,0.3029210834503173,0.3029210834503173,SR,SR_mean,rheology_enhanced,XGBoost
8,2ALG8HA,4.767,4.22198486328125,-0.5450151367187503,0.5450151367187503,SR,SR_mean,rheology_enhanced,XGBoost
9,2ALG8HA,4.49,3.0498390197753906,-1.4401609802246096,1.4401609802246096,SR,SR_mean,rheology_enhanced,XGBoost
10,2ALG8HA,7.511,3.0505340099334717,-4.460465990066528,4.460465990066528,SR,SR_mean,rheology_enhanced,XGBoost
11,4ALG4HA,4.142,4.006059646606445,-0.13594035339355504,0.13594035339355504,SR,SR_mean,rheology_enhanced,XGBoost
12,4ALG4HA,4.559,4.719606876373291,0.16060687637329085,0.16060687637329085,SR,SR_mean,rheology_enhanced,XGBoost
13,4ALG4HA,5.156,5.210930824279785,0.05493082427978546,0.05493082427978546,SR,SR_mean,rheology_enhanced,XGBoost
14,4ALG4HA,4.706,5.9047369956970215,1.198736995697021,1.198736995697021,SR,SR_mean,rheology_enhanced,XGBoost
15,4ALG4HA,7.238,5.993300437927246,-1.2446995620727543,1.2446995620727543,SR,SR_mean,rheology_enhanced,XGBoost
16,4ALG4HA,7.447,4.961763858795166,-2.485236141204834,2.485236141204834,SR,SR_mean,rheology_enhanced,XGBoost
17,4ALG6HA,4.586,4.098624229431152,-0.48737577056884795,0.48737577056884795,SR,SR_mean,rheology_enhanced,XGBoost
18,4ALG6HA,3.873,4.341283798217773,0.4682837982177732,0.4682837982177732,SR,SR_mean,rheology_enhanced,XGBoost
19,4ALG6HA,4.056,5.180924415588379,1.1249244155883789,1.1249244155883789,SR,SR_mean,rheology_enhanced,XGBoost
20,4ALG6HA,5.379,5.1609883308410645,-0.2180116691589351,0.2180116691589351,SR,SR_mean,rheology_enhanced,XGBoost
21,4ALG6HA,6.194,5.7345781326293945,-0.4594218673706054,0.4594218673706054,SR,SR_mean,rheology_enhanced,XGBoost
22,4ALG8HA,3.129,4.506755828857422,1.3777558288574219,1.3777558288574219,SR,SR_mean,rheology_enhanced,XGBoost
23,4ALG8HA,2.796,5.371748924255371,2.5757489242553713,2.5757489242553713,SR,SR_mean,rheology_enhanced,XGBoost
24,4ALG8HA,3.413,5.271422386169434,1.8584223861694338,1.8584223861694338,SR,SR_mean,rheology_enhanced,XGBoost
25,4ALG8HA,3.85,6.536248683929443,2.6862486839294433,2.6862486839294433,SR,SR_mean,rheology_enhanced,XGBoost
26,4ALG8HA,4.56,6.559922218322754,1.9999222183227543,1.9999222183227543,SR,SR_mean,rheology_enhanced,XGBoost
27,6ALG2HA,4.657,5.535853385925293,0.8788533859252929,0.8788533859252929,SR,SR_mean,rheology_enhanced,XGBoost
28,6ALG2HA,5.419,5.6347808837890625,0.2157808837890629,0.2157808837890629,SR,SR_mean,rheology_enhanced,XGBoost
29,6ALG2HA,6.059,5.737868785858154,-0.32113121414184587,0.32113121414184587,SR,SR_mean,rheology_enhanced,XGBoost
30,6ALG2HA,6.469,5.78534460067749,-0.6836553993225101,0.6836553993225101,SR,SR_mean,rheology_enhanced,XGBoost
31,6ALG2HA,6.838,6.969082832336426,0.1310828323364257,0.1310828323364257,SR,SR_mean,rheology_enhanced,XGBoost
32,6ALG2HA,3.074,7.404676914215088,4.330676914215088,4.330676914215088,SR,SR_mean,rheology_enhanced,XGBoost
33,6ALG4HA,5.633,4.133251190185547,-1.4997488098144531,1.4997488098144531,SR,SR_mean,rheology_enhanced,XGBoost
34,6ALG4HA,6.376,4.33828067779541,-2.03771932220459,2.03771932220459,SR,SR_mean,rheology_enhanced,XGBoost
35,6ALG4HA,6.424,4.392589569091797,-2.0314104309082035,2.0314104309082035,SR,SR_mean,rheology_enhanced,XGBoost
36,6ALG4HA,6.955,4.449646472930908,-2.505353527069092,2.505353527069092,SR,SR_mean,rheology_enhanced,XGBoost
37,6ALG4HA,7.023,4.473429203033447,-2.5495707969665524,2.5495707969665524,SR,SR_mean,rheology_enhanced,XGBoost
38,6ALG6HA,4.431,4.702432632446289,0.271432632446289,0.271432632446289,SR,SR_mean,rheology_enhanced,XGBoost
39,6ALG6HA,3.885,4.702432632446289,0.8174326324462893,0.8174326324462893,SR,SR_mean,rheology_enhanced,XGBoost
40,6ALG6HA,4.816,4.74946403503418,-0.06653596496582015,0.06653596496582015,SR,SR_mean,rheology_enhanced,XGBoost
41,6ALG6HA,5.536,4.74946403503418,-0.7865359649658199,0.7865359649658199,SR,SR_mean,rheology_enhanced,XGBoost
42,6ALG6HA,4.683,4.717886924743652,0.034886924743652514,0.034886924743652514,SR,SR_mean,rheology_enhanced,XGBoost
0,1ALG8HA,0.735,1.358275204708291,0.6232752047082911,0.6232752047082911,Qm,Qm_mean_mg_s,core,LinearRegression
1,1ALG8HA,0.851,1.5215556550665306,0.6705556550665306,0.6705556550665306,Qm,Qm_mean_mg_s,core,LinearRegression
2,1ALG8HA,1.074,1.68483610542477,0.61083610542477,0.61083610542477,Qm,Qm_mean_mg_s,core,LinearRegression
3,1ALG8HA,1.375,1.8481165557830097,0.4731165557830097,0.4731165557830097,Qm,Qm_mean_mg_s,core,LinearRegression
4,1ALG8HA,1.834,2.0113970061412494,0.1773970061412493,0.1773970061412493,Qm,Qm_mean_mg_s,core,LinearRegression
5,2ALG8HA,0.293,0.8062810741687971,0.5132810741687972,0.5132810741687972,Qm,Qm_mean_mg_s,core,LinearRegression
6,2ALG8HA,0.507,1.150339161125319,0.6433391611253191,0.6433391611253191,Qm,Qm_mean_mg_s,core,LinearRegression
7,2ALG8HA,0.767,1.494397248081841,0.727397248081841,0.727397248081841,Qm,Qm_mean_mg_s,core,LinearRegression
8,2ALG8HA,1.144,1.838455335038363,0.6944553350383631,0.6944553350383631,Qm,Qm_mean_mg_s,core,LinearRegression
9,2ALG8HA,1.438,2.182513421994885,0.744513421994885,0.744513421994885,Qm,Qm_mean_mg_s,core,LinearRegression
10,4ALG4HA,0.778,0.8335453943739659,0.055545394373965884,0.055545394373965884,Qm,Qm_mean_mg_s,core,LinearRegression
11,4ALG4HA,1.134,0.9661448428019859,-0.16785515719801403,0.16785515719801403,Qm,Qm_mean_mg_s,core,LinearRegression
12,4ALG4HA,1.797,1.0987442912300058,-0.6982557087699941,0.6982557087699941,Qm,Qm_mean_mg_s,core,LinearRegression
13,4ALG4HA,2.403,1.2313437396580258,-1.1716562603419742,1.1716562603419742,Qm,Qm_mean_mg_s,core,LinearRegression
14,4ALG4HA,2.881,1.3639431880860455,-1.5170568119139543,1.5170568119139543,Qm,Qm_mean_mg_s,core,LinearRegression
15,4ALG6HA,0.658,0.39000065014221874,-0.2679993498577813,0.2679993498577813,Qm,Qm_mean_mg_s,core,LinearRegression
16,4ALG6HA,0.874,0.6655424299065422,-0.20845757009345778,0.20845757009345778,Qm,Qm_mean_mg_s,core,LinearRegression
17,4ALG6HA,1.363,0.9410842096708657,-0.4219157903291343,0.4219157903291343,Qm,Qm_mean_mg_s,core,LinearRegression
18,4ALG6HA,2.547,1.2166259894351892,-1.330374010564811,1.330374010564811,Qm,Qm_mean_mg_s,core,LinearRegression
19,4ALG6HA,3.336,1.4921677691995126,-1.8438322308004873,1.8438322308004873,Qm,Qm_mean_mg_s,core,LinearRegression
20,4ALG8HA,0.811,-0.23128783108445772,-1.0422878310844577,1.0422878310844577,Qm,Qm_mean_mg_s,core,LinearRegression
21,4ALG8HA,0.942,0.16673960519740127,-0.7752603948025987,0.7752603948025987,Qm,Qm_mean_mg_s,core,LinearRegression
22,4ALG8HA,1.163,0.5647670414792603,-0.5982329585207398,0.5982329585207398,Qm,Qm_mean_mg_s,core,LinearRegression
23,4ALG8HA,1.45,0.9627944777611195,-0.4872055222388805,0.4872055222388805,Qm,Qm_mean_mg_s,core,LinearRegression
24,4ALG8HA,1.616,1.3608219140429783,-0.25517808595702185,0.25517808595702185,Qm,Qm_mean_mg_s,core,LinearRegression
25,6ALG2HA,0.395,1.273042667696666,0.878042667696666,0.878042667696666,Qm,Qm_mean_mg_s,core,LinearRegression
26,6ALG2HA,0.522,1.438226805716493,0.9162268057164931,0.9162268057164931,Qm,Qm_mean_mg_s,core,LinearRegression
27,6ALG2HA,0.612,1.6034109437363206,0.9914109437363207,0.9914109437363207,Qm,Qm_mean_mg_s,core,LinearRegression
28,6ALG2HA,0.769,1.768595081756148,0.999595081756148,0.999595081756148,Qm,Qm_mean_mg_s,core,LinearRegression
29,6ALG2HA,1.048,1.9337792197759753,0.8857792197759753,0.8857792197759753,Qm,Qm_mean_mg_s,core,LinearRegression
30,6ALG4HA,0.506,0.39595161545215285,-0.11004838454784716,0.11004838454784716,Qm,Qm_mean_mg_s,core,LinearRegression
31,6ALG4HA,0.665,0.5652119051799842,-0.09978809482001583,0.09978809482001583,Qm,Qm_mean_mg_s,core,LinearRegression
32,6ALG4HA,0.871,0.7344721949078155,-0.13652780509218454,0.13652780509218454,Qm,Qm_mean_mg_s,core,LinearRegression
33,6ALG4HA,1.084,0.9037324846356467,-0.18026751536435337,0.18026751536435337,Qm,Qm_mean_mg_s,core,LinearRegression
34,6ALG4HA,1.076,1.072992774363478,-0.003007225636522115,0.003007225636522115,Qm,Qm_mean_mg_s,core,LinearRegression
35,6ALG6HA,0.644,1.4698574108818028,0.8258574108818028,0.8258574108818028,Qm,Qm_mean_mg_s,core,LinearRegression
36,6ALG6HA,0.689,1.6938806754221403,1.0048806754221404,1.0048806754221404,Qm,Qm_mean_mg_s,core,LinearRegression
37,6ALG6HA,0.768,1.9179039399624787,1.1499039399624786,1.1499039399624786,Qm,Qm_mean_mg_s,core,LinearRegression
38,6ALG6HA,0.918,2.1419272045028164,1.2239272045028162,1.2239272045028162,Qm,Qm_mean_mg_s,core,LinearRegression
39,6ALG6HA,1.027,2.3659504690431543,1.3389504690431544,1.3389504690431544,Qm,Qm_mean_mg_s,core,LinearRegression
0,1ALG8HA,0.735,0.5322798696832229,-0.20272013031677705,0.20272013031677705,Qm,Qm_mean_mg_s,core,SVR_RBF
1,1ALG8HA,0.851,0.5587959616316989,-0.2922040383683011,0.2922040383683011,Qm,Qm_mean_mg_s,core,SVR_RBF
2,1ALG8HA,1.074,0.6021886695367885,-0.47181133046321155,0.47181133046321155,Qm,Qm_mean_mg_s,core,SVR_RBF
3,1ALG8HA,1.375,0.6620310385943295,-0.7129689614056705,0.7129689614056705,Qm,Qm_mean_mg_s,core,SVR_RBF
4,1ALG8HA,1.834,0.7368377317129002,-1.0971622682870998,1.0971622682870998,Qm,Qm_mean_mg_s,core,SVR_RBF
5,2ALG8HA,0.293,0.8003977758582832,0.5073977758582833,0.5073977758582833,Qm,Qm_mean_mg_s,core,SVR_RBF
6,2ALG8HA,0.507,1.2985938595992852,0.7915938595992852,0.7915938595992852,Qm,Qm_mean_mg_s,core,SVR_RBF
7,2ALG8HA,0.767,1.7818310233154824,1.0148310233154825,1.0148310233154825,Qm,Qm_mean_mg_s,core,SVR_RBF
8,2ALG8HA,1.144,2.17050827895598,1.02650827895598,1.02650827895598,Qm,Qm_mean_mg_s,core,SVR_RBF
9,2ALG8HA,1.438,2.4160388825185537,0.9780388825185538,0.9780388825185538,Qm,Qm_mean_mg_s,core,SVR_RBF
10,4ALG4HA,0.778,0.5241913827199601,-0.2538086172800399,0.2538086172800399,Qm,Qm_mean_mg_s,core,SVR_RBF
11,4ALG4HA,1.134,0.5875174108117246,-0.5464825891882753,0.5464825891882753,Qm,Qm_mean_mg_s,core,SVR_RBF
12,4ALG4HA,1.797,0.7031418586707116,-1.0938581413292883,1.0938581413292883,Qm,Qm_mean_mg_s,core,SVR_RBF
13,4ALG4HA,2.403,0.8754625359731043,-1.5275374640268957,1.5275374640268957,Qm,Qm_mean_mg_s,core,SVR_RBF
14,4ALG4HA,2.881,1.1047660322533466,-1.7762339677466532,1.7762339677466532,Qm,Qm_mean_mg_s,core,SVR_RBF
15,4ALG6HA,0.658,1.2157877644321535,0.5577877644321535,0.5577877644321535,Qm,Qm_mean_mg_s,core,SVR_RBF
16,4ALG6HA,0.874,1.7727032859586067,0.8987032859586067,0.8987032859586067,Qm,Qm_mean_mg_s,core,SVR_RBF
17,4ALG6HA,1.363,2.1372914371063296,0.7742914371063296,0.7742914371063296,Qm,Qm_mean_mg_s,core,SVR_RBF
18,4ALG6HA,2.547,2.2874621213199786,-0.25953787868002154,0.25953787868002154,Qm,Qm_mean_mg_s,core,SVR_RBF
19,4ALG6HA,3.336,2.2597382104312196,-1.0762617895687803,1.0762617895687803,Qm,Qm_mean_mg_s,core,SVR_RBF
20,4ALG8HA,0.811,0.3141165470871816,-0.49688345291281844,0.49688345291281844,Qm,Qm_mean_mg_s,core,SVR_RBF
21,4ALG8HA,0.942,0.8928340180028473,-0.04916598199715261,0.04916598199715261,Qm,Qm_mean_mg_s,core,SVR_RBF
22,4ALG8HA,1.163,1.3639871412789977,0.20098714127899764,0.20098714127899764,Qm,Qm_mean_mg_s,core,SVR_RBF
23,4ALG8HA,1.45,1.658819112557857,0.20881911255785712,0.20881911255785712,Qm,Qm_mean_mg_s,core,SVR_RBF
24,4ALG8HA,1.616,1.7783979036422468,0.1623979036422467,0.1623979036422467,Qm,Qm_mean_mg_s,core,SVR_RBF
25,6ALG2HA,0.395,0.3518783511328637,-0.04312164886713632,0.04312164886713632,Qm,Qm_mean_mg_s,core,SVR_RBF
26,6ALG2HA,0.522,0.48785930004490163,-0.034140699955098386,0.034140699955098386,Qm,Qm_mean_mg_s,core,SVR_RBF
27,6ALG2HA,0.612,0.6381537092686828,0.026153709268682768,0.026153709268682768,Qm,Qm_mean_mg_s,core,SVR_RBF
28,6ALG2HA,0.769,0.7947426259622474,0.025742625962247412,0.025742625962247412,Qm,Qm_mean_mg_s,core,SVR_RBF
29,6ALG2HA,1.048,0.9495147795152696,-0.0984852204847304,0.0984852204847304,Qm,Qm_mean_mg_s,core,SVR_RBF
30,6ALG4HA,0.506,1.3553876005730081,0.8493876005730081,0.8493876005730081,Qm,Qm_mean_mg_s,core,SVR_RBF
31,6ALG4HA,0.665,1.5134822044088942,0.8484822044088942,0.8484822044088942,Qm,Qm_mean_mg_s,core,SVR_RBF
32,6ALG4HA,0.871,1.6367213607588018,0.7657213607588018,0.7657213607588018,Qm,Qm_mean_mg_s,core,SVR_RBF
33,6ALG4HA,1.084,1.7219211348832237,0.6379211348832237,0.6379211348832237,Qm,Qm_mean_mg_s,core,SVR_RBF
34,6ALG4HA,1.076,1.7687389968573926,0.6927389968573925,0.6927389968573925,Qm,Qm_mean_mg_s,core,SVR_RBF
35,6ALG6HA,0.644,1.7893831830648035,1.1453831830648036,1.1453831830648036,Qm,Qm_mean_mg_s,core,SVR_RBF
36,6ALG6HA,0.689,1.8057459278318893,1.1167459278318894,1.1167459278318894,Qm,Qm_mean_mg_s,core,SVR_RBF
37,6ALG6HA,0.768,1.80311132930675,1.03511132930675,1.03511132930675,Qm,Qm_mean_mg_s,core,SVR_RBF
38,6ALG6HA,0.918,1.7869035230419403,0.8689035230419403,0.8689035230419403,Qm,Qm_mean_mg_s,core,SVR_RBF
39,6ALG6HA,1.027,1.760508237787479,0.7335082377874791,0.7335082377874791,Qm,Qm_mean_mg_s,core,SVR_RBF
0,1ALG8HA,0.735,0.6917235330687831,-0.043276466931216895,0.043276466931216895,Qm,Qm_mean_mg_s,core,RandomForest
1,1ALG8HA,0.851,0.6899618108465608,-0.16103818915343915,0.16103818915343915,Qm,Qm_mean_mg_s,core,RandomForest
2,1ALG8HA,1.074,0.6022159656084658,-0.47178403439153427,0.47178403439153427,Qm,Qm_mean_mg_s,core,RandomForest
3,1ALG8HA,1.375,0.6022159656084658,-0.7727840343915342,0.7727840343915342,Qm,Qm_mean_mg_s,core,RandomForest
4,1ALG8HA,1.834,0.6099029497354499,-1.2240970502645503,1.2240970502645503,Qm,Qm_mean_mg_s,core,RandomForest
5,2ALG8HA,0.293,1.0170732717652726,0.7240732717652727,0.7240732717652727,Qm,Qm_mean_mg_s,core,RandomForest
6,2ALG8HA,0.507,1.3267194365079358,0.8197194365079358,0.8197194365079358,Qm,Qm_mean_mg_s,core,RandomForest
7,2ALG8HA,0.767,1.3721820846560835,0.6051820846560835,0.6051820846560835,Qm,Qm_mean_mg_s,core,RandomForest
8,2ALG8HA,1.144,1.4076541679894172,0.2636541679894173,0.2636541679894173,Qm,Qm_mean_mg_s,core,RandomForest
9,2ALG8HA,1.438,1.4311300886243385,-0.006869911375661397,0.006869911375661397,Qm,Qm_mean_mg_s,core,RandomForest
10,4ALG4HA,0.778,0.7472767407407408,-0.030723259259259228,0.030723259259259228,Qm,Qm_mean_mg_s,core,RandomForest
11,4ALG4HA,1.134,0.7472767407407408,-0.3867232592592591,0.3867232592592591,Qm,Qm_mean_mg_s,core,RandomForest
12,4ALG4HA,1.797,0.7735648544973545,-1.0234351455026456,1.0234351455026456,Qm,Qm_mean_mg_s,core,RandomForest
13,4ALG4HA,2.403,0.8106997195767197,-1.5923002804232804,1.5923002804232804,Qm,Qm_mean_mg_s,core,RandomForest
14,4ALG4HA,2.881,0.8328566560846562,-2.048143343915344,2.048143343915344,Qm,Qm_mean_mg_s,core,RandomForest
15,4ALG6HA,0.658,1.9095990476190494,1.2515990476190493,1.2515990476190493,Qm,Qm_mean_mg_s,core,RandomForest
16,4ALG6HA,0.874,1.8711522380952392,0.9971522380952392,0.9971522380952392,Qm,Qm_mean_mg_s,core,RandomForest
17,4ALG6HA,1.363,1.8597883535353548,0.4967883535353548,0.4967883535353548,Qm,Qm_mean_mg_s,core,RandomForest
18,4ALG6HA,2.547,1.8362500003607518,-0.7107499996392483,0.7107499996392483,Qm,Qm_mean_mg_s,core,RandomForest
19,4ALG6HA,3.336,1.8482436316738824,-1.4877563683261175,1.4877563683261175,Qm,Qm_mean_mg_s,core,RandomForest
20,4ALG8HA,0.811,1.8237205502645502,1.0127205502645502,1.0127205502645502,Qm,Qm_mean_mg_s,core,RandomForest
21,4ALG8HA,0.942,1.916291216931218,0.9742912169312181,0.9742912169312181,Qm,Qm_mean_mg_s,core,RandomForest
22,4ALG8HA,1.163,1.89959343915344,0.7365934391534399,0.7365934391534399,Qm,Qm_mean_mg_s,core,RandomForest
23,4ALG8HA,1.45,1.8529411058201064,0.40294110582010645,0.40294110582010645,Qm,Qm_mean_mg_s,core,RandomForest
24,4ALG8HA,1.616,1.8521241613756618,0.23612416137566172,0.23612416137566172,Qm,Qm_mean_mg_s,core,RandomForest
25,6ALG2HA,0.395,0.879483449735449,0.484483449735449,0.484483449735449,Qm,Qm_mean_mg_s,core,RandomForest
26,6ALG2HA,0.522,0.879483449735449,0.357483449735449,0.357483449735449,Qm,Qm_mean_mg_s,core,RandomForest
27,6ALG2HA,0.612,0.9352168148148148,0.3232168148148148,0.3232168148148148,Qm,Qm_mean_mg_s,core,RandomForest
28,6ALG2HA,0.769,0.9749603412698411,0.20596034126984109,0.20596034126984109,Qm,Qm_mean_mg_s,core,RandomForest
29,6ALG2HA,1.048,0.8917197817460313,-0.15628021825396876,0.15628021825396876,Qm,Qm_mean_mg_s,core,RandomForest
30,6ALG4HA,0.506,0.9770741825396828,0.4710741825396828,0.4710741825396828,Qm,Qm_mean_mg_s,core,RandomForest
31,6ALG4HA,0.665,0.9770741825396828,0.3120741825396828,0.3120741825396828,Qm,Qm_mean_mg_s,core,RandomForest
32,6ALG4HA,0.871,0.9826669047619051,0.1116669047619051,0.1116669047619051,Qm,Qm_mean_mg_s,core,RandomForest
33,6ALG4HA,1.084,0.987458904761905,-0.09654109523809506,0.09654109523809506,Qm,Qm_mean_mg_s,core,RandomForest
34,6ALG4HA,1.076,1.0588934047619047,-0.017106595238095323,0.017106595238095323,Qm,Qm_mean_mg_s,core,RandomForest
35,6ALG6HA,0.644,1.4068768214285725,0.7628768214285725,0.7628768214285725,Qm,Qm_mean_mg_s,core,RandomForest
36,6ALG6HA,0.689,1.4068768214285725,0.7178768214285726,0.7178768214285726,Qm,Qm_mean_mg_s,core,RandomForest
37,6ALG6HA,0.768,1.4068768214285725,0.6388768214285725,0.6388768214285725,Qm,Qm_mean_mg_s,core,RandomForest
38,6ALG6HA,0.918,1.4068768214285725,0.4888768214285725,0.4888768214285725,Qm,Qm_mean_mg_s,core,RandomForest
39,6ALG6HA,1.027,1.4068768214285725,0.3798768214285726,0.3798768214285726,Qm,Qm_mean_mg_s,core,RandomForest
0,1ALG8HA,0.735,0.0935864423300015,-0.6414135576699985,0.6414135576699985,Qm,Qm_mean_mg_s,core,GradientBoosting
1,1ALG8HA,0.851,0.34429856025595795,-0.506701439744042,0.506701439744042,Qm,Qm_mean_mg_s,core,GradientBoosting
2,1ALG8HA,1.074,0.34429856025595795,-0.7297014397440421,0.7297014397440421,Qm,Qm_mean_mg_s,core,GradientBoosting
3,1ALG8HA,1.375,0.34429856025595795,-1.0307014397440422,1.0307014397440422,Qm,Qm_mean_mg_s,core,GradientBoosting
4,1ALG8HA,1.834,0.34429856025595795,-1.4897014397440422,1.4897014397440422,Qm,Qm_mean_mg_s,core,GradientBoosting
5,2ALG8HA,0.293,1.0206553612881086,0.7276553612881087,0.7276553612881087,Qm,Qm_mean_mg_s,core,GradientBoosting
6,2ALG8HA,0.507,1.6085171808925902,1.10151718089259,1.10151718089259,Qm,Qm_mean_mg_s,core,GradientBoosting
7,2ALG8HA,0.767,1.6085171808925902,0.8415171808925902,0.8415171808925902,Qm,Qm_mean_mg_s,core,GradientBoosting
8,2ALG8HA,1.144,2.005402268252087,0.861402268252087,0.861402268252087,Qm,Qm_mean_mg_s,core,GradientBoosting
9,2ALG8HA,1.438,2.7289426427448253,1.2909426427448254,1.2909426427448254,Qm,Qm_mean_mg_s,core,GradientBoosting
10,4ALG4HA,0.778,0.832726549931066,0.05472654993106596,0.05472654993106596,Qm,Qm_mean_mg_s,core,GradientBoosting
11,4ALG4HA,1.134,0.869672593093059,-0.2643274069069409,0.2643274069069409,Qm,Qm_mean_mg_s,core,GradientBoosting
12,4ALG4HA,1.797,0.8914706680029666,-0.9055293319970333,0.9055293319970333,Qm,Qm_mean_mg_s,core,GradientBoosting
13,4ALG4HA,2.403,0.930500761790963,-1.472499238209037,1.472499238209037,Qm,Qm_mean_mg_s,core,GradientBoosting
14,4ALG4HA,2.881,0.9303361989749416,-1.9506638010250583,1.9506638010250583,Qm,Qm_mean_mg_s,core,GradientBoosting
15,4ALG6HA,0.658,1.8919964066123691,1.233996406612369,1.233996406612369,Qm,Qm_mean_mg_s,core,GradientBoosting
16,4ALG6HA,0.874,1.8140215338691967,0.9400215338691967,0.9400215338691967,Qm,Qm_mean_mg_s,core,GradientBoosting
17,4ALG6HA,1.363,1.8140215338691967,0.45102153386919674,0.45102153386919674,Qm,Qm_mean_mg_s,core,GradientBoosting
18,4ALG6HA,2.547,1.897966761129178,-0.6490332388708222,0.6490332388708222,Qm,Qm_mean_mg_s,core,GradientBoosting
19,4ALG6HA,3.336,1.957545061214473,-1.378454938785527,1.378454938785527,Qm,Qm_mean_mg_s,core,GradientBoosting
20,4ALG8HA,0.811,1.7080939670545099,0.8970939670545098,0.8970939670545098,Qm,Qm_mean_mg_s,core,GradientBoosting
21,4ALG8HA,0.942,2.062580356445144,1.1205803564451442,1.1205803564451442,Qm,Qm_mean_mg_s,core,GradientBoosting
22,4ALG8HA,1.163,2.029793117201834,0.8667931172018342,0.8667931172018342,Qm,Qm_mean_mg_s,core,GradientBoosting
23,4ALG8HA,1.45,2.029793117201834,0.5797931172018342,0.5797931172018342,Qm,Qm_mean_mg_s,core,GradientBoosting
24,4ALG8HA,1.616,2.029793117201834,0.4137931172018341,0.4137931172018341,Qm,Qm_mean_mg_s,core,GradientBoosting
25,6ALG2HA,0.395,-0.43323824647337084,-0.8282382464733709,0.8282382464733709,Qm,Qm_mean_mg_s,core,GradientBoosting
26,6ALG2HA,0.522,-0.135293663551338,-0.657293663551338,0.657293663551338,Qm,Qm_mean_mg_s,core,GradientBoosting
27,6ALG2HA,0.612,0.33994857800774353,-0.27205142199225646,0.27205142199225646,Qm,Qm_mean_mg_s,core,GradientBoosting
28,6ALG2HA,0.769,0.5974192618882541,-0.1715807381117459,0.1715807381117459,Qm,Qm_mean_mg_s,core,GradientBoosting
29,6ALG2HA,1.048,0.5974192618882541,-0.4505807381117459,0.4505807381117459,Qm,Qm_mean_mg_s,core,GradientBoosting
30,6ALG4HA,0.506,1.1328552053886014,0.6268552053886014,0.6268552053886014,Qm,Qm_mean_mg_s,core,GradientBoosting
31,6ALG4HA,0.665,1.1328552053886014,0.46785520538860137,0.46785520538860137,Qm,Qm_mean_mg_s,core,GradientBoosting
32,6ALG4HA,0.871,1.2303685233885566,0.3593685233885566,0.3593685233885566,Qm,Qm_mean_mg_s,core,GradientBoosting
33,6ALG4HA,1.084,1.2303685233885566,0.14636852338855655,0.14636852338855655,Qm,Qm_mean_mg_s,core,GradientBoosting
34,6ALG4HA,1.076,1.5701312664804645,0.49413126648046446,0.49413126648046446,Qm,Qm_mean_mg_s,core,GradientBoosting
35,6ALG6HA,0.644,2.380530567997092,1.7365305679970917,1.7365305679970917,Qm,Qm_mean_mg_s,core,GradientBoosting
36,6ALG6HA,0.689,2.380530567997092,1.6915305679970918,1.6915305679970918,Qm,Qm_mean_mg_s,core,GradientBoosting
37,6ALG6HA,0.768,2.4734695410009007,1.7054695410009006,1.7054695410009006,Qm,Qm_mean_mg_s,core,GradientBoosting
38,6ALG6HA,0.918,2.4734695410009007,1.5554695410009005,1.5554695410009005,Qm,Qm_mean_mg_s,core,GradientBoosting
39,6ALG6HA,1.027,2.4734695410009007,1.4464695410009007,1.4464695410009007,Qm,Qm_mean_mg_s,core,GradientBoosting
0,1ALG8HA,0.735,0.23816512525081635,-0.49683487474918364,0.49683487474918364,Qm,Qm_mean_mg_s,core,XGBoost
1,1ALG8HA,0.851,0.47524964809417725,-0.37575035190582273,0.37575035190582273,Qm,Qm_mean_mg_s,core,XGBoost
2,1ALG8HA,1.074,0.4037838876247406,-0.6702161123752595,0.6702161123752595,Qm,Qm_mean_mg_s,core,XGBoost
3,1ALG8HA,1.375,0.4037838876247406,-0.9712161123752594,0.9712161123752594,Qm,Qm_mean_mg_s,core,XGBoost
4,1ALG8HA,1.834,0.3450796604156494,-1.4889203395843507,1.4889203395843507,Qm,Qm_mean_mg_s,core,XGBoost
5,2ALG8HA,0.293,1.1698561906814575,0.8768561906814576,0.8768561906814576,Qm,Qm_mean_mg_s,core,XGBoost
6,2ALG8HA,0.507,1.2032968997955322,0.6962968997955322,0.6962968997955322,Qm,Qm_mean_mg_s,core,XGBoost
7,2ALG8HA,0.767,1.2124191522598267,0.44541915225982665,0.44541915225982665,Qm,Qm_mean_mg_s,core,XGBoost
8,2ALG8HA,1.144,1.614725947380066,0.470725947380066,0.470725947380066,Qm,Qm_mean_mg_s,core,XGBoost
9,2ALG8HA,1.438,2.4305081367492676,0.9925081367492676,0.9925081367492676,Qm,Qm_mean_mg_s,core,XGBoost
10,4ALG4HA,0.778,0.9279717803001404,0.14997178030014036,0.14997178030014036,Qm,Qm_mean_mg_s,core,XGBoost
11,4ALG4HA,1.134,0.9306075572967529,-0.20339244270324697,0.20339244270324697,Qm,Qm_mean_mg_s,core,XGBoost
12,4ALG4HA,1.797,0.9306075572967529,-0.866392442703247,0.866392442703247,Qm,Qm_mean_mg_s,core,XGBoost
13,4ALG4HA,2.403,1.0136399269104004,-1.3893600730895996,1.3893600730895996,Qm,Qm_mean_mg_s,core,XGBoost
14,4ALG4HA,2.881,1.0452663898468018,-1.835733610153198,1.835733610153198,Qm,Qm_mean_mg_s,core,XGBoost
15,4ALG6HA,0.658,1.366146445274353,0.708146445274353,0.708146445274353,Qm,Qm_mean_mg_s,core,XGBoost
16,4ALG6HA,0.874,1.2722773551940918,0.3982773551940918,0.3982773551940918,Qm,Qm_mean_mg_s,core,XGBoost
17,4ALG6HA,1.363,1.2337453365325928,-0.12925466346740722,0.12925466346740722,Qm,Qm_mean_mg_s,core,XGBoost
18,4ALG6HA,2.547,1.3561115264892578,-1.1908884735107423,1.1908884735107423,Qm,Qm_mean_mg_s,core,XGBoost
19,4ALG6HA,3.336,1.3834513425827026,-1.9525486574172972,1.9525486574172972,Qm,Qm_mean_mg_s,core,XGBoost
20,4ALG8HA,0.811,2.114774465560913,1.3037744655609131,1.3037744655609131,Qm,Qm_mean_mg_s,core,XGBoost
21,4ALG8HA,0.942,2.4284255504608154,1.4864255504608155,1.4864255504608155,Qm,Qm_mean_mg_s,core,XGBoost
22,4ALG8HA,1.163,2.4284255504608154,1.2654255504608154,1.2654255504608154,Qm,Qm_mean_mg_s,core,XGBoost
23,4ALG8HA,1.45,1.9769699573516846,0.5269699573516846,0.5269699573516846,Qm,Qm_mean_mg_s,core,XGBoost
24,4ALG8HA,1.616,1.9769699573516846,0.36096995735168447,0.36096995735168447,Qm,Qm_mean_mg_s,core,XGBoost
25,6ALG2HA,0.395,0.057555850595235825,-0.3374441494047642,0.3374441494047642,Qm,Qm_mean_mg_s,core,XGBoost
26,6ALG2HA,0.522,0.1744706630706787,-0.3475293369293213,0.3475293369293213,Qm,Qm_mean_mg_s,core,XGBoost
27,6ALG2HA,0.612,0.6298210620880127,0.017821062088012707,0.017821062088012707,Qm,Qm_mean_mg_s,core,XGBoost
28,6ALG2HA,0.769,0.8216985464096069,0.05269854640960692,0.05269854640960692,Qm,Qm_mean_mg_s,core,XGBoost
29,6ALG2HA,1.048,0.8004125952720642,-0.24758740472793583,0.24758740472793583,Qm,Qm_mean_mg_s,core,XGBoost
30,6ALG4HA,0.506,1.2008137702941895,0.6948137702941894,0.6948137702941894,Qm,Qm_mean_mg_s,core,XGBoost
31,6ALG4HA,0.665,1.2008137702941895,0.5358137702941894,0.5358137702941894,Qm,Qm_mean_mg_s,core,XGBoost
32,6ALG4HA,0.871,1.2087494134902954,0.3377494134902954,0.3377494134902954,Qm,Qm_mean_mg_s,core,XGBoost
33,6ALG4HA,1.084,1.2087494134902954,0.12474941349029534,0.12474941349029534,Qm,Qm_mean_mg_s,core,XGBoost
34,6ALG4HA,1.076,1.6476668119430542,0.5716668119430541,0.5716668119430541,Qm,Qm_mean_mg_s,core,XGBoost
35,6ALG6HA,0.644,1.6567813158035278,1.0127813158035277,1.0127813158035277,Qm,Qm_mean_mg_s,core,XGBoost
36,6ALG6HA,0.689,1.6567813158035278,0.9677813158035279,0.9677813158035279,Qm,Qm_mean_mg_s,core,XGBoost
37,6ALG6HA,0.768,1.6567813158035278,0.8887813158035278,0.8887813158035278,Qm,Qm_mean_mg_s,core,XGBoost
38,6ALG6HA,0.918,1.6567813158035278,0.7387813158035278,0.7387813158035278,Qm,Qm_mean_mg_s,core,XGBoost
39,6ALG6HA,1.027,1.6567813158035278,0.6297813158035279,0.6297813158035279,Qm,Qm_mean_mg_s,core,XGBoost
0,1ALG8HA,0.735,-8.264285147678903,-8.999285147678902,8.999285147678902,Qm,Qm_mean_mg_s,engineered,LinearRegression
1,1ALG8HA,0.851,-8.881670147678877,-9.732670147678878,9.732670147678878,Qm,Qm_mean_mg_s,engineered,LinearRegression
2,1ALG8HA,1.074,-9.499055147678872,-10.573055147678872,10.573055147678872,Qm,Qm_mean_mg_s,engineered,LinearRegression
3,1ALG8HA,1.375,-10.116440147678853,-11.491440147678853,11.491440147678853,Qm,Qm_mean_mg_s,engineered,LinearRegression
4,1ALG8HA,1.834,-10.733825147678841,-12.56782514767884,12.56782514767884,Qm,Qm_mean_mg_s,engineered,LinearRegression
5,2ALG8HA,0.293,2.6615681864070595,2.3685681864070594,2.3685681864070594,Qm,Qm_mean_mg_s,engineered,LinearRegression
6,2ALG8HA,0.507,3.428713519740384,2.921713519740384,2.921713519740384,Qm,Qm_mean_mg_s,engineered,LinearRegression
7,2ALG8HA,0.767,4.195858853073709,3.428858853073709,3.428858853073709,Qm,Qm_mean_mg_s,engineered,LinearRegression
8,2ALG8HA,1.144,4.963004186407044,3.819004186407044,3.819004186407044,Qm,Qm_mean_mg_s,engineered,LinearRegression
9,2ALG8HA,1.438,5.730149519740365,4.292149519740366,4.292149519740366,Qm,Qm_mean_mg_s,engineered,LinearRegression
10,4ALG4HA,0.778,7.9613098778958165,7.183309877895816,7.183309877895816,Qm,Qm_mean_mg_s,engineered,LinearRegression
11,4ALG4HA,1.134,9.429070222723427,8.295070222723426,8.295070222723426,Qm,Qm_mean_mg_s,engineered,LinearRegression
12,4ALG4HA,1.797,10.896830567551037,9.099830567551036,9.099830567551036,Qm,Qm_mean_mg_s,engineered,LinearRegression
13,4ALG4HA,2.403,12.364590912378604,9.961590912378604,9.961590912378604,Qm,Qm_mean_mg_s,engineered,LinearRegression
14,4ALG4HA,2.881,13.832351257206193,10.951351257206193,10.951351257206193,Qm,Qm_mean_mg_s,engineered,LinearRegression
15,4ALG6HA,0.658,-0.5382795641349416,-1.1962795641349415,1.1962795641349415,Qm,Qm_mean_mg_s,engineered,LinearRegression
16,4ALG6HA,0.874,-0.1448004337001607,-1.0188004337001608,1.0188004337001608,Qm,Qm_mean_mg_s,engineered,LinearRegression
17,4ALG6HA,1.363,0.24867869673462306,-1.114321303265377,1.114321303265377,Qm,Qm_mean_mg_s,engineered,LinearRegression
18,4ALG6HA,2.547,0.642157827169413,-1.904842172830587,1.904842172830587,Qm,Qm_mean_mg_s,engineered,LinearRegression
19,4ALG6HA,3.336,1.0356369576041882,-2.3003630423958117,2.3003630423958117,Qm,Qm_mean_mg_s,engineered,LinearRegression
20,4ALG8HA,0.811,-87.41551089653464,-88.22651089653465,88.22651089653465,Qm,Qm_mean_mg_s,engineered,LinearRegression
21,4ALG8HA,0.942,-95.41526474269173,-96.35726474269173,96.35726474269173,Qm,Qm_mean_mg_s,engineered,LinearRegression
22,4ALG8HA,1.163,-103.4150185888495,-104.5780185888495,104.5780185888495,Qm,Qm_mean_mg_s,engineered,LinearRegression
23,4ALG8HA,1.45,-111.41477243500648,-112.86477243500649,112.86477243500649,Qm,Qm_mean_mg_s,engineered,LinearRegression
24,4ALG8HA,1.616,-119.4145262811638,-121.0305262811638,121.0305262811638,Qm,Qm_mean_mg_s,engineered,LinearRegression
25,6ALG2HA,0.395,-63.868388597262914,-64.26338859726292,64.26338859726292,Qm,Qm_mean_mg_s,engineered,LinearRegression
26,6ALG2HA,0.522,-65.11769649199987,-65.63969649199987,65.63969649199987,Qm,Qm_mean_mg_s,engineered,LinearRegression
27,6ALG2HA,0.612,-66.3670043867368,-66.97900438673679,66.97900438673679,Qm,Qm_mean_mg_s,engineered,LinearRegression
28,6ALG2HA,0.769,-67.61631228147367,-68.38531228147367,68.38531228147367,Qm,Qm_mean_mg_s,engineered,LinearRegression
29,6ALG2HA,1.048,-68.86562017621058,-69.91362017621059,69.91362017621059,Qm,Qm_mean_mg_s,engineered,LinearRegression
30,6ALG4HA,0.506,8.677535209732117,8.171535209732117,8.171535209732117,Qm,Qm_mean_mg_s,engineered,LinearRegression
31,6ALG4HA,0.665,9.147406386202668,8.482406386202669,8.482406386202669,Qm,Qm_mean_mg_s,engineered,LinearRegression
32,6ALG4HA,0.871,9.617277562673232,8.746277562673232,8.746277562673232,Qm,Qm_mean_mg_s,engineered,LinearRegression
33,6ALG4HA,1.084,10.087148739143787,9.003148739143787,9.003148739143787,Qm,Qm_mean_mg_s,engineered,LinearRegression
34,6ALG4HA,1.076,10.557019915614346,9.481019915614345,9.481019915614345,Qm,Qm_mean_mg_s,engineered,LinearRegression
35,6ALG6HA,0.644,497.2390489066633,496.5950489066633,496.5950489066633,Qm,Qm_mean_mg_s,engineered,LinearRegression
36,6ALG6HA,0.689,515.1302489066325,514.4412489066325,514.4412489066325,Qm,Qm_mean_mg_s,engineered,LinearRegression
37,6ALG6HA,0.768,533.0214489066052,532.2534489066052,532.2534489066052,Qm,Qm_mean_mg_s,engineered,LinearRegression
38,6ALG6HA,0.918,550.9126489065761,549.9946489065761,549.9946489065761,Qm,Qm_mean_mg_s,engineered,LinearRegression
39,6ALG6HA,1.027,568.8038489065452,567.7768489065452,567.7768489065452,Qm,Qm_mean_mg_s,engineered,LinearRegression
0,1ALG8HA,0.735,0.779842107457511,0.04484210745751105,0.04484210745751105,Qm,Qm_mean_mg_s,engineered,SVR_RBF
1,1ALG8HA,0.851,0.8251039342908371,-0.02589606570916292,0.02589606570916292,Qm,Qm_mean_mg_s,engineered,SVR_RBF
2,1ALG8HA,1.074,0.880728621693283,-0.19327137830671703,0.19327137830671703,Qm,Qm_mean_mg_s,engineered,SVR_RBF
3,1ALG8HA,1.375,0.9407249725272353,-0.4342750274727647,0.4342750274727647,Qm,Qm_mean_mg_s,engineered,SVR_RBF
4,1ALG8HA,1.834,0.9994605809260773,-0.8345394190739228,0.8345394190739228,Qm,Qm_mean_mg_s,engineered,SVR_RBF
5,2ALG8HA,0.293,0.6914144540505778,0.3984144540505778,0.3984144540505778,Qm,Qm_mean_mg_s,engineered,SVR_RBF
6,2ALG8HA,0.507,1.093844914573065,0.5868449145730651,0.5868449145730651,Qm,Qm_mean_mg_s,engineered,SVR_RBF
7,2ALG8HA,0.767,1.6676493427468446,0.9006493427468446,0.9006493427468446,Qm,Qm_mean_mg_s,engineered,SVR_RBF
8,2ALG8HA,1.144,2.2807089315677924,1.1367089315677925,1.1367089315677925,Qm,Qm_mean_mg_s,engineered,SVR_RBF
9,2ALG8HA,1.438,2.778063028329923,1.3400630283299229,1.3400630283299229,Qm,Qm_mean_mg_s,engineered,SVR_RBF
10,4ALG4HA,0.778,0.6479505764583487,-0.13004942354165128,0.13004942354165128,Qm,Qm_mean_mg_s,engineered,SVR_RBF
11,4ALG4HA,1.134,0.6461318150871774,-0.48786818491282247,0.48786818491282247,Qm,Qm_mean_mg_s,engineered,SVR_RBF
12,4ALG4HA,1.797,0.7107163149838917,-1.0862836850161082,1.0862836850161082,Qm,Qm_mean_mg_s,engineered,SVR_RBF
13,4ALG4HA,2.403,0.8495841412562816,-1.5534158587437186,1.5534158587437186,Qm,Qm_mean_mg_s,engineered,SVR_RBF
14,4ALG4HA,2.881,1.0624372564503077,-1.818562743549692,1.818562743549692,Qm,Qm_mean_mg_s,engineered,SVR_RBF
15,4ALG6HA,0.658,0.5726241724007725,-0.08537582759922757,0.08537582759922757,Qm,Qm_mean_mg_s,engineered,SVR_RBF
16,4ALG6HA,0.874,1.035281508621063,0.16128150862106294,0.16128150862106294,Qm,Qm_mean_mg_s,engineered,SVR_RBF
17,4ALG6HA,1.363,1.4326376629641513,0.0696376629641513,0.0696376629641513,Qm,Qm_mean_mg_s,engineered,SVR_RBF
18,4ALG6HA,2.547,1.7033039873119162,-0.8436960126880839,0.8436960126880839,Qm,Qm_mean_mg_s,engineered,SVR_RBF
19,4ALG6HA,3.336,1.8330263135121547,-1.5029736864878451,1.5029736864878451,Qm,Qm_mean_mg_s,engineered,SVR_RBF
20,4ALG8HA,0.811,0.5887831668196617,-0.22221683318033836,0.22221683318033836,Qm,Qm_mean_mg_s,engineered,SVR_RBF
21,4ALG8HA,0.942,0.9230507790452336,-0.018949220954766366,0.018949220954766366,Qm,Qm_mean_mg_s,engineered,SVR_RBF
22,4ALG8HA,1.163,1.2192772753392818,0.05627727533928173,0.05627727533928173,Qm,Qm_mean_mg_s,engineered,SVR_RBF
23,4ALG8HA,1.45,1.4187498172090527,-0.03125018279094727,0.03125018279094727,Qm,Qm_mean_mg_s,engineered,SVR_RBF
24,4ALG8HA,1.616,1.5114204639621092,-0.10457953603789094,0.10457953603789094,Qm,Qm_mean_mg_s,engineered,SVR_RBF
25,6ALG2HA,0.395,1.2270622334583372,0.8320622334583372,0.8320622334583372,Qm,Qm_mean_mg_s,engineered,SVR_RBF
26,6ALG2HA,0.522,1.2826243903145653,0.7606243903145653,0.7606243903145653,Qm,Qm_mean_mg_s,engineered,SVR_RBF
27,6ALG2HA,0.612,1.325042792908304,0.713042792908304,0.713042792908304,Qm,Qm_mean_mg_s,engineered,SVR_RBF
28,6ALG2HA,0.769,1.3507565822824794,0.5817565822824794,0.5817565822824794,Qm,Qm_mean_mg_s,engineered,SVR_RBF
29,6ALG2HA,1.048,1.360314454090746,0.3123144540907459,0.3123144540907459,Qm,Qm_mean_mg_s,engineered,SVR_RBF
30,6ALG4HA,0.506,1.3266112360429285,0.8206112360429285,0.8206112360429285,Qm,Qm_mean_mg_s,engineered,SVR_RBF
31,6ALG4HA,0.665,1.5856034840516402,0.9206034840516402,0.9206034840516402,Qm,Qm_mean_mg_s,engineered,SVR_RBF
32,6ALG4HA,0.871,1.840514575966076,0.9695145759660759,0.9695145759660759,Qm,Qm_mean_mg_s,engineered,SVR_RBF
33,6ALG4HA,1.084,2.07914173581365,0.9951417358136498,0.9951417358136498,Qm,Qm_mean_mg_s,engineered,SVR_RBF
34,6ALG4HA,1.076,2.290323581081164,1.214323581081164,1.214323581081164,Qm,Qm_mean_mg_s,engineered,SVR_RBF
35,6ALG6HA,0.644,1.3978378729127654,0.7538378729127654,0.7538378729127654,Qm,Qm_mean_mg_s,engineered,SVR_RBF
36,6ALG6HA,0.689,1.4660207087102723,0.7770207087102724,0.7770207087102724,Qm,Qm_mean_mg_s,engineered,SVR_RBF
37,6ALG6HA,0.768,1.5183529146748407,0.7503529146748407,0.7503529146748407,Qm,Qm_mean_mg_s,engineered,SVR_RBF
38,6ALG6HA,0.918,1.5557953692041537,0.6377953692041537,0.6377953692041537,Qm,Qm_mean_mg_s,engineered,SVR_RBF
39,6ALG6HA,1.027,1.5795658921492064,0.5525658921492065,0.5525658921492065,Qm,Qm_mean_mg_s,engineered,SVR_RBF
0,1ALG8HA,0.735,0.5785057539682541,-0.1564942460317459,0.1564942460317459,Qm,Qm_mean_mg_s,engineered,RandomForest
1,1ALG8HA,0.851,0.5785057539682541,-0.2724942460317459,0.2724942460317459,Qm,Qm_mean_mg_s,engineered,RandomForest
2,1ALG8HA,1.074,0.6044169841269845,-0.46958301587301554,0.46958301587301554,Qm,Qm_mean_mg_s,engineered,RandomForest
3,1ALG8HA,1.375,0.7414114365079372,-0.6335885634920628,0.6335885634920628,Qm,Qm_mean_mg_s,engineered,RandomForest
4,1ALG8HA,1.834,0.8640004642857148,-0.9699995357142853,0.9699995357142853,Qm,Qm_mean_mg_s,engineered,RandomForest
5,2ALG8HA,0.293,0.9295627738095237,0.6365627738095236,0.6365627738095236,Qm,Qm_mean_mg_s,engineered,RandomForest
6,2ALG8HA,0.507,1.1079057447089953,0.6009057447089953,0.6009057447089953,Qm,Qm_mean_mg_s,engineered,RandomForest
7,2ALG8HA,0.767,1.314812357142858,0.547812357142858,0.547812357142858,Qm,Qm_mean_mg_s,engineered,RandomForest
8,2ALG8HA,1.144,1.3373170238095247,0.19331702380952476,0.19331702380952476,Qm,Qm_mean_mg_s,engineered,RandomForest
9,2ALG8HA,1.438,1.3530330238095245,-0.08496697619047544,0.08496697619047544,Qm,Qm_mean_mg_s,engineered,RandomForest
10,4ALG4HA,0.778,0.5754242248677253,-0.20257577513227476,0.20257577513227476,Qm,Qm_mean_mg_s,engineered,RandomForest
11,4ALG4HA,1.134,0.5767098597883602,-0.5572901402116397,0.5572901402116397,Qm,Qm_mean_mg_s,engineered,RandomForest
12,4ALG4HA,1.797,0.6429987341269846,-1.1540012658730152,1.1540012658730152,Qm,Qm_mean_mg_s,engineered,RandomForest
13,4ALG4HA,2.403,0.7799755330687834,-1.6230244669312166,1.6230244669312166,Qm,Qm_mean_mg_s,engineered,RandomForest
14,4ALG4HA,2.881,1.1552851706349214,-1.7257148293650784,1.7257148293650784,Qm,Qm_mean_mg_s,engineered,RandomForest
15,4ALG6HA,0.658,0.8007660939153439,0.1427660939153439,0.1427660939153439,Qm,Qm_mean_mg_s,engineered,RandomForest
16,4ALG6HA,0.874,0.7663174907407407,-0.10768250925925926,0.10768250925925926,Qm,Qm_mean_mg_s,engineered,RandomForest
17,4ALG6HA,1.363,1.0520592738095238,-0.3109407261904762,0.3109407261904762,Qm,Qm_mean_mg_s,engineered,RandomForest
18,4ALG6HA,2.547,1.1891016507936512,-1.357898349206349,1.357898349206349,Qm,Qm_mean_mg_s,engineered,RandomForest
19,4ALG6HA,3.336,1.2206633492063497,-2.11533665079365,2.11533665079365,Qm,Qm_mean_mg_s,engineered,RandomForest
20,4ALG8HA,0.811,1.2614379047619046,0.4504379047619046,0.4504379047619046,Qm,Qm_mean_mg_s,engineered,RandomForest
21,4ALG8HA,0.942,1.4125821428571421,0.47058214285714217,0.47058214285714217,Qm,Qm_mean_mg_s,engineered,RandomForest
22,4ALG8HA,1.163,1.5735953571428567,0.41059535714285667,0.41059535714285667,Qm,Qm_mean_mg_s,engineered,RandomForest
23,4ALG8HA,1.45,2.197417873015873,0.7474178730158731,0.7474178730158731,Qm,Qm_mean_mg_s,engineered,RandomForest
24,4ALG8HA,1.616,2.2918894841269846,0.6758894841269845,0.6758894841269845,Qm,Qm_mean_mg_s,engineered,RandomForest
25,6ALG2HA,0.395,1.5049994894179886,1.1099994894179885,1.1099994894179885,Qm,Qm_mean_mg_s,engineered,RandomForest
26,6ALG2HA,0.522,1.5174184894179887,0.9954184894179887,0.9954184894179887,Qm,Qm_mean_mg_s,engineered,RandomForest
27,6ALG2HA,0.612,1.6255407671957671,1.0135407671957672,1.0135407671957672,Qm,Qm_mean_mg_s,engineered,RandomForest
28,6ALG2HA,0.769,1.8541874735449733,1.0851874735449734,1.0851874735449734,Qm,Qm_mean_mg_s,engineered,RandomForest
29,6ALG2HA,1.048,1.9129017724867727,0.8649017724867727,0.8649017724867727,Qm,Qm_mean_mg_s,engineered,RandomForest
30,6ALG4HA,0.506,1.1694067182539678,0.6634067182539678,0.6634067182539678,Qm,Qm_mean_mg_s,engineered,RandomForest
31,6ALG4HA,0.665,1.3839601428571426,0.7189601428571426,0.7189601428571426,Qm,Qm_mean_mg_s,engineered,RandomForest
32,6ALG4HA,0.871,1.5275681666666663,0.6565681666666663,0.6565681666666663,Qm,Qm_mean_mg_s,engineered,RandomForest
33,6ALG4HA,1.084,1.5614452777777772,0.4774452777777771,0.4774452777777771,Qm,Qm_mean_mg_s,engineered,RandomForest
34,6ALG4HA,1.076,1.672650876984127,0.596650876984127,0.596650876984127,Qm,Qm_mean_mg_s,engineered,RandomForest
35,6ALG6HA,0.644,2.092992883597884,1.4489928835978838,1.4489928835978838,Qm,Qm_mean_mg_s,engineered,RandomForest
36,6ALG6HA,0.689,2.0794401058201064,1.3904401058201064,1.3904401058201064,Qm,Qm_mean_mg_s,engineered,RandomForest
37,6ALG6HA,0.768,2.0794401058201064,1.3114401058201064,1.3114401058201064,Qm,Qm_mean_mg_s,engineered,RandomForest
38,6ALG6HA,0.918,2.0858449312169314,1.1678449312169312,1.1678449312169312,Qm,Qm_mean_mg_s,engineered,RandomForest
39,6ALG6HA,1.027,2.0881652089947096,1.0611652089947097,1.0611652089947097,Qm,Qm_mean_mg_s,engineered,RandomForest
0,1ALG8HA,0.735,0.7881600758418502,0.05316007584185023,0.05316007584185023,Qm,Qm_mean_mg_s,engineered,GradientBoosting
1,1ALG8HA,0.851,0.785546263820549,-0.06545373617945094,0.06545373617945094,Qm,Qm_mean_mg_s,engineered,GradientBoosting
2,1ALG8HA,1.074,0.9189926465670165,-0.15500735343298355,0.15500735343298355,Qm,Qm_mean_mg_s,engineered,GradientBoosting
3,1ALG8HA,1.375,0.9877421916172835,-0.3872578083827165,0.3872578083827165,Qm,Qm_mean_mg_s,engineered,GradientBoosting
4,1ALG8HA,1.834,1.127071701783468,-0.7069282982165321,0.7069282982165321,Qm,Qm_mean_mg_s,engineered,GradientBoosting
5,2ALG8HA,0.293,0.7753964413236284,0.4823964413236284,0.4823964413236284,Qm,Qm_mean_mg_s,engineered,GradientBoosting
6,2ALG8HA,0.507,1.0665063321027657,0.5595063321027657,0.5595063321027657,Qm,Qm_mean_mg_s,engineered,GradientBoosting
7,2ALG8HA,0.767,1.6784348881075097,0.9114348881075097,0.9114348881075097,Qm,Qm_mean_mg_s,engineered,GradientBoosting
8,2ALG8HA,1.144,1.7543173771209777,0.6103173771209778,0.6103173771209778,Qm,Qm_mean_mg_s,engineered,GradientBoosting
9,2ALG8HA,1.438,1.9534635332823997,0.5154635332823998,0.5154635332823998,Qm,Qm_mean_mg_s,engineered,GradientBoosting
10,4ALG4HA,0.778,0.5074373601125706,-0.27056263988742946,0.27056263988742946,Qm,Qm_mean_mg_s,engineered,GradientBoosting
11,4ALG4HA,1.134,0.5440669863314235,-0.5899330136685764,0.5899330136685764,Qm,Qm_mean_mg_s,engineered,GradientBoosting
12,4ALG4HA,1.797,0.6314989190906445,-1.1655010809093556,1.1655010809093556,Qm,Qm_mean_mg_s,engineered,GradientBoosting
13,4ALG4HA,2.403,0.7936356124368591,-1.609364387563141,1.609364387563141,Qm,Qm_mean_mg_s,engineered,GradientBoosting
14,4ALG4HA,2.881,1.1300517287363596,-1.7509482712636402,1.7509482712636402,Qm,Qm_mean_mg_s,engineered,GradientBoosting
15,4ALG6HA,0.658,0.619392865072743,-0.03860713492725698,0.03860713492725698,Qm,Qm_mean_mg_s,engineered,GradientBoosting
16,4ALG6HA,0.874,0.7881270399028477,-0.08587296009715228,0.08587296009715228,Qm,Qm_mean_mg_s,engineered,GradientBoosting
17,4ALG6HA,1.363,1.1773508137644733,-0.18564918623552673,0.18564918623552673,Qm,Qm_mean_mg_s,engineered,GradientBoosting
18,4ALG6HA,2.547,1.462260279797539,-1.0847397202024611,1.0847397202024611,Qm,Qm_mean_mg_s,engineered,GradientBoosting
19,4ALG6HA,3.336,1.5816477765531147,-1.7543522234468851,1.7543522234468851,Qm,Qm_mean_mg_s,engineered,GradientBoosting
20,4ALG8HA,0.811,1.2369123759817755,0.42591237598177545,0.42591237598177545,Qm,Qm_mean_mg_s,engineered,GradientBoosting
21,4ALG8HA,0.942,1.8384398315255235,0.8964398315255235,0.8964398315255235,Qm,Qm_mean_mg_s,engineered,GradientBoosting
22,4ALG8HA,1.163,2.454468740032336,1.2914687400323361,1.2914687400323361,Qm,Qm_mean_mg_s,engineered,GradientBoosting
23,4ALG8HA,1.45,2.7139594719984244,1.2639594719984244,1.2639594719984244,Qm,Qm_mean_mg_s,engineered,GradientBoosting
24,4ALG8HA,1.616,2.909793420798319,1.2937934207983188,1.2937934207983188,Qm,Qm_mean_mg_s,engineered,GradientBoosting
25,6ALG2HA,0.395,1.8165563993430074,1.4215563993430074,1.4215563993430074,Qm,Qm_mean_mg_s,engineered,GradientBoosting
26,6ALG2HA,0.522,1.8165563993430074,1.2945563993430074,1.2945563993430074,Qm,Qm_mean_mg_s,engineered,GradientBoosting
27,6ALG2HA,0.612,1.8916616839328042,1.279661683932804,1.279661683932804,Qm,Qm_mean_mg_s,engineered,GradientBoosting
28,6ALG2HA,0.769,2.05872283325386,1.28972283325386,1.28972283325386,Qm,Qm_mean_mg_s,engineered,GradientBoosting
29,6ALG2HA,1.048,2.178818621537899,1.130818621537899,1.130818621537899,Qm,Qm_mean_mg_s,engineered,GradientBoosting
30,6ALG4HA,0.506,0.7901327037183218,0.2841327037183218,0.2841327037183218,Qm,Qm_mean_mg_s,engineered,GradientBoosting
31,6ALG4HA,0.665,1.16844454396916,0.5034445439691599,0.5034445439691599,Qm,Qm_mean_mg_s,engineered,GradientBoosting
32,6ALG4HA,0.871,1.2768623026122345,0.40586230261223455,0.40586230261223455,Qm,Qm_mean_mg_s,engineered,GradientBoosting
33,6ALG4HA,1.084,1.2984480005208654,0.21444800052086532,0.21444800052086532,Qm,Qm_mean_mg_s,engineered,GradientBoosting
34,6ALG4HA,1.076,1.34142043661535,0.26542043661534986,0.26542043661534986,Qm,Qm_mean_mg_s,engineered,GradientBoosting
35,6ALG6HA,0.644,2.8736517662058287,2.2296517662058286,2.2296517662058286,Qm,Qm_mean_mg_s,engineered,GradientBoosting
36,6ALG6HA,0.689,2.8838161774167594,2.1948161774167594,2.1948161774167594,Qm,Qm_mean_mg_s,engineered,GradientBoosting
37,6ALG6HA,0.768,2.894439579167527,2.126439579167527,2.126439579167527,Qm,Qm_mean_mg_s,engineered,GradientBoosting
38,6ALG6HA,0.918,3.0449999268785204,2.1269999268785202,2.1269999268785202,Qm,Qm_mean_mg_s,engineered,GradientBoosting
39,6ALG6HA,1.027,3.0596015242086545,2.032601524208655,2.032601524208655,Qm,Qm_mean_mg_s,engineered,GradientBoosting
0,1ALG8HA,0.735,0.5154164433479309,-0.21958355665206908,0.21958355665206908,Qm,Qm_mean_mg_s,engineered,XGBoost
1,1ALG8HA,0.851,0.4977257251739502,-0.3532742748260498,0.3532742748260498,Qm,Qm_mean_mg_s,engineered,XGBoost
2,1ALG8HA,1.074,0.6629028916358948,-0.4110971083641053,0.4110971083641053,Qm,Qm_mean_mg_s,engineered,XGBoost
3,1ALG8HA,1.375,0.9297934174537659,-0.44520658254623413,0.44520658254623413,Qm,Qm_mean_mg_s,engineered,XGBoost
4,1ALG8HA,1.834,1.0582691431045532,-0.7757308568954469,0.7757308568954469,Qm,Qm_mean_mg_s,engineered,XGBoost
5,2ALG8HA,0.293,0.7200223803520203,0.4270223803520203,0.4270223803520203,Qm,Qm_mean_mg_s,engineered,XGBoost
6,2ALG8HA,0.507,1.0761291980743408,0.5691291980743408,0.5691291980743408,Qm,Qm_mean_mg_s,engineered,XGBoost
7,2ALG8HA,0.767,1.5573861598968506,0.7903861598968506,0.7903861598968506,Qm,Qm_mean_mg_s,engineered,XGBoost
8,2ALG8HA,1.144,1.5863037109375,0.4423037109375001,0.4423037109375001,Qm,Qm_mean_mg_s,engineered,XGBoost
9,2ALG8HA,1.438,1.7497531175613403,0.3117531175613404,0.3117531175613404,Qm,Qm_mean_mg_s,engineered,XGBoost
10,4ALG4HA,0.778,0.641567051410675,-0.13643294858932498,0.13643294858932498,Qm,Qm_mean_mg_s,engineered,XGBoost
11,4ALG4HA,1.134,0.6732714176177979,-0.46072858238220205,0.46072858238220205,Qm,Qm_mean_mg_s,engineered,XGBoost
12,4ALG4HA,1.797,0.7452793121337891,-1.0517206878662109,1.0517206878662109,Qm,Qm_mean_mg_s,engineered,XGBoost
13,4ALG4HA,2.403,1.0725098848342896,-1.3304901151657105,1.3304901151657105,Qm,Qm_mean_mg_s,engineered,XGBoost
14,4ALG4HA,2.881,1.5620765686035156,-1.3189234313964842,1.3189234313964842,Qm,Qm_mean_mg_s,engineered,XGBoost
15,4ALG6HA,0.658,0.6087197661399841,-0.0492802338600159,0.0492802338600159,Qm,Qm_mean_mg_s,engineered,XGBoost
16,4ALG6HA,0.874,0.6317301392555237,-0.24226986074447632,0.24226986074447632,Qm,Qm_mean_mg_s,engineered,XGBoost
17,4ALG6HA,1.363,0.9827514886856079,-0.3802485113143921,0.3802485113143921,Qm,Qm_mean_mg_s,engineered,XGBoost
18,4ALG6HA,2.547,1.3870902061462402,-1.15990979385376,1.15990979385376,Qm,Qm_mean_mg_s,engineered,XGBoost
19,4ALG6HA,3.336,1.4080299139022827,-1.9279700860977171,1.9279700860977171,Qm,Qm_mean_mg_s,engineered,XGBoost
20,4ALG8HA,0.811,1.0815716981887817,0.2705716981887817,0.2705716981887817,Qm,Qm_mean_mg_s,engineered,XGBoost
21,4ALG8HA,0.942,1.3571884632110596,0.4151884632110596,0.4151884632110596,Qm,Qm_mean_mg_s,engineered,XGBoost
22,4ALG8HA,1.163,2.0241127014160156,0.8611127014160156,0.8611127014160156,Qm,Qm_mean_mg_s,engineered,XGBoost
23,4ALG8HA,1.45,2.1810495853424072,0.7310495853424073,0.7310495853424073,Qm,Qm_mean_mg_s,engineered,XGBoost
24,4ALG8HA,1.616,2.4024579524993896,0.7864579524993895,0.7864579524993895,Qm,Qm_mean_mg_s,engineered,XGBoost
25,6ALG2HA,0.395,1.6569501161575317,1.2619501161575317,1.2619501161575317,Qm,Qm_mean_mg_s,engineered,XGBoost
26,6ALG2HA,0.522,1.7312778234481812,1.2092778234481811,1.2092778234481811,Qm,Qm_mean_mg_s,engineered,XGBoost
27,6ALG2HA,0.612,1.8894022703170776,1.2774022703170775,1.2774022703170775,Qm,Qm_mean_mg_s,engineered,XGBoost
28,6ALG2HA,0.769,1.9981515407562256,1.2291515407562255,1.2291515407562255,Qm,Qm_mean_mg_s,engineered,XGBoost
29,6ALG2HA,1.048,2.1991097927093506,1.1511097927093505,1.1511097927093505,Qm,Qm_mean_mg_s,engineered,XGBoost
30,6ALG4HA,0.506,0.8451082706451416,0.3391082706451416,0.3391082706451416,Qm,Qm_mean_mg_s,engineered,XGBoost
31,6ALG4HA,0.665,1.2914730310440063,0.6264730310440063,0.6264730310440063,Qm,Qm_mean_mg_s,engineered,XGBoost
32,6ALG4HA,0.871,1.3680089712142944,0.49700897121429444,0.49700897121429444,Qm,Qm_mean_mg_s,engineered,XGBoost
33,6ALG4HA,1.084,1.377036452293396,0.2930364522933959,0.2930364522933959,Qm,Qm_mean_mg_s,engineered,XGBoost
34,6ALG4HA,1.076,1.5389199256896973,0.4629199256896972,0.4629199256896972,Qm,Qm_mean_mg_s,engineered,XGBoost
35,6ALG6HA,0.644,2.1969945430755615,1.5529945430755614,1.5529945430755614,Qm,Qm_mean_mg_s,engineered,XGBoost
36,6ALG6HA,0.689,2.211670398712158,1.5226703987121581,1.5226703987121581,Qm,Qm_mean_mg_s,engineered,XGBoost
37,6ALG6HA,0.768,2.2159311771392822,1.4479311771392822,1.4479311771392822,Qm,Qm_mean_mg_s,engineered,XGBoost
38,6ALG6HA,0.918,2.168778657913208,1.2507786579132079,1.2507786579132079,Qm,Qm_mean_mg_s,engineered,XGBoost
39,6ALG6HA,1.027,2.334691286087036,1.3076912860870362,1.3076912860870362,Qm,Qm_mean_mg_s,engineered,XGBoost
0,1ALG8HA,0.735,-8.402336444900861,-9.13733644490086,9.13733644490086,Qm,Qm_mean_mg_s,rheology_enhanced,LinearRegression
1,1ALG8HA,0.851,-9.019721444900854,-9.870721444900855,9.870721444900855,Qm,Qm_mean_mg_s,rheology_enhanced,LinearRegression
2,1ALG8HA,1.074,-9.63710644490087,-10.711106444900869,10.711106444900869,Qm,Qm_mean_mg_s,rheology_enhanced,LinearRegression
3,1ALG8HA,1.375,-10.254491444900857,-11.629491444900857,11.629491444900857,Qm,Qm_mean_mg_s,rheology_enhanced,LinearRegression
4,1ALG8HA,1.834,-10.871876444900865,-12.705876444900865,12.705876444900865,Qm,Qm_mean_mg_s,rheology_enhanced,LinearRegression
5,2ALG8HA,0.293,2.443766489412548,2.1507664894125478,2.1507664894125478,Qm,Qm_mean_mg_s,rheology_enhanced,LinearRegression
6,2ALG8HA,0.507,3.2109118227458784,2.7039118227458783,2.7039118227458783,Qm,Qm_mean_mg_s,rheology_enhanced,LinearRegression
7,2ALG8HA,0.767,3.9780571560792057,3.211057156079206,3.211057156079206,Qm,Qm_mean_mg_s,rheology_enhanced,LinearRegression
8,2ALG8HA,1.144,4.745202489412534,3.6012024894125343,3.6012024894125343,Qm,Qm_mean_mg_s,rheology_enhanced,LinearRegression
9,2ALG8HA,1.438,5.512347822745868,4.074347822745868,4.074347822745868,Qm,Qm_mean_mg_s,rheology_enhanced,LinearRegression
10,4ALG4HA,0.778,10.471278253139577,9.693278253139576,9.693278253139576,Qm,Qm_mean_mg_s,rheology_enhanced,LinearRegression
11,4ALG4HA,1.134,11.939038597967173,10.805038597967172,10.805038597967172,Qm,Qm_mean_mg_s,rheology_enhanced,LinearRegression
12,4ALG4HA,1.797,13.406798942794769,11.609798942794768,11.609798942794768,Qm,Qm_mean_mg_s,rheology_enhanced,LinearRegression
13,4ALG4HA,2.403,14.874559287622358,12.471559287622357,12.471559287622357,Qm,Qm_mean_mg_s,rheology_enhanced,LinearRegression
14,4ALG4HA,2.881,16.342319632449975,13.461319632449975,13.461319632449975,Qm,Qm_mean_mg_s,rheology_enhanced,LinearRegression
15,4ALG6HA,0.658,0.25635286420033454,-0.4016471357996655,0.4016471357996655,Qm,Qm_mean_mg_s,rheology_enhanced,LinearRegression
16,4ALG6HA,0.874,0.6498319946351201,-0.2241680053648799,0.2241680053648799,Qm,Qm_mean_mg_s,rheology_enhanced,LinearRegression
17,4ALG6HA,1.363,1.043311125069905,-0.319688874930095,0.319688874930095,Qm,Qm_mean_mg_s,rheology_enhanced,LinearRegression
18,4ALG6HA,2.547,1.4367902555046952,-1.110209744495305,1.110209744495305,Qm,Qm_mean_mg_s,rheology_enhanced,LinearRegression
19,4ALG6HA,3.336,1.8302693859394696,-1.5057306140605302,1.5057306140605302,Qm,Qm_mean_mg_s,rheology_enhanced,LinearRegression
20,4ALG8HA,0.811,-86.79683960061577,-87.60783960061578,87.60783960061578,Qm,Qm_mean_mg_s,rheology_enhanced,LinearRegression
21,4ALG8HA,0.942,-94.79659344676837,-95.73859344676836,95.73859344676836,Qm,Qm_mean_mg_s,rheology_enhanced,LinearRegression
22,4ALG8HA,1.163,-102.79634729292194,-103.95934729292193,103.95934729292193,Qm,Qm_mean_mg_s,rheology_enhanced,LinearRegression
23,4ALG8HA,1.45,-110.79610113907437,-112.24610113907437,112.24610113907437,Qm,Qm_mean_mg_s,rheology_enhanced,LinearRegression
24,4ALG8HA,1.616,-118.79585498522624,-120.41185498522624,120.41185498522624,Qm,Qm_mean_mg_s,rheology_enhanced,LinearRegression
25,6ALG2HA,0.395,-14.13984396030673,-14.534843960306729,14.534843960306729,Qm,Qm_mean_mg_s,rheology_enhanced,LinearRegression
26,6ALG2HA,0.522,-15.389151855043616,-15.911151855043617,15.911151855043617,Qm,Qm_mean_mg_s,rheology_enhanced,LinearRegression
27,6ALG2HA,0.612,-16.638459749780477,-17.250459749780475,17.250459749780475,Qm,Qm_mean_mg_s,rheology_enhanced,LinearRegression
28,6ALG2HA,0.769,-17.887767644517336,-18.656767644517334,18.656767644517334,Qm,Qm_mean_mg_s,rheology_enhanced,LinearRegression
29,6ALG2HA,1.048,-19.137075539254226,-20.18507553925423,20.18507553925423,Qm,Qm_mean_mg_s,rheology_enhanced,LinearRegression
30,6ALG4HA,0.506,4.4649429680868264,3.958942968086826,3.958942968086826,Qm,Qm_mean_mg_s,rheology_enhanced,LinearRegression
31,6ALG4HA,0.665,4.934814144557449,4.269814144557449,4.269814144557449,Qm,Qm_mean_mg_s,rheology_enhanced,LinearRegression
32,6ALG4HA,0.871,5.404685321028093,4.533685321028093,4.533685321028093,Qm,Qm_mean_mg_s,rheology_enhanced,LinearRegression
33,6ALG4HA,1.084,5.8745564974987206,4.79055649749872,4.79055649749872,Qm,Qm_mean_mg_s,rheology_enhanced,LinearRegression
34,6ALG4HA,1.076,6.344427673969345,5.268427673969345,5.268427673969345,Qm,Qm_mean_mg_s,rheology_enhanced,LinearRegression
35,6ALG6HA,0.644,496.05920006147414,495.41520006147414,495.41520006147414,Qm,Qm_mean_mg_s,rheology_enhanced,LinearRegression
36,6ALG6HA,0.689,513.9504000614761,513.2614000614761,513.2614000614761,Qm,Qm_mean_mg_s,rheology_enhanced,LinearRegression
37,6ALG6HA,0.768,531.8416000614798,531.0736000614797,531.0736000614797,Qm,Qm_mean_mg_s,rheology_enhanced,LinearRegression
38,6ALG6HA,0.918,549.7328000614852,548.8148000614852,548.8148000614852,Qm,Qm_mean_mg_s,rheology_enhanced,LinearRegression
39,6ALG6HA,1.027,567.6240000614879,566.5970000614878,566.5970000614878,Qm,Qm_mean_mg_s,rheology_enhanced,LinearRegression
0,1ALG8HA,0.735,0.6404636392569691,-0.09453636074303085,0.09453636074303085,Qm,Qm_mean_mg_s,rheology_enhanced,SVR_RBF
1,1ALG8HA,0.851,0.6659607769637098,-0.18503922303629017,0.18503922303629017,Qm,Qm_mean_mg_s,rheology_enhanced,SVR_RBF
2,1ALG8HA,1.074,0.7024238659368875,-0.3715761340631125,0.3715761340631125,Qm,Qm_mean_mg_s,rheology_enhanced,SVR_RBF
3,1ALG8HA,1.375,0.7469567579883041,-0.6280432420116959,0.6280432420116959,Qm,Qm_mean_mg_s,rheology_enhanced,SVR_RBF
4,1ALG8HA,1.834,0.7961878166412957,-1.0378121833587044,1.0378121833587044,Qm,Qm_mean_mg_s,rheology_enhanced,SVR_RBF
5,2ALG8HA,0.293,0.7857364938005471,0.4927364938005471,0.4927364938005471,Qm,Qm_mean_mg_s,rheology_enhanced,SVR_RBF
6,2ALG8HA,0.507,1.2702973158279234,0.7632973158279234,0.7632973158279234,Qm,Qm_mean_mg_s,rheology_enhanced,SVR_RBF
7,2ALG8HA,0.767,1.8614354069900148,1.0944354069900148,1.0944354069900148,Qm,Qm_mean_mg_s,rheology_enhanced,SVR_RBF
8,2ALG8HA,1.144,2.456979352114882,1.3129793521148823,1.3129793521148823,Qm,Qm_mean_mg_s,rheology_enhanced,SVR_RBF
9,2ALG8HA,1.438,2.9461554265798267,1.5081554265798267,1.5081554265798267,Qm,Qm_mean_mg_s,rheology_enhanced,SVR_RBF
10,4ALG4HA,0.778,0.49976307443327084,-0.2782369255667292,0.2782369255667292,Qm,Qm_mean_mg_s,rheology_enhanced,SVR_RBF
11,4ALG4HA,1.134,0.5230284181777932,-0.6109715818222067,0.6109715818222067,Qm,Qm_mean_mg_s,rheology_enhanced,SVR_RBF
12,4ALG4HA,1.797,0.5874473602100005,-1.2095526397899994,1.2095526397899994,Qm,Qm_mean_mg_s,rheology_enhanced,SVR_RBF
13,4ALG4HA,2.403,0.6944483809606349,-1.708551619039365,1.708551619039365,Qm,Qm_mean_mg_s,rheology_enhanced,SVR_RBF
14,4ALG4HA,2.881,0.8419188520498235,-2.039081147950176,2.039081147950176,Qm,Qm_mean_mg_s,rheology_enhanced,SVR_RBF
15,4ALG6HA,0.658,0.2615726004751463,-0.39642739952485373,0.39642739952485373,Qm,Qm_mean_mg_s,rheology_enhanced,SVR_RBF
16,4ALG6HA,0.874,0.6143558926425796,-0.2596441073574204,0.2596441073574204,Qm,Qm_mean_mg_s,rheology_enhanced,SVR_RBF
17,4ALG6HA,1.363,0.9494219999001001,-0.41357800009989987,0.41357800009989987,Qm,Qm_mean_mg_s,rheology_enhanced,SVR_RBF
18,4ALG6HA,2.547,1.2259799130096967,-1.3210200869903035,1.3210200869903035,Qm,Qm_mean_mg_s,rheology_enhanced,SVR_RBF
19,4ALG6HA,3.336,1.4225132757993686,-1.9134867242006313,1.9134867242006313,Qm,Qm_mean_mg_s,rheology_enhanced,SVR_RBF
20,4ALG8HA,0.811,0.6376994335686913,-0.17330056643130876,0.17330056643130876,Qm,Qm_mean_mg_s,rheology_enhanced,SVR_RBF
21,4ALG8HA,0.942,0.820640507395774,-0.12135949260422596,0.12135949260422596,Qm,Qm_mean_mg_s,rheology_enhanced,SVR_RBF
22,4ALG8HA,1.163,1.0097931907795716,-0.1532068092204284,0.1532068092204284,Qm,Qm_mean_mg_s,rheology_enhanced,SVR_RBF
23,4ALG8HA,1.45,1.173216328432143,-0.2767836715678569,0.2767836715678569,Qm,Qm_mean_mg_s,rheology_enhanced,SVR_RBF
24,4ALG8HA,1.616,1.2918007199151194,-0.32419928008488075,0.32419928008488075,Qm,Qm_mean_mg_s,rheology_enhanced,SVR_RBF
25,6ALG2HA,0.395,1.2995999675121925,0.9045999675121925,0.9045999675121925,Qm,Qm_mean_mg_s,rheology_enhanced,SVR_RBF
26,6ALG2HA,0.522,1.349683420359101,0.827683420359101,0.827683420359101,Qm,Qm_mean_mg_s,rheology_enhanced,SVR_RBF
27,6ALG2HA,0.612,1.3877151100196816,0.7757151100196816,0.7757151100196816,Qm,Qm_mean_mg_s,rheology_enhanced,SVR_RBF
28,6ALG2HA,0.769,1.4112705041672873,0.6422705041672873,0.6422705041672873,Qm,Qm_mean_mg_s,rheology_enhanced,SVR_RBF
29,6ALG2HA,1.048,1.4202545834023996,0.3722545834023996,0.3722545834023996,Qm,Qm_mean_mg_s,rheology_enhanced,SVR_RBF
30,6ALG4HA,0.506,1.8479869215605602,1.3419869215605602,1.3419869215605602,Qm,Qm_mean_mg_s,rheology_enhanced,SVR_RBF
31,6ALG4HA,0.665,2.171481079629171,1.5064810796291708,1.5064810796291708,Qm,Qm_mean_mg_s,rheology_enhanced,SVR_RBF
32,6ALG4HA,0.871,2.488389926500405,1.617389926500405,1.617389926500405,Qm,Qm_mean_mg_s,rheology_enhanced,SVR_RBF
33,6ALG4HA,1.084,2.78721258907618,1.70321258907618,1.70321258907618,Qm,Qm_mean_mg_s,rheology_enhanced,SVR_RBF
34,6ALG4HA,1.076,3.0571840756052535,1.9811840756052534,1.9811840756052534,Qm,Qm_mean_mg_s,rheology_enhanced,SVR_RBF
35,6ALG6HA,0.644,1.5260285674595142,0.8820285674595142,0.8820285674595142,Qm,Qm_mean_mg_s,rheology_enhanced,SVR_RBF
36,6ALG6HA,0.689,1.566846203916927,0.8778462039169271,0.8778462039169271,Qm,Qm_mean_mg_s,rheology_enhanced,SVR_RBF
37,6ALG6HA,0.768,1.593014259413765,0.825014259413765,0.825014259413765,Qm,Qm_mean_mg_s,rheology_enhanced,SVR_RBF
38,6ALG6HA,0.918,1.6054097483561791,0.6874097483561791,0.6874097483561791,Qm,Qm_mean_mg_s,rheology_enhanced,SVR_RBF
39,6ALG6HA,1.027,1.6057091537079702,0.5787091537079703,0.5787091537079703,Qm,Qm_mean_mg_s,rheology_enhanced,SVR_RBF
0,1ALG8HA,0.735,0.5720422222222221,-0.16295777777777787,0.16295777777777787,Qm,Qm_mean_mg_s,rheology_enhanced,RandomForest
1,1ALG8HA,0.851,0.5709863888888888,-0.2800136111111112,0.2800136111111112,Qm,Qm_mean_mg_s,rheology_enhanced,RandomForest
2,1ALG8HA,1.074,0.6109664563492064,-0.46303354365079363,0.46303354365079363,Qm,Qm_mean_mg_s,rheology_enhanced,RandomForest
3,1ALG8HA,1.375,0.7031298769841272,-0.6718701230158728,0.6718701230158728,Qm,Qm_mean_mg_s,rheology_enhanced,RandomForest
4,1ALG8HA,1.834,0.7878646230158733,-1.0461353769841266,1.0461353769841266,Qm,Qm_mean_mg_s,rheology_enhanced,RandomForest
5,2ALG8HA,0.293,0.9337909404761903,0.6407909404761902,0.6407909404761902,Qm,Qm_mean_mg_s,rheology_enhanced,RandomForest
6,2ALG8HA,0.507,1.0845720515873012,0.5775720515873012,0.5775720515873012,Qm,Qm_mean_mg_s,rheology_enhanced,RandomForest
7,2ALG8HA,0.767,1.240819997354497,0.4738199973544971,0.4738199973544971,Qm,Qm_mean_mg_s,rheology_enhanced,RandomForest
8,2ALG8HA,1.144,1.2928519695767198,0.14885196957671987,0.14885196957671987,Qm,Qm_mean_mg_s,rheology_enhanced,RandomForest
9,2ALG8HA,1.438,1.3179766441798946,-0.12002335582010537,0.12002335582010537,Qm,Qm_mean_mg_s,rheology_enhanced,RandomForest
10,4ALG4HA,0.778,0.5412196666666664,-0.2367803333333336,0.2367803333333336,Qm,Qm_mean_mg_s,rheology_enhanced,RandomForest
11,4ALG4HA,1.134,0.5451320714285711,-0.5888679285714288,0.5888679285714288,Qm,Qm_mean_mg_s,rheology_enhanced,RandomForest
12,4ALG4HA,1.797,0.5954679126984126,-1.2015320873015873,1.2015320873015873,Qm,Qm_mean_mg_s,rheology_enhanced,RandomForest
13,4ALG4HA,2.403,0.7588163237133242,-1.644183676286676,1.644183676286676,Qm,Qm_mean_mg_s,rheology_enhanced,RandomForest
14,4ALG4HA,2.881,1.17763587000962,-1.70336412999038,1.70336412999038,Qm,Qm_mean_mg_s,rheology_enhanced,RandomForest
15,4ALG6HA,0.658,0.7866833280423277,0.12868332804232763,0.12868332804232763,Qm,Qm_mean_mg_s,rheology_enhanced,RandomForest
16,4ALG6HA,0.874,0.7664942089947091,-0.1075057910052909,0.1075057910052909,Qm,Qm_mean_mg_s,rheology_enhanced,RandomForest
17,4ALG6HA,1.363,1.010263079365079,-0.3527369206349209,0.3527369206349209,Qm,Qm_mean_mg_s,rheology_enhanced,RandomForest
18,4ALG6HA,2.547,1.1313521785714271,-1.415647821428573,1.415647821428573,Qm,Qm_mean_mg_s,rheology_enhanced,RandomForest
19,4ALG6HA,3.336,1.1811940158730154,-2.1548059841269844,2.1548059841269844,Qm,Qm_mean_mg_s,rheology_enhanced,RandomForest
20,4ALG8HA,0.811,1.307712154761904,0.4967121547619039,0.4967121547619039,Qm,Qm_mean_mg_s,rheology_enhanced,RandomForest
21,4ALG8HA,0.942,1.435185913059161,0.49318591305916115,0.49318591305916115,Qm,Qm_mean_mg_s,rheology_enhanced,RandomForest
22,4ALG8HA,1.163,1.547497079725829,0.3844970797258289,0.3844970797258289,Qm,Qm_mean_mg_s,rheology_enhanced,RandomForest
23,4ALG8HA,1.45,1.8970363297258295,0.4470363297258295,0.4470363297258295,Qm,Qm_mean_mg_s,rheology_enhanced,RandomForest
24,4ALG8HA,1.616,1.9777486075036075,0.3617486075036074,0.3617486075036074,Qm,Qm_mean_mg_s,rheology_enhanced,RandomForest
25,6ALG2HA,0.395,2.020995798941799,1.625995798941799,1.625995798941799,Qm,Qm_mean_mg_s,rheology_enhanced,RandomForest
26,6ALG2HA,0.522,2.0273780211640213,1.5053780211640213,1.5053780211640213,Qm,Qm_mean_mg_s,rheology_enhanced,RandomForest
27,6ALG2HA,0.612,2.0919594576719582,1.4799594576719581,1.4799594576719581,Qm,Qm_mean_mg_s,rheology_enhanced,RandomForest
28,6ALG2HA,0.769,2.2819902671957695,1.5129902671957693,1.5129902671957693,Qm,Qm_mean_mg_s,rheology_enhanced,RandomForest
29,6ALG2HA,1.048,2.3919762169312198,1.3439762169312197,1.3439762169312197,Qm,Qm_mean_mg_s,rheology_enhanced,RandomForest
30,6ALG4HA,0.506,1.9948578637566141,1.488857863756614,1.488857863756614,Qm,Qm_mean_mg_s,rheology_enhanced,RandomForest
31,6ALG4HA,0.665,2.1525467883597886,1.4875467883597886,1.4875467883597886,Qm,Qm_mean_mg_s,rheology_enhanced,RandomForest
32,6ALG4HA,0.871,2.2224093201058195,1.3514093201058195,1.3514093201058195,Qm,Qm_mean_mg_s,rheology_enhanced,RandomForest
33,6ALG4HA,1.084,2.2376127089947078,1.1536127089947077,1.1536127089947077,Qm,Qm_mean_mg_s,rheology_enhanced,RandomForest
34,6ALG4HA,1.076,2.2968532923280414,1.2208532923280413,1.2208532923280413,Qm,Qm_mean_mg_s,rheology_enhanced,RandomForest
35,6ALG6HA,0.644,1.9595017328042328,1.3155017328042327,1.3155017328042327,Qm,Qm_mean_mg_s,rheology_enhanced,RandomForest
36,6ALG6HA,0.689,1.9473995423280421,1.2583995423280423,1.2583995423280423,Qm,Qm_mean_mg_s,rheology_enhanced,RandomForest
37,6ALG6HA,0.768,1.9511889867724865,1.1831889867724865,1.1831889867724865,Qm,Qm_mean_mg_s,rheology_enhanced,RandomForest
38,6ALG6HA,0.918,1.9489739867724867,1.0309739867724868,1.0309739867724868,Qm,Qm_mean_mg_s,rheology_enhanced,RandomForest
39,6ALG6HA,1.027,1.9503066534391533,0.9233066534391534,0.9233066534391534,Qm,Qm_mean_mg_s,rheology_enhanced,RandomForest
0,1ALG8HA,0.735,0.6127964993570886,-0.12220350064291141,0.12220350064291141,Qm,Qm_mean_mg_s,rheology_enhanced,GradientBoosting
1,1ALG8HA,0.851,0.619189823481378,-0.231810176518622,0.231810176518622,Qm,Qm_mean_mg_s,rheology_enhanced,GradientBoosting
2,1ALG8HA,1.074,0.7326876613305944,-0.3413123386694057,0.3413123386694057,Qm,Qm_mean_mg_s,rheology_enhanced,GradientBoosting
3,1ALG8HA,1.375,0.892815150437271,-0.482184849562729,0.482184849562729,Qm,Qm_mean_mg_s,rheology_enhanced,GradientBoosting
4,1ALG8HA,1.834,0.9912360692174752,-0.8427639307825249,0.8427639307825249,Qm,Qm_mean_mg_s,rheology_enhanced,GradientBoosting
5,2ALG8HA,0.293,0.8181895910756047,0.5251895910756048,0.5251895910756048,Qm,Qm_mean_mg_s,rheology_enhanced,GradientBoosting
6,2ALG8HA,0.507,1.145620552477308,0.638620552477308,0.638620552477308,Qm,Qm_mean_mg_s,rheology_enhanced,GradientBoosting
7,2ALG8HA,0.767,1.680593923123187,0.913593923123187,0.913593923123187,Qm,Qm_mean_mg_s,rheology_enhanced,GradientBoosting
8,2ALG8HA,1.144,1.6775760152752157,0.5335760152752158,0.5335760152752158,Qm,Qm_mean_mg_s,rheology_enhanced,GradientBoosting
9,2ALG8HA,1.438,1.7878454320764943,0.3498454320764943,0.3498454320764943,Qm,Qm_mean_mg_s,rheology_enhanced,GradientBoosting
10,4ALG4HA,0.778,0.4784018833977438,-0.2995981166022562,0.2995981166022562,Qm,Qm_mean_mg_s,rheology_enhanced,GradientBoosting
11,4ALG4HA,1.134,0.522726816372601,-0.6112731836273989,0.6112731836273989,Qm,Qm_mean_mg_s,rheology_enhanced,GradientBoosting
12,4ALG4HA,1.797,0.5892112641345231,-1.2077887358654769,1.2077887358654769,Qm,Qm_mean_mg_s,rheology_enhanced,GradientBoosting
13,4ALG4HA,2.403,0.6967139315525547,-1.7062860684474455,1.7062860684474455,Qm,Qm_mean_mg_s,rheology_enhanced,GradientBoosting
14,4ALG4HA,2.881,0.9739894791021039,-1.907010520897896,1.907010520897896,Qm,Qm_mean_mg_s,rheology_enhanced,GradientBoosting
15,4ALG6HA,0.658,0.4897985846882309,-0.16820141531176913,0.16820141531176913,Qm,Qm_mean_mg_s,rheology_enhanced,GradientBoosting
16,4ALG6HA,0.874,0.6213349909278845,-0.25266500907211553,0.25266500907211553,Qm,Qm_mean_mg_s,rheology_enhanced,GradientBoosting
17,4ALG6HA,1.363,0.9749486789972105,-0.3880513210027895,0.3880513210027895,Qm,Qm_mean_mg_s,rheology_enhanced,GradientBoosting
18,4ALG6HA,2.547,1.2148558488014605,-1.3321441511985397,1.3321441511985397,Qm,Qm_mean_mg_s,rheology_enhanced,GradientBoosting
19,4ALG6HA,3.336,1.2148558488014605,-2.121144151198539,2.121144151198539,Qm,Qm_mean_mg_s,rheology_enhanced,GradientBoosting
20,4ALG8HA,0.811,1.6313830316752511,0.8203830316752511,0.8203830316752511,Qm,Qm_mean_mg_s,rheology_enhanced,GradientBoosting
21,4ALG8HA,0.942,2.0581775147073813,1.1161775147073814,1.1161775147073814,Qm,Qm_mean_mg_s,rheology_enhanced,GradientBoosting
22,4ALG8HA,1.163,2.299468391400546,1.1364683914005458,1.1364683914005458,Qm,Qm_mean_mg_s,rheology_enhanced,GradientBoosting
23,4ALG8HA,1.45,2.612108529146918,1.162108529146918,1.162108529146918,Qm,Qm_mean_mg_s,rheology_enhanced,GradientBoosting
24,4ALG8HA,1.616,2.665368445899682,1.049368445899682,1.049368445899682,Qm,Qm_mean_mg_s,rheology_enhanced,GradientBoosting
25,6ALG2HA,0.395,2.2377606689645697,1.8427606689645697,1.8427606689645697,Qm,Qm_mean_mg_s,rheology_enhanced,GradientBoosting
26,6ALG2HA,0.522,2.3445077658091584,1.8225077658091584,1.8225077658091584,Qm,Qm_mean_mg_s,rheology_enhanced,GradientBoosting
27,6ALG2HA,0.612,2.3445778494578864,1.7325778494578863,1.7325778494578863,Qm,Qm_mean_mg_s,rheology_enhanced,GradientBoosting
28,6ALG2HA,0.769,2.5367256032795353,1.7677256032795352,1.7677256032795352,Qm,Qm_mean_mg_s,rheology_enhanced,GradientBoosting
29,6ALG2HA,1.048,2.6423081237138923,1.5943081237138923,1.5943081237138923,Qm,Qm_mean_mg_s,rheology_enhanced,GradientBoosting
30,6ALG4HA,0.506,2.2753080913489208,1.7693080913489208,1.7693080913489208,Qm,Qm_mean_mg_s,rheology_enhanced,GradientBoosting
31,6ALG4HA,0.665,2.488268366490643,1.8232683664906428,1.8232683664906428,Qm,Qm_mean_mg_s,rheology_enhanced,GradientBoosting
32,6ALG4HA,0.871,2.805118756310434,1.934118756310434,1.934118756310434,Qm,Qm_mean_mg_s,rheology_enhanced,GradientBoosting
33,6ALG4HA,1.084,2.815413498960732,1.7314134989607317,1.7314134989607317,Qm,Qm_mean_mg_s,rheology_enhanced,GradientBoosting
34,6ALG4HA,1.076,2.8610012235685423,1.7850012235685422,1.7850012235685422,Qm,Qm_mean_mg_s,rheology_enhanced,GradientBoosting
35,6ALG6HA,0.644,2.473367281451651,1.8293672814516508,1.8293672814516508,Qm,Qm_mean_mg_s,rheology_enhanced,GradientBoosting
36,6ALG6HA,0.689,2.477472370996891,1.788472370996891,1.788472370996891,Qm,Qm_mean_mg_s,rheology_enhanced,GradientBoosting
37,6ALG6HA,0.768,2.4811501586634583,1.7131501586634583,1.7131501586634583,Qm,Qm_mean_mg_s,rheology_enhanced,GradientBoosting
38,6ALG6HA,0.918,2.4599989651764416,1.5419989651764414,1.5419989651764414,Qm,Qm_mean_mg_s,rheology_enhanced,GradientBoosting
39,6ALG6HA,1.027,2.4599989651764416,1.4329989651764417,1.4329989651764417,Qm,Qm_mean_mg_s,rheology_enhanced,GradientBoosting
0,1ALG8HA,0.735,0.6132671236991882,-0.12173287630081175,0.12173287630081175,Qm,Qm_mean_mg_s,rheology_enhanced,XGBoost
1,1ALG8HA,0.851,0.5814980268478394,-0.2695019731521606,0.2695019731521606,Qm,Qm_mean_mg_s,rheology_enhanced,XGBoost
2,1ALG8HA,1.074,0.6696012616157532,-0.4043987383842469,0.4043987383842469,Qm,Qm_mean_mg_s,rheology_enhanced,XGBoost
3,1ALG8HA,1.375,0.8198947906494141,-0.5551052093505859,0.5551052093505859,Qm,Qm_mean_mg_s,rheology_enhanced,XGBoost
4,1ALG8HA,1.834,0.953765869140625,-0.8802341308593751,0.8802341308593751,Qm,Qm_mean_mg_s,rheology_enhanced,XGBoost
5,2ALG8HA,0.293,0.7459280490875244,0.45292804908752443,0.45292804908752443,Qm,Qm_mean_mg_s,rheology_enhanced,XGBoost
6,2ALG8HA,0.507,1.0865345001220703,0.5795345001220703,0.5795345001220703,Qm,Qm_mean_mg_s,rheology_enhanced,XGBoost
7,2ALG8HA,0.767,1.5266084671020508,0.7596084671020508,0.7596084671020508,Qm,Qm_mean_mg_s,rheology_enhanced,XGBoost
8,2ALG8HA,1.144,1.5409928560256958,0.3969928560256959,0.3969928560256959,Qm,Qm_mean_mg_s,rheology_enhanced,XGBoost
9,2ALG8HA,1.438,1.5893713235855103,0.1513713235855103,0.1513713235855103,Qm,Qm_mean_mg_s,rheology_enhanced,XGBoost
10,4ALG4HA,0.778,0.5519997477531433,-0.22600025224685671,0.22600025224685671,Qm,Qm_mean_mg_s,rheology_enhanced,XGBoost
11,4ALG4HA,1.134,0.5505104064941406,-0.5834895935058593,0.5834895935058593,Qm,Qm_mean_mg_s,rheology_enhanced,XGBoost
12,4ALG4HA,1.797,0.7075846195220947,-1.0894153804779052,1.0894153804779052,Qm,Qm_mean_mg_s,rheology_enhanced,XGBoost
13,4ALG4HA,2.403,0.9047130942344666,-1.4982869057655335,1.4982869057655335,Qm,Qm_mean_mg_s,rheology_enhanced,XGBoost
14,4ALG4HA,2.881,1.2335032224655151,-1.6474967775344846,1.6474967775344846,Qm,Qm_mean_mg_s,rheology_enhanced,XGBoost
15,4ALG6HA,0.658,0.4791758060455322,-0.1788241939544678,0.1788241939544678,Qm,Qm_mean_mg_s,rheology_enhanced,XGBoost
16,4ALG6HA,0.874,0.5013622045516968,-0.3726377954483032,0.3726377954483032,Qm,Qm_mean_mg_s,rheology_enhanced,XGBoost
17,4ALG6HA,1.363,0.7989582419395447,-0.5640417580604553,0.5640417580604553,Qm,Qm_mean_mg_s,rheology_enhanced,XGBoost
18,4ALG6HA,2.547,1.1235259771347046,-1.4234740228652956,1.4234740228652956,Qm,Qm_mean_mg_s,rheology_enhanced,XGBoost
19,4ALG6HA,3.336,1.1296073198318481,-2.2063926801681517,2.2063926801681517,Qm,Qm_mean_mg_s,rheology_enhanced,XGBoost
20,4ALG8HA,0.811,1.351017951965332,0.540017951965332,0.540017951965332,Qm,Qm_mean_mg_s,rheology_enhanced,XGBoost
21,4ALG8HA,0.942,1.663092851638794,0.721092851638794,0.721092851638794,Qm,Qm_mean_mg_s,rheology_enhanced,XGBoost
22,4ALG8HA,1.163,2.25221586227417,1.0892158622741699,1.0892158622741699,Qm,Qm_mean_mg_s,rheology_enhanced,XGBoost
23,4ALG8HA,1.45,2.371025323867798,0.9210253238677979,0.9210253238677979,Qm,Qm_mean_mg_s,rheology_enhanced,XGBoost
24,4ALG8HA,1.616,2.5428860187530518,0.9268860187530517,0.9268860187530517,Qm,Qm_mean_mg_s,rheology_enhanced,XGBoost
25,6ALG2HA,0.395,2.0553975105285645,1.6603975105285644,1.6603975105285644,Qm,Qm_mean_mg_s,rheology_enhanced,XGBoost
26,6ALG2HA,0.522,2.065074920654297,1.5430749206542969,1.5430749206542969,Qm,Qm_mean_mg_s,rheology_enhanced,XGBoost
27,6ALG2HA,0.612,2.1468212604522705,1.5348212604522704,1.5348212604522704,Qm,Qm_mean_mg_s,rheology_enhanced,XGBoost
28,6ALG2HA,0.769,2.4286699295043945,1.6596699295043944,1.6596699295043944,Qm,Qm_mean_mg_s,rheology_enhanced,XGBoost
29,6ALG2HA,1.048,2.5822441577911377,1.5342441577911377,1.5342441577911377,Qm,Qm_mean_mg_s,rheology_enhanced,XGBoost
30,6ALG4HA,0.506,1.8209396600723267,1.3149396600723267,1.3149396600723267,Qm,Qm_mean_mg_s,rheology_enhanced,XGBoost
31,6ALG4HA,0.665,2.16721248626709,1.5022124862670898,1.5022124862670898,Qm,Qm_mean_mg_s,rheology_enhanced,XGBoost
32,6ALG4HA,0.871,2.409787654876709,1.538787654876709,1.538787654876709,Qm,Qm_mean_mg_s,rheology_enhanced,XGBoost
33,6ALG4HA,1.084,2.4332871437072754,1.3492871437072753,1.3492871437072753,Qm,Qm_mean_mg_s,rheology_enhanced,XGBoost
34,6ALG4HA,1.076,2.584071159362793,1.508071159362793,1.508071159362793,Qm,Qm_mean_mg_s,rheology_enhanced,XGBoost
35,6ALG6HA,0.644,2.0514020919799805,1.4074020919799803,1.4074020919799803,Qm,Qm_mean_mg_s,rheology_enhanced,XGBoost
36,6ALG6HA,0.689,2.049589157104492,1.3605891571044921,1.3605891571044921,Qm,Qm_mean_mg_s,rheology_enhanced,XGBoost
37,6ALG6HA,0.768,2.049589157104492,1.2815891571044922,1.2815891571044922,Qm,Qm_mean_mg_s,rheology_enhanced,XGBoost
38,6ALG6HA,0.918,2.049589157104492,1.131589157104492,1.131589157104492,Qm,Qm_mean_mg_s,rheology_enhanced,XGBoost
39,6ALG6HA,1.027,2.1072990894317627,1.0802990894317628,1.0802990894317628,Qm,Qm_mean_mg_s,rheology_enhanced,XGBoost
0,1ALG8HA,2.29017,1.4957542988752797,-0.7944157011247202,0.7944157011247202,AF,AF_mean,core,LinearRegression
1,1ALG8HA,1.7596,1.4902441720565174,-0.2693558279434827,0.2693558279434827,AF,AF_mean,core,LinearRegression
2,1ALG8HA,1.80526,1.4847340452377549,-0.3205259547622452,0.3205259547622452,AF,AF_mean,core,LinearRegression
3,1ALG8HA,1.29597,1.4902441720565174,0.1942741720565173,0.1942741720565173,AF,AF_mean,core,LinearRegression
4,1ALG8HA,1.75407,1.4792239184189926,-0.27484608158100743,0.27484608158100743,AF,AF_mean,core,LinearRegression
5,1ALG8HA,1.28243,1.4847340452377549,0.20230404523775491,0.20230404523775491,AF,AF_mean,core,LinearRegression
6,1ALG8HA,1.30412,1.4792239184189926,0.17510391841899264,0.17510391841899264,AF,AF_mean,core,LinearRegression
7,1ALG8HA,1.38795,1.4737137916002303,0.08576379160023029,0.08576379160023029,AF,AF_mean,core,LinearRegression
8,1ALG8HA,1.05256,1.4902441720565174,0.43768417205651744,0.43768417205651744,AF,AF_mean,core,LinearRegression
9,1ALG8HA,1.17187,1.4847340452377549,0.3128640452377549,0.3128640452377549,AF,AF_mean,core,LinearRegression
10,1ALG8HA,1.17573,1.4792239184189926,0.30349391841899265,0.30349391841899265,AF,AF_mean,core,LinearRegression
11,1ALG8HA,1.28156,1.4737137916002303,0.19215379160023027,0.19215379160023027,AF,AF_mean,core,LinearRegression
12,2ALG8HA,2.04975,1.4695488783205435,-0.5802011216794565,0.5802011216794565,AF,AF_mean,core,LinearRegression
13,2ALG8HA,1.87831,1.4668783900104767,-0.4114316099895232,0.4114316099895232,AF,AF_mean,core,LinearRegression
14,2ALG8HA,1.74885,1.4642079017004097,-0.2846420982995903,0.2846420982995903,AF,AF_mean,core,LinearRegression
15,2ALG8HA,1.4926,1.4668783900104767,-0.02572160998952322,0.02572160998952322,AF,AF_mean,core,LinearRegression
16,2ALG8HA,1.39505,1.4642079017004097,0.06915790170040981,0.06915790170040981,AF,AF_mean,core,LinearRegression
17,2ALG8HA,1.44103,1.4615374133903427,0.020507413390342677,0.020507413390342677,AF,AF_mean,core,LinearRegression
18,2ALG8HA,1.42223,1.458866925080276,0.03663692508027583,0.03663692508027583,AF,AF_mean,core,LinearRegression
19,2ALG8HA,1.2125,1.4695488783205435,0.2570488783205436,0.2570488783205436,AF,AF_mean,core,LinearRegression
20,2ALG8HA,1.19111,1.4668783900104767,0.2757683900104768,0.2757683900104768,AF,AF_mean,core,LinearRegression
21,2ALG8HA,1.16533,1.4642079017004097,0.29887790170040973,0.29887790170040973,AF,AF_mean,core,LinearRegression
22,2ALG8HA,1.16534,1.4615374133903427,0.29619741339034267,0.29619741339034267,AF,AF_mean,core,LinearRegression
23,2ALG8HA,1.20579,1.458866925080276,0.253076925080276,0.253076925080276,AF,AF_mean,core,LinearRegression
24,4ALG4HA,1.80422,1.5202911108459096,-0.2839288891540903,0.2839288891540903,AF,AF_mean,core,LinearRegression
25,4ALG4HA,2.44505,1.5133753715860707,-0.9316746284139295,0.9316746284139295,AF,AF_mean,core,LinearRegression
26,4ALG4HA,2.14773,1.499543893066393,-0.6481861069336072,0.6481861069336072,AF,AF_mean,core,LinearRegression
27,4ALG4HA,1.55854,1.5133753715860707,-0.04516462841392932,0.04516462841392932,AF,AF_mean,core,LinearRegression
28,4ALG4HA,1.38725,1.5064596323262318,0.11920963232623172,0.11920963232623172,AF,AF_mean,core,LinearRegression
29,4ALG4HA,1.36564,1.499543893066393,0.13390389306639294,0.13390389306639294,AF,AF_mean,core,LinearRegression
30,4ALG4HA,1.52016,1.492628153806554,-0.027531846193445952,0.027531846193445952,AF,AF_mean,core,LinearRegression
31,4ALG4HA,1.21458,1.5202911108459096,0.30571111084590963,0.30571111084590963,AF,AF_mean,core,LinearRegression
32,4ALG4HA,1.18475,1.5133753715860707,0.32862537158607075,0.32862537158607075,AF,AF_mean,core,LinearRegression
33,4ALG4HA,1.00068,1.5064596323262318,0.5057796323262318,0.5057796323262318,AF,AF_mean,core,LinearRegression
34,4ALG4HA,1.15143,1.499543893066393,0.34811389306639295,0.34811389306639295,AF,AF_mean,core,LinearRegression
35,4ALG4HA,1.18045,1.492628153806554,0.312178153806554,0.312178153806554,AF,AF_mean,core,LinearRegression
36,4ALG6HA,1.97211,1.5028941795433515,-0.46921582045664856,0.46921582045664856,AF,AF_mean,core,LinearRegression
37,4ALG6HA,2.18925,1.489023744795743,-0.7002262552042569,0.7002262552042569,AF,AF_mean,core,LinearRegression
38,4ALG6HA,1.94988,1.4751533100481349,-0.4747266899518652,0.4747266899518652,AF,AF_mean,core,LinearRegression
39,4ALG6HA,1.45212,1.5167646142909597,0.06464461429095958,0.06464461429095958,AF,AF_mean,core,LinearRegression
40,4ALG6HA,1.42363,1.5028941795433515,0.07926417954335152,0.07926417954335152,AF,AF_mean,core,LinearRegression
41,4ALG6HA,1.35048,1.4751533100481349,0.12467331004813498,0.12467331004813498,AF,AF_mean,core,LinearRegression
42,4ALG6HA,1.23805,1.4612828753005267,0.2232328753005266,0.2232328753005266,AF,AF_mean,core,LinearRegression
43,4ALG6HA,1.18126,1.5028941795433515,0.3216341795433515,0.3216341795433515,AF,AF_mean,core,LinearRegression
44,4ALG6HA,1.20002,1.489023744795743,0.289003744795743,0.289003744795743,AF,AF_mean,core,LinearRegression
45,4ALG6HA,1.15453,1.4751533100481349,0.3206233100481348,0.3206233100481348,AF,AF_mean,core,LinearRegression
46,4ALG8HA,1.60113,1.4791587391002479,-0.12197126089975208,0.12197126089975208,AF,AF_mean,core,LinearRegression
47,4ALG8HA,1.95358,1.4496269913237387,-0.5039530086762614,0.5039530086762614,AF,AF_mean,core,LinearRegression
48,4ALG8HA,1.82522,1.4200952435472298,-0.40512475645277024,0.40512475645277024,AF,AF_mean,core,LinearRegression
49,4ALG8HA,1.92546,1.3905634957707207,-0.5348965042292793,0.5348965042292793,AF,AF_mean,core,LinearRegression
50,4ALG8HA,1.36288,1.4791587391002479,0.11627873910024777,0.11627873910024777,AF,AF_mean,core,LinearRegression
51,4ALG8HA,1.34172,1.4496269913237387,0.10790699132373871,0.10790699132373871,AF,AF_mean,core,LinearRegression
52,4ALG8HA,1.42105,1.3905634957707207,-0.030486504229279232,0.030486504229279232,AF,AF_mean,core,LinearRegression
53,4ALG8HA,1.22687,1.5086904868767568,0.28182048687675687,0.28182048687675687,AF,AF_mean,core,LinearRegression
54,4ALG8HA,1.18756,1.4496269913237387,0.2620669913237388,0.2620669913237388,AF,AF_mean,core,LinearRegression
55,4ALG8HA,1.18237,1.4200952435472298,0.2377252435472299,0.2377252435472299,AF,AF_mean,core,LinearRegression
56,4ALG8HA,1.19584,1.3905634957707207,0.19472349577072068,0.19472349577072068,AF,AF_mean,core,LinearRegression
57,6ALG2HA,1.80075,1.4921804739199604,-0.3085695260800396,0.3085695260800396,AF,AF_mean,core,LinearRegression
58,6ALG2HA,1.93806,1.4816421062694354,-0.4564178937305645,0.4564178937305645,AF,AF_mean,core,LinearRegression
59,6ALG2HA,2.0106,1.47110373861891,-0.5394962613810901,0.5394962613810901,AF,AF_mean,core,LinearRegression
60,6ALG2HA,2.31133,1.460565370968385,-0.8507646290316149,0.8507646290316149,AF,AF_mean,core,LinearRegression
61,6ALG2HA,1.5134,1.4921804739199604,-0.02121952608003963,0.02121952608003963,AF,AF_mean,core,LinearRegression
62,6ALG2HA,1.53985,1.4816421062694354,-0.058207893730564564,0.058207893730564564,AF,AF_mean,core,LinearRegression
63,6ALG2HA,1.49433,1.47110373861891,-0.023226261381089852,0.023226261381089852,AF,AF_mean,core,LinearRegression
64,6ALG2HA,1.4624,1.460565370968385,-0.0018346290316149094,0.0018346290316149094,AF,AF_mean,core,LinearRegression
65,6ALG2HA,1.62994,1.4500270033178597,-0.17991299668214022,0.17991299668214022,AF,AF_mean,core,LinearRegression
66,6ALG2HA,1.09488,1.4921804739199604,0.3973004739199604,0.3973004739199604,AF,AF_mean,core,LinearRegression
67,6ALG2HA,1.21931,1.4816421062694354,0.2623321062694355,0.2623321062694355,AF,AF_mean,core,LinearRegression
68,6ALG2HA,1.22121,1.460565370968385,0.2393553709683851,0.2393553709683851,AF,AF_mean,core,LinearRegression
69,6ALG2HA,1.27114,1.4500270033178597,0.17888700331785978,0.17888700331785978,AF,AF_mean,core,LinearRegression
70,6ALG4HA,2.36855,1.546412343958931,-0.8221376560410689,0.8221376560410689,AF,AF_mean,core,LinearRegression
71,6ALG4HA,1.56292,1.5315040244328457,-0.031415975567154364,0.031415975567154364,AF,AF_mean,core,LinearRegression
72,6ALG4HA,1.7423,1.5165957049067604,-0.22570429509323953,0.22570429509323953,AF,AF_mean,core,LinearRegression
73,6ALG4HA,1.41795,1.5613206634850163,0.14337066348501626,0.14337066348501626,AF,AF_mean,core,LinearRegression
74,6ALG4HA,1.31523,1.546412343958931,0.2311823439589311,0.2311823439589311,AF,AF_mean,core,LinearRegression
75,6ALG4HA,1.32876,1.5315040244328457,0.20274402443284578,0.20274402443284578,AF,AF_mean,core,LinearRegression
76,6ALG4HA,1.46489,1.5165957049067604,0.05170570490676041,0.05170570490676041,AF,AF_mean,core,LinearRegression
77,6ALG4HA,1.17845,1.5762289830111016,0.3977789830111016,0.3977789830111016,AF,AF_mean,core,LinearRegression
78,6ALG4HA,1.14397,1.5613206634850163,0.41735066348501637,0.41735066348501637,AF,AF_mean,core,LinearRegression
79,6ALG4HA,1.19772,1.546412343958931,0.3486923439589311,0.3486923439589311,AF,AF_mean,core,LinearRegression
80,6ALG4HA,1.16671,1.5315040244328457,0.3647940244328458,0.3647940244328458,AF,AF_mean,core,LinearRegression
81,6ALG4HA,1.11558,1.5165957049067604,0.4010157049067604,0.4010157049067604,AF,AF_mean,core,LinearRegression
82,6ALG6HA,1.50363,1.4455146477718532,-0.05811535222814679,0.05811535222814679,AF,AF_mean,core,LinearRegression
83,6ALG6HA,1.81434,1.414718516016548,-0.399621483983452,0.399621483983452,AF,AF_mean,core,LinearRegression
84,6ALG6HA,1.78987,1.3993204501388954,-0.3905495498611047,0.3905495498611047,AF,AF_mean,core,LinearRegression
85,6ALG6HA,1.70334,1.383922384261243,-0.31941761573875715,0.31941761573875715,AF,AF_mean,core,LinearRegression
86,6ALG6HA,1.27302,1.4455146477718532,0.1724946477718532,0.1724946477718532,AF,AF_mean,core,LinearRegression
87,6ALG6HA,1.4647,1.4301165818942008,-0.034583418105799124,0.034583418105799124,AF,AF_mean,core,LinearRegression
88,6ALG6HA,1.62833,1.414718516016548,-0.21361148398345198,0.21361148398345198,AF,AF_mean,core,LinearRegression
89,6ALG6HA,1.49292,1.3993204501388954,-0.09359954986110464,0.09359954986110464,AF,AF_mean,core,LinearRegression
90,6ALG6HA,1.54228,1.383922384261243,-0.15835761573875717,0.15835761573875717,AF,AF_mean,core,LinearRegression
91,6ALG6HA,1.20107,1.4455146477718532,0.24444464777185315,0.24444464777185315,AF,AF_mean,core,LinearRegression
92,6ALG6HA,1.21688,1.4301165818942008,0.2132365818942008,0.2132365818942008,AF,AF_mean,core,LinearRegression
93,6ALG6HA,1.30275,1.414718516016548,0.111968516016548,0.111968516016548,AF,AF_mean,core,LinearRegression
94,6ALG6HA,1.35987,1.3993204501388954,0.039450450138895476,0.039450450138895476,AF,AF_mean,core,LinearRegression
95,6ALG6HA,1.16353,1.383922384261243,0.22039238426124297,0.22039238426124297,AF,AF_mean,core,LinearRegression
0,1ALG8HA,2.29017,1.5538177404880193,-0.7363522595119805,0.7363522595119805,AF,AF_mean,core,SVR_RBF
1,1ALG8HA,1.7596,1.5455206337771117,-0.21407936622288837,0.21407936622288837,AF,AF_mean,core,SVR_RBF
2,1ALG8HA,1.80526,1.534530132223792,-0.270729867776208,0.270729867776208,AF,AF_mean,core,SVR_RBF
3,1ALG8HA,1.29597,1.5455206337771117,0.24955063377711162,0.24955063377711162,AF,AF_mean,core,SVR_RBF
4,1ALG8HA,1.75407,1.521010514768327,-0.23305948523167297,0.23305948523167297,AF,AF_mean,core,SVR_RBF
5,1ALG8HA,1.28243,1.534530132223792,0.25210013222379213,0.25210013222379213,AF,AF_mean,core,SVR_RBF
6,1ALG8HA,1.30412,1.521010514768327,0.2168905147683271,0.2168905147683271,AF,AF_mean,core,SVR_RBF
7,1ALG8HA,1.38795,1.5052642770522202,0.1173142770522202,0.1173142770522202,AF,AF_mean,core,SVR_RBF
8,1ALG8HA,1.05256,1.5455206337771117,0.49296063377711175,0.49296063377711175,AF,AF_mean,core,SVR_RBF
9,1ALG8HA,1.17187,1.534530132223792,0.3626601322237921,0.3626601322237921,AF,AF_mean,core,SVR_RBF
10,1ALG8HA,1.17573,1.521010514768327,0.3452805147683271,0.3452805147683271,AF,AF_mean,core,SVR_RBF
11,1ALG8HA,1.28156,1.5052642770522202,0.22370427705222018,0.22370427705222018,AF,AF_mean,core,SVR_RBF
12,2ALG8HA,2.04975,1.359183008170454,-0.6905669918295461,0.6905669918295461,AF,AF_mean,core,SVR_RBF
13,2ALG8HA,1.87831,1.4029284610173458,-0.4753815389826541,0.4753815389826541,AF,AF_mean,core,SVR_RBF
14,2ALG8HA,1.74885,1.472566335197014,-0.27628366480298605,0.27628366480298605,AF,AF_mean,core,SVR_RBF
15,2ALG8HA,1.4926,1.4029284610173458,-0.08967153898265412,0.08967153898265412,AF,AF_mean,core,SVR_RBF
16,2ALG8HA,1.39505,1.472566335197014,0.07751633519701406,0.07751633519701406,AF,AF_mean,core,SVR_RBF
17,2ALG8HA,1.44103,1.5503622585765489,0.10933225857654882,0.10933225857654882,AF,AF_mean,core,SVR_RBF
18,2ALG8HA,1.42223,1.6182552856445134,0.19602528564451327,0.19602528564451327,AF,AF_mean,core,SVR_RBF
19,2ALG8HA,1.2125,1.359183008170454,0.146683008170454,0.146683008170454,AF,AF_mean,core,SVR_RBF
20,2ALG8HA,1.19111,1.4029284610173458,0.21181846101734592,0.21181846101734592,AF,AF_mean,core,SVR_RBF
21,2ALG8HA,1.16533,1.472566335197014,0.307236335197014,0.307236335197014,AF,AF_mean,core,SVR_RBF
22,2ALG8HA,1.16534,1.5503622585765489,0.3850222585765488,0.3850222585765488,AF,AF_mean,core,SVR_RBF
23,2ALG8HA,1.20579,1.6182552856445134,0.41246528564451346,0.41246528564451346,AF,AF_mean,core,SVR_RBF
24,4ALG4HA,1.80422,1.5523669513784482,-0.2518530486215518,0.2518530486215518,AF,AF_mean,core,SVR_RBF
25,4ALG4HA,2.44505,1.5424153642878795,-0.9026346357121207,0.9026346357121207,AF,AF_mean,core,SVR_RBF
26,4ALG4HA,2.14773,1.5268107148160688,-0.6209192851839314,0.6209192851839314,AF,AF_mean,core,SVR_RBF
27,4ALG4HA,1.55854,1.5424153642878795,-0.016124635712120527,0.016124635712120527,AF,AF_mean,core,SVR_RBF
28,4ALG4HA,1.38725,1.5336420617047928,0.1463920617047927,0.1463920617047927,AF,AF_mean,core,SVR_RBF
29,4ALG4HA,1.36564,1.5268107148160688,0.16117071481606882,0.16117071481606882,AF,AF_mean,core,SVR_RBF
30,4ALG4HA,1.52016,1.5225350111330633,0.002375011133063376,0.002375011133063376,AF,AF_mean,core,SVR_RBF
31,4ALG4HA,1.21458,1.5523669513784482,0.33778695137844816,0.33778695137844816,AF,AF_mean,core,SVR_RBF
32,4ALG4HA,1.18475,1.5424153642878795,0.35766536428787954,0.35766536428787954,AF,AF_mean,core,SVR_RBF
33,4ALG4HA,1.00068,1.5336420617047928,0.5329620617047928,0.5329620617047928,AF,AF_mean,core,SVR_RBF
34,4ALG4HA,1.15143,1.5268107148160688,0.37538071481606883,0.37538071481606883,AF,AF_mean,core,SVR_RBF
35,4ALG4HA,1.18045,1.5225350111330633,0.34208501113306333,0.34208501113306333,AF,AF_mean,core,SVR_RBF
36,4ALG6HA,1.97211,1.091150141162875,-0.880959858837125,0.880959858837125,AF,AF_mean,core,SVR_RBF
37,4ALG6HA,2.18925,1.0063647780003708,-1.182885221999629,1.182885221999629,AF,AF_mean,core,SVR_RBF
38,4ALG6HA,1.94988,0.9867802079088148,-0.9630997920911852,0.9630997920911852,AF,AF_mean,core,SVR_RBF
39,4ALG6HA,1.45212,1.233483869016753,-0.21863613098324697,0.21863613098324697,AF,AF_mean,core,SVR_RBF
40,4ALG6HA,1.42363,1.091150141162875,-0.33247985883712494,0.33247985883712494,AF,AF_mean,core,SVR_RBF
41,4ALG6HA,1.35048,0.9867802079088148,-0.3636997920911851,0.3636997920911851,AF,AF_mean,core,SVR_RBF
42,4ALG6HA,1.23805,1.0269676259400116,-0.21108237405998853,0.21108237405998853,AF,AF_mean,core,SVR_RBF
43,4ALG6HA,1.18126,1.091150141162875,-0.09010985883712497,0.09010985883712497,AF,AF_mean,core,SVR_RBF
44,4ALG6HA,1.20002,1.0063647780003708,-0.19365522199962926,0.19365522199962926,AF,AF_mean,core,SVR_RBF
45,4ALG6HA,1.15453,0.9867802079088148,-0.16774979209118523,0.16774979209118523,AF,AF_mean,core,SVR_RBF
46,4ALG8HA,1.60113,1.2048343602443243,-0.3962956397556756,0.3962956397556756,AF,AF_mean,core,SVR_RBF
47,4ALG8HA,1.95358,1.191338068987115,-0.7622419310128852,0.7622419310128852,AF,AF_mean,core,SVR_RBF
48,4ALG8HA,1.82522,1.2235592447867802,-0.6016607552132198,0.6016607552132198,AF,AF_mean,core,SVR_RBF
49,4ALG8HA,1.92546,1.293636913959235,-0.631823086040765,0.631823086040765,AF,AF_mean,core,SVR_RBF
50,4ALG8HA,1.36288,1.2048343602443243,-0.15804563975567576,0.15804563975567576,AF,AF_mean,core,SVR_RBF
51,4ALG8HA,1.34172,1.191338068987115,-0.1503819310128851,0.1503819310128851,AF,AF_mean,core,SVR_RBF
52,4ALG8HA,1.42105,1.293636913959235,-0.12741308604076496,0.12741308604076496,AF,AF_mean,core,SVR_RBF
53,4ALG8HA,1.22687,1.2586662039228667,0.03179620392286675,0.03179620392286675,AF,AF_mean,core,SVR_RBF
54,4ALG8HA,1.18756,1.191338068987115,0.0037780689871149686,0.0037780689871149686,AF,AF_mean,core,SVR_RBF
55,4ALG8HA,1.18237,1.2235592447867802,0.04118924478678032,0.04118924478678032,AF,AF_mean,core,SVR_RBF
56,4ALG8HA,1.19584,1.293636913959235,0.09779691395923495,0.09779691395923495,AF,AF_mean,core,SVR_RBF
57,6ALG2HA,1.80075,1.3997827007846348,-0.4009672992153652,0.4009672992153652,AF,AF_mean,core,SVR_RBF
58,6ALG2HA,1.93806,1.3719786782383347,-0.5660813217616651,0.5660813217616651,AF,AF_mean,core,SVR_RBF
59,6ALG2HA,2.0106,1.3515961619212986,-0.6590038380787016,0.6590038380787016,AF,AF_mean,core,SVR_RBF
60,6ALG2HA,2.31133,1.3406048059030504,-0.9707251940969495,0.9707251940969495,AF,AF_mean,core,SVR_RBF
61,6ALG2HA,1.5134,1.3997827007846348,-0.11361729921536523,0.11361729921536523,AF,AF_mean,core,SVR_RBF
62,6ALG2HA,1.53985,1.3719786782383347,-0.1678713217616652,0.1678713217616652,AF,AF_mean,core,SVR_RBF
63,6ALG2HA,1.49433,1.3515961619212986,-0.14273383807870133,0.14273383807870133,AF,AF_mean,core,SVR_RBF
64,6ALG2HA,1.4624,1.3406048059030504,-0.1217951940969495,0.1217951940969495,AF,AF_mean,core,SVR_RBF
65,6ALG2HA,1.62994,1.3403702209137678,-0.28956977908623216,0.28956977908623216,AF,AF_mean,core,SVR_RBF
66,6ALG2HA,1.09488,1.3997827007846348,0.3049027007846348,0.3049027007846348,AF,AF_mean,core,SVR_RBF
67,6ALG2HA,1.21931,1.3719786782383347,0.15266867823833485,0.15266867823833485,AF,AF_mean,core,SVR_RBF
68,6ALG2HA,1.22121,1.3406048059030504,0.11939480590305052,0.11939480590305052,AF,AF_mean,core,SVR_RBF
69,6ALG2HA,1.27114,1.3403702209137678,0.06923022091376785,0.06923022091376785,AF,AF_mean,core,SVR_RBF
70,6ALG4HA,2.36855,1.0554511615394089,-1.313098838460591,1.313098838460591,AF,AF_mean,core,SVR_RBF
71,6ALG4HA,1.56292,1.0321856606527773,-0.5307343393472228,0.5307343393472228,AF,AF_mean,core,SVR_RBF
72,6ALG4HA,1.7423,1.0207568016947735,-0.7215431983052265,0.7215431983052265,AF,AF_mean,core,SVR_RBF
73,6ALG4HA,1.41795,1.0892029644680654,-0.32874703553193463,0.32874703553193463,AF,AF_mean,core,SVR_RBF
74,6ALG4HA,1.31523,1.0554511615394089,-0.259778838460591,0.259778838460591,AF,AF_mean,core,SVR_RBF
75,6ALG4HA,1.32876,1.0321856606527773,-0.29657433934722266,0.29657433934722266,AF,AF_mean,core,SVR_RBF
76,6ALG4HA,1.46489,1.0207568016947735,-0.4441331983052266,0.4441331983052266,AF,AF_mean,core,SVR_RBF
77,6ALG4HA,1.17845,1.1316269342622183,-0.04682306573778172,0.04682306573778172,AF,AF_mean,core,SVR_RBF
78,6ALG4HA,1.14397,1.0892029644680654,-0.054767035531934516,0.054767035531934516,AF,AF_mean,core,SVR_RBF
79,6ALG4HA,1.19772,1.0554511615394089,-0.14226883846059102,0.14226883846059102,AF,AF_mean,core,SVR_RBF
80,6ALG4HA,1.16671,1.0321856606527773,-0.13452433934722263,0.13452433934722263,AF,AF_mean,core,SVR_RBF
81,6ALG4HA,1.11558,1.0207568016947735,-0.09482319830522656,0.09482319830522656,AF,AF_mean,core,SVR_RBF
82,6ALG6HA,1.50363,1.5940184098650854,0.09038840986508534,0.09038840986508534,AF,AF_mean,core,SVR_RBF
83,6ALG6HA,1.81434,1.5804232449619013,-0.23391675503809872,0.23391675503809872,AF,AF_mean,core,SVR_RBF
84,6ALG6HA,1.78987,1.565596181696882,-0.2242738183031181,0.2242738183031181,AF,AF_mean,core,SVR_RBF
85,6ALG6HA,1.70334,1.5484710838621683,-0.15486891613783182,0.15486891613783182,AF,AF_mean,core,SVR_RBF
86,6ALG6HA,1.27302,1.5940184098650854,0.3209984098650853,0.3209984098650853,AF,AF_mean,core,SVR_RBF
87,6ALG6HA,1.4647,1.590647872617782,0.12594787261778206,0.12594787261778206,AF,AF_mean,core,SVR_RBF
88,6ALG6HA,1.62833,1.5804232449619013,-0.047906755038098714,0.047906755038098714,AF,AF_mean,core,SVR_RBF
89,6ALG6HA,1.49292,1.565596181696882,0.07267618169688195,0.07267618169688195,AF,AF_mean,core,SVR_RBF
90,6ALG6HA,1.54228,1.5484710838621683,0.006191083862168156,0.006191083862168156,AF,AF_mean,core,SVR_RBF
91,6ALG6HA,1.20107,1.5940184098650854,0.3929484098650853,0.3929484098650853,AF,AF_mean,core,SVR_RBF
92,6ALG6HA,1.21688,1.590647872617782,0.373767872617782,0.373767872617782,AF,AF_mean,core,SVR_RBF
93,6ALG6HA,1.30275,1.5804232449619013,0.27767324496190127,0.27767324496190127,AF,AF_mean,core,SVR_RBF
94,6ALG6HA,1.35987,1.565596181696882,0.20572618169688206,0.20572618169688206,AF,AF_mean,core,SVR_RBF
95,6ALG6HA,1.16353,1.5484710838621683,0.3849410838621683,0.3849410838621683,AF,AF_mean,core,SVR_RBF
0,1ALG8HA,2.29017,1.57640908356181,-0.7137609164381897,0.7137609164381897,AF,AF_mean,core,RandomForest
1,1ALG8HA,1.7596,1.6955598404004328,-0.06404015959956721,0.06404015959956721,AF,AF_mean,core,RandomForest
2,1ALG8HA,1.80526,1.4980073175048096,-0.30725268249519044,0.30725268249519044,AF,AF_mean,core,RandomForest
3,1ALG8HA,1.29597,1.6955598404004328,0.39958984040043277,0.39958984040043277,AF,AF_mean,core,RandomForest
4,1ALG8HA,1.75407,1.5524112651659447,-0.20165873483405528,0.20165873483405528,AF,AF_mean,core,RandomForest
5,1ALG8HA,1.28243,1.4980073175048096,0.21557731750480968,0.21557731750480968,AF,AF_mean,core,RandomForest
6,1ALG8HA,1.30412,1.5524112651659447,0.2482912651659448,0.2482912651659448,AF,AF_mean,core,RandomForest
7,1ALG8HA,1.38795,1.5181577228835976,0.1302077228835976,0.1302077228835976,AF,AF_mean,core,RandomForest
8,1ALG8HA,1.05256,1.6955598404004328,0.6429998404004329,0.6429998404004329,AF,AF_mean,core,RandomForest
9,1ALG8HA,1.17187,1.4980073175048096,0.3261373175048097,0.3261373175048097,AF,AF_mean,core,RandomForest
10,1ALG8HA,1.17573,1.5524112651659447,0.3766812651659448,0.3766812651659448,AF,AF_mean,core,RandomForest
11,1ALG8HA,1.28156,1.5181577228835976,0.2365977228835976,0.2365977228835976,AF,AF_mean,core,RandomForest
12,2ALG8HA,2.04975,1.4412375718589738,-0.6085124281410261,0.6085124281410261,AF,AF_mean,core,RandomForest
13,2ALG8HA,1.87831,1.4906611886507941,-0.3876488113492058,0.3876488113492058,AF,AF_mean,core,RandomForest
14,2ALG8HA,1.74885,1.4600227764153442,-0.28882722358465585,0.28882722358465585,AF,AF_mean,core,RandomForest
15,2ALG8HA,1.4926,1.4906611886507941,-0.0019388113492058157,0.0019388113492058157,AF,AF_mean,core,RandomForest
16,2ALG8HA,1.39505,1.4600227764153442,0.06497277641534427,0.06497277641534427,AF,AF_mean,core,RandomForest
17,2ALG8HA,1.44103,1.3631841589947085,-0.07784584100529157,0.07784584100529157,AF,AF_mean,core,RandomForest
18,2ALG8HA,1.42223,1.367697579788359,-0.054532420211641064,0.054532420211641064,AF,AF_mean,core,RandomForest
19,2ALG8HA,1.2125,1.4412375718589738,0.22873757185897392,0.22873757185897392,AF,AF_mean,core,RandomForest
20,2ALG8HA,1.19111,1.4906611886507941,0.2995511886507942,0.2995511886507942,AF,AF_mean,core,RandomForest
21,2ALG8HA,1.16533,1.4600227764153442,0.2946927764153442,0.2946927764153442,AF,AF_mean,core,RandomForest
22,2ALG8HA,1.16534,1.3631841589947085,0.19784415899470842,0.19784415899470842,AF,AF_mean,core,RandomForest
23,2ALG8HA,1.20579,1.367697579788359,0.16190757978835912,0.16190757978835912,AF,AF_mean,core,RandomForest
24,4ALG4HA,1.80422,1.5922806499086106,-0.2119393500913893,0.2119393500913893,AF,AF_mean,core,RandomForest
25,4ALG4HA,2.44505,1.5167675999218366,-0.9282824000781635,0.9282824000781635,AF,AF_mean,core,RandomForest
26,4ALG4HA,2.14773,1.5042199273089876,-0.6435100726910126,0.6435100726910126,AF,AF_mean,core,RandomForest
27,4ALG4HA,1.55854,1.5167675999218366,-0.04177240007816341,0.04177240007816341,AF,AF_mean,core,RandomForest
28,4ALG4HA,1.38725,1.554486508583638,0.1672365085836378,0.1672365085836378,AF,AF_mean,core,RandomForest
29,4ALG4HA,1.36564,1.5042199273089876,0.1385799273089876,0.1385799273089876,AF,AF_mean,core,RandomForest
30,4ALG4HA,1.52016,1.4383039091951566,-0.08185609080484335,0.08185609080484335,AF,AF_mean,core,RandomForest
31,4ALG4HA,1.21458,1.5922806499086106,0.37770064990861063,0.37770064990861063,AF,AF_mean,core,RandomForest
32,4ALG4HA,1.18475,1.5167675999218366,0.33201759992183666,0.33201759992183666,AF,AF_mean,core,RandomForest
33,4ALG4HA,1.00068,1.554486508583638,0.5538065085836379,0.5538065085836379,AF,AF_mean,core,RandomForest
34,4ALG4HA,1.15143,1.5042199273089876,0.3527899273089876,0.3527899273089876,AF,AF_mean,core,RandomForest
35,4ALG4HA,1.18045,1.4383039091951566,0.2578539091951566,0.2578539091951566,AF,AF_mean,core,RandomForest
36,4ALG6HA,1.97211,1.4554515167684168,-0.5166584832315833,0.5166584832315833,AF,AF_mean,core,RandomForest
37,4ALG6HA,2.18925,1.4364829859656092,-0.7527670140343907,0.7527670140343907,AF,AF_mean,core,RandomForest
38,4ALG6HA,1.94988,1.492140836547619,-0.4577391634523811,0.4577391634523811,AF,AF_mean,core,RandomForest
39,4ALG6HA,1.45212,1.514195581887463,0.06207558188746298,0.06207558188746298,AF,AF_mean,core,RandomForest
40,4ALG6HA,1.42363,1.4554515167684168,0.031821516768416824,0.031821516768416824,AF,AF_mean,core,RandomForest
41,4ALG6HA,1.35048,1.492140836547619,0.14166083654761907,0.14166083654761907,AF,AF_mean,core,RandomForest
42,4ALG6HA,1.23805,1.3571135925396827,0.11906359253968257,0.11906359253968257,AF,AF_mean,core,RandomForest
43,4ALG6HA,1.18126,1.4554515167684168,0.2741915167684168,0.2741915167684168,AF,AF_mean,core,RandomForest
44,4ALG6HA,1.20002,1.4364829859656092,0.2364629859656091,0.2364629859656091,AF,AF_mean,core,RandomForest
45,4ALG6HA,1.15453,1.492140836547619,0.3376108365476189,0.3376108365476189,AF,AF_mean,core,RandomForest
46,4ALG8HA,1.60113,1.3061784292532461,-0.2949515707467538,0.2949515707467538,AF,AF_mean,core,RandomForest
47,4ALG8HA,1.95358,1.3200800732215008,-0.6334999267784993,0.6334999267784993,AF,AF_mean,core,RandomForest
48,4ALG8HA,1.82522,1.3209137376659452,-0.5043062623340548,0.5043062623340548,AF,AF_mean,core,RandomForest
49,4ALG8HA,1.92546,1.4915155114285703,-0.43394448857142964,0.43394448857142964,AF,AF_mean,core,RandomForest
50,4ALG8HA,1.36288,1.3061784292532461,-0.05670157074675397,0.05670157074675397,AF,AF_mean,core,RandomForest
51,4ALG8HA,1.34172,1.3200800732215008,-0.02163992677849924,0.02163992677849924,AF,AF_mean,core,RandomForest
52,4ALG8HA,1.42105,1.4915155114285703,0.07046551142857038,0.07046551142857038,AF,AF_mean,core,RandomForest
53,4ALG8HA,1.22687,1.3048062423148143,0.07793624231481444,0.07793624231481444,AF,AF_mean,core,RandomForest
54,4ALG8HA,1.18756,1.3200800732215008,0.13252007322150083,0.13252007322150083,AF,AF_mean,core,RandomForest
55,4ALG8HA,1.18237,1.3209137376659452,0.1385437376659453,0.1385437376659453,AF,AF_mean,core,RandomForest
56,4ALG8HA,1.19584,1.4915155114285703,0.2956755114285703,0.2956755114285703,AF,AF_mean,core,RandomForest
57,6ALG2HA,1.80075,1.6885650261339584,-0.11218497386604165,0.11218497386604165,AF,AF_mean,core,RandomForest
58,6ALG2HA,1.93806,1.596596128514911,-0.34146387148508883,0.34146387148508883,AF,AF_mean,core,RandomForest
59,6ALG2HA,2.0106,1.3077443883044733,-0.7028556116955269,0.7028556116955269,AF,AF_mean,core,RandomForest
60,6ALG2HA,2.31133,1.4376201185690232,-0.8737098814309767,0.8737098814309767,AF,AF_mean,core,RandomForest
61,6ALG2HA,1.5134,1.6885650261339584,0.17516502613395835,0.17516502613395835,AF,AF_mean,core,RandomForest
62,6ALG2HA,1.53985,1.596596128514911,0.05674612851491112,0.05674612851491112,AF,AF_mean,core,RandomForest
63,6ALG2HA,1.49433,1.3077443883044733,-0.18658561169552668,0.18658561169552668,AF,AF_mean,core,RandomForest
64,6ALG2HA,1.4624,1.4376201185690232,-0.024779881430976758,0.024779881430976758,AF,AF_mean,core,RandomForest
65,6ALG2HA,1.62994,1.340842340853776,-0.289097659146224,0.289097659146224,AF,AF_mean,core,RandomForest
66,6ALG2HA,1.09488,1.6885650261339584,0.5936850261339583,0.5936850261339583,AF,AF_mean,core,RandomForest
67,6ALG2HA,1.21931,1.596596128514911,0.37728612851491117,0.37728612851491117,AF,AF_mean,core,RandomForest
68,6ALG2HA,1.22121,1.4376201185690232,0.21641011856902326,0.21641011856902326,AF,AF_mean,core,RandomForest
69,6ALG2HA,1.27114,1.340842340853776,0.06970234085377602,0.06970234085377602,AF,AF_mean,core,RandomForest
70,6ALG4HA,2.36855,1.4632063867147664,-0.9053436132852335,0.9053436132852335,AF,AF_mean,core,RandomForest
71,6ALG4HA,1.56292,1.4632063867147664,-0.09971361328523365,0.09971361328523365,AF,AF_mean,core,RandomForest
72,6ALG4HA,1.7423,1.3296414624422794,-0.41265853755772053,0.41265853755772053,AF,AF_mean,core,RandomForest
73,6ALG4HA,1.41795,1.581689386780904,0.16373938678090405,0.16373938678090405,AF,AF_mean,core,RandomForest
74,6ALG4HA,1.31523,1.4632063867147664,0.14797638671476654,0.14797638671476654,AF,AF_mean,core,RandomForest
75,6ALG4HA,1.32876,1.4632063867147664,0.1344463867147665,0.1344463867147665,AF,AF_mean,core,RandomForest
76,6ALG4HA,1.46489,1.3296414624422794,-0.1352485375577206,0.1352485375577206,AF,AF_mean,core,RandomForest
77,6ALG4HA,1.17845,1.5870762343783065,0.4086262343783065,0.4086262343783065,AF,AF_mean,core,RandomForest
78,6ALG4HA,1.14397,1.581689386780904,0.43771938678090416,0.43771938678090416,AF,AF_mean,core,RandomForest
79,6ALG4HA,1.19772,1.4632063867147664,0.26548638671476654,0.26548638671476654,AF,AF_mean,core,RandomForest
80,6ALG4HA,1.16671,1.4632063867147664,0.2964963867147665,0.2964963867147665,AF,AF_mean,core,RandomForest
81,6ALG4HA,1.11558,1.3296414624422794,0.21406146244227942,0.21406146244227942,AF,AF_mean,core,RandomForest
82,6ALG6HA,1.50363,1.501443076812169,-0.0021869231878310913,0.0021869231878310913,AF,AF_mean,core,RandomForest
83,6ALG6HA,1.81434,1.5143572868253974,-0.2999827131746027,0.2999827131746027,AF,AF_mean,core,RandomForest
84,6ALG6HA,1.78987,1.5143572868253974,-0.2755127131746027,0.2755127131746027,AF,AF_mean,core,RandomForest
85,6ALG6HA,1.70334,1.5143572868253974,-0.1889827131746027,0.1889827131746027,AF,AF_mean,core,RandomForest
86,6ALG6HA,1.27302,1.501443076812169,0.2284230768121689,0.2284230768121689,AF,AF_mean,core,RandomForest
87,6ALG6HA,1.4647,1.5066181693253968,0.04191816932539694,0.04191816932539694,AF,AF_mean,core,RandomForest
88,6ALG6HA,1.62833,1.5143572868253974,-0.11397271317460267,0.11397271317460267,AF,AF_mean,core,RandomForest
89,6ALG6HA,1.49292,1.5143572868253974,0.02143728682539736,0.02143728682539736,AF,AF_mean,core,RandomForest
90,6ALG6HA,1.54228,1.5143572868253974,-0.02792271317460271,0.02792271317460271,AF,AF_mean,core,RandomForest
91,6ALG6HA,1.20107,1.501443076812169,0.30037307681216885,0.30037307681216885,AF,AF_mean,core,RandomForest
92,6ALG6HA,1.21688,1.5066181693253968,0.28973816932539687,0.28973816932539687,AF,AF_mean,core,RandomForest
93,6ALG6HA,1.30275,1.5143572868253974,0.2116072868253973,0.2116072868253973,AF,AF_mean,core,RandomForest
94,6ALG6HA,1.35987,1.5143572868253974,0.15448728682539747,0.15448728682539747,AF,AF_mean,core,RandomForest
95,6ALG6HA,1.16353,1.5143572868253974,0.35082728682539743,0.35082728682539743,AF,AF_mean,core,RandomForest
0,1ALG8HA,2.29017,1.6181228455031231,-0.6720471544968767,0.6720471544968767,AF,AF_mean,core,GradientBoosting
1,1ALG8HA,1.7596,1.7140656224354054,-0.045534377564594664,0.045534377564594664,AF,AF_mean,core,GradientBoosting
2,1ALG8HA,1.80526,1.4911189743096367,-0.3141410256903634,0.3141410256903634,AF,AF_mean,core,GradientBoosting
3,1ALG8HA,1.29597,1.7140656224354054,0.4180956224354053,0.4180956224354053,AF,AF_mean,core,GradientBoosting
4,1ALG8HA,1.75407,1.5335817713431799,-0.22048822865682016,0.22048822865682016,AF,AF_mean,core,GradientBoosting
5,1ALG8HA,1.28243,1.4911189743096367,0.20868897430963673,0.20868897430963673,AF,AF_mean,core,GradientBoosting
6,1ALG8HA,1.30412,1.5335817713431799,0.2294617713431799,0.2294617713431799,AF,AF_mean,core,GradientBoosting
7,1ALG8HA,1.38795,1.4968747278122736,0.10892472781227358,0.10892472781227358,AF,AF_mean,core,GradientBoosting
8,1ALG8HA,1.05256,1.7140656224354054,0.6615056224354054,0.6615056224354054,AF,AF_mean,core,GradientBoosting
9,1ALG8HA,1.17187,1.4911189743096367,0.3192489743096367,0.3192489743096367,AF,AF_mean,core,GradientBoosting
10,1ALG8HA,1.17573,1.5335817713431799,0.3578517713431799,0.3578517713431799,AF,AF_mean,core,GradientBoosting
11,1ALG8HA,1.28156,1.4968747278122736,0.21531472781227357,0.21531472781227357,AF,AF_mean,core,GradientBoosting
12,2ALG8HA,2.04975,1.4398372381074327,-0.6099127618925673,0.6099127618925673,AF,AF_mean,core,GradientBoosting
13,2ALG8HA,1.87831,1.4398372381074327,-0.43847276189256723,0.43847276189256723,AF,AF_mean,core,GradientBoosting
14,2ALG8HA,1.74885,1.4727789962571818,-0.27607100374281823,0.27607100374281823,AF,AF_mean,core,GradientBoosting
15,2ALG8HA,1.4926,1.4398372381074327,-0.052762761892567234,0.052762761892567234,AF,AF_mean,core,GradientBoosting
16,2ALG8HA,1.39505,1.4727789962571818,0.07772899625718188,0.07772899625718188,AF,AF_mean,core,GradientBoosting
17,2ALG8HA,1.44103,1.3295444873436588,-0.11148551265634121,0.11148551265634121,AF,AF_mean,core,GradientBoosting
18,2ALG8HA,1.42223,1.3129895511773484,-0.10924044882265171,0.10924044882265171,AF,AF_mean,core,GradientBoosting
19,2ALG8HA,1.2125,1.4398372381074327,0.22733723810743278,0.22733723810743278,AF,AF_mean,core,GradientBoosting
20,2ALG8HA,1.19111,1.4398372381074327,0.2487272381074328,0.2487272381074328,AF,AF_mean,core,GradientBoosting
21,2ALG8HA,1.16533,1.4727789962571818,0.3074489962571818,0.3074489962571818,AF,AF_mean,core,GradientBoosting
22,2ALG8HA,1.16534,1.3295444873436588,0.16420448734365878,0.16420448734365878,AF,AF_mean,core,GradientBoosting
23,2ALG8HA,1.20579,1.3129895511773484,0.10719955117734847,0.10719955117734847,AF,AF_mean,core,GradientBoosting
24,4ALG4HA,1.80422,1.5606573074614511,-0.2435626925385488,0.2435626925385488,AF,AF_mean,core,GradientBoosting
25,4ALG4HA,2.44505,1.5001425772850903,-0.9449074227149099,0.9449074227149099,AF,AF_mean,core,GradientBoosting
26,4ALG4HA,2.14773,1.542665647469223,-0.6050643525307771,0.6050643525307771,AF,AF_mean,core,GradientBoosting
27,4ALG4HA,1.55854,1.5001425772850903,-0.058397422714909775,0.058397422714909775,AF,AF_mean,core,GradientBoosting
28,4ALG4HA,1.38725,1.5803329835518027,0.19308298355180264,0.19308298355180264,AF,AF_mean,core,GradientBoosting
29,4ALG4HA,1.36564,1.542665647469223,0.1770256474692231,0.1770256474692231,AF,AF_mean,core,GradientBoosting
30,4ALG4HA,1.52016,1.4672111144279207,-0.05294888557207922,0.05294888557207922,AF,AF_mean,core,GradientBoosting
31,4ALG4HA,1.21458,1.5606573074614511,0.34607730746145116,0.34607730746145116,AF,AF_mean,core,GradientBoosting
32,4ALG4HA,1.18475,1.5001425772850903,0.3153925772850903,0.3153925772850903,AF,AF_mean,core,GradientBoosting
33,4ALG4HA,1.00068,1.5803329835518027,0.5796529835518027,0.5796529835518027,AF,AF_mean,core,GradientBoosting
34,4ALG4HA,1.15143,1.542665647469223,0.3912356474692231,0.3912356474692231,AF,AF_mean,core,GradientBoosting
35,4ALG4HA,1.18045,1.4672111144279207,0.28676111442792074,0.28676111442792074,AF,AF_mean,core,GradientBoosting
36,4ALG6HA,1.97211,1.511405745635381,-0.4607042543646189,0.4607042543646189,AF,AF_mean,core,GradientBoosting
37,4ALG6HA,2.18925,1.415304886264719,-0.7739451137352809,0.7739451137352809,AF,AF_mean,core,GradientBoosting
38,4ALG6HA,1.94988,1.5007720578605999,-0.4491079421394002,0.4491079421394002,AF,AF_mean,core,GradientBoosting
39,4ALG6HA,1.45212,1.4865578209252752,0.03443782092527514,0.03443782092527514,AF,AF_mean,core,GradientBoosting
40,4ALG6HA,1.42363,1.511405745635381,0.08777574563538115,0.08777574563538115,AF,AF_mean,core,GradientBoosting
41,4ALG6HA,1.35048,1.5007720578605999,0.15029205786059996,0.15029205786059996,AF,AF_mean,core,GradientBoosting
42,4ALG6HA,1.23805,1.3884533143163384,0.15040331431633835,0.15040331431633835,AF,AF_mean,core,GradientBoosting
43,4ALG6HA,1.18126,1.511405745635381,0.3301457456353811,0.3301457456353811,AF,AF_mean,core,GradientBoosting
44,4ALG6HA,1.20002,1.415304886264719,0.21528488626471898,0.21528488626471898,AF,AF_mean,core,GradientBoosting
45,4ALG6HA,1.15453,1.5007720578605999,0.3462420578605998,0.3462420578605998,AF,AF_mean,core,GradientBoosting
46,4ALG8HA,1.60113,1.3122414980029073,-0.2888885019970926,0.2888885019970926,AF,AF_mean,core,GradientBoosting
47,4ALG8HA,1.95358,1.3122414980029073,-0.6413385019970927,0.6413385019970927,AF,AF_mean,core,GradientBoosting
48,4ALG8HA,1.82522,1.3122414980029073,-0.5129785019970927,0.5129785019970927,AF,AF_mean,core,GradientBoosting
49,4ALG8HA,1.92546,1.5394223811103847,-0.3860376188896153,0.3860376188896153,AF,AF_mean,core,GradientBoosting
50,4ALG8HA,1.36288,1.3122414980029073,-0.050638501997092744,0.050638501997092744,AF,AF_mean,core,GradientBoosting
51,4ALG8HA,1.34172,1.3122414980029073,-0.029478501997092676,0.029478501997092676,AF,AF_mean,core,GradientBoosting
52,4ALG8HA,1.42105,1.5394223811103847,0.11837238111038473,0.11837238111038473,AF,AF_mean,core,GradientBoosting
53,4ALG8HA,1.22687,1.332694594603083,0.10582459460308313,0.10582459460308313,AF,AF_mean,core,GradientBoosting
54,4ALG8HA,1.18756,1.3122414980029073,0.1246814980029074,0.1246814980029074,AF,AF_mean,core,GradientBoosting
55,4ALG8HA,1.18237,1.3122414980029073,0.12987149800290743,0.12987149800290743,AF,AF_mean,core,GradientBoosting
56,4ALG8HA,1.19584,1.5394223811103847,0.34358238111038464,0.34358238111038464,AF,AF_mean,core,GradientBoosting
57,6ALG2HA,1.80075,1.2726863823621284,-0.5280636176378717,0.5280636176378717,AF,AF_mean,core,GradientBoosting
58,6ALG2HA,1.93806,1.2866359251170765,-0.6514240748829234,0.6514240748829234,AF,AF_mean,core,GradientBoosting
59,6ALG2HA,2.0106,1.065168993962122,-0.9454310060378781,0.9454310060378781,AF,AF_mean,core,GradientBoosting
60,6ALG2HA,2.31133,1.1603826644519966,-1.1509473355480033,1.1509473355480033,AF,AF_mean,core,GradientBoosting
61,6ALG2HA,1.5134,1.2726863823621284,-0.2407136176378717,0.2407136176378717,AF,AF_mean,core,GradientBoosting
62,6ALG2HA,1.53985,1.2866359251170765,-0.25321407488292347,0.25321407488292347,AF,AF_mean,core,GradientBoosting
63,6ALG2HA,1.49433,1.065168993962122,-0.4291610060378779,0.4291610060378779,AF,AF_mean,core,GradientBoosting
64,6ALG2HA,1.4624,1.1603826644519966,-0.30201733554800336,0.30201733554800336,AF,AF_mean,core,GradientBoosting
65,6ALG2HA,1.62994,1.1076605783974816,-0.5222794216025184,0.5222794216025184,AF,AF_mean,core,GradientBoosting
66,6ALG2HA,1.09488,1.2726863823621284,0.1778063823621283,0.1778063823621283,AF,AF_mean,core,GradientBoosting
67,6ALG2HA,1.21931,1.2866359251170765,0.06732592511707658,0.06732592511707658,AF,AF_mean,core,GradientBoosting
68,6ALG2HA,1.22121,1.1603826644519966,-0.06082733554800335,0.06082733554800335,AF,AF_mean,core,GradientBoosting
69,6ALG2HA,1.27114,1.1076605783974816,-0.16347942160251838,0.16347942160251838,AF,AF_mean,core,GradientBoosting
70,6ALG4HA,2.36855,1.4604917102413082,-0.9080582897586917,0.9080582897586917,AF,AF_mean,core,GradientBoosting
71,6ALG4HA,1.56292,1.4604917102413082,-0.10242828975869189,0.10242828975869189,AF,AF_mean,core,GradientBoosting
72,6ALG4HA,1.7423,1.3045387407732456,-0.43776125922675435,0.43776125922675435,AF,AF_mean,core,GradientBoosting
73,6ALG4HA,1.41795,1.5629098809511275,0.14495988095112744,0.14495988095112744,AF,AF_mean,core,GradientBoosting
74,6ALG4HA,1.31523,1.4604917102413082,0.1452617102413083,0.1452617102413083,AF,AF_mean,core,GradientBoosting
75,6ALG4HA,1.32876,1.4604917102413082,0.13173171024130825,0.13173171024130825,AF,AF_mean,core,GradientBoosting
76,6ALG4HA,1.46489,1.3045387407732456,-0.16035125922675442,0.16035125922675442,AF,AF_mean,core,GradientBoosting
77,6ALG4HA,1.17845,1.5629098809511275,0.3844598809511275,0.3844598809511275,AF,AF_mean,core,GradientBoosting
78,6ALG4HA,1.14397,1.5629098809511275,0.41893988095112755,0.41893988095112755,AF,AF_mean,core,GradientBoosting
79,6ALG4HA,1.19772,1.4604917102413082,0.2627717102413083,0.2627717102413083,AF,AF_mean,core,GradientBoosting
80,6ALG4HA,1.16671,1.4604917102413082,0.2937817102413083,0.2937817102413083,AF,AF_mean,core,GradientBoosting
81,6ALG4HA,1.11558,1.3045387407732456,0.1889587407732456,0.1889587407732456,AF,AF_mean,core,GradientBoosting
82,6ALG6HA,1.50363,1.5331424892722163,0.02951248927221628,0.02951248927221628,AF,AF_mean,core,GradientBoosting
83,6ALG6HA,1.81434,1.541477967963028,-0.2728620320369721,0.2728620320369721,AF,AF_mean,core,GradientBoosting
84,6ALG6HA,1.78987,1.541477967963028,-0.24839203203697213,0.24839203203697213,AF,AF_mean,core,GradientBoosting
85,6ALG6HA,1.70334,1.541477967963028,-0.16186203203697214,0.16186203203697214,AF,AF_mean,core,GradientBoosting
86,6ALG6HA,1.27302,1.5331424892722163,0.26012248927221626,0.26012248927221626,AF,AF_mean,core,GradientBoosting
87,6ALG6HA,1.4647,1.5331424892722163,0.06844248927221641,0.06844248927221641,AF,AF_mean,core,GradientBoosting
88,6ALG6HA,1.62833,1.541477967963028,-0.08685203203697212,0.08685203203697212,AF,AF_mean,core,GradientBoosting
89,6ALG6HA,1.49292,1.541477967963028,0.048557967963027915,0.048557967963027915,AF,AF_mean,core,GradientBoosting
90,6ALG6HA,1.54228,1.541477967963028,-0.0008020320369721556,0.0008020320369721556,AF,AF_mean,core,GradientBoosting
91,6ALG6HA,1.20107,1.5331424892722163,0.3320724892722162,0.3320724892722162,AF,AF_mean,core,GradientBoosting
92,6ALG6HA,1.21688,1.5331424892722163,0.31626248927221634,0.31626248927221634,AF,AF_mean,core,GradientBoosting
93,6ALG6HA,1.30275,1.541477967963028,0.23872796796302787,0.23872796796302787,AF,AF_mean,core,GradientBoosting
94,6ALG6HA,1.35987,1.541477967963028,0.18160796796302803,0.18160796796302803,AF,AF_mean,core,GradientBoosting
95,6ALG6HA,1.16353,1.541477967963028,0.377947967963028,0.377947967963028,AF,AF_mean,core,GradientBoosting
0,1ALG8HA,2.29017,1.5423427820205688,-0.747827217979431,0.747827217979431,AF,AF_mean,core,XGBoost
1,1ALG8HA,1.7596,1.6978609561920166,-0.06173904380798345,0.06173904380798345,AF,AF_mean,core,XGBoost
2,1ALG8HA,1.80526,1.491005539894104,-0.3142544601058961,0.3142544601058961,AF,AF_mean,core,XGBoost
3,1ALG8HA,1.29597,1.6978609561920166,0.40189095619201654,0.40189095619201654,AF,AF_mean,core,XGBoost
4,1ALG8HA,1.75407,1.55937659740448,-0.19469340259552004,0.19469340259552004,AF,AF_mean,core,XGBoost
5,1ALG8HA,1.28243,1.491005539894104,0.20857553989410405,0.20857553989410405,AF,AF_mean,core,XGBoost
6,1ALG8HA,1.30412,1.55937659740448,0.25525659740448003,0.25525659740448003,AF,AF_mean,core,XGBoost
7,1ALG8HA,1.38795,1.4645601511001587,0.07661015110015867,0.07661015110015867,AF,AF_mean,core,XGBoost
8,1ALG8HA,1.05256,1.6978609561920166,0.6453009561920167,0.6453009561920167,AF,AF_mean,core,XGBoost
9,1ALG8HA,1.17187,1.491005539894104,0.31913553989410404,0.31913553989410404,AF,AF_mean,core,XGBoost
10,1ALG8HA,1.17573,1.55937659740448,0.38364659740448004,0.38364659740448004,AF,AF_mean,core,XGBoost
11,1ALG8HA,1.28156,1.4645601511001587,0.18300015110015866,0.18300015110015866,AF,AF_mean,core,XGBoost
12,2ALG8HA,2.04975,1.4029467105865479,-0.6468032894134521,0.6468032894134521,AF,AF_mean,core,XGBoost
13,2ALG8HA,1.87831,1.4216841459274292,-0.4566258540725707,0.4566258540725707,AF,AF_mean,core,XGBoost
14,2ALG8HA,1.74885,1.4430639743804932,-0.30578602561950685,0.30578602561950685,AF,AF_mean,core,XGBoost
15,2ALG8HA,1.4926,1.4216841459274292,-0.07091585407257073,0.07091585407257073,AF,AF_mean,core,XGBoost
16,2ALG8HA,1.39505,1.4430639743804932,0.04801397438049326,0.04801397438049326,AF,AF_mean,core,XGBoost
17,2ALG8HA,1.44103,1.316967487335205,-0.12406251266479495,0.12406251266479495,AF,AF_mean,core,XGBoost
18,2ALG8HA,1.42223,1.3157944679260254,-0.10643553207397471,0.10643553207397471,AF,AF_mean,core,XGBoost
19,2ALG8HA,1.2125,1.4029467105865479,0.19044671058654794,0.19044671058654794,AF,AF_mean,core,XGBoost
20,2ALG8HA,1.19111,1.4216841459274292,0.2305741459274293,0.2305741459274293,AF,AF_mean,core,XGBoost
21,2ALG8HA,1.16533,1.4430639743804932,0.2777339743804932,0.2777339743804932,AF,AF_mean,core,XGBoost
22,2ALG8HA,1.16534,1.316967487335205,0.15162748733520504,0.15162748733520504,AF,AF_mean,core,XGBoost
23,2ALG8HA,1.20579,1.3157944679260254,0.11000446792602547,0.11000446792602547,AF,AF_mean,core,XGBoost
24,4ALG4HA,1.80422,1.7523077726364136,-0.05191222736358636,0.05191222736358636,AF,AF_mean,core,XGBoost
25,4ALG4HA,2.44505,1.516050934791565,-0.9289990652084352,0.9289990652084352,AF,AF_mean,core,XGBoost
26,4ALG4HA,2.14773,1.5323177576065063,-0.6154122423934938,0.6154122423934938,AF,AF_mean,core,XGBoost
27,4ALG4HA,1.55854,1.516050934791565,-0.042489065208435095,0.042489065208435095,AF,AF_mean,core,XGBoost
28,4ALG4HA,1.38725,1.5639413595199585,0.1766913595199584,0.1766913595199584,AF,AF_mean,core,XGBoost
29,4ALG4HA,1.36564,1.5323177576065063,0.16667775760650638,0.16667775760650638,AF,AF_mean,core,XGBoost
30,4ALG4HA,1.52016,1.4742953777313232,-0.045864622268676714,0.045864622268676714,AF,AF_mean,core,XGBoost
31,4ALG4HA,1.21458,1.7523077726364136,0.5377277726364136,0.5377277726364136,AF,AF_mean,core,XGBoost
32,4ALG4HA,1.18475,1.516050934791565,0.33130093479156497,0.33130093479156497,AF,AF_mean,core,XGBoost
33,4ALG4HA,1.00068,1.5639413595199585,0.5632613595199585,0.5632613595199585,AF,AF_mean,core,XGBoost
34,4ALG4HA,1.15143,1.5323177576065063,0.3808877576065064,0.3808877576065064,AF,AF_mean,core,XGBoost
35,4ALG4HA,1.18045,1.4742953777313232,0.29384537773132324,0.29384537773132324,AF,AF_mean,core,XGBoost
36,4ALG6HA,1.97211,1.4949145317077637,-0.47719546829223636,0.47719546829223636,AF,AF_mean,core,XGBoost
37,4ALG6HA,2.18925,1.4524284601211548,-0.7368215398788451,0.7368215398788451,AF,AF_mean,core,XGBoost
38,4ALG6HA,1.94988,1.4847371578216553,-0.4651428421783448,0.4651428421783448,AF,AF_mean,core,XGBoost
39,4ALG6HA,1.45212,1.5143460035324097,0.06222600353240959,0.06222600353240959,AF,AF_mean,core,XGBoost
40,4ALG6HA,1.42363,1.4949145317077637,0.07128453170776372,0.07128453170776372,AF,AF_mean,core,XGBoost
41,4ALG6HA,1.35048,1.4847371578216553,0.13425715782165537,0.13425715782165537,AF,AF_mean,core,XGBoost
42,4ALG6HA,1.23805,1.396126627922058,0.158076627922058,0.158076627922058,AF,AF_mean,core,XGBoost
43,4ALG6HA,1.18126,1.4949145317077637,0.3136545317077637,0.3136545317077637,AF,AF_mean,core,XGBoost
44,4ALG6HA,1.20002,1.4524284601211548,0.2524084601211547,0.2524084601211547,AF,AF_mean,core,XGBoost
45,4ALG6HA,1.15453,1.4847371578216553,0.3302071578216552,0.3302071578216552,AF,AF_mean,core,XGBoost
46,4ALG8HA,1.60113,1.3447133302688599,-0.2564166697311401,0.2564166697311401,AF,AF_mean,core,XGBoost
47,4ALG8HA,1.95358,1.3447133302688599,-0.6088666697311402,0.6088666697311402,AF,AF_mean,core,XGBoost
48,4ALG8HA,1.82522,1.3388557434082031,-0.48636425659179694,0.48636425659179694,AF,AF_mean,core,XGBoost
49,4ALG8HA,1.92546,1.5330835580825806,-0.3923764419174194,0.3923764419174194,AF,AF_mean,core,XGBoost
50,4ALG8HA,1.36288,1.3447133302688599,-0.018166669731140228,0.018166669731140228,AF,AF_mean,core,XGBoost
51,4ALG8HA,1.34172,1.3447133302688599,0.0029933302688598395,0.0029933302688598395,AF,AF_mean,core,XGBoost
52,4ALG8HA,1.42105,1.5330835580825806,0.11203355808258064,0.11203355808258064,AF,AF_mean,core,XGBoost
53,4ALG8HA,1.22687,1.3618608713150024,0.13499087131500254,0.13499087131500254,AF,AF_mean,core,XGBoost
54,4ALG8HA,1.18756,1.3447133302688599,0.15715333026885991,0.15715333026885991,AF,AF_mean,core,XGBoost
55,4ALG8HA,1.18237,1.3388557434082031,0.1564857434082032,0.1564857434082032,AF,AF_mean,core,XGBoost
56,4ALG8HA,1.19584,1.5330835580825806,0.33724355808258055,0.33724355808258055,AF,AF_mean,core,XGBoost
57,6ALG2HA,1.80075,1.6311808824539185,-0.16956911754608162,0.16956911754608162,AF,AF_mean,core,XGBoost
58,6ALG2HA,1.93806,1.4672470092773438,-0.47081299072265614,0.47081299072265614,AF,AF_mean,core,XGBoost
59,6ALG2HA,2.0106,1.2631969451904297,-0.7474030548095705,0.7474030548095705,AF,AF_mean,core,XGBoost
60,6ALG2HA,2.31133,1.3558005094528198,-0.9555294905471801,0.9555294905471801,AF,AF_mean,core,XGBoost
61,6ALG2HA,1.5134,1.6311808824539185,0.11778088245391838,0.11778088245391838,AF,AF_mean,core,XGBoost
62,6ALG2HA,1.53985,1.4672470092773438,-0.07260299072265619,0.07260299072265619,AF,AF_mean,core,XGBoost
63,6ALG2HA,1.49433,1.2631969451904297,-0.23113305480957025,0.23113305480957025,AF,AF_mean,core,XGBoost
64,6ALG2HA,1.4624,1.3558005094528198,-0.1065994905471801,0.1065994905471801,AF,AF_mean,core,XGBoost
65,6ALG2HA,1.62994,1.3314476013183594,-0.29849239868164057,0.29849239868164057,AF,AF_mean,core,XGBoost
66,6ALG2HA,1.09488,1.6311808824539185,0.5363008824539184,0.5363008824539184,AF,AF_mean,core,XGBoost
67,6ALG2HA,1.21931,1.4672470092773438,0.24793700927734386,0.24793700927734386,AF,AF_mean,core,XGBoost
68,6ALG2HA,1.22121,1.3558005094528198,0.13459050945281992,0.13459050945281992,AF,AF_mean,core,XGBoost
69,6ALG2HA,1.27114,1.3314476013183594,0.06030760131835944,0.06030760131835944,AF,AF_mean,core,XGBoost
70,6ALG4HA,2.36855,1.4401508569717407,-0.9283991430282592,0.9283991430282592,AF,AF_mean,core,XGBoost
71,6ALG4HA,1.56292,1.4401508569717407,-0.12276914302825936,0.12276914302825936,AF,AF_mean,core,XGBoost
72,6ALG4HA,1.7423,1.291152834892273,-0.451147165107727,0.451147165107727,AF,AF_mean,core,XGBoost
73,6ALG4HA,1.41795,1.5408812761306763,0.12293127613067623,0.12293127613067623,AF,AF_mean,core,XGBoost
74,6ALG4HA,1.31523,1.4401508569717407,0.12492085697174082,0.12492085697174082,AF,AF_mean,core,XGBoost
75,6ALG4HA,1.32876,1.4401508569717407,0.11139085697174078,0.11139085697174078,AF,AF_mean,core,XGBoost
76,6ALG4HA,1.46489,1.291152834892273,-0.17373716510772708,0.17373716510772708,AF,AF_mean,core,XGBoost
77,6ALG4HA,1.17845,1.5408812761306763,0.36243127613067627,0.36243127613067627,AF,AF_mean,core,XGBoost
78,6ALG4HA,1.14397,1.5408812761306763,0.39691127613067634,0.39691127613067634,AF,AF_mean,core,XGBoost
79,6ALG4HA,1.19772,1.4401508569717407,0.24243085697174083,0.24243085697174083,AF,AF_mean,core,XGBoost
80,6ALG4HA,1.16671,1.4401508569717407,0.2734408569717408,0.2734408569717408,AF,AF_mean,core,XGBoost
81,6ALG4HA,1.11558,1.291152834892273,0.17557283489227293,0.17557283489227293,AF,AF_mean,core,XGBoost
82,6ALG6HA,1.50363,1.5139433145523071,0.010313314552307107,0.010313314552307107,AF,AF_mean,core,XGBoost
83,6ALG6HA,1.81434,1.531390905380249,-0.28294909461975104,0.28294909461975104,AF,AF_mean,core,XGBoost
84,6ALG6HA,1.78987,1.531390905380249,-0.25847909461975105,0.25847909461975105,AF,AF_mean,core,XGBoost
85,6ALG6HA,1.70334,1.531390905380249,-0.17194909461975105,0.17194909461975105,AF,AF_mean,core,XGBoost
86,6ALG6HA,1.27302,1.5139433145523071,0.2409233145523071,0.2409233145523071,AF,AF_mean,core,XGBoost
87,6ALG6HA,1.4647,1.5139433145523071,0.04924331455230724,0.04924331455230724,AF,AF_mean,core,XGBoost
88,6ALG6HA,1.62833,1.531390905380249,-0.09693909461975103,0.09693909461975103,AF,AF_mean,core,XGBoost
89,6ALG6HA,1.49292,1.531390905380249,0.038470905380249,0.038470905380249,AF,AF_mean,core,XGBoost
90,6ALG6HA,1.54228,1.531390905380249,-0.010889094619751072,0.010889094619751072,AF,AF_mean,core,XGBoost
91,6ALG6HA,1.20107,1.5139433145523071,0.31287331455230705,0.31287331455230705,AF,AF_mean,core,XGBoost
92,6ALG6HA,1.21688,1.5139433145523071,0.29706331455230717,0.29706331455230717,AF,AF_mean,core,XGBoost
93,6ALG6HA,1.30275,1.531390905380249,0.22864090538024895,0.22864090538024895,AF,AF_mean,core,XGBoost
94,6ALG6HA,1.35987,1.531390905380249,0.1715209053802491,0.1715209053802491,AF,AF_mean,core,XGBoost
95,6ALG6HA,1.16353,1.531390905380249,0.36786090538024907,0.36786090538024907,AF,AF_mean,core,XGBoost
0,1ALG8HA,2.29017,-1.2806502217461424,-3.570820221746142,3.570820221746142,AF,AF_mean,angle_engineered,LinearRegression
1,1ALG8HA,1.7596,-1.4292413273467468,-3.188841327346747,3.188841327346747,AF,AF_mean,angle_engineered,LinearRegression
2,1ALG8HA,1.80526,-1.5778324329473659,-3.383092432947366,3.383092432947366,AF,AF_mean,angle_engineered,LinearRegression
3,1ALG8HA,1.29597,-1.991331442408777,-3.287301442408777,3.287301442408777,AF,AF_mean,angle_engineered,LinearRegression
4,1ALG8HA,1.75407,-1.726423538547988,-3.480493538547988,3.480493538547988,AF,AF_mean,angle_engineered,LinearRegression
5,1ALG8HA,1.28243,-2.139667524271885,-3.4220975242718845,3.4220975242718845,AF,AF_mean,angle_engineered,LinearRegression
6,1ALG8HA,1.30412,-2.2880036061349958,-3.5921236061349955,3.5921236061349955,AF,AF_mean,angle_engineered,LinearRegression
7,1ALG8HA,1.38795,-2.4363396879980965,-3.8242896879980965,3.8242896879980965,AF,AF_mean,angle_engineered,LinearRegression
8,1ALG8HA,1.05256,-2.327577385850641,-3.3801373858506407,3.3801373858506407,AF,AF_mean,angle_engineered,LinearRegression
9,1ALG8HA,1.17187,-2.4756584439762377,-3.6475284439762374,3.6475284439762374,AF,AF_mean,angle_engineered,LinearRegression
10,1ALG8HA,1.17573,-2.6237395021018384,-3.7994695021018385,3.7994695021018385,AF,AF_mean,angle_engineered,LinearRegression
11,1ALG8HA,1.28156,-2.7718205602274275,-4.053380560227428,4.053380560227428,AF,AF_mean,angle_engineered,LinearRegression
12,2ALG8HA,2.04975,3.3186134312479894,1.2688634312479894,1.2688634312479894,AF,AF_mean,angle_engineered,LinearRegression
13,2ALG8HA,1.87831,3.3716272722933986,1.4933172722933987,1.4933172722933987,AF,AF_mean,angle_engineered,LinearRegression
14,2ALG8HA,1.74885,3.424641113338807,1.675791113338807,1.675791113338807,AF,AF_mean,angle_engineered,LinearRegression
15,2ALG8HA,1.4926,2.8804025798807045,1.3878025798807045,1.3878025798807045,AF,AF_mean,angle_engineered,LinearRegression
16,2ALG8HA,1.39505,2.9367496122205887,1.5416996122205888,1.5416996122205888,AF,AF_mean,angle_engineered,LinearRegression
17,2ALG8HA,1.44103,2.993096644560471,1.5520666445604712,1.5520666445604712,AF,AF_mean,angle_engineered,LinearRegression
18,2ALG8HA,1.42223,3.049443676900357,1.6272136769003567,1.6272136769003567,AF,AF_mean,angle_engineered,LinearRegression
19,2ALG8HA,1.2125,2.587417279951434,1.374917279951434,1.374917279951434,AF,AF_mean,angle_engineered,LinearRegression
20,2ALG8HA,1.19111,2.647097503585795,1.455987503585795,1.455987503585795,AF,AF_mean,angle_engineered,LinearRegression
21,2ALG8HA,1.16533,2.7067777272201554,1.5414477272201554,1.5414477272201554,AF,AF_mean,angle_engineered,LinearRegression
22,2ALG8HA,1.16534,2.7664579508545133,1.6011179508545132,1.6011179508545132,AF,AF_mean,angle_engineered,LinearRegression
23,2ALG8HA,1.20579,2.826138174488875,1.6203481744888752,1.6203481744888752,AF,AF_mean,angle_engineered,LinearRegression
24,4ALG4HA,1.80422,5.71023644368157,3.90601644368157,3.90601644368157,AF,AF_mean,angle_engineered,LinearRegression
25,4ALG4HA,2.44505,5.858256155203013,3.413206155203013,3.413206155203013,AF,AF_mean,angle_engineered,LinearRegression
26,4ALG4HA,2.14773,6.154295578245885,4.006565578245885,4.006565578245885,AF,AF_mean,angle_engineered,LinearRegression
27,4ALG4HA,1.55854,5.328719459656472,3.7701794596564726,3.7701794596564726,AF,AF_mean,angle_engineered,LinearRegression
28,4ALG4HA,1.38725,5.487284055854471,4.100034055854471,4.100034055854471,AF,AF_mean,angle_engineered,LinearRegression
29,4ALG4HA,1.36564,5.645848652052456,4.280208652052456,4.280208652052456,AF,AF_mean,angle_engineered,LinearRegression
30,4ALG4HA,1.52016,5.8044132482504684,4.284253248250469,4.284253248250469,AF,AF_mean,angle_engineered,LinearRegression
31,4ALG4HA,1.21458,4.856065396565346,3.641485396565346,3.641485396565346,AF,AF_mean,angle_engineered,LinearRegression
32,4ALG4HA,1.18475,5.0251748774399,3.8404248774399,3.8404248774399,AF,AF_mean,angle_engineered,LinearRegression
33,4ALG4HA,1.00068,5.194284358314455,4.193604358314455,4.193604358314455,AF,AF_mean,angle_engineered,LinearRegression
34,4ALG4HA,1.15143,5.363393839188996,4.211963839188996,4.211963839188996,AF,AF_mean,angle_engineered,LinearRegression
35,4ALG4HA,1.18045,5.532503320063564,4.352053320063565,4.352053320063565,AF,AF_mean,angle_engineered,LinearRegression
36,4ALG6HA,1.97211,0.5818047012208035,-1.3903052987791966,1.3903052987791966,AF,AF_mean,angle_engineered,LinearRegression
37,4ALG6HA,2.18925,0.5241353503746214,-1.6651146496253784,1.6651146496253784,AF,AF_mean,angle_engineered,LinearRegression
38,4ALG6HA,1.94988,0.4664659995284377,-1.4834140004715624,1.4834140004715624,AF,AF_mean,angle_engineered,LinearRegression
39,4ALG6HA,1.45212,0.16414618646837686,-1.2879738135316232,1.2879738135316232,AF,AF_mean,angle_engineered,LinearRegression
40,4ALG6HA,1.42363,0.10956206479067365,-1.3140679352093263,1.3140679352093263,AF,AF_mean,angle_engineered,LinearRegression
41,4ALG6HA,1.35048,0.00039382143526212054,-1.3500861785647378,1.3500861785647378,AF,AF_mean,angle_engineered,LinearRegression
42,4ALG6HA,1.23805,-0.2913765037881906,-1.5294265037881907,1.5294265037881907,AF,AF_mean,angle_engineered,LinearRegression
43,4ALG6HA,1.18126,-0.13687982626050865,-1.3181398262605086,1.3181398262605086,AF,AF_mean,angle_engineered,LinearRegression
44,4ALG6HA,1.20002,-0.18837871876973833,-1.3883987187697384,1.3883987187697384,AF,AF_mean,angle_engineered,LinearRegression
45,4ALG6HA,1.15453,-0.23987761127896579,-1.3944076112789658,1.3944076112789658,AF,AF_mean,angle_engineered,LinearRegression
46,4ALG8HA,1.60113,-18.294083356859588,-19.89521335685959,19.89521335685959,AF,AF_mean,angle_engineered,LinearRegression
47,4ALG8HA,1.95358,-19.83835711168042,-21.79193711168042,21.79193711168042,AF,AF_mean,angle_engineered,LinearRegression
48,4ALG8HA,1.82522,-21.382630866501113,-23.207850866501115,23.207850866501115,AF,AF_mean,angle_engineered,LinearRegression
49,4ALG8HA,1.92546,-22.926904621321864,-24.852364621321865,24.852364621321865,AF,AF_mean,angle_engineered,LinearRegression
50,4ALG8HA,1.36288,-18.700573628130044,-20.063453628130045,20.063453628130045,AF,AF_mean,angle_engineered,LinearRegression
51,4ALG8HA,1.34172,-20.22138323409879,-21.56310323409879,21.56310323409879,AF,AF_mean,angle_engineered,LinearRegression
52,4ALG8HA,1.42105,-23.26300244603606,-24.684052446036063,24.684052446036063,AF,AF_mean,angle_engineered,LinearRegression
53,4ALG8HA,1.22687,-17.377048736349845,-18.603918736349847,18.603918736349847,AF,AF_mean,angle_engineered,LinearRegression
54,4ALG8HA,1.18756,-20.371739650582946,-21.559299650582947,21.559299650582947,AF,AF_mean,angle_engineered,LinearRegression
55,4ALG8HA,1.18237,-21.86908510769964,-23.05145510769964,23.05145510769964,AF,AF_mean,angle_engineered,LinearRegression
56,4ALG8HA,1.19584,-23.366430564816273,-24.562270564816274,24.562270564816274,AF,AF_mean,angle_engineered,LinearRegression
57,6ALG2HA,1.80075,36.338480512057686,34.537730512057685,34.537730512057685,AF,AF_mean,angle_engineered,LinearRegression
58,6ALG2HA,1.93806,36.10916868849058,34.17110868849058,34.17110868849058,AF,AF_mean,angle_engineered,LinearRegression
59,6ALG2HA,2.0106,35.87985686492346,33.86925686492346,33.86925686492346,AF,AF_mean,angle_engineered,LinearRegression
60,6ALG2HA,2.31133,35.65054504135636,33.33921504135636,33.33921504135636,AF,AF_mean,angle_engineered,LinearRegression
61,6ALG2HA,1.5134,35.6931257004299,34.179725700429906,34.179725700429906,AF,AF_mean,angle_engineered,LinearRegression
62,6ALG2HA,1.53985,35.47309958857906,33.93324958857906,33.93324958857906,AF,AF_mean,angle_engineered,LinearRegression
63,6ALG2HA,1.49433,35.25307347672821,33.75874347672821,33.75874347672821,AF,AF_mean,angle_engineered,LinearRegression
64,6ALG2HA,1.4624,35.033047364877376,33.570647364877374,33.570647364877374,AF,AF_mean,angle_engineered,LinearRegression
65,6ALG2HA,1.62994,34.81302125302653,33.18308125302653,33.18308125302653,AF,AF_mean,angle_engineered,LinearRegression
66,6ALG2HA,1.09488,35.30289812632818,34.20801812632818,34.20801812632818,AF,AF_mean,angle_engineered,LinearRegression
67,6ALG2HA,1.21931,35.092157726193584,33.872847726193584,33.872847726193584,AF,AF_mean,angle_engineered,LinearRegression
68,6ALG2HA,1.22121,34.67067692592443,33.44946692592443,33.44946692592443,AF,AF_mean,angle_engineered,LinearRegression
69,6ALG2HA,1.27114,34.45993652578985,33.18879652578985,33.18879652578985,AF,AF_mean,angle_engineered,LinearRegression
70,6ALG4HA,2.36855,0.8349980897578282,-1.5335519102421717,1.5335519102421717,AF,AF_mean,angle_engineered,LinearRegression
71,6ALG4HA,1.56292,0.8480592900859254,-0.7148607099140747,0.7148607099140747,AF,AF_mean,angle_engineered,LinearRegression
72,6ALG4HA,1.7423,0.8611204904140235,-0.8811795095859765,0.8811795095859765,AF,AF_mean,angle_engineered,LinearRegression
73,6ALG4HA,1.41795,0.3393002038810382,-1.0786497961189618,1.0786497961189618,AF,AF_mean,angle_engineered,LinearRegression
74,6ALG4HA,1.31523,0.3532853219040364,-0.9619446780959635,0.9619446780959635,AF,AF_mean,angle_engineered,LinearRegression
75,6ALG4HA,1.32876,0.36727043992703456,-0.9614895600729654,0.9614895600729654,AF,AF_mean,angle_engineered,LinearRegression
76,6ALG4HA,1.46489,0.38125555795003363,-1.0836344420499664,1.0836344420499664,AF,AF_mean,angle_engineered,LinearRegression
77,6ALG4HA,1.17845,0.08321211726925681,-1.0952378827307432,1.0952378827307432,AF,AF_mean,angle_engineered,LinearRegression
78,6ALG4HA,1.14397,0.09812115298715596,-1.045848847012844,1.045848847012844,AF,AF_mean,angle_engineered,LinearRegression
79,6ALG4HA,1.19772,0.1130301887050551,-1.0846898112949448,1.0846898112949448,AF,AF_mean,angle_engineered,LinearRegression
80,6ALG4HA,1.16671,0.12793922442295425,-1.0387707755770457,1.0387707755770457,AF,AF_mean,angle_engineered,LinearRegression
81,6ALG4HA,1.11558,0.14284826014085428,-0.9727317398591457,0.9727317398591457,AF,AF_mean,angle_engineered,LinearRegression
82,6ALG6HA,1.50363,83.61331795525695,82.10968795525694,82.10968795525694,AF,AF_mean,angle_engineered,LinearRegression
83,6ALG6HA,1.81434,89.43616307497473,87.62182307497473,87.62182307497473,AF,AF_mean,angle_engineered,LinearRegression
84,6ALG6HA,1.78987,92.34758563483352,90.55771563483353,90.55771563483353,AF,AF_mean,angle_engineered,LinearRegression
85,6ALG6HA,1.70334,95.2590081946923,93.5556681946923,93.5556681946923,AF,AF_mean,angle_engineered,LinearRegression
86,6ALG6HA,1.27302,83.13502920446582,81.86200920446582,81.86200920446582,AF,AF_mean,angle_engineered,LinearRegression
87,6ALG6HA,1.4647,86.04794604654731,84.58324604654732,84.58324604654732,AF,AF_mean,angle_engineered,LinearRegression
88,6ALG6HA,1.62833,88.96086288862902,87.33253288862902,87.33253288862902,AF,AF_mean,angle_engineered,LinearRegression
89,6ALG6HA,1.49292,91.87377973071051,90.38085973071051,90.38085973071051,AF,AF_mean,angle_engineered,LinearRegression
90,6ALG6HA,1.54228,94.78669657279201,93.244416572792,93.244416572792,AF,AF_mean,angle_engineered,LinearRegression
91,6ALG6HA,1.20107,82.95142724295157,81.75035724295157,81.75035724295157,AF,AF_mean,angle_engineered,LinearRegression
92,6ALG6HA,1.21688,85.86583836725578,84.64895836725577,84.64895836725577,AF,AF_mean,angle_engineered,LinearRegression
93,6ALG6HA,1.30275,88.7802494915602,87.4774994915602,87.4774994915602,AF,AF_mean,angle_engineered,LinearRegression
94,6ALG6HA,1.35987,91.69466061586498,90.33479061586497,90.33479061586497,AF,AF_mean,angle_engineered,LinearRegression
95,6ALG6HA,1.16353,94.60907174016906,93.44554174016906,93.44554174016906,AF,AF_mean,angle_engineered,LinearRegression
0,1ALG8HA,2.29017,1.8403498079131047,-0.44982019208689517,0.44982019208689517,AF,AF_mean,angle_engineered,SVR_RBF
1,1ALG8HA,1.7596,1.8067841796433932,0.047184179643393165,0.047184179643393165,AF,AF_mean,angle_engineered,SVR_RBF
2,1ALG8HA,1.80526,1.7596342209209372,-0.045625779079062845,0.045625779079062845,AF,AF_mean,angle_engineered,SVR_RBF
3,1ALG8HA,1.29597,1.5580115114631667,0.2620415114631667,0.2620415114631667,AF,AF_mean,angle_engineered,SVR_RBF
4,1ALG8HA,1.75407,1.7030059373251782,-0.051064062674821775,0.051064062674821775,AF,AF_mean,angle_engineered,SVR_RBF
5,1ALG8HA,1.28243,1.5244213944984766,0.24199139449847662,0.24199139449847662,AF,AF_mean,angle_engineered,SVR_RBF
6,1ALG8HA,1.30412,1.4891145795426084,0.18499457954260845,0.18499457954260845,AF,AF_mean,angle_engineered,SVR_RBF
7,1ALG8HA,1.38795,1.4548658522484983,0.06691585224849828,0.06691585224849828,AF,AF_mean,angle_engineered,SVR_RBF
8,1ALG8HA,1.05256,1.378452044143991,0.325892044143991,0.325892044143991,AF,AF_mean,angle_engineered,SVR_RBF
9,1ALG8HA,1.17187,1.3588058727741394,0.18693587277413948,0.18693587277413948,AF,AF_mean,angle_engineered,SVR_RBF
10,1ALG8HA,1.17573,1.3422361654963189,0.16650616549631891,0.16650616549631891,AF,AF_mean,angle_engineered,SVR_RBF
11,1ALG8HA,1.28156,1.3299142616906399,0.04835426169063983,0.04835426169063983,AF,AF_mean,angle_engineered,SVR_RBF
12,2ALG8HA,2.04975,1.9419895045618807,-0.10776049543811927,0.10776049543811927,AF,AF_mean,angle_engineered,SVR_RBF
13,2ALG8HA,1.87831,1.864907618373088,-0.013402381626911986,0.013402381626911986,AF,AF_mean,angle_engineered,SVR_RBF
14,2ALG8HA,1.74885,1.8074668812727124,0.05861688127271236,0.05861688127271236,AF,AF_mean,angle_engineered,SVR_RBF
15,2ALG8HA,1.4926,1.4357744267293515,-0.05682557327064841,0.05682557327064841,AF,AF_mean,angle_engineered,SVR_RBF
16,2ALG8HA,1.39505,1.4796420030975743,0.08459200309757442,0.08459200309757442,AF,AF_mean,angle_engineered,SVR_RBF
17,2ALG8HA,1.44103,1.5305304446751125,0.08950044467511242,0.08950044467511242,AF,AF_mean,angle_engineered,SVR_RBF
18,2ALG8HA,1.42223,1.5740790865094656,0.1518490865094655,0.1518490865094655,AF,AF_mean,angle_engineered,SVR_RBF
19,2ALG8HA,1.2125,1.177401295683947,-0.03509870431605289,0.03509870431605289,AF,AF_mean,angle_engineered,SVR_RBF
20,2ALG8HA,1.19111,1.237657488570644,0.04654748857064406,0.04654748857064406,AF,AF_mean,angle_engineered,SVR_RBF
21,2ALG8HA,1.16533,1.30988784018356,0.1445578401835601,0.1445578401835601,AF,AF_mean,angle_engineered,SVR_RBF
22,2ALG8HA,1.16534,1.3768537682175712,0.21151376821757117,0.21151376821757117,AF,AF_mean,angle_engineered,SVR_RBF
23,2ALG8HA,1.20579,1.4251106651335177,0.21932066513351778,0.21932066513351778,AF,AF_mean,angle_engineered,SVR_RBF
24,4ALG4HA,1.80422,2.050797611233156,0.2465776112331559,0.2465776112331559,AF,AF_mean,angle_engineered,SVR_RBF
25,4ALG4HA,2.44505,2.1094394753779215,-0.33561052462207863,0.33561052462207863,AF,AF_mean,angle_engineered,SVR_RBF
26,4ALG4HA,2.14773,2.202901509217828,0.055171509217827985,0.055171509217827985,AF,AF_mean,angle_engineered,SVR_RBF
27,4ALG4HA,1.55854,1.6385106583466773,0.07997065834667727,0.07997065834667727,AF,AF_mean,angle_engineered,SVR_RBF
28,4ALG4HA,1.38725,1.6509550070488421,0.26370500704884203,0.26370500704884203,AF,AF_mean,angle_engineered,SVR_RBF
29,4ALG4HA,1.36564,1.6612289569176755,0.2955889569176755,0.2955889569176755,AF,AF_mean,angle_engineered,SVR_RBF
30,4ALG4HA,1.52016,1.669260866133444,0.1491008661334441,0.1491008661334441,AF,AF_mean,angle_engineered,SVR_RBF
31,4ALG4HA,1.21458,1.3025497024447783,0.08796970244477831,0.08796970244477831,AF,AF_mean,angle_engineered,SVR_RBF
32,4ALG4HA,1.18475,1.308331800905482,0.1235818009054821,0.1235818009054821,AF,AF_mean,angle_engineered,SVR_RBF
33,4ALG4HA,1.00068,1.3144886475641637,0.3138086475641637,0.3138086475641637,AF,AF_mean,angle_engineered,SVR_RBF
34,4ALG4HA,1.15143,1.3206722189996618,0.16924221899966185,0.16924221899966185,AF,AF_mean,angle_engineered,SVR_RBF
35,4ALG4HA,1.18045,1.326654562559901,0.1462045625599011,0.1462045625599011,AF,AF_mean,angle_engineered,SVR_RBF
36,4ALG6HA,1.97211,1.911110768216869,-0.060999231783130936,0.060999231783130936,AF,AF_mean,angle_engineered,SVR_RBF
37,4ALG6HA,2.18925,1.8846273095017037,-0.30462269049829627,0.30462269049829627,AF,AF_mean,angle_engineered,SVR_RBF
38,4ALG6HA,1.94988,1.860132504265898,-0.08974749573410201,0.08974749573410201,AF,AF_mean,angle_engineered,SVR_RBF
39,4ALG6HA,1.45212,1.4404454104702464,-0.011674589529753643,0.011674589529753643,AF,AF_mean,angle_engineered,SVR_RBF
40,4ALG6HA,1.42363,1.3843557588678221,-0.03927424113217781,0.03927424113217781,AF,AF_mean,angle_engineered,SVR_RBF
41,4ALG6HA,1.35048,1.348641390020652,-0.0018386099793479271,0.0018386099793479271,AF,AF_mean,angle_engineered,SVR_RBF
42,4ALG6HA,1.23805,1.1439944817003798,-0.09405551829962033,0.09405551829962033,AF,AF_mean,angle_engineered,SVR_RBF
43,4ALG6HA,1.18126,1.1616758594441003,-0.019584140555899632,0.019584140555899632,AF,AF_mean,angle_engineered,SVR_RBF
44,4ALG6HA,1.20002,1.132310184611761,-0.06770981538823917,0.06770981538823917,AF,AF_mean,angle_engineered,SVR_RBF
45,4ALG6HA,1.15453,1.1278748951355544,-0.026655104864445667,0.026655104864445667,AF,AF_mean,angle_engineered,SVR_RBF
46,4ALG8HA,1.60113,1.5710439895808472,-0.03008601041915271,0.03008601041915271,AF,AF_mean,angle_engineered,SVR_RBF
47,4ALG8HA,1.95358,1.620899004613083,-0.3326809953869172,0.3326809953869172,AF,AF_mean,angle_engineered,SVR_RBF
48,4ALG8HA,1.82522,1.6809139440325331,-0.14430605596746693,0.14430605596746693,AF,AF_mean,angle_engineered,SVR_RBF
49,4ALG8HA,1.92546,1.7348495368698154,-0.1906104631301846,0.1906104631301846,AF,AF_mean,angle_engineered,SVR_RBF
50,4ALG8HA,1.36288,1.21606773924032,-0.14681226075968,0.14681226075968,AF,AF_mean,angle_engineered,SVR_RBF
51,4ALG8HA,1.34172,1.3008427878625854,-0.040877212137414576,0.040877212137414576,AF,AF_mean,angle_engineered,SVR_RBF
52,4ALG8HA,1.42105,1.471866329272464,0.050816329272464156,0.050816329272464156,AF,AF_mean,angle_engineered,SVR_RBF
53,4ALG8HA,1.22687,1.1930107305912265,-0.033859269408773374,0.033859269408773374,AF,AF_mean,angle_engineered,SVR_RBF
54,4ALG8HA,1.18756,1.240664650462209,0.053104650462209024,0.053104650462209024,AF,AF_mean,angle_engineered,SVR_RBF
55,4ALG8HA,1.18237,1.257115580021553,0.07474558002155307,0.07474558002155307,AF,AF_mean,angle_engineered,SVR_RBF
56,4ALG8HA,1.19584,1.2587559667547408,0.06291596675474076,0.06291596675474076,AF,AF_mean,angle_engineered,SVR_RBF
57,6ALG2HA,1.80075,1.665993900795851,-0.134756099204149,0.134756099204149,AF,AF_mean,angle_engineered,SVR_RBF
58,6ALG2HA,1.93806,1.6708699139740122,-0.2671900860259877,0.2671900860259877,AF,AF_mean,angle_engineered,SVR_RBF
59,6ALG2HA,2.0106,1.664274961295867,-0.3463250387041332,0.3463250387041332,AF,AF_mean,angle_engineered,SVR_RBF
60,6ALG2HA,2.31133,1.6470745258271955,-0.6642554741728044,0.6642554741728044,AF,AF_mean,angle_engineered,SVR_RBF
61,6ALG2HA,1.5134,1.5355972034112664,0.022197203411266297,0.022197203411266297,AF,AF_mean,angle_engineered,SVR_RBF
62,6ALG2HA,1.53985,1.533010530021341,-0.006839469978658919,0.006839469978658919,AF,AF_mean,angle_engineered,SVR_RBF
63,6ALG2HA,1.49433,1.5292426706441655,0.03491267064416559,0.03491267064416559,AF,AF_mean,angle_engineered,SVR_RBF
64,6ALG2HA,1.4624,1.5246512244189232,0.06225122441892328,0.06225122441892328,AF,AF_mean,angle_engineered,SVR_RBF
65,6ALG2HA,1.62994,1.5195902282568614,-0.11034977174313854,0.11034977174313854,AF,AF_mean,angle_engineered,SVR_RBF
66,6ALG2HA,1.09488,1.4279333048846894,0.3330533048846893,0.3330533048846893,AF,AF_mean,angle_engineered,SVR_RBF
67,6ALG2HA,1.21931,1.4181506092773757,0.1988406092773758,0.1988406092773758,AF,AF_mean,angle_engineered,SVR_RBF
68,6ALG2HA,1.22121,1.4039638142171609,0.18275381421716097,0.18275381421716097,AF,AF_mean,angle_engineered,SVR_RBF
69,6ALG2HA,1.27114,1.399834067076566,0.12869406707656617,0.12869406707656617,AF,AF_mean,angle_engineered,SVR_RBF
70,6ALG4HA,2.36855,1.8899437424980647,-0.4786062575019352,0.4786062575019352,AF,AF_mean,angle_engineered,SVR_RBF
71,6ALG4HA,1.56292,1.9135970304104337,0.35067703041043363,0.35067703041043363,AF,AF_mean,angle_engineered,SVR_RBF
72,6ALG4HA,1.7423,1.934628851906491,0.19232885190649096,0.19232885190649096,AF,AF_mean,angle_engineered,SVR_RBF
73,6ALG4HA,1.41795,1.1387564747864065,-0.27919352521359353,0.27919352521359353,AF,AF_mean,angle_engineered,SVR_RBF
74,6ALG4HA,1.31523,1.1609081176234466,-0.1543218823765533,0.1543218823765533,AF,AF_mean,angle_engineered,SVR_RBF
75,6ALG4HA,1.32876,1.1937487598082661,-0.13501124019173383,0.13501124019173383,AF,AF_mean,angle_engineered,SVR_RBF
76,6ALG4HA,1.46489,1.2361352904570544,-0.22875470954294563,0.22875470954294563,AF,AF_mean,angle_engineered,SVR_RBF
77,6ALG4HA,1.17845,1.0498215605768533,-0.12862843942314672,0.12862843942314672,AF,AF_mean,angle_engineered,SVR_RBF
78,6ALG4HA,1.14397,1.075894196990337,-0.06807580300966287,0.06807580300966287,AF,AF_mean,angle_engineered,SVR_RBF
79,6ALG4HA,1.19772,1.1103438527605618,-0.0873761472394381,0.0873761472394381,AF,AF_mean,angle_engineered,SVR_RBF
80,6ALG4HA,1.16671,1.1513146759411097,-0.015395324058890214,0.015395324058890214,AF,AF_mean,angle_engineered,SVR_RBF
81,6ALG4HA,1.11558,1.19663041137278,0.0810504113727799,0.0810504113727799,AF,AF_mean,angle_engineered,SVR_RBF
82,6ALG6HA,1.50363,1.5585980407526299,0.05496804075262984,0.05496804075262984,AF,AF_mean,angle_engineered,SVR_RBF
83,6ALG6HA,1.81434,1.6166076029750172,-0.1977323970249829,0.1977323970249829,AF,AF_mean,angle_engineered,SVR_RBF
84,6ALG6HA,1.78987,1.638792970085425,-0.15107702991457517,0.15107702991457517,AF,AF_mean,angle_engineered,SVR_RBF
85,6ALG6HA,1.70334,1.6547459872554535,-0.048594012744546555,0.048594012744546555,AF,AF_mean,angle_engineered,SVR_RBF
86,6ALG6HA,1.27302,1.460577304647407,0.18755730464740705,0.18755730464740705,AF,AF_mean,angle_engineered,SVR_RBF
87,6ALG6HA,1.4647,1.486160156756608,0.021460156756608173,0.021460156756608173,AF,AF_mean,angle_engineered,SVR_RBF
88,6ALG6HA,1.62833,1.5065249884097185,-0.12180501159028156,0.12180501159028156,AF,AF_mean,angle_engineered,SVR_RBF
89,6ALG6HA,1.49292,1.5212818212564945,0.028361821256494446,0.028361821256494446,AF,AF_mean,angle_engineered,SVR_RBF
90,6ALG6HA,1.54228,1.5305603947771274,-0.011719605222872742,0.011719605222872742,AF,AF_mean,angle_engineered,SVR_RBF
91,6ALG6HA,1.20107,1.28533277956372,0.08426277956371986,0.08426277956371986,AF,AF_mean,angle_engineered,SVR_RBF
92,6ALG6HA,1.21688,1.3013987136871397,0.0845187136871397,0.0845187136871397,AF,AF_mean,angle_engineered,SVR_RBF
93,6ALG6HA,1.30275,1.3179895717705263,0.015239571770526261,0.015239571770526261,AF,AF_mean,angle_engineered,SVR_RBF
94,6ALG6HA,1.35987,1.334722798644125,-0.025147201355874893,0.025147201355874893,AF,AF_mean,angle_engineered,SVR_RBF
95,6ALG6HA,1.16353,1.3513171222005165,0.18778712220051652,0.18778712220051652,AF,AF_mean,angle_engineered,SVR_RBF
0,1ALG8HA,2.29017,1.9474849510714287,-0.3426850489285711,0.3426850489285711,AF,AF_mean,angle_engineered,RandomForest
1,1ALG8HA,1.7596,1.963292565238096,0.20369256523809587,0.20369256523809587,AF,AF_mean,angle_engineered,RandomForest
2,1ALG8HA,1.80526,1.9732311727380958,0.1679711727380957,0.1679711727380957,AF,AF_mean,angle_engineered,RandomForest
3,1ALG8HA,1.29597,1.4731784714814824,0.17720847148148233,0.17720847148148233,AF,AF_mean,angle_engineered,RandomForest
4,1ALG8HA,1.75407,1.974289940079365,0.22021994007936496,0.22021994007936496,AF,AF_mean,angle_engineered,RandomForest
5,1ALG8HA,1.28243,1.4690715482671968,0.1866415482671968,0.1866415482671968,AF,AF_mean,angle_engineered,RandomForest
6,1ALG8HA,1.30412,1.4640559657275143,0.15993596572751434,0.15993596572751434,AF,AF_mean,angle_engineered,RandomForest
7,1ALG8HA,1.38795,1.4635453873941813,0.07559538739418126,0.07559538739418126,AF,AF_mean,angle_engineered,RandomForest
8,1ALG8HA,1.05256,1.1588802312301585,0.10632023123015855,0.10632023123015855,AF,AF_mean,angle_engineered,RandomForest
9,1ALG8HA,1.17187,1.1652508395634922,-0.006619160436507787,0.006619160436507787,AF,AF_mean,angle_engineered,RandomForest
10,1ALG8HA,1.17573,1.1839442955952384,0.008214295595238452,0.008214295595238452,AF,AF_mean,angle_engineered,RandomForest
11,1ALG8HA,1.28156,1.192775558412699,-0.08878444158730092,0.08878444158730092,AF,AF_mean,angle_engineered,RandomForest
12,2ALG8HA,2.04975,1.8913251616931226,-0.15842483830687737,0.15842483830687737,AF,AF_mean,angle_engineered,RandomForest
13,2ALG8HA,1.87831,1.9091483764947095,0.030838376494709552,0.030838376494709552,AF,AF_mean,angle_engineered,RandomForest
14,2ALG8HA,1.74885,1.8877893846296316,0.13893938462963162,0.13893938462963162,AF,AF_mean,angle_engineered,RandomForest
15,2ALG8HA,1.4926,1.3682947198412707,-0.12430528015872921,0.12430528015872921,AF,AF_mean,angle_engineered,RandomForest
16,2ALG8HA,1.39505,1.3583488129761907,-0.0367011870238092,0.0367011870238092,AF,AF_mean,angle_engineered,RandomForest
17,2ALG8HA,1.44103,1.3589521472619053,-0.08207785273809476,0.08207785273809476,AF,AF_mean,angle_engineered,RandomForest
18,2ALG8HA,1.42223,1.3631647050396827,-0.05906529496031743,0.05906529496031743,AF,AF_mean,angle_engineered,RandomForest
19,2ALG8HA,1.2125,1.1958700329365075,-0.0166299670634924,0.0166299670634924,AF,AF_mean,angle_engineered,RandomForest
20,2ALG8HA,1.19111,1.2202799594841265,0.029169959484126595,0.029169959484126595,AF,AF_mean,angle_engineered,RandomForest
21,2ALG8HA,1.16533,1.2233048367063488,0.05797483670634884,0.05797483670634884,AF,AF_mean,angle_engineered,RandomForest
22,2ALG8HA,1.16534,1.2110101623412692,0.045670162341269194,0.045670162341269194,AF,AF_mean,angle_engineered,RandomForest
23,2ALG8HA,1.20579,1.211029205515873,0.00523920551587298,0.00523920551587298,AF,AF_mean,angle_engineered,RandomForest
24,4ALG4HA,1.80422,2.068401296031746,0.264181296031746,0.264181296031746,AF,AF_mean,angle_engineered,RandomForest
25,4ALG4HA,2.44505,2.074157601587302,-0.3708923984126984,0.3708923984126984,AF,AF_mean,angle_engineered,RandomForest
26,4ALG4HA,2.14773,2.112427088571429,-0.035302911428571004,0.035302911428571004,AF,AF_mean,angle_engineered,RandomForest
27,4ALG4HA,1.55854,1.4222992294841277,-0.13624077051587236,0.13624077051587236,AF,AF_mean,angle_engineered,RandomForest
28,4ALG4HA,1.38725,1.4150925848809528,0.027842584880952703,0.027842584880952703,AF,AF_mean,angle_engineered,RandomForest
29,4ALG4HA,1.36564,1.4144644684920635,0.048824468492063566,0.048824468492063566,AF,AF_mean,angle_engineered,RandomForest
30,4ALG4HA,1.52016,1.4143112862698417,-0.10584871373015825,0.10584871373015825,AF,AF_mean,angle_engineered,RandomForest
31,4ALG4HA,1.21458,1.1329304981746013,-0.08164950182539865,0.08164950182539865,AF,AF_mean,angle_engineered,RandomForest
32,4ALG4HA,1.18475,1.1738992264682528,-0.010850773531747127,0.010850773531747127,AF,AF_mean,angle_engineered,RandomForest
33,4ALG4HA,1.00068,1.18496408813492,0.18428408813491992,0.18428408813491992,AF,AF_mean,angle_engineered,RandomForest
34,4ALG4HA,1.15143,1.198301675753968,0.046871675753968,0.046871675753968,AF,AF_mean,angle_engineered,RandomForest
35,4ALG4HA,1.18045,1.2047574433730148,0.024307443373014825,0.024307443373014825,AF,AF_mean,angle_engineered,RandomForest
36,4ALG6HA,1.97211,1.7702070646957673,-0.20190293530423276,0.20190293530423276,AF,AF_mean,angle_engineered,RandomForest
37,4ALG6HA,2.18925,1.7322210178306883,-0.45702898216931165,0.45702898216931165,AF,AF_mean,angle_engineered,RandomForest
38,4ALG6HA,1.94988,1.714536441521165,-0.23534355847883504,0.23534355847883504,AF,AF_mean,angle_engineered,RandomForest
39,4ALG6HA,1.45212,1.3648343835449743,-0.08728561645502575,0.08728561645502575,AF,AF_mean,angle_engineered,RandomForest
40,4ALG6HA,1.42363,1.385883087116402,-0.03774691288359788,0.03774691288359788,AF,AF_mean,angle_engineered,RandomForest
41,4ALG6HA,1.35048,1.3775740993915342,0.027094099391534288,0.027094099391534288,AF,AF_mean,angle_engineered,RandomForest
42,4ALG6HA,1.23805,1.1922049476190477,-0.04584505238095238,0.04584505238095238,AF,AF_mean,angle_engineered,RandomForest
43,4ALG6HA,1.18126,1.1739852101587298,-0.007274789841270168,0.007274789841270168,AF,AF_mean,angle_engineered,RandomForest
44,4ALG6HA,1.20002,1.1820440736507938,-0.017975926349206306,0.017975926349206306,AF,AF_mean,angle_engineered,RandomForest
45,4ALG6HA,1.15453,1.189787715079365,0.035257715079364926,0.035257715079364926,AF,AF_mean,angle_engineered,RandomForest
46,4ALG8HA,1.60113,1.7548919373412695,0.15376193734126953,0.15376193734126953,AF,AF_mean,angle_engineered,RandomForest
47,4ALG8HA,1.95358,1.7371592204365072,-0.21642077956349293,0.21642077956349293,AF,AF_mean,angle_engineered,RandomForest
48,4ALG8HA,1.82522,1.7398990937698413,-0.08532090623015876,0.08532090623015876,AF,AF_mean,angle_engineered,RandomForest
49,4ALG8HA,1.92546,1.7329441871428568,-0.19251581285714314,0.19251581285714314,AF,AF_mean,angle_engineered,RandomForest
50,4ALG8HA,1.36288,1.4203680553174602,0.05748805531746015,0.05748805531746015,AF,AF_mean,angle_engineered,RandomForest
51,4ALG8HA,1.34172,1.4173996037301586,0.07567960373015858,0.07567960373015858,AF,AF_mean,angle_engineered,RandomForest
52,4ALG8HA,1.42105,1.4423497660714293,0.02129976607142936,0.02129976607142936,AF,AF_mean,angle_engineered,RandomForest
53,4ALG8HA,1.22687,1.2080101080820107,-0.018859891917989202,0.018859891917989202,AF,AF_mean,angle_engineered,RandomForest
54,4ALG8HA,1.18756,1.2059347614682545,0.018374761468254563,0.018374761468254563,AF,AF_mean,angle_engineered,RandomForest
55,4ALG8HA,1.18237,1.2094097263888894,0.027039726388889518,0.027039726388889518,AF,AF_mean,angle_engineered,RandomForest
56,4ALG8HA,1.19584,1.2298565638888894,0.034016563888889406,0.034016563888889406,AF,AF_mean,angle_engineered,RandomForest
57,6ALG2HA,1.80075,2.1637093896693123,0.3629593896693122,0.3629593896693122,AF,AF_mean,angle_engineered,RandomForest
58,6ALG2HA,1.93806,2.180645503002646,0.24258550300264603,0.24258550300264603,AF,AF_mean,angle_engineered,RandomForest
59,6ALG2HA,2.0106,2.157911864113757,0.14731186411375674,0.14731186411375674,AF,AF_mean,angle_engineered,RandomForest
60,6ALG2HA,2.31133,2.1598018977645497,-0.1515281022354502,0.1515281022354502,AF,AF_mean,angle_engineered,RandomForest
61,6ALG2HA,1.5134,1.4237347505158728,-0.08966524948412724,0.08966524948412724,AF,AF_mean,angle_engineered,RandomForest
62,6ALG2HA,1.53985,1.4279756666666665,-0.11187433333333341,0.11187433333333341,AF,AF_mean,angle_engineered,RandomForest
63,6ALG2HA,1.49433,1.4153367039682534,-0.07899329603174654,0.07899329603174654,AF,AF_mean,angle_engineered,RandomForest
64,6ALG2HA,1.4624,1.413215372301587,-0.04918462769841292,0.04918462769841292,AF,AF_mean,angle_engineered,RandomForest
65,6ALG2HA,1.62994,1.4157185386507938,-0.21422146134920617,0.21422146134920617,AF,AF_mean,angle_engineered,RandomForest
66,6ALG2HA,1.09488,1.135700395436506,0.04082039543650584,0.04082039543650584,AF,AF_mean,angle_engineered,RandomForest
67,6ALG2HA,1.21931,1.1360375893253953,-0.08327241067460456,0.08327241067460456,AF,AF_mean,angle_engineered,RandomForest
68,6ALG2HA,1.22121,1.1571331918386225,-0.0640768081613774,0.0640768081613774,AF,AF_mean,angle_engineered,RandomForest
69,6ALG2HA,1.27114,1.1635200179100518,-0.10761998208994816,0.10761998208994816,AF,AF_mean,angle_engineered,RandomForest
70,6ALG4HA,2.36855,2.101243175185184,-0.26730682481481605,0.26730682481481605,AF,AF_mean,angle_engineered,RandomForest
71,6ALG4HA,1.56292,2.102233275185184,0.5393132751851839,0.5393132751851839,AF,AF_mean,angle_engineered,RandomForest
72,6ALG4HA,1.7423,2.1000087557407396,0.3577087557407397,0.3577087557407397,AF,AF_mean,angle_engineered,RandomForest
73,6ALG4HA,1.41795,1.4469046297222232,0.02895462972222318,0.02895462972222318,AF,AF_mean,angle_engineered,RandomForest
74,6ALG4HA,1.31523,1.440055300714287,0.12482530071428699,0.12482530071428699,AF,AF_mean,angle_engineered,RandomForest
75,6ALG4HA,1.32876,1.5302095781349234,0.20144957813492348,0.20144957813492348,AF,AF_mean,angle_engineered,RandomForest
76,6ALG4HA,1.46489,1.5315023245238122,0.06661232452381216,0.06661232452381216,AF,AF_mean,angle_engineered,RandomForest
77,6ALG4HA,1.17845,1.1982321285846556,0.019782128584655556,0.019782128584655556,AF,AF_mean,angle_engineered,RandomForest
78,6ALG4HA,1.14397,1.198486915965608,0.05451691596560804,0.05451691596560804,AF,AF_mean,angle_engineered,RandomForest
79,6ALG4HA,1.19772,1.197992546402116,0.0002725464021160473,0.0002725464021160473,AF,AF_mean,angle_engineered,RandomForest
80,6ALG4HA,1.16671,1.2259903990343906,0.05928039903439064,0.05928039903439064,AF,AF_mean,angle_engineered,RandomForest
81,6ALG4HA,1.11558,1.2345820046825389,0.11900200468253885,0.11900200468253885,AF,AF_mean,angle_engineered,RandomForest
82,6ALG6HA,1.50363,1.8299233819841272,0.32629338198412716,0.32629338198412716,AF,AF_mean,angle_engineered,RandomForest
83,6ALG6HA,1.81434,1.8208408931746036,0.006500893174603561,0.006500893174603561,AF,AF_mean,angle_engineered,RandomForest
84,6ALG6HA,1.78987,1.8205667153968257,0.030696715396825613,0.030696715396825613,AF,AF_mean,angle_engineered,RandomForest
85,6ALG6HA,1.70334,1.821501398730159,0.11816139873015885,0.11816139873015885,AF,AF_mean,angle_engineered,RandomForest
86,6ALG6HA,1.27302,1.3932545525925932,0.12023455259259319,0.12023455259259319,AF,AF_mean,angle_engineered,RandomForest
87,6ALG6HA,1.4647,1.3919230841005297,-0.07277691589947022,0.07277691589947022,AF,AF_mean,angle_engineered,RandomForest
88,6ALG6HA,1.62833,1.3976587847354505,-0.2306712152645496,0.2306712152645496,AF,AF_mean,angle_engineered,RandomForest
89,6ALG6HA,1.49292,1.405747693783069,-0.08717230621693095,0.08717230621693095,AF,AF_mean,angle_engineered,RandomForest
90,6ALG6HA,1.54228,1.4051147771164025,-0.13716522288359756,0.13716522288359756,AF,AF_mean,angle_engineered,RandomForest
91,6ALG6HA,1.20107,1.181483148055557,-0.019586851944443096,0.019586851944443096,AF,AF_mean,angle_engineered,RandomForest
92,6ALG6HA,1.21688,1.1820338088492077,-0.03484619115079224,0.03484619115079224,AF,AF_mean,angle_engineered,RandomForest
93,6ALG6HA,1.30275,1.174723988650794,-0.128026011349206,0.128026011349206,AF,AF_mean,angle_engineered,RandomForest
94,6ALG6HA,1.35987,1.1755225605555562,-0.18434743944444376,0.18434743944444376,AF,AF_mean,angle_engineered,RandomForest
95,6ALG6HA,1.16353,1.1760814693253976,0.012551469325397635,0.012551469325397635,AF,AF_mean,angle_engineered,RandomForest
0,1ALG8HA,2.29017,1.707057133865906,-0.5831128661340939,0.5831128661340939,AF,AF_mean,angle_engineered,GradientBoosting
1,1ALG8HA,1.7596,1.9864020491642211,0.2268020491642211,0.2268020491642211,AF,AF_mean,angle_engineered,GradientBoosting
2,1ALG8HA,1.80526,1.9497288398132415,0.14446883981324143,0.14446883981324143,AF,AF_mean,angle_engineered,GradientBoosting
3,1ALG8HA,1.29597,1.5498312621168253,0.25386126211682525,0.25386126211682525,AF,AF_mean,angle_engineered,GradientBoosting
4,1ALG8HA,1.75407,1.9434544875322173,0.18938448753221726,0.18938448753221726,AF,AF_mean,angle_engineered,GradientBoosting
5,1ALG8HA,1.28243,1.488330764471188,0.2059007644711881,0.2059007644711881,AF,AF_mean,angle_engineered,GradientBoosting
6,1ALG8HA,1.30412,1.4590061079218022,0.15488610792180224,0.15488610792180224,AF,AF_mean,angle_engineered,GradientBoosting
7,1ALG8HA,1.38795,1.4590061079218022,0.07105610792180217,0.07105610792180217,AF,AF_mean,angle_engineered,GradientBoosting
8,1ALG8HA,1.05256,1.1698306856305785,0.11727068563057852,0.11727068563057852,AF,AF_mean,angle_engineered,GradientBoosting
9,1ALG8HA,1.17187,1.1698831516616826,-0.001986848338317415,0.001986848338317415,AF,AF_mean,angle_engineered,GradientBoosting
10,1ALG8HA,1.17573,1.174516649556063,-0.0012133504439368892,0.0012133504439368892,AF,AF_mean,angle_engineered,GradientBoosting
11,1ALG8HA,1.28156,1.174516649556063,-0.10704335044393698,0.10704335044393698,AF,AF_mean,angle_engineered,GradientBoosting
12,2ALG8HA,2.04975,1.9876282721038834,-0.062121727896116585,0.062121727896116585,AF,AF_mean,angle_engineered,GradientBoosting
13,2ALG8HA,1.87831,2.046314332048116,0.16800433204811593,0.16800433204811593,AF,AF_mean,angle_engineered,GradientBoosting
14,2ALG8HA,1.74885,2.0331353838018815,0.2842853838018815,0.2842853838018815,AF,AF_mean,angle_engineered,GradientBoosting
15,2ALG8HA,1.4926,1.4062710098670403,-0.08632899013295958,0.08632899013295958,AF,AF_mean,angle_engineered,GradientBoosting
16,2ALG8HA,1.39505,1.415078256943802,0.02002825694380217,0.02002825694380217,AF,AF_mean,angle_engineered,GradientBoosting
17,2ALG8HA,1.44103,1.4341011893230375,-0.0069288106769624935,0.0069288106769624935,AF,AF_mean,angle_engineered,GradientBoosting
18,2ALG8HA,1.42223,1.4485007603906583,0.026270760390658232,0.026270760390658232,AF,AF_mean,angle_engineered,GradientBoosting
19,2ALG8HA,1.2125,1.2233518581671652,0.010851858167165274,0.010851858167165274,AF,AF_mean,angle_engineered,GradientBoosting
20,2ALG8HA,1.19111,1.2233518581671652,0.032241858167165294,0.032241858167165294,AF,AF_mean,angle_engineered,GradientBoosting
21,2ALG8HA,1.16533,1.232159105243927,0.06682910524392693,0.06682910524392693,AF,AF_mean,angle_engineered,GradientBoosting
22,2ALG8HA,1.16534,1.2511820376231624,0.08584203762316234,0.08584203762316234,AF,AF_mean,angle_engineered,GradientBoosting
23,2ALG8HA,1.20579,1.2888324286904833,0.0830424286904834,0.0830424286904834,AF,AF_mean,angle_engineered,GradientBoosting
24,4ALG4HA,1.80422,1.9060839961523555,0.10186399615235553,0.10186399615235553,AF,AF_mean,angle_engineered,GradientBoosting
25,4ALG4HA,2.44505,1.9733066416548304,-0.4717433583451698,0.4717433583451698,AF,AF_mean,angle_engineered,GradientBoosting
26,4ALG4HA,2.14773,2.0016967195543196,-0.14603328044568054,0.14603328044568054,AF,AF_mean,angle_engineered,GradientBoosting
27,4ALG4HA,1.55854,1.5422186448713047,-0.01632135512869537,0.01632135512869537,AF,AF_mean,angle_engineered,GradientBoosting
28,4ALG4HA,1.38725,1.5429662836833857,0.15571628368338564,0.15571628368338564,AF,AF_mean,angle_engineered,GradientBoosting
29,4ALG4HA,1.36564,1.5040392642083262,0.13839926420832627,0.13839926420832627,AF,AF_mean,angle_engineered,GradientBoosting
30,4ALG4HA,1.52016,1.519216682150307,-0.0009433178496929262,0.0009433178496929262,AF,AF_mean,angle_engineered,GradientBoosting
31,4ALG4HA,1.21458,1.12697283175079,-0.08760716824920989,0.08760716824920989,AF,AF_mean,angle_engineered,GradientBoosting
32,4ALG4HA,1.18475,1.1898124097604221,0.00506240976042216,0.00506240976042216,AF,AF_mean,angle_engineered,GradientBoosting
33,4ALG4HA,1.00068,1.1921206259111388,0.19144062591113875,0.19144062591113875,AF,AF_mean,angle_engineered,GradientBoosting
34,4ALG4HA,1.15143,1.1979331014523018,0.046503101452301854,0.046503101452301854,AF,AF_mean,angle_engineered,GradientBoosting
35,4ALG4HA,1.18045,1.2040116360303614,0.023561636030361433,0.023561636030361433,AF,AF_mean,angle_engineered,GradientBoosting
36,4ALG6HA,1.97211,1.9438541142736097,-0.028255885726390373,0.028255885726390373,AF,AF_mean,angle_engineered,GradientBoosting
37,4ALG6HA,2.18925,1.877328298855102,-0.3119217011448978,0.3119217011448978,AF,AF_mean,angle_engineered,GradientBoosting
38,4ALG6HA,1.94988,1.9556933370080738,0.005813337008073738,0.005813337008073738,AF,AF_mean,angle_engineered,GradientBoosting
39,4ALG6HA,1.45212,1.308114299320328,-0.144005700679672,0.144005700679672,AF,AF_mean,angle_engineered,GradientBoosting
40,4ALG6HA,1.42363,1.3562472035743565,-0.06738279642564349,0.06738279642564349,AF,AF_mean,angle_engineered,GradientBoosting
41,4ALG6HA,1.35048,1.3581301752165391,0.007650175216539212,0.007650175216539212,AF,AF_mean,angle_engineered,GradientBoosting
42,4ALG6HA,1.23805,1.1947056959162736,-0.04334430408372647,0.04334430408372647,AF,AF_mean,angle_engineered,GradientBoosting
43,4ALG6HA,1.18126,1.1692263748786649,-0.012033625121335101,0.012033625121335101,AF,AF_mean,angle_engineered,GradientBoosting
44,4ALG6HA,1.20002,1.16708262831017,-0.03293737168983002,0.03293737168983002,AF,AF_mean,angle_engineered,GradientBoosting
45,4ALG6HA,1.15453,1.16708262831017,0.012552628310170011,0.012552628310170011,AF,AF_mean,angle_engineered,GradientBoosting
46,4ALG8HA,1.60113,1.710317492223049,0.10918749222304913,0.10918749222304913,AF,AF_mean,angle_engineered,GradientBoosting
47,4ALG8HA,1.95358,1.7144174947346973,-0.2391625052653028,0.2391625052653028,AF,AF_mean,angle_engineered,GradientBoosting
48,4ALG8HA,1.82522,1.7144174947346973,-0.11080250526530278,0.11080250526530278,AF,AF_mean,angle_engineered,GradientBoosting
49,4ALG8HA,1.92546,1.7388615506232739,-0.1865984493767261,0.1865984493767261,AF,AF_mean,angle_engineered,GradientBoosting
50,4ALG8HA,1.36288,1.4126202285037597,0.04974022850375959,0.04974022850375959,AF,AF_mean,angle_engineered,GradientBoosting
51,4ALG8HA,1.34172,1.416720231015408,0.07500023101540787,0.07500023101540787,AF,AF_mean,angle_engineered,GradientBoosting
52,4ALG8HA,1.42105,1.4899569449861427,0.0689069449861428,0.0689069449861428,AF,AF_mean,angle_engineered,GradientBoosting
53,4ALG8HA,1.22687,1.2309535274902346,0.004083527490234662,0.004083527490234662,AF,AF_mean,angle_engineered,GradientBoosting
54,4ALG8HA,1.18756,1.211173146652062,0.023613146652062156,0.023613146652062156,AF,AF_mean,angle_engineered,GradientBoosting
55,4ALG8HA,1.18237,1.211173146652062,0.028803146652062184,0.028803146652062184,AF,AF_mean,angle_engineered,GradientBoosting
56,4ALG8HA,1.19584,1.282141149909334,0.08630114990933402,0.08630114990933402,AF,AF_mean,angle_engineered,GradientBoosting
57,6ALG2HA,1.80075,2.097324199389531,0.296574199389531,0.296574199389531,AF,AF_mean,angle_engineered,GradientBoosting
58,6ALG2HA,1.93806,2.2793609615301795,0.34130096153017964,0.34130096153017964,AF,AF_mean,angle_engineered,GradientBoosting
59,6ALG2HA,2.0106,2.1497200715235385,0.13912007152353834,0.13912007152353834,AF,AF_mean,angle_engineered,GradientBoosting
60,6ALG2HA,2.31133,2.187401747164358,-0.12392825283564202,0.12392825283564202,AF,AF_mean,angle_engineered,GradientBoosting
61,6ALG2HA,1.5134,1.5416723413138587,0.028272341313858584,0.028272341313858584,AF,AF_mean,angle_engineered,GradientBoosting
62,6ALG2HA,1.53985,1.6034766117045738,0.06362661170457384,0.06362661170457384,AF,AF_mean,angle_engineered,GradientBoosting
63,6ALG2HA,1.49433,1.4596856198557406,-0.0346443801442593,0.0346443801442593,AF,AF_mean,angle_engineered,GradientBoosting
64,6ALG2HA,1.4624,1.3192787313175283,-0.14312126868247166,0.14312126868247166,AF,AF_mean,angle_engineered,GradientBoosting
65,6ALG2HA,1.62994,1.3696715331737308,-0.26026846682626914,0.26026846682626914,AF,AF_mean,angle_engineered,GradientBoosting
66,6ALG2HA,1.09488,1.1409993163400733,0.04611931634007327,0.04611931634007327,AF,AF_mean,angle_engineered,GradientBoosting
67,6ALG2HA,1.21931,1.1056307075504264,-0.11367929244957353,0.11367929244957353,AF,AF_mean,angle_engineered,GradientBoosting
68,6ALG2HA,1.22121,1.0848417013629073,-0.13636829863709266,0.13636829863709266,AF,AF_mean,angle_engineered,GradientBoosting
69,6ALG2HA,1.27114,1.1262622044229853,-0.14487779557701463,0.14487779557701463,AF,AF_mean,angle_engineered,GradientBoosting
70,6ALG4HA,2.36855,2.012398906920948,-0.35615109307905213,0.35615109307905213,AF,AF_mean,angle_engineered,GradientBoosting
71,6ALG4HA,1.56292,2.016850669118757,0.453930669118757,0.453930669118757,AF,AF_mean,angle_engineered,GradientBoosting
72,6ALG4HA,1.7423,2.016850669118757,0.27455066911875714,0.27455066911875714,AF,AF_mean,angle_engineered,GradientBoosting
73,6ALG4HA,1.41795,1.3616284823199811,-0.05632151768001892,0.05632151768001892,AF,AF_mean,angle_engineered,GradientBoosting
74,6ALG4HA,1.31523,1.3860403567095072,0.0708103567095073,0.0708103567095073,AF,AF_mean,angle_engineered,GradientBoosting
75,6ALG4HA,1.32876,1.3994735790988857,0.07071357909888576,0.07071357909888576,AF,AF_mean,angle_engineered,GradientBoosting
76,6ALG4HA,1.46489,1.3994735790988857,-0.06541642090111432,0.06541642090111432,AF,AF_mean,angle_engineered,GradientBoosting
77,6ALG4HA,1.17845,1.1889846853376558,0.01053468533765578,0.01053468533765578,AF,AF_mean,angle_engineered,GradientBoosting
78,6ALG4HA,1.14397,1.1684121730185253,0.02444217301852536,0.02444217301852536,AF,AF_mean,angle_engineered,GradientBoosting
79,6ALG4HA,1.19772,1.1928240474080514,-0.004895952591948527,0.004895952591948527,AF,AF_mean,angle_engineered,GradientBoosting
80,6ALG4HA,1.16671,1.2062572697974299,0.03954726979742995,0.03954726979742995,AF,AF_mean,angle_engineered,GradientBoosting
81,6ALG4HA,1.11558,1.2062572697974299,0.09067726979742985,0.09067726979742985,AF,AF_mean,angle_engineered,GradientBoosting
82,6ALG6HA,1.50363,1.8397670051595731,0.3361370051595731,0.3361370051595731,AF,AF_mean,angle_engineered,GradientBoosting
83,6ALG6HA,1.81434,1.8440478695548388,0.02970786955483873,0.02970786955483873,AF,AF_mean,angle_engineered,GradientBoosting
84,6ALG6HA,1.78987,1.8440478695548388,0.05417786955483872,0.05417786955483872,AF,AF_mean,angle_engineered,GradientBoosting
85,6ALG6HA,1.70334,1.8440478695548388,0.14070786955483872,0.14070786955483872,AF,AF_mean,angle_engineered,GradientBoosting
86,6ALG6HA,1.27302,1.368947010466439,0.09592701046643892,0.09592701046643892,AF,AF_mean,angle_engineered,GradientBoosting
87,6ALG6HA,1.4647,1.3710223127877121,-0.09367768721228775,0.09367768721228775,AF,AF_mean,angle_engineered,GradientBoosting
88,6ALG6HA,1.62833,1.3621376683328095,-0.2661923316671906,0.2661923316671906,AF,AF_mean,angle_engineered,GradientBoosting
89,6ALG6HA,1.49292,1.3621376683328095,-0.13078233166719055,0.13078233166719055,AF,AF_mean,angle_engineered,GradientBoosting
90,6ALG6HA,1.54228,1.3621376683328095,-0.18014233166719062,0.18014233166719062,AF,AF_mean,angle_engineered,GradientBoosting
91,6ALG6HA,1.20107,1.1743132579638549,-0.026756742036145198,0.026756742036145198,AF,AF_mean,angle_engineered,GradientBoosting
92,6ALG6HA,1.21688,1.176388560285128,-0.0404914397148719,0.0404914397148719,AF,AF_mean,angle_engineered,GradientBoosting
93,6ALG6HA,1.30275,1.1675039158302254,-0.13524608416977468,0.13524608416977468,AF,AF_mean,angle_engineered,GradientBoosting
94,6ALG6HA,1.35987,1.1655776594109708,-0.1942923405890291,0.1942923405890291,AF,AF_mean,angle_engineered,GradientBoosting
95,6ALG6HA,1.16353,1.1655776594109708,0.002047659410970848,0.002047659410970848,AF,AF_mean,angle_engineered,GradientBoosting
0,1ALG8HA,2.29017,1.748035192489624,-0.5421348075103758,0.5421348075103758,AF,AF_mean,angle_engineered,XGBoost
1,1ALG8HA,1.7596,1.9953792095184326,0.23577920951843256,0.23577920951843256,AF,AF_mean,angle_engineered,XGBoost
2,1ALG8HA,1.80526,1.9720979928970337,0.1668379928970336,0.1668379928970336,AF,AF_mean,angle_engineered,XGBoost
3,1ALG8HA,1.29597,1.5059458017349243,0.20997580173492425,0.20997580173492425,AF,AF_mean,angle_engineered,XGBoost
4,1ALG8HA,1.75407,2.0145788192749023,0.2605088192749023,0.2605088192749023,AF,AF_mean,angle_engineered,XGBoost
5,1ALG8HA,1.28243,1.454508662223816,0.17207866222381596,0.17207866222381596,AF,AF_mean,angle_engineered,XGBoost
6,1ALG8HA,1.30412,1.4484654664993286,0.14434546649932867,0.14434546649932867,AF,AF_mean,angle_engineered,XGBoost
7,1ALG8HA,1.38795,1.446316123008728,0.05836612300872801,0.05836612300872801,AF,AF_mean,angle_engineered,XGBoost
8,1ALG8HA,1.05256,1.1852864027023315,0.1327264027023316,0.1327264027023316,AF,AF_mean,angle_engineered,XGBoost
9,1ALG8HA,1.17187,1.1852864027023315,0.013416402702331576,0.013416402702331576,AF,AF_mean,angle_engineered,XGBoost
10,1ALG8HA,1.17573,1.216788411140442,0.04105841114044195,0.04105841114044195,AF,AF_mean,angle_engineered,XGBoost
11,1ALG8HA,1.28156,1.2039095163345337,-0.07765048366546634,0.07765048366546634,AF,AF_mean,angle_engineered,XGBoost
12,2ALG8HA,2.04975,2.0025200843811035,-0.047229915618896445,0.047229915618896445,AF,AF_mean,angle_engineered,XGBoost
13,2ALG8HA,1.87831,2.038179636001587,0.159869636001587,0.159869636001587,AF,AF_mean,angle_engineered,XGBoost
14,2ALG8HA,1.74885,2.0287840366363525,0.2799340366363525,0.2799340366363525,AF,AF_mean,angle_engineered,XGBoost
15,2ALG8HA,1.4926,1.3846200704574585,-0.10797992954254143,0.10797992954254143,AF,AF_mean,angle_engineered,XGBoost
16,2ALG8HA,1.39505,1.3896434307098389,-0.005406569290161034,0.005406569290161034,AF,AF_mean,angle_engineered,XGBoost
17,2ALG8HA,1.44103,1.3858739137649536,-0.05515608623504642,0.05515608623504642,AF,AF_mean,angle_engineered,XGBoost
18,2ALG8HA,1.42223,1.420186996459961,-0.0020430035400391677,0.0020430035400391677,AF,AF_mean,angle_engineered,XGBoost
19,2ALG8HA,1.2125,1.2057437896728516,-0.006756210327148349,0.006756210327148349,AF,AF_mean,angle_engineered,XGBoost
20,2ALG8HA,1.19111,1.208492398262024,0.017382398262024035,0.017382398262024035,AF,AF_mean,angle_engineered,XGBoost
21,2ALG8HA,1.16533,1.208492398262024,0.04316239826202395,0.04316239826202395,AF,AF_mean,angle_engineered,XGBoost
22,2ALG8HA,1.16534,1.2047228813171387,0.03938288131713863,0.03938288131713863,AF,AF_mean,angle_engineered,XGBoost
23,2ALG8HA,1.20579,1.2439457178115845,0.038155717811584555,0.038155717811584555,AF,AF_mean,angle_engineered,XGBoost
24,4ALG4HA,1.80422,1.9774726629257202,0.17325266292572028,0.17325266292572028,AF,AF_mean,angle_engineered,XGBoost
25,4ALG4HA,2.44505,2.012117385864258,-0.43293261413574236,0.43293261413574236,AF,AF_mean,angle_engineered,XGBoost
26,4ALG4HA,2.14773,2.0641610622406006,-0.08356893775939955,0.08356893775939955,AF,AF_mean,angle_engineered,XGBoost
27,4ALG4HA,1.55854,1.562463402748108,0.003923402748107874,0.003923402748107874,AF,AF_mean,angle_engineered,XGBoost
28,4ALG4HA,1.38725,1.5581964254379272,0.17094642543792715,0.17094642543792715,AF,AF_mean,angle_engineered,XGBoost
29,4ALG4HA,1.36564,1.5037767887115479,0.1381367887115479,0.1381367887115479,AF,AF_mean,angle_engineered,XGBoost
30,4ALG4HA,1.52016,1.5036990642547607,-0.016460935745239214,0.016460935745239214,AF,AF_mean,angle_engineered,XGBoost
31,4ALG4HA,1.21458,1.12723970413208,-0.08734029586791991,0.08734029586791991,AF,AF_mean,angle_engineered,XGBoost
32,4ALG4HA,1.18475,1.1867183446884155,0.0019683446884155575,0.0019683446884155575,AF,AF_mean,angle_engineered,XGBoost
33,4ALG4HA,1.00068,1.1907159090042114,0.1900359090042114,0.1900359090042114,AF,AF_mean,angle_engineered,XGBoost
34,4ALG4HA,1.15143,1.204437017440796,0.053007017440795945,0.053007017440795945,AF,AF_mean,angle_engineered,XGBoost
35,4ALG4HA,1.18045,1.203142762184143,0.022692762184143067,0.022692762184143067,AF,AF_mean,angle_engineered,XGBoost
36,4ALG6HA,1.97211,1.9506407976150513,-0.02146920238494876,0.02146920238494876,AF,AF_mean,angle_engineered,XGBoost
37,4ALG6HA,2.18925,1.9045504331588745,-0.2846995668411254,0.2846995668411254,AF,AF_mean,angle_engineered,XGBoost
38,4ALG6HA,1.94988,1.873820424079895,-0.07605957592010504,0.07605957592010504,AF,AF_mean,angle_engineered,XGBoost
39,4ALG6HA,1.45212,1.2943860292434692,-0.15773397075653084,0.15773397075653084,AF,AF_mean,angle_engineered,XGBoost
40,4ALG6HA,1.42363,1.3500062227249146,-0.0736237772750854,0.0736237772750854,AF,AF_mean,angle_engineered,XGBoost
41,4ALG6HA,1.35048,1.3730151653289795,0.02253516532897959,0.02253516532897959,AF,AF_mean,angle_engineered,XGBoost
42,4ALG6HA,1.23805,1.1923481225967407,-0.04570187740325937,0.04570187740325937,AF,AF_mean,angle_engineered,XGBoost
43,4ALG6HA,1.18126,1.16818368434906,-0.013076315650939918,0.013076315650939918,AF,AF_mean,angle_engineered,XGBoost
44,4ALG6HA,1.20002,1.1663480997085571,-0.03367190029144296,0.03367190029144296,AF,AF_mean,angle_engineered,XGBoost
45,4ALG6HA,1.15453,1.169386625289917,0.014856625289916936,0.014856625289916936,AF,AF_mean,angle_engineered,XGBoost
46,4ALG8HA,1.60113,1.6518573760986328,0.05072737609863287,0.05072737609863287,AF,AF_mean,angle_engineered,XGBoost
47,4ALG8HA,1.95358,1.6610075235366821,-0.29257247646331797,0.29257247646331797,AF,AF_mean,angle_engineered,XGBoost
48,4ALG8HA,1.82522,1.6622666120529175,-0.16295338794708258,0.16295338794708258,AF,AF_mean,angle_engineered,XGBoost
49,4ALG8HA,1.92546,1.7308788299560547,-0.19458117004394526,0.19458117004394526,AF,AF_mean,angle_engineered,XGBoost
50,4ALG8HA,1.36288,1.4074088335037231,0.04452883350372305,0.04452883350372305,AF,AF_mean,angle_engineered,XGBoost
51,4ALG8HA,1.34172,1.4165589809417725,0.07483898094177244,0.07483898094177244,AF,AF_mean,angle_engineered,XGBoost
52,4ALG8HA,1.42105,1.5177911520004272,0.09674115200042732,0.09674115200042732,AF,AF_mean,angle_engineered,XGBoost
53,4ALG8HA,1.22687,1.2181410789489746,-0.008728921051025296,0.008728921051025296,AF,AF_mean,angle_engineered,XGBoost
54,4ALG8HA,1.18756,1.2060109376907349,0.018450937690734914,0.018450937690734914,AF,AF_mean,angle_engineered,XGBoost
55,4ALG8HA,1.18237,1.2072700262069702,0.024900026206970294,0.024900026206970294,AF,AF_mean,angle_engineered,XGBoost
56,4ALG8HA,1.19584,1.3005322217941284,0.1046922217941284,0.1046922217941284,AF,AF_mean,angle_engineered,XGBoost
57,6ALG2HA,1.80075,1.9590402841567993,0.15829028415679924,0.15829028415679924,AF,AF_mean,angle_engineered,XGBoost
58,6ALG2HA,1.93806,2.103433132171631,0.16537313217163097,0.16537313217163097,AF,AF_mean,angle_engineered,XGBoost
59,6ALG2HA,2.0106,2.0320065021514893,0.021406502151489093,0.021406502151489093,AF,AF_mean,angle_engineered,XGBoost
60,6ALG2HA,2.31133,2.048607110977173,-0.26272288902282703,0.26272288902282703,AF,AF_mean,angle_engineered,XGBoost
61,6ALG2HA,1.5134,1.4532216787338257,-0.060178321266174395,0.060178321266174395,AF,AF_mean,angle_engineered,XGBoost
62,6ALG2HA,1.53985,1.5459167957305908,0.006066795730590879,0.006066795730590879,AF,AF_mean,angle_engineered,XGBoost
63,6ALG2HA,1.49433,1.480826735496521,-0.01350326450347894,0.01350326450347894,AF,AF_mean,angle_engineered,XGBoost
64,6ALG2HA,1.4624,1.4129512310028076,-0.049448768997192305,0.049448768997192305,AF,AF_mean,angle_engineered,XGBoost
65,6ALG2HA,1.62994,1.4342604875564575,-0.19567951244354242,0.19567951244354242,AF,AF_mean,angle_engineered,XGBoost
66,6ALG2HA,1.09488,1.1033190488815308,0.008439048881530686,0.008439048881530686,AF,AF_mean,angle_engineered,XGBoost
67,6ALG2HA,1.21931,1.1770403385162354,-0.04226966148376454,0.04226966148376454,AF,AF_mean,angle_engineered,XGBoost
68,6ALG2HA,1.22121,1.1659480333328247,-0.0552619666671752,0.0552619666671752,AF,AF_mean,angle_engineered,XGBoost
69,6ALG2HA,1.27114,1.1949681043624878,-0.07617189563751214,0.07617189563751214,AF,AF_mean,angle_engineered,XGBoost
70,6ALG4HA,2.36855,1.9951015710830688,-0.3734484289169311,0.3734484289169311,AF,AF_mean,angle_engineered,XGBoost
71,6ALG4HA,1.56292,2.015108585357666,0.45218858535766593,0.45218858535766593,AF,AF_mean,angle_engineered,XGBoost
72,6ALG4HA,1.7423,2.015108585357666,0.27280858535766606,0.27280858535766606,AF,AF_mean,angle_engineered,XGBoost
73,6ALG4HA,1.41795,1.3885631561279297,-0.029386843872070356,0.029386843872070356,AF,AF_mean,angle_engineered,XGBoost
74,6ALG4HA,1.31523,1.383981704711914,0.06875170471191416,0.06875170471191416,AF,AF_mean,angle_engineered,XGBoost
75,6ALG4HA,1.32876,1.4310563802719116,0.10229638027191168,0.10229638027191168,AF,AF_mean,angle_engineered,XGBoost
76,6ALG4HA,1.46489,1.4310563802719116,-0.033833619728088404,0.033833619728088404,AF,AF_mean,angle_engineered,XGBoost
77,6ALG4HA,1.17845,1.2003569602966309,0.021906960296630862,0.021906960296630862,AF,AF_mean,angle_engineered,XGBoost
78,6ALG4HA,1.14397,1.1880818605422974,0.04411186054229743,0.04411186054229743,AF,AF_mean,angle_engineered,XGBoost
79,6ALG4HA,1.19772,1.1835004091262817,-0.014219590873718158,0.014219590873718158,AF,AF_mean,angle_engineered,XGBoost
80,6ALG4HA,1.16671,1.2281091213226318,0.06139912132263192,0.06139912132263192,AF,AF_mean,angle_engineered,XGBoost
81,6ALG4HA,1.11558,1.2281091213226318,0.11252912132263182,0.11252912132263182,AF,AF_mean,angle_engineered,XGBoost
82,6ALG6HA,1.50363,1.8483248949050903,0.3446948949050903,0.3446948949050903,AF,AF_mean,angle_engineered,XGBoost
83,6ALG6HA,1.81434,1.8042230606079102,-0.010116939392089908,0.010116939392089908,AF,AF_mean,angle_engineered,XGBoost
84,6ALG6HA,1.78987,1.8042230606079102,0.014353060607910084,0.014353060607910084,AF,AF_mean,angle_engineered,XGBoost
85,6ALG6HA,1.70334,1.8042230606079102,0.10088306060791008,0.10088306060791008,AF,AF_mean,angle_engineered,XGBoost
86,6ALG6HA,1.27302,1.3866791725158691,0.1136591725158691,0.1136591725158691,AF,AF_mean,angle_engineered,XGBoost
87,6ALG6HA,1.4647,1.3866791725158691,-0.07802082748413075,0.07802082748413075,AF,AF_mean,angle_engineered,XGBoost
88,6ALG6HA,1.62833,1.3648123741149902,-0.2635176258850098,0.2635176258850098,AF,AF_mean,angle_engineered,XGBoost
89,6ALG6HA,1.49292,1.3648123741149902,-0.1281076258850098,0.1281076258850098,AF,AF_mean,angle_engineered,XGBoost
90,6ALG6HA,1.54228,1.3648123741149902,-0.17746762588500986,0.17746762588500986,AF,AF_mean,angle_engineered,XGBoost
91,6ALG6HA,1.20107,1.1988742351531982,-0.00219576484680184,0.00219576484680184,AF,AF_mean,angle_engineered,XGBoost
92,6ALG6HA,1.21688,1.1988742351531982,-0.01800576484680172,0.01800576484680172,AF,AF_mean,angle_engineered,XGBoost
93,6ALG6HA,1.30275,1.1770071983337402,-0.12574280166625984,0.12574280166625984,AF,AF_mean,angle_engineered,XGBoost
94,6ALG6HA,1.35987,1.1770071983337402,-0.18286280166625968,0.18286280166625968,AF,AF_mean,angle_engineered,XGBoost
95,6ALG6HA,1.16353,1.1770071983337402,0.013477198333740281,0.013477198333740281,AF,AF_mean,angle_engineered,XGBoost
0,1ALG8HA,2.29017,0.30733868124072083,-1.982831318759279,1.982831318759279,AF,AF_mean,angle_rheology_enhanced,LinearRegression
1,1ALG8HA,1.7596,0.15874757564013398,-1.600852424359866,1.600852424359866,AF,AF_mean,angle_rheology_enhanced,LinearRegression
2,1ALG8HA,1.80526,0.010156470039536458,-1.7951035299604636,1.7951035299604636,AF,AF_mean,angle_rheology_enhanced,LinearRegression
3,1ALG8HA,1.29597,-0.40334253942188814,-1.6993125394218882,1.6993125394218882,AF,AF_mean,angle_rheology_enhanced,LinearRegression
4,1ALG8HA,1.75407,-0.13843463556106816,-1.8925046355610682,1.8925046355610682,AF,AF_mean,angle_rheology_enhanced,LinearRegression
5,1ALG8HA,1.28243,-0.5516786212849749,-1.8341086212849749,1.8341086212849749,AF,AF_mean,angle_rheology_enhanced,LinearRegression
6,1ALG8HA,1.30412,-0.7000147031480681,-2.0041347031480683,2.0041347031480683,AF,AF_mean,angle_rheology_enhanced,LinearRegression
7,1ALG8HA,1.38795,-0.8483507850111494,-2.2363007850111494,2.2363007850111494,AF,AF_mean,angle_rheology_enhanced,LinearRegression
8,1ALG8HA,1.05256,-0.739588482863756,-1.792148482863756,1.792148482863756,AF,AF_mean,angle_rheology_enhanced,LinearRegression
9,1ALG8HA,1.17187,-0.8876695409893314,-2.0595395409893316,2.0595395409893316,AF,AF_mean,angle_rheology_enhanced,LinearRegression
10,1ALG8HA,1.17573,-1.0357505991149139,-2.211480599114914,2.211480599114914,AF,AF_mean,angle_rheology_enhanced,LinearRegression
11,1ALG8HA,1.28156,-1.183831657240484,-2.4653916572404837,2.4653916572404837,AF,AF_mean,angle_rheology_enhanced,LinearRegression
12,2ALG8HA,2.04975,2.61148233037308,0.5617323303730801,0.5617323303730801,AF,AF_mean,angle_rheology_enhanced,LinearRegression
13,2ALG8HA,1.87831,2.6644961714185174,0.7861861714185174,0.7861861714185174,AF,AF_mean,angle_rheology_enhanced,LinearRegression
14,2ALG8HA,1.74885,2.717510012463955,0.9686600124639551,0.9686600124639551,AF,AF_mean,angle_rheology_enhanced,LinearRegression
15,2ALG8HA,1.4926,2.1732714790058156,0.6806714790058157,0.6806714790058157,AF,AF_mean,angle_rheology_enhanced,LinearRegression
16,2ALG8HA,1.39505,2.22961851134573,0.8345685113457302,0.8345685113457302,AF,AF_mean,angle_rheology_enhanced,LinearRegression
17,2ALG8HA,1.44103,2.2859655436856476,0.8449355436856476,0.8449355436856476,AF,AF_mean,angle_rheology_enhanced,LinearRegression
18,2ALG8HA,1.42223,2.342312576025563,0.9200825760255629,0.9200825760255629,AF,AF_mean,angle_rheology_enhanced,LinearRegression
19,2ALG8HA,1.2125,1.880286179076522,0.667786179076522,0.667786179076522,AF,AF_mean,angle_rheology_enhanced,LinearRegression
20,2ALG8HA,1.19111,1.9399664027109138,0.7488564027109139,0.7488564027109139,AF,AF_mean,angle_rheology_enhanced,LinearRegression
21,2ALG8HA,1.16533,1.9996466263453057,0.8343166263453057,0.8343166263453057,AF,AF_mean,angle_rheology_enhanced,LinearRegression
22,2ALG8HA,1.16534,2.0593268499797,0.8939868499796999,0.8939868499796999,AF,AF_mean,angle_rheology_enhanced,LinearRegression
23,2ALG8HA,1.20579,2.1190070736140925,0.9132170736140925,0.9132170736140925,AF,AF_mean,angle_rheology_enhanced,LinearRegression
24,4ALG4HA,1.80422,4.626063941386546,2.821843941386546,2.821843941386546,AF,AF_mean,angle_rheology_enhanced,LinearRegression
25,4ALG4HA,2.44505,4.77408365290799,2.32903365290799,2.32903365290799,AF,AF_mean,angle_rheology_enhanced,LinearRegression
26,4ALG4HA,2.14773,5.070123075950848,2.922393075950848,2.922393075950848,AF,AF_mean,angle_rheology_enhanced,LinearRegression
27,4ALG4HA,1.55854,4.244546957361495,2.686006957361495,2.686006957361495,AF,AF_mean,angle_rheology_enhanced,LinearRegression
28,4ALG4HA,1.38725,4.403111553559487,3.0158615535594873,3.0158615535594873,AF,AF_mean,angle_rheology_enhanced,LinearRegression
29,4ALG4HA,1.36564,4.561676149757465,3.1960361497574654,3.1960361497574654,AF,AF_mean,angle_rheology_enhanced,LinearRegression
30,4ALG4HA,1.52016,4.720240745955451,3.200080745955451,3.200080745955451,AF,AF_mean,angle_rheology_enhanced,LinearRegression
31,4ALG4HA,1.21458,3.771892894270412,2.557312894270412,2.557312894270412,AF,AF_mean,angle_rheology_enhanced,LinearRegression
32,4ALG4HA,1.18475,3.941002375144967,2.7562523751449675,2.7562523751449675,AF,AF_mean,angle_rheology_enhanced,LinearRegression
33,4ALG4HA,1.00068,4.1101118560195165,3.1094318560195164,3.1094318560195164,AF,AF_mean,angle_rheology_enhanced,LinearRegression
34,4ALG4HA,1.15143,4.27922133689405,3.12779133689405,3.12779133689405,AF,AF_mean,angle_rheology_enhanced,LinearRegression
35,4ALG4HA,1.18045,4.448330817768591,3.267880817768591,3.267880817768591,AF,AF_mean,angle_rheology_enhanced,LinearRegression
36,4ALG6HA,1.97211,1.39415129788582,-0.5779587021141801,0.5779587021141801,AF,AF_mean,angle_rheology_enhanced,LinearRegression
37,4ALG6HA,2.18925,1.3364819470396223,-0.8527680529603776,0.8527680529603776,AF,AF_mean,angle_rheology_enhanced,LinearRegression
38,4ALG6HA,1.94988,1.2788125961934238,-0.6710674038065763,0.6710674038065763,AF,AF_mean,angle_rheology_enhanced,LinearRegression
39,4ALG6HA,1.45212,0.976492783133425,-0.47562721686657505,0.47562721686657505,AF,AF_mean,angle_rheology_enhanced,LinearRegression
40,4ALG6HA,1.42363,0.9219086614557056,-0.5017213385442943,0.5017213385442943,AF,AF_mean,angle_rheology_enhanced,LinearRegression
41,4ALG6HA,1.35048,0.8127404181002661,-0.5377395818997338,0.5377395818997338,AF,AF_mean,angle_rheology_enhanced,LinearRegression
42,4ALG6HA,1.23805,0.5209700928768022,-0.7170799071231979,0.7170799071231979,AF,AF_mean,angle_rheology_enhanced,LinearRegression
43,4ALG6HA,1.18126,0.6754667704045247,-0.5057932295954752,0.5057932295954752,AF,AF_mean,angle_rheology_enhanced,LinearRegression
44,4ALG6HA,1.20002,0.6239678778952841,-0.576052122104716,0.576052122104716,AF,AF_mean,angle_rheology_enhanced,LinearRegression
45,4ALG6HA,1.15453,0.5724689853860413,-0.5820610146139588,0.5820610146139588,AF,AF_mean,angle_rheology_enhanced,LinearRegression
46,4ALG8HA,1.60113,-16.66819945336001,-18.26932945336001,18.26932945336001,AF,AF_mean,angle_rheology_enhanced,LinearRegression
47,4ALG8HA,1.95358,-18.212473208182722,-20.16605320818272,20.16605320818272,AF,AF_mean,angle_rheology_enhanced,LinearRegression
48,4ALG8HA,1.82522,-19.756746963005313,-21.581966963005314,21.581966963005314,AF,AF_mean,angle_rheology_enhanced,LinearRegression
49,4ALG8HA,1.92546,-21.30102071782793,-23.226480717827933,23.226480717827933,AF,AF_mean,angle_rheology_enhanced,LinearRegression
50,4ALG8HA,1.36288,-17.074689724630552,-18.437569724630553,18.437569724630553,AF,AF_mean,angle_rheology_enhanced,LinearRegression
51,4ALG8HA,1.34172,-18.59549933060117,-19.93721933060117,19.93721933060117,AF,AF_mean,angle_rheology_enhanced,LinearRegression
52,4ALG8HA,1.42105,-21.63711854254222,-23.05816854254222,23.05816854254222,AF,AF_mean,angle_rheology_enhanced,LinearRegression
53,4ALG8HA,1.22687,-15.75116483284861,-16.97803483284861,16.97803483284861,AF,AF_mean,angle_rheology_enhanced,LinearRegression
54,4ALG8HA,1.18756,-18.745855747085496,-19.933415747085498,19.933415747085498,AF,AF_mean,angle_rheology_enhanced,LinearRegression
55,4ALG8HA,1.18237,-20.243201204203945,-21.425571204203944,21.425571204203944,AF,AF_mean,angle_rheology_enhanced,LinearRegression
56,4ALG8HA,1.19584,-21.740546661322277,-22.936386661322278,22.936386661322278,AF,AF_mean,angle_rheology_enhanced,LinearRegression
57,6ALG2HA,1.80075,1.2534958568306351,-0.5472541431693649,0.5472541431693649,AF,AF_mean,angle_rheology_enhanced,LinearRegression
58,6ALG2HA,1.93806,1.0241840332635639,-0.913875966736436,0.913875966736436,AF,AF_mean,angle_rheology_enhanced,LinearRegression
59,6ALG2HA,2.0106,0.794872209696484,-1.2157277903035162,1.2157277903035162,AF,AF_mean,angle_rheology_enhanced,LinearRegression
60,6ALG2HA,2.31133,0.5655603861294075,-1.7457696138705923,1.7457696138705923,AF,AF_mean,angle_rheology_enhanced,LinearRegression
61,6ALG2HA,1.5134,0.608141045202849,-0.9052589547971511,0.9052589547971511,AF,AF_mean,angle_rheology_enhanced,LinearRegression
62,6ALG2HA,1.53985,0.3881149333520417,-1.1517350666479582,1.1517350666479582,AF,AF_mean,angle_rheology_enhanced,LinearRegression
63,6ALG2HA,1.49433,0.16808882150122617,-1.3262411784987738,1.3262411784987738,AF,AF_mean,angle_rheology_enhanced,LinearRegression
64,6ALG2HA,1.4624,-0.051937290349586274,-1.5143372903495862,1.5143372903495862,AF,AF_mean,angle_rheology_enhanced,LinearRegression
65,6ALG2HA,1.62994,-0.2719634022003987,-1.9019034022003987,1.9019034022003987,AF,AF_mean,angle_rheology_enhanced,LinearRegression
66,6ALG2HA,1.09488,0.21791347110112902,-0.8769665288988711,0.8769665288988711,AF,AF_mean,angle_rheology_enhanced,LinearRegression
67,6ALG2HA,1.21931,0.007173070966586259,-1.2121369290334136,1.2121369290334136,AF,AF_mean,angle_rheology_enhanced,LinearRegression
68,6ALG2HA,1.22121,-0.41430772930251436,-1.6355177293025143,1.6355177293025143,AF,AF_mean,angle_rheology_enhanced,LinearRegression
69,6ALG2HA,1.27114,-0.6250481294370616,-1.8961881294370615,1.8961881294370615,AF,AF_mean,angle_rheology_enhanced,LinearRegression
70,6ALG4HA,2.36855,1.8053351397671953,-0.5632148602328046,0.5632148602328046,AF,AF_mean,angle_rheology_enhanced,LinearRegression
71,6ALG4HA,1.56292,1.8183963400952825,0.2554763400952824,0.2554763400952824,AF,AF_mean,angle_rheology_enhanced,LinearRegression
72,6ALG4HA,1.7423,1.8314575404233704,0.08915754042337043,0.08915754042337043,AF,AF_mean,angle_rheology_enhanced,LinearRegression
73,6ALG4HA,1.41795,1.3096372538904157,-0.1083127461095843,0.1083127461095843,AF,AF_mean,angle_rheology_enhanced,LinearRegression
74,6ALG4HA,1.31523,1.3236223719134022,0.008392371913402252,0.008392371913402252,AF,AF_mean,angle_rheology_enhanced,LinearRegression
75,6ALG4HA,1.32876,1.33760748993639,0.008847489936389952,0.008847489936389952,AF,AF_mean,angle_rheology_enhanced,LinearRegression
76,6ALG4HA,1.46489,1.3515926079593785,-0.1132973920406215,0.1132973920406215,AF,AF_mean,angle_rheology_enhanced,LinearRegression
77,6ALG4HA,1.17845,1.0535491672786437,-0.12490083272135633,0.12490083272135633,AF,AF_mean,angle_rheology_enhanced,LinearRegression
78,6ALG4HA,1.14397,1.0684582029965322,-0.07551179700346777,0.07551179700346777,AF,AF_mean,angle_rheology_enhanced,LinearRegression
79,6ALG4HA,1.19772,1.083367238714419,-0.1143527612855808,0.1143527612855808,AF,AF_mean,angle_rheology_enhanced,LinearRegression
80,6ALG4HA,1.16671,1.0982762744323074,-0.06843372556769256,0.06843372556769256,AF,AF_mean,angle_rheology_enhanced,LinearRegression
81,6ALG4HA,1.11558,1.1131853101501965,-0.0023946898498035107,0.0023946898498035107,AF,AF_mean,angle_rheology_enhanced,LinearRegression
82,6ALG6HA,1.50363,83.28926121273543,81.78563121273542,81.78563121273542,AF,AF_mean,angle_rheology_enhanced,LinearRegression
83,6ALG6HA,1.81434,89.11210633247666,87.29776633247666,87.29776633247666,AF,AF_mean,angle_rheology_enhanced,LinearRegression
84,6ALG6HA,1.78987,92.0235288923475,90.2336588923475,90.2336588923475,AF,AF_mean,angle_rheology_enhanced,LinearRegression
85,6ALG6HA,1.70334,94.93495145221812,93.23161145221812,93.23161145221812,AF,AF_mean,angle_rheology_enhanced,LinearRegression
86,6ALG6HA,1.27302,82.81097246194423,81.53795246194423,81.53795246194423,AF,AF_mean,angle_rheology_enhanced,LinearRegression
87,6ALG6HA,1.4647,85.72388930403734,84.25918930403735,84.25918930403735,AF,AF_mean,angle_rheology_enhanced,LinearRegression
88,6ALG6HA,1.62833,88.6368061461309,87.00847614613089,87.00847614613089,AF,AF_mean,angle_rheology_enhanced,LinearRegression
89,6ALG6HA,1.49292,91.54972298822446,90.05680298822446,90.05680298822446,AF,AF_mean,angle_rheology_enhanced,LinearRegression
90,6ALG6HA,1.54228,94.4626398303178,92.92035983031779,92.92035983031779,AF,AF_mean,angle_rheology_enhanced,LinearRegression
91,6ALG6HA,1.20107,82.62737050042989,81.42630050042989,81.42630050042989,AF,AF_mean,angle_rheology_enhanced,LinearRegression
92,6ALG6HA,1.21688,85.54178162474571,84.3249016247457,84.3249016247457,AF,AF_mean,angle_rheology_enhanced,LinearRegression
93,6ALG6HA,1.30275,88.45619274906198,87.15344274906198,87.15344274906198,AF,AF_mean,angle_rheology_enhanced,LinearRegression
94,6ALG6HA,1.35987,91.3706038733779,90.0107338733779,90.0107338733779,AF,AF_mean,angle_rheology_enhanced,LinearRegression
95,6ALG6HA,1.16353,94.28501499769418,93.12148499769418,93.12148499769418,AF,AF_mean,angle_rheology_enhanced,LinearRegression
0,1ALG8HA,2.29017,1.8470649135116957,-0.44310508648830416,0.44310508648830416,AF,AF_mean,angle_rheology_enhanced,SVR_RBF
1,1ALG8HA,1.7596,1.807627976309909,0.04802797630990896,0.04802797630990896,AF,AF_mean,angle_rheology_enhanced,SVR_RBF
2,1ALG8HA,1.80526,1.7571325440254166,-0.048127455974583455,0.048127455974583455,AF,AF_mean,angle_rheology_enhanced,SVR_RBF
3,1ALG8HA,1.29597,1.5764832283197237,0.2805132283197236,0.2805132283197236,AF,AF_mean,angle_rheology_enhanced,SVR_RBF
4,1ALG8HA,1.75407,1.6990672092323043,-0.055002790767695764,0.055002790767695764,AF,AF_mean,angle_rheology_enhanced,SVR_RBF
5,1ALG8HA,1.28243,1.5423948734196484,0.25996487341964847,0.25996487341964847,AF,AF_mean,angle_rheology_enhanced,SVR_RBF
6,1ALG8HA,1.30412,1.5069138250098548,0.20279382500985488,0.20279382500985488,AF,AF_mean,angle_rheology_enhanced,SVR_RBF
7,1ALG8HA,1.38795,1.472359261127456,0.08440926112745606,0.08440926112745606,AF,AF_mean,angle_rheology_enhanced,SVR_RBF
8,1ALG8HA,1.05256,1.383621942584017,0.3310619425840171,0.3310619425840171,AF,AF_mean,angle_rheology_enhanced,SVR_RBF
9,1ALG8HA,1.17187,1.3640246252747692,0.19215462527476923,0.19215462527476923,AF,AF_mean,angle_rheology_enhanced,SVR_RBF
10,1ALG8HA,1.17573,1.347201939926474,0.17147193992647414,0.17147193992647414,AF,AF_mean,angle_rheology_enhanced,SVR_RBF
11,1ALG8HA,1.28156,1.3341757447967277,0.052615744796727704,0.052615744796727704,AF,AF_mean,angle_rheology_enhanced,SVR_RBF
12,2ALG8HA,2.04975,1.9066476058937507,-0.14310239410624925,0.14310239410624925,AF,AF_mean,angle_rheology_enhanced,SVR_RBF
13,2ALG8HA,1.87831,1.8611930865893278,-0.01711691341067212,0.01711691341067212,AF,AF_mean,angle_rheology_enhanced,SVR_RBF
14,2ALG8HA,1.74885,1.8271845178525439,0.07833451785254386,0.07833451785254386,AF,AF_mean,angle_rheology_enhanced,SVR_RBF
15,2ALG8HA,1.4926,1.3991142310826616,-0.09348576891733829,0.09348576891733829,AF,AF_mean,angle_rheology_enhanced,SVR_RBF
16,2ALG8HA,1.39505,1.4343140969320651,0.03926409693206523,0.03926409693206523,AF,AF_mean,angle_rheology_enhanced,SVR_RBF
17,2ALG8HA,1.44103,1.4785303818356152,0.037500381835615215,0.037500381835615215,AF,AF_mean,angle_rheology_enhanced,SVR_RBF
18,2ALG8HA,1.42223,1.5213288116164043,0.09909881161640421,0.09909881161640421,AF,AF_mean,angle_rheology_enhanced,SVR_RBF
19,2ALG8HA,1.2125,1.1744369372215766,-0.03806306277842331,0.03806306277842331,AF,AF_mean,angle_rheology_enhanced,SVR_RBF
20,2ALG8HA,1.19111,1.2292928622771642,0.038182862277164276,0.038182862277164276,AF,AF_mean,angle_rheology_enhanced,SVR_RBF
21,2ALG8HA,1.16533,1.2958002057167606,0.1304702057167606,0.1304702057167606,AF,AF_mean,angle_rheology_enhanced,SVR_RBF
22,2ALG8HA,1.16534,1.3608499130502179,0.1955099130502178,0.1955099130502178,AF,AF_mean,angle_rheology_enhanced,SVR_RBF
23,2ALG8HA,1.20579,1.4131085675987791,0.2073185675987792,0.2073185675987792,AF,AF_mean,angle_rheology_enhanced,SVR_RBF
24,4ALG4HA,1.80422,1.9976466276348348,0.19342662763483487,0.19342662763483487,AF,AF_mean,angle_rheology_enhanced,SVR_RBF
25,4ALG4HA,2.44505,2.0350395023261387,-0.41001049767386144,0.41001049767386144,AF,AF_mean,angle_rheology_enhanced,SVR_RBF
26,4ALG4HA,2.14773,2.0896639914138158,-0.05806600858618438,0.05806600858618438,AF,AF_mean,angle_rheology_enhanced,SVR_RBF
27,4ALG4HA,1.55854,1.6078000430189572,0.049260043018957145,0.049260043018957145,AF,AF_mean,angle_rheology_enhanced,SVR_RBF
28,4ALG4HA,1.38725,1.6123519670573088,0.22510196705730867,0.22510196705730867,AF,AF_mean,angle_rheology_enhanced,SVR_RBF
29,4ALG4HA,1.36564,1.6152319760034837,0.2495919760034837,0.2495919760034837,AF,AF_mean,angle_rheology_enhanced,SVR_RBF
30,4ALG4HA,1.52016,1.6164739957096028,0.09631399570960286,0.09631399570960286,AF,AF_mean,angle_rheology_enhanced,SVR_RBF
31,4ALG4HA,1.21458,1.2955594892847642,0.08097948928476417,0.08097948928476417,AF,AF_mean,angle_rheology_enhanced,SVR_RBF
32,4ALG4HA,1.18475,1.296107978487975,0.11135797848797502,0.11135797848797502,AF,AF_mean,angle_rheology_enhanced,SVR_RBF
33,4ALG4HA,1.00068,1.297506061956504,0.29682606195650396,0.29682606195650396,AF,AF_mean,angle_rheology_enhanced,SVR_RBF
34,4ALG4HA,1.15143,1.299680684906153,0.14825068490615312,0.14825068490615312,AF,AF_mean,angle_rheology_enhanced,SVR_RBF
35,4ALG4HA,1.18045,1.302565744781407,0.12211574478140697,0.12211574478140697,AF,AF_mean,angle_rheology_enhanced,SVR_RBF
36,4ALG6HA,1.97211,1.9407422158154066,-0.031367784184593406,0.031367784184593406,AF,AF_mean,angle_rheology_enhanced,SVR_RBF
37,4ALG6HA,2.18925,1.8977469975429881,-0.2915030024570118,0.2915030024570118,AF,AF_mean,angle_rheology_enhanced,SVR_RBF
38,4ALG6HA,1.94988,1.8566726286437696,-0.09320737135623047,0.09320737135623047,AF,AF_mean,angle_rheology_enhanced,SVR_RBF
39,4ALG6HA,1.45212,1.4432150752747093,-0.008904924725290808,0.008904924725290808,AF,AF_mean,angle_rheology_enhanced,SVR_RBF
40,4ALG6HA,1.42363,1.3930542011545057,-0.030575798845494218,0.030575798845494218,AF,AF_mean,angle_rheology_enhanced,SVR_RBF
41,4ALG6HA,1.35048,1.3533893720654246,0.0029093720654247424,0.0029093720654247424,AF,AF_mean,angle_rheology_enhanced,SVR_RBF
42,4ALG6HA,1.23805,1.123745408388556,-0.11430459161144402,0.11430459161144402,AF,AF_mean,angle_rheology_enhanced,SVR_RBF
43,4ALG6HA,1.18126,1.149783646458536,-0.03147635354146394,0.03147635354146394,AF,AF_mean,angle_rheology_enhanced,SVR_RBF
44,4ALG6HA,1.20002,1.1214674906772084,-0.07855250932279167,0.07855250932279167,AF,AF_mean,angle_rheology_enhanced,SVR_RBF
45,4ALG6HA,1.15453,1.113821684519974,-0.04070831548002607,0.04070831548002607,AF,AF_mean,angle_rheology_enhanced,SVR_RBF
46,4ALG8HA,1.60113,1.4990129526887708,-0.10211704731122917,0.10211704731122917,AF,AF_mean,angle_rheology_enhanced,SVR_RBF
47,4ALG8HA,1.95358,1.5475472162199486,-0.4060327837800515,0.4060327837800515,AF,AF_mean,angle_rheology_enhanced,SVR_RBF
48,4ALG8HA,1.82522,1.5997437003245365,-0.22547629967546357,0.22547629967546357,AF,AF_mean,angle_rheology_enhanced,SVR_RBF
49,4ALG8HA,1.92546,1.645853140689798,-0.2796068593102019,0.2796068593102019,AF,AF_mean,angle_rheology_enhanced,SVR_RBF
50,4ALG8HA,1.36288,1.2413495399509822,-0.12153046004901791,0.12153046004901791,AF,AF_mean,angle_rheology_enhanced,SVR_RBF
51,4ALG8HA,1.34172,1.3214831209944542,-0.020236879005545827,0.020236879005545827,AF,AF_mean,angle_rheology_enhanced,SVR_RBF
52,4ALG8HA,1.42105,1.4696583048343985,0.0486083048343986,0.0486083048343986,AF,AF_mean,angle_rheology_enhanced,SVR_RBF
53,4ALG8HA,1.22687,1.2001408398170383,-0.026729160182961564,0.026729160182961564,AF,AF_mean,angle_rheology_enhanced,SVR_RBF
54,4ALG8HA,1.18756,1.2406508294293248,0.05309082942932486,0.05309082942932486,AF,AF_mean,angle_rheology_enhanced,SVR_RBF
55,4ALG8HA,1.18237,1.2519429866010165,0.06957298660101663,0.06957298660101663,AF,AF_mean,angle_rheology_enhanced,SVR_RBF
56,4ALG8HA,1.19584,1.2522873959981915,0.056447395998191485,0.056447395998191485,AF,AF_mean,angle_rheology_enhanced,SVR_RBF
57,6ALG2HA,1.80075,1.5351894494530407,-0.2655605505469594,0.2655605505469594,AF,AF_mean,angle_rheology_enhanced,SVR_RBF
58,6ALG2HA,1.93806,1.541224515695591,-0.39683548430440885,0.39683548430440885,AF,AF_mean,angle_rheology_enhanced,SVR_RBF
59,6ALG2HA,2.0106,1.542586368579395,-0.46801363142060515,0.46801363142060515,AF,AF_mean,angle_rheology_enhanced,SVR_RBF
60,6ALG2HA,2.31133,1.5393235177170748,-0.7720064822829251,0.7720064822829251,AF,AF_mean,angle_rheology_enhanced,SVR_RBF
61,6ALG2HA,1.5134,1.4153992661034593,-0.09800073389654074,0.09800073389654074,AF,AF_mean,angle_rheology_enhanced,SVR_RBF
62,6ALG2HA,1.53985,1.4153656588343626,-0.12448434116563734,0.12448434116563734,AF,AF_mean,angle_rheology_enhanced,SVR_RBF
63,6ALG2HA,1.49433,1.4160067368028837,-0.07832326319711624,0.07832326319711624,AF,AF_mean,angle_rheology_enhanced,SVR_RBF
64,6ALG2HA,1.4624,1.41725901788577,-0.0451409821142299,0.0451409821142299,AF,AF_mean,angle_rheology_enhanced,SVR_RBF
65,6ALG2HA,1.62994,1.4189961112525915,-0.21094388874740844,0.21094388874740844,AF,AF_mean,angle_rheology_enhanced,SVR_RBF
66,6ALG2HA,1.09488,1.3576076167110986,0.26272761671109857,0.26272761671109857,AF,AF_mean,angle_rheology_enhanced,SVR_RBF
67,6ALG2HA,1.21931,1.3536597769453016,0.1343497769453017,0.1343497769453017,AF,AF_mean,angle_rheology_enhanced,SVR_RBF
68,6ALG2HA,1.22121,1.3531024108489083,0.13189241084890835,0.13189241084890835,AF,AF_mean,angle_rheology_enhanced,SVR_RBF
69,6ALG2HA,1.27114,1.3561176931555388,0.08497769315553882,0.08497769315553882,AF,AF_mean,angle_rheology_enhanced,SVR_RBF
70,6ALG4HA,2.36855,1.979560315190158,-0.388989684809842,0.388989684809842,AF,AF_mean,angle_rheology_enhanced,SVR_RBF
71,6ALG4HA,1.56292,1.9986153200681782,0.4356953200681781,0.4356953200681781,AF,AF_mean,angle_rheology_enhanced,SVR_RBF
72,6ALG4HA,1.7423,2.01421659679934,0.27191659679934,0.27191659679934,AF,AF_mean,angle_rheology_enhanced,SVR_RBF
73,6ALG4HA,1.41795,1.3136551393306326,-0.10429486066936744,0.10429486066936744,AF,AF_mean,angle_rheology_enhanced,SVR_RBF
74,6ALG4HA,1.31523,1.3347151577690781,0.01948515776907822,0.01948515776907822,AF,AF_mean,angle_rheology_enhanced,SVR_RBF
75,6ALG4HA,1.32876,1.360540169468185,0.03178016946818496,0.03178016946818496,AF,AF_mean,angle_rheology_enhanced,SVR_RBF
76,6ALG4HA,1.46489,1.390284972330373,-0.07460502766962707,0.07460502766962707,AF,AF_mean,angle_rheology_enhanced,SVR_RBF
77,6ALG4HA,1.17845,1.1429864469814608,-0.03546355301853921,0.03546355301853921,AF,AF_mean,angle_rheology_enhanced,SVR_RBF
78,6ALG4HA,1.14397,1.1601017383485404,0.016131738348540425,0.016131738348540425,AF,AF_mean,angle_rheology_enhanced,SVR_RBF
79,6ALG4HA,1.19772,1.1824892102460267,-0.015230789753973184,0.015230789753973184,AF,AF_mean,angle_rheology_enhanced,SVR_RBF
80,6ALG4HA,1.16671,1.209023470015289,0.04231347001528918,0.04231347001528918,AF,AF_mean,angle_rheology_enhanced,SVR_RBF
81,6ALG4HA,1.11558,1.2384283611400737,0.12284836114007369,0.12284836114007369,AF,AF_mean,angle_rheology_enhanced,SVR_RBF
82,6ALG6HA,1.50363,1.6471201349488598,0.14349013494885976,0.14349013494885976,AF,AF_mean,angle_rheology_enhanced,SVR_RBF
83,6ALG6HA,1.81434,1.6888399450166285,-0.12550005498337158,0.12550005498337158,AF,AF_mean,angle_rheology_enhanced,SVR_RBF
84,6ALG6HA,1.78987,1.70221210831106,-0.08765789168894011,0.08765789168894011,AF,AF_mean,angle_rheology_enhanced,SVR_RBF
85,6ALG6HA,1.70334,1.7101377554340387,0.006797755434038599,0.006797755434038599,AF,AF_mean,angle_rheology_enhanced,SVR_RBF
86,6ALG6HA,1.27302,1.471462981080971,0.19844298108097091,0.19844298108097091,AF,AF_mean,angle_rheology_enhanced,SVR_RBF
87,6ALG6HA,1.4647,1.4887706925261948,0.02407069252619487,0.02407069252619487,AF,AF_mean,angle_rheology_enhanced,SVR_RBF
88,6ALG6HA,1.62833,1.502851161677799,-0.12547883832220097,0.12547883832220097,AF,AF_mean,angle_rheology_enhanced,SVR_RBF
89,6ALG6HA,1.49292,1.5135545935772203,0.020634593577220306,0.020634593577220306,AF,AF_mean,angle_rheology_enhanced,SVR_RBF
90,6ALG6HA,1.54228,1.5209613227283714,-0.021318677271628728,0.021318677271628728,AF,AF_mean,angle_rheology_enhanced,SVR_RBF
91,6ALG6HA,1.20107,1.3593867223019125,0.1583167223019124,0.1583167223019124,AF,AF_mean,angle_rheology_enhanced,SVR_RBF
92,6ALG6HA,1.21688,1.3681864096857317,0.15130640968573172,0.15130640968573172,AF,AF_mean,angle_rheology_enhanced,SVR_RBF
93,6ALG6HA,1.30275,1.3771014770149064,0.0743514770149063,0.0743514770149063,AF,AF_mean,angle_rheology_enhanced,SVR_RBF
94,6ALG6HA,1.35987,1.3860567183695962,0.026186718369596296,0.026186718369596296,AF,AF_mean,angle_rheology_enhanced,SVR_RBF
95,6ALG6HA,1.16353,1.395015121207035,0.23148512120703502,0.23148512120703502,AF,AF_mean,angle_rheology_enhanced,SVR_RBF
0,1ALG8HA,2.29017,1.9358052995634918,-0.35436470043650803,0.35436470043650803,AF,AF_mean,angle_rheology_enhanced,RandomForest
1,1ALG8HA,1.7596,1.9406167331349207,0.18101673313492062,0.18101673313492062,AF,AF_mean,angle_rheology_enhanced,RandomForest
2,1ALG8HA,1.80526,1.9556212775793653,0.15036127757936524,0.15036127757936524,AF,AF_mean,angle_rheology_enhanced,RandomForest
3,1ALG8HA,1.29597,1.4818446444709001,0.18587464447090007,0.18587464447090007,AF,AF_mean,angle_rheology_enhanced,RandomForest
4,1ALG8HA,1.75407,1.9557822653174606,0.20171226531746056,0.20171226531746056,AF,AF_mean,angle_rheology_enhanced,RandomForest
5,1ALG8HA,1.28243,1.4781386872222226,0.19570868722222268,0.19570868722222268,AF,AF_mean,angle_rheology_enhanced,RandomForest
6,1ALG8HA,1.30412,1.4734398298809526,0.16931982988095262,0.16931982988095262,AF,AF_mean,angle_rheology_enhanced,RandomForest
7,1ALG8HA,1.38795,1.4767794298809531,0.0888294298809531,0.0888294298809531,AF,AF_mean,angle_rheology_enhanced,RandomForest
8,1ALG8HA,1.05256,1.177410358333334,0.12485035833333402,0.12485035833333402,AF,AF_mean,angle_rheology_enhanced,RandomForest
9,1ALG8HA,1.17187,1.1854433438888898,0.013573343888889866,0.013573343888889866,AF,AF_mean,angle_rheology_enhanced,RandomForest
10,1ALG8HA,1.17573,1.20010785357143,0.024377853571430075,0.024377853571430075,AF,AF_mean,angle_rheology_enhanced,RandomForest
11,1ALG8HA,1.28156,1.2050957580952395,-0.07646424190476053,0.07646424190476053,AF,AF_mean,angle_rheology_enhanced,RandomForest
12,2ALG8HA,2.04975,1.9034284917857163,-0.1463215082142837,0.1463215082142837,AF,AF_mean,angle_rheology_enhanced,RandomForest
13,2ALG8HA,1.87831,1.9180699799206367,0.039759979920636734,0.039759979920636734,AF,AF_mean,angle_rheology_enhanced,RandomForest
14,2ALG8HA,1.74885,1.8999434086507956,0.15109340865079557,0.15109340865079557,AF,AF_mean,angle_rheology_enhanced,RandomForest
15,2ALG8HA,1.4926,1.380171428055557,-0.11242857194444289,0.11242857194444289,AF,AF_mean,angle_rheology_enhanced,RandomForest
16,2ALG8HA,1.39505,1.3674786355952386,-0.027571364404761267,0.027571364404761267,AF,AF_mean,angle_rheology_enhanced,RandomForest
17,2ALG8HA,1.44103,1.3685851236111117,-0.0724448763888883,0.0724448763888883,AF,AF_mean,angle_rheology_enhanced,RandomForest
18,2ALG8HA,1.42223,1.369386869246032,-0.05284313075396807,0.05284313075396807,AF,AF_mean,angle_rheology_enhanced,RandomForest
19,2ALG8HA,1.2125,1.1897593565079359,-0.02274064349206406,0.02274064349206406,AF,AF_mean,angle_rheology_enhanced,RandomForest
20,2ALG8HA,1.19111,1.2102172798015873,0.01910727980158744,0.01910727980158744,AF,AF_mean,angle_rheology_enhanced,RandomForest
21,2ALG8HA,1.16533,1.2091482882142857,0.04381828821428568,0.04381828821428568,AF,AF_mean,angle_rheology_enhanced,RandomForest
22,2ALG8HA,1.16534,1.200655030396825,0.03531503039682504,0.03531503039682504,AF,AF_mean,angle_rheology_enhanced,RandomForest
23,2ALG8HA,1.20579,1.200051242579365,-0.005738757420634899,0.005738757420634899,AF,AF_mean,angle_rheology_enhanced,RandomForest
24,4ALG4HA,1.80422,2.0636666399206347,0.25944663992063477,0.25944663992063477,AF,AF_mean,angle_rheology_enhanced,RandomForest
25,4ALG4HA,2.44505,2.0645918748412697,-0.38045812515873045,0.38045812515873045,AF,AF_mean,angle_rheology_enhanced,RandomForest
26,4ALG4HA,2.14773,2.1049438434920638,-0.04278615650793638,0.04278615650793638,AF,AF_mean,angle_rheology_enhanced,RandomForest
27,4ALG4HA,1.55854,1.4391095205820101,-0.1194304794179899,0.1194304794179899,AF,AF_mean,angle_rheology_enhanced,RandomForest
28,4ALG4HA,1.38725,1.4326202093915341,0.04537020939153402,0.04537020939153402,AF,AF_mean,angle_rheology_enhanced,RandomForest
29,4ALG4HA,1.36564,1.4321082007804231,0.06646820078042315,0.06646820078042315,AF,AF_mean,angle_rheology_enhanced,RandomForest
30,4ALG4HA,1.52016,1.4303777424470896,-0.08978225755291036,0.08978225755291036,AF,AF_mean,angle_rheology_enhanced,RandomForest
31,4ALG4HA,1.21458,1.1292554053968245,-0.08532459460317554,0.08532459460317554,AF,AF_mean,angle_rheology_enhanced,RandomForest
32,4ALG4HA,1.18475,1.1708094500925927,-0.01394054990740723,0.01394054990740723,AF,AF_mean,angle_rheology_enhanced,RandomForest
33,4ALG4HA,1.00068,1.176633296997355,0.17595329699735496,0.17595329699735496,AF,AF_mean,angle_rheology_enhanced,RandomForest
34,4ALG4HA,1.15143,1.1896269905687828,0.038196990568782896,0.038196990568782896,AF,AF_mean,angle_rheology_enhanced,RandomForest
35,4ALG4HA,1.18045,1.1918182471957672,0.011368247195767234,0.011368247195767234,AF,AF_mean,angle_rheology_enhanced,RandomForest
36,4ALG6HA,1.97211,1.7672200651719572,-0.20488993482804285,0.20488993482804285,AF,AF_mean,angle_rheology_enhanced,RandomForest
37,4ALG6HA,2.18925,1.7235014042989416,-0.4657485957010583,0.4657485957010583,AF,AF_mean,angle_rheology_enhanced,RandomForest
38,4ALG6HA,1.94988,1.7092557717989423,-0.24062422820105778,0.24062422820105778,AF,AF_mean,angle_rheology_enhanced,RandomForest
39,4ALG6HA,1.45212,1.3617256794708994,-0.09039432052910068,0.09039432052910068,AF,AF_mean,angle_rheology_enhanced,RandomForest
40,4ALG6HA,1.42363,1.3793854959788354,-0.04424450402116453,0.04424450402116453,AF,AF_mean,angle_rheology_enhanced,RandomForest
41,4ALG6HA,1.35048,1.3712123239153435,0.02073232391534363,0.02073232391534363,AF,AF_mean,angle_rheology_enhanced,RandomForest
42,4ALG6HA,1.23805,1.193111542301588,-0.044938457698412204,0.044938457698412204,AF,AF_mean,angle_rheology_enhanced,RandomForest
43,4ALG6HA,1.18126,1.1894605339682547,0.008200533968254708,0.008200533968254708,AF,AF_mean,angle_rheology_enhanced,RandomForest
44,4ALG6HA,1.20002,1.1925242341269853,-0.007495765873014815,0.007495765873014815,AF,AF_mean,angle_rheology_enhanced,RandomForest
45,4ALG6HA,1.15453,1.1937225861111125,0.039192586111112426,0.039192586111112426,AF,AF_mean,angle_rheology_enhanced,RandomForest
46,4ALG8HA,1.60113,1.7445356148015867,0.14340561480158676,0.14340561480158676,AF,AF_mean,angle_rheology_enhanced,RandomForest
47,4ALG8HA,1.95358,1.7387829592460307,-0.21479704075396944,0.21479704075396944,AF,AF_mean,angle_rheology_enhanced,RandomForest
48,4ALG8HA,1.82522,1.7421664184126977,-0.08305358158730236,0.08305358158730236,AF,AF_mean,angle_rheology_enhanced,RandomForest
49,4ALG8HA,1.92546,1.7404683765608455,-0.18499162343915443,0.18499162343915443,AF,AF_mean,angle_rheology_enhanced,RandomForest
50,4ALG8HA,1.36288,1.4067101517063485,0.04383015170634841,0.04383015170634841,AF,AF_mean,angle_rheology_enhanced,RandomForest
51,4ALG8HA,1.34172,1.403379039999999,0.061659039999999,0.061659039999999,AF,AF_mean,angle_rheology_enhanced,RandomForest
52,4ALG8HA,1.42105,1.4301307113095234,0.009080711309523481,0.009080711309523481,AF,AF_mean,angle_rheology_enhanced,RandomForest
53,4ALG8HA,1.22687,1.1988239907010585,-0.02804600929894141,0.02804600929894141,AF,AF_mean,angle_rheology_enhanced,RandomForest
54,4ALG8HA,1.18756,1.194108103452381,0.006548103452381104,0.006548103452381104,AF,AF_mean,angle_rheology_enhanced,RandomForest
55,4ALG8HA,1.18237,1.1986308530555554,0.01626085305555547,0.01626085305555547,AF,AF_mean,angle_rheology_enhanced,RandomForest
56,4ALG8HA,1.19584,1.217455519007936,0.0216155190079359,0.0216155190079359,AF,AF_mean,angle_rheology_enhanced,RandomForest
57,6ALG2HA,1.80075,2.1701108507010582,0.3693608507010582,0.3693608507010582,AF,AF_mean,angle_rheology_enhanced,RandomForest
58,6ALG2HA,1.93806,2.1848915573677252,0.24683155736772533,0.24683155736772533,AF,AF_mean,angle_rheology_enhanced,RandomForest
59,6ALG2HA,2.0106,2.165430328478836,0.1548303284788357,0.1548303284788357,AF,AF_mean,angle_rheology_enhanced,RandomForest
60,6ALG2HA,2.31133,2.164935679907407,-0.1463943200925928,0.1463943200925928,AF,AF_mean,angle_rheology_enhanced,RandomForest
61,6ALG2HA,1.5134,1.4262333980820097,-0.08716660191799042,0.08716660191799042,AF,AF_mean,angle_rheology_enhanced,RandomForest
62,6ALG2HA,1.53985,1.429422047010581,-0.11042795298941899,0.11042795298941899,AF,AF_mean,angle_rheology_enhanced,RandomForest
63,6ALG2HA,1.49433,1.4191115445502636,-0.07521845544973638,0.07521845544973638,AF,AF_mean,angle_rheology_enhanced,RandomForest
64,6ALG2HA,1.4624,1.418626136931216,-0.043773863068783836,0.043773863068783836,AF,AF_mean,angle_rheology_enhanced,RandomForest
65,6ALG2HA,1.62994,1.4245085099867714,-0.20543149001322858,0.20543149001322858,AF,AF_mean,angle_rheology_enhanced,RandomForest
66,6ALG2HA,1.09488,1.1362116340476183,0.04133163404761819,0.04133163404761819,AF,AF_mean,angle_rheology_enhanced,RandomForest
67,6ALG2HA,1.21931,1.1371454423809517,-0.08216455761904817,0.08216455761904817,AF,AF_mean,angle_rheology_enhanced,RandomForest
68,6ALG2HA,1.22121,1.1609235216402107,-0.060286478359789175,0.060286478359789175,AF,AF_mean,angle_rheology_enhanced,RandomForest
69,6ALG2HA,1.27114,1.1665147289021158,-0.10462527109788411,0.10462527109788411,AF,AF_mean,angle_rheology_enhanced,RandomForest
70,6ALG4HA,2.36855,2.120056252962961,-0.24849374703703875,0.24849374703703875,AF,AF_mean,angle_rheology_enhanced,RandomForest
71,6ALG4HA,1.56292,2.119568911296294,0.556648911296294,0.556648911296294,AF,AF_mean,angle_rheology_enhanced,RandomForest
72,6ALG4HA,1.7423,2.119568911296294,0.37726891129629414,0.37726891129629414,AF,AF_mean,angle_rheology_enhanced,RandomForest
73,6ALG4HA,1.41795,1.4499063099206355,0.03195630992063547,0.03195630992063547,AF,AF_mean,angle_rheology_enhanced,RandomForest
74,6ALG4HA,1.31523,1.4423531236507938,0.12712312365079392,0.12712312365079392,AF,AF_mean,angle_rheology_enhanced,RandomForest
75,6ALG4HA,1.32876,1.5265523819444466,0.1977923819444467,0.1977923819444467,AF,AF_mean,angle_rheology_enhanced,RandomForest
76,6ALG4HA,1.46489,1.528394691825399,0.06350469182539897,0.06350469182539897,AF,AF_mean,angle_rheology_enhanced,RandomForest
77,6ALG4HA,1.17845,1.1902209316005294,0.011770931600529444,0.011770931600529444,AF,AF_mean,angle_rheology_enhanced,RandomForest
78,6ALG4HA,1.14397,1.189823613029101,0.04585361302910096,0.04585361302910096,AF,AF_mean,angle_rheology_enhanced,RandomForest
79,6ALG4HA,1.19772,1.1891113846957675,-0.008608615304232403,0.008608615304232403,AF,AF_mean,angle_rheology_enhanced,RandomForest
80,6ALG4HA,1.16671,1.2125228705423279,0.045812870542327966,0.045812870542327966,AF,AF_mean,angle_rheology_enhanced,RandomForest
81,6ALG4HA,1.11558,1.221524397857143,0.10594439785714305,0.10594439785714305,AF,AF_mean,angle_rheology_enhanced,RandomForest
82,6ALG6HA,1.50363,1.801090719960316,0.29746071996031587,0.29746071996031587,AF,AF_mean,angle_rheology_enhanced,RandomForest
83,6ALG6HA,1.81434,1.7950556111507925,-0.01928438884920758,0.01928438884920758,AF,AF_mean,angle_rheology_enhanced,RandomForest
84,6ALG6HA,1.78987,1.7950556111507925,0.005185611150792413,0.005185611150792413,AF,AF_mean,angle_rheology_enhanced,RandomForest
85,6ALG6HA,1.70334,1.7959902944841257,0.09265029448412565,0.09265029448412565,AF,AF_mean,angle_rheology_enhanced,RandomForest
86,6ALG6HA,1.27302,1.3840915288095244,0.11107152880952431,0.11107152880952431,AF,AF_mean,angle_rheology_enhanced,RandomForest
87,6ALG6HA,1.4647,1.3846178450793658,-0.08008215492063409,0.08008215492063409,AF,AF_mean,angle_rheology_enhanced,RandomForest
88,6ALG6HA,1.62833,1.3893910661904771,-0.2389389338095229,0.2389389338095229,AF,AF_mean,angle_rheology_enhanced,RandomForest
89,6ALG6HA,1.49292,1.3955044114285722,-0.09741558857142785,0.09741558857142785,AF,AF_mean,angle_rheology_enhanced,RandomForest
90,6ALG6HA,1.54228,1.3956382858730163,-0.1466417141269838,0.1466417141269838,AF,AF_mean,angle_rheology_enhanced,RandomForest
91,6ALG6HA,1.20107,1.1950201545634922,-0.0060498454365078835,0.0060498454365078835,AF,AF_mean,angle_rheology_enhanced,RandomForest
92,6ALG6HA,1.21688,1.1954145836111112,-0.02146541638888877,0.02146541638888877,AF,AF_mean,angle_rheology_enhanced,RandomForest
93,6ALG6HA,1.30275,1.190413036626984,-0.11233696337301602,0.11233696337301602,AF,AF_mean,angle_rheology_enhanced,RandomForest
94,6ALG6HA,1.35987,1.190911069404762,-0.16895893059523792,0.16895893059523792,AF,AF_mean,angle_rheology_enhanced,RandomForest
95,6ALG6HA,1.16353,1.1924444845634923,0.028914484563492326,0.028914484563492326,AF,AF_mean,angle_rheology_enhanced,RandomForest
0,1ALG8HA,2.29017,1.682678511543242,-0.6074914884567577,0.6074914884567577,AF,AF_mean,angle_rheology_enhanced,GradientBoosting
1,1ALG8HA,1.7596,1.952905682242682,0.19330568224268196,0.19330568224268196,AF,AF_mean,angle_rheology_enhanced,GradientBoosting
2,1ALG8HA,1.80526,1.9163538830063023,0.11109388300630219,0.11109388300630219,AF,AF_mean,angle_rheology_enhanced,GradientBoosting
3,1ALG8HA,1.29597,1.5277931963766265,0.2318231963766264,0.2318231963766264,AF,AF_mean,angle_rheology_enhanced,GradientBoosting
4,1ALG8HA,1.75407,1.9123210480073358,0.1582510480073358,0.1582510480073358,AF,AF_mean,angle_rheology_enhanced,GradientBoosting
5,1ALG8HA,1.28243,1.455137075231215,0.17270707523121498,0.17270707523121498,AF,AF_mean,angle_rheology_enhanced,GradientBoosting
6,1ALG8HA,1.30412,1.434196614754796,0.13007661475479604,0.13007661475479604,AF,AF_mean,angle_rheology_enhanced,GradientBoosting
7,1ALG8HA,1.38795,1.434196614754796,0.04624661475479597,0.04624661475479597,AF,AF_mean,angle_rheology_enhanced,GradientBoosting
8,1ALG8HA,1.05256,1.1444487581585892,0.09188875815858921,0.09188875815858921,AF,AF_mean,angle_rheology_enhanced,GradientBoosting
9,1ALG8HA,1.17187,1.1588842976522264,-0.01298570234777352,0.01298570234777352,AF,AF_mean,angle_rheology_enhanced,GradientBoosting
10,1ALG8HA,1.17573,1.1718806623016778,-0.003849337698322186,0.003849337698322186,AF,AF_mean,angle_rheology_enhanced,GradientBoosting
11,1ALG8HA,1.28156,1.1718806623016778,-0.10967933769832228,0.10967933769832228,AF,AF_mean,angle_rheology_enhanced,GradientBoosting
12,2ALG8HA,2.04975,1.9992215851886947,-0.05052841481130521,0.05052841481130521,AF,AF_mean,angle_rheology_enhanced,GradientBoosting
13,2ALG8HA,1.87831,2.0579076451329272,0.1795976451329273,0.1795976451329273,AF,AF_mean,angle_rheology_enhanced,GradientBoosting
14,2ALG8HA,1.74885,2.0331353838018815,0.2842853838018815,0.2842853838018815,AF,AF_mean,angle_rheology_enhanced,GradientBoosting
15,2ALG8HA,1.4926,1.4062710098670403,-0.08632899013295958,0.08632899013295958,AF,AF_mean,angle_rheology_enhanced,GradientBoosting
16,2ALG8HA,1.39505,1.4122603167074657,0.017210316707465756,0.017210316707465756,AF,AF_mean,angle_rheology_enhanced,GradientBoosting
17,2ALG8HA,1.44103,1.4327598400238941,-0.008270159976105917,0.008270159976105917,AF,AF_mean,angle_rheology_enhanced,GradientBoosting
18,2ALG8HA,1.42223,1.449977351327851,0.027747351327851,0.027747351327851,AF,AF_mean,angle_rheology_enhanced,GradientBoosting
19,2ALG8HA,1.2125,1.2233518581671654,0.010851858167165496,0.010851858167165496,AF,AF_mean,angle_rheology_enhanced,GradientBoosting
20,2ALG8HA,1.19111,1.2233518581671654,0.032241858167165516,0.032241858167165516,AF,AF_mean,angle_rheology_enhanced,GradientBoosting
21,2ALG8HA,1.16533,1.2293411650075907,0.06401116500759074,0.06401116500759074,AF,AF_mean,angle_rheology_enhanced,GradientBoosting
22,2ALG8HA,1.16534,1.2498406883240192,0.08450068832401914,0.08450068832401914,AF,AF_mean,angle_rheology_enhanced,GradientBoosting
23,2ALG8HA,1.20579,1.2903090196276763,0.08451901962767638,0.08451901962767638,AF,AF_mean,angle_rheology_enhanced,GradientBoosting
24,4ALG4HA,1.80422,1.9103570953167381,0.1061370953167382,0.1061370953167382,AF,AF_mean,angle_rheology_enhanced,GradientBoosting
25,4ALG4HA,2.44505,1.9724282667548338,-0.4726217332451663,0.4726217332451663,AF,AF_mean,angle_rheology_enhanced,GradientBoosting
26,4ALG4HA,2.14773,2.00936347398137,-0.13836652601862998,0.13836652601862998,AF,AF_mean,angle_rheology_enhanced,GradientBoosting
27,4ALG4HA,1.55854,1.5549187081544273,-0.003621291845572694,0.003621291845572694,AF,AF_mean,angle_rheology_enhanced,GradientBoosting
28,4ALG4HA,1.38725,1.553721676463884,0.16647167646388383,0.16647167646388383,AF,AF_mean,angle_rheology_enhanced,GradientBoosting
29,4ALG4HA,1.36564,1.523424247218193,0.15778424721819295,0.15778424721819295,AF,AF_mean,angle_rheology_enhanced,GradientBoosting
30,4ALG4HA,1.52016,1.532348487455284,0.012188487455284003,0.012188487455284003,AF,AF_mean,angle_rheology_enhanced,GradientBoosting
31,4ALG4HA,1.21458,1.131985011214599,-0.08259498878540095,0.08259498878540095,AF,AF_mean,angle_rheology_enhanced,GradientBoosting
32,4ALG4HA,1.18475,1.1983741443852998,0.013624144385299797,0.013624144385299797,AF,AF_mean,angle_rheology_enhanced,GradientBoosting
33,4ALG4HA,1.00068,1.2030180397701244,0.20233803977012443,0.20233803977012443,AF,AF_mean,angle_rheology_enhanced,GradientBoosting
34,4ALG4HA,1.15143,1.208153746969047,0.05672374696904714,0.05672374696904714,AF,AF_mean,angle_rheology_enhanced,GradientBoosting
35,4ALG4HA,1.18045,1.2092260813879467,0.02877608138794674,0.02877608138794674,AF,AF_mean,angle_rheology_enhanced,GradientBoosting
36,4ALG6HA,1.97211,1.9338003624285458,-0.038309637571454225,0.038309637571454225,AF,AF_mean,angle_rheology_enhanced,GradientBoosting
37,4ALG6HA,2.18925,1.8672745470100383,-0.32197545298996166,0.32197545298996166,AF,AF_mean,angle_rheology_enhanced,GradientBoosting
38,4ALG6HA,1.94988,1.94563958516301,-0.004240414836990114,0.004240414836990114,AF,AF_mean,angle_rheology_enhanced,GradientBoosting
39,4ALG6HA,1.45212,1.308114299320328,-0.144005700679672,0.144005700679672,AF,AF_mean,angle_rheology_enhanced,GradientBoosting
40,4ALG6HA,1.42363,1.3562472035743565,-0.06738279642564349,0.06738279642564349,AF,AF_mean,angle_rheology_enhanced,GradientBoosting
41,4ALG6HA,1.35048,1.361334917520458,0.010854917520458196,0.010854917520458196,AF,AF_mean,angle_rheology_enhanced,GradientBoosting
42,4ALG6HA,1.23805,1.1947056959162736,-0.04334430408372647,0.04334430408372647,AF,AF_mean,angle_rheology_enhanced,GradientBoosting
43,4ALG6HA,1.18126,1.1692263748786649,-0.012033625121335101,0.012033625121335101,AF,AF_mean,angle_rheology_enhanced,GradientBoosting
44,4ALG6HA,1.20002,1.16708262831017,-0.03293737168983002,0.03293737168983002,AF,AF_mean,angle_rheology_enhanced,GradientBoosting
45,4ALG6HA,1.15453,1.170287370614089,0.015757370614088995,0.015757370614088995,AF,AF_mean,angle_rheology_enhanced,GradientBoosting
46,4ALG8HA,1.60113,1.7030104819244598,0.10188048192445986,0.10188048192445986,AF,AF_mean,angle_rheology_enhanced,GradientBoosting
47,4ALG8HA,1.95358,1.7145034516053737,-0.23907654839462644,0.23907654839462644,AF,AF_mean,angle_rheology_enhanced,GradientBoosting
48,4ALG8HA,1.82522,1.7114048947660272,-0.11381510523397287,0.11381510523397287,AF,AF_mean,angle_rheology_enhanced,GradientBoosting
49,4ALG8HA,1.92546,1.7272279041457732,-0.19823209585422674,0.19823209585422674,AF,AF_mean,angle_rheology_enhanced,GradientBoosting
50,4ALG8HA,1.36288,1.3940773062570668,0.031197306257066737,0.031197306257066737,AF,AF_mean,angle_rheology_enhanced,GradientBoosting
51,4ALG8HA,1.34172,1.405570275937981,0.06385027593798087,0.06385027593798087,AF,AF_mean,angle_rheology_enhanced,GradientBoosting
52,4ALG8HA,1.42105,1.4794802600920436,0.05843026009204366,0.05843026009204366,AF,AF_mean,angle_rheology_enhanced,GradientBoosting
53,4ALG8HA,1.22687,1.2316660840722815,0.004796084072281603,0.004796084072281603,AF,AF_mean,angle_rheology_enhanced,GradientBoosting
54,4ALG8HA,1.18756,1.1968659210544828,0.009305921054482802,0.009305921054482802,AF,AF_mean,angle_rheology_enhanced,GradientBoosting
55,4ALG8HA,1.18237,1.1968659210544828,0.01449592105448283,0.01449592105448283,AF,AF_mean,angle_rheology_enhanced,GradientBoosting
56,4ALG8HA,1.19584,1.268728384759794,0.07288838475979409,0.07288838475979409,AF,AF_mean,angle_rheology_enhanced,GradientBoosting
57,6ALG2HA,1.80075,2.1204595129403727,0.31970951294037264,0.31970951294037264,AF,AF_mean,angle_rheology_enhanced,GradientBoosting
58,6ALG2HA,1.93806,2.293981551713301,0.355921551713301,0.355921551713301,AF,AF_mean,angle_rheology_enhanced,GradientBoosting
59,6ALG2HA,2.0106,2.1777767298323796,0.1671767298323794,0.1671767298323794,AF,AF_mean,angle_rheology_enhanced,GradientBoosting
60,6ALG2HA,2.31133,2.2169211088899603,-0.09440889111003958,0.09440889111003958,AF,AF_mean,angle_rheology_enhanced,GradientBoosting
61,6ALG2HA,1.5134,1.555280172187857,0.041880172187857,0.041880172187857,AF,AF_mean,angle_rheology_enhanced,GradientBoosting
62,6ALG2HA,1.53985,1.6129475641916637,0.0730975641916638,0.0730975641916638,AF,AF_mean,angle_rheology_enhanced,GradientBoosting
63,6ALG2HA,1.49433,1.4818525639547873,-0.012477436045212675,0.012477436045212675,AF,AF_mean,angle_rheology_enhanced,GradientBoosting
64,6ALG2HA,1.4624,1.331808826278281,-0.1305911737217189,0.1305911737217189,AF,AF_mean,angle_rheology_enhanced,GradientBoosting
65,6ALG2HA,1.62994,1.3807244027136771,-0.2492155972863228,0.2492155972863228,AF,AF_mean,angle_rheology_enhanced,GradientBoosting
66,6ALG2HA,1.09488,1.150064048396028,0.055184048396027974,0.055184048396027974,AF,AF_mean,angle_rheology_enhanced,GradientBoosting
67,6ALG2HA,1.21931,1.0969011696659754,-0.1224088303340245,0.1224088303340245,AF,AF_mean,angle_rheology_enhanced,GradientBoosting
68,6ALG2HA,1.22121,1.0851235476922936,-0.13608645230770633,0.13608645230770633,AF,AF_mean,angle_rheology_enhanced,GradientBoosting
69,6ALG2HA,1.27114,1.1264802770078584,-0.14465972299214158,0.14465972299214158,AF,AF_mean,angle_rheology_enhanced,GradientBoosting
70,6ALG4HA,2.36855,1.988098685112912,-0.38045131488708783,0.38045131488708783,AF,AF_mean,angle_rheology_enhanced,GradientBoosting
71,6ALG4HA,1.56292,1.9989372009266622,0.4360172009266621,0.4360172009266621,AF,AF_mean,angle_rheology_enhanced,GradientBoosting
72,6ALG4HA,1.7423,1.9989372009266622,0.2566372009266622,0.2566372009266622,AF,AF_mean,angle_rheology_enhanced,GradientBoosting
73,6ALG4HA,1.41795,1.3677628421629817,-0.050187157837018326,0.050187157837018326,AF,AF_mean,angle_rheology_enhanced,GradientBoosting
74,6ALG4HA,1.31523,1.3798752792094249,0.06464527920942498,0.06464527920942498,AF,AF_mean,angle_rheology_enhanced,GradientBoosting
75,6ALG4HA,1.32876,1.4041677870058404,0.0754077870058405,0.0754077870058405,AF,AF_mean,angle_rheology_enhanced,GradientBoosting
76,6ALG4HA,1.46489,1.4041677870058404,-0.060722212994159586,0.060722212994159586,AF,AF_mean,angle_rheology_enhanced,GradientBoosting
77,6ALG4HA,1.17845,1.1930345466708727,0.014584546670872722,0.014584546670872722,AF,AF_mean,angle_rheology_enhanced,GradientBoosting
78,6ALG4HA,1.14397,1.1758307635405154,0.03186076354051548,0.03186076354051548,AF,AF_mean,angle_rheology_enhanced,GradientBoosting
79,6ALG4HA,1.19772,1.1879432005869581,-0.00977679941304177,0.00977679941304177,AF,AF_mean,angle_rheology_enhanced,GradientBoosting
80,6ALG4HA,1.16671,1.2122357083833741,0.04552570838337422,0.04552570838337422,AF,AF_mean,angle_rheology_enhanced,GradientBoosting
81,6ALG4HA,1.11558,1.2122357083833741,0.09665570838337412,0.09665570838337412,AF,AF_mean,angle_rheology_enhanced,GradientBoosting
82,6ALG6HA,1.50363,1.8426795503017535,0.33904955030175343,0.33904955030175343,AF,AF_mean,angle_rheology_enhanced,GradientBoosting
83,6ALG6HA,1.81434,1.849394788688812,0.035054788688811955,0.035054788688811955,AF,AF_mean,angle_rheology_enhanced,GradientBoosting
84,6ALG6HA,1.78987,1.849394788688812,0.05952478868881195,0.05952478868881195,AF,AF_mean,angle_rheology_enhanced,GradientBoosting
85,6ALG6HA,1.70334,1.849394788688812,0.14605478868881194,0.14605478868881194,AF,AF_mean,angle_rheology_enhanced,GradientBoosting
86,6ALG6HA,1.27302,1.3842432135089089,0.11122321350890885,0.11122321350890885,AF,AF_mean,angle_rheology_enhanced,GradientBoosting
87,6ALG6HA,1.4647,1.3842432135089089,-0.080456786491091,0.080456786491091,AF,AF_mean,angle_rheology_enhanced,GradientBoosting
88,6ALG6HA,1.62833,1.3756831560450935,-0.25264684395490655,0.25264684395490655,AF,AF_mean,angle_rheology_enhanced,GradientBoosting
89,6ALG6HA,1.49292,1.3756831560450935,-0.11723684395490652,0.11723684395490652,AF,AF_mean,angle_rheology_enhanced,GradientBoosting
90,6ALG6HA,1.54228,1.3756831560450935,-0.1665968439549066,0.1665968439549066,AF,AF_mean,angle_rheology_enhanced,GradientBoosting
91,6ALG6HA,1.20107,1.185887310471489,-0.015182689528510984,0.015182689528510984,AF,AF_mean,angle_rheology_enhanced,GradientBoosting
92,6ALG6HA,1.21688,1.185887310471489,-0.030992689528510864,0.030992689528510864,AF,AF_mean,angle_rheology_enhanced,GradientBoosting
93,6ALG6HA,1.30275,1.1773272530076737,-0.12542274699232636,0.12542274699232636,AF,AF_mean,angle_rheology_enhanced,GradientBoosting
94,6ALG6HA,1.35987,1.1693824104599382,-0.19048758954006173,0.19048758954006173,AF,AF_mean,angle_rheology_enhanced,GradientBoosting
95,6ALG6HA,1.16353,1.1693824104599382,0.005852410459938229,0.005852410459938229,AF,AF_mean,angle_rheology_enhanced,GradientBoosting
0,1ALG8HA,2.29017,1.738542079925537,-0.5516279200744627,0.5516279200744627,AF,AF_mean,angle_rheology_enhanced,XGBoost
1,1ALG8HA,1.7596,2.005486011505127,0.2458860115051269,0.2458860115051269,AF,AF_mean,angle_rheology_enhanced,XGBoost
2,1ALG8HA,1.80526,1.9712207317352295,0.1659607317352294,0.1659607317352294,AF,AF_mean,angle_rheology_enhanced,XGBoost
3,1ALG8HA,1.29597,1.5247130393981934,0.2287430393981933,0.2287430393981933,AF,AF_mean,angle_rheology_enhanced,XGBoost
4,1ALG8HA,1.75407,2.0094876289367676,0.25541762893676756,0.25541762893676756,AF,AF_mean,angle_rheology_enhanced,XGBoost
5,1ALG8HA,1.28243,1.4728760719299316,0.19044607192993168,0.19044607192993168,AF,AF_mean,angle_rheology_enhanced,XGBoost
6,1ALG8HA,1.30412,1.4570785760879517,0.15295857608795171,0.15295857608795171,AF,AF_mean,angle_rheology_enhanced,XGBoost
7,1ALG8HA,1.38795,1.465319037437439,0.07736903743743895,0.07736903743743895,AF,AF_mean,angle_rheology_enhanced,XGBoost
8,1ALG8HA,1.05256,1.18503737449646,0.13247737449646002,0.13247737449646002,AF,AF_mean,angle_rheology_enhanced,XGBoost
9,1ALG8HA,1.17187,1.1833912134170532,0.011521213417053255,0.011521213417053255,AF,AF_mean,angle_rheology_enhanced,XGBoost
10,1ALG8HA,1.17573,1.2214741706848145,0.04574417068481451,0.04574417068481451,AF,AF_mean,angle_rheology_enhanced,XGBoost
11,1ALG8HA,1.28156,1.2140990495681763,-0.06746095043182376,0.06746095043182376,AF,AF_mean,angle_rheology_enhanced,XGBoost
12,2ALG8HA,2.04975,1.9926334619522095,-0.05711653804779049,0.05711653804779049,AF,AF_mean,angle_rheology_enhanced,XGBoost
13,2ALG8HA,1.87831,2.0167484283447266,0.13843842834472664,0.13843842834472664,AF,AF_mean,angle_rheology_enhanced,XGBoost
14,2ALG8HA,1.74885,2.0023019313812256,0.25345193138122557,0.25345193138122557,AF,AF_mean,angle_rheology_enhanced,XGBoost
15,2ALG8HA,1.4926,1.3827190399169922,-0.10988096008300774,0.10988096008300774,AF,AF_mean,angle_rheology_enhanced,XGBoost
16,2ALG8HA,1.39505,1.3866429328918457,-0.008407067108154198,0.008407067108154198,AF,AF_mean,angle_rheology_enhanced,XGBoost
17,2ALG8HA,1.44103,1.387317180633545,-0.05371281936645511,0.05371281936645511,AF,AF_mean,angle_rheology_enhanced,XGBoost
18,2ALG8HA,1.42223,1.4153470993041992,-0.0068829006958008865,0.0068829006958008865,AF,AF_mean,angle_rheology_enhanced,XGBoost
19,2ALG8HA,1.2125,1.1963307857513428,-0.016169214248657138,0.016169214248657138,AF,AF_mean,angle_rheology_enhanced,XGBoost
20,2ALG8HA,1.19111,1.2019685506820679,0.01085855068206798,0.01085855068206798,AF,AF_mean,angle_rheology_enhanced,XGBoost
21,2ALG8HA,1.16533,1.2019685506820679,0.036638550682067894,0.036638550682067894,AF,AF_mean,angle_rheology_enhanced,XGBoost
22,2ALG8HA,1.16534,1.202642798423767,0.03730279842376705,0.03730279842376705,AF,AF_mean,angle_rheology_enhanced,XGBoost
23,2ALG8HA,1.20579,1.249564290046692,0.04377429004669198,0.04377429004669198,AF,AF_mean,angle_rheology_enhanced,XGBoost
24,4ALG4HA,1.80422,1.9676593542099,0.16343935420989997,0.16343935420989997,AF,AF_mean,angle_rheology_enhanced,XGBoost
25,4ALG4HA,2.44505,2.0084950923919678,-0.4365549076080324,0.4365549076080324,AF,AF_mean,angle_rheology_enhanced,XGBoost
26,4ALG4HA,2.14773,2.051837921142578,-0.09589207885742201,0.09589207885742201,AF,AF_mean,angle_rheology_enhanced,XGBoost
27,4ALG4HA,1.55854,1.5594606399536133,0.0009206399536132448,0.0009206399536132448,AF,AF_mean,angle_rheology_enhanced,XGBoost
28,4ALG4HA,1.38725,1.5581135749816895,0.17086357498168936,0.17086357498168936,AF,AF_mean,angle_rheology_enhanced,XGBoost
29,4ALG4HA,1.36564,1.5013062953948975,0.1356662953948975,0.1356662953948975,AF,AF_mean,angle_rheology_enhanced,XGBoost
30,4ALG4HA,1.52016,1.498475193977356,-0.021684806022644,0.021684806022644,AF,AF_mean,angle_rheology_enhanced,XGBoost
31,4ALG4HA,1.21458,1.120623230934143,-0.09395676906585693,0.09395676906585693,AF,AF_mean,angle_rheology_enhanced,XGBoost
32,4ALG4HA,1.18475,1.1781803369522095,-0.006569663047790497,0.006569663047790497,AF,AF_mean,angle_rheology_enhanced,XGBoost
33,4ALG4HA,1.00068,1.1862494945526123,0.1855694945526123,0.1855694945526123,AF,AF_mean,angle_rheology_enhanced,XGBoost
34,4ALG4HA,1.15143,1.1976350545883179,0.04620505458831792,0.04620505458831792,AF,AF_mean,angle_rheology_enhanced,XGBoost
35,4ALG4HA,1.18045,1.1964455842971802,0.015995584297180176,0.015995584297180176,AF,AF_mean,angle_rheology_enhanced,XGBoost
36,4ALG6HA,1.97211,1.9542701244354248,-0.017839875564575225,0.017839875564575225,AF,AF_mean,angle_rheology_enhanced,XGBoost
37,4ALG6HA,2.18925,1.8771048784255981,-0.3121451215744018,0.3121451215744018,AF,AF_mean,angle_rheology_enhanced,XGBoost
38,4ALG6HA,1.94988,1.845579981803894,-0.10430001819610601,0.10430001819610601,AF,AF_mean,angle_rheology_enhanced,XGBoost
39,4ALG6HA,1.45212,1.290174126625061,-0.16194587337493904,0.16194587337493904,AF,AF_mean,angle_rheology_enhanced,XGBoost
40,4ALG6HA,1.42363,1.3539087772369385,-0.06972122276306147,0.06972122276306147,AF,AF_mean,angle_rheology_enhanced,XGBoost
41,4ALG6HA,1.35048,1.373443603515625,0.022963603515625097,0.022963603515625097,AF,AF_mean,angle_rheology_enhanced,XGBoost
42,4ALG6HA,1.23805,1.187382698059082,-0.050667301940918064,0.050667301940918064,AF,AF_mean,angle_rheology_enhanced,XGBoost
43,4ALG6HA,1.18126,1.1725398302078247,-0.00872016979217527,0.00872016979217527,AF,AF_mean,angle_rheology_enhanced,XGBoost
44,4ALG6HA,1.20002,1.16818368434906,-0.03183631565094003,0.03183631565094003,AF,AF_mean,angle_rheology_enhanced,XGBoost
45,4ALG6HA,1.15453,1.1670042276382446,0.012474227638244573,0.012474227638244573,AF,AF_mean,angle_rheology_enhanced,XGBoost
46,4ALG8HA,1.60113,1.6676409244537354,0.06651092445373541,0.06651092445373541,AF,AF_mean,angle_rheology_enhanced,XGBoost
47,4ALG8HA,1.95358,1.6712409257888794,-0.2823390742111207,0.2823390742111207,AF,AF_mean,angle_rheology_enhanced,XGBoost
48,4ALG8HA,1.82522,1.6726890802383423,-0.15253091976165778,0.15253091976165778,AF,AF_mean,angle_rheology_enhanced,XGBoost
49,4ALG8HA,1.92546,1.744385838508606,-0.181074161491394,0.181074161491394,AF,AF_mean,angle_rheology_enhanced,XGBoost
50,4ALG8HA,1.36288,1.4055707454681396,0.04269074546813956,0.04269074546813956,AF,AF_mean,angle_rheology_enhanced,XGBoost
51,4ALG8HA,1.34172,1.4091707468032837,0.06745074680328367,0.06745074680328367,AF,AF_mean,angle_rheology_enhanced,XGBoost
52,4ALG8HA,1.42105,1.5102453231811523,0.08919532318115242,0.08919532318115242,AF,AF_mean,angle_rheology_enhanced,XGBoost
53,4ALG8HA,1.22687,1.2261124849319458,-0.0007575150680541043,0.0007575150680541043,AF,AF_mean,angle_rheology_enhanced,XGBoost
54,4ALG8HA,1.18756,1.2045462131500244,0.016986213150024465,0.016986213150024465,AF,AF_mean,angle_rheology_enhanced,XGBoost
55,4ALG8HA,1.18237,1.2059943675994873,0.023624367599487384,0.023624367599487384,AF,AF_mean,angle_rheology_enhanced,XGBoost
56,4ALG8HA,1.19584,1.3022840023040771,0.10644400230407713,0.10644400230407713,AF,AF_mean,angle_rheology_enhanced,XGBoost
57,6ALG2HA,1.80075,1.9919750690460205,0.19122506904602043,0.19122506904602043,AF,AF_mean,angle_rheology_enhanced,XGBoost
58,6ALG2HA,1.93806,2.1134469509124756,0.1753869509124757,0.1753869509124757,AF,AF_mean,angle_rheology_enhanced,XGBoost
59,6ALG2HA,2.0106,2.0315499305725098,0.0209499305725096,0.0209499305725096,AF,AF_mean,angle_rheology_enhanced,XGBoost
60,6ALG2HA,2.31133,2.058481454849243,-0.2528485451507567,0.2528485451507567,AF,AF_mean,angle_rheology_enhanced,XGBoost
61,6ALG2HA,1.5134,1.4629982709884644,-0.05040172901153572,0.05040172901153572,AF,AF_mean,angle_rheology_enhanced,XGBoost
62,6ALG2HA,1.53985,1.5276155471801758,-0.01223445281982416,0.01223445281982416,AF,AF_mean,angle_rheology_enhanced,XGBoost
63,6ALG2HA,1.49433,1.4495798349380493,-0.04475016506195062,0.04475016506195062,AF,AF_mean,angle_rheology_enhanced,XGBoost
64,6ALG2HA,1.4624,1.394304633140564,-0.06809536685943596,0.06809536685943596,AF,AF_mean,angle_rheology_enhanced,XGBoost
65,6ALG2HA,1.62994,1.4185824394226074,-0.21135756057739252,0.21135756057739252,AF,AF_mean,angle_rheology_enhanced,XGBoost
66,6ALG2HA,1.09488,1.102797031402588,0.007917031402587815,0.007917031402587815,AF,AF_mean,angle_rheology_enhanced,XGBoost
67,6ALG2HA,1.21931,1.1566487550735474,-0.06266124492645253,0.06266124492645253,AF,AF_mean,angle_rheology_enhanced,XGBoost
68,6ALG2HA,1.22121,1.1520341634750366,-0.06917583652496329,0.06917583652496329,AF,AF_mean,angle_rheology_enhanced,XGBoost
69,6ALG2HA,1.27114,1.1882158517837524,-0.0829241482162475,0.0829241482162475,AF,AF_mean,angle_rheology_enhanced,XGBoost
70,6ALG4HA,2.36855,1.9616140127182007,-0.40693598728179925,0.40693598728179925,AF,AF_mean,angle_rheology_enhanced,XGBoost
71,6ALG4HA,1.56292,1.9816553592681885,0.4187353592681884,0.4187353592681884,AF,AF_mean,angle_rheology_enhanced,XGBoost
72,6ALG4HA,1.7423,1.9816553592681885,0.23935535926818852,0.23935535926818852,AF,AF_mean,angle_rheology_enhanced,XGBoost
73,6ALG4HA,1.41795,1.3873744010925293,-0.030575598907470747,0.030575598907470747,AF,AF_mean,angle_rheology_enhanced,XGBoost
74,6ALG4HA,1.31523,1.3816416263580322,0.06641162635803233,0.06641162635803233,AF,AF_mean,angle_rheology_enhanced,XGBoost
75,6ALG4HA,1.32876,1.4234446287155151,0.0946846287155152,0.0946846287155152,AF,AF_mean,angle_rheology_enhanced,XGBoost
76,6ALG4HA,1.46489,1.4234446287155151,-0.04144537128448489,0.04144537128448489,AF,AF_mean,angle_rheology_enhanced,XGBoost
77,6ALG4HA,1.17845,1.19948148727417,0.021031487274169924,0.021031487274169924,AF,AF_mean,angle_rheology_enhanced,XGBoost
78,6ALG4HA,1.14397,1.1849149465560913,0.04094494655609138,0.04094494655609138,AF,AF_mean,angle_rheology_enhanced,XGBoost
79,6ALG4HA,1.19772,1.1791821718215942,-0.018537828178405658,0.018537828178405658,AF,AF_mean,angle_rheology_enhanced,XGBoost
80,6ALG4HA,1.16671,1.2188100814819336,0.05210008148193368,0.05210008148193368,AF,AF_mean,angle_rheology_enhanced,XGBoost
81,6ALG4HA,1.11558,1.2188100814819336,0.10323008148193358,0.10323008148193358,AF,AF_mean,angle_rheology_enhanced,XGBoost
82,6ALG6HA,1.50363,1.8514444828033447,0.3478144828033447,0.3478144828033447,AF,AF_mean,angle_rheology_enhanced,XGBoost
83,6ALG6HA,1.81434,1.8049973249435425,-0.009342675056457583,0.009342675056457583,AF,AF_mean,angle_rheology_enhanced,XGBoost
84,6ALG6HA,1.78987,1.8038278818130493,0.013957881813049244,0.013957881813049244,AF,AF_mean,angle_rheology_enhanced,XGBoost
85,6ALG6HA,1.70334,1.8038278818130493,0.10048788181304924,0.10048788181304924,AF,AF_mean,angle_rheology_enhanced,XGBoost
86,6ALG6HA,1.27302,1.3933972120285034,0.12037721202850338,0.12037721202850338,AF,AF_mean,angle_rheology_enhanced,XGBoost
87,6ALG6HA,1.4647,1.3972132205963135,-0.06748677940368641,0.06748677940368641,AF,AF_mean,angle_rheology_enhanced,XGBoost
88,6ALG6HA,1.62833,1.3746185302734375,-0.25371146972656256,0.25371146972656256,AF,AF_mean,angle_rheology_enhanced,XGBoost
89,6ALG6HA,1.49292,1.3734490871429443,-0.11947091285705569,0.11947091285705569,AF,AF_mean,angle_rheology_enhanced,XGBoost
90,6ALG6HA,1.54228,1.3734490871429443,-0.16883091285705576,0.16883091285705576,AF,AF_mean,angle_rheology_enhanced,XGBoost
91,6ALG6HA,1.20107,1.207837462425232,0.006767462425231852,0.006767462425231852,AF,AF_mean,angle_rheology_enhanced,XGBoost
92,6ALG6HA,1.21688,1.211653470993042,-0.0052265290069579695,0.0052265290069579695,AF,AF_mean,angle_rheology_enhanced,XGBoost
93,6ALG6HA,1.30275,1.1877847909927368,-0.11496520900726326,0.11496520900726326,AF,AF_mean,angle_rheology_enhanced,XGBoost
94,6ALG6HA,1.35987,1.1866153478622437,-0.17325465213775626,0.17325465213775626,AF,AF_mean,angle_rheology_enhanced,XGBoost
95,6ALG6HA,1.16353,1.1866153478622437,0.0230853478622437,0.0230853478622437,AF,AF_mean,angle_rheology_enhanced,XGBoost
