Split,R2,MAE,RMSE,Spearman,Target,Target_column,Feature_set,Model
1,-0.32856691168402863,0.06775557827069884,0.0869150818893671,0.30952380952380953,Pr,Pr_mean,core,LinearRegression
2,0.5997600256042294,0.05188590285827882,0.06150827877591781,0.8333333333333335,Pr,Pr_mean,core,LinearRegression
3,0.5070098771316339,0.044579283872790074,0.06384913855584838,0.8095238095238096,Pr,Pr_mean,core,LinearRegression
4,0.4395960152435876,0.06328026399694041,0.11059963504214841,0.8571428571428572,Pr,Pr_mean,core,LinearRegression
5,-1.8345976922763394,0.054496525245109964,0.06545604946737688,0.4523809523809524,Pr,Pr_mean,core,LinearRegression
6,-0.6755266587295965,0.07570322735749734,0.08615061575851357,0.5628843430992316,Pr,Pr_mean,core,LinearRegression
7,0.3082160656357119,0.09494794360909946,0.131018101009776,0.6904761904761906,Pr,Pr_mean,core,LinearRegression
8,0.3339111354445434,0.0473925760194831,0.055580061388537196,0.7142857142857144,Pr,Pr_mean,core,LinearRegression
9,0.3981643127381489,0.04040750318838203,0.05439453367589856,0.8333333333333335,Pr,Pr_mean,core,LinearRegression
10,-0.11741101504462348,0.039062629702390786,0.04891478647570995,0.7142857142857144,Pr,Pr_mean,core,LinearRegression
11,0.5099799007499253,0.04794416842400234,0.057653988883566626,0.7142857142857144,Pr,Pr_mean,core,LinearRegression
12,0.14270847634318462,0.09934015481146677,0.13939471815217144,0.7619047619047621,Pr,Pr_mean,core,LinearRegression
13,0.3270320638811859,0.045173000335770236,0.05464700555865104,0.6428571428571429,Pr,Pr_mean,core,LinearRegression
14,0.43195120701181744,0.045534517467933217,0.054767059108678295,0.6904761904761906,Pr,Pr_mean,core,LinearRegression
15,-9.979545259957579,0.05596188298473162,0.08982916867304343,0.023809523809523815,Pr,Pr_mean,core,LinearRegression
16,0.32919634231785955,0.08172918161257645,0.12519249083243286,0.880952380952381,Pr,Pr_mean,core,LinearRegression
17,-0.6999224437631701,0.07457256984966017,0.0986435096553122,0.3333333333333334,Pr,Pr_mean,core,LinearRegression
18,0.7093827234146113,0.0376721821836908,0.04091483382046222,0.7857142857142858,Pr,Pr_mean,core,LinearRegression
19,-0.10400417693412556,0.06859982556612501,0.08403922132487804,0.6190476190476191,Pr,Pr_mean,core,LinearRegression
20,0.300755768044066,0.04223291247935085,0.05098127901671561,0.6190476190476191,Pr,Pr_mean,core,LinearRegression
21,-3.137986684059265,0.06703506774624936,0.0949452683982889,0.38095238095238104,Pr,Pr_mean,core,LinearRegression
22,0.3426085942844198,0.055743208338202135,0.06474962308732858,0.5476190476190477,Pr,Pr_mean,core,LinearRegression
23,0.13697317883475413,0.056415748718080874,0.06657666118339355,0.7380952380952381,Pr,Pr_mean,core,LinearRegression
24,0.22338230332631492,0.07749489567519378,0.12496549227899909,0.6190476190476191,Pr,Pr_mean,core,LinearRegression
25,0.4171171040017885,0.06278778944894262,0.066859022797303,0.7619047619047621,Pr,Pr_mean,core,LinearRegression
26,0.6765605606690858,0.025620163071629454,0.03376542327109961,0.880952380952381,Pr,Pr_mean,core,LinearRegression
27,-3.256389921055087,0.07971310435568134,0.09687247121058803,0.6107893935757621,Pr,Pr_mean,core,LinearRegression
28,0.6275269482216884,0.056664137872709144,0.06924398311560018,0.8571428571428572,Pr,Pr_mean,core,LinearRegression
29,-0.07611157506026123,0.10586667792607062,0.13486227244454824,0.4523809523809524,Pr,Pr_mean,core,LinearRegression
30,0.6553174230061996,0.03417743276557225,0.04139734568969508,0.7619047619047621,Pr,Pr_mean,core,LinearRegression
31,0.4360395424707785,0.037704291788533295,0.04561620162442121,0.5509080804800991,Pr,Pr_mean,core,LinearRegression
32,-5.47464045776458,0.10528649448079835,0.11183461914478054,0.7380952380952381,Pr,Pr_mean,core,LinearRegression
33,0.2294217269187221,0.053640905697552047,0.07753734355969784,0.5000000000000001,Pr,Pr_mean,core,LinearRegression
34,0.37209351269389923,0.09079285599545565,0.13043061438815806,0.9761904761904763,Pr,Pr_mean,core,LinearRegression
35,0.5356418878285069,0.03814671220155527,0.04935953473687001,0.7380952380952381,Pr,Pr_mean,core,LinearRegression
36,0.41622051612898026,0.058061260497616396,0.07637202870309474,0.8095238095238096,Pr,Pr_mean,core,LinearRegression
37,-1.2074622067339726,0.06441905548143075,0.07331461318870408,-0.15569141404872366,Pr,Pr_mean,core,LinearRegression
38,0.35492494034607047,0.06728930535170714,0.11314765334615405,0.7857142857142858,Pr,Pr_mean,core,LinearRegression
39,0.005046612802277695,0.054137879822690596,0.07244988210610359,0.5952380952380953,Pr,Pr_mean,core,LinearRegression
40,0.24527470918593564,0.060451528681259456,0.06582746582703113,0.7857142857142858,Pr,Pr_mean,core,LinearRegression
41,-0.028468754530450502,0.04482419971636277,0.05305687014817091,0.6190476190476191,Pr,Pr_mean,core,LinearRegression
42,0.39287046241554135,0.05924031775222027,0.11041629751913658,0.7065994945288229,Pr,Pr_mean,core,LinearRegression
43,0.3961858708683126,0.05641199324379148,0.06414872821968352,0.6904761904761906,Pr,Pr_mean,core,LinearRegression
44,-1.3516475475661927,0.06320597605209323,0.08681416756217426,0.30952380952380953,Pr,Pr_mean,core,LinearRegression
45,-0.23274883392640566,0.07381030323919253,0.08813720427258429,0.0,Pr,Pr_mean,core,LinearRegression
46,-0.14499628024320232,0.0675746907147179,0.08102003322677298,0.1666666666666667,Pr,Pr_mean,core,LinearRegression
47,0.6919422427935328,0.04045681209133062,0.043611114860582306,0.7619047619047621,Pr,Pr_mean,core,LinearRegression
48,-3.150600897474603,0.0694252968289668,0.08377089956701059,-0.19047619047619052,Pr,Pr_mean,core,LinearRegression
49,0.4637735693223777,0.05111818463743087,0.07073373107250568,0.7380952380952381,Pr,Pr_mean,core,LinearRegression
50,0.33862612406863135,0.07203377954917559,0.11931847885708073,0.8095238095238096,Pr,Pr_mean,core,LinearRegression
51,-1.5158790584408814,0.06181767983797491,0.07292312470909526,0.6666666666666669,Pr,Pr_mean,core,LinearRegression
52,0.14866202749619417,0.08155459354436125,0.12298905257107726,0.5476190476190477,Pr,Pr_mean,core,LinearRegression
53,0.4386394424508224,0.0657869171089177,0.08688110246668321,0.7619047619047621,Pr,Pr_mean,core,LinearRegression
54,-0.37160230962260465,0.05813313132049733,0.08233126491721615,0.2380952380952381,Pr,Pr_mean,core,LinearRegression
55,0.463339582347987,0.03663263540663632,0.04546959708425376,0.7065994945288229,Pr,Pr_mean,core,LinearRegression
56,0.5526085103364189,0.046329311919648106,0.055785546874900914,0.7142857142857144,Pr,Pr_mean,core,LinearRegression
57,0.03584017730774558,0.05148172055493437,0.06635738726952936,0.523809523809524,Pr,Pr_mean,core,LinearRegression
58,0.3402289399180263,0.0630392181160746,0.11244704137852267,0.9761904761904763,Pr,Pr_mean,core,LinearRegression
59,-0.1257739498248054,0.05752714823828402,0.06649405686013571,0.5476190476190477,Pr,Pr_mean,core,LinearRegression
60,0.048010644214357856,0.07778664750892417,0.09763692199503622,0.2380952380952381,Pr,Pr_mean,core,LinearRegression
61,0.24291435175549314,0.05702887583641085,0.07261995266313467,0.8571428571428572,Pr,Pr_mean,core,LinearRegression
62,-1.1316651729468314,0.052984764662163925,0.06242315779322988,0.8982196964349441,Pr,Pr_mean,core,LinearRegression
63,-0.4129442581983944,0.06343458177259795,0.07606348336263519,0.3571428571428572,Pr,Pr_mean,core,LinearRegression
64,0.5695989615514648,0.03326018519496808,0.039406686573756934,0.8095238095238096,Pr,Pr_mean,core,LinearRegression
65,0.3700250612116741,0.09493960575512038,0.1274242312077912,0.7619047619047621,Pr,Pr_mean,core,LinearRegression
66,0.4986609259004017,0.05244190294864953,0.05955332018409287,0.8862434338158116,Pr,Pr_mean,core,LinearRegression
67,0.5690228444120355,0.04277698647345453,0.04867985096526511,0.730552019767088,Pr,Pr_mean,core,LinearRegression
68,0.29779783379921787,0.0682014983815225,0.11486678677020913,0.5476190476190477,Pr,Pr_mean,core,LinearRegression
69,-3.707726285810348,0.07402306819041961,0.08976887249896737,0.14285714285714288,Pr,Pr_mean,core,LinearRegression
70,0.43111378531219435,0.062025334694423354,0.07717298608688558,0.8095238095238096,Pr,Pr_mean,core,LinearRegression
71,0.2782347545145881,0.05403129205827145,0.06426593108636128,0.7380952380952381,Pr,Pr_mean,core,LinearRegression
72,0.6312111856797513,0.034087015595837794,0.03746717042138095,0.8095238095238096,Pr,Pr_mean,core,LinearRegression
73,0.27340732658570144,0.08994003962895322,0.12624144347440291,0.4761904761904762,Pr,Pr_mean,core,LinearRegression
74,0.526617050956182,0.053578510066516566,0.06678394867147039,0.7857142857142858,Pr,Pr_mean,core,LinearRegression
75,0.25687650701579345,0.05853046057162023,0.06343364985271015,0.30952380952380953,Pr,Pr_mean,core,LinearRegression
76,0.22391385907532468,0.0624156248443693,0.0814795664901733,0.4761904761904762,Pr,Pr_mean,core,LinearRegression
77,0.27052946882602813,0.07967134739646244,0.11737064630301591,0.7380952380952381,Pr,Pr_mean,core,LinearRegression
78,-0.4238071003813906,0.04128787328823426,0.045589498952957726,0.7142857142857144,Pr,Pr_mean,core,LinearRegression
79,-0.6627245934725268,0.08608349358529564,0.09666271697515469,0.11904761904761905,Pr,Pr_mean,core,LinearRegression
80,0.749492835317249,0.02956442238316978,0.035384933541001785,0.7857142857142858,Pr,Pr_mean,core,LinearRegression
81,0.6248995506471144,0.05203598154014999,0.06494111276523393,0.7142857142857144,Pr,Pr_mean,core,LinearRegression
82,0.32287306668732474,0.06800287090620145,0.1143314083919763,0.7380952380952381,Pr,Pr_mean,core,LinearRegression
83,-2.970206309621608,0.08229135702985063,0.09995976538221057,0.2142857142857143,Pr,Pr_mean,core,LinearRegression
84,-0.188259980157103,0.06171248363160192,0.07276137763498719,0.38095238095238104,Pr,Pr_mean,core,LinearRegression
85,0.7609968295039116,0.033522909253781985,0.03977238343283392,0.6666666666666669,Pr,Pr_mean,core,LinearRegression
86,-0.12462410427315462,0.05809751675306496,0.06572200891813555,0.8333333333333335,Pr,Pr_mean,core,LinearRegression
87,-0.15964290464771613,0.050754941275994905,0.059511984227857986,0.5000000000000001,Pr,Pr_mean,core,LinearRegression
88,0.632036090438568,0.03992812383523825,0.045767931441255835,0.6904761904761906,Pr,Pr_mean,core,LinearRegression
89,0.23477709832578708,0.08585274812788413,0.1284952265405181,0.6666666666666669,Pr,Pr_mean,core,LinearRegression
90,0.27374283837633584,0.05209864112061405,0.07262004535978782,0.3571428571428572,Pr,Pr_mean,core,LinearRegression
91,0.6674393413813823,0.048474904502639415,0.06379848175823073,0.8571428571428572,Pr,Pr_mean,core,LinearRegression
92,-0.2801502174086459,0.03982393018634907,0.04700722595173375,0.28571428571428575,Pr,Pr_mean,core,LinearRegression
93,-0.6050628065904355,0.07773209393773656,0.09153471147136776,0.19047619047619052,Pr,Pr_mean,core,LinearRegression
94,0.3888815064891846,0.06608564519153425,0.11094759265979341,0.7619047619047621,Pr,Pr_mean,core,LinearRegression
95,-0.010810716739945825,0.05950472265559689,0.07585164087884963,0.7142857142857144,Pr,Pr_mean,core,LinearRegression
96,0.44259874392341614,0.04697999481764921,0.056326896241434145,0.7142857142857144,Pr,Pr_mean,core,LinearRegression
97,-0.3738516413900248,0.0599374318412875,0.06432760794454238,0.6190476190476191,Pr,Pr_mean,core,LinearRegression
98,-2.7351128465171994,0.06127604768591931,0.08647907086075259,0.19047619047619052,Pr,Pr_mean,core,LinearRegression
99,0.14582449259897734,0.04960170986601478,0.061662864717968155,0.7619047619047621,Pr,Pr_mean,core,LinearRegression
100,-0.004913004467500759,0.10686560176916694,0.1490822578441729,0.9047619047619048,Pr,Pr_mean,core,LinearRegression
1,-0.20998906726775202,0.06660899383915343,0.08294575237156174,0.19047619047619052,Pr,Pr_mean,core,SVR_RBF
2,0.4519099307275275,0.066446123619731,0.07197792286387573,0.7380952380952381,Pr,Pr_mean,core,SVR_RBF
3,0.005613852237408512,0.061902888714735135,0.09068040810103756,0.4761904761904762,Pr,Pr_mean,core,SVR_RBF
4,0.5761588757206819,0.06824609456468218,0.09618439841174753,0.7142857142857144,Pr,Pr_mean,core,SVR_RBF
5,-1.412947202693208,0.054765386454210696,0.060391801570004386,0.261904761904762,Pr,Pr_mean,core,SVR_RBF
6,-0.3661754577714107,0.06463972929023544,0.07779218222700246,0.6227656561948947,Pr,Pr_mean,core,SVR_RBF
7,0.031107015853620745,0.1161072977175847,0.15505435545772112,0.3571428571428572,Pr,Pr_mean,core,SVR_RBF
8,0.611532348538258,0.03785151919428961,0.042445374079629,0.8333333333333335,Pr,Pr_mean,core,SVR_RBF
9,0.0008078155624344774,0.060487047120022924,0.07008753786775009,0.523809523809524,Pr,Pr_mean,core,SVR_RBF
10,-0.1842360419080613,0.04329840397505694,0.050356185565783605,0.4047619047619048,Pr,Pr_mean,core,SVR_RBF
11,-0.4207230546967575,0.08878098471990992,0.09816962387804022,-0.4047619047619048,Pr,Pr_mean,core,SVR_RBF
12,0.36376213121391143,0.09300673540340695,0.12008584283796442,0.7142857142857144,Pr,Pr_mean,core,SVR_RBF
13,0.2974036104964801,0.04355167793781477,0.05583700814354105,0.8333333333333335,Pr,Pr_mean,core,SVR_RBF
14,0.42267459423244536,0.04825867676259864,0.055212439296726125,0.7142857142857144,Pr,Pr_mean,core,SVR_RBF
15,-13.974271023616955,0.08545340938814663,0.10490544938381183,-0.07142857142857144,Pr,Pr_mean,core,SVR_RBF
16,0.20271831679031493,0.09727366531665273,0.1364854835056589,0.4761904761904762,Pr,Pr_mean,core,SVR_RBF
17,-0.8591516956491416,0.0794091491884791,0.10316000993898942,0.5952380952380953,Pr,Pr_mean,core,SVR_RBF
18,0.047904735998088754,0.06936313059654733,0.07405600494206065,0.3571428571428572,Pr,Pr_mean,core,SVR_RBF
19,0.06982273066699896,0.06490733079323979,0.07713998014156176,0.5952380952380953,Pr,Pr_mean,core,SVR_RBF
20,-0.8657644236047415,0.06779622998366133,0.08327692575100756,0.5714285714285715,Pr,Pr_mean,core,SVR_RBF
21,-2.8003787247320724,0.07730580165388388,0.09098969750377692,0.5476190476190477,Pr,Pr_mean,core,SVR_RBF
22,0.5977435060114566,0.040906081267615635,0.050649686972497034,0.8571428571428572,Pr,Pr_mean,core,SVR_RBF
23,-0.09089575971080577,0.06669350463498591,0.07485166959320091,0.2142857142857143,Pr,Pr_mean,core,SVR_RBF
24,0.348218328592638,0.0860347305168691,0.11448208618697782,0.8333333333333335,Pr,Pr_mean,core,SVR_RBF
25,-0.06237062952047867,0.06686092643287375,0.09026250804067296,0.30952380952380953,Pr,Pr_mean,core,SVR_RBF
26,-0.14028535893283722,0.05697103437236091,0.06339901120998118,0.523809523809524,Pr,Pr_mean,core,SVR_RBF
27,-2.4572295233839365,0.05721158114474377,0.08730593789474309,0.37126414119311024,Pr,Pr_mean,core,SVR_RBF
28,0.10388376290460988,0.08587640958810103,0.10740309252440015,0.7380952380952381,Pr,Pr_mean,core,SVR_RBF
29,-0.04486989749497439,0.09819153463245907,0.13289019252052692,0.4047619047619048,Pr,Pr_mean,core,SVR_RBF
30,0.3788070145081286,0.042918873841560776,0.0555745688179764,0.4523809523809524,Pr,Pr_mean,core,SVR_RBF
31,-0.9207466519834211,0.06545844792370513,0.08418405378983644,-0.15569141404872366,Pr,Pr_mean,core,SVR_RBF
32,-6.608631293212459,0.10776430871269234,0.12123323785665109,0.7380952380952381,Pr,Pr_mean,core,SVR_RBF
33,0.06367768258682016,0.050476877513146,0.08547029946374017,0.6428571428571429,Pr,Pr_mean,core,SVR_RBF
34,0.4721779065546782,0.07732738947947569,0.11958476031618738,0.6666666666666669,Pr,Pr_mean,core,SVR_RBF
35,-1.1005532616600364,0.08226330146440208,0.10498116499863237,0.8333333333333335,Pr,Pr_mean,core,SVR_RBF
36,0.3679562231662433,0.06846673183739319,0.07946639154567339,0.7380952380952381,Pr,Pr_mean,core,SVR_RBF
37,-2.088865722170136,0.0708152293064043,0.0867248233170679,-0.45509797952703834,Pr,Pr_mean,core,SVR_RBF
38,0.1525893106292341,0.09970567510719952,0.12968429773672951,0.523809523809524,Pr,Pr_mean,core,SVR_RBF
39,-0.6551702133775228,0.06337831952150311,0.09344533961046537,0.6904761904761906,Pr,Pr_mean,core,SVR_RBF
40,-0.07622446166357766,0.06820530369293147,0.07860752347352912,0.6904761904761906,Pr,Pr_mean,core,SVR_RBF
41,-1.0976227850108704,0.06490663372410391,0.07577217820590129,-0.04761904761904763,Pr,Pr_mean,core,SVR_RBF
42,0.3581743740145862,0.06944064672565918,0.11352748727461419,0.3832404038122429,Pr,Pr_mean,core,SVR_RBF
43,-0.1834686398896268,0.06614320971353406,0.08980795189029916,0.4523809523809524,Pr,Pr_mean,core,SVR_RBF
44,-0.775566356057664,0.06308180352669145,0.07543500833264348,0.38095238095238104,Pr,Pr_mean,core,SVR_RBF
45,-0.9674297570426935,0.08636524296519013,0.11134522268155261,0.023809523809523815,Pr,Pr_mean,core,SVR_RBF
46,-0.21711454750819925,0.0641036192941796,0.08353262047517544,0.04761904761904763,Pr,Pr_mean,core,SVR_RBF
47,-0.047470180942254414,0.06977474388812216,0.08041775569021539,0.8571428571428572,Pr,Pr_mean,core,SVR_RBF
48,-9.368275790013351,0.11788932919640678,0.13240090742761504,-0.7142857142857144,Pr,Pr_mean,core,SVR_RBF
49,0.46337821271436264,0.06327363068003354,0.07075980205080169,0.6190476190476191,Pr,Pr_mean,core,SVR_RBF
50,-0.07428948751159692,0.11018233459156858,0.15207045761931048,0.523809523809524,Pr,Pr_mean,core,SVR_RBF
51,0.2192116956514687,0.0343114224948327,0.040624407430111344,0.7380952380952381,Pr,Pr_mean,core,SVR_RBF
52,-0.06001818508964374,0.09308013371821404,0.1372372830428741,0.523809523809524,Pr,Pr_mean,core,SVR_RBF
53,-0.40720218056599844,0.10796431957077549,0.1375569777708373,0.14285714285714288,Pr,Pr_mean,core,SVR_RBF
54,0.2378551382983457,0.05200012998632081,0.06137188279673447,0.4523809523809524,Pr,Pr_mean,core,SVR_RBF
55,-1.2895807249727533,0.06519238907138479,0.09391810125294017,0.15569141404872366,Pr,Pr_mean,core,SVR_RBF
56,-0.049237777737924704,0.059425196201356514,0.08543086330234465,0.2380952380952381,Pr,Pr_mean,core,SVR_RBF
57,0.04582151121413647,0.06103251458478712,0.06601301575633514,0.5476190476190477,Pr,Pr_mean,core,SVR_RBF
58,0.4904371644158694,0.06692878180010058,0.09882123451638143,0.880952380952381,Pr,Pr_mean,core,SVR_RBF
59,0.09653543877323978,0.048469521738863125,0.05956796914101012,0.6666666666666669,Pr,Pr_mean,core,SVR_RBF
60,0.11068363483171051,0.07027467624787252,0.0943683095966848,0.30952380952380953,Pr,Pr_mean,core,SVR_RBF
61,-0.4716135434915605,0.07245645961416901,0.1012465754809254,0.5952380952380953,Pr,Pr_mean,core,SVR_RBF
62,-1.0227405056602517,0.05617078842493353,0.060807384740889286,0.7425282823862205,Pr,Pr_mean,core,SVR_RBF
63,0.3118160326276236,0.042039872692493804,0.053084284872248595,0.4047619047619048,Pr,Pr_mean,core,SVR_RBF
64,-0.9160739198687975,0.07058067077229437,0.08314562347403874,0.4761904761904762,Pr,Pr_mean,core,SVR_RBF
65,0.2324315414072855,0.10484896227482782,0.1406529824736751,0.5714285714285715,Pr,Pr_mean,core,SVR_RBF
66,-0.03527324835162737,0.05998685339719863,0.08557909661331732,0.09581010095306072,Pr,Pr_mean,core,SVR_RBF
67,0.33068972837650557,0.053139499801618015,0.060664672821352815,0.6107893935757621,Pr,Pr_mean,core,SVR_RBF
68,0.13033859170181683,0.085763047458439,0.12783167784990876,0.3333333333333334,Pr,Pr_mean,core,SVR_RBF
69,-2.592813225182004,0.06036133403135013,0.0784219231988434,-0.11904761904761905,Pr,Pr_mean,core,SVR_RBF
70,0.623976102854954,0.061392660958094494,0.06274228382208832,1.0,Pr,Pr_mean,core,SVR_RBF
71,-0.5914860827648754,0.06653902255241075,0.09542985051927548,0.4285714285714286,Pr,Pr_mean,core,SVR_RBF
72,-8.215205085315702e-06,0.05116106619817748,0.06169696626293546,0.523809523809524,Pr,Pr_mean,core,SVR_RBF
73,0.46424074694534645,0.08947313471112413,0.10840299588428128,0.4523809523809524,Pr,Pr_mean,core,SVR_RBF
74,0.4609835820971997,0.06386269934505213,0.0712634403840827,0.7380952380952381,Pr,Pr_mean,core,SVR_RBF
75,0.11487268873533729,0.06198563290998861,0.06922964039102278,-0.023809523809523815,Pr,Pr_mean,core,SVR_RBF
76,-0.35174225727838926,0.07309925925974732,0.10753273478868217,0.19047619047619052,Pr,Pr_mean,core,SVR_RBF
77,0.18754775836712767,0.08664006474670835,0.1238666923356573,0.6190476190476191,Pr,Pr_mean,core,SVR_RBF
78,-1.7140065977294143,0.04339037188075022,0.0629426018769125,0.4047619047619048,Pr,Pr_mean,core,SVR_RBF
79,-0.9106038403887555,0.09227284648850306,0.10361775080103122,0.2142857142857143,Pr,Pr_mean,core,SVR_RBF
80,0.4224878595823476,0.048942015007526915,0.05372653936571142,0.5952380952380953,Pr,Pr_mean,core,SVR_RBF
81,0.6244244248906428,0.05398745439770024,0.06498222899261212,0.8333333333333335,Pr,Pr_mean,core,SVR_RBF
82,0.2653249859572838,0.08301899345025533,0.11909078118673701,0.6190476190476191,Pr,Pr_mean,core,SVR_RBF
83,-3.2537620708181665,0.08174267587606793,0.10346781734771085,0.3333333333333334,Pr,Pr_mean,core,SVR_RBF
84,-0.4005164388474578,0.04944634866136052,0.07899312287159826,0.4047619047619048,Pr,Pr_mean,core,SVR_RBF
85,0.2046544215980569,0.06213263518408853,0.0725533921374684,0.19047619047619052,Pr,Pr_mean,core,SVR_RBF
86,-0.703697863623205,0.06774859362719665,0.08089159999302588,0.4761904761904762,Pr,Pr_mean,core,SVR_RBF
87,-1.8868355237342453,0.07367999958002512,0.0938973452080504,-0.023809523809523815,Pr,Pr_mean,core,SVR_RBF
88,-0.06425500658517636,0.06922465791796831,0.07783618164324256,0.38095238095238104,Pr,Pr_mean,core,SVR_RBF
89,0.4125502409162689,0.08057716108970593,0.1125844420393417,0.7619047619047621,Pr,Pr_mean,core,SVR_RBF
90,0.06204208534812994,0.048770919783220956,0.0825283149887049,0.4523809523809524,Pr,Pr_mean,core,SVR_RBF
91,0.7050652908417124,0.05385538002299266,0.06008109656016688,0.6666666666666669,Pr,Pr_mean,core,SVR_RBF
92,-1.6541863558096535,0.054372997623990726,0.06768615775592618,0.0,Pr,Pr_mean,core,SVR_RBF
93,-0.7304434215988769,0.0740766118394907,0.09504264268208969,0.3571428571428572,Pr,Pr_mean,core,SVR_RBF
94,0.3762445848190049,0.06459706528932624,0.11208882966057739,0.8333333333333335,Pr,Pr_mean,core,SVR_RBF
95,-0.9393558432617775,0.083120553772314,0.10506518095975387,0.8333333333333335,Pr,Pr_mean,core,SVR_RBF
96,-1.6931769389641298,0.10745681136280114,0.12381244305680326,-0.2380952380952381,Pr,Pr_mean,core,SVR_RBF
97,-0.5850018882204855,0.0571667085485167,0.06909432456663933,0.5952380952380953,Pr,Pr_mean,core,SVR_RBF
98,-2.5859272417014845,0.056048380276120455,0.08473442523376672,0.09523809523809526,Pr,Pr_mean,core,SVR_RBF
99,0.6025350612253724,0.035053492802971625,0.04206293300991483,0.9523809523809524,Pr,Pr_mean,core,SVR_RBF
100,0.21422694202093218,0.10040551256124945,0.1318287989173335,0.8571428571428572,Pr,Pr_mean,core,SVR_RBF
1,0.23348543371287445,0.05773122767857153,0.06601819312817185,0.4047619047619048,Pr,Pr_mean,core,RandomForest
2,0.6947590155946199,0.04743183234126985,0.053714899284014815,0.7380952380952381,Pr,Pr_mean,core,RandomForest
3,0.48966290596937445,0.0417519735449733,0.06496276497296284,0.4285714285714286,Pr,Pr_mean,core,RandomForest
4,0.49932533718044314,0.07393215459656045,0.1045396143286607,0.1666666666666667,Pr,Pr_mean,core,RandomForest
5,-1.7623715620046156,0.06052367113095239,0.06461675182156697,0.11904761904761905,Pr,Pr_mean,core,RandomForest
6,-0.17143743713219428,0.060979714947090466,0.07203478502603268,0.6227656561948947,Pr,Pr_mean,core,RandomForest
7,0.2618972764210227,0.09644188392857159,0.13533323658419164,0.523809523809524,Pr,Pr_mean,core,RandomForest
8,0.06988511958971644,0.05990434209656041,0.06567819846477056,0.5714285714285715,Pr,Pr_mean,core,RandomForest
9,0.39516554885927446,0.04644959032287113,0.054529880981736,0.9047619047619048,Pr,Pr_mean,core,RandomForest
10,-0.0007625948788352321,0.04004937202380961,0.046291283264609365,0.8503146459584139,Pr,Pr_mean,core,RandomForest
11,-0.033493461996369156,0.0752551565806876,0.08372907239683403,0.04761904761904763,Pr,Pr_mean,core,RandomForest
12,0.22263107306733132,0.09327380522486786,0.13273811369698782,0.7142857142857144,Pr,Pr_mean,core,RandomForest
13,0.7199737643740642,0.030833911856662177,0.035250764822767885,0.7784570702436182,Pr,Pr_mean,core,RandomForest
14,0.4763168933656372,0.0510606669823231,0.052584879397575446,0.7142857142857144,Pr,Pr_mean,core,RandomForest
15,-5.851673897612771,0.06406395238095175,0.07096162403106904,0.09523809523809526,Pr,Pr_mean,core,RandomForest
16,0.3371032177850851,0.08615471180555538,0.12445247121795505,0.6190476190476191,Pr,Pr_mean,core,RandomForest
17,0.5504428208481511,0.04049496709656064,0.05072784702489997,0.6666666666666669,Pr,Pr_mean,core,RandomForest
18,0.05969600544229281,0.06947629997895652,0.07359600119844228,0.3333333333333334,Pr,Pr_mean,core,RandomForest
19,0.5476576305303265,0.0434586474867729,0.0537935611675772,0.7142857142857144,Pr,Pr_mean,core,RandomForest
20,0.13267868175760145,0.04488682870370385,0.05677881065949688,0.4285714285714286,Pr,Pr_mean,core,RandomForest
21,-1.188024517005748,0.06255081448412637,0.0690406504191337,0.28571428571428575,Pr,Pr_mean,core,RandomForest
22,0.542733201866062,0.04192179794973537,0.05400202778691917,0.8333333333333335,Pr,Pr_mean,core,RandomForest
23,0.43705562155504785,0.04960915376984128,0.0537703184263365,0.1666666666666667,Pr,Pr_mean,core,RandomForest
24,0.40613996041692213,0.06584584771825373,0.1092769372955426,0.880952380952381,Pr,Pr_mean,core,RandomForest
25,0.08455092161727595,0.07089181415343936,0.0837888953389237,0.4191691916696407,Pr,Pr_mean,core,RandomForest
26,0.09260653420412901,0.04912996412037077,0.05655532914623373,0.7619047619047621,Pr,Pr_mean,core,RandomForest
27,-0.481133995864504,0.05445136507936457,0.057144817589894065,0.7469879518072288,Pr,Pr_mean,core,RandomForest
28,0.7127297750618392,0.053013162698412386,0.060810688482236815,0.8571428571428572,Pr,Pr_mean,core,RandomForest
29,0.15493659130426696,0.08196616302910051,0.11951061202089078,0.5476190476190477,Pr,Pr_mean,core,RandomForest
30,0.19240168495420917,0.056597961474867634,0.06336661855829918,0.203596464525254,Pr,Pr_mean,core,RandomForest
31,-0.6177827019437594,0.06378253296356397,0.07726003244290097,-0.10778636357219329,Pr,Pr_mean,core,RandomForest
32,-5.048618345823042,0.09257283465608526,0.10809274004713289,0.6467181814331598,Pr,Pr_mean,core,RandomForest
33,0.7180356057980426,0.039714271164021236,0.04690289754236952,0.6586944440522925,Pr,Pr_mean,core,RandomForest
34,0.4854856376198612,0.08646482688492083,0.11806761926963143,0.7619047619047621,Pr,Pr_mean,core,RandomForest
35,0.13250270263554975,0.054394687334656536,0.06746501234196622,0.6190476190476191,Pr,Pr_mean,core,RandomForest
36,0.46717360913773187,0.061320078538359954,0.07296301582104893,0.7142857142857144,Pr,Pr_mean,core,RandomForest
37,-2.227127578465795,0.07665526868386267,0.08864453710235366,-0.024096385542168672,Pr,Pr_mean,core,RandomForest
38,0.42193147710167145,0.0693288912037038,0.1071100165662187,0.5476190476190477,Pr,Pr_mean,core,RandomForest
39,0.41465491474623883,0.05102535340007204,0.055570244010395675,0.4761904761904762,Pr,Pr_mean,core,RandomForest
40,0.032949143250198376,0.06855540343915299,0.07451390805768401,0.8742671711966791,Pr,Pr_mean,core,RandomForest
41,-0.31039044914100544,0.0512853480489418,0.059888913692388066,0.19047619047619052,Pr,Pr_mean,core,RandomForest
42,0.4637370199712123,0.06606311111111075,0.1037722916912266,0.467074242146171,Pr,Pr_mean,core,RandomForest
43,0.31187852566580443,0.04727197371031769,0.06848082294243985,0.4047619047619048,Pr,Pr_mean,core,RandomForest
44,-0.3631965141566509,0.05927713508597869,0.06609730046198757,-0.04761904761904763,Pr,Pr_mean,core,RandomForest
45,0.6206572608981236,0.04095437797618999,0.04889200620193934,0.7857142857142858,Pr,Pr_mean,core,RandomForest
46,0.09680116316750587,0.057753198743386025,0.07195849372436072,-0.04761904761904763,Pr,Pr_mean,core,RandomForest
47,-0.042686652750892895,0.0729952321428571,0.08023392191690629,0.523809523809524,Pr,Pr_mean,core,RandomForest
48,-6.105322423019392,0.09643596924603152,0.10960480311581788,-0.6347419188140272,Pr,Pr_mean,core,RandomForest
49,0.5363483973775225,0.05979541633597872,0.06577310452053352,0.4523809523809524,Pr,Pr_mean,core,RandomForest
50,0.24487448640066,0.09046843865740765,0.12749517868185364,0.5476190476190477,Pr,Pr_mean,core,RandomForest
51,-0.2523539666824697,0.0450113530092594,0.051449829202361325,0.3333333333333334,Pr,Pr_mean,core,RandomForest
52,0.15164441044183785,0.0791261674933861,0.12277343769784928,0.6428571428571429,Pr,Pr_mean,core,RandomForest
53,0.6680834245882923,0.05617796461640204,0.06680651948033992,0.6904761904761906,Pr,Pr_mean,core,RandomForest
54,0.5602067937152998,0.03639340839947125,0.0466202869327307,0.8571428571428572,Pr,Pr_mean,core,RandomForest
55,-0.8906376131545704,0.06380095089285708,0.0853444866683137,-0.048192771084337345,Pr,Pr_mean,core,RandomForest
56,0.16417232141190108,0.05944863839285745,0.076249361263088,0.4285714285714286,Pr,Pr_mean,core,RandomForest
57,0.3140264787234368,0.04607801719576751,0.055971692428707163,0.8095238095238096,Pr,Pr_mean,core,RandomForest
58,0.396090421352738,0.0745732603715727,0.10758144199299871,0.9047619047619048,Pr,Pr_mean,core,RandomForest
59,0.15901998036143172,0.04789779199735436,0.05747117439915137,0.4285714285714286,Pr,Pr_mean,core,RandomForest
60,0.7307915415677849,0.04513362731481495,0.051920920583551196,0.4285714285714286,Pr,Pr_mean,core,RandomForest
61,0.1548536001798042,0.05746617651214535,0.07672721374541781,0.4761904761904762,Pr,Pr_mean,core,RandomForest
62,-1.3105590198738577,0.05896920667989408,0.06498973600380849,0.5269555552418339,Pr,Pr_mean,core,RandomForest
63,0.7190192406636791,0.027870635416666956,0.03391969876476501,0.8622909085775464,Pr,Pr_mean,core,RandomForest
64,-0.41893385973816044,0.05525757390873018,0.07155077474028694,0.6666666666666669,Pr,Pr_mean,core,RandomForest
65,0.34036133391530976,0.09532054265873026,0.13038974557935976,0.5476190476190477,Pr,Pr_mean,core,RandomForest
66,0.29634171408591026,0.05507482027116371,0.0705539129257035,0.29940656547831473,Pr,Pr_mean,core,RandomForest
67,0.39464994794947195,0.04611899751984136,0.057693303434625996,0.6467181814331598,Pr,Pr_mean,core,RandomForest
68,0.371644692473751,0.07142033564814788,0.1086590825859404,0.5000000000000001,Pr,Pr_mean,core,RandomForest
69,-1.7744006530650274,0.054845243220899204,0.0689135713621349,0.13173888881045848,Pr,Pr_mean,core,RandomForest
70,0.6116346937153723,0.06084606794131833,0.06376359769879493,0.9761904761904763,Pr,Pr_mean,core,RandomForest
71,0.23003183124763393,0.04686620866402136,0.06637724250743314,0.4285714285714286,Pr,Pr_mean,core,RandomForest
72,-0.10891585642821777,0.06039131894841261,0.06496976897514532,0.07319250547113999,Pr,Pr_mean,core,RandomForest
73,0.42733235007828596,0.0832344535383597,0.11207474767524749,0.30952380952380953,Pr,Pr_mean,core,RandomForest
74,0.6401466528619169,0.05023173991402109,0.0582275559627762,0.8095238095238096,Pr,Pr_mean,core,RandomForest
75,0.5378970686232045,0.04193213723544949,0.050021713761850495,0.6428571428571429,Pr,Pr_mean,core,RandomForest
76,0.6968524397905768,0.04115610714285706,0.05092379771468206,0.9047619047619048,Pr,Pr_mean,core,RandomForest
77,0.2737999709352784,0.0837318065476187,0.11710724144509595,0.4285714285714286,Pr,Pr_mean,core,RandomForest
78,-0.2601497524595837,0.03496959044312151,0.04288943460985323,0.4047619047619048,Pr,Pr_mean,core,RandomForest
79,0.06794221885081264,0.05789554580026415,0.0723719469212198,0.19047619047619052,Pr,Pr_mean,core,RandomForest
80,0.2841607035742818,0.05231863938492086,0.05981582214072495,0.523809523809524,Pr,Pr_mean,core,RandomForest
81,0.769273773080792,0.04141243237433899,0.05093243220983447,0.6666666666666669,Pr,Pr_mean,core,RandomForest
82,0.31649455378159574,0.08476554183201054,0.11486864517757386,0.14285714285714288,Pr,Pr_mean,core,RandomForest
83,-1.5234400406782878,0.07140627662037068,0.07969208425952003,0.5952380952380953,Pr,Pr_mean,core,RandomForest
84,0.09043983593812988,0.03832383002645469,0.06365915851994439,0.4523809523809524,Pr,Pr_mean,core,RandomForest
85,0.43145451256616973,0.05586877099867733,0.06134263043415083,0.4285714285714286,Pr,Pr_mean,core,RandomForest
86,0.04831980486783416,0.05102921957671995,0.060457843489913,0.880952380952381,Pr,Pr_mean,core,RandomForest
87,-1.4352669504857665,0.07207061931818187,0.08624135680812445,0.0,Pr,Pr_mean,core,RandomForest
88,0.4155612077990677,0.051389204199735736,0.05768039014151468,0.7619047619047621,Pr,Pr_mean,core,RandomForest
89,0.40186848632113903,0.07790646031746051,0.1136034072454271,0.8333333333333335,Pr,Pr_mean,core,RandomForest
90,0.6023398423005926,0.04093483730158763,0.05373624830014087,0.6227656561948945,Pr,Pr_mean,core,RandomForest
91,0.6231080225120196,0.06103814360870616,0.06791776008552868,0.4285714285714286,Pr,Pr_mean,core,RandomForest
92,-1.207168669323719,0.051900440641534276,0.0617236950637755,0.5000000000000001,Pr,Pr_mean,core,RandomForest
93,-0.05849916746535766,0.0587378956679894,0.07433358209796975,0.5476190476190477,Pr,Pr_mean,core,RandomForest
94,0.4229987469635751,0.0742688344907406,0.10780615287860419,0.7857142857142858,Pr,Pr_mean,core,RandomForest
95,0.23972491473222612,0.05218987698412729,0.06578326738731771,0.8095238095238096,Pr,Pr_mean,core,RandomForest
96,-0.519218513886214,0.07595370535714277,0.09299122562506125,-0.15569141404872364,Pr,Pr_mean,core,RandomForest
97,-0.4612301573872688,0.062173338293650654,0.06634173071340882,0.6666666666666669,Pr,Pr_mean,core,RandomForest
98,-0.08669518605637427,0.03640589533730147,0.04664585122260475,0.2142857142857143,Pr,Pr_mean,core,RandomForest
99,0.7225436601417536,0.03141336276455006,0.03514369866502021,0.7857142857142858,Pr,Pr_mean,core,RandomForest
100,0.09497885140779849,0.10962569131794121,0.141478710323549,0.8095238095238096,Pr,Pr_mean,core,RandomForest
1,0.34197759634007674,0.05026708011437038,0.06116792776619399,0.5000000000000001,Pr,Pr_mean,core,GradientBoosting
2,0.07880491707350878,0.07860318822771906,0.09331450327447849,0.6904761904761906,Pr,Pr_mean,core,GradientBoosting
3,0.35749647885133606,0.04835332150446675,0.07289096319902223,0.5000000000000001,Pr,Pr_mean,core,GradientBoosting
4,0.4566806774885712,0.08635299783748333,0.10890069759955218,0.27545404024004955,Pr,Pr_mean,core,GradientBoosting
5,-1.0715200019825977,0.04529802043890145,0.05595625508374106,-0.09523809523809526,Pr,Pr_mean,core,GradientBoosting
6,0.11537473637704099,0.05335367205433404,0.06259827762092265,0.5180722891566265,Pr,Pr_mean,core,GradientBoosting
7,0.35947533831578127,0.08334864847978894,0.1260706500961621,0.6826469692905576,Pr,Pr_mean,core,GradientBoosting
8,0.5993039324654081,0.030348525356344955,0.043108258215016064,0.8862434338158116,Pr,Pr_mean,core,GradientBoosting
9,0.2548283897389403,0.0519146247335341,0.060526343732622126,0.7857142857142858,Pr,Pr_mean,core,GradientBoosting
10,0.35171838062663396,0.032097381826217894,0.03725765716578564,0.6107893935757621,Pr,Pr_mean,core,GradientBoosting
11,-0.000668273882711734,0.05355567587529582,0.08238866740582322,0.1666666666666667,Pr,Pr_mean,core,GradientBoosting
12,0.454835310882717,0.07956430660144696,0.11115932794144945,0.7563225565351133,Pr,Pr_mean,core,GradientBoosting
13,0.21969177285794605,0.040395457469351,0.05884401208230846,0.8434347122457898,Pr,Pr_mean,core,GradientBoosting
14,0.5126267051290073,0.042795973095427375,0.050729135859334605,0.7185757571479554,Pr,Pr_mean,core,GradientBoosting
15,-6.593161257481507,0.06263270026632776,0.07470273724349279,0.2380952380952381,Pr,Pr_mean,core,GradientBoosting
16,0.4547377277036503,0.07367020511539256,0.11287123936874326,0.4761904761904762,Pr,Pr_mean,core,GradientBoosting
17,0.3953081577203146,0.04780030574222374,0.05883300301173796,0.6428571428571429,Pr,Pr_mean,core,GradientBoosting
18,0.22159886341704527,0.060894329158044894,0.06696098105975005,0.5000000000000001,Pr,Pr_mean,core,GradientBoosting
19,0.32785137741503234,0.048689216594235474,0.06557364391149607,0.8024095954818835,Pr,Pr_mean,core,GradientBoosting
20,-0.013748068955638182,0.04664559807457659,0.06138486435847283,0.5855400437691199,Pr,Pr_mean,core,GradientBoosting
21,-1.5703127038152633,0.06459995299614923,0.07482931394354458,0.6904761904761906,Pr,Pr_mean,core,GradientBoosting
22,0.4372888914619386,0.04851589143984267,0.059905676648390235,0.790433332862751,Pr,Pr_mean,core,GradientBoosting
23,0.3415858574249798,0.05120492540119688,0.05815130166540895,0.4285714285714286,Pr,Pr_mean,core,GradientBoosting
24,0.5510015144259386,0.0593509922021524,0.09501865993129596,0.9880235200593538,Pr,Pr_mean,core,GradientBoosting
25,0.1435591551221409,0.06392729450062351,0.08104347499563613,0.4047619047619048,Pr,Pr_mean,core,GradientBoosting
26,-0.40675675284817703,0.05710773584154524,0.07041824785872461,0.4761904761904762,Pr,Pr_mean,core,GradientBoosting
27,-1.1852838326876203,0.06410287784446589,0.06941184718848817,0.790433332862751,Pr,Pr_mean,core,GradientBoosting
28,0.4467725009701595,0.06398422883718913,0.08438912673690661,0.8095238095238096,Pr,Pr_mean,core,GradientBoosting
29,0.2580140093781408,0.07542891743620635,0.11198495366061878,0.38324040381224284,Pr,Pr_mean,core,GradientBoosting
30,0.4621517606894716,0.042857920151348594,0.05171216327264789,0.203596464525254,Pr,Pr_mean,core,GradientBoosting
31,-0.4903826935291207,0.05091827010142516,0.07415555538549168,0.13855421686746988,Pr,Pr_mean,core,GradientBoosting
32,-3.201174658071875,0.0796276855672096,0.09008527389265247,0.814385858101016,Pr,Pr_mean,core,GradientBoosting
33,0.7964230343602812,0.03357971102773545,0.03985353566537101,0.7065994945288228,Pr,Pr_mean,core,GradientBoosting
34,0.6318177381180792,0.06573674967253608,0.09987653929179993,0.8263621207201486,Pr,Pr_mean,core,GradientBoosting
35,-0.6955986827676541,0.07999439784501962,0.09432049562572159,0.5952380952380953,Pr,Pr_mean,core,GradientBoosting
36,0.5736775596317063,0.05607066460040103,0.06526479971875893,0.8263621207201486,Pr,Pr_mean,core,GradientBoosting
37,-1.2962382343722498,0.04432271554630034,0.07477430431509731,0.07878932580439521,Pr,Pr_mean,core,GradientBoosting
38,0.5102151814123705,0.06526309068848929,0.09859231981300202,0.6904761904761906,Pr,Pr_mean,core,GradientBoosting
39,0.38936834710338564,0.04953823027182948,0.05675785472243577,0.3571428571428572,Pr,Pr_mean,core,GradientBoosting
40,0.5746435034135451,0.046662339573522726,0.04941846137984398,0.6467181814331598,Pr,Pr_mean,core,GradientBoosting
41,-0.7053360705566267,0.05804780555223912,0.06832050458132027,-0.07142857142857144,Pr,Pr_mean,core,GradientBoosting
42,0.5528766015999655,0.05396436604593319,0.09475588623915661,0.7545045450053531,Pr,Pr_mean,core,GradientBoosting
43,-0.012902566448332209,0.06162063301078374,0.08308454595509074,0.4047619047619048,Pr,Pr_mean,core,GradientBoosting
44,0.07300265157316965,0.0438718115408033,0.05450592759238089,0.7065994945288228,Pr,Pr_mean,core,GradientBoosting
45,0.3110262491961471,0.04854692239530896,0.06589057664560602,0.8263621207201486,Pr,Pr_mean,core,GradientBoosting
46,-0.05566682132422729,0.0545372680832132,0.07779538155866136,0.2142857142857143,Pr,Pr_mean,core,GradientBoosting
47,0.18831822501880702,0.0629258839804097,0.07079034219879819,0.6904761904761906,Pr,Pr_mean,core,GradientBoosting
48,-2.4063275750427704,0.0697692176961651,0.07588936107014747,0.132539740495767,Pr,Pr_mean,core,GradientBoosting
49,0.6192834362230503,0.05097434775661726,0.05960097229341842,0.7619047619047621,Pr,Pr_mean,core,GradientBoosting
50,0.26164175658351985,0.0874962314150428,0.12607174202549912,0.5904042985720529,Pr,Pr_mean,core,GradientBoosting
51,-0.45984942051114697,0.04633286991830002,0.05554876661111977,0.4047619047619048,Pr,Pr_mean,core,GradientBoosting
52,0.11386764944482464,0.07993682642391922,0.12547717995039895,0.6190476190476191,Pr,Pr_mean,core,GradientBoosting
53,0.7124566448825346,0.052188845969887696,0.0621807625533981,0.6666666666666669,Pr,Pr_mean,core,GradientBoosting
54,0.27285755645818865,0.0457670953583922,0.05994603068079614,0.7142857142857144,Pr,Pr_mean,core,GradientBoosting
55,-0.9534839179019394,0.06095366505828276,0.0867513503855543,-0.2515015150017844,Pr,Pr_mean,core,GradientBoosting
56,0.04472435584593637,0.05882371117762669,0.08151587376706397,0.3333333333333334,Pr,Pr_mean,core,GradientBoosting
57,0.021223641401696303,0.06066725026027048,0.0668584799134549,0.7380952380952381,Pr,Pr_mean,core,GradientBoosting
58,0.48331093355070154,0.07205749421941109,0.0995098422919438,0.8982196964349441,Pr,Pr_mean,core,GradientBoosting
59,0.2477336536486342,0.044804349705811417,0.054355444263967975,0.5476190476190477,Pr,Pr_mean,core,GradientBoosting
60,0.6252692446076165,0.05609486740090161,0.06125727913189115,0.4047619047619048,Pr,Pr_mean,core,GradientBoosting
61,-0.019851781020038928,0.06937532174618624,0.08428532854807093,0.4285714285714286,Pr,Pr_mean,core,GradientBoosting
62,-0.7862664978944818,0.049850721724821856,0.057142516988115594,0.4999999999999999,Pr,Pr_mean,core,GradientBoosting
63,0.8641147935241017,0.01804174887279396,0.023588470684153838,0.7142857142857144,Pr,Pr_mean,core,GradientBoosting
64,0.052028279208235606,0.04195235372484668,0.05848317679997117,0.8571428571428572,Pr,Pr_mean,core,GradientBoosting
65,0.32277936890280723,0.10040484463723706,0.1321160180281316,0.730552019767088,Pr,Pr_mean,core,GradientBoosting
66,0.22726038609386068,0.044901501482289274,0.07393614281037053,0.2515015150017844,Pr,Pr_mean,core,GradientBoosting
67,0.2774255742357489,0.04920134856939602,0.06303233678093122,0.7425282823862205,Pr,Pr_mean,core,GradientBoosting
68,0.3902634930720399,0.0739070757880794,0.10703713825199349,0.5476190476190477,Pr,Pr_mean,core,GradientBoosting
69,-0.9060035286065313,0.04360545439515118,0.05711918714488354,-0.023809523809523815,Pr,Pr_mean,core,GradientBoosting
70,0.49678154303731115,0.06655428355667137,0.07258232585101133,0.880952380952381,Pr,Pr_mean,core,GradientBoosting
71,-0.08664917135731542,0.05168887633512864,0.07885468433711527,0.5952380952380953,Pr,Pr_mean,core,GradientBoosting
72,0.30714203753152713,0.043955442804859635,0.05135516535101975,0.9271050693011065,Pr,Pr_mean,core,GradientBoosting
73,0.5085356755372656,0.07803554421527091,0.10382512040293765,0.4910267673844361,Pr,Pr_mean,core,GradientBoosting
74,0.43560416283958636,0.0647554191065704,0.07292185186050973,0.7784570702436182,Pr,Pr_mean,core,GradientBoosting
75,0.554729242109055,0.039875173179219583,0.04910223860772536,0.5389318178609664,Pr,Pr_mean,core,GradientBoosting
76,0.6244080174959595,0.041790194706831804,0.056682879220345504,0.934148484292342,Pr,Pr_mean,core,GradientBoosting
77,0.36263454331896805,0.08731808347789646,0.10971092611065278,0.4761904761904762,Pr,Pr_mean,core,GradientBoosting
78,0.2040779392176394,0.02669910395158591,0.03408588018853335,0.8434347122457898,Pr,Pr_mean,core,GradientBoosting
79,-0.3303089525983698,0.063181575786847,0.08646196365527754,0.3571428571428572,Pr,Pr_mean,core,GradientBoosting
80,-0.6775692329465757,0.08014737886913087,0.09156901335362286,0.3333333333333334,Pr,Pr_mean,core,GradientBoosting
81,0.42780928551074404,0.07058854403900805,0.08020775056490068,0.8383383833392813,Pr,Pr_mean,core,GradientBoosting
82,0.32073971042370886,0.07872980892245897,0.11451137303438329,0.4047619047619048,Pr,Pr_mean,core,GradientBoosting
83,-1.0743299656796568,0.06545744693283695,0.07225328732811094,0.6428571428571429,Pr,Pr_mean,core,GradientBoosting
84,-0.14816535544767095,0.04508192527653904,0.07152327579789941,0.4047619047619048,Pr,Pr_mean,core,GradientBoosting
85,0.48389871461329415,0.052249608136134676,0.05844498573301147,0.261904761904762,Pr,Pr_mean,core,GradientBoosting
86,-0.23868977088712295,0.05325371472100705,0.06897447631556942,0.6586944440522925,Pr,Pr_mean,core,GradientBoosting
87,-2.3687313866417488,0.08524947403316797,0.10143211577108754,0.023809523809523815,Pr,Pr_mean,core,GradientBoosting
88,0.3605931128143055,0.051801382864264334,0.0603319450548042,0.7142857142857144,Pr,Pr_mean,core,GradientBoosting
89,0.48427796877540386,0.07557936898422865,0.10548746530856308,0.8503146459584139,Pr,Pr_mean,core,GradientBoosting
90,0.7411976079302673,0.034942713327038605,0.043350633154140436,0.5748606057183643,Pr,Pr_mean,core,GradientBoosting
91,0.7432352145142768,0.04861420064700815,0.056058650476159155,0.7142857142857144,Pr,Pr_mean,core,GradientBoosting
92,-1.6032883581644604,0.0559233051222844,0.06703402450141294,0.3333333333333334,Pr,Pr_mean,core,GradientBoosting
93,-0.13289200245355381,0.05175882061569492,0.07690136645645719,0.5422080293008649,Pr,Pr_mean,core,GradientBoosting
94,0.40472691602859423,0.07223360769564373,0.10949979170581378,0.7857142857142858,Pr,Pr_mean,core,GradientBoosting
95,0.041881704505749795,0.05704875669148329,0.07384815133474772,0.880952380952381,Pr,Pr_mean,core,GradientBoosting
96,-0.3502406361361665,0.06463456343205133,0.08766726072700753,0.2515015150017844,Pr,Pr_mean,core,GradientBoosting
97,-0.3556587700723879,0.05880987722800464,0.06390026772602779,0.6347419188140272,Pr,Pr_mean,core,GradientBoosting
98,-0.3076807874321177,0.038131444014933125,0.051169364434551654,0.38095238095238104,Pr,Pr_mean,core,GradientBoosting
99,0.5400291390144815,0.03437179932226894,0.04524965789371479,0.6904761904761906,Pr,Pr_mean,core,GradientBoosting
100,0.19223994260214738,0.10292953366041,0.13366044889274548,0.8503146459584139,Pr,Pr_mean,core,GradientBoosting
1,0.3574119608894005,0.049177094817161565,0.06044630336408398,0.5868368683374969,Pr,Pr_mean,core,XGBoost
2,0.09074460061297851,0.07831583440303802,0.0927078025988418,0.6904761904761906,Pr,Pr_mean,core,XGBoost
3,0.1514522588885655,0.05534350603818891,0.08376721445825276,0.4047619047619048,Pr,Pr_mean,core,XGBoost
4,0.5525064276451026,0.0771148036122322,0.09883175044076674,0.5904042985720529,Pr,Pr_mean,core,XGBoost
5,-1.2687439974924342,0.04721511566638949,0.05855942752631565,-0.09523809523809526,Pr,Pr_mean,core,XGBoost
6,0.07175936516273218,0.05011438941955568,0.06412287749572,0.5180722891566265,Pr,Pr_mean,core,XGBoost
7,0.3888311277729677,0.08420718383789061,0.12314780572023964,0.5628843430992317,Pr,Pr_mean,core,XGBoost
8,0.7424560409289269,0.024909862458705925,0.034560388771793495,0.8862434338158116,Pr,Pr_mean,core,XGBoost
9,0.27657887331806164,0.045801854670047756,0.05963646376668368,0.8571428571428572,Pr,Pr_mean,core,XGBoost
10,0.19021475566161328,0.03854429852962493,0.04164075713095967,0.4431217169079058,Pr,Pr_mean,core,XGBoost
11,0.050322797699720034,0.055419673919677725,0.08026208166654646,0.17964393928698885,Pr,Pr_mean,core,XGBoost
12,0.403654998338559,0.08018119078874586,0.11626014090648086,0.8295150620062534,Pr,Pr_mean,core,XGBoost
13,0.256885804679037,0.03993713808059696,0.057424465532878693,0.8742671711966791,Pr,Pr_mean,core,XGBoost
14,0.5303263102999068,0.046098051130771645,0.04979946948901682,0.7857142857142858,Pr,Pr_mean,core,XGBoost
15,-5.122831103415858,0.06155691844224931,0.06708128042954084,0.14285714285714288,Pr,Pr_mean,core,XGBoost
16,0.3950842870664386,0.07975663334131239,0.11888525730200708,0.4761904761904762,Pr,Pr_mean,core,XGBoost
17,0.4586800686241993,0.046883170902729046,0.05566484073508678,0.5714285714285715,Pr,Pr_mean,core,XGBoost
18,0.27397956706352666,0.05708147656917574,0.06466875485698682,0.5000000000000001,Pr,Pr_mean,core,XGBoost
19,0.382197917876537,0.048253956854343416,0.06286679862904047,0.8024095954818835,Pr,Pr_mean,core,XGBoost
20,0.031597977504952635,0.04525041311979294,0.059996252529754664,0.4790505047653036,Pr,Pr_mean,core,XGBoost
21,-0.9779569602627598,0.05882488095760345,0.06564281558504652,0.5714285714285715,Pr,Pr_mean,core,XGBoost
22,0.4492267735142961,0.0479121797680855,0.05926682252249211,0.4761904761904762,Pr,Pr_mean,core,XGBoost
23,0.4751972336176332,0.04048305028676988,0.05191680082561846,0.6666666666666669,Pr,Pr_mean,core,XGBoost
24,0.5683299140906131,0.0597392498254776,0.09316707050029563,0.9880235200593538,Pr,Pr_mean,core,XGBoost
25,-0.12358670245863235,0.06917728573083878,0.09282664715024048,0.29940656547831473,Pr,Pr_mean,core,XGBoost
26,-0.38570250077038604,0.056244999289512654,0.06988930325027796,0.5714285714285715,Pr,Pr_mean,core,XGBoost
27,-2.047668057525692,0.07100280737876893,0.0819716179529828,0.6826469692905576,Pr,Pr_mean,core,XGBoost
28,0.5972375575078681,0.05781602311134339,0.0720044099964574,0.814385858101016,Pr,Pr_mean,core,XGBoost
29,0.1990270668570795,0.08200681102275846,0.11635116659796216,0.5476190476190477,Pr,Pr_mean,core,XGBoost
30,0.5567452426222934,0.03467879343032837,0.04694502050547666,0.37126414119311024,Pr,Pr_mean,core,XGBoost
31,-0.8242157712082929,0.05880583572387693,0.08204136839625539,0.07185757571479554,Pr,Pr_mean,core,XGBoost
32,-3.2362321442729884,0.0777602323293686,0.09046035971733878,0.9285714285714287,Pr,Pr_mean,core,XGBoost
33,0.8010899820311882,0.03146419137716293,0.03939407128266434,0.7784570702436182,Pr,Pr_mean,core,XGBoost
34,0.6223150487618789,0.07200515121221543,0.10115722228818158,0.9047619047619048,Pr,Pr_mean,core,XGBoost
35,-0.4206463054654863,0.07272265750169755,0.0863351249816812,0.6428571428571429,Pr,Pr_mean,core,XGBoost
36,0.5640025758073308,0.053218550980091095,0.06600120653794904,0.7065994945288228,Pr,Pr_mean,core,XGBoost
37,-1.9293455988199293,0.05361921793222428,0.0844557484664401,-0.012048192771084336,Pr,Pr_mean,core,XGBoost
38,0.5314247013625839,0.06501194500923155,0.09643398659708156,0.5476190476190477,Pr,Pr_mean,core,XGBoost
39,0.40044620381664486,0.05157324272394183,0.05624065813947902,0.4047619047619048,Pr,Pr_mean,core,XGBoost
40,0.5746890956447809,0.04524222731590272,0.049415812827024216,0.7075275528876865,Pr,Pr_mean,core,XGBoost
41,-1.112513703613955,0.06436375451087953,0.07604065401466328,-0.11904761904761905,Pr,Pr_mean,core,XGBoost
42,0.5794424624112863,0.0567730497121811,0.0918978201107482,0.6826469692905576,Pr,Pr_mean,core,XGBoost
43,-0.173148862674112,0.0579063857793808,0.08941553451319811,0.4285714285714286,Pr,Pr_mean,core,XGBoost
44,0.22671236995580635,0.03964789795875549,0.04978230720565958,0.37126414119311024,Pr,Pr_mean,core,XGBoost
45,0.3931642877372563,0.04620623284578322,0.06183829914238976,0.8503146459584139,Pr,Pr_mean,core,XGBoost
46,-0.25204672008133033,0.05676887983083724,0.08472286753289375,0.261904761904762,Pr,Pr_mean,core,XGBoost
47,-0.6371646198852634,0.09071479088068007,0.10053731665597045,0.4761904761904762,Pr,Pr_mean,core,XGBoost
48,-1.4484942689694336,0.06181595277786257,0.06434091565665759,0.132539740495767,Pr,Pr_mean,core,XGBoost
49,0.5652497362094704,0.05187402355670932,0.06369016671588745,0.6666666666666669,Pr,Pr_mean,core,XGBoost
50,0.32124668855614624,0.08487463396787644,0.12087602520958511,0.554257096618662,Pr,Pr_mean,core,XGBoost
51,-0.4835622874416541,0.0445082446932793,0.05599809873948249,0.4285714285714286,Pr,Pr_mean,core,XGBoost
52,0.2782639367290224,0.07259112387895585,0.11324125056567926,0.7545045450053531,Pr,Pr_mean,core,XGBoost
53,0.626385204950262,0.06276108568906785,0.07087880856719539,0.6428571428571429,Pr,Pr_mean,core,XGBoost
54,0.007586448663736478,0.05861621117591859,0.07003208025071136,0.6190476190476191,Pr,Pr_mean,core,XGBoost
55,-1.3968567882716703,0.06704735136032101,0.09609313595057974,-0.15569141404872366,Pr,Pr_mean,core,XGBoost
56,-0.2701201644331257,0.0649491446018219,0.09399402364664759,0.28571428571428575,Pr,Pr_mean,core,XGBoost
57,-0.16311775425350583,0.06431549000740053,0.07288306120053446,0.4761904761904762,Pr,Pr_mean,core,XGBoost
58,0.5278973529021753,0.06739078360795975,0.09511951339953423,0.9047619047619048,Pr,Pr_mean,core,XGBoost
59,0.2928782972047508,0.042596310496330295,0.05269923565813585,0.5476190476190477,Pr,Pr_mean,core,XGBoost
60,0.6790037480422346,0.05132879120111464,0.056695424881339725,0.5000000000000001,Pr,Pr_mean,core,XGBoost
61,-0.16670914490417865,0.06719147151708603,0.09014979753879593,0.4761904761904762,Pr,Pr_mean,core,XGBoost
62,-0.7239295789386546,0.05033977657556535,0.056136586411182736,0.6107893935757621,Pr,Pr_mean,core,XGBoost
63,0.8425830841912768,0.01978909939527515,0.025388637537445167,0.7380952380952381,Pr,Pr_mean,core,XGBoost
64,0.06818313826048406,0.041629078567028036,0.05798271498607299,0.7619047619047621,Pr,Pr_mean,core,XGBoost
65,0.453004517730376,0.08641180545091626,0.11873595652876025,0.8263621207201486,Pr,Pr_mean,core,XGBoost
66,0.030304981392621055,0.05068318611383438,0.08282430190097138,0.3353353533357125,Pr,Pr_mean,core,XGBoost
67,0.21318239715302234,0.052162304818630226,0.06577474127090205,0.7545045450053531,Pr,Pr_mean,core,XGBoost
68,0.463154112011256,0.06803516304492951,0.10043572190863416,0.6190476190476191,Pr,Pr_mean,core,XGBoost
69,-0.6671726592497522,0.041250874400138846,0.053420808674811,0.34731161595484505,Pr,Pr_mean,core,XGBoost
70,0.47744093474205485,0.06708984303474427,0.07396398349322071,0.8571428571428572,Pr,Pr_mean,core,XGBoost
71,-0.4050674689725293,0.06226895248889923,0.08966674617799428,0.4523809523809524,Pr,Pr_mean,core,XGBoost
72,0.23964194164134256,0.044232444941997545,0.053798615860889666,0.4879500364742666,Pr,Pr_mean,core,XGBoost
73,0.5282638478268664,0.07754594087600707,0.10171992345517897,0.7065994945288228,Pr,Pr_mean,core,XGBoost
74,0.4837053121711683,0.06144436520338058,0.0697452469710395,0.8095238095238096,Pr,Pr_mean,core,XGBoost
75,0.42069821873248536,0.04723831266164781,0.05600691314577403,0.467074242146171,Pr,Pr_mean,core,XGBoost
76,0.7376013744412375,0.037559717237949375,0.04737775999913584,0.95150257112482,Pr,Pr_mean,core,XGBoost
77,0.40010494152726894,0.08508911776542663,0.10643715613211818,0.3571428571428572,Pr,Pr_mean,core,XGBoost
78,0.11823251879669239,0.027777155518531785,0.035877013263181864,0.5149792926227014,Pr,Pr_mean,core,XGBoost
79,-0.4088256666914707,0.06693042862415315,0.08897693990002531,0.4523809523809524,Pr,Pr_mean,core,XGBoost
80,-0.5953616521468093,0.07253646624088286,0.08929720852477405,0.4047619047619048,Pr,Pr_mean,core,XGBoost
81,0.4225424459257415,0.07084508585929872,0.08057604882870223,0.6467181814331598,Pr,Pr_mean,core,XGBoost
82,0.43370213002240465,0.07688927555084228,0.10455696614674709,0.3571428571428572,Pr,Pr_mean,core,XGBoost
83,-1.0142506612964648,0.05958484494686128,0.07119925476542076,0.6428571428571429,Pr,Pr_mean,core,XGBoost
84,-0.38529568616376997,0.04508934438228607,0.07856270329311672,0.4285714285714286,Pr,Pr_mean,core,XGBoost
85,0.493163027904444,0.05077386933565141,0.05791804986197687,0.261904761904762,Pr,Pr_mean,core,XGBoost
86,-0.33349407922281915,0.05754978406429291,0.07156533063523185,0.7065994945288228,Pr,Pr_mean,core,XGBoost
87,-1.9896650513999212,0.07770904189348221,0.09555503158698839,0.023809523809523815,Pr,Pr_mean,core,XGBoost
88,0.2948477568239338,0.05464327567815781,0.06335780425745001,0.6666666666666669,Pr,Pr_mean,core,XGBoost
89,0.5157500168243653,0.07185462242364882,0.10221810419140473,0.9221722216732094,Pr,Pr_mean,core,XGBoost
90,0.7218567498871759,0.033927744388580344,0.04494129311380728,0.670670706671425,Pr,Pr_mean,core,XGBoost
91,0.7064660121927572,0.0526087365746498,0.05993825641485379,0.5952380952380953,Pr,Pr_mean,core,XGBoost
92,-1.2608317565665614,0.05245738381147384,0.06246953569786842,0.3333333333333334,Pr,Pr_mean,core,XGBoost
93,-0.12027828735793156,0.049334719836711866,0.07647205496418992,0.4761904761904762,Pr,Pr_mean,core,XGBoost
94,0.46527286996818984,0.07386780548095706,0.10378181931659838,0.6190476190476191,Pr,Pr_mean,core,XGBoost
95,0.1006023372033581,0.05500873279571536,0.07154939052350173,0.880952380952381,Pr,Pr_mean,core,XGBoost
96,-0.5356501563250746,0.06679272562265395,0.09349276279621128,0.17964393928698885,Pr,Pr_mean,core,XGBoost
97,-0.28867207663166505,0.056431694686412806,0.06230152722698355,0.4761904761904762,Pr,Pr_mean,core,XGBoost
98,0.18979448956302858,0.02698073577880858,0.04027696591443337,0.6190476190476191,Pr,Pr_mean,core,XGBoost
99,0.6116251031434089,0.02889555877447131,0.04157916040429463,0.7857142857142858,Pr,Pr_mean,core,XGBoost
100,0.25041820431143336,0.0994971757531166,0.12875711695010883,0.8383383833392813,Pr,Pr_mean,core,XGBoost
1,-0.9676696488316618,0.0801551481934416,0.10577414439860448,0.2142857142857143,Pr,Pr_mean,engineered,LinearRegression
2,0.4246133850417424,0.06673681917203589,0.07374850491971298,0.7619047619047621,Pr,Pr_mean,engineered,LinearRegression
3,0.4908211097919526,0.04782805542310353,0.06488900699882848,0.4523809523809524,Pr,Pr_mean,engineered,LinearRegression
4,0.4736858974693542,0.07140979372526286,0.10718292139418777,0.3571428571428572,Pr,Pr_mean,engineered,LinearRegression
5,-1.3493558348813242,0.0493329654047253,0.05959069847235492,-0.04761904761904763,Pr,Pr_mean,engineered,LinearRegression
6,-1.2166124272931045,0.07917890229253116,0.09908949080845579,0.5269555552418339,Pr,Pr_mean,engineered,LinearRegression
7,0.49027745748141704,0.07582572926979889,0.11246385986176073,0.7380952380952381,Pr,Pr_mean,engineered,LinearRegression
8,0.28959075171690274,0.04750250414506742,0.0573993849364297,0.8571428571428572,Pr,Pr_mean,engineered,LinearRegression
9,0.27390381637575834,0.05368001450635132,0.059746623481915784,0.7619047619047621,Pr,Pr_mean,engineered,LinearRegression
10,-0.522136435722204,0.048134882538588025,0.057090057304141545,0.4047619047619048,Pr,Pr_mean,engineered,LinearRegression
11,-0.43434118231144536,0.08974266251808542,0.09863899688247506,-0.523809523809524,Pr,Pr_mean,engineered,LinearRegression
12,0.19494910248165054,0.1085255390943752,0.13508083062381965,0.6190476190476191,Pr,Pr_mean,engineered,LinearRegression
13,0.7401077640953453,0.029278406978880955,0.03395985566557822,0.7619047619047621,Pr,Pr_mean,engineered,LinearRegression
14,-41.25918388696742,0.3349948521020088,0.47237526969498694,-0.14285714285714288,Pr,Pr_mean,engineered,LinearRegression
15,-15.676121538222027,0.08451853694258951,0.11070640032535188,0.0,Pr,Pr_mean,engineered,LinearRegression
16,0.45333462219705933,0.07771095238362494,0.11301636999134795,0.7857142857142858,Pr,Pr_mean,engineered,LinearRegression
17,-0.7160234873536182,0.06695743973929681,0.09910956629751257,0.5952380952380953,Pr,Pr_mean,engineered,LinearRegression
18,0.04063764625068067,0.06594360965054792,0.07433809257808369,0.3333333333333334,Pr,Pr_mean,engineered,LinearRegression
19,-0.47623441570015923,0.07404372091024575,0.0971794248585463,0.6666666666666669,Pr,Pr_mean,engineered,LinearRegression
20,0.31396313301111833,0.044048940914045376,0.05049751513290208,0.5714285714285715,Pr,Pr_mean,engineered,LinearRegression
21,-5.997015728030203,0.10239345302031534,0.12346253992006569,0.5476190476190477,Pr,Pr_mean,engineered,LinearRegression
22,0.4655332705420766,0.043778340815415914,0.05838288762229826,0.6428571428571429,Pr,Pr_mean,engineered,LinearRegression
23,-0.4907780626897589,0.06956267772307605,0.08750167402024767,0.5476190476190477,Pr,Pr_mean,engineered,LinearRegression
24,0.38951532412317047,0.07830094629870868,0.11079594003576129,0.9047619047619048,Pr,Pr_mean,engineered,LinearRegression
25,0.12593184889753406,0.07064205625078242,0.08187324746707443,0.4285714285714286,Pr,Pr_mean,engineered,LinearRegression
26,0.09581941338206412,0.04718778507487764,0.05645511541518237,0.5000000000000001,Pr,Pr_mean,engineered,LinearRegression
27,-16.5689846143656,0.14269238682273283,0.19681264905620924,0.2515015150017844,Pr,Pr_mean,engineered,LinearRegression
28,0.3004116312876839,0.0741363191421391,0.09489774733400376,0.7142857142857144,Pr,Pr_mean,engineered,LinearRegression
29,0.21839508002367258,0.08644657503252272,0.11493583733837064,0.6190476190476191,Pr,Pr_mean,engineered,LinearRegression
30,0.2709860641784433,0.05206621662812616,0.060204748363678055,0.2142857142857143,Pr,Pr_mean,engineered,LinearRegression
31,-6.44432800343778,0.12027196945125775,0.16573244697458708,0.10778636357219329,Pr,Pr_mean,engineered,LinearRegression
32,-69.51626500729826,0.27217712311714126,0.3690736886602531,0.07142857142857144,Pr,Pr_mean,engineered,LinearRegression
33,-0.12428935236015515,0.05255101080025472,0.09365728994634001,0.5476190476190477,Pr,Pr_mean,engineered,LinearRegression
34,0.5427035007950299,0.07671620464687037,0.1113091825510306,0.8095238095238096,Pr,Pr_mean,engineered,LinearRegression
35,-4.013767962639398,0.14649041385824785,0.16219096373674408,0.5476190476190477,Pr,Pr_mean,engineered,LinearRegression
36,0.033702452440573794,0.08028896564177423,0.09825741891609568,0.7380952380952381,Pr,Pr_mean,engineered,LinearRegression
37,-1.5514581025072922,0.06803569818741219,0.07882030838225544,-0.3952166664313755,Pr,Pr_mean,engineered,LinearRegression
38,0.33944131087876883,0.08237081219279016,0.1144975333034684,0.6904761904761906,Pr,Pr_mean,engineered,LinearRegression
39,-0.6365300573246278,0.0627591498146406,0.09291766954078806,0.523809523809524,Pr,Pr_mean,engineered,LinearRegression
40,0.6514431750192655,0.04013145452592409,0.044735209965159284,0.523809523809524,Pr,Pr_mean,engineered,LinearRegression
41,-0.0703493760584919,0.047496885275654085,0.05412636429444618,0.2142857142857143,Pr,Pr_mean,engineered,LinearRegression
42,0.39660456441200675,0.06663644689279476,0.11007622047467296,0.4191691916696406,Pr,Pr_mean,engineered,LinearRegression
43,0.2571035672692431,0.058407749299155584,0.07115420186719429,0.523809523809524,Pr,Pr_mean,engineered,LinearRegression
44,-1.5582634800179695,0.062219694594821975,0.09054763772543001,0.3571428571428572,Pr,Pr_mean,engineered,LinearRegression
45,-1.0876591972897223,0.09513014936035359,0.11469692424699623,0.523809523809524,Pr,Pr_mean,engineered,LinearRegression
46,-0.2169735290079211,0.06685998670478802,0.08352778116645394,0.30952380952380953,Pr,Pr_mean,engineered,LinearRegression
47,-2.5797395396919267,0.13093831366944536,0.1486643473881237,0.09523809523809526,Pr,Pr_mean,engineered,LinearRegression
48,-6.763287359690808,0.09627635856348,0.11456725885711093,-0.28571428571428575,Pr,Pr_mean,engineered,LinearRegression
49,-0.9108501239186004,0.11461277400606035,0.1335259790498557,0.07142857142857144,Pr,Pr_mean,engineered,LinearRegression
50,0.33397463720019427,0.07871450117037042,0.11973733112930701,0.5714285714285715,Pr,Pr_mean,engineered,LinearRegression
51,-1.2808962998502587,0.05842555040698352,0.06943415584415023,0.04761904761904763,Pr,Pr_mean,engineered,LinearRegression
52,0.05275651121302971,0.09144235433800658,0.12973174744516716,0.6666666666666669,Pr,Pr_mean,engineered,LinearRegression
53,0.41557687796574816,0.05715875094442241,0.08864782218882925,0.7142857142857144,Pr,Pr_mean,engineered,LinearRegression
54,-0.9024569005282206,0.07840364432744318,0.09696345845998583,0.2142857142857143,Pr,Pr_mean,engineered,LinearRegression
55,-1.0732179825700094,0.07152530449479215,0.08937042171686867,0.20359646452525404,Pr,Pr_mean,engineered,LinearRegression
56,0.14404173099516127,0.06560342576706216,0.07716211649381997,0.6428571428571429,Pr,Pr_mean,engineered,LinearRegression
57,0.2164150550354671,0.05449651145646375,0.0598215696896885,0.4761904761904762,Pr,Pr_mean,engineered,LinearRegression
58,0.03194933056696048,0.1031922358257803,0.13620731970501854,0.7619047619047621,Pr,Pr_mean,engineered,LinearRegression
59,-0.050256542491899925,0.05294005322375443,0.06422512094483329,0.3333333333333334,Pr,Pr_mean,engineered,LinearRegression
60,-0.2207184785476426,0.08666026006679065,0.110561976243328,0.023809523809523815,Pr,Pr_mean,engineered,LinearRegression
61,-0.3050165389225281,0.08370552813859512,0.09534358166712735,0.8333333333333335,Pr,Pr_mean,engineered,LinearRegression
62,-6.925840236455383,0.08885892958223399,0.12036740468659582,0.45509797952703834,Pr,Pr_mean,engineered,LinearRegression
63,0.6100471323560255,0.032651422446717454,0.039959473279626276,0.6428571428571429,Pr,Pr_mean,engineered,LinearRegression
64,-0.35477154461636373,0.052782278079898284,0.06991434568796193,0.7619047619047621,Pr,Pr_mean,engineered,LinearRegression
65,0.4671478158058946,0.08815891337552204,0.11719086522488584,0.6666666666666669,Pr,Pr_mean,engineered,LinearRegression
66,0.47616169941356534,0.05024983521331823,0.06087497924372201,0.6946232319096901,Pr,Pr_mean,engineered,LinearRegression
67,0.11048205521699628,0.05614363689172398,0.06993578782990398,0.6107893935757621,Pr,Pr_mean,engineered,LinearRegression
68,0.2790859061942802,0.08243483683928593,0.11638718066268927,0.4285714285714286,Pr,Pr_mean,engineered,LinearRegression
69,-4.425208470279308,0.07365019946783356,0.09636700991003405,0.023809523809523815,Pr,Pr_mean,engineered,LinearRegression
70,0.5540352170852488,0.06345905732163384,0.06832865659688128,0.9523809523809524,Pr,Pr_mean,engineered,LinearRegression
71,0.30228314702250314,0.04729530873616229,0.06318622761428833,0.6904761904761906,Pr,Pr_mean,engineered,LinearRegression
72,0.025445348532661227,0.053960695395516386,0.060906707786532,0.6190476190476191,Pr,Pr_mean,engineered,LinearRegression
73,0.43500623930367577,0.08536981739968162,0.11132130029187136,0.5714285714285715,Pr,Pr_mean,engineered,LinearRegression
74,-0.7716953995175235,0.09590882629165089,0.1291993464782397,0.5000000000000001,Pr,Pr_mean,engineered,LinearRegression
75,0.13612798899794398,0.05239362144709332,0.06839335473255705,-0.261904761904762,Pr,Pr_mean,engineered,LinearRegression
76,-0.7111130761171307,0.09475403113884387,0.12098543790211974,0.9523809523809524,Pr,Pr_mean,engineered,LinearRegression
77,-0.0019985928643639905,0.10459900298000778,0.13755905250689718,0.1666666666666667,Pr,Pr_mean,engineered,LinearRegression
78,-0.31063670418188805,0.030568245467510094,0.043740163796326934,0.09523809523809526,Pr,Pr_mean,engineered,LinearRegression
79,-0.9116756201741911,0.08882733905637656,0.103646809635265,0.1666666666666667,Pr,Pr_mean,engineered,LinearRegression
80,-0.13133723080487658,0.06724577273865634,0.07519766377173061,0.09523809523809526,Pr,Pr_mean,engineered,LinearRegression
81,0.7684208111957348,0.04297204521974435,0.05102649032143553,0.8095238095238096,Pr,Pr_mean,engineered,LinearRegression
82,0.20990378035342083,0.09197136857955979,0.12350100764342536,0.11904761904761905,Pr,Pr_mean,engineered,LinearRegression
83,-4.271540175496806,0.09119544692698303,0.11518275204589588,0.3571428571428572,Pr,Pr_mean,engineered,LinearRegression
84,0.19317609051695062,0.045568852505822766,0.059956263244196464,0.6428571428571429,Pr,Pr_mean,engineered,LinearRegression
85,0.40883936807614696,0.0514495790542082,0.0625507525325477,0.3333333333333334,Pr,Pr_mean,engineered,LinearRegression
86,0.4416504544619463,0.03822154453074865,0.04630844731594475,0.9285714285714287,Pr,Pr_mean,engineered,LinearRegression
87,-2.7541968049662837,0.08260863059713078,0.10707813809383578,0.261904761904762,Pr,Pr_mean,engineered,LinearRegression
88,-0.09666370986326234,0.069036137165939,0.07901242809104286,0.5000000000000001,Pr,Pr_mean,engineered,LinearRegression
89,0.3782754744299016,0.08555952544518132,0.11582225458474989,0.7857142857142858,Pr,Pr_mean,engineered,LinearRegression
90,-0.01446033116992651,0.04867498422871605,0.08582796916518372,0.4047619047619048,Pr,Pr_mean,engineered,LinearRegression
91,0.5542836842933554,0.0664815686731811,0.07385912765634085,0.28571428571428575,Pr,Pr_mean,engineered,LinearRegression
92,-7.066865691194806,0.08383703114350825,0.11800123938517426,0.261904761904762,Pr,Pr_mean,engineered,LinearRegression
93,-1.4169852879045397,0.0871898195425391,0.11232509764352562,0.523809523809524,Pr,Pr_mean,engineered,LinearRegression
94,0.3546683580057347,0.07373619881596997,0.11401097249434955,0.6666666666666669,Pr,Pr_mean,engineered,LinearRegression
95,-0.48831170531439727,0.07652229432620611,0.09204008478466305,0.8095238095238096,Pr,Pr_mean,engineered,LinearRegression
96,-1.7793970211405976,0.11195355319493615,0.12577871209490826,-0.09523809523809526,Pr,Pr_mean,engineered,LinearRegression
97,-2.3360465760283695,0.08825049463783678,0.10024057206040597,0.4047619047619048,Pr,Pr_mean,engineered,LinearRegression
98,-3.127535104328559,0.05684314283290377,0.09090850984721872,0.07142857142857144,Pr,Pr_mean,engineered,LinearRegression
99,0.583983213045032,0.034955997264777466,0.04303339082713395,0.8571428571428572,Pr,Pr_mean,engineered,LinearRegression
100,0.05160090707444731,0.11086244211340009,0.14482958734185497,0.8333333333333335,Pr,Pr_mean,engineered,LinearRegression
1,-0.9433077285724387,0.0849254761054357,0.10511730468701569,0.023809523809523815,Pr,Pr_mean,engineered,SVR_RBF
2,0.4460461934364355,0.06704859555199123,0.0723619261527918,0.7380952380952381,Pr,Pr_mean,engineered,SVR_RBF
3,0.0526407601983343,0.05666798130395258,0.08851019156654659,0.38095238095238104,Pr,Pr_mean,engineered,SVR_RBF
4,0.5426993896614036,0.06912557698855348,0.09990885390905034,0.7142857142857144,Pr,Pr_mean,engineered,SVR_RBF
5,-1.0426045988287944,0.053043228681923474,0.055564348742064125,0.1666666666666667,Pr,Pr_mean,engineered,SVR_RBF
6,-0.504159537843287,0.0672939475440156,0.08162621631759182,0.5868368683374969,Pr,Pr_mean,engineered,SVR_RBF
7,0.1578358706955384,0.10093153046195111,0.14455876661314615,0.7619047619047621,Pr,Pr_mean,engineered,SVR_RBF
8,0.53439225818849,0.041124043833410645,0.04646896845708291,0.8571428571428572,Pr,Pr_mean,engineered,SVR_RBF
9,0.09027998212420407,0.055421772381123946,0.06687598091621987,0.5952380952380953,Pr,Pr_mean,engineered,SVR_RBF
10,0.1937868647235329,0.03654756000913785,0.04154881317090457,0.6904761904761906,Pr,Pr_mean,engineered,SVR_RBF
11,-0.5602743752672028,0.0922106062479007,0.10287809198775531,-0.5476190476190477,Pr,Pr_mean,engineered,SVR_RBF
12,0.3674939789063515,0.08997756891647316,0.11973314365484508,0.6428571428571429,Pr,Pr_mean,engineered,SVR_RBF
13,0.31466060434085175,0.044764111743894636,0.05514701776376915,0.8333333333333335,Pr,Pr_mean,engineered,SVR_RBF
14,0.5122358813614944,0.03954523083491936,0.05074947158470339,0.6904761904761906,Pr,Pr_mean,engineered,SVR_RBF
15,-11.646468354469976,0.0744977067792149,0.09640728103345356,-0.04761904761904763,Pr,Pr_mean,engineered,SVR_RBF
16,0.23927173065682883,0.09302656125616052,0.13332001286804565,0.5714285714285715,Pr,Pr_mean,engineered,SVR_RBF
17,-1.0228329966176228,0.08404098255276064,0.10760537774664553,0.523809523809524,Pr,Pr_mean,engineered,SVR_RBF
18,-0.021820730803708388,0.07237970791428242,0.07671979469904194,0.3571428571428572,Pr,Pr_mean,engineered,SVR_RBF
19,-0.01789398820920929,0.0654097606071246,0.08069524345382054,0.5714285714285715,Pr,Pr_mean,engineered,SVR_RBF
20,0.11004265719054174,0.04879145528565468,0.05751496712354757,0.5476190476190477,Pr,Pr_mean,engineered,SVR_RBF
21,-4.064166114096222,0.0841145762725994,0.10503468893445932,0.5476190476190477,Pr,Pr_mean,engineered,SVR_RBF
22,0.5297544741382756,0.0435579428072734,0.05476304265819375,0.7619047619047621,Pr,Pr_mean,engineered,SVR_RBF
23,-0.1990636403398054,0.06572113533453626,0.07847493813509968,0.30952380952380953,Pr,Pr_mean,engineered,SVR_RBF
24,0.3451854574050872,0.08417604023363928,0.11474813114044707,0.8095238095238096,Pr,Pr_mean,engineered,SVR_RBF
25,-0.3717359025601765,0.08784251988446926,0.1025662841129286,0.09523809523809526,Pr,Pr_mean,engineered,SVR_RBF
26,-0.0936851317075389,0.05539620234081001,0.06209002926354879,0.523809523809524,Pr,Pr_mean,engineered,SVR_RBF
27,-2.9593441385681922,0.06369021970558641,0.09343106544136284,0.28743030285918214,Pr,Pr_mean,engineered,SVR_RBF
28,0.12440179673177121,0.08100838814973628,0.10616638849576349,0.8333333333333335,Pr,Pr_mean,engineered,SVR_RBF
29,0.0774671594712919,0.08739111950157107,0.12486845536761244,0.4047619047619048,Pr,Pr_mean,engineered,SVR_RBF
30,0.38081160510914847,0.042925170008773314,0.05548482675581349,0.5476190476190477,Pr,Pr_mean,engineered,SVR_RBF
31,-1.210028133473862,0.06610069413120992,0.09030123575415143,-0.15569141404872366,Pr,Pr_mean,engineered,SVR_RBF
32,-2.2994522106652573,0.07110404161556075,0.07983426953501513,0.7380952380952381,Pr,Pr_mean,engineered,SVR_RBF
33,-0.08744541319137222,0.0600840107454985,0.09210989155560063,0.5952380952380953,Pr,Pr_mean,engineered,SVR_RBF
34,0.4657674251603968,0.07792328118468095,0.12030875644308216,0.6904761904761906,Pr,Pr_mean,engineered,SVR_RBF
35,-1.1018552494775977,0.07882219505419343,0.10501369524356481,0.7380952380952381,Pr,Pr_mean,engineered,SVR_RBF
36,0.19813738201955267,0.07773825063568802,0.08950759678316218,0.7857142857142858,Pr,Pr_mean,engineered,SVR_RBF
37,-1.8030542847196869,0.06795544214612573,0.0826151438442108,-0.43114545428877316,Pr,Pr_mean,engineered,SVR_RBF
38,0.22985605351853988,0.08910614848459138,0.12363071435671567,0.5476190476190477,Pr,Pr_mean,engineered,SVR_RBF
39,-0.6164106938841103,0.05800871617664813,0.09234474219199092,0.7380952380952381,Pr,Pr_mean,engineered,SVR_RBF
40,0.06457499907470299,0.06617475475856312,0.07328535080636916,0.6428571428571429,Pr,Pr_mean,engineered,SVR_RBF
41,-0.7825146368717522,0.05773232664778598,0.0698493917200171,0.1666666666666667,Pr,Pr_mean,engineered,SVR_RBF
42,0.3413835452221765,0.0726877374101305,0.11500289882220954,0.5149792926227014,Pr,Pr_mean,engineered,SVR_RBF
43,-0.13308364445142362,0.059544258464360886,0.08787541731314884,0.4761904761904762,Pr,Pr_mean,engineered,SVR_RBF
44,-1.457070647104119,0.06958965285096097,0.08873875082740883,0.30952380952380953,Pr,Pr_mean,engineered,SVR_RBF
45,-2.4321002422876674,0.11650884861823031,0.14706250261972204,-0.04761904761904763,Pr,Pr_mean,engineered,SVR_RBF
46,-0.24364797830798146,0.05992415843446697,0.08443822847289013,0.07142857142857144,Pr,Pr_mean,engineered,SVR_RBF
47,-0.2588719652442364,0.07828648866417193,0.0881600637132261,0.6666666666666669,Pr,Pr_mean,engineered,SVR_RBF
48,-6.424110798479476,0.09696949487853844,0.11203659817576564,-0.4523809523809524,Pr,Pr_mean,engineered,SVR_RBF
49,0.6852998921105984,0.04985383023307374,0.05418772330207334,0.8095238095238096,Pr,Pr_mean,engineered,SVR_RBF
50,0.06019854872733621,0.09402470949213787,0.14223361413694788,0.5952380952380953,Pr,Pr_mean,engineered,SVR_RBF
51,0.03900587024250335,0.03720497890250629,0.04506929419950792,0.7380952380952381,Pr,Pr_mean,engineered,SVR_RBF
52,-0.09075114096907688,0.0952486944612508,0.13921251888033273,0.5476190476190477,Pr,Pr_mean,engineered,SVR_RBF
53,-0.5742051330505846,0.11442381787572459,0.14549063449105404,0.023809523809523815,Pr,Pr_mean,engineered,SVR_RBF
54,0.10671046929284722,0.05823864247616001,0.06644262865891018,0.3571428571428572,Pr,Pr_mean,engineered,SVR_RBF
55,-1.2404632211709612,0.06227692554826955,0.09290524505947508,0.17964393928698885,Pr,Pr_mean,engineered,SVR_RBF
56,-0.26505212431557723,0.07169236377765655,0.0938063084817934,0.023809523809523815,Pr,Pr_mean,engineered,SVR_RBF
57,0.32722290829309697,0.05288417653916577,0.055430699667994174,0.6904761904761906,Pr,Pr_mean,engineered,SVR_RBF
58,0.4379713671127968,0.07239074464147847,0.10378405205245957,0.9047619047619048,Pr,Pr_mean,engineered,SVR_RBF
59,0.251931191451111,0.04576985208362701,0.05420358435565521,0.523809523809524,Pr,Pr_mean,engineered,SVR_RBF
60,0.09185698398218467,0.06867359116903489,0.0953619574930893,0.261904761904762,Pr,Pr_mean,engineered,SVR_RBF
61,-0.9025197656527995,0.08834802290483101,0.11511927436673954,0.5476190476190477,Pr,Pr_mean,engineered,SVR_RBF
62,-1.0057368978844226,0.0572777532095817,0.06055126513701998,0.8982196964349441,Pr,Pr_mean,engineered,SVR_RBF
63,0.6289021295626522,0.030713194727913548,0.038981444367459386,0.6190476190476191,Pr,Pr_mean,engineered,SVR_RBF
64,-0.46838471827650907,0.05666352074522732,0.07278689486124301,0.5714285714285715,Pr,Pr_mean,engineered,SVR_RBF
65,0.24197104973986105,0.10133190780730715,0.13977621681529165,0.6904761904761906,Pr,Pr_mean,engineered,SVR_RBF
66,-0.011419666643795123,0.06255263211957895,0.08458744337521301,0.09581010095306072,Pr,Pr_mean,engineered,SVR_RBF
67,0.18022744115597011,0.05675253387928986,0.06713806234025449,0.6107893935757621,Pr,Pr_mean,engineered,SVR_RBF
68,0.19668549968572746,0.07611432857263092,0.12285877852601815,0.4761904761904762,Pr,Pr_mean,engineered,SVR_RBF
69,-2.4987128729174044,0.05489252745289844,0.07738812415491388,-0.1666666666666667,Pr,Pr_mean,engineered,SVR_RBF
70,0.6589845344147938,0.05860568194510733,0.059750237733514684,1.0,Pr,Pr_mean,engineered,SVR_RBF
71,-0.5458822833593715,0.06410163648081436,0.09405264877472874,0.4285714285714286,Pr,Pr_mean,engineered,SVR_RBF
72,0.19782786993564183,0.04773395933549386,0.05525808247804522,0.5952380952380953,Pr,Pr_mean,engineered,SVR_RBF
73,0.48492317410629915,0.08604565462638883,0.10629001048991367,0.523809523809524,Pr,Pr_mean,engineered,SVR_RBF
74,0.36928169789707743,0.07044184710969231,0.07708741896599089,0.7619047619047621,Pr,Pr_mean,engineered,SVR_RBF
75,0.6180063224622576,0.04206160671099139,0.045479668704240694,0.5476190476190477,Pr,Pr_mean,engineered,SVR_RBF
76,-0.33949302027665684,0.07046614117314674,0.10704440515856346,0.2380952380952381,Pr,Pr_mean,engineered,SVR_RBF
77,0.21511018739019494,0.08181918026921285,0.12174747590271846,0.6190476190476191,Pr,Pr_mean,engineered,SVR_RBF
78,-1.5549540092197982,0.04588912117751244,0.06107040293758178,0.4285714285714286,Pr,Pr_mean,engineered,SVR_RBF
79,-1.366324621440362,0.09724485194214826,0.11531505196713959,0.11904761904761905,Pr,Pr_mean,engineered,SVR_RBF
80,0.5647971788530148,0.04156491108009455,0.04663952937963503,0.7142857142857144,Pr,Pr_mean,engineered,SVR_RBF
81,0.6292716461576708,0.054037198785106294,0.06456153316284989,0.8333333333333335,Pr,Pr_mean,engineered,SVR_RBF
82,0.3094524073036631,0.07202227778091845,0.1154588737683223,0.6904761904761906,Pr,Pr_mean,engineered,SVR_RBF
83,-3.9982359821752187,0.09211355046499661,0.11215717681317701,0.38095238095238104,Pr,Pr_mean,engineered,SVR_RBF
84,-0.2987790661864407,0.047442635495622054,0.07606989519975724,0.4047619047619048,Pr,Pr_mean,engineered,SVR_RBF
85,0.20763050230677682,0.06121907272936847,0.07241752219237137,0.28571428571428575,Pr,Pr_mean,engineered,SVR_RBF
86,-0.3952389738762503,0.05917871492320108,0.07320343085065235,0.5714285714285715,Pr,Pr_mean,engineered,SVR_RBF
87,-1.6576105217377983,0.070076483745484,0.09009235932940177,-0.023809523809523815,Pr,Pr_mean,engineered,SVR_RBF
88,0.06107665520680394,0.060497853415539996,0.073109487676788,0.5952380952380953,Pr,Pr_mean,engineered,SVR_RBF
89,0.39375082125255767,0.07948364398315846,0.11437170527511982,0.7619047619047621,Pr,Pr_mean,engineered,SVR_RBF
90,-0.10978405462920482,0.05674000014399977,0.08976985881233501,0.3571428571428572,Pr,Pr_mean,engineered,SVR_RBF
91,0.6466072636706958,0.05687885986059399,0.06576634665438617,0.6666666666666669,Pr,Pr_mean,engineered,SVR_RBF
92,-0.8722964777126685,0.04916503979270974,0.05684882147379411,0.28571428571428575,Pr,Pr_mean,engineered,SVR_RBF
93,-0.9275364188313182,0.07829511219430418,0.10030927639353845,0.2380952380952381,Pr,Pr_mean,engineered,SVR_RBF
94,0.3557021987827004,0.06724822856860325,0.1139196113785557,0.7380952380952381,Pr,Pr_mean,engineered,SVR_RBF
95,-0.9304273970738279,0.07738617101186968,0.10482305134097131,0.8333333333333335,Pr,Pr_mean,engineered,SVR_RBF
96,-1.504853108747307,0.10093612252012943,0.11940512868658466,-0.30952380952380953,Pr,Pr_mean,engineered,SVR_RBF
97,-0.2761107491064074,0.05377695895767799,0.061997141678536254,0.7380952380952381,Pr,Pr_mean,engineered,SVR_RBF
98,-2.883407299309985,0.06051676404685333,0.08817909199489085,0.09523809523809526,Pr,Pr_mean,engineered,SVR_RBF
99,0.6728336875258876,0.030826650383734083,0.03816229018394969,0.9523809523809524,Pr,Pr_mean,engineered,SVR_RBF
100,0.15161854408692288,0.10385344953154067,0.13698004729444094,0.8571428571428572,Pr,Pr_mean,engineered,SVR_RBF
1,0.17005271930801913,0.06134907473544972,0.0686955619964973,0.4047619047619048,Pr,Pr_mean,engineered,RandomForest
2,0.6770237521660942,0.045503156580687654,0.05525335268243905,0.6904761904761906,Pr,Pr_mean,engineered,RandomForest
3,0.5864992929030635,0.043362152943121485,0.05847551580620029,0.8571428571428572,Pr,Pr_mean,engineered,RandomForest
4,0.5378830966160622,0.06630192890211632,0.100433596234772,0.30952380952380953,Pr,Pr_mean,engineered,RandomForest
5,-1.02546079632683,0.049094560846561164,0.055330678593778375,0.28571428571428575,Pr,Pr_mean,engineered,RandomForest
6,-0.3644978331526576,0.07098082242063529,0.07774440426101546,0.5628843430992316,Pr,Pr_mean,engineered,RandomForest
7,0.3680032959281565,0.09247893039021216,0.12522858435961895,0.6666666666666669,Pr,Pr_mean,engineered,RandomForest
8,0.26827957131605706,0.0424678346560846,0.0582539696930369,0.7619047619047621,Pr,Pr_mean,engineered,RandomForest
9,0.49453582163338317,0.03849918859728228,0.04984957742064715,0.6428571428571429,Pr,Pr_mean,engineered,RandomForest
10,0.03859981706897653,0.04246731283068754,0.04537177692906739,0.9285714285714287,Pr,Pr_mean,engineered,RandomForest
11,0.06000948177271104,0.06671823280423261,0.0798516968775754,0.04761904761904763,Pr,Pr_mean,engineered,RandomForest
12,0.2703089306135277,0.09195033515211627,0.12860313887105262,0.7142857142857144,Pr,Pr_mean,engineered,RandomForest
13,0.6364931769307487,0.03276866121031753,0.04016293723533928,0.880952380952381,Pr,Pr_mean,engineered,RandomForest
14,0.11114769728525298,0.05999921941137562,0.06850801765554392,0.7619047619047621,Pr,Pr_mean,engineered,RandomForest
15,-6.097477410009741,0.06239354927248675,0.07222328090040665,-0.04761904761904763,Pr,Pr_mean,engineered,RandomForest
16,0.41850821178536046,0.07868224206349214,0.11656075779904658,0.9047619047619048,Pr,Pr_mean,engineered,RandomForest
17,0.39347408836428954,0.04869535664682498,0.05892215760623835,0.6190476190476191,Pr,Pr_mean,engineered,RandomForest
18,0.182481054680662,0.06313186425264554,0.06862288780751068,0.7142857142857144,Pr,Pr_mean,engineered,RandomForest
19,0.31361681009894093,0.053370854166666856,0.06626435589058835,0.5714285714285715,Pr,Pr_mean,engineered,RandomForest
20,0.4079987271756057,0.04031252099867737,0.046909154022304375,0.6428571428571429,Pr,Pr_mean,engineered,RandomForest
21,-1.3719894695659671,0.06452469576719534,0.0718844841356566,0.4047619047619048,Pr,Pr_mean,engineered,RandomForest
22,0.39001669883498724,0.04877639112854763,0.06237121534153291,0.7619047619047621,Pr,Pr_mean,engineered,RandomForest
23,0.39781182756009725,0.046844143022486684,0.05561295547703398,0.4523809523809524,Pr,Pr_mean,engineered,RandomForest
24,0.44827115118525296,0.06249328841991354,0.10532932707050816,0.9761904761904763,Pr,Pr_mean,engineered,RandomForest
25,0.30508120423065477,0.06275116484788341,0.07300227561353897,0.5000000000000001,Pr,Pr_mean,engineered,RandomForest
26,0.2443738644282044,0.04300238955026471,0.051609445853032634,0.7857142857142858,Pr,Pr_mean,engineered,RandomForest
27,-1.1575350020368638,0.05972927893518537,0.06896974188541506,0.7784570702436183,Pr,Pr_mean,engineered,RandomForest
28,0.73876467527906,0.048553525793650174,0.05798966027744674,0.8571428571428572,Pr,Pr_mean,engineered,RandomForest
29,0.1319503659534158,0.09096779861111093,0.12112508673572214,0.4761904761904762,Pr,Pr_mean,engineered,RandomForest
30,0.18635158896030646,0.05533027843915339,0.0636035301430956,-0.023809523809523815,Pr,Pr_mean,engineered,RandomForest
31,-0.09659036492160622,0.051448427083333304,0.06360877110958588,0.10778636357219329,Pr,Pr_mean,engineered,RandomForest
32,-5.326348307000476,0.09116537384259245,0.11054649675715184,0.670670706671425,Pr,Pr_mean,engineered,RandomForest
33,0.6214035767200163,0.046191366236772544,0.054348904118310615,0.5000000000000001,Pr,Pr_mean,engineered,RandomForest
34,0.5049545020637685,0.085375224537037,0.11581228025555694,0.7857142857142858,Pr,Pr_mean,engineered,RandomForest
35,0.08711676064991702,0.05673368799603189,0.06920733972823569,0.6190476190476191,Pr,Pr_mean,engineered,RandomForest
36,0.4223819100040066,0.06829726240079378,0.0759679323245833,0.6666666666666669,Pr,Pr_mean,engineered,RandomForest
37,-1.5096826363096225,0.06717021378968249,0.07817237596650853,-0.28743030285918214,Pr,Pr_mean,engineered,RandomForest
38,0.4153217416550544,0.07409535995370382,0.10772063327822985,0.523809523809524,Pr,Pr_mean,engineered,RandomForest
39,0.3059893780383429,0.05078397420634939,0.06050891623199426,0.38095238095238104,Pr,Pr_mean,engineered,RandomForest
40,0.441415201421533,0.04974469477513255,0.05663139254016511,0.5952380952380953,Pr,Pr_mean,engineered,RandomForest
41,-0.26338034449381453,0.05184210896164021,0.05880484831291336,0.3333333333333334,Pr,Pr_mean,engineered,RandomForest
42,0.5040955235103539,0.05604518535052913,0.09979103188103196,0.9700772721497398,Pr,Pr_mean,engineered,RandomForest
43,0.34940047911562844,0.051345967757936276,0.06658758813885352,0.6904761904761906,Pr,Pr_mean,engineered,RandomForest
44,-0.2029268205202175,0.05561275529100548,0.06209034786650145,0.4047619047619048,Pr,Pr_mean,engineered,RandomForest
45,0.5574364230793645,0.04619814103835983,0.05280922627690531,0.6904761904761906,Pr,Pr_mean,engineered,RandomForest
46,0.17424510150940642,0.0545662519841265,0.06880435982280689,0.261904761904762,Pr,Pr_mean,engineered,RandomForest
47,-0.013127945871039826,0.07062069990079357,0.07908848599708546,0.6666666666666669,Pr,Pr_mean,engineered,RandomForest
48,-1.130797524444131,0.05384645783730206,0.06002176789084608,-0.30952380952380953,Pr,Pr_mean,engineered,RandomForest
49,0.5650429401201025,0.05763512599206287,0.06370531255091198,0.8095238095238096,Pr,Pr_mean,engineered,RandomForest
50,0.29153246954376966,0.0891053468915343,0.12349351876711355,0.5714285714285715,Pr,Pr_mean,engineered,RandomForest
51,-0.6660880703337155,0.05246000115740748,0.059342982130690856,0.4523809523809524,Pr,Pr_mean,engineered,RandomForest
52,0.2054049550955258,0.08043280654761882,0.11881968038549488,0.6190476190476191,Pr,Pr_mean,engineered,RandomForest
53,0.6541561392621259,0.06100433961640177,0.06819372456173295,0.8333333333333335,Pr,Pr_mean,engineered,RandomForest
54,0.5857054532316269,0.034969815641534466,0.04524861519181562,0.5952380952380953,Pr,Pr_mean,engineered,RandomForest
55,-0.6285852765063817,0.054635686177248566,0.07920937304221533,0.3952166664313755,Pr,Pr_mean,engineered,RandomForest
56,0.35340093778354476,0.05578361359126957,0.06706491380995189,0.523809523809524,Pr,Pr_mean,engineered,RandomForest
57,0.3954540419555608,0.042421329365079655,0.05254476134076889,0.9047619047619048,Pr,Pr_mean,engineered,RandomForest
58,0.4746722594679106,0.06975035730820087,0.10033826093328711,0.8571428571428572,Pr,Pr_mean,engineered,RandomForest
59,-0.016731501444535724,0.05372888773148127,0.06319174855543805,0.5000000000000001,Pr,Pr_mean,engineered,RandomForest
60,0.6111906258002482,0.05057197503306875,0.062397386129118354,0.30952380952380953,Pr,Pr_mean,engineered,RandomForest
61,0.27362226285296076,0.059715914517195684,0.07113195043635348,0.523809523809524,Pr,Pr_mean,engineered,RandomForest
62,-0.8028354522833085,0.05116585201719642,0.05740692499576982,0.8982196964349441,Pr,Pr_mean,engineered,RandomForest
63,0.5480116581247008,0.03459960796957651,0.043020684128612874,0.8571428571428572,Pr,Pr_mean,engineered,RandomForest
64,-0.8236884302643142,0.07055261524470885,0.0811163846358653,0.4761904761904762,Pr,Pr_mean,engineered,RandomForest
65,0.34592285718378435,0.10371505968915365,0.12983891326995814,0.6904761904761906,Pr,Pr_mean,engineered,RandomForest
66,0.40233233031466553,0.050698180886243185,0.06502346124493434,0.37126414119311024,Pr,Pr_mean,engineered,RandomForest
67,0.5978706272177081,0.04000898958333325,0.047022423972435015,0.6347419188140273,Pr,Pr_mean,engineered,RandomForest
68,0.39041516525988895,0.07314620403439163,0.1070238246595901,0.4285714285714286,Pr,Pr_mean,engineered,RandomForest
69,-1.4679749068367354,0.041349293816137445,0.06499658488549825,0.3571428571428572,Pr,Pr_mean,engineered,RandomForest
70,0.4669914066110554,0.07017963392857174,0.07469984581101127,0.9285714285714287,Pr,Pr_mean,engineered,RandomForest
71,0.37579850598932196,0.04658151107804251,0.05976476592403134,0.8095238095238096,Pr,Pr_mean,engineered,RandomForest
72,0.11217384308440181,0.04774070453042324,0.058133436110516676,0.5952380952380953,Pr,Pr_mean,engineered,RandomForest
73,0.48693376507253616,0.0787674799933864,0.10608235730007257,0.4761904761904762,Pr,Pr_mean,engineered,RandomForest
74,0.6571878306096679,0.05190629927248683,0.05683212609918233,0.7857142857142858,Pr,Pr_mean,engineered,RandomForest
75,0.6807557882389572,0.030524318121693123,0.0415767674986056,0.9047619047619048,Pr,Pr_mean,engineered,RandomForest
76,0.6830788608590282,0.04499695634920625,0.05206781460505379,0.9047619047619048,Pr,Pr_mean,engineered,RandomForest
77,0.29933450116127547,0.08022410730820062,0.11502996470135336,0.6666666666666669,Pr,Pr_mean,engineered,RandomForest
78,-0.20964397400209944,0.03301388244047587,0.04202115884943635,0.6666666666666669,Pr,Pr_mean,engineered,RandomForest
79,-0.10212555836527204,0.06655843138227518,0.0786981230731308,0.3333333333333334,Pr,Pr_mean,engineered,RandomForest
80,0.15225146609943663,0.0594560264550263,0.06509413079147498,0.3333333333333334,Pr,Pr_mean,engineered,RandomForest
81,0.7428106480563166,0.04468947470238101,0.05377401027672027,0.7619047619047621,Pr,Pr_mean,engineered,RandomForest
82,0.4258472721071438,0.07202194510582,0.1052795997976923,0.38095238095238104,Pr,Pr_mean,engineered,RandomForest
83,-1.8192635171033706,0.07246766484788367,0.08423382578084321,0.5000000000000001,Pr,Pr_mean,engineered,RandomForest
84,0.08301038520036319,0.046688382605819936,0.06391861948516142,0.6904761904761906,Pr,Pr_mean,engineered,RandomForest
85,0.4988697796263951,0.049905173445767254,0.057591061489980416,0.5714285714285715,Pr,Pr_mean,engineered,RandomForest
86,0.13719695470235815,0.048002700727513364,0.05756559141474475,0.7857142857142858,Pr,Pr_mean,engineered,RandomForest
87,-0.7674431749799862,0.06420685119047609,0.07347084299561382,0.1666666666666667,Pr,Pr_mean,engineered,RandomForest
88,0.5077023766774615,0.043773972718254145,0.05293861092404978,0.8095238095238096,Pr,Pr_mean,engineered,RandomForest
89,0.430369082031,0.07825894279100538,0.11086380793247008,0.7619047619047621,Pr,Pr_mean,engineered,RandomForest
90,0.6196516784253754,0.03874711127645521,0.052553549502807516,0.5000000000000001,Pr,Pr_mean,engineered,RandomForest
91,0.6741977611409469,0.05783656679894196,0.06314688619414124,0.6190476190476191,Pr,Pr_mean,engineered,RandomForest
92,-0.329917317134111,0.041525132440476425,0.04791224007578894,0.4285714285714286,Pr,Pr_mean,engineered,RandomForest
93,-0.20576919283605943,0.06290230324074086,0.07933629098722536,0.6428571428571429,Pr,Pr_mean,engineered,RandomForest
94,0.4380465665618093,0.07443452182539681,0.10639110869018698,0.4523809523809524,Pr,Pr_mean,engineered,RandomForest
95,0.22539027809596046,0.05465502232142856,0.06640052803984448,0.9047619047619048,Pr,Pr_mean,engineered,RandomForest
96,-0.35818942111832675,0.06974608283730149,0.08792492799710334,0.38095238095238104,Pr,Pr_mean,engineered,RandomForest
97,-0.5548901425073769,0.06454386011904743,0.06843485302995993,0.6666666666666669,Pr,Pr_mean,engineered,RandomForest
98,-0.5335045944680787,0.044074730158730105,0.05541172776834984,0.14285714285714288,Pr,Pr_mean,engineered,RandomForest
99,0.5911583675159382,0.03054190294312198,0.04266067245603111,0.6190476190476191,Pr,Pr_mean,engineered,RandomForest
100,0.14237363689054483,0.10285638888888916,0.13772436846536817,0.9285714285714287,Pr,Pr_mean,engineered,RandomForest
1,-0.3276218315827235,0.07045790283266244,0.08688416273625113,-0.07142857142857144,Pr,Pr_mean,engineered,GradientBoosting
2,0.6660135500927433,0.04902126179997564,0.05618724871132545,0.8333333333333335,Pr,Pr_mean,engineered,GradientBoosting
3,0.32091796293751407,0.055195191493375,0.07493712971269158,0.6190476190476191,Pr,Pr_mean,engineered,GradientBoosting
4,0.557651714586318,0.07205536514555244,0.0982619233564602,0.4047619047619048,Pr,Pr_mean,engineered,GradientBoosting
5,-0.4082677329987454,0.0361329581198165,0.04613671724806181,0.2380952380952381,Pr,Pr_mean,engineered,GradientBoosting
6,-0.06123704300414956,0.059636397429211785,0.06856285842049221,0.5748606057183643,Pr,Pr_mean,engineered,GradientBoosting
7,0.4256898458136237,0.09409619126791709,0.11937662926572366,0.6666666666666669,Pr,Pr_mean,engineered,GradientBoosting
8,-0.077420258315545,0.05246004312760394,0.07068796904927589,0.7784570702436182,Pr,Pr_mean,engineered,GradientBoosting
9,0.4407801289610286,0.045103018727127506,0.05243334772055718,0.6190476190476191,Pr,Pr_mean,engineered,GradientBoosting
10,0.08049755124232794,0.03957837706038521,0.04437211532485648,0.5628843430992317,Pr,Pr_mean,engineered,GradientBoosting
11,0.12253915394245873,0.06185515321657571,0.07715006322939633,0.6190476190476191,Pr,Pr_mean,engineered,GradientBoosting
12,0.5174955084517809,0.08500130766384922,0.10457617030975765,0.7380952380952381,Pr,Pr_mean,engineered,GradientBoosting
13,0.6763625161643687,0.031034638180077276,0.03789645543478458,0.8982196964349441,Pr,Pr_mean,engineered,GradientBoosting
14,0.3553539525249456,0.045493498711024496,0.05834279920937687,0.5714285714285715,Pr,Pr_mean,engineered,GradientBoosting
15,-6.441048263754865,0.06286575233371684,0.07395069579350387,0.1666666666666667,Pr,Pr_mean,engineered,GradientBoosting
16,0.4937561082535953,0.07570972719981017,0.10875781337302533,0.7380952380952381,Pr,Pr_mean,engineered,GradientBoosting
17,-0.07799476145892448,0.06261324425231597,0.07855291159637506,0.523809523809524,Pr,Pr_mean,engineered,GradientBoosting
18,-0.08919683071397921,0.06990949211667516,0.07920876861446415,0.5714285714285715,Pr,Pr_mean,engineered,GradientBoosting
19,0.2131692192183079,0.06163794575770251,0.07094753845170162,0.5000000000000001,Pr,Pr_mean,engineered,GradientBoosting
20,0.39440499541194296,0.041832951476298744,0.0474446691637091,0.7857142857142858,Pr,Pr_mean,engineered,GradientBoosting
21,-0.9274102035185052,0.053140309141416694,0.06479863523535868,0.5714285714285715,Pr,Pr_mean,engineered,GradientBoosting
22,0.571250608973344,0.03825736457174271,0.05229100535725527,0.7142857142857144,Pr,Pr_mean,engineered,GradientBoosting
23,-0.04006307303002621,0.06040874056005156,0.07308692727937159,0.6190476190476191,Pr,Pr_mean,engineered,GradientBoosting
24,0.6430172608031892,0.05424728809431287,0.08472470627882442,0.9880235200593538,Pr,Pr_mean,engineered,GradientBoosting
25,0.23790781888720347,0.06338344795522276,0.07644923110767064,0.4191691916696407,Pr,Pr_mean,engineered,GradientBoosting
26,0.03440741836292294,0.04566073609773441,0.05834083904722614,0.8333333333333335,Pr,Pr_mean,engineered,GradientBoosting
27,-1.0638179230143083,0.05147724232002056,0.06745518931680348,0.7065994945288229,Pr,Pr_mean,engineered,GradientBoosting
28,-0.04171313982366476,0.08744809345249056,0.11580003330566807,0.7380952380952381,Pr,Pr_mean,engineered,GradientBoosting
29,0.23914004368792507,0.08771050664240228,0.11340029540464726,0.5714285714285715,Pr,Pr_mean,engineered,GradientBoosting
30,0.36724802502104015,0.048981020081339324,0.05608924382265245,0.07142857142857144,Pr,Pr_mean,engineered,GradientBoosting
31,-0.20266511265854348,0.046854060791506724,0.06661425097426464,0.3592878785739777,Pr,Pr_mean,engineered,GradientBoosting
32,-2.045521690158934,0.0653537689293156,0.07670069217327107,0.7425282823862205,Pr,Pr_mean,engineered,GradientBoosting
33,0.3601553127888508,0.057085257663810826,0.07065449916352214,0.3333333333333334,Pr,Pr_mean,engineered,GradientBoosting
34,0.5975421777714449,0.07561564284088944,0.10442205635274315,0.7857142857142858,Pr,Pr_mean,engineered,GradientBoosting
35,-0.32721479474957094,0.06724698825081651,0.08344784890349863,0.7380952380952381,Pr,Pr_mean,engineered,GradientBoosting
36,0.4776872990794431,0.06399920437344148,0.07223957899290744,0.7380952380952381,Pr,Pr_mean,engineered,GradientBoosting
37,-1.0835796007603196,0.05181033853223618,0.07122770601476879,-0.05988131309566294,Pr,Pr_mean,engineered,GradientBoosting
38,0.5346508773129528,0.06704758140287248,0.09610143559639525,0.6904761904761906,Pr,Pr_mean,engineered,GradientBoosting
39,0.035075301808947024,0.05504486263044586,0.07134820098604984,0.38095238095238104,Pr,Pr_mean,engineered,GradientBoosting
40,0.7087457815602536,0.03440687660208419,0.040892983446696625,0.6666666666666669,Pr,Pr_mean,engineered,GradientBoosting
41,-0.11928102282184061,0.04848959027145798,0.05534974779369142,0.38095238095238104,Pr,Pr_mean,engineered,GradientBoosting
42,0.5990524781761812,0.053476089683583805,0.08972971035804737,0.8503146459584138,Pr,Pr_mean,engineered,GradientBoosting
43,0.0244463805631826,0.06121537336021181,0.08153836285846701,0.5000000000000001,Pr,Pr_mean,engineered,GradientBoosting
44,-0.3422990643383963,0.048596259454765645,0.06558871656313026,0.5000000000000001,Pr,Pr_mean,engineered,GradientBoosting
45,0.5769164589718656,0.041189792336521536,0.05163391263296624,0.8193365776101958,Pr,Pr_mean,engineered,GradientBoosting
46,-0.06287996839052723,0.06578238877819671,0.07806070875468263,0.04761904761904763,Pr,Pr_mean,engineered,GradientBoosting
47,0.34020350379979036,0.056180198348407165,0.06382430830223765,0.7619047619047621,Pr,Pr_mean,engineered,GradientBoosting
48,-0.9638171635613804,0.046151238948535636,0.057621985254312696,0.2395252523826518,Pr,Pr_mean,engineered,GradientBoosting
49,0.5210436246222837,0.05699246283660328,0.06684985011547731,0.523809523809524,Pr,Pr_mean,engineered,GradientBoosting
50,0.32327746486849807,0.08973660193397123,0.12069506399134344,0.5476190476190477,Pr,Pr_mean,engineered,GradientBoosting
51,0.4200419226327494,0.03120229033067043,0.035012142731560864,0.6904761904761906,Pr,Pr_mean,engineered,GradientBoosting
52,0.11607349890411145,0.08193820534450273,0.12532090745139116,0.7545045450053531,Pr,Pr_mean,engineered,GradientBoosting
53,0.46288760470023294,0.07196742502231249,0.08498395984547404,0.6666666666666669,Pr,Pr_mean,engineered,GradientBoosting
54,0.35274820630757353,0.045215155971989024,0.056557123787536225,0.4523809523809524,Pr,Pr_mean,engineered,GradientBoosting
55,-0.4125889892401913,0.04965939408080616,0.0737699063375292,0.01197626261913259,Pr,Pr_mean,engineered,GradientBoosting
56,0.3176453322321722,0.051811111674704244,0.06889424084657784,0.4047619047619048,Pr,Pr_mean,engineered,GradientBoosting
57,0.16079150584403468,0.0532880245546979,0.06190841687668627,0.6428571428571429,Pr,Pr_mean,engineered,GradientBoosting
58,0.49145450786867273,0.07715559403263364,0.09872253681050006,0.8742671711966791,Pr,Pr_mean,engineered,GradientBoosting
59,0.3298640623006168,0.04299081527917804,0.05130251869489745,0.3571428571428572,Pr,Pr_mean,engineered,GradientBoosting
60,0.3536292064012041,0.06624185486046238,0.08045237992039944,0.4047619047619048,Pr,Pr_mean,engineered,GradientBoosting
61,-0.22422351780183614,0.07224977948775485,0.09234509104784984,0.38095238095238104,Pr,Pr_mean,engineered,GradientBoosting
62,-0.48287146984616336,0.04416059964150992,0.05206405551829464,0.8263621207201486,Pr,Pr_mean,engineered,GradientBoosting
63,0.6129413093017393,0.03180674201286039,0.03981091023496831,0.8862434338158116,Pr,Pr_mean,engineered,GradientBoosting
64,-0.19628238984911262,0.05863573097880269,0.06569769297757416,0.5000000000000001,Pr,Pr_mean,engineered,GradientBoosting
65,0.32866075002382933,0.10528226299802719,0.13154108054209793,0.5476190476190477,Pr,Pr_mean,engineered,GradientBoosting
66,0.2823078487984856,0.0522339253104752,0.07125400831277715,0.29940656547831473,Pr,Pr_mean,engineered,GradientBoosting
67,0.40792847045220126,0.04049867229365474,0.05705703554530827,0.790433332862751,Pr,Pr_mean,engineered,GradientBoosting
68,0.3979233888247157,0.07025894550734213,0.10636267918769059,0.5476190476190477,Pr,Pr_mean,engineered,GradientBoosting
69,-1.1536438711531973,0.043822681635903526,0.06071655372669371,0.11904761904761905,Pr,Pr_mean,engineered,GradientBoosting
70,0.6058733831125329,0.05776111271990822,0.06423481573255185,0.9761904761904763,Pr,Pr_mean,engineered,GradientBoosting
71,0.15801139502798034,0.04614847071647159,0.06941221894399563,0.6107893935757621,Pr,Pr_mean,engineered,GradientBoosting
72,0.39380592921012214,0.04128920840598707,0.04803611410885892,0.8539125638299666,Pr,Pr_mean,engineered,GradientBoosting
73,0.5635985077029528,0.0806196779931657,0.09783619591782153,0.5000000000000001,Pr,Pr_mean,engineered,GradientBoosting
74,0.4678343380006722,0.06005974186772925,0.07080912247685439,0.7065994945288228,Pr,Pr_mean,engineered,GradientBoosting
75,0.517020867346635,0.042068131446225565,0.05113913627091104,0.8503146459584139,Pr,Pr_mean,engineered,GradientBoosting
76,0.6148252732114474,0.047348720304633926,0.0574014201489538,0.934148484292342,Pr,Pr_mean,engineered,GradientBoosting
77,0.4510350291613694,0.06925100004809591,0.101818791158827,0.5952380952380953,Pr,Pr_mean,engineered,GradientBoosting
78,-0.6740675729882335,0.04386679630297263,0.04943399781192668,0.1666666666666667,Pr,Pr_mean,engineered,GradientBoosting
79,-0.39986044441763746,0.07710728515974495,0.08869338062902389,0.3333333333333334,Pr,Pr_mean,engineered,GradientBoosting
80,0.265725609974961,0.05455821313752307,0.06058114803224935,0.28571428571428575,Pr,Pr_mean,engineered,GradientBoosting
81,0.39047894743926514,0.0669923607589586,0.08278283381355991,0.8383383833392813,Pr,Pr_mean,engineered,GradientBoosting
82,0.5023673196819944,0.06619215585020478,0.09801328739397198,0.4047619047619048,Pr,Pr_mean,engineered,GradientBoosting
83,-0.973243408447249,0.052946856061145714,0.07047077065196146,0.5000000000000001,Pr,Pr_mean,engineered,GradientBoosting
84,0.030759018868600996,0.04058862059779299,0.06571447796239142,0.5476190476190477,Pr,Pr_mean,engineered,GradientBoosting
85,0.49794693233518594,0.04779824167887395,0.05764406498798964,0.4523809523809524,Pr,Pr_mean,engineered,GradientBoosting
86,0.4156181198459856,0.03294707946428846,0.04737568548564393,0.8503146459584139,Pr,Pr_mean,engineered,GradientBoosting
87,-0.5068721418389739,0.05669185873385406,0.06783916520209204,0.07142857142857144,Pr,Pr_mean,engineered,GradientBoosting
88,-0.19237216928541945,0.06894143540222585,0.08238811894587102,0.6190476190476191,Pr,Pr_mean,engineered,GradientBoosting
89,0.5787609979928416,0.0700119867202752,0.09533608255302896,0.8742671711966791,Pr,Pr_mean,engineered,GradientBoosting
90,0.391018347405246,0.04828668476210919,0.0664987384012924,0.4311454542887732,Pr,Pr_mean,engineered,GradientBoosting
91,0.6359767116052863,0.05936030495431477,0.06674818980099811,0.8095238095238096,Pr,Pr_mean,engineered,GradientBoosting
92,-0.33484519605244434,0.04545123203548229,0.04800092506483428,0.523809523809524,Pr,Pr_mean,engineered,GradientBoosting
93,-0.37573882347197274,0.06764025013249174,0.08474377339933309,0.6190476190476191,Pr,Pr_mean,engineered,GradientBoosting
94,0.4915169493441375,0.07199192587729882,0.10120300559966937,0.7380952380952381,Pr,Pr_mean,engineered,GradientBoosting
95,-0.1936925782854042,0.0648527424145803,0.08242829338166825,0.9285714285714287,Pr,Pr_mean,engineered,GradientBoosting
96,-0.24222823972129937,0.06411851112525124,0.08408771450501784,0.22754898976351917,Pr,Pr_mean,engineered,GradientBoosting
97,-0.5221191750569845,0.062283570646373576,0.06770984385797707,0.6586944440522925,Pr,Pr_mean,engineered,GradientBoosting
98,-0.912908672188679,0.04090706682206438,0.0618879745095102,0.2142857142857143,Pr,Pr_mean,engineered,GradientBoosting
99,0.5693156968761046,0.033573434735680155,0.04378543430853549,0.7142857142857144,Pr,Pr_mean,engineered,GradientBoosting
100,0.17615167104214158,0.09989300764940572,0.1349849533758844,0.9523809523809524,Pr,Pr_mean,engineered,GradientBoosting
1,-0.255978586113363,0.0652006726861,0.08450736204994559,0.1666666666666667,Pr,Pr_mean,engineered,XGBoost
2,0.5648893278908234,0.05698884546756744,0.06413176769832556,0.7619047619047621,Pr,Pr_mean,engineered,XGBoost
3,0.3981683704329605,0.04811173427104948,0.07054616947880107,0.6190476190476191,Pr,Pr_mean,engineered,XGBoost
4,0.5810538295716842,0.06894433450698852,0.09562736719821086,0.4790505047653036,Pr,Pr_mean,engineered,XGBoost
5,-0.9469995533177691,0.042147817313671135,0.05424840850052477,-0.023809523809523815,Pr,Pr_mean,engineered,XGBoost
6,-0.17999227229716008,0.06354519850015641,0.07229733627039833,0.542168674698795,Pr,Pr_mean,engineered,XGBoost
7,0.3478342378941677,0.09384644311666487,0.12721111582469338,0.6904761904761906,Pr,Pr_mean,engineered,XGBoost
8,0.12232818116639044,0.04833989787101746,0.06379975520465112,0.7142857142857144,Pr,Pr_mean,engineered,XGBoost
9,0.4754094640203964,0.040058279395103466,0.05078395441261543,0.5714285714285715,Pr,Pr_mean,engineered,XGBoost
10,0.4711709120515114,0.03037871783971785,0.03365048713718272,0.8263621207201486,Pr,Pr_mean,engineered,XGBoost
11,0.12000695064737033,0.060720877826213826,0.07726130403546783,0.523809523809524,Pr,Pr_mean,engineered,XGBoost
12,0.4804712375377155,0.08565982270240782,0.10851426954572037,0.7142857142857144,Pr,Pr_mean,engineered,XGBoost
13,0.697407286637773,0.03161387294530871,0.03664362380476148,0.8571428571428572,Pr,Pr_mean,engineered,XGBoost
14,0.5811935822394252,0.040381041824817665,0.047025482916499634,0.7619047619047621,Pr,Pr_mean,engineered,XGBoost
15,-5.454531685047466,0.05583778059482575,0.06887435938199048,0.07142857142857144,Pr,Pr_mean,engineered,XGBoost
16,0.4783025526573853,0.07656961554288863,0.11040530074592594,0.7619047619047621,Pr,Pr_mean,engineered,XGBoost
17,0.22360530672807077,0.051777294814586663,0.06666459436956096,0.523809523809524,Pr,Pr_mean,engineered,XGBoost
18,0.13039753596371695,0.06547854709625246,0.07077509453138513,0.5714285714285715,Pr,Pr_mean,engineered,XGBoost
19,0.3212864608079856,0.05589313322305678,0.06589309666874152,0.6190476190476191,Pr,Pr_mean,engineered,XGBoost
20,0.35233457076245855,0.04287229955196381,0.049064981407068144,0.6428571428571429,Pr,Pr_mean,engineered,XGBoost
21,-1.166488301455332,0.055260830998420704,0.06870003467772375,0.5714285714285715,Pr,Pr_mean,engineered,XGBoost
22,0.513107041301953,0.040140614807605765,0.05572396113070925,0.4761904761904762,Pr,Pr_mean,engineered,XGBoost
23,0.08008884045266396,0.05813155019283295,0.0687357710438142,0.4761904761904762,Pr,Pr_mean,engineered,XGBoost
24,0.5751533463274527,0.05796727180480957,0.09242778895329662,0.9700772721497397,Pr,Pr_mean,engineered,XGBoost
25,0.19198333371098497,0.06328386157751084,0.07871899271313408,0.4191691916696407,Pr,Pr_mean,engineered,XGBoost
26,0.14871614320012683,0.044945959270000474,0.05477884984169076,0.9047619047619048,Pr,Pr_mean,engineered,XGBoost
27,-1.1844912865942923,0.0494923553466797,0.0693992591035291,0.5748606057183643,Pr,Pr_mean,engineered,XGBoost
28,0.5942710754343361,0.059857094764709476,0.0722690919802156,0.8383383833392813,Pr,Pr_mean,engineered,XGBoost
29,0.19760468895204208,0.08554998171329496,0.11645442971381602,0.5714285714285715,Pr,Pr_mean,engineered,XGBoost
30,0.35250491414645657,0.05313143211603166,0.05673892049044426,0.4047619047619048,Pr,Pr_mean,engineered,XGBoost
31,-0.2055529308191626,0.04545663249492643,0.06669417950190126,0.08383383833392813,Pr,Pr_mean,engineered,XGBoost
32,-2.86917342825999,0.07272311455011368,0.08645249531796043,0.6946232319096901,Pr,Pr_mean,engineered,XGBoost
33,0.4191536538889844,0.048422351419925694,0.06731830446939366,0.4523809523809524,Pr,Pr_mean,engineered,XGBoost
34,0.6023977763389499,0.07745259106159211,0.10379022592046751,0.9047619047619048,Pr,Pr_mean,engineered,XGBoost
35,-0.1471063321602155,0.06195249301195145,0.07757939304174251,0.7142857142857144,Pr,Pr_mean,engineered,XGBoost
36,0.4877149938571478,0.06207273155450821,0.0715427674026157,0.7784570702436182,Pr,Pr_mean,engineered,XGBoost
37,-1.0635424686664976,0.049296582758426674,0.07088439136931789,-0.05988131309566294,Pr,Pr_mean,engineered,XGBoost
38,0.527872813801571,0.06435854399204252,0.09679879032302811,0.7857142857142858,Pr,Pr_mean,engineered,XGBoost
39,0.14974360770835726,0.052569754779338854,0.0669747758064741,0.2380952380952381,Pr,Pr_mean,engineered,XGBoost
40,0.7229274697888235,0.0334591001868248,0.03988498379349639,0.7619047619047621,Pr,Pr_mean,engineered,XGBoost
41,-0.10584838607472968,0.04800939869880677,0.055016615534343456,0.4523809523809524,Pr,Pr_mean,engineered,XGBoost
42,0.5730468303227604,0.05251642870903016,0.09259395190370358,0.8024095954818835,Pr,Pr_mean,engineered,XGBoost
43,0.15797004594008635,0.05587991726398468,0.07575306088828711,0.38095238095238104,Pr,Pr_mean,engineered,XGBoost
44,-0.6356327526164738,0.05380962044000624,0.07240147071213375,0.2142857142857143,Pr,Pr_mean,engineered,XGBoost
45,0.5550279144611564,0.0392449055314064,0.052952729835420424,0.8503146459584139,Pr,Pr_mean,engineered,XGBoost
46,0.07740986771902858,0.058782508790492974,0.07272685070107182,0.19047619047619052,Pr,Pr_mean,engineered,XGBoost
47,0.2700877528582908,0.06024266129732131,0.06712996793040696,0.8333333333333335,Pr,Pr_mean,engineered,XGBoost
48,-1.2592222056653464,0.04765794563293459,0.06180408274444115,0.17964393928698885,Pr,Pr_mean,engineered,XGBoost
49,0.5747817125834466,0.05380689042806629,0.06298808800670291,0.7380952380952381,Pr,Pr_mean,engineered,XGBoost
50,0.2643284800242417,0.10136931043863297,0.12584215929837728,0.5476190476190477,Pr,Pr_mean,engineered,XGBoost
51,0.27680718519347625,0.03392470985651019,0.03909736068772883,0.6428571428571429,Pr,Pr_mean,engineered,XGBoost
52,0.17602821119647027,0.0782764631509781,0.12099617040335246,0.7857142857142858,Pr,Pr_mean,engineered,XGBoost
53,0.445577236913421,0.07932389926910402,0.0863425562569699,0.6904761904761906,Pr,Pr_mean,engineered,XGBoost
54,0.521000006375231,0.03532865035533905,0.04865398734038875,0.7380952380952381,Pr,Pr_mean,engineered,XGBoost
55,-0.5964939478625819,0.05168795710802075,0.07842507847710826,-0.13173888881045848,Pr,Pr_mean,engineered,XGBoost
56,0.2087316106505207,0.05712105357646942,0.07418903869198362,0.2380952380952381,Pr,Pr_mean,engineered,XGBoost
57,0.44817511824903333,0.04556329363584519,0.050201350705861375,0.8333333333333335,Pr,Pr_mean,engineered,XGBoost
58,0.45062920568557474,0.07648056644201279,0.10260870014973739,0.8571428571428572,Pr,Pr_mean,engineered,XGBoost
59,0.25847225625203885,0.04488163453340534,0.05396608775146781,0.3333333333333334,Pr,Pr_mean,engineered,XGBoost
60,0.41743437557783336,0.062133593380451185,0.07637838319164388,0.30952380952380953,Pr,Pr_mean,engineered,XGBoost
61,0.07109725637671083,0.06107075995206833,0.08043935462376957,0.5476190476190477,Pr,Pr_mean,engineered,XGBoost
62,-1.0502413687955654,0.047645209074020395,0.06121935304408976,0.7065994945288229,Pr,Pr_mean,engineered,XGBoost
63,0.5056226090917642,0.03596670985221864,0.04499279743938468,0.8095238095238096,Pr,Pr_mean,engineered,XGBoost
64,-0.12254257539782754,0.05503993231058123,0.06364066005342309,0.6190476190476191,Pr,Pr_mean,engineered,XGBoost
65,0.31939618495215893,0.10719227939844128,0.13244561220102616,0.6666666666666669,Pr,Pr_mean,engineered,XGBoost
66,0.31555820009067714,0.05184003216028213,0.06958385159653444,0.29940656547831473,Pr,Pr_mean,engineered,XGBoost
67,-0.1004228793759494,0.05473375791311265,0.07778608617386953,0.6347419188140273,Pr,Pr_mean,engineered,XGBoost
68,0.3768721726380869,0.0720511268377304,0.10820615452057403,0.4523809523809524,Pr,Pr_mean,engineered,XGBoost
69,-1.254126569294805,0.04076734113693235,0.06211683471483702,0.1666666666666667,Pr,Pr_mean,engineered,XGBoost
70,0.6041204503931623,0.06040480214357377,0.06437750387234645,0.9523809523809524,Pr,Pr_mean,engineered,XGBoost
71,0.33121464821340474,0.04501841247081757,0.061862319140893206,0.7857142857142858,Pr,Pr_mean,engineered,XGBoost
72,0.4353409288941187,0.03733768510818483,0.04636125463538009,0.9271050693011065,Pr,Pr_mean,engineered,XGBoost
73,0.49563332835038787,0.08151661604642867,0.10517914472125488,0.5000000000000001,Pr,Pr_mean,engineered,XGBoost
74,0.556618880208706,0.05614662384986878,0.0646330106477613,0.880952380952381,Pr,Pr_mean,engineered,XGBoost
75,0.4566926764627378,0.043412972509860995,0.054239038801617706,0.5476190476190477,Pr,Pr_mean,engineered,XGBoost
76,0.5621794967012801,0.05396680814027788,0.061198643179082204,0.8862434338158116,Pr,Pr_mean,engineered,XGBoost
77,0.4628020332619589,0.07041185945272446,0.10072164267105764,0.5952380952380953,Pr,Pr_mean,engineered,XGBoost
78,-0.08636675144141748,0.03322710514068601,0.03982240406375044,0.5952380952380953,Pr,Pr_mean,engineered,XGBoost
79,-0.13522847441999142,0.06956401640176772,0.07987124896984608,0.3333333333333334,Pr,Pr_mean,engineered,XGBoost
80,0.3572864088431995,0.05250808608531954,0.05667833064407965,0.4761904761904762,Pr,Pr_mean,engineered,XGBoost
81,0.6033977830967485,0.058131251215934765,0.06677647696006042,0.7142857142857144,Pr,Pr_mean,engineered,XGBoost
82,0.3884802012952143,0.07393155151605606,0.10865151098385387,0.4047619047619048,Pr,Pr_mean,engineered,XGBoost
83,-1.5443596752399689,0.060171794235706344,0.08002173115498228,0.38095238095238104,Pr,Pr_mean,engineered,XGBoost
84,0.09471977233325257,0.036791832685470593,0.06350920779190183,0.5952380952380953,Pr,Pr_mean,engineered,XGBoost
85,0.5356084542251331,0.04737244021892549,0.0554398362706002,0.261904761904762,Pr,Pr_mean,engineered,XGBoost
86,0.1814109348788545,0.044125798344612124,0.0560712329221491,0.7857142857142858,Pr,Pr_mean,engineered,XGBoost
87,-1.2038450217795629,0.06816464143991471,0.08204135385318818,0.04761904761904763,Pr,Pr_mean,engineered,XGBoost
88,0.061727405274146774,0.061448032498359687,0.07308414788166057,0.8095238095238096,Pr,Pr_mean,engineered,XGBoost
89,0.5335820282732007,0.06763074672222136,0.10031841292333234,0.8333333333333335,Pr,Pr_mean,engineered,XGBoost
90,0.4957903166148312,0.0442528617978096,0.06050857049043709,0.38095238095238104,Pr,Pr_mean,engineered,XGBoost
91,0.6112315666693484,0.060130999863147724,0.06897955767530871,0.8333333333333335,Pr,Pr_mean,engineered,XGBoost
92,-0.24319531956981666,0.0399865334033966,0.046323763837425605,0.22754898976351917,Pr,Pr_mean,engineered,XGBoost
93,-0.22653658076862326,0.06585055476427076,0.08001659267958575,0.6190476190476191,Pr,Pr_mean,engineered,XGBoost
94,0.42388573293613563,0.07690505903959277,0.1077232593652136,0.7142857142857144,Pr,Pr_mean,engineered,XGBoost
95,-0.044196757146744536,0.056967420637607596,0.07709411572475519,0.9285714285714287,Pr,Pr_mean,engineered,XGBoost
96,-0.324504914840839,0.06640427470207214,0.08682776790799565,0.203596464525254,Pr,Pr_mean,engineered,XGBoost
97,-1.2290682784537603,0.07472169286012649,0.0819387188983494,0.6428571428571429,Pr,Pr_mean,engineered,XGBoost
98,-1.20549849020392,0.03977604883909225,0.06645268506246231,0.09523809523809526,Pr,Pr_mean,engineered,XGBoost
99,0.5533887409982092,0.0298213352560997,0.04458769007520781,0.6904761904761906,Pr,Pr_mean,engineered,XGBoost
100,0.16159979550488013,0.09849037945270538,0.13617187456589483,0.9285714285714287,Pr,Pr_mean,engineered,XGBoost
1,-1.3432969973839604,0.0864198320641603,0.11542957475069032,0.2142857142857143,Pr,Pr_mean,rheology_enhanced,LinearRegression
2,0.3538766344618328,0.06668617157183458,0.07815037500069673,0.7619047619047621,Pr,Pr_mean,rheology_enhanced,LinearRegression
3,0.5059443064249607,0.04722110987289009,0.06391810448876653,0.5952380952380953,Pr,Pr_mean,rheology_enhanced,LinearRegression
4,0.47311323895714186,0.07178916990584262,0.10724121598015603,0.3571428571428572,Pr,Pr_mean,rheology_enhanced,LinearRegression
5,-1.6374013470313362,0.054008001786423315,0.06313819870758007,-0.11904761904761905,Pr,Pr_mean,rheology_enhanced,LinearRegression
6,-1.4542134262750364,0.08361805218793791,0.10426507949106821,0.5269555552418339,Pr,Pr_mean,rheology_enhanced,LinearRegression
7,0.4839025183119283,0.07590619095230379,0.11316494961875002,0.7380952380952381,Pr,Pr_mean,rheology_enhanced,LinearRegression
8,-1.6243064139214436,0.09415504491717346,0.1103215122556633,0.7619047619047621,Pr,Pr_mean,rheology_enhanced,LinearRegression
9,0.15461298870511875,0.05698594093791909,0.06446798186003971,0.6190476190476191,Pr,Pr_mean,rheology_enhanced,LinearRegression
10,-0.42140392608067967,0.04599599525429285,0.055168661001697795,0.5952380952380953,Pr,Pr_mean,rheology_enhanced,LinearRegression
11,-0.5492497240644871,0.08401681064808723,0.10251398753316056,-0.8333333333333335,Pr,Pr_mean,rheology_enhanced,LinearRegression
12,-0.08914715352378555,0.12990842962184884,0.1571177798229604,0.6190476190476191,Pr,Pr_mean,rheology_enhanced,LinearRegression
13,0.7408160831059392,0.030394924688422267,0.03391354642642663,0.8095238095238096,Pr,Pr_mean,rheology_enhanced,LinearRegression
14,-45.46150298646012,0.35392709116541865,0.49530558767620625,-0.28571428571428575,Pr,Pr_mean,rheology_enhanced,LinearRegression
15,-20.352060794050633,0.09852608767201637,0.12526943034845978,0.023809523809523815,Pr,Pr_mean,rheology_enhanced,LinearRegression
16,0.43359481059513005,0.07672398422124843,0.1150387571609996,0.7619047619047621,Pr,Pr_mean,rheology_enhanced,LinearRegression
17,-1.0385969069889898,0.07355191989218612,0.10802384767791637,0.6190476190476191,Pr,Pr_mean,rheology_enhanced,LinearRegression
18,-0.025916729538650207,0.07075674050145515,0.07687340769977685,0.3571428571428572,Pr,Pr_mean,rheology_enhanced,LinearRegression
19,-0.44254389114146275,0.06999624575987247,0.09606411352635659,0.7142857142857144,Pr,Pr_mean,rheology_enhanced,LinearRegression
20,0.3785274541607846,0.04203455080368486,0.04806259931468922,0.5476190476190477,Pr,Pr_mean,rheology_enhanced,LinearRegression
21,-8.62610754577575,0.12390218621063406,0.14481186169810983,0.5476190476190477,Pr,Pr_mean,rheology_enhanced,LinearRegression
22,0.4055229135351378,0.04623973408168214,0.06157335153237689,0.6428571428571429,Pr,Pr_mean,rheology_enhanced,LinearRegression
23,-0.47563150855528136,0.06648725597144188,0.08705602334686924,0.6666666666666669,Pr,Pr_mean,rheology_enhanced,LinearRegression
24,0.39168464650010004,0.07689938500632736,0.11059891132965444,0.8571428571428572,Pr,Pr_mean,rheology_enhanced,LinearRegression
25,0.10496685070054457,0.07112488919901769,0.08284931636397203,0.30952380952380953,Pr,Pr_mean,rheology_enhanced,LinearRegression
26,-0.011251435385240205,0.0492892253160189,0.059704255346819814,0.5000000000000001,Pr,Pr_mean,rheology_enhanced,LinearRegression
27,-14.297985185064496,0.13657676761627102,0.18365247843895535,0.16766767666785626,Pr,Pr_mean,rheology_enhanced,LinearRegression
28,0.318543159297316,0.0707372221565748,0.09365992181879572,0.7142857142857144,Pr,Pr_mean,rheology_enhanced,LinearRegression
29,0.22344713281885764,0.08624918320992397,0.1145637802715495,0.6190476190476191,Pr,Pr_mean,rheology_enhanced,LinearRegression
30,0.299105336885912,0.0509036470670359,0.059032232374244535,0.2142857142857143,Pr,Pr_mean,rheology_enhanced,LinearRegression
31,-8.493860489406904,0.12940963857552407,0.18716136987773016,0.10778636357219329,Pr,Pr_mean,rheology_enhanced,LinearRegression
32,-63.92332392603791,0.26034379699249577,0.3541349647893841,0.07142857142857144,Pr,Pr_mean,rheology_enhanced,LinearRegression
33,-0.4951428286633148,0.06781605243834786,0.10800500445638844,0.4285714285714286,Pr,Pr_mean,rheology_enhanced,LinearRegression
34,0.48395575457564133,0.07930378410956786,0.11824302309497808,0.8571428571428572,Pr,Pr_mean,rheology_enhanced,LinearRegression
35,-4.264657743505828,0.147230043567274,0.16619946075562925,0.5476190476190477,Pr,Pr_mean,rheology_enhanced,LinearRegression
36,-0.0478716961705985,0.08447109700641188,0.10232080963501262,0.7380952380952381,Pr,Pr_mean,rheology_enhanced,LinearRegression
37,-1.7860377681558308,0.06871070472218735,0.08236399600613692,-0.34731161595484505,Pr,Pr_mean,rheology_enhanced,LinearRegression
38,0.21689870757911978,0.09327088117106662,0.1246663935325465,0.5714285714285715,Pr,Pr_mean,rheology_enhanced,LinearRegression
39,-0.9538219280910101,0.06818556155488738,0.1015263575674687,0.5952380952380953,Pr,Pr_mean,rheology_enhanced,LinearRegression
40,0.7060145494397971,0.035267255542888176,0.04108427271342898,0.5476190476190477,Pr,Pr_mean,rheology_enhanced,LinearRegression
41,-0.030494925042459098,0.04261045073493548,0.05310910769560751,0.11904761904761905,Pr,Pr_mean,rheology_enhanced,LinearRegression
42,0.33911989892658967,0.06739556058365312,0.11520036017045941,0.4191691916696406,Pr,Pr_mean,rheology_enhanced,LinearRegression
43,0.18668858412465594,0.06217056599926128,0.0744500252191131,0.6190476190476191,Pr,Pr_mean,rheology_enhanced,LinearRegression
44,-4.641462126156641,0.10098345482957245,0.1344622355299827,0.30952380952380953,Pr,Pr_mean,rheology_enhanced,LinearRegression
45,-1.179073290932656,0.09758066828782716,0.11718118595923212,0.523809523809524,Pr,Pr_mean,rheology_enhanced,LinearRegression
46,-0.2345922762544943,0.06746383970043004,0.08413024562701987,0.11904761904761905,Pr,Pr_mean,rheology_enhanced,LinearRegression
47,-1.8738908268482914,0.12145077025799632,0.13320368743688993,0.14285714285714288,Pr,Pr_mean,rheology_enhanced,LinearRegression
48,-11755.560894575276,2.9189583332852203,4.458387784417054,0.1666666666666667,Pr,Pr_mean,rheology_enhanced,LinearRegression
49,-1.8993933770679634,0.13332727844348816,0.16447732337539006,-0.4523809523809524,Pr,Pr_mean,rheology_enhanced,LinearRegression
50,0.16683941211025966,0.0860676657563943,0.13392095842347276,0.5476190476190477,Pr,Pr_mean,rheology_enhanced,LinearRegression
51,-1.251213767284297,0.058830289591866425,0.06898088430671737,0.07142857142857144,Pr,Pr_mean,rheology_enhanced,LinearRegression
52,-0.28883813357019106,0.10372438982814652,0.1513263797074337,0.5476190476190477,Pr,Pr_mean,rheology_enhanced,LinearRegression
53,-0.37024704857730417,0.10441595889797846,0.1357387399697838,0.6666666666666669,Pr,Pr_mean,rheology_enhanced,LinearRegression
54,-1.2344871432936966,0.07818159712272478,0.10508473032889144,0.261904761904762,Pr,Pr_mean,rheology_enhanced,LinearRegression
55,-0.9901444302480265,0.06738036941651886,0.08756158642652903,0.21557272714438658,Pr,Pr_mean,rheology_enhanced,LinearRegression
56,0.03193185690934286,0.06767989172781598,0.0820598653367142,0.4523809523809524,Pr,Pr_mean,rheology_enhanced,LinearRegression
57,0.18878341110737096,0.05065674323928686,0.06086717905582151,0.6428571428571429,Pr,Pr_mean,rheology_enhanced,LinearRegression
58,0.029212865067693716,0.10362677896480539,0.1363996978576013,0.7619047619047621,Pr,Pr_mean,rheology_enhanced,LinearRegression
59,-0.09066534240590629,0.052907517350428535,0.06544899610118725,0.3333333333333334,Pr,Pr_mean,rheology_enhanced,LinearRegression
60,-0.22992853963136795,0.08328352936316845,0.11097827578449837,0.11904761904761905,Pr,Pr_mean,rheology_enhanced,LinearRegression
61,-0.5314348403804479,0.08621586388934298,0.10328392087208312,0.5952380952380953,Pr,Pr_mean,rheology_enhanced,LinearRegression
62,-8.210963560577301,0.09337997403069151,0.1297593829648926,0.4071929290505081,Pr,Pr_mean,rheology_enhanced,LinearRegression
63,0.6888329377522542,0.02511408972850357,0.035695256381471176,0.6666666666666669,Pr,Pr_mean,rheology_enhanced,LinearRegression
64,-0.3768210055475749,0.05510180488277,0.07048099167871895,0.7619047619047621,Pr,Pr_mean,rheology_enhanced,LinearRegression
65,0.3094700801778907,0.10285700618124934,0.13340792703349771,0.6666666666666669,Pr,Pr_mean,rheology_enhanced,LinearRegression
66,0.3663340698871892,0.05170921032179343,0.06695305225380357,0.4191691916696406,Pr,Pr_mean,rheology_enhanced,LinearRegression
67,0.10124784726441582,0.05638364164138869,0.07029785709263554,0.5509080804800991,Pr,Pr_mean,rheology_enhanced,LinearRegression
68,0.27629712056792455,0.08373669794627323,0.11661207958238586,0.4285714285714286,Pr,Pr_mean,rheology_enhanced,LinearRegression
69,-4.130570767226727,0.06866773791841925,0.09371368369027197,0.14285714285714288,Pr,Pr_mean,rheology_enhanced,LinearRegression
70,0.5739518967532442,0.06199336706134925,0.06678545944208428,0.9523809523809524,Pr,Pr_mean,rheology_enhanced,LinearRegression
71,0.20207117657862006,0.04905853243341603,0.06757170814908503,0.5714285714285715,Pr,Pr_mean,rheology_enhanced,LinearRegression
72,-0.25173347218794273,0.06501713106549781,0.06902683466267234,0.2142857142857143,Pr,Pr_mean,rheology_enhanced,LinearRegression
73,0.36802894472271275,0.09553881037944192,0.11773485097322796,0.5714285714285715,Pr,Pr_mean,rheology_enhanced,LinearRegression
74,-1.1397902404106235,0.10175343862508246,0.14198791743521275,0.38095238095238104,Pr,Pr_mean,rheology_enhanced,LinearRegression
75,0.09550189297973177,0.05656247687074599,0.06998307741867314,0.261904761904762,Pr,Pr_mean,rheology_enhanced,LinearRegression
76,-0.6609521902245212,0.09363791804618862,0.11919891752811317,0.9523809523809524,Pr,Pr_mean,rheology_enhanced,LinearRegression
77,0.0015595900162249654,0.10420636104086407,0.13731459329743903,0.1666666666666667,Pr,Pr_mean,rheology_enhanced,LinearRegression
78,-0.12635906097338911,0.02938163676109995,0.040548768652770496,0.07142857142857144,Pr,Pr_mean,rheology_enhanced,LinearRegression
79,-1.0512210786196023,0.08700018351019165,0.1073631074964899,0.2380952380952381,Pr,Pr_mean,rheology_enhanced,LinearRegression
80,-0.17309267048817745,0.0661353749386562,0.07657278962330262,-0.04761904761904763,Pr,Pr_mean,rheology_enhanced,LinearRegression
81,0.7291777462394882,0.04509412470340829,0.05518081464234533,0.6666666666666669,Pr,Pr_mean,rheology_enhanced,LinearRegression
82,0.12244081108880367,0.09976992496323873,0.13015735609396986,0.14285714285714288,Pr,Pr_mean,rheology_enhanced,LinearRegression
83,-4.503615960241568,0.08941532427558672,0.11769086402069863,0.38095238095238104,Pr,Pr_mean,rheology_enhanced,LinearRegression
84,-0.08491318668336656,0.05313623790648067,0.0695252680411487,0.4761904761904762,Pr,Pr_mean,rheology_enhanced,LinearRegression
85,0.4497737156449225,0.0499899291141291,0.06034627298354126,0.4285714285714286,Pr,Pr_mean,rheology_enhanced,LinearRegression
86,0.3765432109608088,0.04162114090069896,0.04893395468373617,0.7619047619047621,Pr,Pr_mean,rheology_enhanced,LinearRegression
87,-4.099986304477268,0.0991840787882747,0.12480350950544465,0.19047619047619052,Pr,Pr_mean,rheology_enhanced,LinearRegression
88,-0.05451527188449168,0.06699451293896468,0.07747919660667595,0.523809523809524,Pr,Pr_mean,rheology_enhanced,LinearRegression
89,0.3782698048389851,0.08536833140400185,0.11582278268303013,0.7857142857142858,Pr,Pr_mean,rheology_enhanced,LinearRegression
90,-0.26502355025981705,0.061963348087626866,0.09584304589400201,0.2380952380952381,Pr,Pr_mean,rheology_enhanced,LinearRegression
91,0.568821156184552,0.06538151283867659,0.07264464900901725,0.28571428571428575,Pr,Pr_mean,rheology_enhanced,LinearRegression
92,-7.793945744089374,0.08106516552755083,0.12320435135219053,0.261904761904762,Pr,Pr_mean,rheology_enhanced,LinearRegression
93,-2.3422363741853713,0.11036027978831517,0.13208648466194817,0.38095238095238104,Pr,Pr_mean,rheology_enhanced,LinearRegression
94,0.30663075792051153,0.0743409556855788,0.11817822326273325,0.7857142857142858,Pr,Pr_mean,rheology_enhanced,LinearRegression
95,-0.4807478285281639,0.07502329579189662,0.09180590445740962,0.7142857142857144,Pr,Pr_mean,rheology_enhanced,LinearRegression
96,-1.7977159754913514,0.1031604984642247,0.1261925339240981,-0.3571428571428572,Pr,Pr_mean,rheology_enhanced,LinearRegression
97,-2.50319055328751,0.09125444053085673,0.1027210297188554,0.4047619047619048,Pr,Pr_mean,rheology_enhanced,LinearRegression
98,-4.181515477300947,0.06576728654668366,0.10185621907584155,0.07142857142857144,Pr,Pr_mean,rheology_enhanced,LinearRegression
99,0.6246469803739202,0.030077599202981406,0.04087616062329935,0.8095238095238096,Pr,Pr_mean,rheology_enhanced,LinearRegression
100,-0.2717500627289702,0.12727244404437515,0.16771141075527343,0.7380952380952381,Pr,Pr_mean,rheology_enhanced,LinearRegression
1,-1.0134115875871035,0.08341987355951694,0.10699653399536022,0.2142857142857143,Pr,Pr_mean,rheology_enhanced,SVR_RBF
2,0.47094379754143123,0.06582292812562936,0.07071706833388684,0.7380952380952381,Pr,Pr_mean,rheology_enhanced,SVR_RBF
3,0.12513637101582864,0.054101203173608614,0.08505622700418104,0.4761904761904762,Pr,Pr_mean,rheology_enhanced,SVR_RBF
4,0.5594359739670993,0.062172510735045025,0.09806354809470991,0.5476190476190477,Pr,Pr_mean,rheology_enhanced,SVR_RBF
5,-0.8852642527078538,0.051651160665080895,0.05338142858680275,0.1666666666666667,Pr,Pr_mean,rheology_enhanced,SVR_RBF
6,-0.3660584738524899,0.06656151236947927,0.07778885153140637,0.5628843430992316,Pr,Pr_mean,rheology_enhanced,SVR_RBF
7,0.18079662050959522,0.10037487246173905,0.14257452457496472,0.7142857142857144,Pr,Pr_mean,rheology_enhanced,SVR_RBF
8,0.5839117549372361,0.039059520937049105,0.043928427665476555,0.8333333333333335,Pr,Pr_mean,rheology_enhanced,SVR_RBF
9,0.2828657557355394,0.04988293505855,0.059376763326595944,0.880952380952381,Pr,Pr_mean,rheology_enhanced,SVR_RBF
10,0.10657192289097672,0.038413797110724554,0.043738459850681685,0.6666666666666669,Pr,Pr_mean,rheology_enhanced,SVR_RBF
11,-0.4183798203062714,0.08626513269349456,0.09808863365031321,-0.5476190476190477,Pr,Pr_mean,rheology_enhanced,SVR_RBF
12,0.36523199475856494,0.08829064823776074,0.11994704894160346,0.5714285714285715,Pr,Pr_mean,rheology_enhanced,SVR_RBF
13,0.2560789559323211,0.044236938847276946,0.057455631865382224,0.8333333333333335,Pr,Pr_mean,rheology_enhanced,SVR_RBF
14,0.6103836827162841,0.0327486909991751,0.04535708843810838,0.6904761904761906,Pr,Pr_mean,rheology_enhanced,SVR_RBF
15,-10.257527219868033,0.06316761770168332,0.0909592156471887,-0.09523809523809526,Pr,Pr_mean,rheology_enhanced,SVR_RBF
16,0.23669290921566666,0.09142570372786857,0.13354579495215582,0.5714285714285715,Pr,Pr_mean,rheology_enhanced,SVR_RBF
17,-1.064333389360065,0.08447950706886463,0.10870358829018235,0.523809523809524,Pr,Pr_mean,rheology_enhanced,SVR_RBF
18,-0.047839189872896704,0.07305365147012632,0.07769040687870037,0.2380952380952381,Pr,Pr_mean,rheology_enhanced,SVR_RBF
19,0.007607342970099906,0.06589134337270305,0.07967800151349512,0.5952380952380953,Pr,Pr_mean,rheology_enhanced,SVR_RBF
20,0.19795188056932966,0.04828618898597506,0.05460048406309053,0.5714285714285715,Pr,Pr_mean,rheology_enhanced,SVR_RBF
21,-3.755364808349152,0.0798608721964079,0.10178193471824279,0.5476190476190477,Pr,Pr_mean,rheology_enhanced,SVR_RBF
22,0.6164311078965445,0.04066481557111126,0.049459181244636344,0.8571428571428572,Pr,Pr_mean,rheology_enhanced,SVR_RBF
23,-0.1742102280876594,0.06467527191749307,0.07765739078361418,0.4285714285714286,Pr,Pr_mean,rheology_enhanced,SVR_RBF
24,0.3640210109273455,0.07848238228441246,0.11308574073831494,0.8095238095238096,Pr,Pr_mean,rheology_enhanced,SVR_RBF
25,-0.22292617315759888,0.08240583500273053,0.09684327969428558,0.28571428571428575,Pr,Pr_mean,rheology_enhanced,SVR_RBF
26,-0.04136707863543099,0.0533453496199319,0.060586746626201025,0.7619047619047621,Pr,Pr_mean,rheology_enhanced,SVR_RBF
27,-2.9194652286355547,0.06357737293451136,0.0929593511317406,0.28743030285918214,Pr,Pr_mean,rheology_enhanced,SVR_RBF
28,0.16007658419081305,0.07770468627366196,0.10398111201388556,0.8333333333333335,Pr,Pr_mean,rheology_enhanced,SVR_RBF
29,0.06000942274640886,0.08841082004111948,0.12604440484226376,0.4523809523809524,Pr,Pr_mean,rheology_enhanced,SVR_RBF
30,0.5086993937999141,0.03608734142691661,0.04942383946780078,0.7619047619047621,Pr,Pr_mean,rheology_enhanced,SVR_RBF
31,-1.2384255091422833,0.06977802376129369,0.09087953906553121,-0.28743030285918214,Pr,Pr_mean,rheology_enhanced,SVR_RBF
32,-0.7759439612969532,0.052877071677808044,0.05857105727864068,0.7380952380952381,Pr,Pr_mean,rheology_enhanced,SVR_RBF
33,-0.020533163643415175,0.05738052110454514,0.08923106968380042,0.5952380952380953,Pr,Pr_mean,rheology_enhanced,SVR_RBF
34,0.4395533270051384,0.07876665682546383,0.12322510664174416,0.8333333333333335,Pr,Pr_mean,rheology_enhanced,SVR_RBF
35,-1.0680003317639897,0.07922727141102387,0.10416452576658487,0.7380952380952381,Pr,Pr_mean,rheology_enhanced,SVR_RBF
36,0.3173542268696151,0.06968809206934248,0.08258622512737193,0.8333333333333335,Pr,Pr_mean,rheology_enhanced,SVR_RBF
37,-1.9303523701704348,0.07251610070830482,0.08447026029521794,-0.3952166664313755,Pr,Pr_mean,rheology_enhanced,SVR_RBF
38,0.2410125527657787,0.08901969352837086,0.12273197480251102,0.523809523809524,Pr,Pr_mean,rheology_enhanced,SVR_RBF
39,-0.643157621694072,0.05749970927569181,0.09310562686332094,0.6904761904761906,Pr,Pr_mean,rheology_enhanced,SVR_RBF
40,0.10643633474683889,0.06646137889208956,0.07162678119286825,0.5714285714285715,Pr,Pr_mean,rheology_enhanced,SVR_RBF
41,-0.5128167052283097,0.053009153451524765,0.06434861915019637,0.4047619047619048,Pr,Pr_mean,rheology_enhanced,SVR_RBF
42,0.3323317801444975,0.0740140100877223,0.11579047927443088,0.5149792926227014,Pr,Pr_mean,rheology_enhanced,SVR_RBF
43,-0.11971468925234374,0.06341669709686584,0.08735546964013675,0.5000000000000001,Pr,Pr_mean,rheology_enhanced,SVR_RBF
44,-1.8176472643372987,0.0735416351309691,0.09502717111728884,0.4285714285714286,Pr,Pr_mean,rheology_enhanced,SVR_RBF
45,-0.9429326114575096,0.09577958168134273,0.11064985246759032,0.3333333333333334,Pr,Pr_mean,rheology_enhanced,SVR_RBF
46,-0.27532293574418865,0.06497846650101106,0.08550676267816809,0.11904761904761905,Pr,Pr_mean,rheology_enhanced,SVR_RBF
47,0.023900989288789143,0.06496814025078679,0.07762972553051341,0.8571428571428572,Pr,Pr_mean,rheology_enhanced,SVR_RBF
48,-4.149232206622691,0.07190658728866166,0.0933058620698298,0.4047619047619048,Pr,Pr_mean,rheology_enhanced,SVR_RBF
49,0.6956945886903079,0.05132794086898522,0.053285285400615834,0.7619047619047621,Pr,Pr_mean,rheology_enhanced,SVR_RBF
50,0.08990812349741262,0.09061158668337516,0.13996737211423174,0.6428571428571429,Pr,Pr_mean,rheology_enhanced,SVR_RBF
51,0.013307011067781427,0.038223637530442806,0.04566793883069027,0.7142857142857144,Pr,Pr_mean,rheology_enhanced,SVR_RBF
52,-0.08212837393467454,0.09335981521855266,0.13866116537428363,0.5476190476190477,Pr,Pr_mean,rheology_enhanced,SVR_RBF
53,-0.4867058152446637,0.11253247790737868,0.14138941443725203,0.07142857142857144,Pr,Pr_mean,rheology_enhanced,SVR_RBF
54,0.12339272995787309,0.0558658530341717,0.06581929376375592,0.30952380952380953,Pr,Pr_mean,rheology_enhanced,SVR_RBF
55,-1.213511204920049,0.0648121991899012,0.0923447449341568,0.08383383833392813,Pr,Pr_mean,rheology_enhanced,SVR_RBF
56,-0.09821523157058931,0.06522198589594083,0.08740203952055722,0.30952380952380953,Pr,Pr_mean,rheology_enhanced,SVR_RBF
57,0.4352139002980042,0.047406988510851844,0.05078749149698386,0.6666666666666669,Pr,Pr_mean,rheology_enhanced,SVR_RBF
58,0.4061131944418198,0.0716033748773667,0.10668497025045184,0.9047619047619048,Pr,Pr_mean,rheology_enhanced,SVR_RBF
59,0.3623254012753173,0.0426134196780754,0.0500445503808915,0.7142857142857144,Pr,Pr_mean,rheology_enhanced,SVR_RBF
60,0.06632427990941359,0.07052983815168978,0.09669322961497347,0.261904761904762,Pr,Pr_mean,rheology_enhanced,SVR_RBF
61,-0.562065329543131,0.07764029655262308,0.10431170673512295,0.5952380952380953,Pr,Pr_mean,rheology_enhanced,SVR_RBF
62,-0.5958856707489901,0.05145964045544339,0.05401161051492119,0.8622909085775463,Pr,Pr_mean,rheology_enhanced,SVR_RBF
63,0.7525089372548465,0.02325393963878071,0.031834164496272216,0.6904761904761906,Pr,Pr_mean,rheology_enhanced,SVR_RBF
64,-0.31280373106876436,0.05290616951771471,0.06882293121987833,0.7142857142857144,Pr,Pr_mean,rheology_enhanced,SVR_RBF
65,0.27086013177002977,0.09823961454760488,0.13708685346347943,0.6904761904761906,Pr,Pr_mean,rheology_enhanced,SVR_RBF
66,0.0974958529954647,0.05868498289859858,0.07990331633885314,0.13173888881045848,Pr,Pr_mean,rheology_enhanced,SVR_RBF
67,0.18224282469961484,0.05912338951526505,0.0670554832089753,0.6586944440522925,Pr,Pr_mean,rheology_enhanced,SVR_RBF
68,0.18385387565263933,0.0769405715636157,0.1238361242791735,0.4761904761904762,Pr,Pr_mean,rheology_enhanced,SVR_RBF
69,-2.4838104638434584,0.055702805578271494,0.07722313488511094,-0.11904761904761905,Pr,Pr_mean,rheology_enhanced,SVR_RBF
70,0.6531528038383154,0.059127533913335764,0.06025896859901166,1.0,Pr,Pr_mean,rheology_enhanced,SVR_RBF
71,-0.5559707635410671,0.06794149637060722,0.09435904508646582,0.4285714285714286,Pr,Pr_mean,rheology_enhanced,SVR_RBF
72,0.30348931570435944,0.044288047194362315,0.05149035867802743,0.5952380952380953,Pr,Pr_mean,rheology_enhanced,SVR_RBF
73,0.474156209318111,0.08631946231165186,0.107395187247236,0.523809523809524,Pr,Pr_mean,rheology_enhanced,SVR_RBF
74,0.5698079865488371,0.05815520827084608,0.06366444535793502,0.8571428571428572,Pr,Pr_mean,rheology_enhanced,SVR_RBF
75,0.7353551030964843,0.033175419475842516,0.03785480095718787,0.9523809523809524,Pr,Pr_mean,rheology_enhanced,SVR_RBF
76,0.19561653780558586,0.06110174649559333,0.08295170408688267,0.6904761904761906,Pr,Pr_mean,rheology_enhanced,SVR_RBF
77,0.1470005300492978,0.09053092914185545,0.1269199816425748,0.30952380952380953,Pr,Pr_mean,rheology_enhanced,SVR_RBF
78,-1.182463235258325,0.04283304222112812,0.05644334068487032,0.4285714285714286,Pr,Pr_mean,rheology_enhanced,SVR_RBF
79,-1.484339721035055,0.09932276072748324,0.11815560529385173,0.11904761904761905,Pr,Pr_mean,rheology_enhanced,SVR_RBF
80,0.5704705560158801,0.04230485956561886,0.04633453174465094,0.6666666666666669,Pr,Pr_mean,rheology_enhanced,SVR_RBF
81,0.6328427248272408,0.052333619152195296,0.0642498329498694,0.8333333333333335,Pr,Pr_mean,rheology_enhanced,SVR_RBF
82,0.30810984185972956,0.0714572360025846,0.11557105707444618,0.5952380952380953,Pr,Pr_mean,rheology_enhanced,SVR_RBF
83,-4.059115124288016,0.09354054288070694,0.11283815374410393,0.38095238095238104,Pr,Pr_mean,rheology_enhanced,SVR_RBF
84,-0.2028705684882104,0.044527048154297796,0.07320734005882669,0.4523809523809524,Pr,Pr_mean,rheology_enhanced,SVR_RBF
85,0.3439583938390448,0.057795843581666506,0.06589394031605854,0.2380952380952381,Pr,Pr_mean,rheology_enhanced,SVR_RBF
86,-0.1912891857479897,0.05569158371881501,0.06764189032151648,0.7380952380952381,Pr,Pr_mean,rheology_enhanced,SVR_RBF
87,-1.3402127864739493,0.06487478922078109,0.0845415034800361,0.19047619047619052,Pr,Pr_mean,rheology_enhanced,SVR_RBF
88,-0.016410925909115637,0.06446481460406794,0.07606648258455394,0.5952380952380953,Pr,Pr_mean,rheology_enhanced,SVR_RBF
89,0.3930557486853983,0.0800435922826787,0.11443725081699721,0.7619047619047621,Pr,Pr_mean,rheology_enhanced,SVR_RBF
90,-0.1342849604877967,0.05846192181776863,0.09075538192180181,0.3571428571428572,Pr,Pr_mean,rheology_enhanced,SVR_RBF
91,0.7104922402443878,0.05405993750298059,0.05952576867676856,0.5476190476190477,Pr,Pr_mean,rheology_enhanced,SVR_RBF
92,-1.0924600717803923,0.05261638937133095,0.06009837723860193,0.4523809523809524,Pr,Pr_mean,rheology_enhanced,SVR_RBF
93,-0.8890556812248236,0.07671083809861319,0.09930295701266259,0.2380952380952381,Pr,Pr_mean,rheology_enhanced,SVR_RBF
94,0.35211874368586615,0.06796360734314655,0.11423597111683241,0.7380952380952381,Pr,Pr_mean,rheology_enhanced,SVR_RBF
95,-0.9106638342963986,0.07941695296470114,0.10428508583841437,0.7619047619047621,Pr,Pr_mean,rheology_enhanced,SVR_RBF
96,-1.495217178906703,0.10024844635695605,0.11917523733799958,-0.30952380952380953,Pr,Pr_mean,rheology_enhanced,SVR_RBF
97,-0.4750887259522878,0.06027237057099542,0.06665558673185833,0.7142857142857144,Pr,Pr_mean,rheology_enhanced,SVR_RBF
98,-2.8557398310184032,0.05836675473192582,0.0878644130274402,0.09523809523809526,Pr,Pr_mean,rheology_enhanced,SVR_RBF
99,0.7365229874777484,0.027652164798688983,0.03424691889688066,0.9761904761904763,Pr,Pr_mean,rheology_enhanced,SVR_RBF
100,0.16095441789543408,0.10308245116826638,0.13622427518112068,0.8571428571428572,Pr,Pr_mean,rheology_enhanced,SVR_RBF
1,0.007977516815467212,0.06480588690476184,0.07510419322106626,0.261904761904762,Pr,Pr_mean,rheology_enhanced,RandomForest
2,0.656387755481149,0.046500272982804194,0.056991181259160084,0.6904761904761906,Pr,Pr_mean,rheology_enhanced,RandomForest
3,0.6380083144023667,0.03897841617063494,0.054712332603982804,0.8571428571428572,Pr,Pr_mean,rheology_enhanced,RandomForest
4,0.5649806083797078,0.06448885846560828,0.09744451421623429,0.30952380952380953,Pr,Pr_mean,rheology_enhanced,RandomForest
5,-0.9337429217602242,0.047894097718254494,0.05406341115986467,-0.04761904761904763,Pr,Pr_mean,rheology_enhanced,RandomForest
6,-0.4011377326699319,0.06924403654100525,0.07878129750328422,0.5628843430992316,Pr,Pr_mean,rheology_enhanced,RandomForest
7,0.3784443577603509,0.09311717708333368,0.12418984099280092,0.6666666666666669,Pr,Pr_mean,rheology_enhanced,RandomForest
8,0.5367014817733428,0.03437885565476152,0.046353591704056056,0.7380952380952381,Pr,Pr_mean,rheology_enhanced,RandomForest
9,0.40552840928591416,0.04227146742724856,0.054060722056124264,0.4523809523809524,Pr,Pr_mean,rheology_enhanced,RandomForest
10,0.20838195544849003,0.038752942460317144,0.041171010892324694,0.9285714285714287,Pr,Pr_mean,rheology_enhanced,RandomForest
11,0.059167220673985166,0.06652141704244785,0.0798874636845383,0.04761904761904763,Pr,Pr_mean,rheology_enhanced,RandomForest
12,0.28667157910572993,0.09183170271164025,0.12715306028858595,0.7142857142857144,Pr,Pr_mean,rheology_enhanced,RandomForest
13,0.6972162474072434,0.031318363591269785,0.03665518929333686,0.7857142857142858,Pr,Pr_mean,rheology_enhanced,RandomForest
14,0.5610497676427744,0.045029315641534354,0.04814312106424823,0.6904761904761906,Pr,Pr_mean,rheology_enhanced,RandomForest
15,-5.461135524394982,0.05887401620370371,0.06890958416258254,-0.11904761904761905,Pr,Pr_mean,rheology_enhanced,RandomForest
16,0.4439752380859501,0.07739425330687823,0.11397973309291129,0.9047619047619048,Pr,Pr_mean,rheology_enhanced,RandomForest
17,0.36625163568682895,0.047012846560846075,0.060229934032472066,0.6190476190476191,Pr,Pr_mean,rheology_enhanced,RandomForest
18,0.18665888859679103,0.06241859871031753,0.06844731863634594,0.7380952380952381,Pr,Pr_mean,rheology_enhanced,RandomForest
19,0.3911383880247199,0.046752001653439346,0.062410255144558266,0.6666666666666669,Pr,Pr_mean,rheology_enhanced,RandomForest
20,0.41742490851941905,0.04020167382154899,0.046534198338784354,0.6428571428571429,Pr,Pr_mean,rheology_enhanced,RandomForest
21,-1.4053107754196326,0.0653969699074068,0.07238763377989141,0.3333333333333334,Pr,Pr_mean,rheology_enhanced,RandomForest
22,0.5251877211284723,0.042404309854497654,0.05502831369852404,0.7380952380952381,Pr,Pr_mean,rheology_enhanced,RandomForest
23,0.41660760307191247,0.042952872519841256,0.05473816665360515,0.38095238095238104,Pr,Pr_mean,rheology_enhanced,RandomForest
24,0.4630432752712266,0.061786511078042464,0.10390970359033876,0.9523809523809524,Pr,Pr_mean,rheology_enhanced,RandomForest
25,0.17784082247378985,0.06497428786375663,0.0794049037053034,0.4047619047619048,Pr,Pr_mean,rheology_enhanced,RandomForest
26,0.15990716394867244,0.04366769097222241,0.054417595879262044,0.8333333333333335,Pr,Pr_mean,rheology_enhanced,RandomForest
27,-0.29948738057044544,0.046989694444445035,0.05352611327485577,0.7784570702436183,Pr,Pr_mean,rheology_enhanced,RandomForest
28,0.7050196464508471,0.051386085482803975,0.06162134297366262,0.7380952380952381,Pr,Pr_mean,rheology_enhanced,RandomForest
29,0.13940490273419337,0.09106891914682542,0.12060387327629427,0.4761904761904762,Pr,Pr_mean,rheology_enhanced,RandomForest
30,0.0968497452836089,0.05985155456349181,0.06701049633870042,0.14285714285714288,Pr,Pr_mean,rheology_enhanced,RandomForest
31,-0.07986017255812206,0.05088299189814818,0.0631216807478662,-0.01197626261913259,Pr,Pr_mean,rheology_enhanced,RandomForest
32,-3.660253676230961,0.08017151868386241,0.09487968050749535,0.7664808076244857,Pr,Pr_mean,rheology_enhanced,RandomForest
33,0.6400420203345891,0.04515684209656082,0.05299421225951099,0.3571428571428572,Pr,Pr_mean,rheology_enhanced,RandomForest
34,0.536927246128126,0.08275746560846556,0.11200996703410147,0.8333333333333335,Pr,Pr_mean,rheology_enhanced,RandomForest
35,0.0986266274477815,0.05626524322089947,0.06876966379501505,0.5714285714285715,Pr,Pr_mean,rheology_enhanced,RandomForest
36,0.39306903393437287,0.06306235400132296,0.07787168300931474,0.7380952380952381,Pr,Pr_mean,rheology_enhanced,RandomForest
37,-1.4234658960101436,0.06386635284391516,0.07681788847765993,-0.43114545428877316,Pr,Pr_mean,rheology_enhanced,RandomForest
38,0.44500132467811127,0.07227871660052929,0.10495095598939129,0.523809523809524,Pr,Pr_mean,rheology_enhanced,RandomForest
39,0.31418947485755633,0.050116680555556056,0.06015038184346919,0.38095238095238104,Pr,Pr_mean,rheology_enhanced,RandomForest
40,0.5094665336596202,0.047797503472222114,0.053069745590056214,0.5952380952380953,Pr,Pr_mean,rheology_enhanced,RandomForest
41,-0.3526356550969898,0.052519292493386396,0.06084662466008478,0.19047619047619052,Pr,Pr_mean,rheology_enhanced,RandomForest
42,0.5260748615146634,0.055265096891534554,0.09755451450775486,0.9461247469114745,Pr,Pr_mean,rheology_enhanced,RandomForest
43,0.42515828944145095,0.046180606150793974,0.06259080707874441,0.6428571428571429,Pr,Pr_mean,rheology_enhanced,RandomForest
44,-0.1200801033208736,0.05367050975529125,0.05991409867367505,0.4047619047619048,Pr,Pr_mean,rheology_enhanced,RandomForest
45,0.5486029635257554,0.043151265211640075,0.05333365190330073,0.8095238095238096,Pr,Pr_mean,rheology_enhanced,RandomForest
46,0.15480573392504693,0.05593611855158724,0.06960952177143079,0.19047619047619052,Pr,Pr_mean,rheology_enhanced,RandomForest
47,0.10944338573470458,0.06022965095899481,0.07415012391551036,0.8333333333333335,Pr,Pr_mean,rheology_enhanced,RandomForest
48,-0.9550274193555985,0.05088417625661415,0.05749288705546154,0.04761904761904763,Pr,Pr_mean,rheology_enhanced,RandomForest
49,0.4667429390117964,0.062010632440476054,0.07053761413281877,0.28571428571428575,Pr,Pr_mean,rheology_enhanced,RandomForest
50,0.37387447027541076,0.08345656464947081,0.11609536891811809,0.5714285714285715,Pr,Pr_mean,rheology_enhanced,RandomForest
51,-0.26184276459921496,0.04678361165223674,0.05164437315428277,0.5000000000000001,Pr,Pr_mean,rheology_enhanced,RandomForest
52,0.2937734238176243,0.07568567361111114,0.1120179142360872,0.6190476190476191,Pr,Pr_mean,rheology_enhanced,RandomForest
53,0.649630907941275,0.059303809358465714,0.06863841870155941,0.8333333333333335,Pr,Pr_mean,rheology_enhanced,RandomForest
54,0.4937295850050841,0.03686883399470896,0.05001980088354652,0.6190476190476191,Pr,Pr_mean,rheology_enhanced,RandomForest
55,-0.6092058440837733,0.05359382655423289,0.07873668467958712,0.3952166664313755,Pr,Pr_mean,rheology_enhanced,RandomForest
56,0.22364196676208992,0.058470845734126975,0.07348671959494331,0.4761904761904762,Pr,Pr_mean,rheology_enhanced,RandomForest
57,0.4168394029204283,0.040094899801587314,0.05160702796110308,0.9047619047619048,Pr,Pr_mean,rheology_enhanced,RandomForest
58,0.46512645206975023,0.07235114219576728,0.1012457874200061,0.8571428571428572,Pr,Pr_mean,rheology_enhanced,RandomForest
59,0.23518209086885045,0.0460443759920634,0.05480702863531977,0.5000000000000001,Pr,Pr_mean,rheology_enhanced,RandomForest
60,0.6303612365986346,0.048425582506613815,0.06083966133538832,0.30952380952380953,Pr,Pr_mean,rheology_enhanced,RandomForest
61,0.22016588108200086,0.05688279050925914,0.07370289905386997,0.6904761904761906,Pr,Pr_mean,rheology_enhanced,RandomForest
62,-0.5304789231272331,0.04689984375000043,0.05289320899457137,0.8742671711966791,Pr,Pr_mean,rheology_enhanced,RandomForest
63,0.7077468049550768,0.026896590112433907,0.034593406458604224,0.8571428571428572,Pr,Pr_mean,rheology_enhanced,RandomForest
64,-0.7446286875097028,0.06781398958333329,0.07933864319822345,0.4761904761904762,Pr,Pr_mean,rheology_enhanced,RandomForest
65,0.39331956017309855,0.10209677116402148,0.1250461664289276,0.6190476190476191,Pr,Pr_mean,rheology_enhanced,RandomForest
66,0.28845048929558526,0.05613780803571422,0.0709484258183415,0.2515015150017844,Pr,Pr_mean,rheology_enhanced,RandomForest
67,0.4686946571069023,0.04197300450937941,0.054049814318808696,0.6107893935757621,Pr,Pr_mean,rheology_enhanced,RandomForest
68,0.3999056738979776,0.07149507423941803,0.10618743987617837,0.4285714285714286,Pr,Pr_mean,rheology_enhanced,RandomForest
69,-1.5655661565889418,0.044810145502645116,0.06626920754423671,-0.04761904761904763,Pr,Pr_mean,rheology_enhanced,RandomForest
70,0.561941129471896,0.06163054282407411,0.06772029470962689,0.9285714285714287,Pr,Pr_mean,rheology_enhanced,RandomForest
71,0.4438420552683817,0.041403500661375756,0.056413350452464844,0.7380952380952381,Pr,Pr_mean,rheology_enhanced,RandomForest
72,0.1571341842815478,0.045950700066137565,0.056642347742249514,0.5952380952380953,Pr,Pr_mean,rheology_enhanced,RandomForest
73,0.5022240978520497,0.078613160218254,0.10448967505805348,0.4761904761904762,Pr,Pr_mean,rheology_enhanced,RandomForest
74,0.5909598938221261,0.051429636739417514,0.062079574904966794,0.6666666666666669,Pr,Pr_mean,rheology_enhanced,RandomForest
75,0.6650716238551777,0.032844252810846575,0.04258583596373537,0.8571428571428572,Pr,Pr_mean,rheology_enhanced,RandomForest
76,0.6850090169097651,0.04144639897486793,0.05190901722474062,0.9047619047619048,Pr,Pr_mean,rheology_enhanced,RandomForest
77,0.3302761588165579,0.08048805423280399,0.11246140364493502,0.28571428571428575,Pr,Pr_mean,rheology_enhanced,RandomForest
78,-0.41672438755635843,0.0352489566798941,0.045475965352429766,0.4523809523809524,Pr,Pr_mean,rheology_enhanced,RandomForest
79,-0.06746366856302632,0.06484077959656084,0.07745070745635525,0.3333333333333334,Pr,Pr_mean,rheology_enhanced,RandomForest
80,0.17877584249620548,0.055465243882274945,0.06406770491921716,0.38095238095238104,Pr,Pr_mean,rheology_enhanced,RandomForest
81,0.7659534331258824,0.039883016369047786,0.05129760289728382,0.6666666666666669,Pr,Pr_mean,rheology_enhanced,RandomForest
82,0.4186581483566121,0.07664410251322767,0.10593666673685181,0.261904761904762,Pr,Pr_mean,rheology_enhanced,RandomForest
83,-1.5550168233145754,0.06910777149470933,0.08018914308021434,0.5000000000000001,Pr,Pr_mean,rheology_enhanced,RandomForest
84,0.2218169735018859,0.04079070916005273,0.058882474796183554,0.6904761904761906,Pr,Pr_mean,rheology_enhanced,RandomForest
85,0.3833163045330886,0.05298325066137574,0.06388678297150166,0.523809523809524,Pr,Pr_mean,rheology_enhanced,RandomForest
86,0.15984341886012166,0.043290638723545036,0.05680509010261675,0.6666666666666669,Pr,Pr_mean,rheology_enhanced,RandomForest
87,-0.7166690402212625,0.06306527066798923,0.07240783803920682,0.1666666666666667,Pr,Pr_mean,rheology_enhanced,RandomForest
88,0.45607240810199046,0.045970953703703646,0.05564539337000772,0.6666666666666669,Pr,Pr_mean,rheology_enhanced,RandomForest
89,0.4390596761350516,0.07768828158068808,0.11001485869169228,0.8571428571428572,Pr,Pr_mean,rheology_enhanced,RandomForest
90,0.5997234064682475,0.040389012070105895,0.053912739372468606,0.5000000000000001,Pr,Pr_mean,rheology_enhanced,RandomForest
91,0.646986153144073,0.058785691633597606,0.06573108155628653,0.3333333333333334,Pr,Pr_mean,rheology_enhanced,RandomForest
92,-0.491697730694703,0.043171217757936475,0.050742816611007616,0.38095238095238104,Pr,Pr_mean,rheology_enhanced,RandomForest
93,-0.03489427624388286,0.05916302992724887,0.07350007696291572,0.6190476190476191,Pr,Pr_mean,rheology_enhanced,RandomForest
94,0.4586423497609634,0.07247673280423282,0.10442327490325243,0.4523809523809524,Pr,Pr_mean,rheology_enhanced,RandomForest
95,0.2637881088745636,0.05358400661375627,0.06473385567879289,0.9285714285714287,Pr,Pr_mean,rheology_enhanced,RandomForest
96,-0.3093345761949877,0.06850455869708998,0.08632909097951347,0.4047619047619048,Pr,Pr_mean,rheology_enhanced,RandomForest
97,-0.23928652246747695,0.05862204546957661,0.06109608011707493,0.6428571428571429,Pr,Pr_mean,rheology_enhanced,RandomForest
98,-0.4332099262319833,0.04199058052248693,0.05356906359829328,0.14285714285714288,Pr,Pr_mean,rheology_enhanced,RandomForest
99,0.6461745924499149,0.030961096560846557,0.03968666889046286,0.5952380952380953,Pr,Pr_mean,rheology_enhanced,RandomForest
100,0.2060013731897572,0.09974984391534415,0.132517002581198,0.9047619047619048,Pr,Pr_mean,rheology_enhanced,RandomForest
1,-0.33753318393941156,0.07496747863928017,0.08720787627204034,-0.04761904761904763,Pr,Pr_mean,rheology_enhanced,GradientBoosting
2,0.4186211449019046,0.0626004046832421,0.0741315292423861,0.7619047619047621,Pr,Pr_mean,rheology_enhanced,GradientBoosting
3,0.2769453851353172,0.05706089761406563,0.07732527696729108,0.6190476190476191,Pr,Pr_mean,rheology_enhanced,GradientBoosting
4,0.5528194058691098,0.07464138099625912,0.09879718279773712,0.4285714285714286,Pr,Pr_mean,rheology_enhanced,GradientBoosting
5,-0.36094596125249345,0.03426172598579899,0.04535493159991694,0.19047619047619052,Pr,Pr_mean,rheology_enhanced,GradientBoosting
6,-0.12407487079171742,0.06342066237211752,0.07056353580894956,0.542168674698795,Pr,Pr_mean,rheology_enhanced,GradientBoosting
7,0.3325312997266754,0.09715840729977576,0.12869495340614082,0.7142857142857144,Pr,Pr_mean,rheology_enhanced,GradientBoosting
8,0.08377173258540116,0.04859039020135435,0.06518606700158694,0.6190476190476191,Pr,Pr_mean,rheology_enhanced,GradientBoosting
9,0.6126130507067065,0.037286499631751,0.04364040600798842,0.9047619047619048,Pr,Pr_mean,rheology_enhanced,GradientBoosting
10,0.22492485555119768,0.03835005472346012,0.040738552417225085,0.8742671711966791,Pr,Pr_mean,rheology_enhanced,GradientBoosting
11,0.14607586229771408,0.06073644030199761,0.07610830641277988,0.5952380952380953,Pr,Pr_mean,rheology_enhanced,GradientBoosting
12,0.5305896587708575,0.08009700183872719,0.1031474224156028,0.7142857142857144,Pr,Pr_mean,rheology_enhanced,GradientBoosting
13,0.37327045052354224,0.04057493275925732,0.05273625295564505,0.9285714285714287,Pr,Pr_mean,rheology_enhanced,GradientBoosting
14,0.3028973667242272,0.046374678059181176,0.06067013505115805,0.523809523809524,Pr,Pr_mean,rheology_enhanced,GradientBoosting
15,-5.031091692083204,0.057020866852648816,0.06657683869372598,0.2142857142857143,Pr,Pr_mean,rheology_enhanced,GradientBoosting
16,0.5167278715188831,0.07435491110378638,0.10626162272395982,0.7619047619047621,Pr,Pr_mean,rheology_enhanced,GradientBoosting
17,0.09528239525547999,0.05826506546246685,0.07196320256246001,0.523809523809524,Pr,Pr_mean,rheology_enhanced,GradientBoosting
18,-0.013095957207638342,0.06799686022204454,0.0763915581584835,0.5714285714285715,Pr,Pr_mean,rheology_enhanced,GradientBoosting
19,0.29140326232332414,0.058930088205468883,0.0673280809180101,0.5000000000000001,Pr,Pr_mean,rheology_enhanced,GradientBoosting
20,0.362606595897937,0.04362232978302305,0.048674339061227825,0.7857142857142858,Pr,Pr_mean,rheology_enhanced,GradientBoosting
21,-0.7747313192438239,0.05545759808383105,0.062179194100379545,0.5714285714285715,Pr,Pr_mean,rheology_enhanced,GradientBoosting
22,0.567613435477609,0.03827549998188594,0.05251233488659164,0.6190476190476191,Pr,Pr_mean,rheology_enhanced,GradientBoosting
23,-0.16630697936061245,0.06233439293370033,0.07739560550709515,0.6190476190476191,Pr,Pr_mean,rheology_enhanced,GradientBoosting
24,0.6381959152419763,0.058478235353681546,0.08529492584310176,0.9700772721497397,Pr,Pr_mean,rheology_enhanced,GradientBoosting
25,0.09247162812627097,0.0686139584573654,0.08342562606237743,0.4285714285714286,Pr,Pr_mean,rheology_enhanced,GradientBoosting
26,0.11582021318659474,0.042643945906738756,0.05582721994941696,0.8333333333333335,Pr,Pr_mean,rheology_enhanced,GradientBoosting
27,-0.922299952467126,0.049493142975166396,0.06510138877321972,0.7065994945288229,Pr,Pr_mean,rheology_enhanced,GradientBoosting
28,-0.012135078941261979,0.0901232389213899,0.11414420081194966,0.7857142857142858,Pr,Pr_mean,rheology_enhanced,GradientBoosting
29,0.23310007481504724,0.08546981950914188,0.11384951099705326,0.5714285714285715,Pr,Pr_mean,rheology_enhanced,GradientBoosting
30,0.28021447307638436,0.05090680936595175,0.05982247615460922,0.05988131309566295,Pr,Pr_mean,rheology_enhanced,GradientBoosting
31,-0.17195444677336758,0.042511152957007414,0.06575823653983665,0.03592878785739777,Pr,Pr_mean,rheology_enhanced,GradientBoosting
32,-1.982485123704282,0.06556022775710221,0.07590276169149258,0.7711403083390078,Pr,Pr_mean,rheology_enhanced,GradientBoosting
33,0.41864718868417894,0.055639160399088006,0.06734764695405743,0.3333333333333334,Pr,Pr_mean,rheology_enhanced,GradientBoosting
34,0.6041579255171022,0.07501497314351738,0.10356023611827435,0.7619047619047621,Pr,Pr_mean,rheology_enhanced,GradientBoosting
35,-0.3823283925579626,0.06890011705613332,0.08516284339295131,0.6428571428571429,Pr,Pr_mean,rheology_enhanced,GradientBoosting
36,0.47021514245081575,0.0651098724581254,0.07275447036428956,0.7380952380952381,Pr,Pr_mean,rheology_enhanced,GradientBoosting
37,-1.354243357347662,0.05993739977588891,0.07571284854588237,-0.10778636357219329,Pr,Pr_mean,rheology_enhanced,GradientBoosting
38,0.5469039030210188,0.0684884506431134,0.0948277805922648,0.6904761904761906,Pr,Pr_mean,rheology_enhanced,GradientBoosting
39,0.004231559626087789,0.05840062342526556,0.07247955104279924,0.523809523809524,Pr,Pr_mean,rheology_enhanced,GradientBoosting
40,0.6896467730732834,0.03793706142416345,0.04221247508023835,0.7142857142857144,Pr,Pr_mean,rheology_enhanced,GradientBoosting
41,-0.07826043463304244,0.04746327921843305,0.054326022717714896,0.4523809523809524,Pr,Pr_mean,rheology_enhanced,GradientBoosting
42,0.6278722307177205,0.050257103063850145,0.08644473332980476,0.8982196964349441,Pr,Pr_mean,rheology_enhanced,GradientBoosting
43,0.10330074699936953,0.059685786180283945,0.07817354722462126,0.5000000000000001,Pr,Pr_mean,rheology_enhanced,GradientBoosting
44,-0.2747281058739197,0.04747069974724416,0.06391654183922989,0.38095238095238104,Pr,Pr_mean,rheology_enhanced,GradientBoosting
45,0.5334386710939973,0.043924984315515,0.054222100790186814,0.8503146459584139,Pr,Pr_mean,rheology_enhanced,GradientBoosting
46,0.05138186579880477,0.06197054334518748,0.07374559608015317,0.19047619047619052,Pr,Pr_mean,rheology_enhanced,GradientBoosting
47,0.43636399189564123,0.045997500491797266,0.05899028298614784,0.8333333333333335,Pr,Pr_mean,rheology_enhanced,GradientBoosting
48,-1.236526670007001,0.05279696511328334,0.06149286561533074,0.14371515142959107,Pr,Pr_mean,rheology_enhanced,GradientBoosting
49,0.4733951618506622,0.06111563503120751,0.07009626553784727,0.4761904761904762,Pr,Pr_mean,rheology_enhanced,GradientBoosting
50,0.3387206178026152,0.08741147575469727,0.11930995474404661,0.6190476190476191,Pr,Pr_mean,rheology_enhanced,GradientBoosting
51,0.4575350320913726,0.03053083111532162,0.033861503538035145,0.8095238095238096,Pr,Pr_mean,rheology_enhanced,GradientBoosting
52,0.13187966896862446,0.08253442543952674,0.1241953733202732,0.7380952380952381,Pr,Pr_mean,rheology_enhanced,GradientBoosting
53,0.4654162001071377,0.07295304350772089,0.08478368187562688,0.6190476190476191,Pr,Pr_mean,rheology_enhanced,GradientBoosting
54,0.28598416533563553,0.052069577703805756,0.059402483941447044,0.523809523809524,Pr,Pr_mean,rheology_enhanced,GradientBoosting
55,-0.529463319861782,0.05044285295491352,0.07676104115869917,-0.03592878785739777,Pr,Pr_mean,rheology_enhanced,GradientBoosting
56,0.1852791389639441,0.054055668006280644,0.07528045821667792,0.38095238095238104,Pr,Pr_mean,rheology_enhanced,GradientBoosting
57,0.36349271118661364,0.0480426687205846,0.05391584964168095,0.7142857142857144,Pr,Pr_mean,rheology_enhanced,GradientBoosting
58,0.4851175043184375,0.07841281159736045,0.09933572501408658,0.8742671711966791,Pr,Pr_mean,rheology_enhanced,GradientBoosting
59,0.3827321689065415,0.040468536898130514,0.04923728020321288,0.4285714285714286,Pr,Pr_mean,rheology_enhanced,GradientBoosting
60,0.325099133973219,0.0679989834029373,0.08220874650455172,0.28571428571428575,Pr,Pr_mean,rheology_enhanced,GradientBoosting
61,-0.18076086459388163,0.07363574397901672,0.09069104996170418,0.4285714285714286,Pr,Pr_mean,rheology_enhanced,GradientBoosting
62,-0.3104706659553724,0.041642059156542885,0.04894404868073607,0.8742671711966791,Pr,Pr_mean,rheology_enhanced,GradientBoosting
63,0.7560873279416063,0.024067688732744785,0.031603186768285066,0.934148484292342,Pr,Pr_mean,rheology_enhanced,GradientBoosting
64,-0.5080975798785059,0.06720035920462684,0.07376459901742603,0.2380952380952381,Pr,Pr_mean,rheology_enhanced,GradientBoosting
65,0.29136020135175533,0.11162092770625462,0.13514598728919935,0.4191691916696407,Pr,Pr_mean,rheology_enhanced,GradientBoosting
66,0.27713112530782014,0.05265027557000132,0.07151052465750167,0.45509797952703834,Pr,Pr_mean,rheology_enhanced,GradientBoosting
67,0.12148969515755326,0.05455986657537018,0.06950171876418736,0.8143858581010162,Pr,Pr_mean,rheology_enhanced,GradientBoosting
68,0.4271239858410426,0.06738715751534032,0.10375133881568376,0.4523809523809524,Pr,Pr_mean,rheology_enhanced,GradientBoosting
69,-1.1234608223355367,0.04479792626859816,0.06028958502621206,0.04761904761904763,Pr,Pr_mean,rheology_enhanced,GradientBoosting
70,0.5643151074249773,0.058720455373432526,0.06753654670152977,0.9285714285714287,Pr,Pr_mean,rheology_enhanced,GradientBoosting
71,-0.08898785803807052,0.05396175934878937,0.07893949426759121,0.6190476190476191,Pr,Pr_mean,rheology_enhanced,GradientBoosting
72,0.2801759651880432,0.04191298884365424,0.0523449992001258,0.8383383833392813,Pr,Pr_mean,rheology_enhanced,GradientBoosting
73,0.5379945669159265,0.07895454091028314,0.10066534492022464,0.5000000000000001,Pr,Pr_mean,rheology_enhanced,GradientBoosting
74,0.4222357378449829,0.06554053625594934,0.07378042041733722,0.9047619047619048,Pr,Pr_mean,rheology_enhanced,GradientBoosting
75,0.49280086795306177,0.04415666673050146,0.05240569148719592,0.7784570702436182,Pr,Pr_mean,rheology_enhanced,GradientBoosting
76,0.7568997214700484,0.038839972065722775,0.04560227128891503,0.934148484292342,Pr,Pr_mean,rheology_enhanced,GradientBoosting
77,0.4597694047320724,0.07141824515931101,0.10100554308544651,0.4285714285714286,Pr,Pr_mean,rheology_enhanced,GradientBoosting
78,-0.3493954901717877,0.03870161334489887,0.044382204392957605,0.34731161595484505,Pr,Pr_mean,rheology_enhanced,GradientBoosting
79,-0.6495228951365977,0.0802567655567046,0.09627821097849765,0.4285714285714286,Pr,Pr_mean,rheology_enhanced,GradientBoosting
80,0.22603671573467532,0.05665334169563714,0.06219686400778455,0.2142857142857143,Pr,Pr_mean,rheology_enhanced,GradientBoosting
81,0.3459081718601361,0.07011719951431365,0.08575615398753329,0.790433332862751,Pr,Pr_mean,rheology_enhanced,GradientBoosting
82,0.4497113316995257,0.07699524212572838,0.10306846164093844,0.0,Pr,Pr_mean,rheology_enhanced,GradientBoosting
83,-0.9570481554483001,0.0535886564811285,0.0701809829394479,0.5000000000000001,Pr,Pr_mean,rheology_enhanced,GradientBoosting
84,-0.03312628305946985,0.045805127095284184,0.06784563054301122,0.5952380952380953,Pr,Pr_mean,rheology_enhanced,GradientBoosting
85,0.5012279679461241,0.04921768306168295,0.0574553974326919,0.4761904761904762,Pr,Pr_mean,rheology_enhanced,GradientBoosting
86,0.2758351478503537,0.03985677032904622,0.052738267328553176,0.8024095954818835,Pr,Pr_mean,rheology_enhanced,GradientBoosting
87,-0.46939737320675645,0.05519657669732003,0.0669902999926939,0.07142857142857144,Pr,Pr_mean,rheology_enhanced,GradientBoosting
88,-0.1510503188959853,0.06567042776748346,0.08094794476853744,0.6666666666666669,Pr,Pr_mean,rheology_enhanced,GradientBoosting
89,0.5829887753864037,0.07077975981215762,0.09485645439653229,0.8742671711966791,Pr,Pr_mean,rheology_enhanced,GradientBoosting
90,0.43660703789218835,0.048215461526819686,0.06396126001171135,0.38095238095238104,Pr,Pr_mean,rheology_enhanced,GradientBoosting
91,0.6062260341514321,0.06179966901547024,0.06942220564810757,0.7857142857142858,Pr,Pr_mean,rheology_enhanced,GradientBoosting
92,-0.6017368794247364,0.04878634441681974,0.05258110919197388,0.523809523809524,Pr,Pr_mean,rheology_enhanced,GradientBoosting
93,-0.2722471320472357,0.06636359651579295,0.08149398248531384,0.5714285714285715,Pr,Pr_mean,rheology_enhanced,GradientBoosting
94,0.4828286225593408,0.07385272589347879,0.10206395907896931,0.7380952380952381,Pr,Pr_mean,rheology_enhanced,GradientBoosting
95,-0.24799402384084757,0.06451172865267878,0.08428228748720346,0.8571428571428572,Pr,Pr_mean,rheology_enhanced,GradientBoosting
96,-0.1912520840787546,0.0633447798172963,0.08234432736541392,0.22754898976351917,Pr,Pr_mean,rheology_enhanced,GradientBoosting
97,-0.45315223456520504,0.06028453943264811,0.06615810253106112,0.6428571428571429,Pr,Pr_mean,rheology_enhanced,GradientBoosting
98,-0.785846947876303,0.044340397988013425,0.059797257891857636,0.30952380952380953,Pr,Pr_mean,rheology_enhanced,GradientBoosting
99,0.5843781049308443,0.03499252035860906,0.043012961878158375,0.6428571428571429,Pr,Pr_mean,rheology_enhanced,GradientBoosting
100,0.2038554823441623,0.09639656006165524,0.1326959544943679,1.0,Pr,Pr_mean,rheology_enhanced,GradientBoosting
1,-0.23230107094916086,0.06688874781131746,0.08370701218785037,0.14285714285714288,Pr,Pr_mean,rheology_enhanced,XGBoost
2,0.458669694813424,0.06260763376951217,0.07153268280846252,0.7619047619047621,Pr,Pr_mean,rheology_enhanced,XGBoost
3,0.40859765035826634,0.0476921942234039,0.06993224266679066,0.6190476190476191,Pr,Pr_mean,rheology_enhanced,XGBoost
4,0.6008694166810835,0.06847612512111663,0.09333845114582306,0.5030030300035688,Pr,Pr_mean,rheology_enhanced,XGBoost
5,-0.812388616424403,0.04044207751750949,0.05233952038111818,-0.09523809523809526,Pr,Pr_mean,rheology_enhanced,XGBoost
6,-0.27552572098291583,0.06900470083951951,0.07516701864328237,0.5269555552418339,Pr,Pr_mean,rheology_enhanced,XGBoost
7,0.3602277216141151,0.09255194944143294,0.12599658478052447,0.6904761904761906,Pr,Pr_mean,rheology_enhanced,XGBoost
8,0.20465957016731084,0.047776589274406436,0.060733661599333376,0.6904761904761906,Pr,Pr_mean,rheology_enhanced,XGBoost
9,0.4402848403201399,0.044861998558044444,0.052456562108345824,0.7142857142857144,Pr,Pr_mean,rheology_enhanced,XGBoost
10,0.47047122111174167,0.02968357121944426,0.03367274116840626,0.8263621207201486,Pr,Pr_mean,rheology_enhanced,XGBoost
11,0.1412605856852397,0.06195995372533797,0.07632259204700818,0.4523809523809524,Pr,Pr_mean,rheology_enhanced,XGBoost
12,0.49652333572011453,0.0833826794028282,0.10682471093779858,0.7142857142857144,Pr,Pr_mean,rheology_enhanced,XGBoost
13,0.5628407141944202,0.037292571365833305,0.04404423152652638,0.9285714285714287,Pr,Pr_mean,rheology_enhanced,XGBoost
14,0.5980951247497748,0.037288276016712196,0.04606682035669846,0.7142857142857144,Pr,Pr_mean,rheology_enhanced,XGBoost
15,-4.893964191036472,0.054189160823822025,0.06581561598625264,0.07142857142857144,Pr,Pr_mean,rheology_enhanced,XGBoost
16,0.4858737262994406,0.07657008492946624,0.10960124020030587,0.7142857142857144,Pr,Pr_mean,rheology_enhanced,XGBoost
17,0.16566382403537694,0.054408169329166436,0.069107391259841,0.5476190476190477,Pr,Pr_mean,rheology_enhanced,XGBoost
18,-0.017580484380241845,0.07016844171285631,0.07656044726525715,0.4047619047619048,Pr,Pr_mean,rheology_enhanced,XGBoost
19,0.3458616226556387,0.05569893777370452,0.06468915468968672,0.5714285714285715,Pr,Pr_mean,rheology_enhanced,XGBoost
20,0.2935422630353095,0.04597696393728257,0.051243569433615334,0.6904761904761906,Pr,Pr_mean,rheology_enhanced,XGBoost
21,-1.2063216116277649,0.05757704514265059,0.06932872154404039,0.5000000000000001,Pr,Pr_mean,rheology_enhanced,XGBoost
22,0.5320967186788588,0.03786717647314074,0.054626487866469856,0.4761904761904762,Pr,Pr_mean,rheology_enhanced,XGBoost
23,0.008007856924827528,0.058920268654823305,0.0713779352974373,0.4761904761904762,Pr,Pr_mean,rheology_enhanced,XGBoost
24,0.6115246700495726,0.058268722295761105,0.08838288733554453,0.9700772721497397,Pr,Pr_mean,rheology_enhanced,XGBoost
25,0.06706163501306173,0.07003337979316712,0.08458548528609876,0.38095238095238104,Pr,Pr_mean,rheology_enhanced,XGBoost
26,0.1144988256084154,0.047393124818801896,0.055868920661732296,0.8333333333333335,Pr,Pr_mean,rheology_enhanced,XGBoost
27,-1.0108333106515248,0.047555173337459594,0.06658366722897555,0.6586944440522925,Pr,Pr_mean,rheology_enhanced,XGBoost
28,0.5434265042316487,0.06526192438602448,0.07666373283247141,0.8383383833392813,Pr,Pr_mean,rheology_enhanced,XGBoost
29,0.25525008546322525,0.0825640199780464,0.1121933337309915,0.4761904761904762,Pr,Pr_mean,rheology_enhanced,XGBoost
30,0.2926958248734992,0.05535736012458803,0.05930153583355174,0.29940656547831473,Pr,Pr_mean,rheology_enhanced,XGBoost
31,-0.2160399690931174,0.047295838117599465,0.0669836358632708,0.14371515142959107,Pr,Pr_mean,rheology_enhanced,XGBoost
32,-2.672713897385177,0.07143820977210999,0.08422906580661588,0.8095238095238096,Pr,Pr_mean,rheology_enhanced,XGBoost
33,0.43810251004001177,0.049798850715160395,0.06621114284634837,0.4523809523809524,Pr,Pr_mean,rheology_enhanced,XGBoost
34,0.6072775509636742,0.07774041444063187,0.10315135058646895,0.7857142857142858,Pr,Pr_mean,rheology_enhanced,XGBoost
35,-0.23323875092811908,0.06445309925079347,0.08043926993127562,0.6428571428571429,Pr,Pr_mean,rheology_enhanced,XGBoost
36,0.45280707903627837,0.06387386345863344,0.07394011949935424,0.7784570702436182,Pr,Pr_mean,rheology_enhanced,XGBoost
37,-1.375989710860368,0.05849350494146348,0.0760617278701192,-0.19162020190612145,Pr,Pr_mean,rheology_enhanced,XGBoost
38,0.576101981498536,0.06295226925611494,0.0917214937380026,0.7857142857142858,Pr,Pr_mean,rheology_enhanced,XGBoost
39,0.051187954155664794,0.0555436614751816,0.07074999451709735,0.2142857142857143,Pr,Pr_mean,rheology_enhanced,XGBoost
40,0.6515377083112235,0.0372650653719902,0.044729143158919446,0.5476190476190477,Pr,Pr_mean,rheology_enhanced,XGBoost
41,-0.2864247011676264,0.05135187816619874,0.059338731953063203,0.3571428571428572,Pr,Pr_mean,rheology_enhanced,XGBoost
42,0.6029139256186093,0.05182902085781098,0.08929658031068599,0.7425282823862205,Pr,Pr_mean,rheology_enhanced,XGBoost
43,0.06634728385929856,0.05727470320463181,0.07976807242728574,0.38095238095238104,Pr,Pr_mean,rheology_enhanced,XGBoost
44,-0.6037246607714759,0.05277362173795701,0.07169178484311964,0.19047619047619052,Pr,Pr_mean,rheology_enhanced,XGBoost
45,0.48338912252720745,0.04261347216367721,0.05705631818120412,0.8503146459584139,Pr,Pr_mean,rheology_enhanced,XGBoost
46,0.07186978616155693,0.05890255254507061,0.07294488339768047,0.04761904761904763,Pr,Pr_mean,rheology_enhanced,XGBoost
47,0.3563963320225607,0.054173477947711934,0.06303625005394484,0.8333333333333335,Pr,Pr_mean,rheology_enhanced,XGBoost
48,-1.2190419964149632,0.04747485876083375,0.061252025133112224,0.17964393928698885,Pr,Pr_mean,rheology_enhanced,XGBoost
49,0.4358844134335943,0.06522757995128635,0.072549848245588,0.4285714285714286,Pr,Pr_mean,rheology_enhanced,XGBoost
50,0.31074791314737626,0.09677717489004135,0.12180727701829348,0.5476190476190477,Pr,Pr_mean,rheology_enhanced,XGBoost
51,0.25024516912558115,0.0352087692022324,0.03980888611960743,0.6428571428571429,Pr,Pr_mean,rheology_enhanced,XGBoost
52,0.20012041785324375,0.07872833847999573,0.119214136968793,0.7065994945288228,Pr,Pr_mean,rheology_enhanced,XGBoost
53,0.42499894225024726,0.08025790405273439,0.08793032888964152,0.7142857142857144,Pr,Pr_mean,rheology_enhanced,XGBoost
54,0.46817522007862267,0.04025054115056992,0.05126665341729711,0.6666666666666669,Pr,Pr_mean,rheology_enhanced,XGBoost
55,-0.647171889557983,0.053313139379024474,0.0796600885294645,-0.10778636357219329,Pr,Pr_mean,rheology_enhanced,XGBoost
56,0.14464806246045314,0.05800382691621782,0.07713478215454421,0.3333333333333334,Pr,Pr_mean,rheology_enhanced,XGBoost
57,0.39369603821212984,0.048202803373336794,0.05262110527141938,0.8095238095238096,Pr,Pr_mean,rheology_enhanced,XGBoost
58,0.45154533508990113,0.08016092228889465,0.10252310944236756,0.8571428571428572,Pr,Pr_mean,rheology_enhanced,XGBoost
59,0.32466881496928834,0.04135854208469393,0.05150099685596732,0.30952380952380953,Pr,Pr_mean,rheology_enhanced,XGBoost
60,0.37795969062497337,0.06561988902091978,0.07892367470299604,0.30952380952380953,Pr,Pr_mean,rheology_enhanced,XGBoost
61,-0.03703976500890627,0.06598973792791367,0.08499260873372733,0.5476190476190477,Pr,Pr_mean,rheology_enhanced,XGBoost
62,-0.8978330029775776,0.04716883319616319,0.05889999215451846,0.730552019767088,Pr,Pr_mean,rheology_enhanced,XGBoost
63,0.6217064639172558,0.031535357832908645,0.03935755908176748,0.8095238095238096,Pr,Pr_mean,rheology_enhanced,XGBoost
64,-0.21372040497075306,0.05770876753330233,0.06617479294364643,0.5000000000000001,Pr,Pr_mean,rheology_enhanced,XGBoost
65,0.2961381813521281,0.11173054724931714,0.13468960807154565,0.5476190476190477,Pr,Pr_mean,rheology_enhanced,XGBoost
66,0.21894370463067447,0.0565868045091629,0.07433295028126122,0.05988131309566294,Pr,Pr_mean,rheology_enhanced,XGBoost
67,-0.1257679773162157,0.05692268633842469,0.0786767768993698,0.6347419188140273,Pr,Pr_mean,rheology_enhanced,XGBoost
68,0.3834293523908441,0.07235746490955353,0.10763532165871961,0.523809523809524,Pr,Pr_mean,rheology_enhanced,XGBoost
69,-1.30918793409587,0.04468303495645522,0.06287091892273092,0.04761904761904763,Pr,Pr_mean,rheology_enhanced,XGBoost
70,0.6298142592938512,0.05794906842708589,0.062253309305230285,0.9523809523809524,Pr,Pr_mean,rheology_enhanced,XGBoost
71,0.2373553819973473,0.046922407090663934,0.06606081477732106,0.7142857142857144,Pr,Pr_mean,rheology_enhanced,XGBoost
72,0.23072783374684536,0.04577842587232592,0.05411305277809631,0.6227656561948945,Pr,Pr_mean,rheology_enhanced,XGBoost
73,0.5394773134762063,0.07915168255567549,0.1005036789154569,0.523809523809524,Pr,Pr_mean,rheology_enhanced,XGBoost
74,0.4628184110262289,0.06151648825407029,0.07114204548587022,0.7857142857142858,Pr,Pr_mean,rheology_enhanced,XGBoost
75,0.5344142305377827,0.04139454144239425,0.0502098650186947,0.8095238095238096,Pr,Pr_mean,rheology_enhanced,XGBoost
76,0.6911710063669438,0.041155706167221084,0.0513987762204194,0.934148484292342,Pr,Pr_mean,rheology_enhanced,XGBoost
77,0.45469784018152304,0.07207380831241608,0.1014785443462409,0.5952380952380953,Pr,Pr_mean,rheology_enhanced,XGBoost
78,-0.2846031862861875,0.03545835286378858,0.043303573769162065,0.523809523809524,Pr,Pr_mean,rheology_enhanced,XGBoost
79,-0.2866058831022409,0.07258399003744125,0.08502988745196031,0.4285714285714286,Pr,Pr_mean,rheology_enhanced,XGBoost
80,0.24824278754867457,0.057405367612838765,0.06129811368164925,0.4285714285714286,Pr,Pr_mean,rheology_enhanced,XGBoost
81,0.5551317028725676,0.06267404901981355,0.07072316085751543,0.6904761904761906,Pr,Pr_mean,rheology_enhanced,XGBoost
82,0.41157159887989725,0.0781862428188324,0.10658039420446612,0.07142857142857144,Pr,Pr_mean,rheology_enhanced,XGBoost
83,-1.4556194420636035,0.05946534508466722,0.07861387830249686,0.38095238095238104,Pr,Pr_mean,rheology_enhanced,XGBoost
84,0.03453468272351701,0.03997913402318953,0.06558635818173654,0.7142857142857144,Pr,Pr_mean,rheology_enhanced,XGBoost
85,0.47157094105215147,0.049977058887481704,0.05913888506428183,0.3571428571428572,Pr,Pr_mean,rheology_enhanced,XGBoost
86,0.014091436014240455,0.048545172274112716,0.06153546060855475,0.7619047619047621,Pr,Pr_mean,rheology_enhanced,XGBoost
87,-1.0537426592687695,0.06595091748237611,0.07919819890319586,0.07142857142857144,Pr,Pr_mean,rheology_enhanced,XGBoost
88,-0.008743968729175045,0.06252444970607758,0.0757790484334883,0.523809523809524,Pr,Pr_mean,rheology_enhanced,XGBoost
89,0.5420787236837643,0.06865531331300734,0.09940046729646866,0.7784570702436182,Pr,Pr_mean,rheology_enhanced,XGBoost
90,0.48722759463837384,0.04406089013814926,0.06102019971499696,0.38095238095238104,Pr,Pr_mean,rheology_enhanced,XGBoost
91,0.6076598457121902,0.05962979930639266,0.0692957001590494,0.5952380952380953,Pr,Pr_mean,rheology_enhanced,XGBoost
92,-0.3507737738393617,0.044440632045269005,0.048286470926422555,0.5389318178609664,Pr,Pr_mean,rheology_enhanced,XGBoost
93,-0.21216903663187736,0.06483098751306532,0.07954655839322518,0.5714285714285715,Pr,Pr_mean,rheology_enhanced,XGBoost
94,0.4571868324431603,0.07773062807321551,0.1045635591131631,0.5000000000000001,Pr,Pr_mean,rheology_enhanced,XGBoost
95,-0.07207523422318363,0.056762037932872794,0.07811648499834219,0.9285714285714287,Pr,Pr_mean,rheology_enhanced,XGBoost
96,-0.30377269071566815,0.06629075020551681,0.08614553838769184,0.203596464525254,Pr,Pr_mean,rheology_enhanced,XGBoost
97,-0.8266740759957718,0.06875002270936965,0.07417507881289552,0.6190476190476191,Pr,Pr_mean,rheology_enhanced,XGBoost
98,-1.013854392098278,0.03984163630008697,0.06349992091789392,0.07142857142857144,Pr,Pr_mean,rheology_enhanced,XGBoost
99,0.5809847139367088,0.03428347307443619,0.04318819696925726,0.8571428571428572,Pr,Pr_mean,rheology_enhanced,XGBoost
100,0.2003617715463628,0.0960116010904312,0.13298678975591224,0.9761904761904763,Pr,Pr_mean,rheology_enhanced,XGBoost
1,0.16604253715826744,1.0833899845142303,1.2225487400870922,0.7,SR,SR_mean,core,LinearRegression
2,0.3936452951392836,0.7068422311724671,0.8757125844226703,0.7333333333333334,SR,SR_mean,core,LinearRegression
3,0.28124693604793183,0.9243074407297018,1.1006362478832334,0.5333333333333333,SR,SR_mean,core,LinearRegression
4,-1.051110556628137,1.3169689036330776,1.8222089398104844,0.2380952380952381,SR,SR_mean,core,LinearRegression
5,0.1533602329972109,0.9285824485137174,1.1762279230470303,0.6904761904761906,SR,SR_mean,core,LinearRegression
6,-0.06383454570482083,1.096194889290848,1.3328867802845046,0.19999999999999998,SR,SR_mean,core,LinearRegression
7,-0.22250473090695744,1.3689879796865325,1.8082689688675897,0.3,SR,SR_mean,core,LinearRegression
8,-0.3374164071145167,1.0841072568608006,1.2857165784883788,-0.38333333333333336,SR,SR_mean,core,LinearRegression
9,0.6979194623647134,0.5545876610466995,0.6579479567689732,0.8333333333333335,SR,SR_mean,core,LinearRegression
10,-0.07940496094302163,0.6982502436039332,0.818942325558647,0.6190476190476191,SR,SR_mean,core,LinearRegression
11,0.3972307064070316,0.925519216053233,1.0359947444014548,0.5666666666666667,SR,SR_mean,core,LinearRegression
12,-9.46782244442199,1.206377251546291,1.8049306816352042,-0.016666666666666666,SR,SR_mean,core,LinearRegression
13,-1.2245682407873484,1.1108292958194714,1.3073044935988478,0.6166666666666666,SR,SR_mean,core,LinearRegression
14,0.18947193613707225,1.1696381635351556,1.3519884938196813,0.7619047619047621,SR,SR_mean,core,LinearRegression
15,-0.1455156015953043,0.7476574772532734,0.902809936043782,0.9047619047619048,SR,SR_mean,core,LinearRegression
16,-0.423394800130533,1.389017553128837,1.8182154494481124,0.25,SR,SR_mean,core,LinearRegression
17,0.37440060287032695,0.8122446458078502,0.9880227294224746,0.7,SR,SR_mean,core,LinearRegression
18,0.036412259022275295,1.2069516271509049,1.4541499460293699,0.33333333333333337,SR,SR_mean,core,LinearRegression
19,-0.6371172877639626,0.8148644392658804,0.9231340165582324,0.7857142857142858,SR,SR_mean,core,LinearRegression
20,0.1266236435911039,0.6789272529671363,0.7819556654500623,0.5952380952380953,SR,SR_mean,core,LinearRegression
21,0.2818866642927691,1.0110518053078763,1.0880647208975054,0.65,SR,SR_mean,core,LinearRegression
22,0.40084908832045296,0.4859480556919416,0.6704975974709219,0.8333333333333333,SR,SR_mean,core,LinearRegression
23,0.4079899475044748,1.00805190685455,1.0758767932318996,0.8333333333333333,SR,SR_mean,core,LinearRegression
24,-0.10593847353791563,1.1238035473599308,1.3245584908213859,0.11904761904761905,SR,SR_mean,core,LinearRegression
25,-1.2961179353162273,1.43575385001823,1.9656787313638537,0.1666666666666667,SR,SR_mean,core,LinearRegression
26,0.08569446319193985,0.5585032345703977,0.6262431465885732,0.7166666666666667,SR,SR_mean,core,LinearRegression
27,-0.6631874876461568,0.7669723191026977,0.8781388289912276,-0.2333333333333333,SR,SR_mean,core,LinearRegression
28,-0.46854881088760103,1.0339155333059622,1.1990738694846883,0.43333333333333335,SR,SR_mean,core,LinearRegression
29,0.24064722719913823,1.3821023954686928,1.5661408346417935,0.7142857142857144,SR,SR_mean,core,LinearRegression
30,-0.4448652979958929,1.1339744942190408,1.7017935474089956,0.28571428571428575,SR,SR_mean,core,LinearRegression
31,0.02152666257227287,0.8510252388696469,0.9630752884055597,0.08333333333333334,SR,SR_mean,core,LinearRegression
32,0.3537312158855408,0.8727498062525578,0.9920006509573577,0.39999999999999997,SR,SR_mean,core,LinearRegression
33,0.31627475797271565,1.0020754571650248,1.1807300781210366,0.7333333333333334,SR,SR_mean,core,LinearRegression
34,0.6192379457830661,0.7060623099987218,0.7875626409146538,0.9285714285714287,SR,SR_mean,core,LinearRegression
35,-1.382877883368451,1.4236494680113987,1.9494081290394756,0.14285714285714288,SR,SR_mean,core,LinearRegression
36,0.22412428502035353,0.8609889026437435,0.9270980979721154,0.7333333333333334,SR,SR_mean,core,LinearRegression
37,-0.16420934973277546,1.295163930774546,1.9025971387582108,0.21666666666666667,SR,SR_mean,core,LinearRegression
38,0.32910843939150736,0.7094444562789319,0.9016370315930421,0.8333333333333333,SR,SR_mean,core,LinearRegression
39,0.02625460793234846,0.6947625932128447,0.8426744185153093,0.8333333333333335,SR,SR_mean,core,LinearRegression
40,0.16357587533004014,1.0065200061927297,1.1709467077516449,0.7857142857142858,SR,SR_mean,core,LinearRegression
41,0.1230876328370657,1.0224816861041883,1.2116605253785266,0.6166666666666666,SR,SR_mean,core,LinearRegression
42,0.506017942660854,0.6550519164686377,0.8329143360699833,0.8833333333333333,SR,SR_mean,core,LinearRegression
43,0.22345093510862646,0.8774384131224267,1.0895856270752085,0.39999999999999997,SR,SR_mean,core,LinearRegression
44,-0.3477460651030575,1.306234591996379,1.376802196192306,0.5714285714285715,SR,SR_mean,core,LinearRegression
45,-1.7126028404883447,1.1921132982967828,1.8170219025704824,-0.2380952380952381,SR,SR_mean,core,LinearRegression
46,0.08768481589893729,0.8114468996475455,1.2089205684187476,0.2833333333333333,SR,SR_mean,core,LinearRegression
47,-0.3246145471651809,1.0726661162076279,1.3105720373537524,-0.5333333333333333,SR,SR_mean,core,LinearRegression
48,0.3743572218904456,1.02633790318883,1.0727364037956941,0.7833333333333333,SR,SR_mean,core,LinearRegression
49,0.30151796440040324,0.9724962613432047,1.0456492607951706,0.6190476190476191,SR,SR_mean,core,LinearRegression
50,-0.8334767098325186,0.9662307698667856,1.707290977002884,0.11904761904761905,SR,SR_mean,core,LinearRegression
51,-1.0091776658358795,1.3173972944880175,1.8731924492068193,0.08333333333333334,SR,SR_mean,core,LinearRegression
52,0.26568745088625156,0.61489829260909,0.7334095835774845,0.4666666666666666,SR,SR_mean,core,LinearRegression
53,-0.1730873841290319,0.6811414580240929,0.839311889929647,0.48333333333333334,SR,SR_mean,core,LinearRegression
54,0.2676930838549424,1.38141071449982,1.4435727752533551,0.7380952380952381,SR,SR_mean,core,LinearRegression
55,0.09502385247759026,1.0156323345550704,1.153436921783886,0.3571428571428572,SR,SR_mean,core,LinearRegression
56,-0.751762250782275,1.5694078039122439,2.047780427440678,-0.16666666666666669,SR,SR_mean,core,LinearRegression
57,-3.0663807691469582,0.8479608555342938,0.8921637084489249,0.7333333333333334,SR,SR_mean,core,LinearRegression
58,0.38148859668668356,0.8775356405998285,0.9718406549619344,0.8333333333333333,SR,SR_mean,core,LinearRegression
59,0.049382514164635016,0.7575397511754268,0.8535003650084028,0.4761904761904762,SR,SR_mean,core,LinearRegression
60,-0.09248800360746978,0.994563811091054,1.1282893870969695,0.2142857142857143,SR,SR_mean,core,LinearRegression
61,0.22036912165817646,1.0294989551037177,1.2022539858687882,0.5166666666666667,SR,SR_mean,core,LinearRegression
62,-0.12321170226491485,1.2497572543402018,1.5385847626412659,0.5499999999999999,SR,SR_mean,core,LinearRegression
63,0.590777157281057,0.6699689952062926,0.8258091323234629,0.8499999999999999,SR,SR_mean,core,LinearRegression
64,0.31344220462226713,0.6843616175544265,0.7840483559655854,0.8333333333333335,SR,SR_mean,core,LinearRegression
65,-1.4424442287698156,1.3495272972457668,1.8500153402829331,-0.261904761904762,SR,SR_mean,core,LinearRegression
66,0.036836561239198984,1.0460782805483753,1.2613427076054404,0.45,SR,SR_mean,core,LinearRegression
67,0.3886406452707284,0.5802211238617462,0.7991393700422871,0.7999999999999999,SR,SR_mean,core,LinearRegression
68,-0.8238494665746872,1.2295789485039674,1.701851249731707,0.15,SR,SR_mean,core,LinearRegression
69,0.3789896801799678,1.0045764832069188,1.0825450704822446,0.4761904761904762,SR,SR_mean,core,LinearRegression
70,0.47666588476120775,0.9149410032526246,1.029439378585597,0.7619047619047621,SR,SR_mean,core,LinearRegression
71,-0.33145558038651357,1.2256114594622585,1.685177959157711,0.31666666666666665,SR,SR_mean,core,LinearRegression
72,0.31457736126834834,0.8877829561665438,1.0075956500909664,0.6833333333333333,SR,SR_mean,core,LinearRegression
73,0.31279277005025696,0.9074621527273562,1.0180237240575878,0.7333333333333334,SR,SR_mean,core,LinearRegression
74,-0.43970086786457063,0.8411391633467066,1.190691458556779,0.11904761904761905,SR,SR_mean,core,LinearRegression
75,0.36386394115328213,0.8296642216472851,0.9996706460805338,0.7857142857142858,SR,SR_mean,core,LinearRegression
76,0.2910315561417899,0.9093148992676754,1.1024750150515357,0.7166666666666667,SR,SR_mean,core,LinearRegression
77,-0.4371593773938096,1.504541023628979,1.912360045667786,0.25,SR,SR_mean,core,LinearRegression
78,0.12402887481593983,1.1891623625775465,1.3071480449857955,0.21666666666666667,SR,SR_mean,core,LinearRegression
79,-0.5103602213262008,0.7043943053550275,0.7908797260767376,0.6428571428571429,SR,SR_mean,core,LinearRegression
80,0.5734075284293988,0.5193921572482163,0.5653321974590122,0.6904761904761906,SR,SR_mean,core,LinearRegression
81,-1.283619828184472,1.2999895740939675,1.8054963486800835,-0.13333333333333333,SR,SR_mean,core,LinearRegression
82,0.320454669250701,0.5360035094268458,0.6499525350283567,0.5166666666666667,SR,SR_mean,core,LinearRegression
83,0.22860845003994956,0.852475594357911,1.0429195963842315,0.6333333333333333,SR,SR_mean,core,LinearRegression
84,0.08153269206948888,1.3740569274698742,1.4679451942854809,0.2142857142857143,SR,SR_mean,core,LinearRegression
85,0.23251345002078805,1.1266441804912934,1.336790690874065,0.5952380952380953,SR,SR_mean,core,LinearRegression
86,-0.18420096440686295,1.0618557741197086,1.1032882253145242,0.3,SR,SR_mean,core,LinearRegression
87,0.4638913695061897,0.8104339388391723,0.9283185464096374,0.75,SR,SR_mean,core,LinearRegression
88,0.3114839183418232,0.9821228367846082,1.1422564615790136,0.5833333333333334,SR,SR_mean,core,LinearRegression
89,0.585579715186325,0.555268640575769,0.741397641663499,0.6428571428571429,SR,SR_mean,core,LinearRegression
90,-0.481698919140801,1.3074890493332276,1.8697071024471192,0.19047619047619052,SR,SR_mean,core,LinearRegression
91,0.49926933779362104,0.6480484865306645,0.783326431927149,0.7833333333333333,SR,SR_mean,core,LinearRegression
92,-1.1457324221592713,1.3944928526045322,1.9593176324986994,-0.15,SR,SR_mean,core,LinearRegression
93,-0.15630980045341403,1.2150374272781967,1.374492457437492,0.4666666666666666,SR,SR_mean,core,LinearRegression
94,0.21513018475477685,0.577300915322118,0.7087049265405041,0.5952380952380953,SR,SR_mean,core,LinearRegression
95,0.36601005656231556,0.9024275499789178,0.9318404604081421,0.7857142857142858,SR,SR_mean,core,LinearRegression
96,0.40850516731743214,0.8331242125437992,0.9204215845760219,0.7333333333333334,SR,SR_mean,core,LinearRegression
97,0.3853240372661849,0.7770785223646026,0.9295410620023542,0.6333333333333333,SR,SR_mean,core,LinearRegression
98,0.12713099371972003,1.056088161623377,1.331898527059513,0.41666666666666663,SR,SR_mean,core,LinearRegression
99,-0.3937307892029491,0.6641990015657867,0.7680754615426263,-0.14285714285714288,SR,SR_mean,core,LinearRegression
100,-0.2872848755407691,1.3121503188616888,1.818372856280703,0.14285714285714288,SR,SR_mean,core,LinearRegression
1,0.5642011717348803,0.7802067244051086,0.8837659437043033,0.7666666666666667,SR,SR_mean,core,SVR_RBF
2,0.004097561570949426,0.9690921342464299,1.122293926814296,0.6166666666666666,SR,SR_mean,core,SVR_RBF
3,-0.3333603452285612,1.0637340792796257,1.499090059951678,0.26666666666666666,SR,SR_mean,core,SVR_RBF
4,-1.351290935483168,1.2322559214437165,1.9509979939495954,0.38095238095238104,SR,SR_mean,core,SVR_RBF
5,-0.09757115186137666,0.9563510064052922,1.3392402557758252,0.4047619047619048,SR,SR_mean,core,SVR_RBF
6,-0.08589065133937157,1.0923727999643238,1.3466330320159652,-0.06666666666666667,SR,SR_mean,core,SVR_RBF
7,-0.28692867962518265,1.0542188054788193,1.855303633156387,0.45,SR,SR_mean,core,SVR_RBF
8,-0.8790085786085413,0.9691015982076233,1.5239695934743849,0.19999999999999998,SR,SR_mean,core,SVR_RBF
9,0.7075207223909039,0.4599976876260513,0.6474074914148801,0.880952380952381,SR,SR_mean,core,SVR_RBF
10,0.06904066182075974,0.6131444159376156,0.7605477201824685,0.4761904761904762,SR,SR_mean,core,SVR_RBF
11,-0.19577341368689605,1.1283111119468243,1.459171836489512,0.39999999999999997,SR,SR_mean,core,SVR_RBF
12,-8.915792344142448,1.0327927392747194,1.7566937871351753,-0.03333333333333333,SR,SR_mean,core,SVR_RBF
13,-0.23547581988347943,0.8679556543361094,0.9742513419058022,0.6833333333333333,SR,SR_mean,core,SVR_RBF
14,0.14859070828169918,1.0549925667393363,1.3856647210765123,0.2380952380952381,SR,SR_mean,core,SVR_RBF
15,-0.11368193050591424,0.6614217535118144,0.8901770892372631,0.6190476190476191,SR,SR_mean,core,SVR_RBF
16,-0.19984435196322337,0.9404659347866582,1.669341199453569,0.39999999999999997,SR,SR_mean,core,SVR_RBF
17,-0.3324409545207856,1.1156345923513582,1.441925297642694,0.25,SR,SR_mean,core,SVR_RBF
18,0.26799878561079604,0.9912753742420589,1.267416799066027,0.3666666666666667,SR,SR_mean,core,SVR_RBF
19,0.23274692965772936,0.5072140460839681,0.6319666709321126,0.7619047619047621,SR,SR_mean,core,SVR_RBF
20,-0.6628940602133362,0.9080275200210499,1.0789807739935633,0.19047619047619052,SR,SR_mean,core,SVR_RBF
21,0.529895816882525,0.7675073400477315,0.8803498427553642,0.8166666666666667,SR,SR_mean,core,SVR_RBF
22,0.2743310905813864,0.5952386730424785,0.7379014641216808,0.7333333333333334,SR,SR_mean,core,SVR_RBF
23,0.6737231173370719,0.6547824534876773,0.7987137323765662,0.8333333333333333,SR,SR_mean,core,SVR_RBF
24,-0.03250526710977075,0.9271792091067524,1.279828554410717,0.261904761904762,SR,SR_mean,core,SVR_RBF
25,-1.6384592195290537,1.3859924902958825,2.107126631939202,-0.2142857142857143,SR,SR_mean,core,SVR_RBF
26,-0.4339288402638324,0.6685532416707288,0.7842618889807723,0.5666666666666667,SR,SR_mean,core,SVR_RBF
27,-0.6853325377553623,0.713668905399968,0.8839656297754607,-0.09999999999999999,SR,SR_mean,core,SVR_RBF
28,-0.06140615857227538,0.9157183090042736,1.0193951134852928,0.5333333333333333,SR,SR_mean,core,SVR_RBF
29,0.409680341916262,0.965698155244235,1.3808695233931423,0.6428571428571429,SR,SR_mean,core,SVR_RBF
30,-1.1593365167536072,1.3211527942770047,2.080431194028098,0.07142857142857144,SR,SR_mean,core,SVR_RBF
31,-0.6864976055716112,0.9984905505828015,1.2643828774224009,-0.03333333333333333,SR,SR_mean,core,SVR_RBF
32,0.639500009184367,0.6301654806757947,0.7408972733663873,0.6833333333333333,SR,SR_mean,core,SVR_RBF
33,0.622682911720509,0.708284337751837,0.8771281658128509,0.8166666666666667,SR,SR_mean,core,SVR_RBF
34,0.7308504935019322,0.5791087218941358,0.6621479974626081,0.9285714285714287,SR,SR_mean,core,SVR_RBF
35,-2.4253268743961067,1.9607454062380083,2.3372377408518186,-0.523809523809524,SR,SR_mean,core,SVR_RBF
36,0.42974592595631467,0.7439109718943738,0.7948108903813508,0.75,SR,SR_mean,core,SVR_RBF
37,-0.5707201996375997,1.3717707632083216,2.209941168376266,0.16666666666666669,SR,SR_mean,core,SVR_RBF
38,0.6607059340503486,0.5445490433571407,0.6412002872400037,0.8333333333333333,SR,SR_mean,core,SVR_RBF
39,-0.048636613189994904,0.7333092359984079,0.8744794553227104,0.6666666666666669,SR,SR_mean,core,SVR_RBF
40,0.7468872999710937,0.51927014599564,0.6441408216322227,0.8095238095238096,SR,SR_mean,core,SVR_RBF
41,-0.18722918481616513,1.0114502534177214,1.409841024376652,0.2833333333333333,SR,SR_mean,core,SVR_RBF
42,0.10535735233988464,0.9177439338939024,1.1209069153207658,0.5833333333333334,SR,SR_mean,core,SVR_RBF
43,-0.2530354179281975,0.9693537646698166,1.3840716995677584,0.25,SR,SR_mean,core,SVR_RBF
44,-0.9807239820858786,1.2715407545289823,1.6690889954592179,0.5952380952380953,SR,SR_mean,core,SVR_RBF
45,-1.5723272849091257,1.005869253926511,1.7694168897303895,0.2380952380952381,SR,SR_mean,core,SVR_RBF
46,-0.04632572663009937,0.95145435767389,1.294669052915018,0.6166666666666666,SR,SR_mean,core,SVR_RBF
47,-1.13977449386699,1.2320645979182285,1.6657128673638415,-0.3,SR,SR_mean,core,SVR_RBF
48,0.5126714816865905,0.841941023127317,0.9467617732535346,0.7833333333333333,SR,SR_mean,core,SVR_RBF
49,0.6524992586044964,0.632849992765275,0.7375411940635026,0.9523809523809524,SR,SR_mean,core,SVR_RBF
50,-1.17267021728069,1.0688464464945324,1.8585179153193851,0.11904761904761905,SR,SR_mean,core,SVR_RBF
51,-1.213771589106611,1.2983233514315269,1.9662540597218745,-0.016666666666666666,SR,SR_mean,core,SVR_RBF
52,0.5726522918469158,0.41742354160739786,0.5594957541698163,0.43333333333333335,SR,SR_mean,core,SVR_RBF
53,-0.33034315835401773,0.677253126284062,0.8937993482094623,0.41666666666666663,SR,SR_mean,core,SVR_RBF
54,0.4901415397744031,1.0444634054406465,1.20452808385411,0.6904761904761906,SR,SR_mean,core,SVR_RBF
55,0.10547805634764118,0.9402933670437807,1.1467553692530605,0.38095238095238104,SR,SR_mean,core,SVR_RBF
56,-1.1245308977342043,1.648162185858906,2.2551598546373657,0.0,SR,SR_mean,core,SVR_RBF
57,-7.22308229569648,1.0543501355088392,1.2686968158762333,0.33333333333333337,SR,SR_mean,core,SVR_RBF
58,0.40261730672690865,0.7767149774656231,0.9550970984509272,0.9166666666666666,SR,SR_mean,core,SVR_RBF
59,-1.5321638963720465,1.0529124796336367,1.3929858923726177,-0.28571428571428575,SR,SR_mean,core,SVR_RBF
60,0.029668605866682962,0.8827521212070806,1.0633401345070004,0.38095238095238104,SR,SR_mean,core,SVR_RBF
61,0.0614018153132061,0.9867081772934342,1.319142050802903,0.26666666666666666,SR,SR_mean,core,SVR_RBF
62,-0.060241764958609334,1.2156658535448297,1.4948343578453256,0.7,SR,SR_mean,core,SVR_RBF
63,0.735796510896668,0.5415473818230704,0.6635429230911453,0.8833333333333333,SR,SR_mean,core,SVR_RBF
64,0.6640518567107936,0.41967624737216214,0.5484542671540247,0.7857142857142858,SR,SR_mean,core,SVR_RBF
65,-1.7509974786565299,1.1930287280871974,1.9633968861131113,0.07142857142857144,SR,SR_mean,core,SVR_RBF
66,-0.382416480317048,1.1364871996728327,1.5111325403383926,-0.049999999999999996,SR,SR_mean,core,SVR_RBF
67,0.76999453647227,0.3789393021743783,0.49016615653074913,0.8499999999999999,SR,SR_mean,core,SVR_RBF
68,-1.3275598806534812,1.3660923884595602,1.9225495160970496,0.06666666666666667,SR,SR_mean,core,SVR_RBF
69,0.812151052776071,0.5351831511373044,0.5953892113759821,0.6904761904761906,SR,SR_mean,core,SVR_RBF
70,0.7610347444180655,0.5551609893051888,0.6956305303188355,0.880952380952381,SR,SR_mean,core,SVR_RBF
71,-0.6258404556597406,1.0255170240793097,1.8621788598893008,0.35,SR,SR_mean,core,SVR_RBF
72,0.0014555581378712379,1.024676817401676,1.216160128149434,0.7999999999999999,SR,SR_mean,core,SVR_RBF
73,-0.07282583929261222,0.7525083383495266,1.2719752223508085,0.38333333333333336,SR,SR_mean,core,SVR_RBF
74,-1.9003322758940393,1.1293850728036698,1.6900010825004796,0.11904761904761905,SR,SR_mean,core,SVR_RBF
75,0.4169524078589697,0.7299146779238103,0.9570484758857486,0.8095238095238096,SR,SR_mean,core,SVR_RBF
76,0.553060028478753,0.731776639664378,0.8753463031043328,0.7999999999999999,SR,SR_mean,core,SVR_RBF
77,-0.7398080395045379,1.4542489970266563,2.104107196398199,0.2333333333333333,SR,SR_mean,core,SVR_RBF
78,-0.271406485500417,1.2680551954141213,1.5747879884490539,0.18333333333333335,SR,SR_mean,core,SVR_RBF
79,-0.6545989730539428,0.7180830101440794,0.8277830862938224,0.7857142857142858,SR,SR_mean,core,SVR_RBF
80,0.3918066417455084,0.6185331732965953,0.6750220565522512,0.3571428571428572,SR,SR_mean,core,SVR_RBF
81,-1.0560996367482023,0.9355869485306479,1.713194967674739,0.25,SR,SR_mean,core,SVR_RBF
82,0.3118777031933544,0.5338095621039485,0.6540414018985262,0.5333333333333333,SR,SR_mean,core,SVR_RBF
83,0.20358432912427638,0.8092211878591475,1.0597008624304842,0.6666666666666667,SR,SR_mean,core,SVR_RBF
84,-0.3470165945595607,1.2214522099868725,1.777724522436603,0.30952380952380953,SR,SR_mean,core,SVR_RBF
85,0.2356840978367165,1.0356348024034399,1.3340265518312582,0.523809523809524,SR,SR_mean,core,SVR_RBF
86,0.4570093017237319,0.6635393988158106,0.7470892254081631,0.8333333333333333,SR,SR_mean,core,SVR_RBF
87,0.7198004689430502,0.5848216650722993,0.6711264105896362,0.7999999999999999,SR,SR_mean,core,SVR_RBF
88,0.10282897697986348,0.9201570930141835,1.3038997387934794,0.45,SR,SR_mean,core,SVR_RBF
89,0.7012213854761618,0.5157925554132441,0.6295140860109285,0.5000000000000001,SR,SR_mean,core,SVR_RBF
90,-1.1775968263032448,1.5852331958490598,2.266638875781246,-0.04761904761904763,SR,SR_mean,core,SVR_RBF
91,0.2888792870335055,0.7274954196607044,0.9334957659698254,0.5,SR,SR_mean,core,SVR_RBF
92,-1.8278590549852543,1.5498699539649157,2.249292550904842,-0.2833333333333333,SR,SR_mean,core,SVR_RBF
93,0.44513503829520207,0.790904150090701,0.952135829484192,0.75,SR,SR_mean,core,SVR_RBF
94,0.12791745945789879,0.6320066657391428,0.7470427134823843,0.5952380952380953,SR,SR_mean,core,SVR_RBF
95,0.1037500444841134,0.9888351413117022,1.1079367105574751,0.5000000000000001,SR,SR_mean,core,SVR_RBF
96,0.6727997864483429,0.581098384314965,0.6845703835255444,0.7833333333333333,SR,SR_mean,core,SVR_RBF
97,0.7049335729716412,0.4684248334311951,0.6440289102329461,0.7333333333333334,SR,SR_mean,core,SVR_RBF
98,-0.12733909341033,1.045449234188209,1.5136444957839938,0.049999999999999996,SR,SR_mean,core,SVR_RBF
99,-1.3678506895684577,0.939214635143619,1.0011325919751566,-0.11904761904761905,SR,SR_mean,core,SVR_RBF
100,-0.5756741403886116,1.1644087760493331,2.0117722359960784,0.3333333333333334,SR,SR_mean,core,SVR_RBF
1,0.38904039379182886,0.9414877576425604,1.0464066273165205,0.6833333333333333,SR,SR_mean,core,RandomForest
2,0.19099927609653666,0.7926131628453864,1.0115157979927345,0.7333333333333334,SR,SR_mean,core,RandomForest
3,-0.04424611752697838,1.243982635214581,1.3266470379055422,-0.049999999999999996,SR,SR_mean,core,RandomForest
4,-0.6180340396676323,1.1668167695556761,1.618443210285509,0.38095238095238104,SR,SR_mean,core,RandomForest
5,-0.39845943833806463,1.2121832929894165,1.5117051426808725,-0.261904761904762,SR,SR_mean,core,RandomForest
6,-0.46071228777687767,1.192029657113463,1.561847250682093,-0.06666666666666667,SR,SR_mean,core,RandomForest
7,-0.15354017434835954,1.3363238290711346,1.7565241189453364,0.2833333333333333,SR,SR_mean,core,RandomForest
8,-0.0009983494959768802,1.0040522704291597,1.1123170677402954,0.3,SR,SR_mean,core,RandomForest
9,0.06928696347898888,0.9456620912698426,1.1548832122771122,0.467074242146171,SR,SR_mean,core,RandomForest
10,0.3014908772851481,0.5071510142195773,0.6587902359541871,0.6904761904761906,SR,SR_mean,core,RandomForest
11,-0.08869824829390915,1.2477536457965888,1.3923093966006965,0.10878756313824399,SR,SR_mean,core,RandomForest
12,-5.090277471485826,0.8163496293356827,1.376736711982678,0.16666666666666669,SR,SR_mean,core,RandomForest
13,-0.8364212700758735,1.0606191842365442,1.1877910396820515,0.6833333333333333,SR,SR_mean,core,RandomForest
14,-0.32777513991939555,1.4632768124999997,1.7304188357503385,0.04761904761904763,SR,SR_mean,core,RandomForest
15,-1.3219789842351979,1.06171304348545,1.2853605550901752,-0.2380952380952381,SR,SR_mean,core,RandomForest
16,0.12700898712813735,1.0334700432098751,1.4239264018280209,0.16666666666666669,SR,SR_mean,core,RandomForest
17,-0.1618823962877367,1.1682505579338365,1.346479856613412,0.26666666666666666,SR,SR_mean,core,RandomForest
18,-0.12024827562582874,1.3661441074368001,1.5679084492721076,0.2833333333333333,SR,SR_mean,core,RandomForest
19,0.0016366518943433661,0.620186685606058,0.7208902830638749,0.9285714285714287,SR,SR_mean,core,RandomForest
20,-0.13156089555571793,0.6609353353174603,0.8900622474187029,0.4523809523809524,SR,SR_mean,core,RandomForest
21,0.39152354217319796,0.812661840681954,1.0015672681917467,0.7999999999999999,SR,SR_mean,core,RandomForest
22,0.3262123813160238,0.581999940182246,0.7110344235927798,0.34309923758984645,SR,SR_mean,core,RandomForest
23,0.37991190057142277,1.0397541660921386,1.1010947641277293,0.8666666666666667,SR,SR_mean,core,RandomForest
24,0.1785110058488697,1.0663712838955004,1.1415804752768506,0.6190476190476191,SR,SR_mean,core,RandomForest
25,-1.336587147986863,1.4398698063822772,1.9829256699264965,-0.19047619047619052,SR,SR_mean,core,RandomForest
26,-0.5950202692898152,0.6600158822751339,0.8271426490040886,0.38333333333333336,SR,SR_mean,core,RandomForest
27,-2.2419031173212365,1.0681324112554096,1.2260059909972216,-0.5272012675161055,SR,SR_mean,core,RandomForest
28,-0.3079216916562728,1.0110449271952302,1.131599161861817,0.6333333333333333,SR,SR_mean,core,RandomForest
29,0.25565743727439283,1.3427580512566129,1.5505845357955483,0.5714285714285715,SR,SR_mean,core,RandomForest
30,-0.1862786495346016,1.1582015419973541,1.5420077250332593,0.261904761904762,SR,SR_mean,core,RandomForest
31,-0.4741329688139202,1.04946214758698,1.1820996018220642,-0.35,SR,SR_mean,core,RandomForest
32,0.03978314459135257,1.022399745176634,1.2091774241127362,0.21666666666666667,SR,SR_mean,core,RandomForest
33,0.22051310868970386,0.981329298353911,1.2607071847048632,0.7333333333333334,SR,SR_mean,core,RandomForest
34,0.07117687524085137,1.0637919842923258,1.230055722412417,0.3333333333333334,SR,SR_mean,core,RandomForest
35,-1.5891215749928955,1.5721883660714309,2.0320205766390256,-0.4285714285714286,SR,SR_mean,core,RandomForest
36,-0.10659780529869978,0.9667223428865354,1.1071960125641374,0.35,SR,SR_mean,core,RandomForest
37,-0.14887824407647576,1.571434747795414,1.8900282720109534,0.016666666666666666,SR,SR_mean,core,RandomForest
38,0.3463591249668131,0.7552666003821282,0.8899696111631681,0.5,SR,SR_mean,core,RandomForest
39,-0.11956482045858197,0.6992703373015873,0.9035698351269503,0.8095238095238096,SR,SR_mean,core,RandomForest
40,0.7367887739825498,0.5950431395502658,0.6568649044938787,0.8622909085775464,SR,SR_mean,core,RandomForest
41,-0.6008257985385941,1.215450841269841,1.6370988336748205,0.016666666666666666,SR,SR_mean,core,RandomForest
42,-0.321726425397715,1.0577540617283954,1.3624341987543565,-0.31666666666666665,SR,SR_mean,core,RandomForest
43,0.17596178289479192,0.8628303749532346,1.122407582962015,0.2833333333333333,SR,SR_mean,core,RandomForest
44,-0.7757166371798558,1.4916809193722926,1.5803538750908765,0.523809523809524,SR,SR_mean,core,RandomForest
45,-0.7076625501469924,0.9974846990740749,1.441677376655404,0.2142857142857143,SR,SR_mean,core,RandomForest
46,-0.2962683573009941,1.0775439745737794,1.4410291796611385,-0.049999999999999996,SR,SR_mean,core,RandomForest
47,0.22829858587963203,0.8456971518224584,1.0003242230039544,0.6025157343041205,SR,SR_mean,core,RandomForest
48,0.11862240263750601,1.1406495936213996,1.2732415561452068,0.48333333333333334,SR,SR_mean,core,RandomForest
49,0.29262273569578967,0.7948896423611108,1.0522864130360716,0.8333333333333335,SR,SR_mean,core,RandomForest
50,-0.31078514568533433,0.9837998319597079,1.443562533824843,0.2380952380952381,SR,SR_mean,core,RandomForest
51,-1.0238558302926286,1.3700761765138165,1.8800223561041254,-0.26666666666666666,SR,SR_mean,core,RandomForest
52,0.09733309051912631,0.5752128913874189,0.8131485026495626,0.36820405985251814,SR,SR_mean,core,RandomForest
53,-0.6158068184572076,0.7995714905670472,0.9850378342558077,-0.25,SR,SR_mean,core,RandomForest
54,-0.32184742830409374,1.7408272958002626,1.9394687230288747,-0.2380952380952381,SR,SR_mean,core,RandomForest
55,0.11813946525660746,1.0006708716931212,1.1386106365232476,0.5714285714285715,SR,SR_mean,core,RandomForest
56,-0.4731101020001085,1.461358461787184,1.877860859180813,-0.3,SR,SR_mean,core,RandomForest
57,-3.8592504383773694,0.8593763930041156,0.9752706907870647,-0.11715583722580122,SR,SR_mean,core,RandomForest
58,-0.2875378170114573,1.1747353344556661,1.4021717220351484,0.41666666666666663,SR,SR_mean,core,RandomForest
59,-0.6799412660818718,0.9833814234457651,1.134613276367124,0.5030030300035688,SR,SR_mean,core,RandomForest
60,0.018868706567378046,0.8346317628968247,1.0692413083633043,0.5748606057183643,SR,SR_mean,core,RandomForest
61,0.3127676310846613,0.9496048940329208,1.128764944138871,0.38333333333333336,SR,SR_mean,core,RandomForest
62,-0.48056672808216017,1.5162713918283357,1.7664632638153666,0.26666666666666666,SR,SR_mean,core,RandomForest
63,0.33733685222512944,0.8466438669900064,1.0508631348129158,0.7,SR,SR_mean,core,RandomForest
64,0.4944698358148645,0.5502179950396823,0.672787376765192,0.8095238095238096,SR,SR_mean,core,RandomForest
65,-0.6293107785156435,1.0644367870370357,1.5110017487905647,-0.1077863635721933,SR,SR_mean,core,RandomForest
66,-0.6908330150803981,1.391610291740153,1.6712193907181598,0.03333333333333333,SR,SR_mean,core,RandomForest
67,0.2242512442947675,0.742381298206937,0.9001912553565694,0.5166666666666667,SR,SR_mean,core,RandomForest
68,-0.7066688151955907,1.3517068774784882,1.6462725209923592,0.15,SR,SR_mean,core,RandomForest
69,0.4065584495663662,0.9545161250300624,1.058243363106504,0.7065994945288228,SR,SR_mean,core,RandomForest
70,0.08478504948228849,0.9840927361111079,1.3613594385843504,0.467074242146171,SR,SR_mean,core,RandomForest
71,0.10823592431529827,0.9816158665490886,1.3791370178046272,0.35,SR,SR_mean,core,RandomForest
72,0.05597677817687319,1.003208067821068,1.1824925150287025,0.5333333333333333,SR,SR_mean,core,RandomForest
73,0.09368859415005915,0.9888558118620061,1.1691029644668038,0.33333333333333337,SR,SR_mean,core,RandomForest
74,-1.3697764830736938,1.0445169403108467,1.5276251426953738,-0.3571428571428572,SR,SR_mean,core,RandomForest
75,0.12704771200151543,0.9061434578373009,1.1710547141399013,0.5952380952380953,SR,SR_mean,core,RandomForest
76,0.0829559573826677,1.0048187702554627,1.2538639045700235,0.6778302010921357,SR,SR_mean,core,RandomForest
77,-0.41291436745420107,1.4970357802763052,1.8961605891813103,0.13333333333333333,SR,SR_mean,core,RandomForest
78,0.05365824446486489,1.211001066725456,1.358638395867932,0.38333333333333336,SR,SR_mean,core,RandomForest
79,-0.8466174851359507,0.7400680097402597,0.8744976463245346,0.5269555552418339,SR,SR_mean,core,RandomForest
80,0.21804553814144878,0.6420841557539687,0.7653989431829009,0.4523809523809524,SR,SR_mean,core,RandomForest
81,-0.4021043223487242,1.0069819438565535,1.414734276766387,0.10878756313824399,SR,SR_mean,core,RandomForest
82,0.0671488783598726,0.6869139457671963,0.7615152320642316,0.48333333333333334,SR,SR_mean,core,RandomForest
83,-0.05365639897168917,1.0001337576425628,1.2188854527342277,0.16666666666666669,SR,SR_mean,core,RandomForest
84,0.1618011188879056,1.2493782243716942,1.4023342093802118,0.6904761904761906,SR,SR_mean,core,RandomForest
85,-0.06103353197104888,1.2905654436177263,1.5717829755773383,0.1666666666666667,SR,SR_mean,core,RandomForest
86,0.16171376311587715,0.767377062316283,0.9282660049997186,0.7196715715299219,SR,SR_mean,core,RandomForest
87,0.24831534736859728,0.9173990814226912,1.0992297387068297,0.4666666666666666,SR,SR_mean,core,RandomForest
88,0.177050991995525,1.060452170340975,1.24880043762777,0.3,SR,SR_mean,core,RandomForest
89,0.3957166825635533,0.7087796815476184,0.8952637506049813,0.4285714285714286,SR,SR_mean,core,RandomForest
90,-0.7347664698246659,1.5170869118716945,2.023084885309595,-0.3571428571428572,SR,SR_mean,core,RandomForest
91,-0.4179641606841842,0.9287359864785422,1.3181757421097924,-0.16666666666666669,SR,SR_mean,core,RandomForest
92,-0.9351498420382229,1.2820281762198709,1.8606914607454137,-0.38333333333333336,SR,SR_mean,core,RandomForest
93,-0.6726470840007592,1.4013736158142247,1.6531315579871217,0.33333333333333337,SR,SR_mean,core,RandomForest
94,-0.4716660529781138,0.8137565934193122,0.970445776375848,-0.023809523809523815,SR,SR_mean,core,RandomForest
95,0.14735688384996082,0.9875099772126035,1.0806474278345781,0.5476190476190477,SR,SR_mean,core,RandomForest
96,0.15823274782541163,0.9706773340681938,1.0980126162254993,0.6833333333333333,SR,SR_mean,core,RandomForest
97,0.4258206276854942,0.7297408383303963,0.8983989947551696,0.65,SR,SR_mean,core,RandomForest
98,-0.06816252577540838,1.0400773761022934,1.4733816984674288,0.18333333333333335,SR,SR_mean,core,RandomForest
99,-0.41079323860502703,0.6972146155753959,0.772762658994005,0.17078251276599332,SR,SR_mean,core,RandomForest
100,-0.11649445069017594,1.433503670800262,1.6934558977746608,0.14285714285714288,SR,SR_mean,core,RandomForest
1,0.5660551022026716,0.6735461411804926,0.8818841272093255,0.7782494901428224,SR,SR_mean,core,GradientBoosting
2,0.5236364868335517,0.6409099724811649,0.7761889570387004,0.9166666666666666,SR,SR_mean,core,GradientBoosting
3,0.055865563390548933,1.2011294326235407,1.2614524259438764,0.35983578576496095,SR,SR_mean,core,GradientBoosting
4,-1.2078808903245029,1.2549205894918367,1.8905643243502477,0.261904761904762,SR,SR_mean,core,GradientBoosting
5,-0.08227716437908783,1.1236453983531527,1.3298767728912613,0.4285714285714286,SR,SR_mean,core,GradientBoosting
6,0.04465501609812772,1.0477315054449525,1.2630959131368131,0.45,SR,SR_mean,core,GradientBoosting
7,-0.7540189471265071,1.586646076880802,2.1659822610684345,-0.03333333333333333,SR,SR_mean,core,GradientBoosting
8,-0.04854816262975303,0.886255331440985,1.1384294246762563,0.4666666666666666,SR,SR_mean,core,GradientBoosting
9,0.03597493290217124,1.076094995207368,1.1753692734930197,0.5000000000000001,SR,SR_mean,core,GradientBoosting
10,0.655939849456513,0.3908391991322565,0.46235791866661713,0.880952380952381,SR,SR_mean,core,GradientBoosting
11,-0.0715096833114155,1.1175986146573627,1.3812746523123982,0.27615304488938863,SR,SR_mean,core,GradientBoosting
12,-6.900867457758272,0.9081458109113163,1.5680855105728813,0.09999999999999999,SR,SR_mean,core,GradientBoosting
13,-0.2551991259452333,0.7669901863035371,0.9819970920203444,0.5272012675161055,SR,SR_mean,core,GradientBoosting
14,-0.18530077231081,1.4376726596300886,1.6349453896281794,-0.1666666666666667,SR,SR_mean,core,GradientBoosting
15,-2.009466853364382,1.1373494738497714,1.4633243790819406,-0.2380952380952381,SR,SR_mean,core,GradientBoosting
16,-0.38247320329870127,1.0859994063726661,1.791888644237895,0.22594340036404525,SR,SR_mean,core,GradientBoosting
17,0.014972037061221966,0.9838277977841131,1.2397755138097963,0.45,SR,SR_mean,core,GradientBoosting
18,0.13319715150777434,1.1955318965383717,1.3791888052095296,0.31666666666666665,SR,SR_mean,core,GradientBoosting
19,-0.6064135918344935,0.7470887933450506,0.9144364780136223,0.5476190476190477,SR,SR_mean,core,GradientBoosting
20,-0.6512288321040796,0.9146123126992947,1.0751895798806872,0.30952380952380953,SR,SR_mean,core,GradientBoosting
21,0.5982799401121959,0.7018251794091044,0.8138043230123089,0.7866177642303797,SR,SR_mean,core,GradientBoosting
22,0.33106470553123557,0.6212580857201778,0.7084695176957018,0.4769916229907622,SR,SR_mean,core,GradientBoosting
23,0.22675145520446016,0.9005392421427554,1.2295821643779776,0.45,SR,SR_mean,core,GradientBoosting
24,0.40755568340996895,0.8827170114870644,0.9694589545664491,0.7065994945288228,SR,SR_mean,core,GradientBoosting
25,-1.1021512990630282,1.2421192448959286,1.8808208406893867,-0.04761904761904763,SR,SR_mean,core,GradientBoosting
26,-1.1909298356204805,0.7085770777007182,0.9694190416014684,0.3,SR,SR_mean,core,GradientBoosting
27,-0.4590245412060112,0.6681990198140537,0.8224772136293265,0.25,SR,SR_mean,core,GradientBoosting
28,-0.20477572260162824,0.923191149736945,1.0860625778572741,0.6666666666666667,SR,SR_mean,core,GradientBoosting
29,0.16512374845745548,1.3910138410062731,1.6421774168797068,0.4191691916696407,SR,SR_mean,core,GradientBoosting
30,-0.642479845010796,1.0960958280290867,1.8144425291596358,0.08383383833392813,SR,SR_mean,core,GradientBoosting
31,-0.22738870578975567,0.9346260401187799,1.0786406985118508,0.3666666666666667,SR,SR_mean,core,GradientBoosting
32,-0.48470129664421835,1.1382829152243505,1.5035743607097478,0.049999999999999996,SR,SR_mean,core,GradientBoosting
33,0.295333408055411,0.9125250213137007,1.198675588804741,0.7333333333333334,SR,SR_mean,core,GradientBoosting
34,0.044948131897063925,0.9937381350380994,1.2473023920677477,0.28571428571428575,SR,SR_mean,core,GradientBoosting
35,-1.7050300049551739,1.5803603843407343,2.0770068217432733,-0.37126414119311024,SR,SR_mean,core,GradientBoosting
36,-0.6933030197751933,1.1758356969694768,1.3696101070406006,0.38333333333333336,SR,SR_mean,core,GradientBoosting
37,-0.2585996309339309,1.625555244404781,1.9782223213719092,0.04184137043778616,SR,SR_mean,core,GradientBoosting
38,0.40872639821152035,0.7602092210278492,0.846447099295268,0.48333333333333334,SR,SR_mean,core,GradientBoosting
39,0.6256688481866675,0.45599096938368566,0.5224744861886114,0.880952380952381,SR,SR_mean,core,GradientBoosting
40,0.8539741241180572,0.4097369824830354,0.48925893378179186,0.9518763181059628,SR,SR_mean,core,GradientBoosting
41,-1.100811942953106,1.3677116267760652,1.8754109638085552,0.0,SR,SR_mean,core,GradientBoosting
42,-0.45102959116857844,1.1251091646535956,1.4275222448746585,0.11715583722580122,SR,SR_mean,core,GradientBoosting
43,-0.6479416686112478,1.1347814421265998,1.5872591261151596,-0.10878756313824399,SR,SR_mean,core,GradientBoosting
44,-0.9694475331146566,1.3673754892417938,1.6643310732095595,-0.011976262619132589,SR,SR_mean,core,GradientBoosting
45,-1.062563880131838,1.0250050514486584,1.5844216215748328,0.2380952380952381,SR,SR_mean,core,GradientBoosting
46,0.05566803208339133,0.9606345078594304,1.229950578362273,0.31666666666666665,SR,SR_mean,core,GradientBoosting
47,-0.0021559348909290232,0.9221654900711359,1.1399447132453204,0.04184137043778616,SR,SR_mean,core,GradientBoosting
48,0.40587760497544745,0.9822932869238521,1.0453645358502035,0.7166666666666667,SR,SR_mean,core,GradientBoosting
49,0.03754881132521848,0.8625196943639889,1.227432931220908,0.6587325492402599,SR,SR_mean,core,GradientBoosting
50,-0.4236256409892152,0.9917051463196513,1.5044153189468108,0.2142857142857143,SR,SR_mean,core,GradientBoosting
51,-0.9258851874286333,1.274564132953552,1.833953939521401,-0.06666666666666667,SR,SR_mean,core,GradientBoosting
52,-0.15213065192810582,0.6364484754202793,0.9186645778836684,0.5,SR,SR_mean,core,GradientBoosting
53,-0.1022637170463121,0.6448701703130582,0.8135812841896354,0.050421948408961074,SR,SR_mean,core,GradientBoosting
54,-1.2601794453712225,2.170695950397007,2.5360836583107105,-0.5476190476190477,SR,SR_mean,core,GradientBoosting
55,0.2910923232267102,0.8547893860807254,1.0208692501460168,0.4761904761904762,SR,SR_mean,core,GradientBoosting
56,-0.6141665725404057,1.4465779609206717,1.9657124155861971,-0.25941649671427414,SR,SR_mean,core,GradientBoosting
57,-3.5878604131423586,0.8567414494784572,0.9476448996549783,0.33473096350228926,SR,SR_mean,core,GradientBoosting
58,-0.6421084305707143,1.28756187852581,1.5835147855492895,0.42678197846541877,SR,SR_mean,core,GradientBoosting
59,-2.0001290196309047,1.1429224634330728,1.516249874156696,-0.14458880781356398,SR,SR_mean,core,GradientBoosting
60,0.2865662963484815,0.6916108779415602,0.9117777203089484,0.5952380952380953,SR,SR_mean,core,GradientBoosting
61,0.10907587847417288,1.1244580944835691,1.2852039998976499,0.2833333333333333,SR,SR_mean,core,GradientBoosting
62,-0.5813300892156426,1.5297113287033821,1.825584268463039,0.11666666666666665,SR,SR_mean,core,GradientBoosting
63,0.4805491141206677,0.7327647582728117,0.9304049085399049,0.6333333333333333,SR,SR_mean,core,GradientBoosting
64,0.5823131854510524,0.5188556746783712,0.6115467747454129,0.7619047619047621,SR,SR_mean,core,GradientBoosting
65,-1.0505756568244822,0.9549112800592057,1.6951217659417759,0.08383383833392813,SR,SR_mean,core,GradientBoosting
66,-0.7780792429232057,1.5060266976557515,1.7137941752037398,0.10924755488608233,SR,SR_mean,core,GradientBoosting
67,0.013449975757643395,0.83858153607505,1.0151583747346256,0.6,SR,SR_mean,core,GradientBoosting
68,-0.8259268123060053,1.2201566349984114,1.7028201694231488,0.26666666666666666,SR,SR_mean,core,GradientBoosting
69,0.6331935867382572,0.6138270660972864,0.8319841223460839,0.8571428571428572,SR,SR_mean,core,GradientBoosting
70,-0.36218450243809786,1.163718707521705,1.6608454508981998,-0.03592878785739777,SR,SR_mean,core,GradientBoosting
71,-0.25451511423535145,0.9125032594036031,1.6357629912102936,0.35,SR,SR_mean,core,GradientBoosting
72,-0.4682736500020681,1.1315182885800448,1.4747233751100393,0.4184137043778615,SR,SR_mean,core,GradientBoosting
73,0.09402067594024621,0.8985080387209847,1.168888759187613,0.3666666666666667,SR,SR_mean,core,GradientBoosting
74,-1.372575080732223,1.1989908916712264,1.5285269042573626,-0.07142857142857144,SR,SR_mean,core,GradientBoosting
75,0.28104303691680166,0.7951699042667725,1.0627555459671982,0.7380952380952381,SR,SR_mean,core,GradientBoosting
76,0.3164661431844965,0.9807219177668011,1.0825184795348588,0.8499999999999999,SR,SR_mean,core,GradientBoosting
77,-0.5604524270998497,1.548434956711696,1.9927024812407492,0.09999999999999999,SR,SR_mean,core,GradientBoosting
78,0.2845052333533653,0.936738806691532,1.1813623155858368,0.5,SR,SR_mean,core,GradientBoosting
79,-1.2600982760162047,0.7983852025462119,0.9674618204748552,0.09581010095306071,SR,SR_mean,core,GradientBoosting
80,0.47149327534796903,0.6052220508973353,0.6292487854873329,0.7857142857142858,SR,SR_mean,core,GradientBoosting
81,-0.6442718639202634,0.9276355672198489,1.5320450097060365,0.34309923758984645,SR,SR_mean,core,GradientBoosting
82,0.41324964368382233,0.5410579897825772,0.6039473870141134,0.2845213189769458,SR,SR_mean,core,GradientBoosting
83,0.10529794940463222,0.8681336702322234,1.123188390021636,0.6333333333333333,SR,SR_mean,core,GradientBoosting
84,0.062211083665352995,1.2546465033249308,1.483305264070114,0.4047619047619048,SR,SR_mean,core,GradientBoosting
85,0.32459217880870705,1.0343067269577726,1.2540390738518803,0.5628843430992317,SR,SR_mean,core,GradientBoosting
86,0.23486333595586018,0.6610677050046073,0.8868410441097252,0.7364081197050363,SR,SR_mean,core,GradientBoosting
87,0.12424193575924036,0.8752941568642103,1.1864862245204149,0.5333333333333333,SR,SR_mean,core,GradientBoosting
88,0.12007935886283028,1.0750138084962886,1.2913035112941258,0.39999999999999997,SR,SR_mean,core,GradientBoosting
89,0.5500158289530512,0.5760606790361917,0.7725548375266446,0.7142857142857144,SR,SR_mean,core,GradientBoosting
90,-0.9130325082344448,1.5621711895201114,2.124490389333995,0.023809523809523815,SR,SR_mean,core,GradientBoosting
91,-0.8736233477739348,1.0082141993089309,1.51524141815228,-0.18488047749952397,SR,SR_mean,core,GradientBoosting
92,-1.1896769037834747,1.398863670326277,1.9792793055062259,-0.16666666666666669,SR,SR_mean,core,GradientBoosting
93,-1.9178810982795769,1.7324347251930297,2.1834288934212127,-0.16666666666666669,SR,SR_mean,core,GradientBoosting
94,0.008026439543419861,0.6703279498918229,0.7967401198079473,0.30952380952380953,SR,SR_mean,core,GradientBoosting
95,-0.625702896946243,1.25972542125001,1.4921791551059014,-0.4047619047619048,SR,SR_mean,core,GradientBoosting
96,0.12775342763538822,0.863330543772782,1.117714674700586,0.13333333333333333,SR,SR_mean,core,GradientBoosting
97,0.4678187499953117,0.6234393620441712,0.8649186242468655,0.7166666666666667,SR,SR_mean,core,GradientBoosting
98,0.1633861365457281,0.9767236440581192,1.303944571532981,0.5499999999999999,SR,SR_mean,core,GradientBoosting
99,0.195871746035731,0.4844845851666425,0.5834143462563957,0.80511756018254,SR,SR_mean,core,GradientBoosting
100,-0.623162670387092,1.6709245039521108,2.0418631415587707,0.09523809523809526,SR,SR_mean,core,GradientBoosting
1,0.542228320501482,0.7489547297159832,0.9057715870448354,0.8499999999999999,SR,SR_mean,core,XGBoost
2,0.37547384436478215,0.7202434310913087,0.8887375517390433,0.7999999999999999,SR,SR_mean,core,XGBoost
3,-0.01151752344630741,1.2496460308498805,1.3056917573608973,0.13333333333333333,SR,SR_mean,core,XGBoost
4,-0.6296090553890277,1.1857847146987917,1.624221865348612,0.4523809523809524,SR,SR_mean,core,XGBoost
5,-0.3901911884893452,1.2084594321250914,1.5072296157936107,0.09523809523809526,SR,SR_mean,core,XGBoost
6,0.022560251278829324,1.0440167829725477,1.2776185658796433,0.43333333333333335,SR,SR_mean,core,XGBoost
7,-0.14335184156743663,1.3092772428724502,1.74874990195244,0.2833333333333333,SR,SR_mean,core,XGBoost
8,0.20888469260326248,0.8367904239230685,0.9888531798551585,0.5166666666666667,SR,SR_mean,core,XGBoost
9,-0.49903302417665873,1.3025300393104553,1.4656685538516094,-0.4285714285714286,SR,SR_mean,core,XGBoost
10,0.538639197087395,0.45786011791229253,0.5354038128317969,0.7142857142857144,SR,SR_mean,core,XGBoost
11,-0.13954855432672697,1.2362045012580023,1.4244539352262815,-0.025104822262671692,SR,SR_mean,core,XGBoost
12,-4.593456820572661,0.8103870243496365,1.3193879053504252,0.19999999999999998,SR,SR_mean,core,XGBoost
13,-0.5958823301956733,0.9808367943233915,1.107272007255699,0.8284591346681658,SR,SR_mean,core,XGBoost
14,-0.35753875214558417,1.5346022830009463,1.7497060163619913,-0.1666666666666667,SR,SR_mean,core,XGBoost
15,-2.325932312180266,1.260766014099121,1.5383406954846104,-0.4191691916696407,SR,SR_mean,core,XGBoost
16,-0.04128018210841966,1.061281007978651,1.5551291341583962,0.19999999999999998,SR,SR_mean,core,XGBoost
17,0.0437387032971136,1.059658857345581,1.221538232082997,0.25,SR,SR_mean,core,XGBoost
18,-0.15417771267229186,1.423468854268392,1.5914752913735508,0.21666666666666667,SR,SR_mean,core,XGBoost
19,-0.5970354750485838,0.7081293883323668,0.911763366664765,0.6190476190476191,SR,SR_mean,core,XGBoost
20,-0.41544604284985476,0.8664184708595277,0.9954697663118647,0.4523809523809524,SR,SR_mean,core,XGBoost
21,0.5545992991805759,0.7569884115854898,0.8569069814919078,0.7999999999999999,SR,SR_mean,core,XGBoost
22,0.33040708445799827,0.5388022130330401,0.7088176754611945,0.25941649671427414,SR,SR_mean,core,XGBoost
23,0.23145455463823683,1.0924162940979005,1.2258371413450837,0.7166666666666667,SR,SR_mean,core,XGBoost
24,0.40733891005247647,0.9000078639984133,0.9696362992101644,0.7380952380952381,SR,SR_mean,core,XGBoost
25,-1.1308018331998095,1.3007067914009094,1.8935944587221953,-0.19047619047619052,SR,SR_mean,core,XGBoost
26,-2.039465559675249,0.9196273769802517,1.1418154747725708,0.31666666666666665,SR,SR_mean,core,XGBoost
27,-1.6953846612773522,0.9451801516215007,1.117899991078292,-0.21666666666666667,SR,SR_mean,core,XGBoost
28,-0.4493613733817876,1.027475213792589,1.1912148183619808,0.5499999999999999,SR,SR_mean,core,XGBoost
29,0.21407028028848807,1.3718060870170592,1.593312185489775,0.523809523809524,SR,SR_mean,core,XGBoost
30,0.011712057510658735,1.0033800210952757,1.407456369420064,0.22754898976351917,SR,SR_mean,core,XGBoost
31,-0.29838207024825203,1.0154511595831976,1.1093970231486223,0.45,SR,SR_mean,core,XGBoost
32,-0.32174629970793767,1.1822532323201498,1.4186635783178054,0.15,SR,SR_mean,core,XGBoost
33,0.12225233548465753,1.0422580091688367,1.337810687561453,0.6333333333333333,SR,SR_mean,core,XGBoost
34,-0.09814673941524243,1.1131775534152986,1.3374835961658968,0.2142857142857143,SR,SR_mean,core,XGBoost
35,-1.4751209272793244,1.5932721662521363,1.9867814233180419,-0.27545404024004955,SR,SR_mean,core,XGBoost
36,-0.49090699764885004,1.085121922387017,1.2851531567983705,0.26666666666666666,SR,SR_mean,core,XGBoost
37,-0.13793234465326298,1.620786093817817,1.8810031330001917,0.09999999999999999,SR,SR_mean,core,XGBoost
38,0.23173102434448567,0.9157367439270018,0.9648553827877263,0.4769916229907622,SR,SR_mean,core,XGBoost
39,0.3654125947423702,0.5549767203330995,0.6802723613240191,0.8095238095238096,SR,SR_mean,core,XGBoost
40,0.8790167703812672,0.3500718338489533,0.4453346028473299,0.934148484292342,SR,SR_mean,core,XGBoost
41,-0.8925714017973676,1.3455836688147649,1.7800368717780313,0.16666666666666669,SR,SR_mean,core,XGBoost
42,-0.005432884187699383,0.9176006380716962,1.1882868541480764,0.09999999999999999,SR,SR_mean,core,XGBoost
43,-0.14070543278035808,0.9405476116604277,1.3205768209912745,0.07531446678801507,SR,SR_mean,core,XGBoost
44,-1.0021659977288486,1.517388474225998,1.6780989073276222,0.3233590907165799,SR,SR_mean,core,XGBoost
45,-0.8510384269628779,1.0814316003322602,1.5009795442649816,0.1666666666666667,SR,SR_mean,core,XGBoost
46,-0.3172841917330089,1.1418574197557239,1.4526636026040556,-0.11666666666666665,SR,SR_mean,core,XGBoost
47,0.35658127800133876,0.7261943834092881,0.913404157968362,0.7333333333333334,SR,SR_mean,core,XGBoost
48,0.3015162438935989,1.0286577076382106,1.1334645878458551,0.75,SR,SR_mean,core,XGBoost
49,-0.36655001625856287,1.1421414761543272,1.4625852192281183,0.4819626927118799,SR,SR_mean,core,XGBoost
50,-0.2120672771945058,0.9497047047615053,1.3881398105357523,0.2380952380952381,SR,SR_mean,core,XGBoost
51,-0.5784896528955665,1.2178181432088218,1.6603287848241002,0.06666666666666667,SR,SR_mean,core,XGBoost
52,-0.05293919381560075,0.6070881824493407,0.8782289547720421,0.25,SR,SR_mean,core,XGBoost
53,-0.19682329918988217,0.7762830859290227,0.8477605654540202,0.19999999999999998,SR,SR_mean,core,XGBoost
54,-0.8023191627746715,1.9594412262439729,2.2646858429580634,-0.38095238095238104,SR,SR_mean,core,XGBoost
55,0.07550906220929365,1.0156295518875122,1.1658068748028847,0.5714285714285715,SR,SR_mean,core,XGBoost
56,-0.5189177930267541,1.4855912946065266,1.9068342360874388,-0.21666666666666667,SR,SR_mean,core,XGBoost
57,-3.7697639905367506,0.8650657978057861,0.9662488206204051,0.2203706386767634,SR,SR_mean,core,XGBoost
58,-0.4445688784670314,1.2190086190965441,1.485218446526928,0.4184137043778615,SR,SR_mean,core,XGBoost
59,-1.4327228237324219,1.1278517541885376,1.3653598468517731,-0.2155727271443866,SR,SR_mean,core,XGBoost
60,0.2878827835674024,0.7650946700572969,0.9109360878179734,0.7142857142857144,SR,SR_mean,core,XGBoost
61,0.16378813931879388,1.1378698109520806,1.245116164701404,0.48333333333333334,SR,SR_mean,core,XGBoost
62,-0.5525588923762865,1.5290603786044652,1.8089004168051361,0.25941649671427414,SR,SR_mean,core,XGBoost
63,0.22174582852517466,0.9127984029981826,1.1388341346064803,0.48333333333333334,SR,SR_mean,core,XGBoost
64,0.4919817068232425,0.5222355203628539,0.6744410140646492,0.7142857142857144,SR,SR_mean,core,XGBoost
65,-0.37592560699943856,0.9400803885459899,1.3885466606552912,0.22754898976351917,SR,SR_mean,core,XGBoost
66,-0.7716220410147052,1.4760299530029297,1.7106794714173126,-0.05882560647712125,SR,SR_mean,core,XGBoost
67,-0.15067513252992293,0.9355237577226426,1.096353505988255,0.43333333333333335,SR,SR_mean,core,XGBoost
68,-0.6309434228792494,1.2923406878577337,1.609335348482853,0.049999999999999996,SR,SR_mean,core,XGBoost
69,0.4703472315610828,0.7971879196166993,0.9997518154236565,0.7857142857142858,SR,SR_mean,core,XGBoost
70,-0.006780204299669856,0.9588796253204346,1.4278368548400169,0.27545404024004955,SR,SR_mean,core,XGBoost
71,0.1346320398167784,0.832230718400743,1.3585725485760192,0.38333333333333336,SR,SR_mean,core,XGBoost
72,-0.2085634602986941,1.087936181810167,1.3379558767674908,0.5166666666666667,SR,SR_mean,core,XGBoost
73,0.07327639360373273,0.9924558243221706,1.1821950917710442,0.5333333333333333,SR,SR_mean,core,XGBoost
74,-1.7566709037001615,1.305131264925003,1.6476143513438408,-0.09523809523809526,SR,SR_mean,core,XGBoost
75,0.3108964574036732,0.7989397678375245,1.0404570905338735,0.7857142857142858,SR,SR_mean,core,XGBoost
76,0.29181687044307947,0.9509672461615667,1.1018642478924485,0.8284591346681658,SR,SR_mean,core,XGBoost
77,-0.3866462082535247,1.5498935686747233,1.8784516852487418,0.11715583722580122,SR,SR_mean,core,XGBoost
78,0.1842703752174153,1.0394480260213215,1.261400502820829,0.5833333333333334,SR,SR_mean,core,XGBoost
79,-1.7709432091220751,0.8047286801338196,1.071233105443894,0.1197626261913259,SR,SR_mean,core,XGBoost
80,0.28711792576166006,0.6680723524093628,0.7308125123256917,0.6904761904761906,SR,SR_mean,core,XGBoost
81,-0.4628035988150725,1.0252977286444769,1.4450328562456087,0.1924703040138163,SR,SR_mean,core,XGBoost
82,0.19589258679225385,0.6146436254713269,0.7070163524182743,0.5355695416036628,SR,SR_mean,core,XGBoost
83,-0.1642979033867873,0.9821771960788305,1.2812841300260147,0.5666666666666667,SR,SR_mean,core,XGBoost
84,-0.0030433113183852,1.2707839903831482,1.5340440598629503,0.28571428571428575,SR,SR_mean,core,XGBoost
85,0.16321083956584592,1.198033935070038,1.395841315352254,0.29940656547831473,SR,SR_mean,core,XGBoost
86,0.13872818613056592,0.7583046349419487,0.94090634101575,0.6527253788294639,SR,SR_mean,core,XGBoost
87,0.03575964258511921,1.0274414087931314,1.2449825950155102,0.3666666666666667,SR,SR_mean,core,XGBoost
88,0.2671668352083435,0.9929593454996747,1.1784445083449973,0.5,SR,SR_mean,core,XGBoost
89,0.1995627754498388,0.7471232831478118,1.030372683608715,0.6190476190476191,SR,SR_mean,core,XGBoost
90,-0.5183982415412738,1.4170231370925903,1.8927203075216603,-0.261904761904762,SR,SR_mean,core,XGBoost
91,-0.5623213090141417,0.9385402836269804,1.3836487857833883,0.016666666666666666,SR,SR_mean,core,XGBoost
92,-0.9731454847417218,1.2687552892896865,1.8788695112914164,-0.43333333333333335,SR,SR_mean,core,XGBoost
93,-1.0496618713664376,1.4918081084357366,1.8299801075045978,0.11666666666666665,SR,SR_mean,core,XGBoost
94,0.13532156149703622,0.6624160399436949,0.7438647054114393,0.5988131309566295,SR,SR_mean,core,XGBoost
95,-0.09905112595699395,1.1338841710090637,1.226900452948073,0.19047619047619052,SR,SR_mean,core,XGBoost
96,0.33067037895947693,0.8295072441101073,0.979109669688336,0.6666666666666667,SR,SR_mean,core,XGBoost
97,0.23781977839167823,0.7729701652526857,1.0350809162477363,0.5166666666666667,SR,SR_mean,core,XGBoost
98,0.17780986258525688,1.0042775766584608,1.2926553073344191,0.31666666666666665,SR,SR_mean,core,XGBoost
99,-0.226006614292793,0.6145411267280577,0.7203786780568544,0.46355253465055324,SR,SR_mean,core,XGBoost
100,-0.2605855183191772,1.5701910495758056,1.7994167685485574,-0.14285714285714288,SR,SR_mean,core,XGBoost
1,0.662803403886615,0.6223069619709523,0.7773844043070034,0.8833333333333333,SR,SR_mean,engineered,LinearRegression
2,-0.6114615604700306,1.2358054014786084,1.4276054265617903,0.6833333333333333,SR,SR_mean,engineered,LinearRegression
3,-1.4402557575980168,1.4464590466165852,2.0280171818440347,0.4666666666666666,SR,SR_mean,engineered,LinearRegression
4,-2.6120875218301975,1.179381342352412,2.4181474021437888,0.4523809523809524,SR,SR_mean,engineered,LinearRegression
5,0.14641477442349704,0.8802075561655751,1.18104269574029,0.7619047619047621,SR,SR_mean,engineered,LinearRegression
6,-0.343938901227812,1.12259317528931,1.4981178500097652,0.0,SR,SR_mean,engineered,LinearRegression
7,-1.1667421738082124,1.3179938169094072,2.4073618486351314,0.43333333333333335,SR,SR_mean,engineered,LinearRegression
8,-2.0342685385975496,1.1145774406343665,1.9365955409731466,0.19999999999999998,SR,SR_mean,engineered,LinearRegression
9,0.03259795210416716,0.8953704899232849,1.1774261336567315,0.8571428571428572,SR,SR_mean,engineered,LinearRegression
10,-0.6319550911545417,0.6712325075341911,1.0069669444889273,0.5714285714285715,SR,SR_mean,engineered,LinearRegression
11,-1.2519272144692555,1.3576173432058343,2.002438408351199,0.31666666666666665,SR,SR_mean,engineered,LinearRegression
12,-13.857552866632023,1.083698379262991,2.1503343665689494,0.08333333333333334,SR,SR_mean,engineered,LinearRegression
13,-0.20953462385807797,0.7767168320518506,0.9639689385263038,0.5833333333333334,SR,SR_mean,engineered,LinearRegression
14,0.14517120886667656,1.1392187687957294,1.388444542551808,0.6904761904761906,SR,SR_mean,engineered,LinearRegression
15,-0.22737688864167915,0.653311665387339,0.9345118150253301,0.6190476190476191,SR,SR_mean,engineered,LinearRegression
16,-1.3382696212711434,1.2329937866894045,2.3303972002871136,0.41666666666666663,SR,SR_mean,engineered,LinearRegression
17,-1.6535262453065735,1.2468796611569308,2.034840948246656,0.21666666666666667,SR,SR_mean,engineered,LinearRegression
18,0.028296618465005308,1.305598256259398,1.460260761463817,0.43333333333333335,SR,SR_mean,engineered,LinearRegression
19,-1.02348494467746,0.7445795650694185,1.026301221956543,0.8095238095238096,SR,SR_mean,engineered,LinearRegression
20,-0.13066975581632234,0.586350347691637,0.8897117024036768,0.07142857142857144,SR,SR_mean,engineered,LinearRegression
21,0.42615949763139305,0.8092384686535197,0.972643821039911,0.7666666666666667,SR,SR_mean,engineered,LinearRegression
22,-0.8257469115143221,0.8896484632331294,1.1704406620188792,0.5333333333333333,SR,SR_mean,engineered,LinearRegression
23,0.09927082161819378,1.1207521553606345,1.3270739219240424,0.7666666666666667,SR,SR_mean,engineered,LinearRegression
24,-2.2267754746188784,1.204652205669492,2.262507519851492,0.261904761904762,SR,SR_mean,engineered,LinearRegression
25,-2.9463547272508763,1.577772015015631,2.5769945689967875,-0.19047619047619052,SR,SR_mean,engineered,LinearRegression
26,-2.629949531711435,0.9104270191178921,1.2478075375420576,0.5333333333333333,SR,SR_mean,engineered,LinearRegression
27,-0.4877034263518687,0.6445814848288378,0.8305212673632628,0.15,SR,SR_mean,engineered,LinearRegression
28,0.004007314165833664,0.7879833646190808,0.9874834380494841,0.6,SR,SR_mean,engineered,LinearRegression
29,-0.41194866465352,1.407862794500757,2.1355929337434243,0.5714285714285715,SR,SR_mean,engineered,LinearRegression
30,-3.81142798226111,1.9687852412154732,3.1054903723307135,-0.09523809523809526,SR,SR_mean,engineered,LinearRegression
31,-2.577019369913977,1.09126876224909,1.8413925739348658,0.25,SR,SR_mean,engineered,LinearRegression
32,0.42500418514802696,0.7248545058975323,0.9357023265947231,0.31666666666666665,SR,SR_mean,engineered,LinearRegression
33,-0.5659979466991809,1.1942051084531142,1.7869212521251068,-0.049999999999999996,SR,SR_mean,engineered,LinearRegression
34,0.460924911036417,0.7998033825147595,0.9370934615315404,0.7619047619047621,SR,SR_mean,engineered,LinearRegression
35,-3.0490042356214264,1.7400500851505667,2.5411248023007778,-0.28571428571428575,SR,SR_mean,engineered,LinearRegression
36,-0.37878135280835146,1.0991117340147005,1.235882866181348,0.3666666666666667,SR,SR_mean,engineered,LinearRegression
37,-1.9745573678133672,2.091662335242487,3.041182428386919,0.25,SR,SR_mean,engineered,LinearRegression
38,0.41046758184337906,0.5672041464308063,0.8451998708907925,0.5333333333333333,SR,SR_mean,engineered,LinearRegression
39,-0.3732830551768105,0.7378855519070285,1.0007304922786315,0.6904761904761906,SR,SR_mean,engineered,LinearRegression
40,0.7836807231046253,0.49349291940917844,0.5954858769810359,0.8333333333333335,SR,SR_mean,engineered,LinearRegression
41,0.11294260517408516,0.889925069979442,1.2186492403268925,0.48333333333333334,SR,SR_mean,engineered,LinearRegression
42,-1.4364702376049694,1.5014341351195122,1.8498022580952054,0.16666666666666669,SR,SR_mean,engineered,LinearRegression
43,-1.4304600016191942,1.073429583990863,1.9276188045323053,0.33333333333333337,SR,SR_mean,engineered,LinearRegression
44,-0.5948905426617921,1.2414034563792518,1.4977280214288022,0.6190476190476191,SR,SR_mean,engineered,LinearRegression
45,-3.2752295647357155,0.9754849453610469,2.2811128771479643,0.28571428571428575,SR,SR_mean,engineered,LinearRegression
46,0.08705279005793032,0.933877718313795,1.209339248698769,0.7666666666666667,SR,SR_mean,engineered,LinearRegression
47,-1.9611358888162296,1.2262232004150782,1.9595001739907842,-0.03333333333333333,SR,SR_mean,engineered,LinearRegression
48,0.11746461451852086,1.0832603990314982,1.2740775543343799,0.19999999999999998,SR,SR_mean,engineered,LinearRegression
49,0.3338636264983069,0.8000072963487592,1.0211510506505546,0.9285714285714287,SR,SR_mean,engineered,LinearRegression
50,-3.1300451261280084,1.3920424349696763,2.5624018827178077,0.1666666666666667,SR,SR_mean,engineered,LinearRegression
51,-2.232101827646627,1.510553390174871,2.3758320952920227,0.16666666666666669,SR,SR_mean,engineered,LinearRegression
52,0.7550494197915971,0.3153817447809899,0.4235896517592346,0.8666666666666667,SR,SR_mean,engineered,LinearRegression
53,-0.8809552719661622,0.8463942962556659,1.0627899221421648,0.33333333333333337,SR,SR_mean,engineered,LinearRegression
54,0.2722694459889857,1.1244343207206873,1.4390550893455798,0.5714285714285715,SR,SR_mean,engineered,LinearRegression
55,-5.136378647898495,1.8482343742441105,3.0035257380498277,0.0,SR,SR_mean,engineered,LinearRegression
56,-3.270317353809908,2.4565645732540187,3.1972447411443916,-0.08333333333333334,SR,SR_mean,engineered,LinearRegression
57,-1.5529118315522545,0.6039493172511367,0.7069007454015446,0.43333333333333335,SR,SR_mean,engineered,LinearRegression
58,-0.68457344450006,1.3773908387137255,1.6038589890201993,0.6666666666666667,SR,SR_mean,engineered,LinearRegression
59,-1.277014297341613,0.9661181768452113,1.3209418226443477,-0.28571428571428575,SR,SR_mean,engineered,LinearRegression
60,-1.0615461608892476,1.1787312934446899,1.5499179093172801,0.07142857142857144,SR,SR_mean,engineered,LinearRegression
61,-1.2459343429581882,1.3203746412915873,2.0405640813890513,0.19999999999999998,SR,SR_mean,engineered,LinearRegression
62,-0.11235292078431836,1.2296802078954714,1.5311294754202744,0.33333333333333337,SR,SR_mean,engineered,LinearRegression
63,-0.04456365134431417,1.0074239183638565,1.319371813963463,0.8333333333333333,SR,SR_mean,engineered,LinearRegression
64,0.6432977977996608,0.42418849053373475,0.5651414902377752,0.9047619047619048,SR,SR_mean,engineered,LinearRegression
65,-4.108269692367143,1.68695981026522,2.675468922198021,-0.2380952380952381,SR,SR_mean,engineered,LinearRegression
66,-0.7365069678209604,1.3063220949012424,1.6936410502992734,-0.18333333333333335,SR,SR_mean,engineered,LinearRegression
67,0.42414700730579824,0.6114963875113942,0.7755861767708948,0.65,SR,SR_mean,engineered,LinearRegression
68,-2.3807561965214856,1.4322418250195101,2.317042655650638,0.13333333333333333,SR,SR_mean,engineered,LinearRegression
69,0.6292881382523742,0.6049068482010365,0.8364015314629847,0.8095238095238096,SR,SR_mean,engineered,LinearRegression
70,0.4072871120748792,0.7812429364397824,1.0955531176861926,0.7380952380952381,SR,SR_mean,engineered,LinearRegression
71,-2.1192704274215717,1.170871513749041,2.5793420781902507,0.38333333333333336,SR,SR_mean,engineered,LinearRegression
72,-1.3847568728780355,1.4010215586903187,1.8794428151221627,0.16666666666666669,SR,SR_mean,engineered,LinearRegression
73,-1.916225819638993,1.3003267417690907,2.0971264332368196,0.38333333333333336,SR,SR_mean,engineered,LinearRegression
74,-0.649585936744419,0.9982853254730799,1.2745315123613206,0.4285714285714286,SR,SR_mean,engineered,LinearRegression
75,0.3307942140860072,0.8036478269553808,1.0253255425415133,0.9047619047619048,SR,SR_mean,engineered,LinearRegression
76,0.240670582148799,0.9024567957965767,1.140959992393782,0.7166666666666667,SR,SR_mean,engineered,LinearRegression
77,-1.3341548515883601,1.5458489600635477,2.437148695950735,0.26666666666666666,SR,SR_mean,engineered,LinearRegression
78,-0.7777603382986154,1.0184954417036467,1.8621578356540405,0.5833333333333334,SR,SR_mean,engineered,LinearRegression
79,-4.046866960713405,1.1200092239493653,1.4457097217689685,0.7857142857142858,SR,SR_mean,engineered,LinearRegression
80,0.03850789635857188,0.6890300908185951,0.8487308495643833,0.6428571428571429,SR,SR_mean,engineered,LinearRegression
81,-2.699675629848553,1.3430157392958062,2.298087371869258,0.21666666666666667,SR,SR_mean,engineered,LinearRegression
82,0.3566768556456539,0.566029736482287,0.6323929411078115,0.48333333333333334,SR,SR_mean,engineered,LinearRegression
83,-0.28400028840780345,0.9767884382278437,1.3455379459515493,0.6666666666666667,SR,SR_mean,engineered,LinearRegression
84,-0.9789780561288288,1.4011704293099274,2.1547578893730575,0.4047619047619048,SR,SR_mean,engineered,LinearRegression
85,-0.0468166406985524,1.250808976824118,1.5612172270267914,0.023809523809523815,SR,SR_mean,engineered,LinearRegression
86,-0.9677892922784692,1.0923383912708224,1.4222160471216068,0.4666666666666666,SR,SR_mean,engineered,LinearRegression
87,0.49967112466292474,0.7743757852796475,0.8968058068862156,0.7999999999999999,SR,SR_mean,engineered,LinearRegression
88,-1.0360055717741177,1.2690535331239299,1.9642468271366726,0.45,SR,SR_mean,engineered,LinearRegression
89,0.7862978818377961,0.34442145138653196,0.5323964012737485,0.7142857142857144,SR,SR_mean,engineered,LinearRegression
90,-2.392611515598418,1.9152615576749121,2.829180536678191,-0.19047619047619052,SR,SR_mean,engineered,LinearRegression
91,0.3712346189582111,0.7341745052447286,0.8777786212690889,0.6333333333333333,SR,SR_mean,engineered,LinearRegression
92,-3.818441900068623,1.8420144344396725,2.936096859187206,-0.21666666666666667,SR,SR_mean,engineered,LinearRegression
93,-3.0642071991802116,1.748953182889463,2.5768739672864576,-0.09999999999999999,SR,SR_mean,engineered,LinearRegression
94,-0.18803366133437516,0.6481724327903444,0.8719287767287415,0.6428571428571429,SR,SR_mean,engineered,LinearRegression
95,-0.41247821491942194,1.2758346092238675,1.3908851110584846,-0.09523809523809526,SR,SR_mean,engineered,LinearRegression
96,0.1782993006398509,0.7454311071736552,1.0848461335244282,0.5333333333333333,SR,SR_mean,engineered,LinearRegression
97,0.12347855791076001,0.7980885897982382,1.1100096042743404,0.6166666666666666,SR,SR_mean,engineered,LinearRegression
98,-0.9770656336470855,1.177442472261919,2.0045050084351286,0.25,SR,SR_mean,engineered,LinearRegression
99,-4.075004165497924,1.4026651233894367,1.4656580069220468,-0.11904761904761905,SR,SR_mean,engineered,LinearRegression
100,-1.913419813563066,1.7113231829883442,2.735565646699821,0.4285714285714286,SR,SR_mean,engineered,LinearRegression
1,0.7142621482903863,0.5336434824094657,0.7156128333352357,0.7999999999999999,SR,SR_mean,engineered,SVR_RBF
2,0.19137505968002244,0.9030216866030495,1.0112808444438313,0.7,SR,SR_mean,engineered,SVR_RBF
3,-0.2901590739317206,0.9998322989733945,1.4746046112697244,0.33333333333333337,SR,SR_mean,engineered,SVR_RBF
4,-0.13916649580092932,0.8878426888408693,1.357992088284795,0.5000000000000001,SR,SR_mean,engineered,SVR_RBF
5,-0.18429721027990986,0.9726329728289989,1.3911453436527135,0.4047619047619048,SR,SR_mean,engineered,SVR_RBF
6,-0.005440849865564257,0.9791410626257994,1.2957895677578957,0.18333333333333335,SR,SR_mean,engineered,SVR_RBF
7,0.30385157449068034,0.8718286807474958,1.3645475624197125,0.43333333333333335,SR,SR_mean,engineered,SVR_RBF
8,-0.6531362591570686,0.8081276102154872,1.429441038578047,0.2333333333333333,SR,SR_mean,engineered,SVR_RBF
9,0.5991154046923536,0.5676152369781742,0.7579487722632716,0.9047619047619048,SR,SR_mean,engineered,SVR_RBF
10,0.5307898753100684,0.48609235926338035,0.5399391269309175,0.7142857142857144,SR,SR_mean,engineered,SVR_RBF
11,-0.1861841972363547,1.000234258909723,1.4533093212917783,0.39999999999999997,SR,SR_mean,engineered,SVR_RBF
12,-4.536997947384213,0.7905560699638202,1.312712240816326,0.0,SR,SR_mean,engineered,SVR_RBF
13,-0.3281862666245021,0.9047095177145449,1.010144213350656,0.7,SR,SR_mean,engineered,SVR_RBF
14,0.21559337413528146,0.899196084388279,1.3300243559230795,0.28571428571428575,SR,SR_mean,engineered,SVR_RBF
15,0.2168203296440302,0.6051274850471221,0.7464943562750344,0.5476190476190477,SR,SR_mean,engineered,SVR_RBF
16,0.3291293782664414,0.7015492542808609,1.2482513464330913,0.7666666666666667,SR,SR_mean,engineered,SVR_RBF
17,-0.22847975504849338,1.0439334909909452,1.384531295298412,0.33333333333333337,SR,SR_mean,engineered,SVR_RBF
18,0.3152833784924375,0.8664798475656315,1.225798240653648,0.41666666666666663,SR,SR_mean,engineered,SVR_RBF
19,-0.09695831048235681,0.5969048828648056,0.7556486635781092,0.8333333333333335,SR,SR_mean,engineered,SVR_RBF
20,-0.5119989845783848,0.8132945175864696,1.0288620892028344,0.023809523809523815,SR,SR_mean,engineered,SVR_RBF
21,0.6238509249483977,0.6532179069030062,0.7874776421611844,0.8333333333333333,SR,SR_mean,engineered,SVR_RBF
22,0.2727616504940735,0.5911494317786976,0.738698981166753,0.7666666666666667,SR,SR_mean,engineered,SVR_RBF
23,0.7084184882874794,0.6219266775651745,0.7550539621112976,0.9333333333333332,SR,SR_mean,engineered,SVR_RBF
24,-0.7695117383392147,0.9652194164786135,1.6754535098140309,0.2380952380952381,SR,SR_mean,engineered,SVR_RBF
25,-0.7349399693246972,1.1489532462429912,1.708667934355987,-0.30952380952380953,SR,SR_mean,engineered,SVR_RBF
26,-0.5942308001113523,0.6064135959671062,0.8269379229380263,0.65,SR,SR_mean,engineered,SVR_RBF
27,-0.5228422489949742,0.6659813986637638,0.8402722766555945,0.15,SR,SR_mean,engineered,SVR_RBF
28,0.2603327129731504,0.6914830373677747,0.8509811726334032,0.7,SR,SR_mean,engineered,SVR_RBF
29,0.28748349119886285,0.9708552818457152,1.5170730287471852,0.6428571428571429,SR,SR_mean,engineered,SVR_RBF
30,-0.10150685427152406,1.0369732206323115,1.4858904598913294,0.38095238095238104,SR,SR_mean,engineered,SVR_RBF
31,-1.167626719531814,1.0105109015224931,1.4334349502467643,0.15,SR,SR_mean,engineered,SVR_RBF
32,0.607895254835666,0.5931710563015543,0.7726920012538152,0.65,SR,SR_mean,engineered,SVR_RBF
33,0.5666204590813315,0.7181416389027917,0.9400349969910494,0.75,SR,SR_mean,engineered,SVR_RBF
34,0.5993294029332201,0.624673919563016,0.8078895909848292,0.880952380952381,SR,SR_mean,engineered,SVR_RBF
35,-1.2179282413781203,1.5628528397110522,1.880726418003198,-0.5714285714285715,SR,SR_mean,engineered,SVR_RBF
36,0.3906461194497731,0.7525937059089303,0.8216075119893346,0.7166666666666667,SR,SR_mean,engineered,SVR_RBF
37,-0.08770172074061566,1.276273036795284,1.8390189554725376,0.2833333333333333,SR,SR_mean,engineered,SVR_RBF
38,0.5581380475936875,0.5026555449819246,0.7317266619933677,0.7,SR,SR_mean,engineered,SVR_RBF
39,0.17005560100938244,0.6573692654934233,0.7779677632604141,0.8095238095238096,SR,SR_mean,engineered,SVR_RBF
40,0.8269014026810528,0.41662028779149957,0.5326851979281559,0.8095238095238096,SR,SR_mean,engineered,SVR_RBF
41,-0.05730006555595879,0.9088089044401243,1.330460518391216,0.5333333333333333,SR,SR_mean,engineered,SVR_RBF
42,0.11363908792962907,0.9021553273222875,1.1157067171653936,0.5499999999999999,SR,SR_mean,engineered,SVR_RBF
43,-0.19419030276592908,0.8551911115055204,1.3511814843497874,0.35,SR,SR_mean,engineered,SVR_RBF
44,-0.5443925448056528,1.0252928594453508,1.473826503453796,0.6190476190476191,SR,SR_mean,engineered,SVR_RBF
45,-0.5620076495943684,0.7537119196691752,1.3788233659499671,0.4047619047619048,SR,SR_mean,engineered,SVR_RBF
46,-0.100300867503758,0.8755557009444815,1.3276421832249488,0.6333333333333333,SR,SR_mean,engineered,SVR_RBF
47,-0.8599897281419255,1.0466473961008451,1.5529998375783471,0.06666666666666667,SR,SR_mean,engineered,SVR_RBF
48,0.5199672838321825,0.7762447011218727,0.9396480560055531,0.65,SR,SR_mean,engineered,SVR_RBF
49,0.7936405709132401,0.4729162663369782,0.5683561623757872,0.9285714285714287,SR,SR_mean,engineered,SVR_RBF
50,-0.11764377887894306,0.9182585913543475,1.332973602069077,0.3333333333333334,SR,SR_mean,engineered,SVR_RBF
51,-0.24750445398101495,1.1404050694259296,1.4760269257639407,0.35,SR,SR_mean,engineered,SVR_RBF
52,0.4938148413089617,0.45159633970363366,0.6089208000553655,0.6333333333333333,SR,SR_mean,engineered,SVR_RBF
53,-0.06531199664723863,0.5982437876386598,0.7998279974111002,0.41666666666666663,SR,SR_mean,engineered,SVR_RBF
54,0.5695479966746372,0.8632335819359125,1.1067626174563714,0.7142857142857144,SR,SR_mean,engineered,SVR_RBF
55,-0.1699734068089016,0.7759978549928991,1.3114848499836043,0.2142857142857143,SR,SR_mean,engineered,SVR_RBF
56,-0.7542212297064785,1.6475135529687965,2.049217175795865,0.11666666666666665,SR,SR_mean,engineered,SVR_RBF
57,-2.213467717468429,0.6500271095585388,0.7930991825295761,0.26666666666666666,SR,SR_mean,engineered,SVR_RBF
58,0.42290679506843654,0.7643855936541084,0.9387375446858839,0.8499999999999999,SR,SR_mean,engineered,SVR_RBF
59,0.040884523795133076,0.6656479401013072,0.8573067858406659,0.5952380952380953,SR,SR_mean,engineered,SVR_RBF
60,0.030159425314049693,0.842559959070236,1.0630711676180713,0.4523809523809524,SR,SR_mean,engineered,SVR_RBF
61,-0.040200004752751095,0.9124525330928692,1.3887054358723268,0.26666666666666666,SR,SR_mean,engineered,SVR_RBF
62,0.013230690206797568,1.1673612619743772,1.4421101521071,0.65,SR,SR_mean,engineered,SVR_RBF
63,0.702329078106669,0.5430718772940758,0.7043166473088395,0.9333333333333332,SR,SR_mean,engineered,SVR_RBF
64,0.7563634550709718,0.36201348571537584,0.46706305236348405,0.7857142857142858,SR,SR_mean,engineered,SVR_RBF
65,-0.5487725864143522,1.0214941187142057,1.4731834394925787,0.14285714285714288,SR,SR_mean,engineered,SVR_RBF
66,-0.3393489366943616,1.089846744023254,1.4874075273628324,0.049999999999999996,SR,SR_mean,engineered,SVR_RBF
67,0.5990208730421778,0.4243350624367298,0.6471949635256617,0.8166666666666667,SR,SR_mean,engineered,SVR_RBF
68,-0.43230173601653155,1.0981433332542747,1.5081493866457685,0.15,SR,SR_mean,engineered,SVR_RBF
69,0.8958200497810425,0.3226664320320241,0.4433928146218235,0.8333333333333335,SR,SR_mean,engineered,SVR_RBF
70,0.806961972113407,0.4865632803675427,0.6252197519860703,0.9285714285714287,SR,SR_mean,engineered,SVR_RBF
71,0.2531252307299944,0.7504615055866632,1.2621364912797808,0.7333333333333334,SR,SR_mean,engineered,SVR_RBF
72,0.06709917953501732,0.9065102358107457,1.1755058618649445,0.5666666666666667,SR,SR_mean,engineered,SVR_RBF
73,0.000879733777480074,0.6717148456708572,1.2275040200731253,0.39999999999999997,SR,SR_mean,engineered,SVR_RBF
74,-0.7355027486119059,0.8619133958243046,1.3073014952362552,0.3333333333333334,SR,SR_mean,engineered,SVR_RBF
75,0.43542386390151977,0.7504867975693315,0.9417663993191985,0.9047619047619048,SR,SR_mean,engineered,SVR_RBF
76,0.6642573857582497,0.631741830607198,0.7586798283536117,0.8166666666666667,SR,SR_mean,engineered,SVR_RBF
77,-0.16536906752994085,1.2797750308124025,1.722062613795159,0.33333333333333337,SR,SR_mean,engineered,SVR_RBF
78,0.03584701748779073,0.9630483015895656,1.3713643548237742,0.3666666666666667,SR,SR_mean,engineered,SVR_RBF
79,0.08967589033238854,0.5178703743861071,0.613999751992798,0.8571428571428572,SR,SR_mean,engineered,SVR_RBF
80,0.4405406784072521,0.5328868923291932,0.6474129532339846,0.7142857142857144,SR,SR_mean,engineered,SVR_RBF
81,-0.2476711958223743,0.8601446950762619,1.3345498054662972,0.5,SR,SR_mean,engineered,SVR_RBF
82,0.44446465255666745,0.46285420427289803,0.5876629004557389,0.5499999999999999,SR,SR_mean,engineered,SVR_RBF
83,0.22375941617819295,0.7619246461116873,1.0461924024549163,0.7666666666666667,SR,SR_mean,engineered,SVR_RBF
84,-0.03024967570790693,0.9936994229646912,1.5547094325292234,0.4047619047619048,SR,SR_mean,engineered,SVR_RBF
85,0.17503925167240864,1.007244683053703,1.3859407636979981,0.4047619047619048,SR,SR_mean,engineered,SVR_RBF
86,0.5435092016445062,0.5768707520057063,0.685002713566016,0.8499999999999999,SR,SR_mean,engineered,SVR_RBF
87,0.6523308731828028,0.6258244811914339,0.7475731437592438,0.8833333333333333,SR,SR_mean,engineered,SVR_RBF
88,-0.13669609428794538,0.925293847271658,1.4676711692593496,0.45,SR,SR_mean,engineered,SVR_RBF
89,0.8454701418711249,0.3753552881214304,0.4527275261895377,0.6190476190476191,SR,SR_mean,engineered,SVR_RBF
90,-0.43070414456034567,1.3687180819407845,1.8372510885993873,-0.09523809523809526,SR,SR_mean,engineered,SVR_RBF
91,0.15087581863762123,0.7466481820570379,1.0200613502398406,0.48333333333333334,SR,SR_mean,engineered,SVR_RBF
92,-0.7922211641022581,1.3420145826843006,1.7906589011458944,0.0,SR,SR_mean,engineered,SVR_RBF
93,0.5068062693920222,0.6748433751450603,0.8976644604960186,0.6833333333333333,SR,SR_mean,engineered,SVR_RBF
94,0.3021759220255763,0.5613620805064075,0.6682509939268819,0.5952380952380953,SR,SR_mean,engineered,SVR_RBF
95,0.2974535225640551,0.8220055446005958,0.9809297570977213,0.6428571428571429,SR,SR_mean,engineered,SVR_RBF
96,0.7130492888475825,0.4712012960600528,0.641084047010253,0.8499999999999999,SR,SR_mean,engineered,SVR_RBF
97,0.6854754602812403,0.442729754321135,0.6649251071542619,0.7333333333333334,SR,SR_mean,engineered,SVR_RBF
98,-0.05893166903896141,0.9908949832747381,1.4670015427819174,0.21666666666666667,SR,SR_mean,engineered,SVR_RBF
99,-0.4473796850682805,0.6891407179360987,0.7827186459913548,0.09523809523809526,SR,SR_mean,engineered,SVR_RBF
100,0.007517239900912909,1.1016584417928008,1.5966403198770422,0.5952380952380953,SR,SR_mean,engineered,SVR_RBF
1,0.1926708696865692,1.0755075005878898,1.2028723562320511,0.65,SR,SR_mean,engineered,RandomForest
2,0.26252812743259113,0.7852343974132862,0.9657638505795942,0.65,SR,SR_mean,engineered,RandomForest
3,-0.09541192265602394,1.2195214597696544,1.358759798118648,0.03333333333333333,SR,SR_mean,engineered,RandomForest
4,-0.3558912411452162,0.9893130880531509,1.4815491568862087,0.38095238095238104,SR,SR_mean,engineered,RandomForest
5,-0.1796178784822735,0.9752126894841291,1.3883943139931487,0.2380952380952381,SR,SR_mean,engineered,RandomForest
6,-0.2643278387658059,1.11073745235423,1.4530684273753012,-0.09999999999999999,SR,SR_mean,engineered,RandomForest
7,0.09140450551695789,1.1915684050558488,1.5589171857462834,0.48333333333333334,SR,SR_mean,engineered,RandomForest
8,0.14669091355765873,0.8755006164021153,1.0269873771262585,0.5,SR,SR_mean,engineered,RandomForest
9,0.3763793335068051,0.6694324419642859,0.9453451911204792,0.6428571428571429,SR,SR_mean,engineered,RandomForest
10,-0.07705325312330391,0.734132045800265,0.8180497211676614,0.3571428571428572,SR,SR_mean,engineered,RandomForest
11,0.20825073955771956,0.9695761984126973,1.1873419859481096,0.5,SR,SR_mean,engineered,RandomForest
12,-4.765253066769259,0.7786393331863608,1.3394963713776142,0.06666666666666667,SR,SR_mean,engineered,RandomForest
13,-0.6924913831602209,0.97676861346267,1.1402947394202647,0.9166666666666666,SR,SR_mean,engineered,RandomForest
14,-0.10475799462322732,1.179377712962964,1.5784198858879908,0.04761904761904763,SR,SR_mean,engineered,RandomForest
15,-0.6569185529098813,0.8489384323743393,1.0857914220043259,0.261904761904762,SR,SR_mean,engineered,RandomForest
16,0.19984945902043727,0.982744521017048,1.3632280316608314,0.39999999999999997,SR,SR_mean,engineered,RandomForest
17,-0.09219235507386636,1.025890180776013,1.30547434341008,0.39999999999999997,SR,SR_mean,engineered,RandomForest
18,-0.06993877462549491,1.24867628600823,1.5322972486118323,0.19999999999999998,SR,SR_mean,engineered,RandomForest
19,0.2940153848752798,0.4877084345538721,0.6062091339684539,0.8333333333333335,SR,SR_mean,engineered,RandomForest
20,-0.015544980877579606,0.6805120684523813,0.8432007753751453,0.09523809523809526,SR,SR_mean,engineered,RandomForest
21,0.43068370488863306,0.8145459278365667,0.9688020305590016,0.8166666666666667,SR,SR_mean,engineered,RandomForest
22,0.6422041608282731,0.42556040100742903,0.518139565632948,0.7999999999999999,SR,SR_mean,engineered,RandomForest
23,0.2579926848392585,1.0680733228982955,1.20448693237696,0.5666666666666667,SR,SR_mean,engineered,RandomForest
24,0.041201530266296915,1.0831843635912706,1.2333016818557792,0.07142857142857144,SR,SR_mean,engineered,RandomForest
25,-1.182018490768328,1.3277699861111119,1.9162168573925387,-0.2380952380952381,SR,SR_mean,engineered,RandomForest
26,-0.0384101996576236,0.5735953065843616,0.6673932100192314,0.5499999999999999,SR,SR_mean,engineered,RandomForest
27,-0.7221329131477281,0.8392238141333983,0.8935645068281709,-0.5166666666666667,SR,SR_mean,engineered,RandomForest
28,0.011632778922570197,0.8501340134546524,0.9836960164988037,0.75,SR,SR_mean,engineered,RandomForest
29,0.13950861675036363,1.3495357015542324,1.6671792047858502,0.5476190476190477,SR,SR_mean,engineered,RandomForest
30,-0.1909390833177691,1.1637588229166667,1.5450337343744194,0.14285714285714288,SR,SR_mean,engineered,RandomForest
31,0.05725430552022437,0.7901003966784242,0.9453290854052795,0.33333333333333337,SR,SR_mean,engineered,RandomForest
32,0.4918716084064092,0.7812164673721329,0.87961392985025,0.5833333333333334,SR,SR_mean,engineered,RandomForest
33,0.2213478220428322,0.9457475048500888,1.2600319899031727,0.5499999999999999,SR,SR_mean,engineered,RandomForest
34,0.6319222875207675,0.7038120427489172,0.7743334787464363,0.880952380952381,SR,SR_mean,engineered,RandomForest
35,-1.671974754439352,1.7670721673280423,2.064277385335766,-0.4523809523809524,SR,SR_mean,engineered,RandomForest
36,0.3953091050689095,0.7162786493239267,0.8184578631385729,0.7999999999999999,SR,SR_mean,engineered,RandomForest
37,-0.11138974740480911,1.4899040057319226,1.858936226617329,0.21666666666666667,SR,SR_mean,engineered,RandomForest
38,0.519084136839622,0.5979668337742509,0.7633788573165015,0.6,SR,SR_mean,engineered,RandomForest
39,-0.05896636439041414,0.6078502838955039,0.8787759954094349,0.6428571428571429,SR,SR_mean,engineered,RandomForest
40,0.6092676520665857,0.7374418543320116,0.8003197569141691,0.8333333333333335,SR,SR_mean,engineered,RandomForest
41,-0.11800398231773346,0.929178409758964,1.3681210877430134,0.25,SR,SR_mean,engineered,RandomForest
42,0.08956686947008541,0.8720685207231044,1.130755676309235,0.3666666666666667,SR,SR_mean,engineered,RandomForest
43,0.29264356092044874,0.8438652448826898,1.0399107575079738,0.5499999999999999,SR,SR_mean,engineered,RandomForest
44,-0.5667575184705713,1.3423370243055568,1.4844596850964669,0.5476190476190477,SR,SR_mean,engineered,RandomForest
45,-0.6199984850327318,0.8520731444654898,1.4041851003696089,0.14285714285714288,SR,SR_mean,engineered,RandomForest
46,-0.11335071437863964,0.9100604882422085,1.335492062662349,0.33333333333333337,SR,SR_mean,engineered,RandomForest
47,-0.09766362640377113,0.9613858931510898,1.193028377450796,0.09999999999999999,SR,SR_mean,engineered,RandomForest
48,0.34515522668005516,0.9716297523515576,1.0974859868761484,0.6833333333333333,SR,SR_mean,engineered,RandomForest
49,0.4292522877004187,0.7184999239417982,0.9452147802310027,0.8095238095238096,SR,SR_mean,engineered,RandomForest
50,-0.3061734723829139,0.949111638302669,1.4410208874670292,0.14285714285714288,SR,SR_mean,engineered,RandomForest
51,-0.7920137707262842,1.2336043230452682,1.769065442323781,-0.26666666666666666,SR,SR_mean,engineered,RandomForest
52,0.7072280357525147,0.3477457716049386,0.4630958070083185,0.8166666666666667,SR,SR_mean,engineered,RandomForest
53,-0.3039464380999526,0.715083410199884,0.8848875189324341,0.31666666666666665,SR,SR_mean,engineered,RandomForest
54,0.018222185458485196,1.491236030257935,1.6714705232072515,0.4047619047619048,SR,SR_mean,engineered,RandomForest
55,0.3231002040413373,0.9110327207341259,0.9975564348495378,0.6190476190476191,SR,SR_mean,engineered,RandomForest
56,-0.42036850884717625,1.4256461607877726,1.8439380387531699,-0.26666666666666666,SR,SR_mean,engineered,RandomForest
57,-4.111517064613633,0.8463898234861861,1.0002658436163436,0.2833333333333333,SR,SR_mean,engineered,RandomForest
58,0.21346010544872984,0.8939795922986471,1.0959268955340193,0.9166666666666666,SR,SR_mean,engineered,RandomForest
59,-0.09959352740964045,0.7513371148689268,0.917945504535563,0.8333333333333335,SR,SR_mean,engineered,RandomForest
60,-0.31506730065530175,1.111984301091269,1.2379016855270857,0.2380952380952381,SR,SR_mean,engineered,RandomForest
61,0.30566732563135635,0.9445333030570251,1.1345810126021407,0.48333333333333334,SR,SR_mean,engineered,RandomForest
62,-0.16676033221445508,1.3037368889824172,1.568127767247574,0.5,SR,SR_mean,engineered,RandomForest
63,0.3827271883753416,0.7362682114932386,1.0142343650223955,0.7,SR,SR_mean,engineered,RandomForest
64,0.6610283524372367,0.4205925565476204,0.550916759526731,0.7857142857142858,SR,SR_mean,engineered,RandomForest
65,-0.5655499753804842,1.0057312040343906,1.481141223673273,-0.023809523809523815,SR,SR_mean,engineered,RandomForest
66,-0.28367357513232694,1.1454508652263384,1.4561643922069585,-0.18333333333333335,SR,SR_mean,engineered,RandomForest
67,0.6655036954134267,0.4643773722810096,0.5911121798399186,0.8833333333333333,SR,SR_mean,engineered,RandomForest
68,-0.6700408284215693,1.3058346362433848,1.628510814782844,0.08333333333333334,SR,SR_mean,engineered,RandomForest
69,0.42632095257124525,0.8940499133597877,1.0404736167420736,0.7142857142857144,SR,SR_mean,engineered,RandomForest
70,0.6492547253591954,0.6823992628216696,0.8427663139273261,0.9523809523809524,SR,SR_mean,engineered,RandomForest
71,0.2446806068445211,0.841862080099939,1.2692516799935751,0.39999999999999997,SR,SR_mean,engineered,RandomForest
72,0.2980132920166033,0.8478836287745173,1.0196978558275511,0.7166666666666667,SR,SR_mean,engineered,RandomForest
73,0.07608097850209272,0.9302063553791895,1.180404871476115,0.16666666666666669,SR,SR_mean,engineered,RandomForest
74,-1.1382237300650542,0.8927496006944446,1.4510743906820995,0.023809523809523815,SR,SR_mean,engineered,RandomForest
75,0.33627938232123444,0.8676589062499978,1.0211148384600608,0.6666666666666669,SR,SR_mean,engineered,RandomForest
76,0.3831948385191989,0.8279698439153429,1.02832241629896,0.7333333333333334,SR,SR_mean,engineered,RandomForest
77,-0.24087947076656335,1.3087107894153165,1.7769777701766702,0.19999999999999998,SR,SR_mean,engineered,RandomForest
78,0.08286823712343483,1.154559598618461,1.3375060329977084,0.41666666666666663,SR,SR_mean,engineered,RandomForest
79,-0.38959134895160674,0.6257629902447068,0.7586015470579303,0.6190476190476191,SR,SR_mean,engineered,RandomForest
80,0.4944513160683369,0.5476450114087306,0.6154299384273613,0.5714285714285715,SR,SR_mean,engineered,RandomForest
81,-0.24677793072717868,0.8322783955026453,1.3340719871875624,0.33333333333333337,SR,SR_mean,engineered,RandomForest
82,0.2360006047198313,0.5091555789241613,0.6891582079845041,0.4666666666666666,SR,SR_mean,engineered,RandomForest
83,-0.1683136102166498,1.0512635824514998,1.2834918263990263,0.16666666666666669,SR,SR_mean,engineered,RandomForest
84,0.39022848385982223,1.048309886904761,1.1960836588874348,0.6428571428571429,SR,SR_mean,engineered,RandomForest
85,-0.11246915194409324,1.2509760162037042,1.6094297112692195,0.2142857142857143,SR,SR_mean,engineered,RandomForest
86,0.3966847320288983,0.7125726168430333,0.7874961442499686,0.8499999999999999,SR,SR_mean,engineered,RandomForest
87,0.653027367320172,0.6516687200176374,0.7468239524935224,0.8499999999999999,SR,SR_mean,engineered,RandomForest
88,0.2559427641462766,1.0071927929159308,1.1874347422389055,0.45,SR,SR_mean,engineered,RandomForest
89,0.26442611929011783,0.7322473058862424,0.9877427430485084,0.5714285714285715,SR,SR_mean,engineered,RandomForest
90,-0.5605184422136258,1.4225942248376633,1.918792660157014,-0.28571428571428575,SR,SR_mean,engineered,RandomForest
91,0.24076134617098754,0.7378130246913586,0.9645613225997831,0.5833333333333334,SR,SR_mean,engineered,RandomForest
92,-0.7033634168260237,1.152967493680189,1.7457044659152952,-0.26666666666666666,SR,SR_mean,engineered,RandomForest
93,-0.5030211796843989,1.2701309052028198,1.5670678760258925,0.2333333333333333,SR,SR_mean,engineered,RandomForest
94,0.5577559921313573,0.44932622602513134,0.5319828316028063,0.8333333333333335,SR,SR_mean,engineered,RandomForest
95,0.20369412467787718,0.9453349080687852,1.0443362162954952,0.523809523809524,SR,SR_mean,engineered,RandomForest
96,0.40717778817083417,0.8162464748677248,0.9214537692069771,0.6333333333333333,SR,SR_mean,engineered,RandomForest
97,0.7320771548045238,0.5263267159024101,0.6136918241520167,0.6833333333333333,SR,SR_mean,engineered,RandomForest
98,-0.09434765093736242,1.0350736431510876,1.4913317268029864,0.08333333333333334,SR,SR_mean,engineered,RandomForest
99,-0.2976954506721592,0.6117487962962939,0.7411409919788555,0.0,SR,SR_mean,engineered,RandomForest
100,0.07748682317245059,1.1803090620039658,1.5393305747507084,0.261904761904762,SR,SR_mean,engineered,RandomForest
1,0.5730017877462263,0.6772480236506244,0.8747969517981888,0.6945667492672501,SR,SR_mean,engineered,GradientBoosting
2,0.48394593630671723,0.6586223051103666,0.8078780639888669,0.75,SR,SR_mean,engineered,GradientBoosting
3,-0.022120572459210397,1.0306461132881815,1.3125172557656462,0.33333333333333337,SR,SR_mean,engineered,GradientBoosting
4,-0.3151311375396193,0.843732212480162,1.4591104513658082,0.4761904761904762,SR,SR_mean,engineered,GradientBoosting
5,-0.06296341824842933,0.8390924746840573,1.3179572170575264,0.3333333333333334,SR,SR_mean,engineered,GradientBoosting
6,0.03393551277471851,0.8347752509739172,1.2701624659270414,0.2833333333333333,SR,SR_mean,engineered,GradientBoosting
7,0.01624989550674827,1.128097601744384,1.6221094376834484,0.4666666666666666,SR,SR_mean,engineered,GradientBoosting
8,0.25315808898150893,0.5956972834688833,0.9607851043358977,0.6,SR,SR_mean,engineered,GradientBoosting
9,0.6314445330286245,0.5599022450135906,0.7267442405023554,0.8571428571428572,SR,SR_mean,engineered,GradientBoosting
10,0.1841935490919394,0.601107204517367,0.7119585011922557,0.4285714285714286,SR,SR_mean,engineered,GradientBoosting
11,0.20930891205058966,0.7806731039236053,1.186548279675535,0.4769916229907622,SR,SR_mean,engineered,GradientBoosting
12,-6.297602378030353,1.0258297461361812,1.5070319229816767,-0.3666666666666667,SR,SR_mean,engineered,GradientBoosting
13,-0.2497784011062254,0.8170287929716488,0.9798743628418075,0.6108840083916778,SR,SR_mean,engineered,GradientBoosting
14,-0.13778124481177034,1.207736475718907,1.6018371164433713,0.023809523809523815,SR,SR_mean,engineered,GradientBoosting
15,0.007568867569836324,0.698099174037453,0.8403225455462072,0.6107893935757621,SR,SR_mean,engineered,GradientBoosting
16,0.011946965895736628,0.9713875048046473,1.5148609979038208,0.42678197846541877,SR,SR_mean,engineered,GradientBoosting
17,-0.37284208089651916,1.1195361018350303,1.4636224632764407,0.25,SR,SR_mean,engineered,GradientBoosting
18,0.05686644254948181,1.0769890936176407,1.4386334609704456,0.26666666666666666,SR,SR_mean,engineered,GradientBoosting
19,0.48304255871684443,0.41586139389156834,0.5187430041759667,0.9047619047619048,SR,SR_mean,engineered,GradientBoosting
20,-0.6995644943159809,1.0172422580675817,1.0908128365068235,-0.3592878785739777,SR,SR_mean,engineered,GradientBoosting
21,0.5744388633860065,0.6472748548693801,0.8376049075815275,0.8333333333333333,SR,SR_mean,engineered,GradientBoosting
22,0.865164955662171,0.21068256746147573,0.31807570974815075,0.9500000000000001,SR,SR_mean,engineered,GradientBoosting
23,0.658105431617741,0.6854204388782935,0.8176060564818001,0.8333333333333333,SR,SR_mean,engineered,GradientBoosting
24,-0.15687985349112377,0.982559834503691,1.3547207619557842,0.13173888881045848,SR,SR_mean,engineered,GradientBoosting
25,-1.1770019534219545,1.2633386266116522,1.9140128648837764,-0.19047619047619052,SR,SR_mean,engineered,GradientBoosting
26,0.396274461826446,0.41075137218007884,0.5088819946906173,0.6666666666666667,SR,SR_mean,engineered,GradientBoosting
27,-0.2999097186937545,0.6599484298507251,0.7763350099910765,0.25,SR,SR_mean,engineered,GradientBoosting
28,0.4110767215917891,0.5972842963851218,0.7593309578305129,0.7999999999999999,SR,SR_mean,engineered,GradientBoosting
29,0.06777946904449661,1.3464829015270667,1.7352751736234282,0.3571428571428572,SR,SR_mean,engineered,GradientBoosting
30,-0.6141543226978494,1.257604720286221,1.7987289274536085,0.09523809523809526,SR,SR_mean,engineered,GradientBoosting
31,-0.40518183798575635,0.8834984312468069,1.1541227592150656,0.15,SR,SR_mean,engineered,GradientBoosting
32,0.6668699199227428,0.6495378290090037,0.7122169285308785,0.7999999999999999,SR,SR_mean,engineered,GradientBoosting
33,0.24130875101300986,1.0558900102670805,1.2437765294397924,0.33333333333333337,SR,SR_mean,engineered,GradientBoosting
34,0.7143265872416074,0.5523932039473607,0.6821708971624374,0.880952380952381,SR,SR_mean,engineered,GradientBoosting
35,-1.8838912994466117,1.7352303071219204,2.144575414643317,-0.5952380952380953,SR,SR_mean,engineered,GradientBoosting
36,0.6473712161281963,0.5302877911249996,0.625012193922582,0.9666666666666667,SR,SR_mean,engineered,GradientBoosting
37,-0.13906611345875608,1.3953727322771416,1.881939960108055,0.15,SR,SR_mean,engineered,GradientBoosting
38,0.30844310384070495,0.7447417088424731,0.9154181825370824,0.6166666666666666,SR,SR_mean,engineered,GradientBoosting
39,0.32610366800939117,0.486461056766597,0.7010252299260751,0.7142857142857144,SR,SR_mean,engineered,GradientBoosting
40,0.7315807902060499,0.5192927993933185,0.6633315457877952,0.9036800488347749,SR,SR_mean,engineered,GradientBoosting
41,-0.196118084623905,0.9823068742232464,1.4151089904190473,0.33333333333333337,SR,SR_mean,engineered,GradientBoosting
42,0.24689140113947472,0.7660337572612669,1.0284271968677763,0.43515025255297596,SR,SR_mean,engineered,GradientBoosting
43,0.05488486939471282,0.8689130076792065,1.2020409780654702,0.39999999999999997,SR,SR_mean,engineered,GradientBoosting
44,-0.1979330806993549,1.1118497541924734,1.2980271990694807,0.6666666666666669,SR,SR_mean,engineered,GradientBoosting
45,-0.9894588541202227,0.9623157129641251,1.556089373861448,0.11904761904761905,SR,SR_mean,engineered,GradientBoosting
46,0.1397989472875164,0.6553021573450885,1.1738843155421255,0.38333333333333336,SR,SR_mean,engineered,GradientBoosting
47,-0.3854718816839333,1.040576031330575,1.3403400523542806,0.03333333333333333,SR,SR_mean,engineered,GradientBoosting
48,0.5940086309545275,0.7355060225152026,0.8641481439001676,0.8166666666666667,SR,SR_mean,engineered,GradientBoosting
49,0.7139443727385523,0.5160022064990879,0.6691656850077313,0.9047619047619048,SR,SR_mean,engineered,GradientBoosting
50,-0.5222734327907363,1.0643220171355083,1.5556653560930211,-0.11904761904761905,SR,SR_mean,engineered,GradientBoosting
51,-1.5278029305000462,1.4345287823562174,2.101090862492642,-0.18333333333333335,SR,SR_mean,engineered,GradientBoosting
52,0.46040251943655575,0.5267941322154283,0.6286965283308212,0.65,SR,SR_mean,engineered,GradientBoosting
53,-1.023844295825615,0.8784799389407465,1.1024191327485182,0.3,SR,SR_mean,engineered,GradientBoosting
54,-0.055951702563769246,1.5297818350966716,1.733461268540845,0.19047619047619052,SR,SR_mean,engineered,GradientBoosting
55,0.11072797754100394,0.7760919260707456,1.1433852816187444,0.2380952380952381,SR,SR_mean,engineered,GradientBoosting
56,-0.657516401217054,1.5697011410063046,1.9919329849601723,-0.19999999999999998,SR,SR_mean,engineered,GradientBoosting
57,-4.433781327805531,0.9210312738569785,1.0313156546981819,0.31799441532717476,SR,SR_mean,engineered,GradientBoosting
58,0.20848530475191396,0.8641363188981697,1.0993872566581382,0.7999999999999999,SR,SR_mean,engineered,GradientBoosting
59,0.26459378462647887,0.6220354047932033,0.7506966190871768,0.8383383833392813,SR,SR_mean,engineered,GradientBoosting
60,0.20009001183617747,0.8543373255670705,0.965456530584225,0.4285714285714286,SR,SR_mean,engineered,GradientBoosting
61,0.24921146426486684,0.9799684973528348,1.1798057977088616,0.5333333333333333,SR,SR_mean,engineered,GradientBoosting
62,0.05497682212172594,1.111701797856163,1.4112756471530497,0.6666666666666667,SR,SR_mean,engineered,GradientBoosting
63,0.49754441049741904,0.7355930784465525,0.9150579283273438,0.6833333333333333,SR,SR_mean,engineered,GradientBoosting
64,0.8068769219222591,0.33212598116244985,0.4158353297152549,0.9047619047619048,SR,SR_mean,engineered,GradientBoosting
65,-0.8241449565328869,1.0003872673989602,1.5987946086647549,0.1666666666666667,SR,SR_mean,engineered,GradientBoosting
66,-0.44818725659474623,1.1851684611278173,1.5466621841359978,-0.09205101496312953,SR,SR_mean,engineered,GradientBoosting
67,0.5849598343173132,0.5255139320649662,0.6584447054493194,0.7666666666666667,SR,SR_mean,engineered,GradientBoosting
68,-0.577056343151938,1.2101116031262473,1.5825254660826638,0.06666666666666667,SR,SR_mean,engineered,GradientBoosting
69,0.6174151645256956,0.6238128431435355,0.8496898962776369,0.7142857142857144,SR,SR_mean,engineered,GradientBoosting
70,0.812895052595131,0.4886779420855046,0.6155366114308132,0.9940297973880048,SR,SR_mean,engineered,GradientBoosting
71,0.31257458401142013,0.6474104622765873,1.2108635936824041,0.5333333333333333,SR,SR_mean,engineered,GradientBoosting
72,0.46091001276516375,0.690539732895123,0.8935887539144306,0.663980093991824,SR,SR_mean,engineered,GradientBoosting
73,0.05547159443174732,0.8968654859499345,1.1934976016514085,0.19999999999999998,SR,SR_mean,engineered,GradientBoosting
74,-2.708593437027168,1.343069206568979,1.9110309368006635,0.19047619047619052,SR,SR_mean,engineered,GradientBoosting
75,0.6525527572478234,0.5841115384422163,0.7387991169769457,0.8095238095238096,SR,SR_mean,engineered,GradientBoosting
76,0.5973278535681478,0.6558171281605479,0.8308662119121696,0.6333333333333333,SR,SR_mean,engineered,GradientBoosting
77,-0.3631926588661192,1.1849364528721118,1.86249799703997,0.2333333333333333,SR,SR_mean,engineered,GradientBoosting
78,0.21058465369514623,0.9962285269714738,1.240888228734089,0.41666666666666663,SR,SR_mean,engineered,GradientBoosting
79,-0.7008855286895139,0.6823344750629188,0.8392816276549858,0.6190476190476191,SR,SR_mean,engineered,GradientBoosting
80,-0.5236105523358934,0.8472808662619569,1.068400575122027,0.1666666666666667,SR,SR_mean,engineered,GradientBoosting
81,-0.4048253186460544,0.7504019429967594,1.4161063647234384,0.33333333333333337,SR,SR_mean,engineered,GradientBoosting
82,0.35753177036870687,0.5226759225669629,0.6319726066494255,0.6527253788294639,SR,SR_mean,engineered,GradientBoosting
83,0.04396722180485135,0.8724974435970402,1.161046946444781,0.5833333333333334,SR,SR_mean,engineered,GradientBoosting
84,0.4161648202797056,0.8164039690516636,1.1703698366725457,0.6190476190476191,SR,SR_mean,engineered,GradientBoosting
85,0.05619915738138703,1.0853026677855597,1.4824095573073681,0.3571428571428572,SR,SR_mean,engineered,GradientBoosting
86,0.5514794951724242,0.5894817310535843,0.6789963335646847,0.8666666666666667,SR,SR_mean,engineered,GradientBoosting
87,0.8521932243509863,0.4354810876423715,0.48743622230181677,0.9333333333333332,SR,SR_mean,engineered,GradientBoosting
88,0.3827967695394804,0.8881834547735439,1.081485433889002,0.7,SR,SR_mean,engineered,GradientBoosting
89,0.49458935760972667,0.5414587437046066,0.818752971324439,0.6428571428571429,SR,SR_mean,engineered,GradientBoosting
90,-0.5468585973266411,1.3680199449593273,1.9103762200244472,-0.1197626261913259,SR,SR_mean,engineered,GradientBoosting
91,0.31726290845498184,0.734706288003146,0.9146763225653383,0.6276205565667923,SR,SR_mean,engineered,GradientBoosting
92,-1.0890386966738217,1.3178730624169062,1.9332601879058446,-0.06666666666666667,SR,SR_mean,engineered,GradientBoosting
93,-0.26068262598425407,1.173523200127353,1.435185842307884,0.20920685218893076,SR,SR_mean,engineered,GradientBoosting
94,-1.0036434214668097,0.8530256883931662,1.1323400169674382,0.14285714285714288,SR,SR_mean,engineered,GradientBoosting
95,0.6083909730045508,0.6288908229792916,0.7323635583532255,0.8333333333333335,SR,SR_mean,engineered,GradientBoosting
96,0.6650087030223277,0.5842319180281148,0.6926727127312117,0.8166666666666667,SR,SR_mean,engineered,GradientBoosting
97,0.838236391033645,0.34651231253555165,0.4768544918916973,0.8166666666666667,SR,SR_mean,engineered,GradientBoosting
98,-0.09089896972916467,1.0098373044213054,1.4889800124947714,0.3,SR,SR_mean,engineered,GradientBoosting
99,-0.21012253006924286,0.5109421573622691,0.7156968680994705,0.29277002188455997,SR,SR_mean,engineered,GradientBoosting
100,0.11239867567076067,1.0078570135318015,1.5099222235638807,0.3333333333333334,SR,SR_mean,engineered,GradientBoosting
1,0.4535656947767476,0.8149631139967178,0.9896080308513066,0.7166666666666667,SR,SR_mean,engineered,XGBoost
2,0.33619600884590206,0.7630365022023519,0.916258770073124,0.6666666666666667,SR,SR_mean,engineered,XGBoost
3,-0.022474720229757716,1.0625146259731715,1.3127446187675729,0.25,SR,SR_mean,engineered,XGBoost
4,-0.5937361843277345,0.9707959074974062,1.6062452432419174,0.4523809523809524,SR,SR_mean,engineered,XGBoost
5,-0.21153827584853757,0.9559530866146086,1.4070538633131482,0.3333333333333334,SR,SR_mean,engineered,XGBoost
6,-0.10639451057756166,0.9557856398688425,1.3592871842997842,0.16666666666666669,SR,SR_mean,engineered,XGBoost
7,-0.1223746403839534,1.2947341664632162,1.7326333840815842,0.48333333333333334,SR,SR_mean,engineered,XGBoost
8,0.05300866257670367,0.6464409124586316,1.0818945266633113,0.5833333333333334,SR,SR_mean,engineered,XGBoost
9,0.5628624083272119,0.5908179297447205,0.7914787285381816,0.8095238095238096,SR,SR_mean,engineered,XGBoost
10,0.12197941443075844,0.6579878180027008,0.738607072102679,0.4047619047619048,SR,SR_mean,engineered,XGBoost
11,0.08452245266318514,0.9334610328674317,1.2767499243986327,0.39999999999999997,SR,SR_mean,engineered,XGBoost
12,-6.372918267462088,0.9708488693237306,1.514788723671726,-0.25,SR,SR_mean,engineered,XGBoost
13,-0.11892878889938485,0.78090433883667,0.9271609068915486,0.728039845617479,SR,SR_mean,engineered,XGBoost
14,-0.2853237087304721,1.2904560849666598,1.7025317767573547,0.0,SR,SR_mean,engineered,XGBoost
15,-0.31453991489688704,0.7803113865852356,0.9671252334305264,0.4047619047619048,SR,SR_mean,engineered,XGBoost
16,-0.021538819167775447,1.0469432464175756,1.540316946626088,0.43333333333333335,SR,SR_mean,engineered,XGBoost
17,0.054911397099982606,0.9424525051116943,1.2143812072315328,0.38333333333333336,SR,SR_mean,engineered,XGBoost
18,-0.1581682569255889,1.190248859829373,1.594224162927067,0.10041928905068677,SR,SR_mean,engineered,XGBoost
19,0.3587198903518579,0.4309929614067077,0.5777616909554203,0.9285714285714287,SR,SR_mean,engineered,XGBoost
20,-0.4956010021685786,0.963514126300812,1.023267754963318,-0.2380952380952381,SR,SR_mean,engineered,XGBoost
21,0.5749615030009585,0.695974765777588,0.8370904104173017,0.8499999999999999,SR,SR_mean,engineered,XGBoost
22,0.8032799021346296,0.31245744027031785,0.38419656680907405,0.728039845617479,SR,SR_mean,engineered,XGBoost
23,0.4132498484525944,0.8790612386067709,1.071086645412783,0.5833333333333334,SR,SR_mean,engineered,XGBoost
24,0.2068843115600354,0.8610794148445131,1.1216927890438573,0.261904761904762,SR,SR_mean,engineered,XGBoost
25,-1.3052942009173356,1.3488920629024508,1.969602659724726,-0.07142857142857144,SR,SR_mean,engineered,XGBoost
26,-0.016119432178189008,0.5843909439510768,0.6601911369877081,0.6,SR,SR_mean,engineered,XGBoost
27,-0.37444425606232734,0.6984728181627061,0.7982816415711038,0.2333333333333333,SR,SR_mean,engineered,XGBoost
28,0.2906975761135415,0.7088168089124892,0.8333308654954437,0.7333333333333334,SR,SR_mean,engineered,XGBoost
29,0.015765992885515168,1.4251725754737854,1.7830281715365528,0.0,SR,SR_mean,engineered,XGBoost
30,-0.5548383379167929,1.2238484587669372,1.765370286823036,0.09523809523809526,SR,SR_mean,engineered,XGBoost
31,-0.4044306667260493,0.9099702767266165,1.1538142369599835,0.19999999999999998,SR,SR_mean,engineered,XGBoost
32,0.468460180895919,0.7837939368353951,0.8996493481974381,0.5833333333333334,SR,SR_mean,engineered,XGBoost
33,0.23285305122468491,1.051311505847507,1.2506883396294033,0.45,SR,SR_mean,engineered,XGBoost
34,0.628711251954478,0.5663975059986115,0.7777037087846751,0.7857142857142858,SR,SR_mean,engineered,XGBoost
35,-1.8091712464602092,1.7072765781879427,2.1166106977288766,-0.27545404024004955,SR,SR_mean,engineered,XGBoost
36,0.40503650840527416,0.670050858815511,0.8118480827086634,0.9,SR,SR_mean,engineered,XGBoost
37,-0.12219395980232561,1.3351001131269669,1.8679500608519852,0.25,SR,SR_mean,engineered,XGBoost
38,0.5478927404750193,0.6523847622341579,0.7401612021331884,0.6666666666666667,SR,SR_mean,engineered,XGBoost
39,0.14911295480446252,0.6316546092033388,0.7877221508136141,0.6666666666666669,SR,SR_mean,engineered,XGBoost
40,0.7468449699085176,0.47473064041137686,0.6441946817928945,0.9101959590540767,SR,SR_mean,engineered,XGBoost
41,-0.4781488847039337,1.0635147062937418,1.5731203594768228,0.33333333333333337,SR,SR_mean,engineered,XGBoost
42,-0.0539904574039618,0.9193175260755753,1.2166427972693057,0.2677847708018314,SR,SR_mean,engineered,XGBoost
43,0.24593114974669383,0.7943617897033692,1.073698671327312,0.3765723339400754,SR,SR_mean,engineered,XGBoost
44,-0.3532811234113826,1.1428167634010316,1.3796264938529477,0.8095238095238096,SR,SR_mean,engineered,XGBoost
45,-1.09155836935216,0.9610500259399414,1.5955192589319127,0.11904761904761905,SR,SR_mean,engineered,XGBoost
46,0.05829091378554374,0.7592828528086344,1.2282412970097931,0.48333333333333334,SR,SR_mean,engineered,XGBoost
47,-0.056621072044716,0.926179436577691,1.1705117324859864,0.08333333333333334,SR,SR_mean,engineered,XGBoost
48,0.43280964506714126,0.8341358790927462,1.0213961569813907,0.6666666666666667,SR,SR_mean,engineered,XGBoost
49,0.6431583899479831,0.5440844383239747,0.7473880668872559,0.9047619047619048,SR,SR_mean,engineered,XGBoost
50,-0.5396877975799097,1.0488998365402222,1.5645382318091863,-0.04761904761904763,SR,SR_mean,engineered,XGBoost
51,-1.5029816257460196,1.4257918164994985,2.0907497729522118,-0.13333333333333333,SR,SR_mean,engineered,XGBoost
52,0.6490666286835356,0.33400055037604437,0.5070122351985642,0.7999999999999999,SR,SR_mean,engineered,XGBoost
53,-0.6820485460640795,0.8367383388943141,1.0050263685453038,0.3666666666666667,SR,SR_mean,engineered,XGBoost
54,0.11320375385513426,1.3683918867111207,1.588561519165867,0.4761904761904762,SR,SR_mean,engineered,XGBoost
55,0.3400878122874186,0.7562065343856812,0.9849594640123442,0.4047619047619048,SR,SR_mean,engineered,XGBoost
56,-0.6851488904690439,1.52234201558431,2.0084681327855813,-0.03333333333333333,SR,SR_mean,engineered,XGBoost
57,-4.316577906295189,0.8770684882269966,1.0201325912661996,0.39999999999999997,SR,SR_mean,engineered,XGBoost
58,0.07488627213765708,0.9402658449808755,1.1885535955938042,0.8117225864930513,SR,SR_mean,engineered,XGBoost
59,0.08829529923130408,0.6431912698745726,0.8358491572891678,0.8862434338158116,SR,SR_mean,engineered,XGBoost
60,0.12448614751946996,0.9237040066719056,1.0100518668845044,0.38095238095238104,SR,SR_mean,engineered,XGBoost
61,0.24925801553220883,0.940109115600586,1.1797692212936401,0.31799441532717476,SR,SR_mean,engineered,XGBoost
62,-0.12405021898502411,1.2334615008036296,1.539158959097031,0.38333333333333336,SR,SR_mean,engineered,XGBoost
63,0.30882714654479515,0.7589031418694391,1.073230690744713,0.6333333333333333,SR,SR_mean,engineered,XGBoost
64,0.8148973856319088,0.3171680459976196,0.4071088782097599,0.9047619047619048,SR,SR_mean,engineered,XGBoost
65,-0.8705212421962152,0.9472509465217589,1.6189905879473685,0.07142857142857144,SR,SR_mean,engineered,XGBoost
66,-0.253960377683899,1.0828301077948674,1.4392128017126415,-0.1924703040138163,SR,SR_mean,engineered,XGBoost
67,0.6727879768075562,0.5155556148952908,0.5846404669621782,0.8833333333333333,SR,SR_mean,engineered,XGBoost
68,-0.7560596325587516,1.095767562866211,1.6699241003312715,0.26666666666666666,SR,SR_mean,engineered,XGBoost
69,0.46941252791260657,0.7672321283817292,1.0006335815653082,0.8095238095238096,SR,SR_mean,engineered,XGBoost
70,0.5596048595114992,0.7086938445568085,0.9443489740801932,0.8742671711966791,SR,SR_mean,engineered,XGBoost
71,0.05494825739282072,0.7031872666676838,1.4197445910120603,0.38333333333333336,SR,SR_mean,engineered,XGBoost
72,0.3326131730931682,0.7867163619995117,0.994250634286069,0.7119666788018509,SR,SR_mean,engineered,XGBoost
73,0.1613170077906383,0.873312661488851,1.1246385264459644,0.25,SR,SR_mean,engineered,XGBoost
74,-2.08100863522487,1.1337204918861392,1.7418452267759061,0.261904761904762,SR,SR_mean,engineered,XGBoost
75,0.5319020582431114,0.6851236257553102,0.857531927618758,0.7857142857142858,SR,SR_mean,engineered,XGBoost
76,0.5071149555403747,0.7425348366631401,0.9192383271281227,0.6333333333333333,SR,SR_mean,engineered,XGBoost
77,-0.3709097477652763,1.2642134901682536,1.8677623953905067,0.2333333333333333,SR,SR_mean,engineered,XGBoost
78,0.15073305698196293,0.9552688051859537,1.2870694805940752,0.3666666666666667,SR,SR_mean,engineered,XGBoost
79,-1.2365461064401702,0.8199886016845703,0.9624077264992249,0.7857142857142858,SR,SR_mean,engineered,XGBoost
80,-0.36662564042145274,0.8004046368598938,1.0118634515762528,0.4285714285714286,SR,SR_mean,engineered,XGBoost
81,-0.4872572168620066,0.802148111131456,1.4570610685251817,0.33333333333333337,SR,SR_mean,engineered,XGBoost
82,0.38358434382084616,0.42462059572007926,0.6190265210756098,0.5188329934285483,SR,SR_mean,engineered,XGBoost
83,0.02022403957050123,0.8924836864471438,1.1753758929553595,0.7166666666666667,SR,SR_mean,engineered,XGBoost
84,0.44677921619065253,0.8449718751907349,1.1392715021730366,0.6190476190476191,SR,SR_mean,engineered,XGBoost
85,0.04275815590972065,1.1040975766181946,1.4929279997825056,0.3571428571428572,SR,SR_mean,engineered,XGBoost
86,0.5890233944753407,0.5636893730163575,0.6499573037709627,0.8666666666666667,SR,SR_mean,engineered,XGBoost
87,0.8334349604391507,0.45511461618211524,0.5174430449360018,0.9166666666666666,SR,SR_mean,engineered,XGBoost
88,0.21139778511476082,0.9964600719875762,1.2224625838667982,0.45,SR,SR_mean,engineered,XGBoost
89,0.29051675123250054,0.6833268225193023,0.9700670891709281,0.5952380952380953,SR,SR_mean,engineered,XGBoost
90,-0.7909236997694724,1.5044391238689423,2.055569369624598,-0.09523809523809526,SR,SR_mean,engineered,XGBoost
91,-0.2270086823659132,0.8889278916252985,1.2262090188770673,0.18333333333333335,SR,SR_mean,engineered,XGBoost
92,-1.069549973042922,1.2973205189175077,1.924221327620902,-0.03333333333333333,SR,SR_mean,engineered,XGBoost
93,-0.137586214196743,1.1474156525929768,1.3633187820807098,0.33333333333333337,SR,SR_mean,engineered,XGBoost
94,-0.43622747180935884,0.7874996159076691,0.9586901228004208,0.07142857142857144,SR,SR_mean,engineered,XGBoost
95,0.46191076520453056,0.7681558051109314,0.8584747595547293,0.7142857142857144,SR,SR_mean,engineered,XGBoost
96,0.49700159953221434,0.6485398296780055,0.8487789867123776,0.5833333333333334,SR,SR_mean,engineered,XGBoost
97,0.8341403842154508,0.39120087899102113,0.4828539535574199,0.7833333333333333,SR,SR_mean,engineered,XGBoost
98,-0.008562525091208473,0.9834272884792752,1.431686783301294,0.3,SR,SR_mean,engineered,XGBoost
99,-0.3050661382682629,0.5850253238677977,0.743242788605404,0.0,SR,SR_mean,engineered,XGBoost
100,0.12210034952622617,1.138582044839859,1.5016476630232314,0.4285714285714286,SR,SR_mean,engineered,XGBoost
1,0.6181834653816345,0.6491780457087407,0.8272210905939419,0.8333333333333333,SR,SR_mean,rheology_enhanced,LinearRegression
2,-0.616220931812234,1.2472517563041514,1.4297120529651348,0.6833333333333333,SR,SR_mean,rheology_enhanced,LinearRegression
3,-1.4273197066293957,1.451918375422184,2.0226346734716576,0.43333333333333335,SR,SR_mean,rheology_enhanced,LinearRegression
4,-2.8228749043339256,1.4226281668190244,2.487703868296188,0.38095238095238104,SR,SR_mean,rheology_enhanced,LinearRegression
5,0.14842928166910518,0.8814896005952886,1.1796482102062575,0.7619047619047621,SR,SR_mean,rheology_enhanced,LinearRegression
6,-0.3379221888054895,1.1498773490913614,1.494760608330761,-0.06666666666666667,SR,SR_mean,rheology_enhanced,LinearRegression
7,-1.1588980217027482,1.2958928457575791,2.4030002696025097,0.43333333333333335,SR,SR_mean,rheology_enhanced,LinearRegression
8,-2.0269018956437046,1.1170652302408994,1.9342432644408292,0.19999999999999998,SR,SR_mean,rheology_enhanced,LinearRegression
9,-0.2903668941789479,1.1632214869583848,1.3598367561449443,0.8095238095238096,SR,SR_mean,rheology_enhanced,LinearRegression
10,-0.6235771977863278,0.6688237569817256,1.004378908572375,0.5714285714285715,SR,SR_mean,rheology_enhanced,LinearRegression
11,-1.2719260800459864,1.3530224904445234,2.0113103598752597,0.31666666666666665,SR,SR_mean,rheology_enhanced,LinearRegression
12,-14.14338669779564,1.1239288337475346,2.170920201507776,0.0,SR,SR_mean,rheology_enhanced,LinearRegression
13,-1.0062023549700392,1.0950995487697925,1.2414843680376095,0.09999999999999999,SR,SR_mean,rheology_enhanced,LinearRegression
14,0.14639787393159398,1.1414189811802564,1.387447987527198,0.6904761904761906,SR,SR_mean,rheology_enhanced,LinearRegression
15,-0.3625497741174202,0.7132643925750911,0.9846276195821301,0.5476190476190477,SR,SR_mean,rheology_enhanced,LinearRegression
16,-1.3129376594551934,1.1910957124892874,2.3177394872300456,0.41666666666666663,SR,SR_mean,rheology_enhanced,LinearRegression
17,-1.702539890710884,1.2556498160469336,2.0535478714021225,0.25,SR,SR_mean,rheology_enhanced,LinearRegression
18,0.023964774655876542,1.3075181020935718,1.463512055758301,0.43333333333333335,SR,SR_mean,rheology_enhanced,LinearRegression
19,-1.126590245430493,0.8213246764760826,1.0521236089593409,0.7619047619047621,SR,SR_mean,rheology_enhanced,LinearRegression
20,-0.5175819532011605,0.8126694256118085,1.0307598457963183,0.0,SR,SR_mean,rheology_enhanced,LinearRegression
21,0.38168574059718763,0.8525379483428246,1.0096314357798353,0.6333333333333333,SR,SR_mean,rheology_enhanced,LinearRegression
22,-0.8159716489106443,0.8857067311696996,1.1673031185569873,0.5333333333333333,SR,SR_mean,rheology_enhanced,LinearRegression
23,-0.040299284168333616,1.196423324571669,1.4261892186454603,0.7666666666666667,SR,SR_mean,rheology_enhanced,LinearRegression
24,-2.2959670705915705,1.2065629152990403,2.286636279549761,0.261904761904762,SR,SR_mean,rheology_enhanced,LinearRegression
25,-3.002456719221743,1.6380256797395725,2.5952474042398097,-0.07142857142857144,SR,SR_mean,rheology_enhanced,LinearRegression
26,-2.8611787880785156,1.0017242814521596,1.2869369403167406,0.6,SR,SR_mean,rheology_enhanced,LinearRegression
27,-0.4720283921677091,0.6385468241319491,0.8261343301658431,0.26666666666666666,SR,SR_mean,rheology_enhanced,LinearRegression
28,-0.1410896777687729,0.8967968125397042,1.0569675013749202,0.3666666666666667,SR,SR_mean,rheology_enhanced,LinearRegression
29,-0.421830364708188,1.3978069393603327,2.1430530116052133,0.5714285714285715,SR,SR_mean,rheology_enhanced,LinearRegression
30,-3.981455957073133,2.002538349870338,3.1598854548043342,-0.1666666666666667,SR,SR_mean,rheology_enhanced,LinearRegression
31,-2.5647627373545845,1.096160702061698,1.8382351072847463,0.25,SR,SR_mean,rheology_enhanced,LinearRegression
32,0.34311039148929634,0.8233864600117418,1.0001187360896409,0.2833333333333333,SR,SR_mean,rheology_enhanced,LinearRegression
33,-0.3203992685039312,1.175916529836564,1.6408257290171187,0.15,SR,SR_mean,rheology_enhanced,LinearRegression
34,0.47361342507243254,0.7921217570661307,0.9259993423244067,0.7380952380952381,SR,SR_mean,rheology_enhanced,LinearRegression
35,-5.001814735847027,2.6604176824901615,3.0938066761326244,-0.5714285714285715,SR,SR_mean,rheology_enhanced,LinearRegression
36,-0.43129255970505453,1.1496523939511725,1.2591973980985491,0.31666666666666665,SR,SR_mean,rheology_enhanced,LinearRegression
37,-1.9758995661896113,2.093630383970118,3.0418684816806834,0.25,SR,SR_mean,rheology_enhanced,LinearRegression
38,0.314238811081312,0.6799952323416495,0.9115742048833504,0.43333333333333335,SR,SR_mean,rheology_enhanced,LinearRegression
39,-0.3276752283207367,0.7427731941532313,0.9839726528063628,0.7142857142857144,SR,SR_mean,rheology_enhanced,LinearRegression
40,0.7495691533022588,0.536283605854589,0.6407192400282014,0.8333333333333335,SR,SR_mean,rheology_enhanced,LinearRegression
41,-0.07697273186112152,0.9961414176017185,1.3427810865953633,0.31666666666666665,SR,SR_mean,rheology_enhanced,LinearRegression
42,-1.4447020655255698,1.4859187230084403,1.8529244825471691,0.16666666666666669,SR,SR_mean,rheology_enhanced,LinearRegression
43,-1.5477530379389512,1.1739510043983137,1.9735838347453492,0.03333333333333333,SR,SR_mean,rheology_enhanced,LinearRegression
44,-0.7002301885069628,1.314403736507947,1.5463983418332639,0.523809523809524,SR,SR_mean,rheology_enhanced,LinearRegression
45,-3.423692699739087,1.214257466501715,2.3203822327564563,0.28571428571428575,SR,SR_mean,rheology_enhanced,LinearRegression
46,0.08613902914515204,0.9334164438665788,1.209944305899254,0.7666666666666667,SR,SR_mean,rheology_enhanced,LinearRegression
47,-1.9543326763556887,1.3476983615433096,1.9572479028613916,-0.11666666666666665,SR,SR_mean,rheology_enhanced,LinearRegression
48,0.11184526815039486,1.081405739777125,1.2781273197789085,0.19999999999999998,SR,SR_mean,rheology_enhanced,LinearRegression
49,-0.5819567756293094,1.3157307290921614,1.5736412121019814,0.8333333333333335,SR,SR_mean,rheology_enhanced,LinearRegression
50,-3.1496313051345517,1.3861533947522013,2.5684706179323977,0.1666666666666667,SR,SR_mean,rheology_enhanced,LinearRegression
51,-2.282213250923162,1.5348867647394842,2.394179042017706,0.25,SR,SR_mean,rheology_enhanced,LinearRegression
52,0.5968051168228685,0.3935210009676899,0.5434550284766835,0.7999999999999999,SR,SR_mean,rheology_enhanced,LinearRegression
53,-0.8546120771920702,0.834681705689441,1.0553213762689533,0.33333333333333337,SR,SR_mean,rheology_enhanced,LinearRegression
54,0.3386408941420974,1.1425131605478092,1.3718631287590048,0.5476190476190477,SR,SR_mean,rheology_enhanced,LinearRegression
55,-5.257682507600048,1.8597879809325386,3.033067288682842,0.0,SR,SR_mean,rheology_enhanced,LinearRegression
56,-3.3074303745357376,2.5012268823449615,3.21110819668092,-0.08333333333333334,SR,SR_mean,rheology_enhanced,LinearRegression
57,-18.001070490728893,1.3907232592325773,1.928544063597096,0.39999999999999997,SR,SR_mean,rheology_enhanced,LinearRegression
58,-1.0047840031949953,1.4638014012858787,1.7496653916628169,0.6666666666666667,SR,SR_mean,rheology_enhanced,LinearRegression
59,-1.217490601252182,0.9518908749771873,1.3035620417146978,-0.38095238095238104,SR,SR_mean,rheology_enhanced,LinearRegression
60,-1.0614904061735437,1.174382992464039,1.5498969503355404,0.07142857142857144,SR,SR_mean,rheology_enhanced,LinearRegression
61,-1.2364277836670747,1.3523937605159024,2.036240866258139,0.19999999999999998,SR,SR_mean,rheology_enhanced,LinearRegression
62,-0.08254808329787044,1.227589053251142,1.5104773421073163,0.48333333333333334,SR,SR_mean,rheology_enhanced,LinearRegression
63,-0.04591439540158637,1.0187607618122552,1.3202245900866223,0.8333333333333333,SR,SR_mean,rheology_enhanced,LinearRegression
64,0.6584815553584664,0.4124197072264064,0.552982489255331,0.9047619047619048,SR,SR_mean,rheology_enhanced,LinearRegression
65,-4.034592859006834,1.595427812795913,2.6561046334582885,-0.14285714285714288,SR,SR_mean,rheology_enhanced,LinearRegression
66,-0.796765805856642,1.3072194997628646,1.7227761205619128,-0.18333333333333335,SR,SR_mean,rheology_enhanced,LinearRegression
67,0.3555700075496543,0.6701604965273202,0.820468889871964,0.6666666666666667,SR,SR_mean,rheology_enhanced,LinearRegression
68,-2.5076078032486806,1.4947316443870997,2.360112018343907,0.016666666666666666,SR,SR_mean,rheology_enhanced,LinearRegression
69,0.45107710785204347,0.7413008241745185,1.0177761029118517,0.9047619047619048,SR,SR_mean,rheology_enhanced,LinearRegression
70,0.3994102828999402,0.7855194321641541,1.1028087414408925,0.7380952380952381,SR,SR_mean,rheology_enhanced,LinearRegression
71,-2.2006717866858447,1.2677576093380827,2.6127809442026213,0.3666666666666667,SR,SR_mean,rheology_enhanced,LinearRegression
72,-1.8837750220662048,1.5407586658773567,2.066749063755712,0.15,SR,SR_mean,rheology_enhanced,LinearRegression
73,-1.922681653756046,1.3026811153137687,2.0994464208894574,0.3666666666666667,SR,SR_mean,rheology_enhanced,LinearRegression
74,-0.5502489522206031,1.0018308029186902,1.2355599665025228,0.4285714285714286,SR,SR_mean,rheology_enhanced,LinearRegression
75,0.3150468451728069,0.8583857416317432,1.0373190844713882,0.9047619047619048,SR,SR_mean,rheology_enhanced,LinearRegression
76,0.1939212986229243,0.9828230756095329,1.175557905699571,0.5833333333333334,SR,SR_mean,rheology_enhanced,LinearRegression
77,-1.333732788767418,1.5458391180719477,2.4369283428845088,0.26666666666666666,SR,SR_mean,rheology_enhanced,LinearRegression
78,-0.7854009632995835,1.0183756180876782,1.8661552234097614,0.5833333333333334,SR,SR_mean,rheology_enhanced,LinearRegression
79,-4.02460702999854,1.0702524413504437,1.4425179433713866,0.7142857142857144,SR,SR_mean,rheology_enhanced,LinearRegression
80,-0.07047074686257648,0.8077979240310307,0.895539052091275,0.6190476190476191,SR,SR_mean,rheology_enhanced,LinearRegression
81,-2.6267215421703773,1.2553289374692895,2.275316508438834,0.26666666666666666,SR,SR_mean,rheology_enhanced,LinearRegression
82,0.19436199834721968,0.6229139000947534,0.7076889221351297,0.45,SR,SR_mean,rheology_enhanced,LinearRegression
83,-0.28800918505151873,0.9767164965196196,1.3476368234951641,0.6666666666666667,SR,SR_mean,rheology_enhanced,LinearRegression
84,-0.9703358093981103,1.400851914725949,2.150047800645526,0.4047619047619048,SR,SR_mean,rheology_enhanced,LinearRegression
85,-0.04874252084473385,1.2523390346817207,1.5626526912302303,0.023809523809523815,SR,SR_mean,rheology_enhanced,LinearRegression
86,-0.9655206846299424,1.0907452677932115,1.4213959947227433,0.4666666666666666,SR,SR_mean,rheology_enhanced,LinearRegression
87,0.2659821789715695,0.969229125393561,1.0862353440491819,0.6833333333333333,SR,SR_mean,rheology_enhanced,LinearRegression
88,-1.1861027320337265,1.4619848870304912,2.035362940549435,0.35,SR,SR_mean,rheology_enhanced,LinearRegression
89,0.725242075392265,0.3765599572433142,0.6036786427482299,0.7142857142857144,SR,SR_mean,rheology_enhanced,LinearRegression
90,-2.4090853032004325,1.9140777702775735,2.836041162662282,-0.19047619047619052,SR,SR_mean,rheology_enhanced,LinearRegression
91,0.38975973906677064,0.7177838107012835,0.8647510871990186,0.6333333333333333,SR,SR_mean,rheology_enhanced,LinearRegression
92,-4.030923107918364,2.0556486557168725,3.0001357420174393,-0.2333333333333333,SR,SR_mean,rheology_enhanced,LinearRegression
93,-0.9456792845334547,1.3376207110839213,1.7829570652439097,0.16666666666666669,SR,SR_mean,rheology_enhanced,LinearRegression
94,-0.24078167317237376,0.6780490249914386,0.8910751312551788,0.6428571428571429,SR,SR_mean,rheology_enhanced,LinearRegression
95,-0.45132915363502435,1.2851694817029062,1.4098838593299219,0.07142857142857144,SR,SR_mean,rheology_enhanced,LinearRegression
96,0.20809339916219527,0.7015036121943337,1.064996789713773,0.5166666666666667,SR,SR_mean,rheology_enhanced,LinearRegression
97,-0.039373837159928815,0.8900607653977946,1.2087357149503843,0.6333333333333333,SR,SR_mean,rheology_enhanced,LinearRegression
98,-0.9882009824576419,1.1717512863291015,2.010142029546663,0.26666666666666666,SR,SR_mean,rheology_enhanced,LinearRegression
99,-7.784982774551054,1.817386722448817,1.9283457300630078,-0.2142857142857143,SR,SR_mean,rheology_enhanced,LinearRegression
100,-2.0513219037278163,1.8195086217329066,2.7995589691671277,0.4285714285714286,SR,SR_mean,rheology_enhanced,LinearRegression
1,0.6989790736414934,0.5098501982903054,0.734501313328074,0.8666666666666667,SR,SR_mean,rheology_enhanced,SVR_RBF
2,0.12236768633863226,0.951457899733716,1.0535484621923283,0.6666666666666667,SR,SR_mean,rheology_enhanced,SVR_RBF
3,-0.22786442400840423,1.0158027064513615,1.4385639249185977,0.26666666666666666,SR,SR_mean,rheology_enhanced,SVR_RBF
4,-0.49405541638984274,0.9513220034675318,1.5552026628760067,0.4047619047619048,SR,SR_mean,rheology_enhanced,SVR_RBF
5,-0.043351952894328694,0.9420239701114554,1.3057425900882,0.4047619047619048,SR,SR_mean,rheology_enhanced,SVR_RBF
6,-0.11404995244188476,1.0715591988497666,1.3639817148405717,0.11666666666666665,SR,SR_mean,rheology_enhanced,SVR_RBF
7,0.10966124327039795,0.9375820719230413,1.5431757666777146,0.43333333333333335,SR,SR_mean,rheology_enhanced,SVR_RBF
8,-0.6418537621517286,0.7984798586301163,1.424554788006189,0.35,SR,SR_mean,rheology_enhanced,SVR_RBF
9,0.6146382137297097,0.5798959089628418,0.7431294848838408,0.9047619047619048,SR,SR_mean,rheology_enhanced,SVR_RBF
10,0.36126095943534386,0.560158000462663,0.6299743155489438,0.6666666666666669,SR,SR_mean,rheology_enhanced,SVR_RBF
11,-0.28023767643958575,1.078674244065246,1.5098273705257907,0.43333333333333335,SR,SR_mean,rheology_enhanced,SVR_RBF
12,-5.87638460660719,0.8450475532155175,1.462892567654603,0.0,SR,SR_mean,rheology_enhanced,SVR_RBF
13,-0.35378217462931905,0.9158568721842969,1.0198311741781918,0.7,SR,SR_mean,rheology_enhanced,SVR_RBF
14,0.3101779362092957,0.9034946458312288,1.2472614738161227,0.4047619047619048,SR,SR_mean,rheology_enhanced,SVR_RBF
15,0.12208948121180263,0.6470958737589465,0.7903527198584577,0.5476190476190477,SR,SR_mean,rheology_enhanced,SVR_RBF
16,0.0700183418408108,0.7816136034885105,1.469670063044134,0.4666666666666666,SR,SR_mean,rheology_enhanced,SVR_RBF
17,-0.33534329864248735,1.1377084666981068,1.4434948557298617,0.21666666666666667,SR,SR_mean,rheology_enhanced,SVR_RBF
18,0.3077416129421703,0.9784093348155776,1.2325304899176173,0.3666666666666667,SR,SR_mean,rheology_enhanced,SVR_RBF
19,-0.23032590736760716,0.639581240629858,0.800267061290341,0.8333333333333335,SR,SR_mean,rheology_enhanced,SVR_RBF
20,-0.5118173210529653,0.8316880527996047,1.0288002795288032,0.19047619047619052,SR,SR_mean,rheology_enhanced,SVR_RBF
21,0.6429566918204863,0.6244571935432729,0.7672178209113065,0.8333333333333333,SR,SR_mean,rheology_enhanced,SVR_RBF
22,0.15904374507384123,0.6780323025376792,0.7943571634979203,0.75,SR,SR_mean,rheology_enhanced,SVR_RBF
23,0.7246894268892625,0.6424019014003715,0.7336846694661375,0.9333333333333332,SR,SR_mean,rheology_enhanced,SVR_RBF
24,-0.6908176745865124,0.9372413215381796,1.6377742821279022,0.28571428571428575,SR,SR_mean,rheology_enhanced,SVR_RBF
25,-0.995201432937755,1.2165267273162303,1.832351622959872,-0.19047619047619052,SR,SR_mean,rheology_enhanced,SVR_RBF
26,-0.7294990834299464,0.6479844015586206,0.8613060133674898,0.65,SR,SR_mean,rheology_enhanced,SVR_RBF
27,-0.38688615241925883,0.6455057839428276,0.8018866482380976,0.2833333333333333,SR,SR_mean,rheology_enhanced,SVR_RBF
28,-0.023752156368698207,0.8686748297373325,1.0011500205693777,0.6166666666666666,SR,SR_mean,rheology_enhanced,SVR_RBF
29,0.2286300246218086,0.9917716609755218,1.5784847371745763,0.5714285714285715,SR,SR_mean,rheology_enhanced,SVR_RBF
30,-0.4584314148943147,1.156564374670739,1.7097641145353322,0.07142857142857144,SR,SR_mean,rheology_enhanced,SVR_RBF
31,-1.1339363238269446,1.0080536272821647,1.4222517258438792,0.19999999999999998,SR,SR_mean,rheology_enhanced,SVR_RBF
32,0.5193231182543099,0.6884344100464561,0.8555235819428514,0.6833333333333333,SR,SR_mean,rheology_enhanced,SVR_RBF
33,0.5521422960092002,0.7290824052325198,0.9556081488548986,0.6833333333333333,SR,SR_mean,rheology_enhanced,SVR_RBF
34,0.5941134892969988,0.6853196318776578,0.8131311246438099,0.7857142857142858,SR,SR_mean,rheology_enhanced,SVR_RBF
35,-1.4105809184154574,1.575907022095607,1.9607071690590105,-0.6666666666666669,SR,SR_mean,rheology_enhanced,SVR_RBF
36,0.25441332208975387,0.8387527263716847,0.9088216839836903,0.7333333333333334,SR,SR_mean,rheology_enhanced,SVR_RBF
37,-0.27696082612397954,1.3354480156976523,1.9925998125309101,0.26666666666666666,SR,SR_mean,rheology_enhanced,SVR_RBF
38,0.4934230613549614,0.5491165501230916,0.7834806658059551,0.6,SR,SR_mean,rheology_enhanced,SVR_RBF
39,0.20041269799064743,0.6421759974819505,0.7636072560799418,0.7619047619047621,SR,SR_mean,rheology_enhanced,SVR_RBF
40,0.8335193388376985,0.4220955743836154,0.5224031062087819,0.8095238095238096,SR,SR_mean,rheology_enhanced,SVR_RBF
41,-0.0026845056638922227,0.915770629752469,1.2956419877638559,0.3666666666666667,SR,SR_mean,rheology_enhanced,SVR_RBF
42,0.09460359234369764,0.9246003371821931,1.12762353975817,0.6666666666666667,SR,SR_mean,rheology_enhanced,SVR_RBF
43,-0.34404217015983596,0.9391449451271789,1.4334526861889263,0.31666666666666665,SR,SR_mean,rheology_enhanced,SVR_RBF
44,-0.6749184527217795,1.147612230378447,1.5348443768821576,0.6190476190476191,SR,SR_mean,rheology_enhanced,SVR_RBF
45,-0.8252695840013247,0.7878145980119433,1.4904951414274588,0.28571428571428575,SR,SR_mean,rheology_enhanced,SVR_RBF
46,-0.05629131896689166,0.8597333808944111,1.3008198948108827,0.7333333333333334,SR,SR_mean,rheology_enhanced,SVR_RBF
47,-0.8164653456394018,1.0275824543417105,1.5347219191335437,0.0,SR,SR_mean,rheology_enhanced,SVR_RBF
48,0.427799464085186,0.8474678635001907,1.0258974045042324,0.6666666666666667,SR,SR_mean,rheology_enhanced,SVR_RBF
49,0.7618535390553256,0.49466067662003915,0.6105629967549528,0.9285714285714287,SR,SR_mean,rheology_enhanced,SVR_RBF
50,-0.5256045664024314,1.0084348415546533,1.5573665278988693,0.28571428571428575,SR,SR_mean,rheology_enhanced,SVR_RBF
51,-0.47166676965691656,1.1823747497830825,1.603164064185129,0.2333333333333333,SR,SR_mean,rheology_enhanced,SVR_RBF
52,0.5248084419260584,0.4473608616885703,0.5899843122975841,0.5666666666666667,SR,SR_mean,rheology_enhanced,SVR_RBF
53,-0.19675502488903307,0.627600416895615,0.8477363843215925,0.41666666666666663,SR,SR_mean,rheology_enhanced,SVR_RBF
54,0.48308410659534806,0.9625398439486432,1.2128359396691002,0.6190476190476191,SR,SR_mean,rheology_enhanced,SVR_RBF
55,-0.16645814361354438,0.8995371410825382,1.3095131459543117,0.07142857142857144,SR,SR_mean,rheology_enhanced,SVR_RBF
56,-1.0053529715756762,1.722995825118474,2.1909941550171386,0.0,SR,SR_mean,rheology_enhanced,SVR_RBF
57,-1.7089330623586791,0.5725742713888547,0.7281815457572807,0.09999999999999999,SR,SR_mean,rheology_enhanced,SVR_RBF
58,0.4581134591538917,0.7357639305308931,0.9096522322354432,0.8833333333333333,SR,SR_mean,rheology_enhanced,SVR_RBF
59,-0.6745534599867815,0.8260467612926939,1.1327923836677132,-0.07142857142857144,SR,SR_mean,rheology_enhanced,SVR_RBF
60,-0.16205082700084184,0.9214836938801179,1.1636563044448773,0.30952380952380953,SR,SR_mean,rheology_enhanced,SVR_RBF
61,-0.17812750785444598,1.0007843252128896,1.477909558411255,0.3,SR,SR_mean,rheology_enhanced,SVR_RBF
62,-0.04081228519077196,1.1900221445363737,1.4810742188158776,0.75,SR,SR_mean,rheology_enhanced,SVR_RBF
63,0.5993252091047646,0.6725373498392762,0.8171386575585836,0.9166666666666666,SR,SR_mean,rheology_enhanced,SVR_RBF
64,0.699660183032726,0.44575019225739954,0.5185740173522875,0.7857142857142858,SR,SR_mean,rheology_enhanced,SVR_RBF
65,-1.0080405168811186,1.109872437074611,1.6774486615873971,0.04761904761904763,SR,SR_mean,rheology_enhanced,SVR_RBF
66,-0.41092066621577383,1.1672906816269437,1.526632148708062,-0.15,SR,SR_mean,rheology_enhanced,SVR_RBF
67,0.5575868411748919,0.5015013698544116,0.6798111194039376,0.7999999999999999,SR,SR_mean,rheology_enhanced,SVR_RBF
68,-0.6754703895982839,1.176268886313944,1.6311559369398203,0.13333333333333333,SR,SR_mean,rheology_enhanced,SVR_RBF
69,0.8879958191775594,0.33702895431335667,0.4597414858897156,0.8333333333333335,SR,SR_mean,rheology_enhanced,SVR_RBF
70,0.7511516688571247,0.5585350895582815,0.7098696687395734,0.880952380952381,SR,SR_mean,rheology_enhanced,SVR_RBF
71,-0.04443724073635469,0.8510134239885395,1.4925318361010897,0.38333333333333336,SR,SR_mean,rheology_enhanced,SVR_RBF
72,0.04549184889126112,0.9202573066413832,1.1890411432630115,0.5666666666666667,SR,SR_mean,rheology_enhanced,SVR_RBF
73,-0.22596432585794712,0.8030658142551239,1.3597308635595438,0.43333333333333335,SR,SR_mean,rheology_enhanced,SVR_RBF
74,-0.48472420837012087,0.8355388524985712,1.2091662030318993,0.523809523809524,SR,SR_mean,rheology_enhanced,SVR_RBF
75,0.402455490550229,0.8370026134274391,0.9688734676253594,0.880952380952381,SR,SR_mean,rheology_enhanced,SVR_RBF
76,0.5399818541058432,0.7584037356389104,0.888060973368216,0.7833333333333333,SR,SR_mean,rheology_enhanced,SVR_RBF
77,-0.31820059472233897,1.3342125526084652,1.831504317016189,0.26666666666666666,SR,SR_mean,rheology_enhanced,SVR_RBF
78,0.008219121815436159,0.9257303350479132,1.390873868401393,0.3666666666666667,SR,SR_mean,rheology_enhanced,SVR_RBF
79,-0.5897261659388309,0.6251772982874135,0.8113931453385327,0.7619047619047621,SR,SR_mean,rheology_enhanced,SVR_RBF
80,0.37239994234899587,0.628010819509063,0.6857070499614123,0.6666666666666669,SR,SR_mean,rheology_enhanced,SVR_RBF
81,-0.4381057158373458,0.8971033220385914,1.432782004015985,0.33333333333333337,SR,SR_mean,rheology_enhanced,SVR_RBF
82,0.4540717188711624,0.5057047592323379,0.5825594104827174,0.48333333333333334,SR,SR_mean,rheology_enhanced,SVR_RBF
83,0.20808358925699288,0.7484316729666916,1.0567032928249993,0.7333333333333334,SR,SR_mean,rheology_enhanced,SVR_RBF
84,-0.17170953872633743,1.1296595372600993,1.658013158617285,0.38095238095238104,SR,SR_mean,rheology_enhanced,SVR_RBF
85,0.19161493533619234,1.050907362827522,1.371946469577595,0.4285714285714286,SR,SR_mean,rheology_enhanced,SVR_RBF
86,0.2371585105744235,0.7194115809142025,0.8855099199594028,0.6833333333333333,SR,SR_mean,rheology_enhanced,SVR_RBF
87,0.6364482115215722,0.6600709383262681,0.764458247463318,0.7999999999999999,SR,SR_mean,rheology_enhanced,SVR_RBF
88,-0.1733374103472194,0.9780030366904708,1.4911386875807215,0.45,SR,SR_mean,rheology_enhanced,SVR_RBF
89,0.8490307138191269,0.3761549103663925,0.44748141076840553,0.6190476190476191,SR,SR_mean,rheology_enhanced,SVR_RBF
90,-0.7268757879318608,1.501919730792327,2.018478584204714,-0.2380952380952381,SR,SR_mean,rheology_enhanced,SVR_RBF
91,0.18949668441275436,0.7741532832238198,0.9965935821043745,0.5,SR,SR_mean,rheology_enhanced,SVR_RBF
92,-1.2006112423531703,1.446959231492563,1.9842150015740667,-0.21666666666666667,SR,SR_mean,rheology_enhanced,SVR_RBF
93,0.49336735399637255,0.6931001542917055,0.9098123824576263,0.6833333333333333,SR,SR_mean,rheology_enhanced,SVR_RBF
94,0.28344928254812085,0.5681873923984143,0.67715814365845,0.5952380952380953,SR,SR_mean,rheology_enhanced,SVR_RBF
95,0.07882664670404449,0.9381864149089572,1.1232361244374438,0.2142857142857143,SR,SR_mean,rheology_enhanced,SVR_RBF
96,0.6092265931070262,0.5693212520796735,0.7481243971261186,0.8499999999999999,SR,SR_mean,rheology_enhanced,SVR_RBF
97,0.6691881037333529,0.5090588681483023,0.6819240754938616,0.7,SR,SR_mean,rheology_enhanced,SVR_RBF
98,-0.11041544648148571,0.9850240045885589,1.50224009576387,0.15,SR,SR_mean,rheology_enhanced,SVR_RBF
99,-0.7175101061826159,0.7972094810766263,0.8526368412798919,-0.023809523809523815,SR,SR_mean,rheology_enhanced,SVR_RBF
100,-0.19546914737612875,1.1592582667516218,1.7523255474636859,0.4761904761904762,SR,SR_mean,rheology_enhanced,SVR_RBF
1,0.35364571150843715,0.9629317791005287,1.0762906068080187,0.7666666666666667,SR,SR_mean,rheology_enhanced,RandomForest
2,0.27342612469523164,0.7929733763962366,0.9586014996537964,0.6166666666666666,SR,SR_mean,rheology_enhanced,RandomForest
3,0.008176431786578786,1.1847326471594244,1.2929185576506028,0.09999999999999999,SR,SR_mean,rheology_enhanced,RandomForest
4,-0.29877249456214416,0.9770900806878318,1.4500072687610375,0.38095238095238104,SR,SR_mean,rheology_enhanced,RandomForest
5,-0.045937316248386484,0.9116827569444458,1.307359364921846,0.3571428571428572,SR,SR_mean,rheology_enhanced,RandomForest
6,-0.14475393848292528,1.0271922908583173,1.3826500997173967,0.09999999999999999,SR,SR_mean,rheology_enhanced,RandomForest
7,0.1567768964015126,1.113788805702529,1.5017892940721804,0.5333333333333333,SR,SR_mean,rheology_enhanced,RandomForest
8,0.09350948828565353,0.9093543952087002,1.0585065551214825,0.43333333333333335,SR,SR_mean,rheology_enhanced,RandomForest
9,0.42365954433804365,0.7138912270171969,0.9088029384077757,0.5000000000000001,SR,SR_mean,rheology_enhanced,RandomForest
10,0.14772005588524628,0.6444572053571435,0.7276997855056389,0.4047619047619048,SR,SR_mean,rheology_enhanced,RandomForest
11,0.20429612671843533,1.006135275867136,1.190303548070619,0.38333333333333336,SR,SR_mean,rheology_enhanced,RandomForest
12,-4.641699184173502,0.7583730299823633,1.3250654084610727,0.06666666666666667,SR,SR_mean,rheology_enhanced,RandomForest
13,-0.6520717128715745,1.0524663375955328,1.1265963379978223,0.6666666666666667,SR,SR_mean,rheology_enhanced,RandomForest
14,0.03136527127210653,1.1716132033730178,1.4779814564490532,0.04761904761904763,SR,SR_mean,rheology_enhanced,RandomForest
15,-0.4789714780433274,0.832057580357142,1.0258307783975662,0.6190476190476191,SR,SR_mean,rheology_enhanced,RandomForest
16,0.2173553234630612,0.9014231991475589,1.3482330652999068,0.45,SR,SR_mean,rheology_enhanced,RandomForest
17,-0.31607504745730974,1.167660649470901,1.4330426051034035,0.31666666666666665,SR,SR_mean,rheology_enhanced,RandomForest
18,0.0415411600994996,1.203041327133771,1.450274771065663,0.35,SR,SR_mean,rheology_enhanced,RandomForest
19,0.20149136253137334,0.5374068505290992,0.6447103857553985,0.9285714285714287,SR,SR_mean,rheology_enhanced,RandomForest
20,0.08032018734177138,0.6231852137746525,0.8024162996357904,0.261904761904762,SR,SR_mean,rheology_enhanced,RandomForest
21,0.4882857517265843,0.7543877132569083,0.918484830571034,0.8666666666666667,SR,SR_mean,rheology_enhanced,RandomForest
22,0.5486104278382473,0.4933063085618087,0.5819757313536736,0.7166666666666667,SR,SR_mean,rheology_enhanced,RandomForest
23,0.40008354373114996,1.0128106023996593,1.0830372320840893,0.7666666666666667,SR,SR_mean,rheology_enhanced,RandomForest
24,0.24806712366511174,1.0171125535714283,1.0921824519545624,0.6666666666666669,SR,SR_mean,rheology_enhanced,RandomForest
25,-1.0462356737536291,1.248718636408729,1.855638049525611,-0.2380952380952381,SR,SR_mean,rheology_enhanced,RandomForest
26,-0.6693910112493433,0.7061194830981776,0.8462064798034787,0.5166666666666667,SR,SR_mean,rheology_enhanced,RandomForest
27,-1.4634086934195603,0.924266572457381,1.0687123085282355,-0.5166666666666667,SR,SR_mean,rheology_enhanced,RandomForest
28,0.02502204329994384,0.8741591640211632,0.9770103045733121,0.7833333333333333,SR,SR_mean,rheology_enhanced,RandomForest
29,0.2074945490313822,1.2872297627314806,1.599963778176441,0.5952380952380953,SR,SR_mean,rheology_enhanced,RandomForest
30,-0.1572431456026886,1.132647870355338,1.5230196299514425,0.30952380952380953,SR,SR_mean,rheology_enhanced,RandomForest
31,-0.20403009033367403,0.9426991727994233,1.0683275097574767,-0.03333333333333333,SR,SR_mean,rheology_enhanced,RandomForest
32,0.5270285927291722,0.7548772231040553,0.8486386574273709,0.5666666666666667,SR,SR_mean,rheology_enhanced,RandomForest
33,0.2755233688098486,0.91775971399177,1.215407775905631,0.5499999999999999,SR,SR_mean,rheology_enhanced,RandomForest
34,0.5867706535343855,0.7501259356812163,0.8204532774592324,0.7857142857142858,SR,SR_mean,rheology_enhanced,RandomForest
35,-1.3488659854732954,1.5930974809854503,1.9354457334254607,-0.28571428571428575,SR,SR_mean,rheology_enhanced,RandomForest
36,0.42391114064966806,0.7180942076719576,0.7988667565948029,0.7666666666666667,SR,SR_mean,rheology_enhanced,RandomForest
37,-0.06707299649505205,1.4640714829512047,1.8214965909588559,0.09999999999999999,SR,SR_mean,rheology_enhanced,RandomForest
38,0.5289445638871411,0.6323560119047625,0.7555123817238809,0.5333333333333333,SR,SR_mean,rheology_enhanced,RandomForest
39,-0.13511484325516787,0.6535638500330694,0.9098231931332422,0.7142857142857144,SR,SR_mean,rheology_enhanced,RandomForest
40,0.6947614041205378,0.6569388553240743,0.7073650175560489,0.880952380952381,SR,SR_mean,rheology_enhanced,RandomForest
41,-0.02577724055297881,0.9205080943562618,1.3104769641317073,0.3666666666666667,SR,SR_mean,rheology_enhanced,RandomForest
42,0.1175932132929205,0.8748114926513821,1.1132153079967213,0.39999999999999997,SR,SR_mean,rheology_enhanced,RandomForest
43,0.3398796065608555,0.7646630843621423,1.0045891658587618,0.5833333333333334,SR,SR_mean,rheology_enhanced,RandomForest
44,-0.5824162865098619,1.3372242518187845,1.4918593684150496,0.5476190476190477,SR,SR_mean,rheology_enhanced,RandomForest
45,-0.561412240725998,0.843510763558202,1.3785605497245699,0.38095238095238104,SR,SR_mean,rheology_enhanced,RandomForest
46,0.02611403707105786,0.8232923611111104,1.2490486899860092,0.45,SR,SR_mean,rheology_enhanced,RandomForest
47,0.05569522899880841,0.9117630379188724,1.1065530239943129,0.21666666666666667,SR,SR_mean,rheology_enhanced,RandomForest
48,0.2949724607622921,1.0072872444150498,1.1387616726397614,0.6,SR,SR_mean,rheology_enhanced,RandomForest
49,0.5741320593704251,0.6507802865410042,0.8164806338191178,0.9047619047619048,SR,SR_mean,rheology_enhanced,RandomForest
50,-0.18787342908270888,0.8621501316889149,1.3742157770354124,0.2380952380952381,SR,SR_mean,rheology_enhanced,RandomForest
51,-0.6314518645723519,1.199387319223986,1.6879530390737432,-0.18333333333333335,SR,SR_mean,rheology_enhanced,RandomForest
52,0.5184026359897034,0.3776708709582583,0.5939476333080486,0.6666666666666667,SR,SR_mean,rheology_enhanced,RandomForest
53,-0.09956007607009743,0.6666403893298076,0.8125828923626488,0.35,SR,SR_mean,rheology_enhanced,RandomForest
54,0.1282667669670361,1.407123076178451,1.575012179565113,0.4285714285714286,SR,SR_mean,rheology_enhanced,RandomForest
55,0.25277439323723827,0.9257193005200806,1.0480962232288697,0.5714285714285715,SR,SR_mean,rheology_enhanced,RandomForest
56,-0.4260158199003665,1.4404514828042325,1.8476001030177251,-0.03333333333333333,SR,SR_mean,rheology_enhanced,RandomForest
57,-2.853373657724673,0.7145858068783079,0.8684825436811031,0.06666666666666667,SR,SR_mean,rheology_enhanced,RandomForest
58,0.2740364974565821,0.8995856065549673,1.0528793332194843,0.9166666666666666,SR,SR_mean,rheology_enhanced,RandomForest
59,-0.476171284960917,0.9024419932208994,1.0635776155322518,0.5714285714285715,SR,SR_mean,rheology_enhanced,RandomForest
60,-0.06438233984475206,0.9674405742394172,1.1136814727994964,0.4761904761904762,SR,SR_mean,rheology_enhanced,RandomForest
61,0.33263670016393676,0.9017802144059637,1.1123280003138603,0.38333333333333336,SR,SR_mean,rheology_enhanced,RandomForest
62,-0.16706965271293361,1.3266443568489135,1.5683356170969698,0.6,SR,SR_mean,rheology_enhanced,RandomForest
63,0.589330171123188,0.6494552657260438,0.8272678484789743,0.8666666666666667,SR,SR_mean,rheology_enhanced,RandomForest
64,0.706867919091992,0.4244389393939403,0.5123137035581088,0.9523809523809524,SR,SR_mean,rheology_enhanced,RandomForest
65,-0.5821797019669177,1.0436963806216928,1.4889869998356606,-0.11904761904761905,SR,SR_mean,rheology_enhanced,RandomForest
66,-0.4372094179250672,1.2179042992357434,1.5407888734463002,-0.19999999999999998,SR,SR_mean,rheology_enhanced,RandomForest
67,0.6253827968753842,0.5241440332959224,0.6255587519671181,0.8666666666666667,SR,SR_mean,rheology_enhanced,RandomForest
68,-0.6308000225900212,1.3202331265432081,1.6092645967252435,0.08333333333333334,SR,SR_mean,rheology_enhanced,RandomForest
69,0.5779641232733488,0.756223596064816,0.8924240462655593,0.7142857142857144,SR,SR_mean,rheology_enhanced,RandomForest
70,0.6526152018563885,0.6843756618716919,0.8387193418953893,0.880952380952381,SR,SR_mean,rheology_enhanced,RandomForest
71,0.2623622311962379,0.8371285417401519,1.2543074503472564,0.6,SR,SR_mean,rheology_enhanced,RandomForest
72,0.3347671558055866,0.8311142366255146,0.9926448717944903,0.75,SR,SR_mean,rheology_enhanced,RandomForest
73,0.17858831617227788,0.9131756942974728,1.1129982383936177,0.21666666666666667,SR,SR_mean,rheology_enhanced,RandomForest
74,-1.11556296346695,0.9544288981481482,1.4433647099938256,0.023809523809523815,SR,SR_mean,rheology_enhanced,RandomForest
75,0.44459060460268884,0.7192085059523802,0.9340896154748718,0.8333333333333335,SR,SR_mean,rheology_enhanced,RandomForest
76,0.44658256401777374,0.7442677229570832,0.9740510579123522,0.8166666666666667,SR,SR_mean,rheology_enhanced,RandomForest
77,-0.17301351282019573,1.280787183568489,1.7277014693611628,0.3,SR,SR_mean,rheology_enhanced,RandomForest
78,0.08092174963049548,1.1643515970017644,1.3389246180762124,0.41666666666666663,SR,SR_mean,rheology_enhanced,RandomForest
79,-0.8378305192136342,0.7640237518187802,0.8724145554795939,0.7380952380952381,SR,SR_mean,rheology_enhanced,RandomForest
80,0.4564024712430371,0.5573326934523812,0.6381692353793769,0.6190476190476191,SR,SR_mean,rheology_enhanced,RandomForest
81,-0.1987811293881414,0.8096861915049964,1.308141310798159,0.33333333333333337,SR,SR_mean,rheology_enhanced,RandomForest
82,0.36875541469454476,0.5378961273983225,0.6264281399483221,0.4666666666666666,SR,SR_mean,rheology_enhanced,RandomForest
83,0.062366095093467244,0.9301112397119352,1.149820482764283,0.5833333333333334,SR,SR_mean,rheology_enhanced,RandomForest
84,0.3755566251803468,1.0702815102062277,1.2103877546369173,0.6190476190476191,SR,SR_mean,rheology_enhanced,RandomForest
85,0.03718581953283817,1.1552774841269846,1.497267041840817,0.4047619047619048,SR,SR_mean,rheology_enhanced,RandomForest
86,0.3450588373836714,0.7280032008444216,0.8204978006173903,0.8333333333333333,SR,SR_mean,rheology_enhanced,RandomForest
87,0.6984581516955641,0.6434638391721454,0.6962166800952427,0.9,SR,SR_mean,rheology_enhanced,RandomForest
88,0.3367977488321575,0.9040078289241618,1.1210618535977073,0.5,SR,SR_mean,rheology_enhanced,RandomForest
89,0.3777800284512627,0.6597550013227521,0.908453434455853,0.6428571428571429,SR,SR_mean,rheology_enhanced,RandomForest
90,-0.37202888167302883,1.3616411580687826,1.7991825177632792,-0.19047619047619052,SR,SR_mean,rheology_enhanced,RandomForest
91,0.31045428394658325,0.7500430111698996,0.9192258323066843,0.5833333333333334,SR,SR_mean,rheology_enhanced,RandomForest
92,-0.717794624200742,1.152367445499974,1.753083833297284,-0.26666666666666666,SR,SR_mean,rheology_enhanced,RandomForest
93,-0.34308347615472035,1.2055832686654897,1.4813468581755012,0.25,SR,SR_mean,rheology_enhanced,RandomForest
94,0.09971368380797307,0.6482734373346553,0.7590265419672518,0.523809523809524,SR,SR_mean,rheology_enhanced,RandomForest
95,0.26293094531802597,0.9054543637566139,1.0047417944071813,0.6190476190476191,SR,SR_mean,rheology_enhanced,RandomForest
96,0.339073479885566,0.8244760002939444,0.9729441394930917,0.5,SR,SR_mean,rheology_enhanced,RandomForest
97,0.6477721502783029,0.5817071884185794,0.7036510012302991,0.7999999999999999,SR,SR_mean,rheology_enhanced,RandomForest
98,-0.020119679609268415,0.973610947517503,1.4398662930845691,0.21666666666666667,SR,SR_mean,rheology_enhanced,RandomForest
99,-0.43361982810304345,0.6988500634920616,0.7789892112612683,0.1666666666666667,SR,SR_mean,rheology_enhanced,RandomForest
100,0.13510163790507856,1.1287405102513217,1.49048683301848,0.38095238095238104,SR,SR_mean,rheology_enhanced,RandomForest
1,0.4657593849779379,0.7923032920953829,0.9785041762238915,0.7113032974423646,SR,SR_mean,rheology_enhanced,GradientBoosting
2,0.527576288315899,0.6633679867790253,0.7729725272309621,0.8333333333333333,SR,SR_mean,rheology_enhanced,GradientBoosting
3,0.01050529554530144,1.067321916722264,1.2913997387452074,0.3,SR,SR_mean,rheology_enhanced,GradientBoosting
4,-0.29897782078159985,0.8810583972501996,1.4501218818845252,0.4523809523809524,SR,SR_mean,rheology_enhanced,GradientBoosting
5,-0.11597700323041837,0.9197450479097546,1.3504228439826282,0.3333333333333334,SR,SR_mean,rheology_enhanced,GradientBoosting
6,0.062213521386205395,0.8917018387055214,1.2514347184933745,0.5499999999999999,SR,SR_mean,rheology_enhanced,GradientBoosting
7,0.08690040921301467,1.0836208274358392,1.5627763468936278,0.4666666666666666,SR,SR_mean,rheology_enhanced,GradientBoosting
8,0.13274786422681284,0.6915829906234465,1.0353438534392692,0.5833333333333334,SR,SR_mean,rheology_enhanced,GradientBoosting
9,0.4304642198869636,0.7343261970555521,0.9034220293438252,0.6428571428571429,SR,SR_mean,rheology_enhanced,GradientBoosting
10,0.1891904982002902,0.6246545941297534,0.7097747204100238,0.4523809523809524,SR,SR_mean,rheology_enhanced,GradientBoosting
11,0.004058034713453562,0.8511490294532312,1.3316773352768339,0.48333333333333334,SR,SR_mean,rheology_enhanced,GradientBoosting
12,-6.013546537890731,0.9714401443597368,1.4774105476912225,-0.3,SR,SR_mean,rheology_enhanced,GradientBoosting
13,-0.15162049690937285,0.8197754612806432,0.9406078104253797,0.8117225864930513,SR,SR_mean,rheology_enhanced,GradientBoosting
14,0.03677013639445115,1.2012294588886547,1.4738522089571306,0.07142857142857144,SR,SR_mean,rheology_enhanced,GradientBoosting
15,-0.011700284908776393,0.6981910605697269,0.8484412243869116,0.7619047619047621,SR,SR_mean,rheology_enhanced,GradientBoosting
16,0.05098599003980464,0.9859174963658659,1.484632515917719,0.43333333333333335,SR,SR_mean,rheology_enhanced,GradientBoosting
17,-0.5746428541147977,1.1677102766964447,1.5675081522905139,0.3666666666666667,SR,SR_mean,rheology_enhanced,GradientBoosting
18,0.15735466849531832,1.0229450191109268,1.3598342263265986,0.45,SR,SR_mean,rheology_enhanced,GradientBoosting
19,0.13542119411633124,0.48593841858586945,0.670852665692632,0.9523809523809524,SR,SR_mean,rheology_enhanced,GradientBoosting
20,-0.7322063594308705,1.0295437810878203,1.1012381027295017,-0.28743030285918214,SR,SR_mean,rheology_enhanced,GradientBoosting
21,0.5615870658051689,0.6520811068753332,0.8501585215802571,0.8333333333333333,SR,SR_mean,rheology_enhanced,GradientBoosting
22,0.6639781656117492,0.4445676046697342,0.5021261772566721,0.75,SR,SR_mean,rheology_enhanced,GradientBoosting
23,0.6141311064409773,0.7196461785500948,0.8685961181213517,0.8333333333333333,SR,SR_mean,rheology_enhanced,GradientBoosting
24,-0.18273800453851963,1.013247790455041,1.3697772018794734,0.2515015150017844,SR,SR_mean,rheology_enhanced,GradientBoosting
25,-1.030956258924825,1.251132197012927,1.848696964704704,-0.023809523809523815,SR,SR_mean,rheology_enhanced,GradientBoosting
26,-0.501407033716377,0.6653462440841356,0.8025027591948515,0.43333333333333335,SR,SR_mean,rheology_enhanced,GradientBoosting
27,-1.6065331230184072,0.9336937848112774,1.0993201804675843,-0.3666666666666667,SR,SR_mean,rheology_enhanced,GradientBoosting
28,0.4086815645275702,0.5952640751830871,0.7608734944732454,0.7999999999999999,SR,SR_mean,rheology_enhanced,GradientBoosting
29,0.23262856376944396,1.1913724639537402,1.574388237527474,0.5476190476190477,SR,SR_mean,rheology_enhanced,GradientBoosting
30,-0.34517116688506766,1.0997077690084311,1.6420333265998364,0.09523809523809526,SR,SR_mean,rheology_enhanced,GradientBoosting
31,-0.4941091689798687,0.9518828612308208,1.190082055746946,0.18333333333333335,SR,SR_mean,rheology_enhanced,GradientBoosting
32,0.4728413064124777,0.8225833236918477,0.8959340742388738,0.5666666666666667,SR,SR_mean,rheology_enhanced,GradientBoosting
33,0.4122578781060897,0.8733942113696471,1.09472044267889,0.6166666666666666,SR,SR_mean,rheology_enhanced,GradientBoosting
34,0.774470879301216,0.5182086102603378,0.606121360474342,0.9285714285714287,SR,SR_mean,rheology_enhanced,GradientBoosting
35,-1.5317035692136702,1.6234269004227997,2.0093625627592364,-0.2515015150017844,SR,SR_mean,rheology_enhanced,GradientBoosting
36,0.5030637422220694,0.6633392012092584,0.7419590788510699,0.9166666666666666,SR,SR_mean,rheology_enhanced,GradientBoosting
37,-0.15922923165512715,1.386310508733338,1.8985234242375815,0.2333333333333333,SR,SR_mean,rheology_enhanced,GradientBoosting
38,0.32890471942881006,0.7075760312067714,0.9017739147581976,0.65,SR,SR_mean,rheology_enhanced,GradientBoosting
39,0.3656633636716846,0.4830774501721341,0.6801379369510554,0.8333333333333335,SR,SR_mean,rheology_enhanced,GradientBoosting
40,0.7542958503722321,0.5251279651877794,0.6346438855505819,0.9036800488347749,SR,SR_mean,rheology_enhanced,GradientBoosting
41,-0.1952177065049836,1.0426048595796178,1.4145762783676497,0.4666666666666666,SR,SR_mean,rheology_enhanced,GradientBoosting
42,0.1920588317754659,0.8085957300053401,1.0652084891931024,0.4518868007280905,SR,SR_mean,rheology_enhanced,GradientBoosting
43,0.13624814634352533,0.8396112412859282,1.1491359497956877,0.39330888211518983,SR,SR_mean,rheology_enhanced,GradientBoosting
44,-0.564482989889036,1.249536428872014,1.4833817670826794,0.523809523809524,SR,SR_mean,rheology_enhanced,GradientBoosting
45,-0.836504047743265,0.9015127419377366,1.4950750749033903,0.14285714285714288,SR,SR_mean,rheology_enhanced,GradientBoosting
46,0.11948634540447822,0.7734371293419762,1.187663371603574,0.7166666666666667,SR,SR_mean,rheology_enhanced,GradientBoosting
47,-0.498969329025968,0.9866984307243963,1.3941596550639916,0.08333333333333334,SR,SR_mean,rheology_enhanced,GradientBoosting
48,0.40427335901665296,0.9093623415018143,1.0467749281369905,0.5,SR,SR_mean,rheology_enhanced,GradientBoosting
49,0.7124414968199733,0.5615630252930397,0.6709212099089971,1.0,SR,SR_mean,rheology_enhanced,GradientBoosting
50,-0.5005694639592801,1.084638684413773,1.544535513662751,-0.04761904761904763,SR,SR_mean,rheology_enhanced,GradientBoosting
51,-1.5532770228566175,1.4648893249442254,2.111651260800919,-0.11666666666666665,SR,SR_mean,rheology_enhanced,GradientBoosting
52,0.4401065549263419,0.5491539343441345,0.6404110208250563,0.5666666666666667,SR,SR_mean,rheology_enhanced,GradientBoosting
53,-0.9921792953054536,0.8690426627789285,1.0937609261934875,0.18333333333333335,SR,SR_mean,rheology_enhanced,GradientBoosting
54,0.03131675377064447,1.431690511527476,1.660286395755563,0.2380952380952381,SR,SR_mean,rheology_enhanced,GradientBoosting
55,0.09165155391297686,0.8444702848384343,1.1555840041966505,0.22754898976351917,SR,SR_mean,rheology_enhanced,GradientBoosting
56,-0.6210597203418939,1.5253379309215378,1.9699051399636769,-0.08333333333333334,SR,SR_mean,rheology_enhanced,GradientBoosting
57,-4.029821223881711,0.8893172235699862,0.9922401723256095,0.4184137043778615,SR,SR_mean,rheology_enhanced,GradientBoosting
58,0.23892111559528206,0.8657525468450531,1.0780429005713368,0.7949860383179369,SR,SR_mean,rheology_enhanced,GradientBoosting
59,-0.11299550285896043,0.8004044189077959,0.9235225764734271,0.7185757571479554,SR,SR_mean,rheology_enhanced,GradientBoosting
60,0.15837872798611397,0.8777520185657093,0.9903085225887884,0.4285714285714286,SR,SR_mean,rheology_enhanced,GradientBoosting
61,0.0950119645832741,1.0654192788954855,1.2953082408635839,0.5166666666666667,SR,SR_mean,rheology_enhanced,GradientBoosting
62,0.020935786487047636,1.1574480989134512,1.436468826658236,0.6610936529170212,SR,SR_mean,rheology_enhanced,GradientBoosting
63,0.5920793689787185,0.6085269308211179,0.8244941578528513,0.8333333333333333,SR,SR_mean,rheology_enhanced,GradientBoosting
64,0.7054642221929504,0.43151500292283596,0.5135388753251298,0.7857142857142858,SR,SR_mean,rheology_enhanced,GradientBoosting
65,-0.9177274185563042,1.0339959927325606,1.6392924568715772,0.1666666666666667,SR,SR_mean,rheology_enhanced,GradientBoosting
66,-0.7869322063322532,1.2979406071203476,1.7180553234930847,-0.09205101496312953,SR,SR_mean,rheology_enhanced,GradientBoosting
67,0.6262869648367791,0.5325269329277003,0.6248033783812555,0.7999999999999999,SR,SR_mean,rheology_enhanced,GradientBoosting
68,-0.5129194066453955,1.168663105613148,1.5500117826055246,0.049999999999999996,SR,SR_mean,rheology_enhanced,GradientBoosting
69,0.629686507647883,0.634948348049232,0.835952009382807,0.7142857142857144,SR,SR_mean,rheology_enhanced,GradientBoosting
70,0.6082534272788209,0.7446784725149318,0.8906639134590322,0.8742671711966791,SR,SR_mean,rheology_enhanced,GradientBoosting
71,0.2269144783232473,0.6719855667270977,1.2840921738491546,0.5166666666666667,SR,SR_mean,rheology_enhanced,GradientBoosting
72,0.3810750521697529,0.7081133831801305,0.9574719416713033,0.5882560647712125,SR,SR_mean,rheology_enhanced,GradientBoosting
73,0.03939140358934201,0.9546553124294311,1.2036141183182376,0.19999999999999998,SR,SR_mean,rheology_enhanced,GradientBoosting
74,-2.523627939098906,1.332271773655133,1.862765249525988,0.14285714285714288,SR,SR_mean,rheology_enhanced,GradientBoosting
75,0.6300284188710377,0.6417247421500467,0.7623705575997908,0.8333333333333335,SR,SR_mean,rheology_enhanced,GradientBoosting
76,0.6878831936841011,0.5998089040402531,0.731499242319635,0.9,SR,SR_mean,rheology_enhanced,GradientBoosting
77,-0.2657061938456342,1.1716420376421033,1.794666051925117,0.21757512627648798,SR,SR_mean,rheology_enhanced,GradientBoosting
78,0.032524172959056075,1.1147833106192162,1.3737254485642063,0.48333333333333334,SR,SR_mean,rheology_enhanced,GradientBoosting
79,-0.7308182984184355,0.7457490808167482,0.8466344032367424,0.7142857142857144,SR,SR_mean,rheology_enhanced,GradientBoosting
80,-0.07341393401061969,0.7529820663155076,0.8967693191611661,0.4285714285714286,SR,SR_mean,rheology_enhanced,GradientBoosting
81,-0.31954698735152043,0.7725697562628685,1.372451927905154,0.33333333333333337,SR,SR_mean,rheology_enhanced,GradientBoosting
82,0.4536673947464095,0.42796017166136263,0.5827750974476992,0.5188329934285483,SR,SR_mean,rheology_enhanced,GradientBoosting
83,0.20856947470370757,0.8880464861129429,1.0563790695078068,0.5833333333333334,SR,SR_mean,rheology_enhanced,GradientBoosting
84,0.33978496742205566,0.8970575875434377,1.2445739154862583,0.6190476190476191,SR,SR_mean,rheology_enhanced,GradientBoosting
85,0.017393344967994162,1.1269932300994556,1.5125783381602482,0.3113828280974473,SR,SR_mean,rheology_enhanced,GradientBoosting
86,0.4882015483460955,0.6377513436157662,0.7253135016314359,0.8333333333333333,SR,SR_mean,rheology_enhanced,GradientBoosting
87,0.8209457526070878,0.47424240143060775,0.5364916185097398,0.9333333333333332,SR,SR_mean,rheology_enhanced,GradientBoosting
88,0.2801719324883648,0.8895084886978917,1.1679411697884114,0.4666666666666666,SR,SR_mean,rheology_enhanced,GradientBoosting
89,0.4607924610226506,0.6122981540157343,0.8456850936947665,0.6428571428571429,SR,SR_mean,rheology_enhanced,GradientBoosting
90,-0.4674017355717066,1.3943855907523917,1.8606646638282625,-0.09523809523809526,SR,SR_mean,rheology_enhanced,GradientBoosting
91,0.45644975988148695,0.6851489110289877,0.8161322396760583,0.5666666666666667,SR,SR_mean,rheology_enhanced,GradientBoosting
92,-1.0103124865234836,1.2920417957983628,1.8964825464565163,-0.26666666666666666,SR,SR_mean,rheology_enhanced,GradientBoosting
93,-0.4876203088951223,1.2391237867093838,1.5590186374515926,0.10878756313824399,SR,SR_mean,rheology_enhanced,GradientBoosting
94,-1.2993931008970963,0.9992307547473707,1.2130347717960877,0.04761904761904763,SR,SR_mean,rheology_enhanced,GradientBoosting
95,0.5058417093694281,0.7401988942229205,0.8226847028957012,0.7380952380952381,SR,SR_mean,rheology_enhanced,GradientBoosting
96,0.5512214646179008,0.6802845430827245,0.8017285615620595,0.6166666666666666,SR,SR_mean,rheology_enhanced,GradientBoosting
97,0.4828053186276664,0.6953863155528284,0.8526533236323565,0.7,SR,SR_mean,rheology_enhanced,GradientBoosting
98,-0.04616431198810256,1.008536728081789,1.4581310314668467,0.2333333333333333,SR,SR_mean,rheology_enhanced,GradientBoosting
99,-0.19485336679738374,0.5662199068142345,0.7111672508197001,0.29277002188455997,SR,SR_mean,rheology_enhanced,GradientBoosting
100,0.15880713855989703,1.0256341863757736,1.4699189734892184,0.3333333333333334,SR,SR_mean,rheology_enhanced,GradientBoosting
1,0.5108002203097697,0.7659520689646404,0.936348155052452,0.7166666666666667,SR,SR_mean,rheology_enhanced,XGBoost
2,0.3589493703332278,0.7397639613681369,0.9004184399484036,0.6333333333333333,SR,SR_mean,rheology_enhanced,XGBoost
3,0.1672410786391747,1.0103067851596408,1.184714227571278,0.21666666666666667,SR,SR_mean,rheology_enhanced,XGBoost
4,-0.5494868171533391,0.9999469690322877,1.5837899429706563,0.4523809523809524,SR,SR_mean,rheology_enhanced,XGBoost
5,-0.25866939902138375,1.0409246337413787,1.434161270336268,0.3333333333333334,SR,SR_mean,rheology_enhanced,XGBoost
6,-0.02579424370036465,0.9051214798821344,1.3088393543550392,0.33333333333333337,SR,SR_mean,rheology_enhanced,XGBoost
7,-0.07312258977494457,1.1884268718295627,1.6941912089641136,0.4666666666666666,SR,SR_mean,rheology_enhanced,XGBoost
8,-0.03998936014610144,0.7253939666748045,1.1337736741901376,0.39999999999999997,SR,SR_mean,rheology_enhanced,XGBoost
9,0.3510205424463968,0.7450834527015687,0.9643743370199862,0.523809523809524,SR,SR_mean,rheology_enhanced,XGBoost
10,0.12611310461789405,0.640772387266159,0.7368663527515822,0.5952380952380953,SR,SR_mean,rheology_enhanced,XGBoost
11,0.25922540500166835,0.8642369736565484,1.1484842187529858,0.5666666666666667,SR,SR_mean,rheology_enhanced,XGBoost
12,-6.432500068269939,0.9533332099914552,1.5208970399888464,-0.25,SR,SR_mean,rheology_enhanced,XGBoost
13,0.18248475201259562,0.6568847711351183,0.7925046488701689,0.8451956828432803,SR,SR_mean,rheology_enhanced,XGBoost
14,-0.1403008060635449,1.2558012652397155,1.6036097308533277,0.0,SR,SR_mean,rheology_enhanced,XGBoost
15,-0.5305492018012714,0.8337333011627197,1.0435649244418523,0.7380952380952381,SR,SR_mean,rheology_enhanced,XGBoost
16,-0.039036745246203486,1.0232675927480064,1.553452968951246,0.3666666666666667,SR,SR_mean,rheology_enhanced,XGBoost
17,-0.14289689487891843,1.0349777251349555,1.3354336068009318,0.3666666666666667,SR,SR_mean,rheology_enhanced,XGBoost
18,0.05724531794502141,1.1068014034695097,1.4383444681926567,0.4016771562027471,SR,SR_mean,rheology_enhanced,XGBoost
19,0.11430769120446427,0.4762107138633727,0.6789945586651375,0.9523809523809524,SR,SR_mean,rheology_enhanced,XGBoost
20,-0.5178182298631959,0.9191714296340944,1.030840083643248,-0.30952380952380953,SR,SR_mean,rheology_enhanced,XGBoost
21,0.6174847443587987,0.6723745053609212,0.7941135627338745,0.7999999999999999,SR,SR_mean,rheology_enhanced,XGBoost
22,0.646802250393768,0.4159201893276638,0.5147994540866655,0.7666666666666667,SR,SR_mean,rheology_enhanced,XGBoost
23,0.5032521977532709,0.8672298490736219,0.9855212121964522,0.7666666666666667,SR,SR_mean,rheology_enhanced,XGBoost
24,0.3112212683044997,0.8101928334236146,1.045311003012698,0.6347419188140272,SR,SR_mean,rheology_enhanced,XGBoost
25,-1.265651236086288,1.3368338787555696,1.9525940961615602,0.0,SR,SR_mean,rheology_enhanced,XGBoost
26,-0.6721293651909477,0.7403632127973768,0.8469002248168634,0.43333333333333335,SR,SR_mean,rheology_enhanced,XGBoost
27,-1.156223508479309,0.8021024072435167,0.9998606221105453,0.0,SR,SR_mean,rheology_enhanced,XGBoost
28,0.37016079381210987,0.6694235958523221,0.7852656336033695,0.65,SR,SR_mean,rheology_enhanced,XGBoost
29,0.1607661916488372,1.3226555070877075,1.646457433408774,0.2380952380952381,SR,SR_mean,rheology_enhanced,XGBoost
30,-0.48781551866924167,1.198836263656616,1.7269021671553098,0.11904761904761905,SR,SR_mean,rheology_enhanced,XGBoost
31,-0.3922048860926961,0.9477726020812985,1.1487811962542132,0.19999999999999998,SR,SR_mean,rheology_enhanced,XGBoost
32,0.23461399157205753,0.875965976715088,1.0795571222236404,0.5166666666666667,SR,SR_mean,rheology_enhanced,XGBoost
33,0.2667790070342605,1.0026054539150664,1.2227207017528832,0.33333333333333337,SR,SR_mean,rheology_enhanced,XGBoost
34,0.7387101929660596,0.5648029358386994,0.6524083489131401,0.9285714285714287,SR,SR_mean,rheology_enhanced,XGBoost
35,-1.6259439977131502,1.6555309250354768,2.0464192361135227,-0.2515015150017844,SR,SR_mean,rheology_enhanced,XGBoost
36,0.3858002014342773,0.6671029790242512,0.8248679805227702,0.7999999999999999,SR,SR_mean,rheology_enhanced,XGBoost
37,-0.15386765494280952,1.3618274716271295,1.8941278845681575,0.25,SR,SR_mean,rheology_enhanced,XGBoost
38,0.5222053878622981,0.6683019574483234,0.7608975753736636,0.41666666666666663,SR,SR_mean,rheology_enhanced,XGBoost
39,0.18212920916353592,0.5595742127895358,0.7722882928039411,0.8571428571428572,SR,SR_mean,rheology_enhanced,XGBoost
40,0.7535164766754489,0.5130880832672118,0.6356496339991411,0.9101959590540767,SR,SR_mean,rheology_enhanced,XGBoost
41,-0.32917689034865494,1.0676725408766004,1.4917438383944255,0.26666666666666666,SR,SR_mean,rheology_enhanced,XGBoost
42,0.10501120172343081,0.8141867383321126,1.1211237421716853,0.35146751167740364,SR,SR_mean,rheology_enhanced,XGBoost
43,0.2874613565688472,0.7864618960486518,1.0437130808673352,0.5606743638663344,SR,SR_mean,rheology_enhanced,XGBoost
44,-0.368953553920468,1.1421088688373566,1.3875922661385227,0.4523809523809524,SR,SR_mean,rheology_enhanced,XGBoost
45,-0.9923774118867412,0.9094632787704467,1.5572303555705604,0.1666666666666667,SR,SR_mean,rheology_enhanced,XGBoost
46,0.01094899090504553,0.8404372085995145,1.2587360204875384,0.43333333333333335,SR,SR_mean,rheology_enhanced,XGBoost
47,0.025234299789448467,0.8840470589531793,1.1242586996373387,0.13333333333333333,SR,SR_mean,rheology_enhanced,XGBoost
48,0.3945046345064438,0.9016772664388021,1.0553225365066061,0.7999999999999999,SR,SR_mean,rheology_enhanced,XGBoost
49,0.5423345191195726,0.7149945645332336,0.8464133272898331,0.9761904761904763,SR,SR_mean,rheology_enhanced,XGBoost
50,-0.43828606582921803,0.9716389846801758,1.5121416749177692,-0.023809523809523815,SR,SR_mean,rheology_enhanced,XGBoost
51,-1.3643297951247728,1.3949296175638837,2.0320166172165997,-0.15,SR,SR_mean,rheology_enhanced,XGBoost
52,0.2657482995150954,0.44560389561123315,0.7333791960455442,0.7,SR,SR_mean,rheology_enhanced,XGBoost
53,-0.30705602849523284,0.7416441968282064,0.8859420097874278,0.11666666666666665,SR,SR_mean,rheology_enhanced,XGBoost
54,0.11791175952170996,1.3503472957611085,1.5843390669630584,0.5714285714285715,SR,SR_mean,rheology_enhanced,XGBoost
55,0.3473803029729452,0.8095964412689209,0.9795021001246008,0.5476190476190477,SR,SR_mean,rheology_enhanced,XGBoost
56,-0.6110894508405054,1.5070632788340252,1.9638378811069543,-0.03333333333333333,SR,SR_mean,rheology_enhanced,XGBoost
57,-3.336261957588767,0.8108581123352052,0.9212940933381317,0.39999999999999997,SR,SR_mean,rheology_enhanced,XGBoost
58,0.1924305973813054,0.9323484937879774,1.1104810079112797,0.9166666666666666,SR,SR_mean,rheology_enhanced,XGBoost
59,-0.25082104053262233,0.8241165795326232,0.9790354126838499,0.8862434338158116,SR,SR_mean,rheology_enhanced,XGBoost
60,0.1230995742813571,0.9019134426116944,1.0108513726926471,0.407192929050508,SR,SR_mean,rheology_enhanced,XGBoost
61,0.18647021836250444,1.0091947135925292,1.2281133091330376,0.5188329934285483,SR,SR_mean,rheology_enhanced,XGBoost
62,-0.11683736133497002,1.2556178983052573,1.5342127381955897,0.41666666666666663,SR,SR_mean,rheology_enhanced,XGBoost
63,0.5156942633355999,0.6957377861870659,0.8983789222876322,0.8166666666666667,SR,SR_mean,rheology_enhanced,XGBoost
64,0.7993982790379102,0.3569839816093445,0.42381041431863914,0.880952380952381,SR,SR_mean,rheology_enhanced,XGBoost
65,-0.940440793311585,0.9261081757545471,1.6489716905014007,0.07142857142857144,SR,SR_mean,rheology_enhanced,XGBoost
66,-0.4875517862607086,1.172201285680135,1.567541882102559,-0.09999999999999999,SR,SR_mean,rheology_enhanced,XGBoost
67,0.5558231616025777,0.5683158450656467,0.6811648047703838,0.7666666666666667,SR,SR_mean,rheology_enhanced,XGBoost
68,-0.7169908401561578,1.1183513654073078,1.6512433887627531,0.26666666666666666,SR,SR_mean,rheology_enhanced,XGBoost
69,0.6477056323415997,0.5964538836479187,0.8153600489716272,0.8095238095238096,SR,SR_mean,rheology_enhanced,XGBoost
70,0.5543501211670667,0.7107316575050353,0.9499661932145869,0.6586944440522925,SR,SR_mean,rheology_enhanced,XGBoost
71,0.14077634117387583,0.6349766782124837,1.3537408760349894,0.39999999999999997,SR,SR_mean,rheology_enhanced,XGBoost
72,0.3286307736151406,0.7734401149749753,0.9972126451205351,0.7364081197050363,SR,SR_mean,rheology_enhanced,XGBoost
73,0.19009902538616918,0.8837558720906576,1.1051723216422809,0.43333333333333335,SR,SR_mean,rheology_enhanced,XGBoost
74,-2.3498950141631054,1.2468607769012454,1.8162628637244733,0.19162020190612142,SR,SR_mean,rheology_enhanced,XGBoost
75,0.49390306573442333,0.7308104667663575,0.8916589767319052,0.8095238095238096,SR,SR_mean,rheology_enhanced,XGBoost
76,0.6083449640020657,0.6339558898078071,0.8194211343577665,0.8166666666666667,SR,SR_mean,rheology_enhanced,XGBoost
77,-0.2891470532692768,1.2202578461964926,1.811208406225302,0.2333333333333333,SR,SR_mean,rheology_enhanced,XGBoost
78,0.17222813813292537,1.0308323419358993,1.2706771261284182,0.45,SR,SR_mean,rheology_enhanced,XGBoost
79,-1.5217757688760147,0.9450237684249878,1.021935313988644,0.7619047619047621,SR,SR_mean,rheology_enhanced,XGBoost
80,-0.3788870957086028,0.7997453498840332,1.0163925681555663,0.4285714285714286,SR,SR_mean,rheology_enhanced,XGBoost
81,-0.529379126888013,0.829913438161214,1.4775503569394335,0.35,SR,SR_mean,rheology_enhanced,XGBoost
82,0.46026430900756,0.40739602661132807,0.5792459345706258,0.4686233489032049,SR,SR_mean,rheology_enhanced,XGBoost
83,0.008256890839360098,0.9143189904954698,1.1825322267492555,0.6833333333333333,SR,SR_mean,rheology_enhanced,XGBoost
84,0.3903641853917388,0.866356323003769,1.1959505603317824,0.5952380952380953,SR,SR_mean,rheology_enhanced,XGBoost
85,0.0947575846998222,1.1130548136234284,1.4518123058904715,0.3571428571428572,SR,SR_mean,rheology_enhanced,XGBoost
86,0.3685315205031916,0.626381315867106,0.8056605835888259,0.75,SR,SR_mean,rheology_enhanced,XGBoost
87,0.794359307606201,0.4925553607940673,0.574943484142664,0.9166666666666666,SR,SR_mean,rheology_enhanced,XGBoost
88,0.3021564164648747,0.8940211452907989,1.1499676519802555,0.45,SR,SR_mean,rheology_enhanced,XGBoost
89,0.311676581103547,0.6372588396072387,0.9554918141288734,0.7380952380952381,SR,SR_mean,rheology_enhanced,XGBoost
90,-0.6113623072090695,1.443180181980133,1.949800583334432,-0.09523809523809526,SR,SR_mean,rheology_enhanced,XGBoost
91,0.003786939331320349,0.8462777057223849,1.1048843033027211,0.4666666666666666,SR,SR_mean,rheology_enhanced,XGBoost
92,-1.0059773574237463,1.2573805325826009,1.8944366123499912,-0.016666666666666666,SR,SR_mean,rheology_enhanced,XGBoost
93,-0.21919839038154754,1.1916455838945177,1.4113750896888628,0.21666666666666667,SR,SR_mean,rheology_enhanced,XGBoost
94,-0.7143129986304111,0.8737529869079591,1.0473978961981185,-0.09523809523809526,SR,SR_mean,rheology_enhanced,XGBoost
95,0.4542997740765482,0.797063286781311,0.8645247795845368,0.7380952380952381,SR,SR_mean,rheology_enhanced,XGBoost
96,0.6362651078187177,0.6015149968465168,0.7217782635475618,0.7999999999999999,SR,SR_mean,rheology_enhanced,XGBoost
97,0.5456028455904959,0.6552383876376682,0.7992143364109559,0.7999999999999999,SR,SR_mean,rheology_enhanced,XGBoost
98,0.08944731889642521,0.9271914486355253,1.3603452388006039,0.38333333333333336,SR,SR_mean,rheology_enhanced,XGBoost
99,-0.3861351105062989,0.6810392274856566,0.7659796389713922,0.1666666666666667,SR,SR_mean,rheology_enhanced,XGBoost
100,0.06722073337891987,1.1440354526042937,1.5478720156762176,0.38095238095238104,SR,SR_mean,rheology_enhanced,XGBoost
1,0.3630970505660457,0.5458742773447625,0.726672198187914,0.7380952380952381,Qm,Qm_mean_mg_s,core,LinearRegression
2,0.13601216565631702,0.47695964034042626,0.5552958352362056,0.6904761904761906,Qm,Qm_mean_mg_s,core,LinearRegression
3,0.041432439800452414,0.3308499121760274,0.36778410231138126,0.4285714285714286,Qm,Qm_mean_mg_s,core,LinearRegression
4,0.07470480563271564,0.28361620315292346,0.30625170043514394,0.7142857142857144,Qm,Qm_mean_mg_s,core,LinearRegression
5,0.1799575232930557,0.6420636673947409,0.7363834747349519,0.4285714285714286,Qm,Qm_mean_mg_s,core,LinearRegression
6,0.32027144420265496,0.3936585550473773,0.5208516309096514,0.28571428571428575,Qm,Qm_mean_mg_s,core,LinearRegression
7,0.32932323894577187,0.37902250070509214,0.40928136459775977,0.6428571428571429,Qm,Qm_mean_mg_s,core,LinearRegression
8,-8.08461894868334,0.45719002753772736,0.5000013322130951,0.11904761904761905,Qm,Qm_mean_mg_s,core,LinearRegression
9,0.2589574596630482,0.6870082880138599,0.8856752031194032,0.7142857142857144,Qm,Qm_mean_mg_s,core,LinearRegression
10,-0.0940510192161168,0.49522069459622686,0.5713127048156266,0.09523809523809526,Qm,Qm_mean_mg_s,core,LinearRegression
11,0.2314622741363327,0.49411139528843745,0.5686622919979146,0.7857142857142858,Qm,Qm_mean_mg_s,core,LinearRegression
12,0.3500270495578124,0.40255563686458495,0.6689567372849058,0.8571428571428572,Qm,Qm_mean_mg_s,core,LinearRegression
13,-3.6681143070184383,0.37302028472937465,0.4172287354097286,0.7857142857142858,Qm,Qm_mean_mg_s,core,LinearRegression
14,-0.9314482758239033,0.5606484580546396,0.6191003855367372,0.3571428571428572,Qm,Qm_mean_mg_s,core,LinearRegression
15,0.11564174764397617,0.6230309018969147,0.7089472618705029,0.7142857142857144,Qm,Qm_mean_mg_s,core,LinearRegression
16,-0.09280738675124378,0.336340912344126,0.4021976292193438,0.880952380952381,Qm,Qm_mean_mg_s,core,LinearRegression
17,0.25900730256162763,0.5642933937029883,0.7268900137148885,0.5476190476190477,Qm,Qm_mean_mg_s,core,LinearRegression
18,-0.0020661052516590672,0.6000787482534892,0.7365551154782485,0.5476190476190477,Qm,Qm_mean_mg_s,core,LinearRegression
19,-0.07148198491908864,0.3635550572976739,0.4259689906497075,0.7857142857142858,Qm,Qm_mean_mg_s,core,LinearRegression
20,0.3396628702015879,0.39334643494494104,0.45262504287287825,0.523809523809524,Qm,Qm_mean_mg_s,core,LinearRegression
21,0.1946431277735846,0.5649519559377376,0.6861640404792508,0.880952380952381,Qm,Qm_mean_mg_s,core,LinearRegression
22,0.009616673945108567,0.4965482514400211,0.594071734554157,0.3571428571428572,Qm,Qm_mean_mg_s,core,LinearRegression
23,-0.3363539258743937,0.40510210231957033,0.46245888890771664,0.4047619047619048,Qm,Qm_mean_mg_s,core,LinearRegression
24,-2.452368996979443,0.2932197911956509,0.3522518677698897,0.2142857142857143,Qm,Qm_mean_mg_s,core,LinearRegression
25,0.3380446974782254,0.5740657019719404,0.7256968992969793,0.9047619047619048,Qm,Qm_mean_mg_s,core,LinearRegression
26,0.15872456690336967,0.496335042818552,0.533139852740398,0.5476190476190477,Qm,Qm_mean_mg_s,core,LinearRegression
27,0.34335689978204986,0.541030585818927,0.5906631997222273,0.7380952380952381,Qm,Qm_mean_mg_s,core,LinearRegression
28,0.36015116924302093,0.38670740522980773,0.6595659871706149,0.7619047619047621,Qm,Qm_mean_mg_s,core,LinearRegression
29,0.4161423547959566,0.3624067299118855,0.5302706946886258,0.7619047619047621,Qm,Qm_mean_mg_s,core,LinearRegression
30,-4.721396218479127,0.4286226448996654,0.4653603020009225,0.11904761904761905,Qm,Qm_mean_mg_s,core,LinearRegression
31,0.12535937776625938,0.6327995284143108,0.7628285242256124,0.38095238095238104,Qm,Qm_mean_mg_s,core,LinearRegression
32,-1.4096783743848662,0.5945454159047019,0.6590909008351191,0.5476190476190477,Qm,Qm_mean_mg_s,core,LinearRegression
33,-1.756945093670899,0.32372808604099607,0.38693801765474234,0.2380952380952381,Qm,Qm_mean_mg_s,core,LinearRegression
34,-0.05651497418263052,0.31485776598342124,0.3805610890514499,0.6190476190476191,Qm,Qm_mean_mg_s,core,LinearRegression
35,0.22194880480387003,0.6140725403974573,0.8536011805991351,0.5476190476190477,Qm,Qm_mean_mg_s,core,LinearRegression
36,0.17822955083301273,0.33784642452729124,0.4003364354302983,0.5714285714285715,Qm,Qm_mean_mg_s,core,LinearRegression
37,0.3715069144716646,0.5356937049193592,0.7066016598994842,0.7380952380952381,Qm,Qm_mean_mg_s,core,LinearRegression
38,0.030840144514325374,0.3506393923085809,0.3820947011770065,0.7380952380952381,Qm,Qm_mean_mg_s,core,LinearRegression
39,0.10477426601623141,0.46382128280742174,0.4995320926697305,0.7142857142857144,Qm,Qm_mean_mg_s,core,LinearRegression
40,0.27556103860174463,0.5489511101351998,0.7177295043268733,0.7380952380952381,Qm,Qm_mean_mg_s,core,LinearRegression
41,0.2888395707251453,0.5413873829996132,0.7123010499243664,0.5952380952380953,Qm,Qm_mean_mg_s,core,LinearRegression
42,0.330577622796827,0.48288256683198,0.5968040261572019,0.5714285714285715,Qm,Qm_mean_mg_s,core,LinearRegression
43,0.5368036866883645,0.3438156649475531,0.4467442210652293,0.8333333333333335,Qm,Qm_mean_mg_s,core,LinearRegression
44,0.2528031157848487,0.4238208125019764,0.5314614237300738,0.7857142857142858,Qm,Qm_mean_mg_s,core,LinearRegression
45,-7.825282033216437,0.502736960264861,0.6076228566837969,0.1666666666666667,Qm,Qm_mean_mg_s,core,LinearRegression
46,0.4052688157018284,0.3327521424037245,0.47239189843273616,0.6428571428571429,Qm,Qm_mean_mg_s,core,LinearRegression
47,0.006488661641532167,0.7326330520896613,1.0001026095686185,0.8333333333333335,Qm,Qm_mean_mg_s,core,LinearRegression
48,-1.1698359790571473,0.5707237267053917,0.6067237911645088,0.4523809523809524,Qm,Qm_mean_mg_s,core,LinearRegression
49,-1.9483987439509138,0.4554897245514379,0.5073074897365364,0.4761904761904762,Qm,Qm_mean_mg_s,core,LinearRegression
50,-0.688200999754107,0.3706342681975999,0.40030595376414163,0.4761904761904762,Qm,Qm_mean_mg_s,core,LinearRegression
51,0.055472623211064165,0.5359600316896993,0.5921775005507214,0.4523809523809524,Qm,Qm_mean_mg_s,core,LinearRegression
52,0.48867092314448013,0.3279712894345085,0.4183339137461477,0.5476190476190477,Qm,Qm_mean_mg_s,core,LinearRegression
53,0.1728958917546055,0.4925421499788161,0.6976585787302186,0.5476190476190477,Qm,Qm_mean_mg_s,core,LinearRegression
54,-0.23849147602281806,0.3947763692016249,0.4675960355172614,0.7142857142857144,Qm,Qm_mean_mg_s,core,LinearRegression
55,0.30514372530614164,0.4908979806926728,0.6165579429729808,0.6904761904761906,Qm,Qm_mean_mg_s,core,LinearRegression
56,0.22985956981727262,0.6553014338812212,0.7707073735994948,0.9523809523809524,Qm,Qm_mean_mg_s,core,LinearRegression
57,-0.042396904176244865,0.44142810428551515,0.4716614806331601,0.6904761904761906,Qm,Qm_mean_mg_s,core,LinearRegression
58,0.2634168840587954,0.514186484630314,0.7045152225823672,0.6190476190476191,Qm,Qm_mean_mg_s,core,LinearRegression
59,0.07263808091519586,0.46076130323611086,0.5625883122296504,-0.28571428571428575,Qm,Qm_mean_mg_s,core,LinearRegression
60,0.22966436865694162,0.28518385181642736,0.36004386753025813,0.7857142857142858,Qm,Qm_mean_mg_s,core,LinearRegression
61,-0.18359659030145115,0.4453391235948775,0.4757306450288929,0.4761904761904762,Qm,Qm_mean_mg_s,core,LinearRegression
62,0.32824515684823663,0.559390346762771,0.6773915152016173,0.6428571428571429,Qm,Qm_mean_mg_s,core,LinearRegression
63,-2.0287618307821487,0.3333725668540046,0.3944909164971871,0.14285714285714288,Qm,Qm_mean_mg_s,core,LinearRegression
64,0.30056184222845805,0.4934166652760323,0.7047269582576577,0.2142857142857143,Qm,Qm_mean_mg_s,core,LinearRegression
65,0.3570684441704226,0.42326864642206125,0.5362651877078601,0.8095238095238096,Qm,Qm_mean_mg_s,core,LinearRegression
66,0.14816903472159437,0.6986974889941027,0.927152609871377,0.5714285714285715,Qm,Qm_mean_mg_s,core,LinearRegression
67,0.33232261940211605,0.506987069047559,0.6299981908355514,0.880952380952381,Qm,Qm_mean_mg_s,core,LinearRegression
68,-0.7367449285576964,0.3458473304144261,0.3581584466942591,0.523809523809524,Qm,Qm_mean_mg_s,core,LinearRegression
69,-1.1728042669895804,0.4510311516250194,0.5502468077489078,0.523809523809524,Qm,Qm_mean_mg_s,core,LinearRegression
70,-0.0799944455210948,0.3941320236082396,0.439453227632022,0.7619047619047621,Qm,Qm_mean_mg_s,core,LinearRegression
71,-5.421542201814121,0.494809163693548,0.532929144962807,0.8571428571428572,Qm,Qm_mean_mg_s,core,LinearRegression
72,-7.95892530333564,0.6426173888121509,0.7238650870267135,0.2380952380952381,Qm,Qm_mean_mg_s,core,LinearRegression
73,-0.22728134855661253,0.3977939796097831,0.46601455255515517,0.8333333333333335,Qm,Qm_mean_mg_s,core,LinearRegression
74,0.1369486017070478,0.7826370376045236,1.0055437177697324,0.7619047619047621,Qm,Qm_mean_mg_s,core,LinearRegression
75,0.23690041565554576,0.3737131591820615,0.5269624718572157,0.8095238095238096,Qm,Qm_mean_mg_s,core,LinearRegression
76,-3.8666638980202244,0.36276140516145,0.4452209046061435,0.3571428571428572,Qm,Qm_mean_mg_s,core,LinearRegression
77,0.4209687886465907,0.45977663751261055,0.6439764186354806,0.8095238095238096,Qm,Qm_mean_mg_s,core,LinearRegression
78,0.28350291858898147,0.4936146834600985,0.6913062055256199,0.6190476190476191,Qm,Qm_mean_mg_s,core,LinearRegression
79,0.4473399958159412,0.4071906150833774,0.5288334454291483,0.7619047619047621,Qm,Qm_mean_mg_s,core,LinearRegression
80,-0.8442937440924199,0.5230446402905435,0.5588923458609508,0.6904761904761906,Qm,Qm_mean_mg_s,core,LinearRegression
81,-0.878379509308655,0.3873947065545075,0.4231714867321137,0.07142857142857144,Qm,Qm_mean_mg_s,core,LinearRegression
82,0.1409485542969613,0.5437722358050667,0.6451072615881728,0.4761904761904762,Qm,Qm_mean_mg_s,core,LinearRegression
83,0.5114319842608144,0.36428830852251626,0.5141050757530375,0.7619047619047621,Qm,Qm_mean_mg_s,core,LinearRegression
84,-0.47036294001362,0.38841041785582336,0.4443963572989537,0.6428571428571429,Qm,Qm_mean_mg_s,core,LinearRegression
85,0.2530565918523776,0.5741333326981162,0.7320699249165294,0.880952380952381,Qm,Qm_mean_mg_s,core,LinearRegression
86,0.3481919297708632,0.5734480198587829,0.7152900111679807,0.9047619047619048,Qm,Qm_mean_mg_s,core,LinearRegression
87,0.3420828806531604,0.5780615610629296,0.6737519934824276,0.7619047619047621,Qm,Qm_mean_mg_s,core,LinearRegression
88,0.18418056248222725,0.4391791749073096,0.553447087010959,0.6190476190476191,Qm,Qm_mean_mg_s,core,LinearRegression
89,0.5859273697667131,0.2403650326047409,0.2861107547906348,0.8571428571428572,Qm,Qm_mean_mg_s,core,LinearRegression
90,-2.0218042038166026,0.39725122644163546,0.46032659389526825,0.3333333333333334,Qm,Qm_mean_mg_s,core,LinearRegression
91,-2.5814213042888237,0.4919513982537621,0.5457774467722866,0.3333333333333334,Qm,Qm_mean_mg_s,core,LinearRegression
92,-0.41980640382266277,0.9706791184535581,1.1909764243904424,0.9047619047619048,Qm,Qm_mean_mg_s,core,LinearRegression
93,0.04522222433767675,0.3571570533428361,0.4093903971364554,0.7142857142857144,Qm,Qm_mean_mg_s,core,LinearRegression
94,-0.21689994782879762,0.393376078082085,0.41856650858331473,0.5952380952380953,Qm,Qm_mean_mg_s,core,LinearRegression
95,-0.10210310728943361,0.33061894174285816,0.38715142933443447,0.30952380952380953,Qm,Qm_mean_mg_s,core,LinearRegression
96,-3.8974834376384884,0.6074503099016407,0.6931333680668615,0.8095238095238096,Qm,Qm_mean_mg_s,core,LinearRegression
97,0.01237940964068518,0.7255268030355797,0.9321139615780583,0.8095238095238096,Qm,Qm_mean_mg_s,core,LinearRegression
98,0.4554135868575384,0.39709567252129946,0.5414712263885267,0.7380952380952381,Qm,Qm_mean_mg_s,core,LinearRegression
99,-0.6797928612819106,0.3608262344107731,0.39409266489463735,0.4761904761904762,Qm,Qm_mean_mg_s,core,LinearRegression
100,0.19978655978974036,0.3260104409672621,0.3725914867672928,0.7857142857142858,Qm,Qm_mean_mg_s,core,LinearRegression
1,0.7642510081183187,0.3170566472118425,0.4421064356692816,0.9047619047619048,Qm,Qm_mean_mg_s,core,SVR_RBF
2,0.9515111521189094,0.11214823474874357,0.13155020681250762,0.9761904761904763,Qm,Qm_mean_mg_s,core,SVR_RBF
3,0.48055675943594756,0.19004173956012216,0.2707388865709255,0.880952380952381,Qm,Qm_mean_mg_s,core,SVR_RBF
4,0.9366518752641895,0.0603345138252514,0.08013186248430493,0.9761904761904763,Qm,Qm_mean_mg_s,core,SVR_RBF
5,0.7673833274692357,0.30658122374306307,0.3921988167710948,0.7142857142857144,Qm,Qm_mean_mg_s,core,SVR_RBF
6,0.6908442675687895,0.2530080403411436,0.3512650353342718,0.9285714285714287,Qm,Qm_mean_mg_s,core,SVR_RBF
7,0.7390765233683236,0.17009996739143785,0.2552830147155173,0.9761904761904763,Qm,Qm_mean_mg_s,core,SVR_RBF
8,-1.457530611435217,0.20229835194089438,0.26005623561659774,0.3333333333333334,Qm,Qm_mean_mg_s,core,SVR_RBF
9,0.7338469423922338,0.3530700881165869,0.530785005351302,0.8333333333333335,Qm,Qm_mean_mg_s,core,SVR_RBF
10,0.7656817065477831,0.19250710688481198,0.26439801621571274,0.9285714285714287,Qm,Qm_mean_mg_s,core,SVR_RBF
11,0.8839914820271446,0.1476944894312035,0.22093614654100405,0.9285714285714287,Qm,Qm_mean_mg_s,core,SVR_RBF
12,0.5837902186581944,0.31068049425350497,0.535311448506053,0.7857142857142858,Qm,Qm_mean_mg_s,core,SVR_RBF
13,-2.0969547930911374,0.20019718741573111,0.3398371895891617,0.880952380952381,Qm,Qm_mean_mg_s,core,SVR_RBF
14,0.9840325366668052,0.05018791131039482,0.056290809884244654,1.0,Qm,Qm_mean_mg_s,core,SVR_RBF
15,0.6355815547975672,0.37071515296910174,0.45509282507950194,0.9047619047619048,Qm,Qm_mean_mg_s,core,SVR_RBF
16,0.9252251477544885,0.08710227295881971,0.10520720356582675,1.0,Qm,Qm_mean_mg_s,core,SVR_RBF
17,0.8554331057568236,0.247282035854693,0.32106736511343076,0.8571428571428572,Qm,Qm_mean_mg_s,core,SVR_RBF
18,0.7197029697952999,0.29091712762880234,0.38955278365184837,0.9761904761904763,Qm,Qm_mean_mg_s,core,SVR_RBF
19,0.7723494846688906,0.11067323823496615,0.19634500934194649,0.9761904761904763,Qm,Qm_mean_mg_s,core,SVR_RBF
20,0.8532406758809975,0.17137016230557642,0.21338238825659792,0.9523809523809524,Qm,Qm_mean_mg_s,core,SVR_RBF
21,0.5431119058053582,0.44286457089353287,0.5168192607684957,0.8095238095238096,Qm,Qm_mean_mg_s,core,SVR_RBF
22,0.8181365004550799,0.17741015507303776,0.2545716288731984,0.9761904761904763,Qm,Qm_mean_mg_s,core,SVR_RBF
23,0.7642368870565416,0.13540216282849932,0.19424520775914178,0.9761904761904763,Qm,Qm_mean_mg_s,core,SVR_RBF
24,0.8934788108994188,0.05526069246989866,0.061874642624339,0.8571428571428572,Qm,Qm_mean_mg_s,core,SVR_RBF
25,0.6605562390225976,0.2438649771605334,0.5196666542803756,0.9761904761904763,Qm,Qm_mean_mg_s,core,SVR_RBF
26,0.7028507347944614,0.2541468254394743,0.31685413170540977,0.7380952380952381,Qm,Qm_mean_mg_s,core,SVR_RBF
27,0.8925928986061534,0.1536524918208244,0.2388865614949255,0.9047619047619048,Qm,Qm_mean_mg_s,core,SVR_RBF
28,0.5839191778623849,0.2811563282398476,0.5318735711825667,0.9285714285714287,Qm,Qm_mean_mg_s,core,SVR_RBF
29,0.8085185095185115,0.2243718713144474,0.3036739514328911,0.9047619047619048,Qm,Qm_mean_mg_s,core,SVR_RBF
30,-0.01982613979148673,0.15773405481609148,0.19647232751233398,0.880952380952381,Qm,Qm_mean_mg_s,core,SVR_RBF
31,0.39488116708368615,0.4312856998619505,0.6345011840432445,0.9523809523809524,Qm,Qm_mean_mg_s,core,SVR_RBF
32,0.6938677622809807,0.1684584442127181,0.23492017134889395,0.9285714285714287,Qm,Qm_mean_mg_s,core,SVR_RBF
33,0.06876747206752609,0.1538668019790285,0.22488288938879858,0.6428571428571429,Qm,Qm_mean_mg_s,core,SVR_RBF
34,0.9382665946994804,0.07993668967475528,0.09199128168965837,1.0,Qm,Qm_mean_mg_s,core,SVR_RBF
35,0.22447622327968186,0.5100658342364855,0.8522136354812616,0.9047619047619048,Qm,Qm_mean_mg_s,core,SVR_RBF
36,0.7768454892770218,0.12498440417248653,0.20861843967787258,0.9047619047619048,Qm,Qm_mean_mg_s,core,SVR_RBF
37,0.7038274872461514,0.4007883445167204,0.4850614673942164,0.880952380952381,Qm,Qm_mean_mg_s,core,SVR_RBF
38,0.9414254744020357,0.0710065631304111,0.09393505558550592,0.9523809523809524,Qm,Qm_mean_mg_s,core,SVR_RBF
39,0.7634930215432034,0.19096831574787274,0.25675511003165546,1.0,Qm,Qm_mean_mg_s,core,SVR_RBF
40,0.608959372905288,0.24234067895445363,0.5273158678779536,0.8571428571428572,Qm,Qm_mean_mg_s,core,SVR_RBF
41,0.8297667706665415,0.2451347470667503,0.3484993413938759,0.9761904761904763,Qm,Qm_mean_mg_s,core,SVR_RBF
42,0.8190716685591759,0.19358964564891895,0.31026652420698253,0.9761904761904763,Qm,Qm_mean_mg_s,core,SVR_RBF
43,0.9670529838370175,0.10270086763164554,0.1191473646160593,0.9761904761904763,Qm,Qm_mean_mg_s,core,SVR_RBF
44,0.4495734202149153,0.34998663702301547,0.4561460508913276,0.6904761904761906,Qm,Qm_mean_mg_s,core,SVR_RBF
45,0.5482035054540628,0.10327224018900967,0.13748054149591155,0.7857142857142858,Qm,Qm_mean_mg_s,core,SVR_RBF
46,0.8260216843897796,0.19714758064320748,0.25549925976829907,0.9285714285714287,Qm,Qm_mean_mg_s,core,SVR_RBF
47,0.4435796761787044,0.46180678384652335,0.7484445648219474,0.9761904761904763,Qm,Qm_mean_mg_s,core,SVR_RBF
48,0.21495397391188398,0.31206362540711396,0.3649430789162358,0.5952380952380953,Qm,Qm_mean_mg_s,core,SVR_RBF
49,0.2272920673296679,0.21527782115053784,0.2597083127642264,0.880952380952381,Qm,Qm_mean_mg_s,core,SVR_RBF
50,0.587174867568757,0.16831124080173238,0.19795343273746757,0.9523809523809524,Qm,Qm_mean_mg_s,core,SVR_RBF
51,0.6903927814329842,0.20453804954423654,0.3390393965251736,0.9285714285714287,Qm,Qm_mean_mg_s,core,SVR_RBF
52,0.8857329705908299,0.13894982365549147,0.19775765218359467,0.8571428571428572,Qm,Qm_mean_mg_s,core,SVR_RBF
53,0.5849177169335674,0.2771684995822729,0.49423096109989273,0.9047619047619048,Qm,Qm_mean_mg_s,core,SVR_RBF
54,0.5968069171609103,0.19087227248142247,0.26679694100374796,0.7857142857142858,Qm,Qm_mean_mg_s,core,SVR_RBF
55,0.9352828674954894,0.13757075260732554,0.1881637840611038,0.9047619047619048,Qm,Qm_mean_mg_s,core,SVR_RBF
56,0.6425594832031867,0.2863625631972717,0.5250569870474298,0.880952380952381,Qm,Qm_mean_mg_s,core,SVR_RBF
57,0.6611140696488171,0.16857309797481235,0.2689308489165184,0.7380952380952381,Qm,Qm_mean_mg_s,core,SVR_RBF
58,0.7304382591398444,0.2704858817839854,0.42619527223995746,1.0,Qm,Qm_mean_mg_s,core,SVR_RBF
59,0.8248504609268743,0.1612930275168178,0.24449533420835626,0.9761904761904763,Qm,Qm_mean_mg_s,core,SVR_RBF
60,0.445227058841533,0.22599019228236777,0.3055435077640031,0.9047619047619048,Qm,Qm_mean_mg_s,core,SVR_RBF
61,0.945589803167969,0.0813908787222283,0.10199982437211129,0.9761904761904763,Qm,Qm_mean_mg_s,core,SVR_RBF
62,0.7130239752321212,0.2835172414733267,0.4427485597066701,0.9285714285714287,Qm,Qm_mean_mg_s,core,SVR_RBF
63,-1.511034371200644,0.27514800912062665,0.3591954068504199,0.7380952380952381,Qm,Qm_mean_mg_s,core,SVR_RBF
64,0.8114158204248041,0.21554782391143118,0.3659307052795657,0.9523809523809524,Qm,Qm_mean_mg_s,core,SVR_RBF
65,0.7511473749059926,0.27305846948645357,0.3336324981389666,0.9523809523809524,Qm,Qm_mean_mg_s,core,SVR_RBF
66,0.6371461041708597,0.3822010554185614,0.6051184694439784,0.9523809523809524,Qm,Qm_mean_mg_s,core,SVR_RBF
67,0.8523748655584661,0.19456626311641945,0.29623483268495004,0.9523809523809524,Qm,Qm_mean_mg_s,core,SVR_RBF
68,-2.4753121944166576,0.3434749838663423,0.506645384145589,0.6666666666666669,Qm,Qm_mean_mg_s,core,SVR_RBF
69,0.6597429779459896,0.13035976351326511,0.21774629658991257,0.9047619047619048,Qm,Qm_mean_mg_s,core,SVR_RBF
70,0.9317363798899553,0.095950940753754,0.11048327911272997,1.0,Qm,Qm_mean_mg_s,core,SVR_RBF
71,0.7863492236104109,0.07917479353463039,0.09720800693646313,0.9523809523809524,Qm,Qm_mean_mg_s,core,SVR_RBF
72,-1.5971718695087223,0.31613444193547846,0.38974452033602297,0.38095238095238104,Qm,Qm_mean_mg_s,core,SVR_RBF
73,-0.011067676670472926,0.3116515480283066,0.4229777523196012,0.880952380952381,Qm,Qm_mean_mg_s,core,SVR_RBF
74,0.6227193581041152,0.4405399536715422,0.6648365511919351,1.0,Qm,Qm_mean_mg_s,core,SVR_RBF
75,0.7302616848809544,0.23349841307489103,0.31330000320401435,0.9523809523809524,Qm,Qm_mean_mg_s,core,SVR_RBF
76,0.4405294569829864,0.1093513315171906,0.15095534092026844,0.5476190476190477,Qm,Qm_mean_mg_s,core,SVR_RBF
77,0.6987767452666087,0.27858910209513,0.4644759438114994,0.9761904761904763,Qm,Qm_mean_mg_s,core,SVR_RBF
78,0.8220375792104605,0.22207703870206708,0.3445302782471283,0.9047619047619048,Qm,Qm_mean_mg_s,core,SVR_RBF
79,0.8491242179328987,0.21406289838349246,0.2763119469088917,0.9047619047619048,Qm,Qm_mean_mg_s,core,SVR_RBF
80,0.7265878468117499,0.14693871659280514,0.21518996895041634,0.7857142857142858,Qm,Qm_mean_mg_s,core,SVR_RBF
81,0.8779586458598196,0.09182609689282342,0.10786442561943953,0.9523809523809524,Qm,Qm_mean_mg_s,core,SVR_RBF
82,0.5345759801216106,0.3177548785598879,0.4748393922093459,0.8571428571428572,Qm,Qm_mean_mg_s,core,SVR_RBF
83,0.7591297766932567,0.28797353467334924,0.36097816518374504,0.9047619047619048,Qm,Qm_mean_mg_s,core,SVR_RBF
84,0.7996044630298731,0.12958780448168564,0.16405982311126688,0.9761904761904763,Qm,Qm_mean_mg_s,core,SVR_RBF
85,0.6424457479697541,0.22756909201169012,0.5065002796468207,0.9761904761904763,Qm,Qm_mean_mg_s,core,SVR_RBF
86,0.6412381893720577,0.27658836811762594,0.5306710515454849,0.9523809523809524,Qm,Qm_mean_mg_s,core,SVR_RBF
87,0.7311720360642573,0.30598082520202313,0.43067701171571676,0.9761904761904763,Qm,Qm_mean_mg_s,core,SVR_RBF
88,0.8935972296690345,0.12837304389699733,0.19987365277285032,0.880952380952381,Qm,Qm_mean_mg_s,core,SVR_RBF
89,0.4249281489543302,0.2259451021638919,0.33717624948494573,0.9285714285714287,Qm,Qm_mean_mg_s,core,SVR_RBF
90,0.3368183873487026,0.1423356035714098,0.2156498415154653,0.9047619047619048,Qm,Qm_mean_mg_s,core,SVR_RBF
91,0.863956003543936,0.09293232384576615,0.10637205994318806,0.9761904761904763,Qm,Qm_mean_mg_s,core,SVR_RBF
92,0.2732980636512804,0.6159066118036123,0.8520532905551044,0.9523809523809524,Qm,Qm_mean_mg_s,core,SVR_RBF
93,0.5454976145944301,0.19127792023865436,0.28245845819538135,0.9761904761904763,Qm,Qm_mean_mg_s,core,SVR_RBF
94,0.7233523512966343,0.10669011540508205,0.19957242339331863,0.7857142857142858,Qm,Qm_mean_mg_s,core,SVR_RBF
95,0.46621882589566876,0.1839996183755388,0.2694333679449507,0.7619047619047621,Qm,Qm_mean_mg_s,core,SVR_RBF
96,0.5469483232001766,0.1559509945948116,0.21081630141722016,0.9285714285714287,Qm,Qm_mean_mg_s,core,SVR_RBF
97,0.38692919840437423,0.45731868068391746,0.7343942393281622,0.8571428571428572,Qm,Qm_mean_mg_s,core,SVR_RBF
98,0.8346589648829003,0.2188450807098906,0.2983543047938983,0.8333333333333335,Qm,Qm_mean_mg_s,core,SVR_RBF
99,0.2896727029002387,0.1584451516406462,0.25627116203306394,0.9761904761904763,Qm,Qm_mean_mg_s,core,SVR_RBF
100,0.9368103704996529,0.08882961730056319,0.1047015018722637,0.9523809523809524,Qm,Qm_mean_mg_s,core,SVR_RBF
1,0.20132911158731004,0.6455855072751324,0.813740332607558,0.6666666666666669,Qm,Qm_mean_mg_s,core,RandomForest
2,0.5666683965131207,0.2843829606481475,0.39326091426417603,0.8571428571428572,Qm,Qm_mean_mg_s,core,RandomForest
3,-0.4574647567328447,0.42688821792328097,0.4535034756050896,0.28571428571428575,Qm,Qm_mean_mg_s,core,RandomForest
4,-0.3594670900118164,0.3164145920965614,0.3712125964137844,0.0,Qm,Qm_mean_mg_s,core,RandomForest
5,0.19647485506930396,0.5675083821097886,0.7289296155821162,0.523809523809524,Qm,Qm_mean_mg_s,core,RandomForest
6,0.03141166482932878,0.4900532619047626,0.6217501346306213,0.38095238095238104,Qm,Qm_mean_mg_s,core,RandomForest
7,-0.18109116454417662,0.45220757754629637,0.5431340771045806,0.5000000000000001,Qm,Qm_mean_mg_s,core,RandomForest
8,-5.036740360004392,0.3656456628637565,0.407585806739855,-0.023809523809523815,Qm,Qm_mean_mg_s,core,RandomForest
9,0.21193352472139348,0.7030365897817465,0.9133439199968508,0.6666666666666669,Qm,Qm_mean_mg_s,core,RandomForest
10,0.45499668201051213,0.2862068275462956,0.40323170075702597,0.8742671711966791,Qm,Qm_mean_mg_s,core,RandomForest
11,0.4326946350429197,0.4268659083994709,0.4885739203549862,0.9047619047619048,Qm,Qm_mean_mg_s,core,RandomForest
12,0.18398576924690957,0.5179878989748676,0.7495476669646345,0.5714285714285715,Qm,Qm_mean_mg_s,core,RandomForest
13,-8.70996878615946,0.4328055029912228,0.6017448574743858,0.5269555552418339,Qm,Qm_mean_mg_s,core,RandomForest
14,0.6595265972130149,0.2227547577711642,0.25993282628279535,0.9285714285714287,Qm,Qm_mean_mg_s,core,RandomForest
15,-0.1419444023545713,0.5760262327441072,0.8056052598882846,0.1666666666666667,Qm,Qm_mean_mg_s,core,RandomForest
16,0.10070219827080984,0.32410061392195844,0.3648542934674888,0.8095238095238096,Qm,Qm_mean_mg_s,core,RandomForest
17,0.14866880745167754,0.5975474986772492,0.7791319456285235,0.14285714285714288,Qm,Qm_mean_mg_s,core,RandomForest
18,-0.041187444678364216,0.5245783333333331,0.7507952651653169,0.7142857142857144,Qm,Qm_mean_mg_s,core,RandomForest
19,0.11858058310234765,0.30421348743386234,0.38634638660769755,0.6666666666666669,Qm,Qm_mean_mg_s,core,RandomForest
20,0.30969066033187376,0.3730587702020198,0.4627832106447913,0.6190476190476191,Qm,Qm_mean_mg_s,core,RandomForest
21,-0.09673185688109931,0.6800346754298945,0.800726126794929,-0.3571428571428572,Qm,Qm_mean_mg_s,core,RandomForest
22,0.2782598025390598,0.3640593425925929,0.5071397783896914,0.5714285714285715,Qm,Qm_mean_mg_s,core,RandomForest
23,0.08918157199947851,0.28447534970238086,0.38179328780156285,0.6190476190476191,Qm,Qm_mean_mg_s,core,RandomForest
24,-1.554631851738716,0.2596136360930736,0.3030113260570477,0.2142857142857143,Qm,Qm_mean_mg_s,core,RandomForest
25,0.22842732456817305,0.5374084804894182,0.7834825971987389,0.5030030300035688,Qm,Qm_mean_mg_s,core,RandomForest
26,0.22460629063146553,0.39339906018518556,0.5118387721724246,0.4761904761904762,Qm,Qm_mean_mg_s,core,RandomForest
27,0.2716709029506552,0.46079983250661355,0.6220697047281587,0.3952166664313755,Qm,Qm_mean_mg_s,core,RandomForest
28,0.10984522127432106,0.5101677619047618,0.7779511464193736,0.6190476190476191,Qm,Qm_mean_mg_s,core,RandomForest
29,0.2762779586280377,0.5333081721230164,0.5903778303500393,0.5714285714285715,Qm,Qm_mean_mg_s,core,RandomForest
30,-1.5946323705996703,0.23947487020502628,0.31338357917262505,0.29940656547831473,Qm,Qm_mean_mg_s,core,RandomForest
31,-0.5360363591134671,0.8185934247685192,1.0109108319185736,-0.04761904761904763,Qm,Qm_mean_mg_s,core,RandomForest
32,-0.2733182223864532,0.389137628306878,0.4791089161172115,0.467074242146171,Qm,Qm_mean_mg_s,core,RandomForest
33,-7.4897629060088295,0.4666122075066144,0.679008365385665,-0.13173888881045848,Qm,Qm_mean_mg_s,core,RandomForest
34,0.6785626188172329,0.1751585897817458,0.20991078048388104,0.9047619047619048,Qm,Qm_mean_mg_s,core,RandomForest
35,-0.12753490839677095,0.7552384474356668,1.0275806514199077,0.3571428571428572,Qm,Qm_mean_mg_s,core,RandomForest
36,0.22730461285596204,0.298301562169312,0.388198647292589,0.7619047619047621,Qm,Qm_mean_mg_s,core,RandomForest
37,0.3113445270554792,0.6717530071097886,0.7396485376027615,0.6826469692905576,Qm,Qm_mean_mg_s,core,RandomForest
38,0.3179191558496517,0.29009784011243384,0.32054664311868103,0.5952380952380953,Qm,Qm_mean_mg_s,core,RandomForest
39,0.019932784355596644,0.3822909892526452,0.5226669594208823,0.2380952380952381,Qm,Qm_mean_mg_s,core,RandomForest
40,0.36843597534016503,0.3920416177248678,0.6701447069114396,0.5030030300035688,Qm,Qm_mean_mg_s,core,RandomForest
41,0.1414353274310347,0.5195563338293658,0.7826476761442255,0.4761904761904762,Qm,Qm_mean_mg_s,core,RandomForest
42,0.11979041761654796,0.4790451063311686,0.6843443366347691,0.6904761904761906,Qm,Qm_mean_mg_s,core,RandomForest
43,0.5441030890788408,0.35301999801587236,0.4432101738623919,0.7857142857142858,Qm,Qm_mean_mg_s,core,RandomForest
44,-0.751424069627529,0.6822507870370371,0.813672948181402,-0.4285714285714286,Qm,Qm_mean_mg_s,core,RandomForest
45,-1.5421341979192023,0.2742181964285713,0.32611369865294376,0.4285714285714286,Qm,Qm_mean_mg_s,core,RandomForest
46,0.09673283151922196,0.49579111904761897,0.5821705038924652,0.4285714285714286,Qm,Qm_mean_mg_s,core,RandomForest
47,-0.18477288663701374,0.7770918017526453,1.0921334275377093,0.8333333333333335,Qm,Qm_mean_mg_s,core,RandomForest
48,-1.0852414536116073,0.5548342094907405,0.5947791650906544,0.37126414119311024,Qm,Qm_mean_mg_s,core,RandomForest
49,-1.8974650836676101,0.40117038938492083,0.5029065256085794,0.4285714285714286,Qm,Qm_mean_mg_s,core,RandomForest
50,-0.854777853010303,0.34819441418650876,0.4195907675530534,0.7619047619047621,Qm,Qm_mean_mg_s,core,RandomForest
51,0.221931737891908,0.369466155423281,0.5374690711858904,0.5714285714285715,Qm,Qm_mean_mg_s,core,RandomForest
52,0.3915736699533503,0.3860526580687828,0.45632769661492395,0.8095238095238096,Qm,Qm_mean_mg_s,core,RandomForest
53,0.08209120140819282,0.5476083353174601,0.7349581603356705,0.4047619047619048,Qm,Qm_mean_mg_s,core,RandomForest
54,-0.5347587696615377,0.4370917426196491,0.5205283300865322,0.3571428571428572,Qm,Qm_mean_mg_s,core,RandomForest
55,0.35193847582259763,0.4266840264550261,0.5954352262629601,0.5628843430992317,Qm,Qm_mean_mg_s,core,RandomForest
56,0.16981219834825856,0.5880803797949743,0.8001892752344986,0.4761904761904762,Qm,Qm_mean_mg_s,core,RandomForest
57,0.33679338699704264,0.32292140443121675,0.3762168800845008,0.4285714285714286,Qm,Qm_mean_mg_s,core,RandomForest
58,0.01666774224302181,0.5888146479828043,0.8140098210535289,0.6904761904761906,Qm,Qm_mean_mg_s,core,RandomForest
59,0.3405653576321469,0.33110534375,0.4744079471062438,0.880952380952381,Qm,Qm_mean_mg_s,core,RandomForest
60,-0.7035826358035433,0.4269989452711639,0.5354230052915118,-0.1666666666666667,Qm,Qm_mean_mg_s,core,RandomForest
61,0.014662853192051406,0.35873518353174605,0.4340619362731103,0.4047619047619048,Qm,Qm_mean_mg_s,core,RandomForest
62,-0.058435313428747415,0.5907480406746028,0.8502889005508343,0.6904761904761906,Qm,Qm_mean_mg_s,core,RandomForest
63,-5.086656409528843,0.424695391038361,0.5592343497768253,0.407192929050508,Qm,Qm_mean_mg_s,core,RandomForest
64,0.42057013938033616,0.3782277827380952,0.6414261487144804,0.8571428571428572,Qm,Qm_mean_mg_s,core,RandomForest
65,-0.0036005627338471236,0.5833004912367727,0.6700044423608565,0.0,Qm,Qm_mean_mg_s,core,RandomForest
66,0.17727428940747214,0.6900703910383599,0.9111755303867517,0.6190476190476191,Qm,Qm_mean_mg_s,core,RandomForest
67,0.5115660847076081,0.4175843250661376,0.5388388203414118,0.9285714285714287,Qm,Qm_mean_mg_s,core,RandomForest
68,-9.890500355695595,0.6659483912037036,0.8968732994662177,0.3571428571428572,Qm,Qm_mean_mg_s,core,RandomForest
69,-0.5431563961968864,0.3340390294312167,0.4637161276822628,-0.1077863635721933,Qm,Qm_mean_mg_s,core,RandomForest
70,-0.2924153665528544,0.40083192673761436,0.4807319138503166,0.5714285714285715,Qm,Qm_mean_mg_s,core,RandomForest
71,-5.664833952956431,0.4510634376653448,0.542930785774591,0.3233590907165799,Qm,Qm_mean_mg_s,core,RandomForest
72,-1.234301102228922,0.26058690625000047,0.36149352492964926,0.5611425419454066,Qm,Qm_mean_mg_s,core,RandomForest
73,-1.5929061443106844,0.5572239563492065,0.6773619706680982,-0.4523809523809524,Qm,Qm_mean_mg_s,core,RandomForest
74,-0.0213169647298026,0.8491296314484126,1.0938629173714898,0.6190476190476191,Qm,Qm_mean_mg_s,core,RandomForest
75,0.11898038346742124,0.45855736557539684,0.5662156491801691,0.3333333333333334,Qm,Qm_mean_mg_s,core,RandomForest
76,-4.662866211770502,0.379683149305556,0.48026177470054643,-0.38095238095238104,Qm,Qm_mean_mg_s,core,RandomForest
77,0.004392431689433374,0.5766023468915346,0.8444288685670556,0.7619047619047621,Qm,Qm_mean_mg_s,core,RandomForest
78,0.28588754913326087,0.4569734723875659,0.690154851349004,0.7857142857142858,Qm,Qm_mean_mg_s,core,RandomForest
79,0.210257832987907,0.5150905924272486,0.6321680742649435,0.04761904761904763,Qm,Qm_mean_mg_s,core,RandomForest
80,0.05605324386126065,0.3014988918650794,0.39984057610526935,0.5476190476190477,Qm,Qm_mean_mg_s,core,RandomForest
81,-0.5542933513950277,0.30434928538359823,0.38493838589580376,0.6190476190476191,Qm,Qm_mean_mg_s,core,RandomForest
82,0.4000401579884648,0.42650044923941804,0.539117506930415,0.7142857142857144,Qm,Qm_mean_mg_s,core,RandomForest
83,-0.015869120495713096,0.6013275401785714,0.7413243323313955,0.04761904761904763,Qm,Qm_mean_mg_s,core,RandomForest
84,-0.07384581846091232,0.3213602210648147,0.379777456534786,0.5952380952380953,Qm,Qm_mean_mg_s,core,RandomForest
85,0.3408683434723818,0.41166587020502615,0.6876933125773923,0.880952380952381,Qm,Qm_mean_mg_s,core,RandomForest
86,0.1628448890752009,0.6078222536375669,0.81063483054024,0.30952380952380953,Qm,Qm_mean_mg_s,core,RandomForest
87,-0.02202595080261882,0.6334436501322749,0.8397411418134911,0.4523809523809524,Qm,Qm_mean_mg_s,core,RandomForest
88,0.3894646525825437,0.4019050082671958,0.47877833280009985,0.7380952380952381,Qm,Qm_mean_mg_s,core,RandomForest
89,-0.0820723028969299,0.33610722949735466,0.462513124456678,0.11904761904761905,Qm,Qm_mean_mg_s,core,RandomForest
90,-1.2621084807246081,0.25910206878306896,0.39828102765927387,0.3952166664313755,Qm,Qm_mean_mg_s,core,RandomForest
91,0.44145418104542167,0.1861004343584654,0.21553474079683077,0.6666666666666669,Qm,Qm_mean_mg_s,core,RandomForest
92,-0.6639349239874988,1.029828003637566,1.2893082685341493,0.28571428571428575,Qm,Qm_mean_mg_s,core,RandomForest
93,-1.0250050611366843,0.4546691731150795,0.5962104135081903,-0.04761904761904763,Qm,Qm_mean_mg_s,core,RandomForest
94,0.03296445938086556,0.3014730162037038,0.3731283581019686,0.523809523809524,Qm,Qm_mean_mg_s,core,RandomForest
95,-0.5047212574668869,0.35495292177729704,0.4523741517270106,0.5714285714285715,Qm,Qm_mean_mg_s,core,RandomForest
96,-0.6596684690825665,0.31340909077380963,0.40349763197111876,0.27545404024004955,Qm,Qm_mean_mg_s,core,RandomForest
97,-0.20517247885478596,0.8031665444775133,1.0296711581773106,0.3571428571428572,Qm,Qm_mean_mg_s,core,RandomForest
98,0.05513025188529419,0.5727349250240501,0.7132272939948374,0.1666666666666667,Qm,Qm_mean_mg_s,core,RandomForest
99,-0.13594267670408766,0.2686015338955028,0.3240773612051589,0.5952380952380953,Qm,Qm_mean_mg_s,core,RandomForest
100,0.4687783657497818,0.26862254100529087,0.30357631413095354,0.5476190476190477,Qm,Qm_mean_mg_s,core,RandomForest
1,0.28198396560032646,0.5878076670034231,0.771558723985133,0.7619047619047621,Qm,Qm_mean_mg_s,core,GradientBoosting
2,0.3120605460036908,0.4215299068253477,0.4955023417170877,0.9523809523809524,Qm,Qm_mean_mg_s,core,GradientBoosting
3,0.529351929588573,0.24194457983908682,0.2577090856952461,0.8095238095238096,Qm,Qm_mean_mg_s,core,GradientBoosting
4,-0.003339778325051057,0.2730164610778432,0.318905765369359,0.467074242146171,Qm,Qm_mean_mg_s,core,GradientBoosting
5,0.535167333807216,0.423348190002512,0.5544139889740328,0.7857142857142858,Qm,Qm_mean_mg_s,core,GradientBoosting
6,0.40441169917011577,0.360838943320271,0.48755021230632883,0.7380952380952381,Qm,Qm_mean_mg_s,core,GradientBoosting
7,-0.3117899809700402,0.4183825509704224,0.572397194442175,0.4458154907584889,Qm,Qm_mean_mg_s,core,GradientBoosting
8,-4.058575926726104,0.34354143959233446,0.37310574829471865,-0.024551430807011818,Qm,Qm_mean_mg_s,core,GradientBoosting
9,0.4003852888131383,0.5836210891960251,0.7966894303047276,0.7142857142857144,Qm,Qm_mean_mg_s,core,GradientBoosting
10,0.6690257701118687,0.28514628160722333,0.3142332843142203,0.8024095954818835,Qm,Qm_mean_mg_s,core,GradientBoosting
11,-0.007934132207972455,0.5066564809443477,0.6512352676868269,0.9101959590540767,Qm,Qm_mean_mg_s,core,GradientBoosting
12,0.2955438058312425,0.5082795872756442,0.6964298646648424,0.5748606057183643,Qm,Qm_mean_mg_s,core,GradientBoosting
13,-6.716934479426088,0.3153247431275508,0.5364458340838318,0.9101959590540767,Qm,Qm_mean_mg_s,core,GradientBoosting
14,0.7236676449152895,0.1775676880082435,0.23417223584064753,0.9047619047619048,Qm,Qm_mean_mg_s,core,GradientBoosting
15,0.016587018540467402,0.6026734825942692,0.747597398662321,0.30952380952380953,Qm,Qm_mean_mg_s,core,GradientBoosting
16,0.5079544427603897,0.23416821954379508,0.26987978328855267,0.8095238095238096,Qm,Qm_mean_mg_s,core,GradientBoosting
17,0.4206559221161682,0.4789799973347412,0.6427321502082052,0.5476190476190477,Qm,Qm_mean_mg_s,core,GradientBoosting
18,-0.20900329290728448,0.65316430238272,0.8090415117578648,0.6190476190476191,Qm,Qm_mean_mg_s,core,GradientBoosting
19,0.4927413331986672,0.20839223373459953,0.29308951755417373,0.880952380952381,Qm,Qm_mean_mg_s,core,GradientBoosting
20,0.549082838904402,0.29446023170137253,0.37402798892679007,0.8503146459584139,Qm,Qm_mean_mg_s,core,GradientBoosting
21,0.0013176836089017208,0.694772278897163,0.7640951620573536,0.1077863635721933,Qm,Qm_mean_mg_s,core,GradientBoosting
22,-1.304556919560532,0.6740194052394893,0.9062143792902813,0.4285714285714286,Qm,Qm_mean_mg_s,core,GradientBoosting
23,0.4972055486232233,0.21433408081593364,0.28366622075919684,0.8095238095238096,Qm,Qm_mean_mg_s,core,GradientBoosting
24,-0.0006172655707703534,0.15789920865192736,0.1896394542369809,0.530158961983068,Qm,Qm_mean_mg_s,core,GradientBoosting
25,0.3588421447352994,0.4564162957960979,0.7142058752741913,0.5714285714285715,Qm,Qm_mean_mg_s,core,GradientBoosting
26,0.6501977932779146,0.2529431551200318,0.34378214477074653,0.8095238095238096,Qm,Qm_mean_mg_s,core,GradientBoosting
27,0.2188612867982933,0.5357140900028853,0.6442275631539979,0.6190476190476191,Qm,Qm_mean_mg_s,core,GradientBoosting
28,0.33504553350253663,0.42872744472694746,0.6723811274514602,0.730552019767088,Qm,Qm_mean_mg_s,core,GradientBoosting
29,0.44448292467457695,0.44357289627074115,0.5172408863487828,0.7380952380952381,Qm,Qm_mean_mg_s,core,GradientBoosting
30,-0.9237271706478429,0.23401603479586525,0.2698423185922537,0.7075275528876865,Qm,Qm_mean_mg_s,core,GradientBoosting
31,-0.3140899659245131,0.696013822679292,0.9350280761662045,0.4910267673844361,Qm,Qm_mean_mg_s,core,GradientBoosting
32,-0.5290527033641923,0.4367310081317061,0.5250213971800466,0.7185757571479554,Qm,Qm_mean_mg_s,core,GradientBoosting
33,-6.994133603565506,0.5325682861654657,0.6588901952782374,-0.3233590907165799,Qm,Qm_mean_mg_s,core,GradientBoosting
34,0.49935783468222217,0.23862725217484956,0.261969218747326,0.7185757571479554,Qm,Qm_mean_mg_s,core,GradientBoosting
35,-0.06551256540248684,0.6786604505015097,0.9989188483654138,0.5149792926227014,Qm,Qm_mean_mg_s,core,GradientBoosting
36,0.2772755903909162,0.28554987238270374,0.37543626392529467,0.7857142857142858,Qm,Qm_mean_mg_s,core,GradientBoosting
37,0.44298721804635854,0.5842451029281994,0.6652072622180676,0.8503146459584139,Qm,Qm_mean_mg_s,core,GradientBoosting
38,0.6716349322506411,0.1864674449367234,0.22240870510020314,0.8862434338158116,Qm,Qm_mean_mg_s,core,GradientBoosting
39,-0.06825614734050767,0.42690847858490677,0.5456759539114897,0.6190476190476191,Qm,Qm_mean_mg_s,core,GradientBoosting
40,0.4291564619515579,0.3702359589773534,0.6371159013521209,0.8383383833392813,Qm,Qm_mean_mg_s,core,GradientBoosting
41,0.0624208388578118,0.5022669283584937,0.8178690349024998,0.30952380952380953,Qm,Qm_mean_mg_s,core,GradientBoosting
42,0.41953285217566116,0.37795030393121526,0.5557384611394537,0.6666666666666669,Qm,Qm_mean_mg_s,core,GradientBoosting
43,0.646996460934572,0.34014486765889523,0.390001184465438,0.880952380952381,Qm,Qm_mean_mg_s,core,GradientBoosting
44,-0.5314578656733324,0.6292893334068792,0.7608634932985961,-0.22754898976351917,Qm,Qm_mean_mg_s,core,GradientBoosting
45,-2.185832934120202,0.25092856980363853,0.3650743362936911,0.4790505047653036,Qm,Qm_mean_mg_s,core,GradientBoosting
46,0.2391030528194803,0.4808632236044917,0.5343243992366385,0.4285714285714286,Qm,Qm_mean_mg_s,core,GradientBoosting
47,-0.07049927501590592,0.7690503436360677,1.0381290290552438,0.6904761904761906,Qm,Qm_mean_mg_s,core,GradientBoosting
48,-0.35207601749804374,0.3964023550679422,0.478936710230644,0.7483357769119656,Qm,Qm_mean_mg_s,core,GradientBoosting
49,-0.42360828814779716,0.28879169078742123,0.3525116052913343,0.7380952380952381,Qm,Qm_mean_mg_s,core,GradientBoosting
50,-0.4797173227020677,0.30832640965861446,0.3747739118574803,0.7108949717500229,Qm,Qm_mean_mg_s,core,GradientBoosting
51,0.26211529229101727,0.38960328468494326,0.5234062236535898,0.5000000000000001,Qm,Qm_mean_mg_s,core,GradientBoosting
52,0.5663583809534545,0.31710289207167025,0.38524615016358466,0.6666666666666669,Qm,Qm_mean_mg_s,core,GradientBoosting
53,-0.035696111347063963,0.5464616835640623,0.7806907303099376,0.3333333333333334,Qm,Qm_mean_mg_s,core,GradientBoosting
54,-0.25093764978228195,0.36401155367593474,0.4699397065117772,0.6347419188140272,Qm,Qm_mean_mg_s,core,GradientBoosting
55,0.5259356884770483,0.35398678668822536,0.5092664148571947,0.8571428571428572,Qm,Qm_mean_mg_s,core,GradientBoosting
56,0.12706681843748235,0.5946263936231733,0.8205311132045843,0.523809523809524,Qm,Qm_mean_mg_s,core,GradientBoosting
57,0.2908314647757375,0.2666855567580452,0.38903491741855706,0.8571428571428572,Qm,Qm_mean_mg_s,core,GradientBoosting
58,0.23805927591123066,0.5407376166195323,0.7165394313582577,0.7470421737034137,Qm,Qm_mean_mg_s,core,GradientBoosting
59,0.4892777187352664,0.29108079716633983,0.4175019218497557,0.9047619047619048,Qm,Qm_mean_mg_s,core,GradientBoosting
60,-1.3411481153159968,0.46879268768468374,0.627667830183581,-0.07142857142857144,Qm,Qm_mean_mg_s,core,GradientBoosting
61,0.5680029184321275,0.23085139433363688,0.28740854885750766,0.467074242146171,Qm,Qm_mean_mg_s,core,GradientBoosting
62,0.21425886469143884,0.5034323261397821,0.7326121119625705,0.8503146459584139,Qm,Qm_mean_mg_s,core,GradientBoosting
63,-8.32663076797585,0.5370316480539548,0.6922561740154024,0.5000000000000001,Qm,Qm_mean_mg_s,core,GradientBoosting
64,0.47315222102115595,0.3335601376779871,0.6116300310143847,0.8982196964349441,Qm,Qm_mean_mg_s,core,GradientBoosting
65,-0.061591707354345715,0.6117811699020206,0.6890900718973059,0.1197626261913259,Qm,Qm_mean_mg_s,core,GradientBoosting
66,0.28328234177681266,0.638062694188128,0.8504495698613607,0.7380952380952381,Qm,Qm_mean_mg_s,core,GradientBoosting
67,0.6959496344757405,0.2988237463144895,0.42513683538617136,0.8095238095238096,Qm,Qm_mean_mg_s,core,GradientBoosting
68,-9.749054677242725,0.6382421844116001,0.8910299747651652,0.29461716968414187,Qm,Qm_mean_mg_s,core,GradientBoosting
69,-0.4447818026919128,0.33540882006788814,0.44869203525713675,0.5000000000000001,Qm,Qm_mean_mg_s,core,GradientBoosting
70,0.4475945330765527,0.25995505843299394,0.31429023058723055,0.8095238095238096,Qm,Qm_mean_mg_s,core,GradientBoosting
71,-1.0325008842792007,0.23950269358484985,0.29982315700641815,0.7619047619047621,Qm,Qm_mean_mg_s,core,GradientBoosting
72,-0.26000891172967644,0.20452863290896817,0.2714666484493695,0.7319250547113999,Qm,Qm_mean_mg_s,core,GradientBoosting
73,-1.7544764133891046,0.5609018515766078,0.6981471038715491,-0.34731161595484505,Qm,Qm_mean_mg_s,core,GradientBoosting
74,0.07875316259747733,0.798124810684238,1.038892549661921,0.7784570702436182,Qm,Qm_mean_mg_s,core,GradientBoosting
75,-0.1580032654224115,0.5408592384619818,0.6491483703151399,0.5149792926227014,Qm,Qm_mean_mg_s,core,GradientBoosting
76,-3.8217252692505363,0.3465878295140237,0.4431605590293533,-0.2395252523826518,Qm,Qm_mean_mg_s,core,GradientBoosting
77,0.36793636935895657,0.4263535279609947,0.6728207522415603,0.9700772721497397,Qm,Qm_mean_mg_s,core,GradientBoosting
78,0.3732189995266255,0.42686260614775684,0.6465783433558081,0.8095238095238096,Qm,Qm_mean_mg_s,core,GradientBoosting
79,-0.236308965833385,0.6256493378560317,0.7909579675544235,-0.19047619047619052,Qm,Qm_mean_mg_s,core,GradientBoosting
80,0.5268144314270748,0.1987637081149416,0.2830928240117047,0.8333333333333335,Qm,Qm_mean_mg_s,core,GradientBoosting
81,-0.30143968314839964,0.25377599907110454,0.35223843977930014,0.8742671711966791,Qm,Qm_mean_mg_s,core,GradientBoosting
82,0.394732750587366,0.4376977888892133,0.5414968462523259,0.5988131309566295,Qm,Qm_mean_mg_s,core,GradientBoosting
83,0.07197669442124366,0.6001606919253715,0.7085472502103316,-0.023809523809523815,Qm,Qm_mean_mg_s,core,GradientBoosting
84,-0.3670910162865395,0.3800687051550593,0.42850602344072813,0.6904761904761906,Qm,Qm_mean_mg_s,core,GradientBoosting
85,0.2336619047875622,0.5234032636614232,0.7415132632646829,0.9047619047619048,Qm,Qm_mean_mg_s,core,GradientBoosting
86,0.15025473080260376,0.5562127306850511,0.8167077397927887,0.5389318178609664,Qm,Qm_mean_mg_s,core,GradientBoosting
87,0.1435907734328551,0.5090915945105012,0.7686969154710364,0.523809523809524,Qm,Qm_mean_mg_s,core,GradientBoosting
88,0.3211933385083181,0.38639814334553674,0.5048381069072251,0.6666666666666669,Qm,Qm_mean_mg_s,core,GradientBoosting
89,0.19265425248482448,0.31154198942097544,0.39950820354525196,0.3952166664313755,Qm,Qm_mean_mg_s,core,GradientBoosting
90,-0.8973597827966671,0.2675916841150859,0.36476045645411453,0.38095238095238104,Qm,Qm_mean_mg_s,core,GradientBoosting
91,0.4767418041481162,0.18811565369572558,0.20861517604176022,0.880952380952381,Qm,Qm_mean_mg_s,core,GradientBoosting
92,-0.33475878539246073,0.9001553212125911,1.1547553774162949,0.6227656561948945,Qm,Qm_mean_mg_s,core,GradientBoosting
93,-3.9245842221439213,0.7296665754471081,0.9297609147651166,-0.5149792926227014,Qm,Qm_mean_mg_s,core,GradientBoosting
94,-0.11569532687167738,0.27462615804780655,0.4007835116995865,0.6666666666666669,Qm,Qm_mean_mg_s,core,GradientBoosting
95,-0.040795194296496584,0.29166969887198535,0.3762291078231753,0.7142857142857144,Qm,Qm_mean_mg_s,core,GradientBoosting
96,-2.918592555142528,0.4879096818601947,0.6200052589054648,0.37126414119311024,Qm,Qm_mean_mg_s,core,GradientBoosting
97,-0.06076549460923775,0.6764895660925638,0.9660144822818432,0.4285714285714286,Qm,Qm_mean_mg_s,core,GradientBoosting
98,0.038452249316199394,0.6036062699634771,0.7194943874061757,0.5000000000000001,Qm,Qm_mean_mg_s,core,GradientBoosting
99,0.18032877417741533,0.2118315770173103,0.2752899334223559,0.8333333333333335,Qm,Qm_mean_mg_s,core,GradientBoosting
100,0.22371964367313069,0.3315505132670354,0.366977387965143,0.6428571428571429,Qm,Qm_mean_mg_s,core,GradientBoosting
1,0.2456025397103505,0.584323389172554,0.790864394478351,0.6190476190476191,Qm,Qm_mean_mg_s,core,XGBoost
2,0.600260670746157,0.2988682383298874,0.377710486358539,0.9285714285714287,Qm,Qm_mean_mg_s,core,XGBoost
3,-0.16616077277488261,0.38883286231756214,0.40565870806333754,0.4523809523809524,Qm,Qm_mean_mg_s,core,XGBoost
4,-0.49389156374803433,0.28446557658910754,0.38913284820470884,0.7711403083390078,Qm,Qm_mean_mg_s,core,XGBoost
5,0.4769755059252184,0.45446799600124355,0.5880941693253628,0.6904761904761906,Qm,Qm_mean_mg_s,core,XGBoost
6,0.1421335946553537,0.41364912718534474,0.5851350334926558,0.4910267673844361,Qm,Qm_mean_mg_s,core,XGBoost
7,-0.6487989666418197,0.5163964772224426,0.6417253491497175,0.3592878785739777,Qm,Qm_mean_mg_s,core,XGBoost
8,-4.168292312221136,0.30479277098178864,0.37713022312567585,-0.024397501823713332,Qm,Qm_mean_mg_s,core,XGBoost
9,0.3818466435621185,0.6206330102682114,0.8089115407313467,0.8571428571428572,Qm,Qm_mean_mg_s,core,XGBoost
10,0.6081628019179173,0.2797885294258594,0.34190694742254657,0.8742671711966791,Qm,Qm_mean_mg_s,core,XGBoost
11,0.31650516097445613,0.4436513980031014,0.5362773510073977,0.9523809523809524,Qm,Qm_mean_mg_s,core,XGBoost
12,0.1951004202811486,0.5330799112319947,0.7444254990003866,0.4311454542887732,Qm,Qm_mean_mg_s,core,XGBoost
13,-7.523707801557073,0.35302509969472884,0.5637904917208298,0.8862434338158116,Qm,Qm_mean_mg_s,core,XGBoost
14,0.7228197715746522,0.19076168105006217,0.234531217196675,0.9047619047619048,Qm,Qm_mean_mg_s,core,XGBoost
15,-0.039294281139288234,0.6100520588159561,0.7685446113805237,0.19047619047619052,Qm,Qm_mean_mg_s,core,XGBoost
16,0.2796287184878087,0.3053761503696442,0.32654714473786334,0.7619047619047621,Qm,Qm_mean_mg_s,core,XGBoost
17,0.30152471045153306,0.5613287810683251,0.7057278586904252,0.30952380952380953,Qm,Qm_mean_mg_s,core,XGBoost
18,0.010129009836394198,0.6186901658177375,0.7320594685672861,0.5476190476190477,Qm,Qm_mean_mg_s,core,XGBoost
19,0.14348662470413898,0.24376494196057322,0.38084882733545333,0.8024095954818835,Qm,Qm_mean_mg_s,core,XGBoost
20,0.14961672758057443,0.3853685097396374,0.5136450113378973,0.7185757571479554,Qm,Qm_mean_mg_s,core,XGBoost
21,-0.24063009573799699,0.772633537888527,0.8516377935320025,-0.2142857142857143,Qm,Qm_mean_mg_s,core,XGBoost
22,-0.39963334610783496,0.5439533159881831,0.7062270857902097,0.4523809523809524,Qm,Qm_mean_mg_s,core,XGBoost
23,0.1793300879493146,0.24260813400149342,0.36240705219475966,0.7380952380952381,Qm,Qm_mean_mg_s,core,XGBoost
24,-0.3352484901553854,0.19039023491740228,0.2190663884114678,0.21688321172034594,Qm,Qm_mean_mg_s,core,XGBoost
25,0.33618494407607336,0.48919581812620166,0.7267156015184134,0.5988131309566295,Qm,Qm_mean_mg_s,core,XGBoost
26,0.4237948710442402,0.3359044540524483,0.4412255002101125,0.5714285714285715,Qm,Qm_mean_mg_s,core,XGBoost
27,0.23909966166451013,0.483416607812047,0.6358272103819119,0.6190476190476191,Qm,Qm_mean_mg_s,core,XGBoost
28,0.30475448753968726,0.45087493091821673,0.6875252591996641,0.730552019767088,Qm,Qm_mean_mg_s,core,XGBoost
29,0.304055787150347,0.5011980975866318,0.578937064625179,0.7619047619047621,Qm,Qm_mean_mg_s,core,XGBoost
30,-2.212042906655827,0.2772585222125053,0.34868156720301124,0.467074242146171,Qm,Qm_mean_mg_s,core,XGBoost
31,-0.3312516867985036,0.7041666760742664,0.9411138994595853,0.5714285714285715,Qm,Qm_mean_mg_s,core,XGBoost
32,-0.7949501937908559,0.4611113777086139,0.568842422244935,0.6190476190476191,Qm,Qm_mean_mg_s,core,XGBoost
33,-8.516310619851776,0.5582030825018883,0.718888685820767,-0.3233590907165799,Qm,Qm_mean_mg_s,core,XGBoost
34,0.37899726709099557,0.24693699139356615,0.29176507769747273,0.7380952380952381,Qm,Qm_mean_mg_s,core,XGBoost
35,-0.1272735908372118,0.7526500153541564,1.0274615684424242,0.38095238095238104,Qm,Qm_mean_mg_s,core,XGBoost
36,0.1482732073266131,0.2877109550237656,0.4075679382284198,0.8622909085775464,Qm,Qm_mean_mg_s,core,XGBoost
37,0.43220885555684574,0.5949034240543842,0.6716124042114391,0.8982196964349441,Qm,Qm_mean_mg_s,core,XGBoost
38,0.6962640200764753,0.18278347384929655,0.21390524172664832,0.8571428571428572,Qm,Qm_mean_mg_s,core,XGBoost
39,-0.399376322657105,0.5122702546715736,0.6245459216137695,0.19047619047619052,Qm,Qm_mean_mg_s,core,XGBoost
40,0.40501985393917717,0.3808183054327965,0.6504458346242208,0.8539125638299666,Qm,Qm_mean_mg_s,core,XGBoost
41,0.11892791110363776,0.5045319744944572,0.7928399301590023,0.4761904761904762,Qm,Qm_mean_mg_s,core,XGBoost
42,0.3011704556854755,0.458666213452816,0.6097716937871132,0.6666666666666669,Qm,Qm_mean_mg_s,core,XGBoost
43,0.7154616906122047,0.2949106348603964,0.3501440652346107,0.880952380952381,Qm,Qm_mean_mg_s,core,XGBoost
44,-0.5109827001132314,0.6240576086640358,0.7557601115981503,-0.22754898976351917,Qm,Qm_mean_mg_s,core,XGBoost
45,-3.5027395607512144,0.31362998819351195,0.4340184779116224,0.4311454542887732,Qm,Qm_mean_mg_s,core,XGBoost
46,-0.0825915023528796,0.5810000766515733,0.6373447198836946,0.4047619047619048,Qm,Qm_mean_mg_s,core,XGBoost
47,-0.08400605451617449,0.7755444866418838,1.0446576778407552,0.7142857142857144,Qm,Qm_mean_mg_s,core,XGBoost
48,-0.7589726474639378,0.4369046613574028,0.5462697036524914,0.49466263219604506,Qm,Qm_mean_mg_s,core,XGBoost
49,-1.1606395235761329,0.364245767891407,0.4342794943509793,0.6904761904761906,Qm,Qm_mean_mg_s,core,XGBoost
50,-1.7481839809274455,0.4200998964607715,0.5107435311594742,0.7711403083390078,Qm,Qm_mean_mg_s,core,XGBoost
51,0.23598655477374963,0.4001740652918816,0.5325926002722131,0.38095238095238104,Qm,Qm_mean_mg_s,core,XGBoost
52,0.39033315242082145,0.3692996001839638,0.4567926619100975,0.6946232319096901,Qm,Qm_mean_mg_s,core,XGBoost
53,-0.056468948207507585,0.5960449066162108,0.7884809739769392,-0.09523809523809526,Qm,Qm_mean_mg_s,core,XGBoost
54,-0.91783457449957,0.4724789567887783,0.5818752451718336,0.4285714285714286,Qm,Qm_mean_mg_s,core,XGBoost
55,0.4480189994161279,0.3741603891849518,0.5495262842915005,0.8571428571428572,Qm,Qm_mean_mg_s,core,XGBoost
56,0.12001544439190381,0.6320491299629212,0.8238384880428546,0.5714285714285715,Qm,Qm_mean_mg_s,core,XGBoost
57,0.2954554848565649,0.27757089656591416,0.3877645231832541,0.7619047619047621,Qm,Qm_mean_mg_s,core,XGBoost
58,0.2082296066058016,0.5517255133986473,0.730430888993253,0.7619047619047621,Qm,Qm_mean_mg_s,core,XGBoost
59,0.4771323827449959,0.29804714581742886,0.42243699938496965,0.880952380952381,Qm,Qm_mean_mg_s,core,XGBoost
60,-1.9322547150106253,0.53036162596941,0.7024513826353475,-0.261904761904762,Qm,Qm_mean_mg_s,core,XGBoost
61,0.6424548464272214,0.23471506524086,0.2614717197378877,0.6666666666666669,Qm,Qm_mean_mg_s,core,XGBoost
62,0.12530245350664204,0.5510559318363667,0.772971183326115,0.8333333333333335,Qm,Qm_mean_mg_s,core,XGBoost
63,-7.785925509567203,0.5270253273248673,0.6718900416371748,0.5030030300035688,Qm,Qm_mean_mg_s,core,XGBoost
64,0.43073387421493836,0.37154398882389067,0.6357756568899962,0.8333333333333335,Qm,Qm_mean_mg_s,core,XGBoost
65,-0.04583785227864401,0.5935699744820595,0.6839579663174021,0.26347777762091695,Qm,Qm_mean_mg_s,core,XGBoost
66,0.21614212555689694,0.7073306614160537,0.8893919131665671,0.5476190476190477,Qm,Qm_mean_mg_s,core,XGBoost
67,0.6720213092468892,0.3159595175683499,0.4415488769004797,0.8333333333333335,Qm,Qm_mean_mg_s,core,XGBoost
68,-9.744389956689611,0.6448579559922218,0.8908366155817877,0.2380952380952381,Qm,Qm_mean_mg_s,core,XGBoost
69,-0.7514491887803887,0.34805659234523767,0.49402167087426285,0.467074242146171,Qm,Qm_mean_mg_s,core,XGBoost
70,0.13926406551818604,0.32602045392990114,0.39231676274200883,0.7619047619047621,Qm,Qm_mean_mg_s,core,XGBoost
71,-2.4979248056509245,0.33236845389008524,0.39332815578147395,0.5952380952380953,Qm,Qm_mean_mg_s,core,XGBoost
72,-1.9345354901986012,0.28584760516881946,0.41428513998844513,0.51234753829798,Qm,Qm_mean_mg_s,core,XGBoost
73,-2.0307466702425376,0.5845426906943321,0.732322251301074,-0.27545404024004955,Qm,Qm_mean_mg_s,core,XGBoost
74,0.14546732192223144,0.7874108548164367,1.0005688182158459,0.7619047619047621,Qm,Qm_mean_mg_s,core,XGBoost
75,0.04760457568649157,0.45761363530159005,0.5887050065536884,0.5149792926227014,Qm,Qm_mean_mg_s,core,XGBoost
76,-5.552493485433423,0.40289955753087997,0.5166104295389767,-0.2395252523826518,Qm,Qm_mean_mg_s,core,XGBoost
77,0.32752806804760226,0.44068002891540525,0.6939945478862921,0.9761904761904763,Qm,Qm_mean_mg_s,core,XGBoost
78,0.42796395792735076,0.37849858474731446,0.6176962134403117,0.7425282823862205,Qm,Qm_mean_mg_s,core,XGBoost
79,-0.24799604884936266,0.6271254940629005,0.794687717964111,-0.2142857142857143,Qm,Qm_mean_mg_s,core,XGBoost
80,0.2691417357018715,0.28642222747206686,0.35182743041314557,0.7619047619047621,Qm,Qm_mean_mg_s,core,XGBoost
81,-2.9909306662434765,0.4424008098840714,0.6168247874205153,0.8383383833392813,Qm,Qm_mean_mg_s,core,XGBoost
82,0.41696003924128555,0.47007658952474596,0.5314611278727225,0.5000000000000001,Qm,Qm_mean_mg_s,core,XGBoost
83,-0.04922050485821572,0.6336460649371147,0.753395046094943,-0.14285714285714288,Qm,Qm_mean_mg_s,core,XGBoost
84,-0.7984077718878755,0.42369472390972074,0.49147598503048984,0.6190476190476191,Qm,Qm_mean_mg_s,core,XGBoost
85,0.3780892744987169,0.4164330912232399,0.6679942733573506,0.9523809523809524,Qm,Qm_mean_mg_s,core,XGBoost
86,0.2332124803914195,0.5482906573712826,0.7758179282752193,0.4191691916696407,Qm,Qm_mean_mg_s,core,XGBoost
87,0.09604417199739035,0.5322466937899589,0.7897471624583369,0.5476190476190477,Qm,Qm_mean_mg_s,core,XGBoost
88,0.22105351843905463,0.43504008305072783,0.5407952790105017,0.4523809523809524,Qm,Qm_mean_mg_s,core,XGBoost
89,-0.11719977561702444,0.3463524365574122,0.46996048189289313,0.2515015150017844,Qm,Qm_mean_mg_s,core,XGBoost
90,-1.9842864743609185,0.3288179860711098,0.45746003657456197,0.37126414119311024,Qm,Qm_mean_mg_s,core,XGBoost
91,0.2920211902869425,0.22049107265472412,0.24265989677856348,0.880952380952381,Qm,Qm_mean_mg_s,core,XGBoost
92,-0.36434575720767026,0.9015084326267242,1.1674836887572764,0.6190476190476191,Qm,Qm_mean_mg_s,core,XGBoost
93,-2.583626493649132,0.5606746000647544,0.7931363786651395,-0.4523809523809524,Qm,Qm_mean_mg_s,core,XGBoost
94,-0.651356005160358,0.37471594607830044,0.4875929238311301,0.4761904761904762,Qm,Qm_mean_mg_s,core,XGBoost
95,-0.3461445791675113,0.33466585403680804,0.42787371404292895,0.6666666666666669,Qm,Qm_mean_mg_s,core,XGBoost
96,-2.174578831639199,0.4739227583408356,0.5580503395265537,0.3233590907165799,Qm,Qm_mean_mg_s,core,XGBoost
97,-0.07127826902748935,0.735180917620659,0.970789550222835,0.5000000000000001,Qm,Qm_mean_mg_s,core,XGBoost
98,-0.056242745463977784,0.6118644598722458,0.754091163794065,0.30952380952380953,Qm,Qm_mean_mg_s,core,XGBoost
99,-0.7106973376632517,0.2839907024651766,0.3977013595936852,0.7619047619047621,Qm,Qm_mean_mg_s,core,XGBoost
100,0.4238472624179469,0.28195663529634474,0.31615410255519816,0.6099375455928333,Qm,Qm_mean_mg_s,core,XGBoost
1,0.8992488335651369,0.1947458052464805,0.2890193740976636,0.9761904761904763,Qm,Qm_mean_mg_s,engineered,LinearRegression
2,0.8494228601495744,0.15709027150220733,0.2318195852055263,0.9761904761904763,Qm,Qm_mean_mg_s,engineered,LinearRegression
3,0.5610976477859628,0.1808502566453758,0.24886598602468593,0.9523809523809524,Qm,Qm_mean_mg_s,engineered,LinearRegression
4,0.6582795897819809,0.14616551479688378,0.18611175950565634,0.9761904761904763,Qm,Qm_mean_mg_s,engineered,LinearRegression
5,0.901260567855904,0.18287861027263647,0.2555236910226062,0.7857142857142858,Qm,Qm_mean_mg_s,engineered,LinearRegression
6,0.8861453080525921,0.14652803584437704,0.21316786574718938,0.9285714285714287,Qm,Qm_mean_mg_s,engineered,LinearRegression
7,0.47314471383130596,0.2973879803176579,0.3627529998362066,0.9285714285714287,Qm,Qm_mean_mg_s,engineered,LinearRegression
8,-1.6703268774955893,0.2196583312243771,0.27108158555698814,0.7857142857142858,Qm,Qm_mean_mg_s,engineered,LinearRegression
9,0.9296621089699495,0.17067981504631727,0.27286484546255046,0.9523809523809524,Qm,Qm_mean_mg_s,engineered,LinearRegression
10,0.8928012080073167,0.09799319952063969,0.17883397923541555,0.9285714285714287,Qm,Qm_mean_mg_s,engineered,LinearRegression
11,0.8669646838057745,0.19921828006687883,0.23659486183140324,1.0,Qm,Qm_mean_mg_s,engineered,LinearRegression
12,0.872381136462191,0.23766146109876424,0.2964202210670168,0.9285714285714287,Qm,Qm_mean_mg_s,engineered,LinearRegression
13,-0.07640615605322365,0.12745916347647354,0.2003510196303472,0.6190476190476191,Qm,Qm_mean_mg_s,engineered,LinearRegression
14,-15.497484819090591,1.1634657746744639,1.8093742360777725,0.3333333333333334,Qm,Qm_mean_mg_s,engineered,LinearRegression
15,0.9030572984682066,0.16398734818270444,0.2347239322761682,0.9523809523809524,Qm,Qm_mean_mg_s,engineered,LinearRegression
16,0.769395993070642,0.13430629513262884,0.18475709282198474,0.9761904761904763,Qm,Qm_mean_mg_s,engineered,LinearRegression
17,0.8974204686501189,0.20830535023422775,0.27045318089926906,0.7142857142857144,Qm,Qm_mean_mg_s,engineered,LinearRegression
18,0.9459740948679948,0.13831867383725158,0.17102440560209256,0.9761904761904763,Qm,Qm_mean_mg_s,engineered,LinearRegression
19,0.8406883773170857,0.08726859959262102,0.16425147514535995,1.0,Qm,Qm_mean_mg_s,engineered,LinearRegression
20,0.8852026640324864,0.10692347145691322,0.18872160656529796,0.9047619047619048,Qm,Qm_mean_mg_s,engineered,LinearRegression
21,0.46952892565652427,0.4002164749965496,0.5568838506334327,0.8571428571428572,Qm,Qm_mean_mg_s,engineered,LinearRegression
22,0.8835786867274017,0.1517783089237295,0.20368238724947474,0.880952380952381,Qm,Qm_mean_mg_s,engineered,LinearRegression
23,0.8146818340211434,0.10807461720554755,0.17221516070073986,0.9523809523809524,Qm,Qm_mean_mg_s,engineered,LinearRegression
24,0.03569802955482859,0.13412559932754037,0.18616636874284453,0.9761904761904763,Qm,Qm_mean_mg_s,engineered,LinearRegression
25,0.907625329332622,0.18372617185621568,0.27109242738965833,0.9047619047619048,Qm,Qm_mean_mg_s,engineered,LinearRegression
26,0.8581591884295111,0.1426876804674052,0.2189135521543177,0.8095238095238096,Qm,Qm_mean_mg_s,engineered,LinearRegression
27,0.5583993169020536,0.35736296043414223,0.4843843347372199,0.11904761904761905,Qm,Qm_mean_mg_s,engineered,LinearRegression
28,0.8896188076398998,0.17210327304427767,0.27394734883713817,0.880952380952381,Qm,Qm_mean_mg_s,engineered,LinearRegression
29,0.8591140342807566,0.21960152706012465,0.2604821737899142,0.9285714285714287,Qm,Qm_mean_mg_s,engineered,LinearRegression
30,0.2668907366801231,0.11704228020800214,0.16657992948309142,0.7619047619047621,Qm,Qm_mean_mg_s,engineered,LinearRegression
31,0.770343542653208,0.286411136881847,0.3908871850842981,0.9761904761904763,Qm,Qm_mean_mg_s,engineered,LinearRegression
32,-10.30420671418637,1.0195181494301762,1.427531897869819,-0.3333333333333334,Qm,Qm_mean_mg_s,engineered,LinearRegression
33,0.4346516517557446,0.11622189235681915,0.17522069868023385,0.8095238095238096,Qm,Qm_mean_mg_s,engineered,LinearRegression
34,0.6488243135222274,0.15788945015257771,0.21940613792683888,0.880952380952381,Qm,Qm_mean_mg_s,engineered,LinearRegression
35,0.6710955366413798,0.3410256394208919,0.5549908250114691,0.880952380952381,Qm,Qm_mean_mg_s,engineered,LinearRegression
36,0.8030184820524178,0.1263676413835327,0.196002945465986,0.9047619047619048,Qm,Qm_mean_mg_s,engineered,LinearRegression
37,0.8425176946146873,0.2868915309702422,0.3537042540575907,0.9047619047619048,Qm,Qm_mean_mg_s,engineered,LinearRegression
38,0.884029079842934,0.08406886106574116,0.13217455541384757,0.9523809523809524,Qm,Qm_mean_mg_s,engineered,LinearRegression
39,0.8546154998554147,0.1402889042091865,0.20130574525004555,0.9285714285714287,Qm,Qm_mean_mg_s,engineered,LinearRegression
40,0.8994080109698803,0.16000124201483934,0.26744938138741964,0.9285714285714287,Qm,Qm_mean_mg_s,engineered,LinearRegression
41,0.9084202348495568,0.18018841907804684,0.2556110095009802,0.9523809523809524,Qm,Qm_mean_mg_s,engineered,LinearRegression
42,0.9568031758594705,0.1140477867834513,0.15160291106007362,1.0,Qm,Qm_mean_mg_s,engineered,LinearRegression
43,0.9437908913137979,0.09728281904612439,0.15562513659612653,0.9761904761904763,Qm,Qm_mean_mg_s,engineered,LinearRegression
44,-0.4627777514588092,0.5079926095793499,0.7436068702432246,0.09523809523809526,Qm,Qm_mean_mg_s,engineered,LinearRegression
45,-2.155643508268014,0.2474131808318829,0.3633404696169456,0.9047619047619048,Qm,Qm_mean_mg_s,engineered,LinearRegression
46,0.833416342595633,0.18300787206209718,0.2500105190673022,0.880952380952381,Qm,Qm_mean_mg_s,engineered,LinearRegression
47,0.7376970861399833,0.2924665594968485,0.5138776200921088,0.9761904761904763,Qm,Qm_mean_mg_s,engineered,LinearRegression
48,0.8053606486190015,0.09586227397548179,0.18171588615600479,0.9761904761904763,Qm,Qm_mean_mg_s,engineered,LinearRegression
49,-1.6035854147137578,0.3693372942162001,0.47672077712539745,0.8333333333333335,Qm,Qm_mean_mg_s,engineered,LinearRegression
50,0.46916233842512933,0.16661731135639285,0.22447130765685633,0.9523809523809524,Qm,Qm_mean_mg_s,engineered,LinearRegression
51,0.8785205763804783,0.15026879414388458,0.21237137982645407,0.9523809523809524,Qm,Qm_mean_mg_s,engineered,LinearRegression
52,0.8459632899567512,0.16446373137572418,0.2296069057535528,0.9285714285714287,Qm,Qm_mean_mg_s,engineered,LinearRegression
53,0.8457037738452797,0.2342952904613826,0.30132870274803525,0.8333333333333335,Qm,Qm_mean_mg_s,engineered,LinearRegression
54,0.3279147432186198,0.2232566558512008,0.3444581729654277,0.9285714285714287,Qm,Qm_mean_mg_s,engineered,LinearRegression
55,0.952120099882208,0.10403663563826407,0.16184639232330283,0.9761904761904763,Qm,Qm_mean_mg_s,engineered,LinearRegression
56,0.9064892149157536,0.18241603317828564,0.26855633659820766,0.9047619047619048,Qm,Qm_mean_mg_s,engineered,LinearRegression
57,0.8109938854382197,0.12443845458862088,0.20084072512662696,0.8571428571428572,Qm,Qm_mean_mg_s,engineered,LinearRegression
58,0.9379041985660184,0.16494771313672615,0.204555245086973,0.9761904761904763,Qm,Qm_mean_mg_s,engineered,LinearRegression
59,0.8800443451231974,0.13903446430174346,0.20233752779347278,0.9047619047619048,Qm,Qm_mean_mg_s,engineered,LinearRegression
60,0.6667987153971525,0.16042110672191712,0.2367929448186627,0.9523809523809524,Qm,Qm_mean_mg_s,engineered,LinearRegression
61,0.48552345098471816,0.20156961255520456,0.3136476711297783,0.9761904761904763,Qm,Qm_mean_mg_s,engineered,LinearRegression
62,0.9647824127613727,0.10106082886508054,0.15510083965454272,0.9761904761904763,Qm,Qm_mean_mg_s,engineered,LinearRegression
63,-0.6996480582285689,0.22753045451636628,0.2955180055696873,0.8095238095238096,Qm,Qm_mean_mg_s,engineered,LinearRegression
64,0.8969392568120822,0.1589962305196664,0.27051593908650623,0.9523809523809524,Qm,Qm_mean_mg_s,engineered,LinearRegression
65,0.30001078717435703,0.4712920710620472,0.5595551636756886,0.8333333333333335,Qm,Qm_mean_mg_s,engineered,LinearRegression
66,0.9328765449905434,0.18072734757976128,0.2602625405509301,0.9523809523809524,Qm,Qm_mean_mg_s,engineered,LinearRegression
67,0.9740560080609003,0.10018652220528422,0.1241864952877736,0.8571428571428572,Qm,Qm_mean_mg_s,engineered,LinearRegression
68,-2.543261585562995,0.3724203194188143,0.5115743794406713,0.5476190476190477,Qm,Qm_mean_mg_s,engineered,LinearRegression
69,0.7916534026441708,0.10118964170678443,0.17038856094154264,0.9523809523809524,Qm,Qm_mean_mg_s,engineered,LinearRegression
70,0.881332877452351,0.09480774618777733,0.1456689881260342,0.9047619047619048,Qm,Qm_mean_mg_s,engineered,LinearRegression
71,0.09590997238099619,0.1514935834109493,0.19996576116333897,0.7380952380952381,Qm,Qm_mean_mg_s,engineered,LinearRegression
72,-0.6721336149696104,0.21470395427040068,0.3127268436490983,0.8333333333333335,Qm,Qm_mean_mg_s,engineered,LinearRegression
73,-2.9103719826902874,0.5983496736832989,0.8318335797432403,0.11904761904761905,Qm,Qm_mean_mg_s,engineered,LinearRegression
74,0.9421305133756139,0.1275818367957233,0.2603798914505421,0.9761904761904763,Qm,Qm_mean_mg_s,engineered,LinearRegression
75,0.8647211057979289,0.15759667631054572,0.22187281904279033,0.9761904761904763,Qm,Qm_mean_mg_s,engineered,LinearRegression
76,-1.8624493454144795,0.2547041739356902,0.3414513040880126,0.8095238095238096,Qm,Qm_mean_mg_s,engineered,LinearRegression
77,0.9432181831850543,0.1650796722301731,0.20166179086223782,0.9523809523809524,Qm,Qm_mean_mg_s,engineered,LinearRegression
78,0.8977745175326645,0.17041661623596377,0.2611216173188181,0.9047619047619048,Qm,Qm_mean_mg_s,engineered,LinearRegression
79,0.8675343010474706,0.20184336460615615,0.25890570096500404,0.9285714285714287,Qm,Qm_mean_mg_s,engineered,LinearRegression
80,0.6729499575926832,0.1699404566479328,0.23535326104041476,0.9047619047619048,Qm,Qm_mean_mg_s,engineered,LinearRegression
81,0.8815282668433452,0.07774798022765282,0.10627524069384947,1.0,Qm,Qm_mean_mg_s,engineered,LinearRegression
82,0.7930086224769244,0.21320861332010427,0.31666383815928606,0.9285714285714287,Qm,Qm_mean_mg_s,engineered,LinearRegression
83,0.6742850678245085,0.3334711049471683,0.41976691926153215,0.8333333333333335,Qm,Qm_mean_mg_s,engineered,LinearRegression
84,0.5847712674243768,0.18340892867517727,0.2361575938733781,0.9285714285714287,Qm,Qm_mean_mg_s,engineered,LinearRegression
85,0.8970672402571069,0.14322652246837753,0.271759994072156,0.9761904761904763,Qm,Qm_mean_mg_s,engineered,LinearRegression
86,0.9050499938548932,0.1716956554820162,0.273004491541358,0.8571428571428572,Qm,Qm_mean_mg_s,engineered,LinearRegression
87,0.9480653598927364,0.15527633205739455,0.18929669557086753,0.9523809523809524,Qm,Qm_mean_mg_s,engineered,LinearRegression
88,0.9338553369289614,0.11055951308542117,0.1575892127526253,0.9047619047619048,Qm,Qm_mean_mg_s,engineered,LinearRegression
89,0.2936867947381314,0.2803967709767458,0.3736754648971965,0.7142857142857144,Qm,Qm_mean_mg_s,engineered,LinearRegression
90,0.2501950522895753,0.1596389687288519,0.22930158462584824,0.880952380952381,Qm,Qm_mean_mg_s,engineered,LinearRegression
91,0.7610477539788508,0.09722101351648058,0.14097543308811172,1.0,Qm,Qm_mean_mg_s,engineered,LinearRegression
92,0.7074540375814855,0.32727777174540945,0.5406119651958867,0.880952380952381,Qm,Qm_mean_mg_s,engineered,LinearRegression
93,0.31769067769466885,0.2994052310041827,0.34608051888372016,0.9047619047619048,Qm,Qm_mean_mg_s,engineered,LinearRegression
94,0.7872902941875838,0.11349647370644342,0.17499703592843022,0.8095238095238096,Qm,Qm_mean_mg_s,engineered,LinearRegression
95,0.6202144670778276,0.16311845463469207,0.2272683517060897,0.9047619047619048,Qm,Qm_mean_mg_s,engineered,LinearRegression
96,-0.8033145588612869,0.32026210537735805,0.42059689589047655,0.9047619047619048,Qm,Qm_mean_mg_s,engineered,LinearRegression
97,0.7077807858554095,0.3174066577516933,0.5070237808407779,0.8333333333333335,Qm,Qm_mean_mg_s,engineered,LinearRegression
98,0.9139524361431218,0.1551609922771183,0.2152341958041153,1.0,Qm,Qm_mean_mg_s,engineered,LinearRegression
99,0.18791378003162706,0.19826465661482112,0.2740132454119159,1.0,Qm,Qm_mean_mg_s,engineered,LinearRegression
100,0.6961549019780382,0.15693161364654118,0.22959166840052556,0.9285714285714287,Qm,Qm_mean_mg_s,engineered,LinearRegression
1,0.8049570397846704,0.2346622023206495,0.4021305377481201,0.9047619047619048,Qm,Qm_mean_mg_s,engineered,SVR_RBF
2,0.8587020349539369,0.17348522373928738,0.2245631833995994,1.0,Qm,Qm_mean_mg_s,engineered,SVR_RBF
3,0.6268016551769817,0.17155266449343576,0.22948348858922196,0.9523809523809524,Qm,Qm_mean_mg_s,engineered,SVR_RBF
4,0.9539548462059249,0.05392871461407453,0.0683172410622106,0.9761904761904763,Qm,Qm_mean_mg_s,engineered,SVR_RBF
5,0.8961263700974813,0.19038897450581305,0.26208279629158265,0.8095238095238096,Qm,Qm_mean_mg_s,engineered,SVR_RBF
6,0.8620499359208259,0.16700431219385986,0.23464279544183786,0.9761904761904763,Qm,Qm_mean_mg_s,engineered,SVR_RBF
7,0.8900522115188909,0.10470929398658381,0.16571376737662982,0.9523809523809524,Qm,Qm_mean_mg_s,engineered,SVR_RBF
8,-0.5474737880980378,0.18618860795227093,0.20636186984519497,0.5000000000000001,Qm,Qm_mean_mg_s,engineered,SVR_RBF
9,0.8158876658608907,0.2382816376689013,0.4414630481814849,0.9523809523809524,Qm,Qm_mean_mg_s,engineered,SVR_RBF
10,0.8737209045697408,0.1429217332444034,0.19409789505129663,0.9285714285714287,Qm,Qm_mean_mg_s,engineered,SVR_RBF
11,0.96505956791439,0.09038406807317248,0.12125117931159697,1.0,Qm,Qm_mean_mg_s,engineered,SVR_RBF
12,0.7213416595299208,0.2236558209534362,0.4380124082350985,0.9285714285714287,Qm,Qm_mean_mg_s,engineered,SVR_RBF
13,-0.17679855253411536,0.14067630250598645,0.2094857728395602,0.9047619047619048,Qm,Qm_mean_mg_s,engineered,SVR_RBF
14,0.9502504314302911,0.08130771917113647,0.0993605971199429,0.9761904761904763,Qm,Qm_mean_mg_s,engineered,SVR_RBF
15,0.8225697695656786,0.2642665847931103,0.3175510999429066,0.9523809523809524,Qm,Qm_mean_mg_s,engineered,SVR_RBF
16,0.9653147379608341,0.0563755205022912,0.07165395806965637,1.0,Qm,Qm_mean_mg_s,engineered,SVR_RBF
17,0.8672001273272325,0.2567019508149562,0.3077234322140364,0.7142857142857144,Qm,Qm_mean_mg_s,engineered,SVR_RBF
18,0.8983417768013422,0.18758229224175738,0.2346001693370013,0.9761904761904763,Qm,Qm_mean_mg_s,engineered,SVR_RBF
19,0.8935751228707037,0.10126738624463935,0.1342477843579629,0.9761904761904763,Qm,Qm_mean_mg_s,engineered,SVR_RBF
20,0.9174098149993721,0.13860233878981054,0.16007368381123285,0.9761904761904763,Qm,Qm_mean_mg_s,engineered,SVR_RBF
21,0.6926058336814426,0.3476908260085851,0.42391772964961355,0.8571428571428572,Qm,Qm_mean_mg_s,engineered,SVR_RBF
22,0.8558854928161416,0.1666863626963994,0.22661626633690224,0.9523809523809524,Qm,Qm_mean_mg_s,engineered,SVR_RBF
23,0.8828735270834688,0.10315501825770351,0.13691149640026673,0.9523809523809524,Qm,Qm_mean_mg_s,engineered,SVR_RBF
24,0.8349700485545222,0.06413333132846767,0.07701513598332443,0.9285714285714287,Qm,Qm_mean_mg_s,engineered,SVR_RBF
25,0.8104428341928014,0.19224668219981844,0.38833902696784717,0.9761904761904763,Qm,Qm_mean_mg_s,engineered,SVR_RBF
26,0.8685540171813335,0.13622645758536556,0.21073938254190164,0.8333333333333335,Qm,Qm_mean_mg_s,engineered,SVR_RBF
27,0.9116966265607325,0.15258889876506748,0.21660270139621418,0.8571428571428572,Qm,Qm_mean_mg_s,engineered,SVR_RBF
28,0.7450134468321257,0.20923214989928585,0.4163688207455694,0.9761904761904763,Qm,Qm_mean_mg_s,engineered,SVR_RBF
29,0.8818976013696271,0.19073580552778172,0.23849182666327334,0.9523809523809524,Qm,Qm_mean_mg_s,engineered,SVR_RBF
30,0.647190121648507,0.0921109203754153,0.1155603074367015,0.9761904761904763,Qm,Qm_mean_mg_s,engineered,SVR_RBF
31,0.5084248668043501,0.37781391309349743,0.5718828263545949,0.9047619047619048,Qm,Qm_mean_mg_s,engineered,SVR_RBF
32,0.7917967067252798,0.15560013849474746,0.19373566298328285,0.8571428571428572,Qm,Qm_mean_mg_s,engineered,SVR_RBF
33,0.582621781103737,0.1054536751882585,0.15055397782784527,0.9761904761904763,Qm,Qm_mean_mg_s,engineered,SVR_RBF
34,0.887535349533852,0.09375003296602433,0.12416367883039021,0.9523809523809524,Qm,Qm_mean_mg_s,engineered,SVR_RBF
35,0.3983309761525675,0.42306042630060925,0.750636617777705,0.9761904761904763,Qm,Qm_mean_mg_s,engineered,SVR_RBF
36,0.9018932342773532,0.10731599854107902,0.13832457267562873,0.9285714285714287,Qm,Qm_mean_mg_s,engineered,SVR_RBF
37,0.8013072439396879,0.3127720789211359,0.3972971212298712,0.9285714285714287,Qm,Qm_mean_mg_s,engineered,SVR_RBF
38,0.9423165882998706,0.07946708123431265,0.09321778435990945,0.9047619047619048,Qm,Qm_mean_mg_s,engineered,SVR_RBF
39,0.7886706989672816,0.16792543335681537,0.24270402252462067,0.9761904761904763,Qm,Qm_mean_mg_s,engineered,SVR_RBF
40,0.8062909536389599,0.18602542643251296,0.3711375114764705,0.9761904761904763,Qm,Qm_mean_mg_s,engineered,SVR_RBF
41,0.894161512506948,0.16969819410521586,0.27479043096830946,0.9761904761904763,Qm,Qm_mean_mg_s,engineered,SVR_RBF
42,0.9437423597628902,0.12101920760521621,0.17301047049785,1.0,Qm,Qm_mean_mg_s,engineered,SVR_RBF
43,0.9858470089282132,0.07152165096040614,0.07809091519762257,0.9761904761904763,Qm,Qm_mean_mg_s,engineered,SVR_RBF
44,0.4162763405068379,0.3702498557529986,0.4697403518549325,0.880952380952381,Qm,Qm_mean_mg_s,engineered,SVR_RBF
45,0.1274292952167697,0.15777928820848308,0.19106015230991832,0.8333333333333335,Qm,Qm_mean_mg_s,engineered,SVR_RBF
46,0.8859058799925965,0.18302474489438184,0.20690630110539265,0.9761904761904763,Qm,Qm_mean_mg_s,engineered,SVR_RBF
47,0.556745351394982,0.39898745873729763,0.6680128182010966,0.9761904761904763,Qm,Qm_mean_mg_s,engineered,SVR_RBF
48,0.5036347664905956,0.2517439296260483,0.2901871982832585,0.9047619047619048,Qm,Qm_mean_mg_s,engineered,SVR_RBF
49,-0.3826565159306261,0.2678898770014846,0.34740440246884885,0.880952380952381,Qm,Qm_mean_mg_s,engineered,SVR_RBF
50,0.765902897239589,0.13909866860372938,0.1490657921348904,0.9761904761904763,Qm,Qm_mean_mg_s,engineered,SVR_RBF
51,0.8400981117501002,0.1398425740993962,0.24365280954901627,0.9761904761904763,Qm,Qm_mean_mg_s,engineered,SVR_RBF
52,0.9404752197550141,0.11932462435970985,0.14273212419472067,0.7857142857142858,Qm,Qm_mean_mg_s,engineered,SVR_RBF
53,0.7769983709825127,0.21261404141527318,0.3622570679387425,0.9047619047619048,Qm,Qm_mean_mg_s,engineered,SVR_RBF
54,0.5934902379710878,0.20327624752511292,0.267892033632644,0.8333333333333335,Qm,Qm_mean_mg_s,engineered,SVR_RBF
55,0.9912354896985432,0.058348868626507754,0.06924528915421771,0.9761904761904763,Qm,Qm_mean_mg_s,engineered,SVR_RBF
56,0.7706927296444324,0.2216890909296122,0.4205459594785649,0.9761904761904763,Qm,Qm_mean_mg_s,engineered,SVR_RBF
57,0.7996512338888708,0.12778538158241198,0.20677936132194275,0.8333333333333335,Qm,Qm_mean_mg_s,engineered,SVR_RBF
58,0.8986416297281874,0.18342833167683473,0.2613420606089958,1.0,Qm,Qm_mean_mg_s,engineered,SVR_RBF
59,0.8640703066505458,0.1559391524500446,0.2153888636133849,0.9047619047619048,Qm,Qm_mean_mg_s,engineered,SVR_RBF
60,0.7581492672927439,0.14136674602577803,0.20173865857676218,0.9047619047619048,Qm,Qm_mean_mg_s,engineered,SVR_RBF
61,0.9623530606908375,0.0747494652183118,0.08484458161599095,0.9761904761904763,Qm,Qm_mean_mg_s,engineered,SVR_RBF
62,0.8931440299693192,0.17274133412671366,0.27016789869832386,1.0,Qm,Qm_mean_mg_s,engineered,SVR_RBF
63,-0.44760715442852494,0.22603463202077662,0.2727280493588033,0.8571428571428572,Qm,Qm_mean_mg_s,engineered,SVR_RBF
64,0.8360587412565903,0.17696282419898243,0.3411853358997069,0.9761904761904763,Qm,Qm_mean_mg_s,engineered,SVR_RBF
65,0.7975860637772756,0.2286558971765063,0.30089671011634644,0.9523809523809524,Qm,Qm_mean_mg_s,engineered,SVR_RBF
66,0.8094075726567662,0.2586460352447342,0.4385582993842139,0.9761904761904763,Qm,Qm_mean_mg_s,engineered,SVR_RBF
67,0.9227600120093215,0.1331971602769657,0.2142777459729302,0.9047619047619048,Qm,Qm_mean_mg_s,engineered,SVR_RBF
68,-0.28370507978818194,0.20940606437393872,0.3079213542078692,0.8333333333333335,Qm,Qm_mean_mg_s,engineered,SVR_RBF
69,0.8260569327021081,0.10195931144666319,0.15568644108538038,0.9285714285714287,Qm,Qm_mean_mg_s,engineered,SVR_RBF
70,0.9111677303647013,0.11282394734636694,0.12603387141089922,0.9523809523809524,Qm,Qm_mean_mg_s,engineered,SVR_RBF
71,0.7879696595832643,0.07424162651691821,0.09683866784793368,0.880952380952381,Qm,Qm_mean_mg_s,engineered,SVR_RBF
72,-0.303559563571006,0.19274299018563268,0.2761182503830151,0.7857142857142858,Qm,Qm_mean_mg_s,engineered,SVR_RBF
73,-0.2218910882496603,0.3361818415954704,0.46499005073564054,0.7380952380952381,Qm,Qm_mean_mg_s,engineered,SVR_RBF
74,0.775469969781875,0.3291756001177468,0.5128848186769424,0.9761904761904763,Qm,Qm_mean_mg_s,engineered,SVR_RBF
75,0.8645617075067255,0.1463157062182742,0.22200349625091198,0.9761904761904763,Qm,Qm_mean_mg_s,engineered,SVR_RBF
76,-0.10603485081562414,0.1629919188927379,0.21224832741660363,0.7619047619047621,Qm,Qm_mean_mg_s,engineered,SVR_RBF
77,0.8809363540201268,0.18430476754673872,0.2920172899549975,0.9761904761904763,Qm,Qm_mean_mg_s,engineered,SVR_RBF
78,0.8818722342133429,0.19723930392126104,0.280697947814846,0.9047619047619048,Qm,Qm_mean_mg_s,engineered,SVR_RBF
79,0.8796432976748063,0.1893428244403276,0.24678856672958205,0.9523809523809524,Qm,Qm_mean_mg_s,engineered,SVR_RBF
80,0.8222792962798744,0.13137618664372874,0.17349306817928717,0.9523809523809524,Qm,Qm_mean_mg_s,engineered,SVR_RBF
81,0.884252140558108,0.0917329993166139,0.10504640892919816,0.9761904761904763,Qm,Qm_mean_mg_s,engineered,SVR_RBF
82,0.6751739808038066,0.2598967968633735,0.39668679962988207,0.9285714285714287,Qm,Qm_mean_mg_s,engineered,SVR_RBF
83,0.8638849799592451,0.19157709240331752,0.27135785724647576,0.9761904761904763,Qm,Qm_mean_mg_s,engineered,SVR_RBF
84,0.7993821423917837,0.12883522667096511,0.16415080261760387,0.9523809523809524,Qm,Qm_mean_mg_s,engineered,SVR_RBF
85,0.7674887272725868,0.18801936863987895,0.4084423089963795,1.0,Qm,Qm_mean_mg_s,engineered,SVR_RBF
86,0.7909401516010479,0.20486613847694607,0.4050956775488931,0.9761904761904763,Qm,Qm_mean_mg_s,engineered,SVR_RBF
87,0.8731103305729916,0.21753801415239743,0.295888170518125,0.9761904761904763,Qm,Qm_mean_mg_s,engineered,SVR_RBF
88,0.9562256278860253,0.10806492287276993,0.1282003008641978,0.880952380952381,Qm,Qm_mean_mg_s,engineered,SVR_RBF
89,0.5447252490127328,0.2106280847345056,0.3000079085051152,0.880952380952381,Qm,Qm_mean_mg_s,engineered,SVR_RBF
90,0.3885157631684437,0.14113471688539037,0.20707398347838205,0.9285714285714287,Qm,Qm_mean_mg_s,engineered,SVR_RBF
91,0.9020177882810093,0.08038931096558949,0.09027375303246733,1.0,Qm,Qm_mean_mg_s,engineered,SVR_RBF
92,0.4891444743839627,0.47948672263043196,0.7143937508553266,0.880952380952381,Qm,Qm_mean_mg_s,engineered,SVR_RBF
93,0.6431202906252373,0.19105630082181574,0.25029226532997206,0.9523809523809524,Qm,Qm_mean_mg_s,engineered,SVR_RBF
94,0.9168854588044395,0.06643474429169877,0.10938947681185751,0.9047619047619048,Qm,Qm_mean_mg_s,engineered,SVR_RBF
95,0.6846731053150881,0.13729566151642197,0.20708577160428185,0.8571428571428572,Qm,Qm_mean_mg_s,engineered,SVR_RBF
96,0.5497029431664879,0.17294652489130036,0.21017442739899272,0.9047619047619048,Qm,Qm_mean_mg_s,engineered,SVR_RBF
97,0.49163249840190326,0.38146959127035945,0.6687485217220446,0.8571428571428572,Qm,Qm_mean_mg_s,engineered,SVR_RBF
98,0.9380977121388416,0.1351703771594825,0.18255567265892908,0.9761904761904763,Qm,Qm_mean_mg_s,engineered,SVR_RBF
99,0.5099617729984175,0.13833940648101406,0.21285578888872642,1.0,Qm,Qm_mean_mg_s,engineered,SVR_RBF
100,0.9561614106984296,0.06273734702479952,0.08720839467082854,0.9285714285714287,Qm,Qm_mean_mg_s,engineered,SVR_RBF
1,0.38736985299367355,0.47392157804232804,0.7126907085885753,0.9523809523809524,Qm,Qm_mean_mg_s,engineered,RandomForest
2,0.6754698809379756,0.2579253558201052,0.3403283335298172,0.9761904761904763,Qm,Qm_mean_mg_s,engineered,RandomForest
3,0.12432388699272112,0.28874024884259286,0.35152267172922846,0.6190476190476191,Qm,Qm_mean_mg_s,engineered,RandomForest
4,-0.0034848934448938884,0.31164382060185203,0.3189288265377479,0.5000000000000001,Qm,Qm_mean_mg_s,engineered,RandomForest
5,0.5764625804246548,0.4195180512566133,0.529214521667952,0.6904761904761906,Qm,Qm_mean_mg_s,engineered,RandomForest
6,0.6460335306089229,0.29319163475529125,0.37586105873815717,0.9047619047619048,Qm,Qm_mean_mg_s,engineered,RandomForest
7,0.2900485842428525,0.388897486276455,0.421094584728758,0.7619047619047621,Qm,Qm_mean_mg_s,engineered,RandomForest
8,-8.365466880213333,0.45434172916666654,0.5076711919162155,0.023809523809523815,Qm,Qm_mean_mg_s,engineered,RandomForest
9,0.4497997752556899,0.5896291268187822,0.7631559549680371,0.4523809523809524,Qm,Qm_mean_mg_s,engineered,RandomForest
10,0.4373736662748394,0.2889533245701056,0.4096992058992621,0.7857142857142858,Qm,Qm_mean_mg_s,engineered,RandomForest
11,0.613956024826944,0.31199435052910063,0.4030326454046163,0.7857142857142858,Qm,Qm_mean_mg_s,engineered,RandomForest
12,0.4100676753747473,0.41117659226190484,0.6373111066231082,0.7857142857142858,Qm,Qm_mean_mg_s,engineered,RandomForest
13,-0.4957403151140596,0.19304092956349203,0.23617372001557912,0.7380952380952381,Qm,Qm_mean_mg_s,engineered,RandomForest
14,-0.42405702811489254,0.4376520990410049,0.5315978601497054,0.4761904761904762,Qm,Qm_mean_mg_s,engineered,RandomForest
15,0.23092361743611367,0.5205661674933864,0.661126477428529,0.7619047619047621,Qm,Qm_mean_mg_s,engineered,RandomForest
16,0.2623647354815376,0.2863104535383597,0.330436893686529,0.7142857142857144,Qm,Qm_mean_mg_s,engineered,RandomForest
17,0.45536244618152844,0.4110222041997355,0.6231829032525152,0.880952380952381,Qm,Qm_mean_mg_s,engineered,RandomForest
18,0.3878822676800021,0.4028004242724869,0.57567125480636,0.8333333333333335,Qm,Qm_mean_mg_s,engineered,RandomForest
19,0.45390071140057675,0.22201782936507936,0.3041034544003488,0.9285714285714287,Qm,Qm_mean_mg_s,engineered,RandomForest
20,0.4454896274617678,0.32984173059463656,0.414773075852801,0.9047619047619048,Qm,Qm_mean_mg_s,engineered,RandomForest
21,0.3993183097030879,0.442510989914021,0.5925922494915333,0.7857142857142858,Qm,Qm_mean_mg_s,engineered,RandomForest
22,0.6925325736300018,0.25657389715608486,0.3310067009613943,0.9047619047619048,Qm,Qm_mean_mg_s,engineered,RandomForest
23,-0.19624578805971948,0.36400000396825394,0.43754486900405826,0.3571428571428572,Qm,Qm_mean_mg_s,engineered,RandomForest
24,-2.24900523198098,0.2879551828703703,0.34171961310378635,0.5476190476190477,Qm,Qm_mean_mg_s,engineered,RandomForest
25,0.4480514930003604,0.4172816668320108,0.6626591761691979,0.880952380952381,Qm,Qm_mean_mg_s,engineered,RandomForest
26,-0.047734496745514,0.4719778928571428,0.5949735591271176,-0.023809523809523815,Qm,Qm_mean_mg_s,engineered,RandomForest
27,0.7318857005863457,0.28011269841269815,0.377428950617685,0.9047619047619048,Qm,Qm_mean_mg_s,engineered,RandomForest
28,0.3809408168680525,0.3781575911044975,0.6487623622260831,0.9047619047619048,Qm,Qm_mean_mg_s,engineered,RandomForest
29,0.6648484336024276,0.33089754628126533,0.4017582166928309,0.9285714285714287,Qm,Qm_mean_mg_s,engineered,RandomForest
30,-1.2208168273370759,0.21675380935846567,0.2899310244359578,0.4523809523809524,Qm,Qm_mean_mg_s,engineered,RandomForest
31,-0.40856045106715255,0.8294537612433865,0.9680545872164662,-0.1666666666666667,Qm,Qm_mean_mg_s,engineered,RandomForest
32,-0.2932490264535188,0.44532493419312147,0.4828440188168681,0.6666666666666669,Qm,Qm_mean_mg_s,engineered,RandomForest
33,0.48714187262052566,0.14556137748015885,0.1668883285401437,0.8333333333333335,Qm,Qm_mean_mg_s,engineered,RandomForest
34,0.7227498463862647,0.18183816699735444,0.19494964584912133,0.9523809523809524,Qm,Qm_mean_mg_s,engineered,RandomForest
35,-0.04259951750258306,0.6580543407738101,0.9881199774495256,0.5952380952380953,Qm,Qm_mean_mg_s,engineered,RandomForest
36,0.22720847153316426,0.31129882159391536,0.3882227970230149,0.5476190476190477,Qm,Qm_mean_mg_s,engineered,RandomForest
37,0.6795185759123274,0.4180696483134919,0.50457511999718,0.880952380952381,Qm,Qm_mean_mg_s,engineered,RandomForest
38,0.4002464703942762,0.26818679001322776,0.30057974592552344,0.9523809523809524,Qm,Qm_mean_mg_s,engineered,RandomForest
39,0.5246986464893996,0.28884220916005277,0.3639834536735782,0.8095238095238096,Qm,Qm_mean_mg_s,engineered,RandomForest
40,0.10039945276403728,0.5576277248677247,0.7998061796490105,0.30952380952380953,Qm,Qm_mean_mg_s,engineered,RandomForest
41,0.4496466907845079,0.4077477136243387,0.6266147071073921,0.7857142857142858,Qm,Qm_mean_mg_s,engineered,RandomForest
42,0.4335374523644724,0.4469972141053391,0.5489935373920523,0.6904761904761906,Qm,Qm_mean_mg_s,engineered,RandomForest
43,0.6593422552083297,0.28798996329365073,0.38312062258634794,0.9523809523809524,Qm,Qm_mean_mg_s,engineered,RandomForest
44,0.43557867363918823,0.3635638024140211,0.46190847216146175,0.5476190476190477,Qm,Qm_mean_mg_s,engineered,RandomForest
45,-0.5038064126173127,0.2373809527116399,0.2508220839058437,0.8333333333333335,Qm,Qm_mean_mg_s,engineered,RandomForest
46,0.5348432501470719,0.3349757815806883,0.4177743276846892,0.7380952380952381,Qm,Qm_mean_mg_s,engineered,RandomForest
47,-0.11667055015514416,0.729528885912699,1.060280264893512,0.523809523809524,Qm,Qm_mean_mg_s,engineered,RandomForest
48,-2.028654273692234,0.6427776620370371,0.7168073045519446,0.04761904761904763,Qm,Qm_mean_mg_s,engineered,RandomForest
49,0.1621341002992569,0.23031713959535838,0.2704365725288208,0.5952380952380953,Qm,Qm_mean_mg_s,engineered,RandomForest
50,-0.23952975145867939,0.29906007721560846,0.3430113181888918,0.6904761904761906,Qm,Qm_mean_mg_s,engineered,RandomForest
51,0.5882602421021009,0.25633893700396826,0.39098133921127276,0.7380952380952381,Qm,Qm_mean_mg_s,engineered,RandomForest
52,0.6245002647071897,0.27400395750661355,0.3584904959149095,0.7142857142857144,Qm,Qm_mean_mg_s,engineered,RandomForest
53,0.20983224869010386,0.438755591600529,0.6819028419294769,0.8095238095238096,Qm,Qm_mean_mg_s,engineered,RandomForest
54,0.2552094514300326,0.3147670089285716,0.3626113450871663,0.6428571428571429,Qm,Qm_mean_mg_s,engineered,RandomForest
55,0.592079772219084,0.38289248710317475,0.4724045000221731,0.7857142857142858,Qm,Qm_mean_mg_s,engineered,RandomForest
56,0.45873177193033265,0.4263372857142856,0.646116482400859,0.7619047619047621,Qm,Qm_mean_mg_s,engineered,RandomForest
57,0.410682239869798,0.2914010400132275,0.35464073494455933,0.6666666666666669,Qm,Qm_mean_mg_s,engineered,RandomForest
58,0.3289089253683728,0.4721185750661372,0.672465847910022,0.7619047619047621,Qm,Qm_mean_mg_s,engineered,RandomForest
59,0.664169996978135,0.23995719014550293,0.3385523424580795,0.8333333333333335,Qm,Qm_mean_mg_s,engineered,RandomForest
60,0.4364571019373521,0.24555508912037036,0.3079490832366827,0.7380952380952381,Qm,Qm_mean_mg_s,engineered,RandomForest
61,0.30245352765732403,0.2462954420394417,0.36521268103571686,0.7380952380952381,Qm,Qm_mean_mg_s,engineered,RandomForest
62,0.29491128842582914,0.5026733746693117,0.6939948221607071,0.6904761904761906,Qm,Qm_mean_mg_s,engineered,RandomForest
63,-1.0043881140620576,0.28575896147486735,0.3209189445634335,0.4285714285714286,Qm,Qm_mean_mg_s,engineered,RandomForest
64,0.4373944922428872,0.3183863424873739,0.6320453114805991,0.880952380952381,Qm,Qm_mean_mg_s,engineered,RandomForest
65,0.4023565754846957,0.45673099603174616,0.517033052171301,0.14285714285714288,Qm,Qm_mean_mg_s,engineered,RandomForest
66,0.38210504342195795,0.5661988303571424,0.7896449071832664,0.9047619047619048,Qm,Qm_mean_mg_s,engineered,RandomForest
67,0.49819174415566936,0.41630215906084655,0.546166264962168,0.9047619047619048,Qm,Qm_mean_mg_s,engineered,RandomForest
68,-0.34564341937407606,0.2681680446428572,0.3152623976424762,0.7142857142857144,Qm,Qm_mean_mg_s,engineered,RandomForest
69,0.04453753157535956,0.32241358548280435,0.3648833487513494,0.5952380952380953,Qm,Qm_mean_mg_s,engineered,RandomForest
70,0.5297691718164727,0.2759891582341272,0.28997292313630024,0.8571428571428572,Qm,Qm_mean_mg_s,engineered,RandomForest
71,-2.5119216653671774,0.33833821064814773,0.39411431656627227,0.6190476190476191,Qm,Qm_mean_mg_s,engineered,RandomForest
72,0.009618674868934085,0.207448334986772,0.2406749520887885,0.880952380952381,Qm,Qm_mean_mg_s,engineered,RandomForest
73,-0.21778097134987084,0.3945023412999039,0.46420734049477486,0.07142857142857144,Qm,Qm_mean_mg_s,engineered,RandomForest
74,0.2681786723534413,0.7024700707671954,0.9259449295295183,0.9285714285714287,Qm,Qm_mean_mg_s,engineered,RandomForest
75,0.3510832809720459,0.38369385995370403,0.4859410200174626,0.19047619047619052,Qm,Qm_mean_mg_s,engineered,RandomForest
76,-0.8642525215561196,0.25853544361772474,0.2755575027634732,0.7619047619047621,Qm,Qm_mean_mg_s,engineered,RandomForest
77,0.3745911985655126,0.5013822752976185,0.6692694046796016,0.9047619047619048,Qm,Qm_mean_mg_s,engineered,RandomForest
78,0.37632302694452113,0.3992396425264546,0.6449753210045928,0.9047619047619048,Qm,Qm_mean_mg_s,engineered,RandomForest
79,0.6125724168580029,0.3935384211309525,0.4427771132099867,0.6666666666666669,Qm,Qm_mean_mg_s,engineered,RandomForest
80,0.4936827290447713,0.18428309623015843,0.2928360136878715,0.8571428571428572,Qm,Qm_mean_mg_s,engineered,RandomForest
81,0.39212791782863576,0.20597737549603146,0.24073033779678535,0.7857142857142858,Qm,Qm_mean_mg_s,engineered,RandomForest
82,0.5039033119581577,0.3198893174603171,0.4902363473989781,0.9761904761904763,Qm,Qm_mean_mg_s,engineered,RandomForest
83,0.5373144654234977,0.39861954150132217,0.5003021122489356,0.5476190476190477,Qm,Qm_mean_mg_s,engineered,RandomForest
84,0.4536399128810582,0.2358024632936505,0.2708929478616283,0.8095238095238096,Qm,Qm_mean_mg_s,engineered,RandomForest
85,0.17173949014033274,0.4793765647396582,0.7708896123709804,0.7380952380952381,Qm,Qm_mean_mg_s,engineered,RandomForest
86,0.44359268547159747,0.453975189814815,0.6608740649309491,0.9285714285714287,Qm,Qm_mean_mg_s,engineered,RandomForest
87,0.3474351989246993,0.5036678470568781,0.6710058274501034,0.9285714285714287,Qm,Qm_mean_mg_s,engineered,RandomForest
88,0.5606856821868438,0.31694272999338624,0.40613157985907944,0.6904761904761906,Qm,Qm_mean_mg_s,engineered,RandomForest
89,0.2537547057642001,0.30342632109788387,0.3840932927228508,0.7380952380952381,Qm,Qm_mean_mg_s,engineered,RandomForest
90,0.09680494666749906,0.20588045419973527,0.25166549804866756,0.6190476190476191,Qm,Qm_mean_mg_s,engineered,RandomForest
91,0.1245378225061019,0.20102476901455063,0.26984015209357115,0.7142857142857144,Qm,Qm_mean_mg_s,engineered,RandomForest
92,-0.47992881189366354,0.9785454935515873,1.2159312269467135,0.5000000000000001,Qm,Qm_mean_mg_s,engineered,RandomForest
93,0.3380006863409267,0.2602169972041846,0.3408907919269332,0.7619047619047621,Qm,Qm_mean_mg_s,engineered,RandomForest
94,0.3349215192154643,0.20690928670634906,0.3094378873376774,0.880952380952381,Qm,Qm_mean_mg_s,engineered,RandomForest
95,0.4258999701089068,0.2661012118055561,0.2794238925162705,0.9047619047619048,Qm,Qm_mean_mg_s,engineered,RandomForest
96,0.41844021347099203,0.1842054325396825,0.2388512414600859,0.8333333333333335,Qm,Qm_mean_mg_s,engineered,RandomForest
97,-0.13332408989347688,0.6930173412698408,0.998506750501449,0.5952380952380953,Qm,Qm_mean_mg_s,engineered,RandomForest
98,0.6103911454418819,0.34185866782407387,0.4579904176673646,0.880952380952381,Qm,Qm_mean_mg_s,engineered,RandomForest
99,0.3058670500658821,0.21011831449915824,0.25333302920325296,0.9047619047619048,Qm,Qm_mean_mg_s,engineered,RandomForest
100,0.12387028329352667,0.3101754511183261,0.3898649677978366,0.6666666666666669,Qm,Qm_mean_mg_s,engineered,RandomForest
1,0.6349347044909839,0.34248761544094763,0.5501576919790987,0.9523809523809524,Qm,Qm_mean_mg_s,engineered,GradientBoosting
2,0.8191378855335176,0.221340034663765,0.2540647448099918,0.7619047619047621,Qm,Qm_mean_mg_s,engineered,GradientBoosting
3,0.6390228495550574,0.1882761102276315,0.22569474386724017,0.9940297973880048,Qm,Qm_mean_mg_s,engineered,GradientBoosting
4,0.7493973510027468,0.15514234528879955,0.15937903177013768,0.9285714285714287,Qm,Qm_mean_mg_s,engineered,GradientBoosting
5,0.6597242120088918,0.41069250981438077,0.47435270747927893,0.5476190476190477,Qm,Qm_mean_mg_s,engineered,GradientBoosting
6,0.8450507396669303,0.20246779383914856,0.2486800949155414,0.9285714285714287,Qm,Qm_mean_mg_s,engineered,GradientBoosting
7,0.5373489877134827,0.311833979316819,0.3399320395745505,0.9523809523809524,Qm,Qm_mean_mg_s,engineered,GradientBoosting
8,-2.4402119660130626,0.2717280302059639,0.3076878907796944,0.13173888881045848,Qm,Qm_mean_mg_s,engineered,GradientBoosting
9,0.7276225599397657,0.4233121050042748,0.5369557317176368,0.4523809523809524,Qm,Qm_mean_mg_s,engineered,GradientBoosting
10,0.7442067472851394,0.2388584214011345,0.27624831438234304,0.8571428571428572,Qm,Qm_mean_mg_s,engineered,GradientBoosting
11,0.8296130423752921,0.2051151214270317,0.267756492215606,0.7619047619047621,Qm,Qm_mean_mg_s,engineered,GradientBoosting
12,0.7419730860260549,0.2706860616085771,0.42148574840060815,0.7380952380952381,Qm,Qm_mean_mg_s,engineered,GradientBoosting
13,-0.5455549277232792,0.17530733787287484,0.24007431182544442,0.7142857142857144,Qm,Qm_mean_mg_s,engineered,GradientBoosting
14,0.6593545055847632,0.2318265236124593,0.2599985092581965,0.8333333333333335,Qm,Qm_mean_mg_s,engineered,GradientBoosting
15,0.43455092175692656,0.46493930999176586,0.5668870856057122,0.8333333333333335,Qm,Qm_mean_mg_s,engineered,GradientBoosting
16,0.6393525202116641,0.18826425689217502,0.2310516882463457,0.8333333333333335,Qm,Qm_mean_mg_s,engineered,GradientBoosting
17,0.6816534125009952,0.3214116912427639,0.47644397334301336,0.9761904761904763,Qm,Qm_mean_mg_s,engineered,GradientBoosting
18,0.5833121244878307,0.4053201961600086,0.4749659711665441,0.6428571428571429,Qm,Qm_mean_mg_s,engineered,GradientBoosting
19,0.6693497181948522,0.21112689665229217,0.23663010511587879,0.5714285714285715,Qm,Qm_mean_mg_s,engineered,GradientBoosting
20,0.8354275050519093,0.18215942339018515,0.22596144674373417,1.0,Qm,Qm_mean_mg_s,engineered,GradientBoosting
21,0.43924168624225557,0.49638415915094103,0.5725608257058493,0.6190476190476191,Qm,Qm_mean_mg_s,engineered,GradientBoosting
22,0.9024178266067775,0.1486526498944135,0.18647579735016095,0.9285714285714287,Qm,Qm_mean_mg_s,engineered,GradientBoosting
23,0.21040680439755122,0.32709785508935807,0.35547910908544017,0.4047619047619048,Qm,Qm_mean_mg_s,engineered,GradientBoosting
24,0.5873333351859847,0.10875857789353774,0.12178516661898514,0.9047619047619048,Qm,Qm_mean_mg_s,engineered,GradientBoosting
25,0.6909661971299459,0.284910482537621,0.49584270470701597,0.9047619047619048,Qm,Qm_mean_mg_s,engineered,GradientBoosting
26,0.5967923120978857,0.31579428533010795,0.3690935419081906,0.6190476190476191,Qm,Qm_mean_mg_s,engineered,GradientBoosting
27,0.8567124063950986,0.2138176201535444,0.27591767109230425,0.8095238095238096,Qm,Qm_mean_mg_s,engineered,GradientBoosting
28,0.7458345477979076,0.2628770104816539,0.41569789024053816,0.880952380952381,Qm,Qm_mean_mg_s,engineered,GradientBoosting
29,0.8205870602914558,0.22242765238333023,0.29394834680520715,0.9761904761904763,Qm,Qm_mean_mg_s,engineered,GradientBoosting
30,0.1317627254527426,0.1601444723238972,0.1812831895517579,0.7784570702436182,Qm,Qm_mean_mg_s,engineered,GradientBoosting
31,-0.11859015466652822,0.7639869752807876,0.8626757664214031,0.2380952380952381,Qm,Qm_mean_mg_s,engineered,GradientBoosting
32,0.572574667737262,0.2555888219173619,0.2775849429075348,0.8742671711966791,Qm,Qm_mean_mg_s,engineered,GradientBoosting
33,0.7111988370896272,0.10863630543961347,0.12523531507330543,0.9047619047619048,Qm,Qm_mean_mg_s,engineered,GradientBoosting
34,0.7778896149857389,0.13589498892307375,0.1744901778561177,0.9047619047619048,Qm,Qm_mean_mg_s,engineered,GradientBoosting
35,0.4310980031117605,0.49567693673796603,0.7299105637192828,0.880952380952381,Qm,Qm_mean_mg_s,engineered,GradientBoosting
36,0.725551253705067,0.16295294342739422,0.23135584899690648,0.9761904761904763,Qm,Qm_mean_mg_s,engineered,GradientBoosting
37,0.7524360691181781,0.3803433102613648,0.44347392151208814,0.9047619047619048,Qm,Qm_mean_mg_s,engineered,GradientBoosting
38,0.794366734114579,0.1642080491435549,0.17600296871288543,0.9761904761904763,Qm,Qm_mean_mg_s,engineered,GradientBoosting
39,0.7248154506717817,0.21968637711841735,0.27695495469473413,0.7380952380952381,Qm,Qm_mean_mg_s,engineered,GradientBoosting
40,0.6376447937312867,0.30264283304973755,0.5076064742746789,0.7380952380952381,Qm,Qm_mean_mg_s,engineered,GradientBoosting
41,0.691955843789247,0.354652183580186,0.4687985718424772,0.7619047619047621,Qm,Qm_mean_mg_s,engineered,GradientBoosting
42,0.7583034730069919,0.2981519949574142,0.35860540942045566,0.8095238095238096,Qm,Qm_mean_mg_s,engineered,GradientBoosting
43,0.9171660498918497,0.16771345109656266,0.18892115077326294,0.9523809523809524,Qm,Qm_mean_mg_s,engineered,GradientBoosting
44,0.6362773705214388,0.27857404876110287,0.37079970636161175,0.9285714285714287,Qm,Qm_mean_mg_s,engineered,GradientBoosting
45,0.3357948652317474,0.15137532164510048,0.16669436533615833,0.9047619047619048,Qm,Qm_mean_mg_s,engineered,GradientBoosting
46,0.833531778796364,0.20085169074197057,0.2499238801183926,0.9047619047619048,Qm,Qm_mean_mg_s,engineered,GradientBoosting
47,-0.0830099213181168,0.8143016337530178,1.0441775802597983,0.261904761904762,Qm,Qm_mean_mg_s,engineered,GradientBoosting
48,0.0746884891155074,0.33905371126860195,0.3962064619328029,0.7664808076244857,Qm,Qm_mean_mg_s,engineered,GradientBoosting
49,0.2307364563752098,0.20423615929000494,0.25912883407680953,0.7619047619047621,Qm,Qm_mean_mg_s,engineered,GradientBoosting
50,0.4836770181779536,0.20609031311611495,0.22138118151390593,0.7857142857142858,Qm,Qm_mean_mg_s,engineered,GradientBoosting
51,0.7958616000287355,0.23396392805111924,0.2753004876466239,0.6428571428571429,Qm,Qm_mean_mg_s,engineered,GradientBoosting
52,0.9096855041965918,0.12827349569522725,0.1758132328009474,0.9523809523809524,Qm,Qm_mean_mg_s,engineered,GradientBoosting
53,0.646276352058376,0.33716448305400687,0.4562416167000939,0.9523809523809524,Qm,Qm_mean_mg_s,engineered,GradientBoosting
54,0.7207380197143451,0.1709730463875317,0.22203948742423432,0.9523809523809524,Qm,Qm_mean_mg_s,engineered,GradientBoosting
55,0.898604192858902,0.20813565018544927,0.23552466978208514,0.8571428571428572,Qm,Qm_mean_mg_s,engineered,GradientBoosting
56,0.40912641233803804,0.4620047453129113,0.6750747139192691,0.7142857142857144,Qm,Qm_mean_mg_s,engineered,GradientBoosting
57,0.6768529658344139,0.18952123627382728,0.2626116211717374,0.7619047619047621,Qm,Qm_mean_mg_s,engineered,GradientBoosting
58,0.7148683586332676,0.2851213843322838,0.43833102258290607,0.9761904761904763,Qm,Qm_mean_mg_s,engineered,GradientBoosting
59,0.8199577043435843,0.21511872493886205,0.24788676925175696,0.880952380952381,Qm,Qm_mean_mg_s,engineered,GradientBoosting
60,0.6896435014633078,0.18890968844296663,0.22853138242180815,0.880952380952381,Qm,Qm_mean_mg_s,engineered,GradientBoosting
61,0.46888836753387875,0.2394575111398985,0.3186780728800786,0.7142857142857144,Qm,Qm_mean_mg_s,engineered,GradientBoosting
62,0.7219836939602609,0.3525905655808078,0.4357821966444282,0.9285714285714287,Qm,Qm_mean_mg_s,engineered,GradientBoosting
63,-2.789390249550621,0.33317412857070783,0.44125446451548517,0.6190476190476191,Qm,Qm_mean_mg_s,engineered,GradientBoosting
64,0.7293643443145448,0.2884225133475386,0.4383678859981393,0.9523809523809524,Qm,Qm_mean_mg_s,engineered,GradientBoosting
65,0.6588696711239377,0.33077482364101535,0.39062263080771087,0.7380952380952381,Qm,Qm_mean_mg_s,engineered,GradientBoosting
66,0.6828740452951017,0.4306961841298522,0.565705508120416,0.9523809523809524,Qm,Qm_mean_mg_s,engineered,GradientBoosting
67,0.7738212023435426,0.2773795810410436,0.36667551957541183,0.9047619047619048,Qm,Qm_mean_mg_s,engineered,GradientBoosting
68,-1.3177886668284358,0.3080690896425865,0.41375580090384695,0.7857142857142858,Qm,Qm_mean_mg_s,engineered,GradientBoosting
69,0.4428186312191227,0.24213338155337685,0.2786413219681913,0.523809523809524,Qm,Qm_mean_mg_s,engineered,GradientBoosting
70,0.7213875536005316,0.1896198792860883,0.22320409312923234,0.9523809523809524,Qm,Qm_mean_mg_s,engineered,GradientBoosting
71,-0.30681756698237206,0.22801484881991813,0.24041263202640503,0.8982196964349441,Qm,Qm_mean_mg_s,engineered,GradientBoosting
72,-0.8759855415314226,0.2095151015047609,0.3312412510052881,0.8982196964349441,Qm,Qm_mean_mg_s,engineered,GradientBoosting
73,0.5607453034846073,0.24566376431626472,0.2787954095403348,0.8095238095238096,Qm,Qm_mean_mg_s,engineered,GradientBoosting
74,0.6204127922837592,0.5189507880447878,0.6668657470002894,0.9047619047619048,Qm,Qm_mean_mg_s,engineered,GradientBoosting
75,0.3210949745916849,0.3995216656582502,0.4970425753362204,0.30952380952380953,Qm,Qm_mean_mg_s,engineered,GradientBoosting
76,-0.21085204590372375,0.19907951485930475,0.22207793509415025,0.7380952380952381,Qm,Qm_mean_mg_s,engineered,GradientBoosting
77,0.6025849722145943,0.4038653135593493,0.5335082261690762,1.0,Qm,Qm_mean_mg_s,engineered,GradientBoosting
78,0.7491760140740442,0.23916053425268097,0.40902304267192385,0.9285714285714287,Qm,Qm_mean_mg_s,engineered,GradientBoosting
79,0.7865466301208375,0.3025746178927491,0.3286558776591322,0.9761904761904763,Qm,Qm_mean_mg_s,engineered,GradientBoosting
80,0.5196426977498645,0.21507395204103633,0.28523007354221336,0.8571428571428572,Qm,Qm_mean_mg_s,engineered,GradientBoosting
81,0.742497039355986,0.1332857294235082,0.15668082138590833,0.9047619047619048,Qm,Qm_mean_mg_s,engineered,GradientBoosting
82,0.7563386580844407,0.2903756408269993,0.34357033616482396,0.880952380952381,Qm,Qm_mean_mg_s,engineered,GradientBoosting
83,0.7973782827505974,0.24269591611437275,0.3310795615385715,0.9761904761904763,Qm,Qm_mean_mg_s,engineered,GradientBoosting
84,0.7344773179305841,0.15845973959733795,0.18884653884953365,0.880952380952381,Qm,Qm_mean_mg_s,engineered,GradientBoosting
85,0.6625181146848611,0.3521282572052139,0.4920780004344366,0.7142857142857144,Qm,Qm_mean_mg_s,engineered,GradientBoosting
86,0.7738375699348751,0.31971314123952677,0.42133983862911745,0.9461247469114746,Qm,Qm_mean_mg_s,engineered,GradientBoosting
87,0.7077391204827228,0.34583465164232563,0.4490552860753345,0.8571428571428572,Qm,Qm_mean_mg_s,engineered,GradientBoosting
88,0.6553944215038106,0.3007841078099942,0.35969983074950046,0.7142857142857144,Qm,Qm_mean_mg_s,engineered,GradientBoosting
89,0.3457579333979889,0.2705431068458913,0.3596376515790137,0.8333333333333335,Qm,Qm_mean_mg_s,engineered,GradientBoosting
90,0.28241467094749273,0.14070132703131183,0.224320869969874,0.6904761904761906,Qm,Qm_mean_mg_s,engineered,GradientBoosting
91,0.48819999503343803,0.15429956802410383,0.20631842880897133,0.8333333333333335,Qm,Qm_mean_mg_s,engineered,GradientBoosting
92,-0.09555011910675226,0.7874455457265774,1.0461759318436736,0.5988131309566295,Qm,Qm_mean_mg_s,engineered,GradientBoosting
93,0.7346217214205398,0.162694255780941,0.21583366581465047,0.8571428571428572,Qm,Qm_mean_mg_s,engineered,GradientBoosting
94,0.7512531894613845,0.1467648090680348,0.18924124636737283,0.9523809523809524,Qm,Qm_mean_mg_s,engineered,GradientBoosting
95,0.5129530464669994,0.21260617128534615,0.25736836830075266,0.8095238095238096,Qm,Qm_mean_mg_s,engineered,GradientBoosting
96,0.46505724027964745,0.2022660002605762,0.22907831270640067,0.7065994945288228,Qm,Qm_mean_mg_s,engineered,GradientBoosting
97,0.11039124902900344,0.6521422537279431,0.8846540465430058,0.4761904761904762,Qm,Qm_mean_mg_s,engineered,GradientBoosting
98,0.8464392787356501,0.21527758122165172,0.2875292648679378,0.9523809523809524,Qm,Qm_mean_mg_s,engineered,GradientBoosting
99,0.3361415326009476,0.20519599328809654,0.2477469036838423,0.8333333333333335,Qm,Qm_mean_mg_s,engineered,GradientBoosting
100,0.5159321570171783,0.2416456782323022,0.2897898188781527,0.9047619047619048,Qm,Qm_mean_mg_s,engineered,GradientBoosting
1,0.6553008588287685,0.34734916749596595,0.5345914584537331,0.9523809523809524,Qm,Qm_mean_mg_s,engineered,XGBoost
2,0.8992351359539028,0.15776820260286328,0.18963791170892197,0.9285714285714287,Qm,Qm_mean_mg_s,engineered,XGBoost
3,0.7118253041376863,0.17019241306185723,0.20165523955218437,0.9285714285714287,Qm,Qm_mean_mg_s,engineered,XGBoost
4,0.23585742520338926,0.2283159192800522,0.27830791271588357,0.6428571428571429,Qm,Qm_mean_mg_s,engineered,XGBoost
5,0.7856668431547322,0.34498805946111677,0.3764701437694785,0.5952380952380953,Qm,Qm_mean_mg_s,engineered,XGBoost
6,0.8939111952481029,0.17960539489984517,0.20576952212118135,0.9285714285714287,Qm,Qm_mean_mg_s,engineered,XGBoost
7,0.6048779643265554,0.2876919339299202,0.31414558966373896,0.9523809523809524,Qm,Qm_mean_mg_s,engineered,XGBoost
8,-2.524284458722054,0.2931358968019485,0.31142486224273785,0.11904761904761905,Qm,Qm_mean_mg_s,engineered,XGBoost
9,0.7314916518407593,0.4193344420194625,0.533128392496424,0.6428571428571429,Qm,Qm_mean_mg_s,engineered,XGBoost
10,0.8146972344104273,0.203796673476696,0.23512350382451674,0.9285714285714287,Qm,Qm_mean_mg_s,engineered,XGBoost
11,0.9341843055104608,0.1289887396991253,0.1664127394197572,0.7857142857142858,Qm,Qm_mean_mg_s,engineered,XGBoost
12,0.5771684244954749,0.3456341576576233,0.5395529806888704,0.8333333333333335,Qm,Qm_mean_mg_s,engineered,XGBoost
13,-0.3177690129608217,0.1729219877123833,0.22167826619805386,0.7857142857142858,Qm,Qm_mean_mg_s,engineered,XGBoost
14,0.5671514342486708,0.23610769993066782,0.29308090556404326,0.7857142857142858,Qm,Qm_mean_mg_s,engineered,XGBoost
15,0.6785133449867407,0.3405929789543152,0.42744603026039074,0.9523809523809524,Qm,Qm_mean_mg_s,engineered,XGBoost
16,0.6559838963730156,0.1786183307766914,0.2256612978916538,0.8571428571428572,Qm,Qm_mean_mg_s,engineered,XGBoost
17,0.785032974979125,0.28432922005653377,0.39151432910261275,0.9761904761904763,Qm,Qm_mean_mg_s,engineered,XGBoost
18,0.7829214014676247,0.29869591414928437,0.3428195404666388,0.8333333333333335,Qm,Qm_mean_mg_s,engineered,XGBoost
19,0.8080661281403743,0.14201859563589098,0.18028573311033902,0.8333333333333335,Qm,Qm_mean_mg_s,engineered,XGBoost
20,0.7711000594214216,0.21325277477502824,0.2664885538621102,0.9761904761904763,Qm,Qm_mean_mg_s,engineered,XGBoost
21,0.7775005211509123,0.267234839618206,0.36066024136859487,0.880952380952381,Qm,Qm_mean_mg_s,engineered,XGBoost
22,0.9405763420367035,0.13166735339164737,0.14551806818181512,0.8571428571428572,Qm,Qm_mean_mg_s,engineered,XGBoost
23,0.2905278718503749,0.29520950645208366,0.3369613223789754,0.3571428571428572,Qm,Qm_mean_mg_s,engineered,XGBoost
24,-0.17805559240033375,0.1659926083981991,0.2057678848070949,0.523809523809524,Qm,Qm_mean_mg_s,engineered,XGBoost
25,0.738530392332355,0.27064723545312885,0.4560910419592064,0.880952380952381,Qm,Qm_mean_mg_s,engineered,XGBoost
26,0.5483385108910769,0.3442964786291122,0.3906416766488953,0.523809523809524,Qm,Qm_mean_mg_s,engineered,XGBoost
27,0.8855472775876345,0.2001202507615089,0.24659728162143468,0.9047619047619048,Qm,Qm_mean_mg_s,engineered,XGBoost
28,0.7028897699615878,0.26139998316764834,0.4494468739363322,0.9047619047619048,Qm,Qm_mean_mg_s,engineered,XGBoost
29,0.9026881151950104,0.1569632514417172,0.21648463766709325,0.9761904761904763,Qm,Qm_mean_mg_s,engineered,XGBoost
30,0.12348887501796235,0.15850919342041017,0.18214490882193166,0.6190476190476191,Qm,Qm_mean_mg_s,engineered,XGBoost
31,0.13889212766895698,0.6739846559762954,0.7569041421228475,0.30952380952380953,Qm,Qm_mean_mg_s,engineered,XGBoost
32,0.6359734376529187,0.2295063169598579,0.2561723858967653,0.8742671711966791,Qm,Qm_mean_mg_s,engineered,XGBoost
33,0.7665614475925373,0.09072595846652985,0.11259358169227784,0.9523809523809524,Qm,Qm_mean_mg_s,engineered,XGBoost
34,0.6090736484934318,0.19282080221176146,0.23149095468297573,0.9047619047619048,Qm,Qm_mean_mg_s,engineered,XGBoost
35,0.24463975750037248,0.5322906377911567,0.8410619412669879,0.9047619047619048,Qm,Qm_mean_mg_s,engineered,XGBoost
36,0.772972507305165,0.1602083784341812,0.21042100199920533,0.9523809523809524,Qm,Qm_mean_mg_s,engineered,XGBoost
37,0.8654994278160657,0.25428294733166695,0.3268785834265233,0.9047619047619048,Qm,Qm_mean_mg_s,engineered,XGBoost
38,0.7054646048335556,0.18825302672386168,0.2106405854151809,0.9523809523809524,Qm,Qm_mean_mg_s,engineered,XGBoost
39,0.797208570943185,0.2040707640647888,0.2377507599633536,0.8571428571428572,Qm,Qm_mean_mg_s,engineered,XGBoost
40,0.510993330820936,0.371154611825943,0.5896812122002341,0.670670706671425,Qm,Qm_mean_mg_s,engineered,XGBoost
41,0.6895140297847204,0.31725024223327636,0.470652947819606,0.8571428571428572,Qm,Qm_mean_mg_s,engineered,XGBoost
42,0.7410784800759864,0.32683212560415265,0.37116387941946943,0.6904761904761906,Qm,Qm_mean_mg_s,engineered,XGBoost
43,0.924734550402212,0.15569573989510532,0.18008362590085378,0.9523809523809524,Qm,Qm_mean_mg_s,engineered,XGBoost
44,0.7694118500354944,0.23162855488061906,0.2952383115583372,0.6904761904761906,Qm,Qm_mean_mg_s,engineered,XGBoost
45,0.8931219741338675,0.055687734305858605,0.06686733538986356,0.8571428571428572,Qm,Qm_mean_mg_s,engineered,XGBoost
46,0.8870055132226281,0.15730366963148118,0.20590681089929957,0.9523809523809524,Qm,Qm_mean_mg_s,engineered,XGBoost
47,-0.018383862886930613,0.77913576734066,1.0125439919079398,0.3333333333333334,Qm,Qm_mean_mg_s,engineered,XGBoost
48,0.1628149700890622,0.33134226500988007,0.3768671634898768,0.6586944440522925,Qm,Qm_mean_mg_s,engineered,XGBoost
49,0.26478660626228034,0.19716712784767154,0.2533289776750608,0.7857142857142858,Qm,Qm_mean_mg_s,engineered,XGBoost
50,-0.7453881705737795,0.3499921801388264,0.4070295942228995,0.6190476190476191,Qm,Qm_mean_mg_s,engineered,XGBoost
51,0.8930708731956424,0.1792919448018074,0.19924738837265307,0.7380952380952381,Qm,Qm_mean_mg_s,engineered,XGBoost
52,0.7865070134844951,0.20949498829245566,0.2703115700665253,0.5476190476190477,Qm,Qm_mean_mg_s,engineered,XGBoost
53,0.6292165905772464,0.33997273856401444,0.4671141213540966,0.9523809523809524,Qm,Qm_mean_mg_s,engineered,XGBoost
54,0.7614792504311935,0.1372146045565605,0.20520474184013615,1.0,Qm,Qm_mean_mg_s,engineered,XGBoost
55,0.8265140968591942,0.21165522813796997,0.3080764497560835,0.7380952380952381,Qm,Qm_mean_mg_s,engineered,XGBoost
56,0.4951307353628285,0.4280865851044655,0.6240135479115305,0.7619047619047621,Qm,Qm_mean_mg_s,engineered,XGBoost
57,0.756217497101275,0.18580499914288517,0.2280946607178065,0.7619047619047621,Qm,Qm_mean_mg_s,engineered,XGBoost
58,0.7039588014874683,0.2843907235860824,0.44663790574390827,0.9523809523809524,Qm,Qm_mean_mg_s,engineered,XGBoost
59,0.8995353908554347,0.16225844860076905,0.1851708524338008,0.9047619047619048,Qm,Qm_mean_mg_s,engineered,XGBoost
60,0.6805531398375553,0.18211800903081896,0.2318540769158296,0.8571428571428572,Qm,Qm_mean_mg_s,engineered,XGBoost
61,0.7163679764511464,0.19911192920804022,0.232882528187193,0.8095238095238096,Qm,Qm_mean_mg_s,engineered,XGBoost
62,0.723797013019129,0.3624947840571404,0.4343587101898387,0.9285714285714287,Qm,Qm_mean_mg_s,engineered,XGBoost
63,-2.1631863796857784,0.32020535320043564,0.40315016031798834,0.7142857142857144,Qm,Qm_mean_mg_s,engineered,XGBoost
64,0.7527297328235133,0.25906211555004116,0.4190175115823927,0.8571428571428572,Qm,Qm_mean_mg_s,engineered,XGBoost
65,0.8181227002823958,0.23661430239677428,0.2852242737715436,0.8095238095238096,Qm,Qm_mean_mg_s,engineered,XGBoost
66,0.7022951959091277,0.3987797122597694,0.5481096332097166,0.9523809523809524,Qm,Qm_mean_mg_s,engineered,XGBoost
67,0.8619153888989164,0.2085901201963425,0.2865026287316415,0.9761904761904763,Qm,Qm_mean_mg_s,engineered,XGBoost
68,-0.730618588940235,0.30713498568534847,0.35752618957144333,0.7380952380952381,Qm,Qm_mean_mg_s,engineered,XGBoost
69,0.7770008716570513,0.13630437242984772,0.17627828298946852,0.8095238095238096,Qm,Qm_mean_mg_s,engineered,XGBoost
70,0.7215287693628841,0.19533101254701613,0.22314752004430602,0.880952380952381,Qm,Qm_mean_mg_s,engineered,XGBoost
71,-0.6312730602726058,0.2350889791548252,0.2686044065896171,0.6904761904761906,Qm,Qm_mean_mg_s,engineered,XGBoost
72,0.2744921659729015,0.1657320460677147,0.20599217628041824,0.7619047619047621,Qm,Qm_mean_mg_s,engineered,XGBoost
73,0.5184976013405619,0.2527012764811516,0.29189498890613086,0.8095238095238096,Qm,Qm_mean_mg_s,engineered,XGBoost
74,0.633536430244191,0.5040185983777046,0.6552364228324628,0.9285714285714287,Qm,Qm_mean_mg_s,engineered,XGBoost
75,0.7710518706001337,0.25030461233854295,0.28864073972652626,0.880952380952381,Qm,Qm_mean_mg_s,engineered,XGBoost
76,0.19817438937007847,0.1476321748495102,0.18071734292469557,0.4285714285714286,Qm,Qm_mean_mg_s,engineered,XGBoost
77,0.6713474814806697,0.3716470245718956,0.48516276204862985,1.0,Qm,Qm_mean_mg_s,engineered,XGBoost
78,0.6955985156445135,0.2590241527557373,0.4505952668044726,0.9047619047619048,Qm,Qm_mean_mg_s,engineered,XGBoost
79,0.8402879431970077,0.27067258477211,0.28428814329963115,0.9523809523809524,Qm,Qm_mean_mg_s,engineered,XGBoost
80,0.7019226187970925,0.18661967319250103,0.22468683482752524,0.9523809523809524,Qm,Qm_mean_mg_s,engineered,XGBoost
81,0.7616225140959586,0.13214563417434694,0.15075000798701432,0.9047619047619048,Qm,Qm_mean_mg_s,engineered,XGBoost
82,0.8738933371931229,0.2180466760993004,0.2471674974986126,0.9285714285714287,Qm,Qm_mean_mg_s,engineered,XGBoost
83,0.8023922727194388,0.2521195574998855,0.32695752496398245,0.880952380952381,Qm,Qm_mean_mg_s,engineered,XGBoost
84,0.8196459266923263,0.133101085960865,0.1556399899483964,0.9285714285714287,Qm,Qm_mean_mg_s,engineered,XGBoost
85,0.5631600654678439,0.38443412494659424,0.5598476797368019,0.9047619047619048,Qm,Qm_mean_mg_s,engineered,XGBoost
86,0.7187026691557594,0.3117481381893158,0.4698996259068792,0.880952380952381,Qm,Qm_mean_mg_s,engineered,XGBoost
87,0.6471491659096069,0.3956477833986282,0.4934123820724263,0.9047619047619048,Qm,Qm_mean_mg_s,engineered,XGBoost
88,0.8473201722029037,0.22014503175020217,0.23942522951830586,0.8571428571428572,Qm,Qm_mean_mg_s,engineered,XGBoost
89,0.6915922274886772,0.21244335347414017,0.24692131312024093,0.9047619047619048,Qm,Qm_mean_mg_s,engineered,XGBoost
90,0.29697915823306775,0.1507650269269943,0.22203273327543052,0.730552019767088,Qm,Qm_mean_mg_s,engineered,XGBoost
91,0.3923828199499487,0.15328360652923584,0.22480341345453234,0.8095238095238096,Qm,Qm_mean_mg_s,engineered,XGBoost
92,-0.05184278180642998,0.7450721830129623,1.0250947629558733,0.6904761904761906,Qm,Qm_mean_mg_s,engineered,XGBoost
93,0.5664039446286888,0.22240882939100265,0.2758856820583677,0.7619047619047621,Qm,Qm_mean_mg_s,engineered,XGBoost
94,0.6916273256818808,0.17773329189419745,0.21070506858591037,0.7142857142857144,Qm,Qm_mean_mg_s,engineered,XGBoost
95,0.6446081546164792,0.184386539876461,0.21984848784590227,0.7857142857142858,Qm,Qm_mean_mg_s,engineered,XGBoost
96,0.555938392286207,0.1839672328829765,0.20871416857210726,0.8571428571428572,Qm,Qm_mean_mg_s,engineered,XGBoost
97,-0.09259978076030917,0.6939952648878098,0.9804027024857888,0.5714285714285715,Qm,Qm_mean_mg_s,engineered,XGBoost
98,0.8636193369795315,0.17996806943416593,0.2709682341058651,0.9761904761904763,Qm,Qm_mean_mg_s,engineered,XGBoost
99,0.536982525474488,0.16382416760921478,0.20690413818136624,0.9047619047619048,Qm,Qm_mean_mg_s,engineered,XGBoost
100,0.39197421764769835,0.27592610657215116,0.32478129153578017,0.7619047619047621,Qm,Qm_mean_mg_s,engineered,XGBoost
1,0.8919048605400346,0.20429133212388842,0.29936773937471356,0.9761904761904763,Qm,Qm_mean_mg_s,rheology_enhanced,LinearRegression
2,0.8537433705643603,0.15842597215803142,0.22846957978594473,0.9761904761904763,Qm,Qm_mean_mg_s,rheology_enhanced,LinearRegression
3,0.5406396660753896,0.18249430496167196,0.2545999619023659,0.9523809523809524,Qm,Qm_mean_mg_s,rheology_enhanced,LinearRegression
4,0.6613375017900877,0.14431366613256066,0.18527717034321423,0.9761904761904763,Qm,Qm_mean_mg_s,rheology_enhanced,LinearRegression
5,0.8928498062459003,0.18338892114240787,0.2661842408225993,0.7857142857142858,Qm,Qm_mean_mg_s,rheology_enhanced,LinearRegression
6,0.8642855104903179,0.16450954247407729,0.23273375652460399,0.880952380952381,Qm,Qm_mean_mg_s,rheology_enhanced,LinearRegression
7,0.4389399138302458,0.30429216018272764,0.37434326910682086,0.9761904761904763,Qm,Qm_mean_mg_s,rheology_enhanced,LinearRegression
8,-1.6171025989174908,0.2126981916527828,0.2683664232469251,0.6904761904761906,Qm,Qm_mean_mg_s,rheology_enhanced,LinearRegression
9,0.929363063401896,0.1686760495976045,0.27344428049161457,0.9523809523809524,Qm,Qm_mean_mg_s,rheology_enhanced,LinearRegression
10,0.8875716994775719,0.10855457610123584,0.1831440936705469,0.9285714285714287,Qm,Qm_mean_mg_s,rheology_enhanced,LinearRegression
11,0.8443720079358381,0.20473647098912415,0.2558972935888456,1.0,Qm,Qm_mean_mg_s,rheology_enhanced,LinearRegression
12,0.8395445559110899,0.27011369222692794,0.33237444015880324,0.9047619047619048,Qm,Qm_mean_mg_s,rheology_enhanced,LinearRegression
13,-0.14526097280146733,0.1274832164805007,0.20665965559823887,0.6190476190476191,Qm,Qm_mean_mg_s,rheology_enhanced,LinearRegression
14,-17.850129410256752,1.2370137922932116,1.9340900976308464,0.3333333333333334,Qm,Qm_mean_mg_s,rheology_enhanced,LinearRegression
15,0.8990565227740436,0.16561616693901993,0.23951843401392156,0.9523809523809524,Qm,Qm_mean_mg_s,rheology_enhanced,LinearRegression
16,0.7653856818854124,0.13807811243565313,0.18635667441723913,0.9761904761904763,Qm,Qm_mean_mg_s,rheology_enhanced,LinearRegression
17,0.8963850419828729,0.20507150560675047,0.27181471627036186,0.7142857142857144,Qm,Qm_mean_mg_s,rheology_enhanced,LinearRegression
18,0.9430927730541209,0.13962063013886333,0.1755257249800879,0.9761904761904763,Qm,Qm_mean_mg_s,rheology_enhanced,LinearRegression
19,0.8379575957836293,0.0836903936500897,0.1656532218848133,1.0,Qm,Qm_mean_mg_s,rheology_enhanced,LinearRegression
20,0.8570182024243284,0.11854072331898113,0.2106182968129852,0.9047619047619048,Qm,Qm_mean_mg_s,rheology_enhanced,LinearRegression
21,0.43434520416470157,0.39863698849196283,0.5750551626489119,0.8571428571428572,Qm,Qm_mean_mg_s,rheology_enhanced,LinearRegression
22,0.8738733106541015,0.15106306298901934,0.212002375670979,0.880952380952381,Qm,Qm_mean_mg_s,rheology_enhanced,LinearRegression
23,0.8133587884231609,0.10576921996586493,0.1728288169051171,0.9523809523809524,Qm,Qm_mean_mg_s,rheology_enhanced,LinearRegression
24,0.05579389489070419,0.12988800753811908,0.18421632015337738,0.9523809523809524,Qm,Qm_mean_mg_s,rheology_enhanced,LinearRegression
25,0.9036467760393867,0.1829799974091077,0.2768688265815218,0.9047619047619048,Qm,Qm_mean_mg_s,rheology_enhanced,LinearRegression
26,0.8528625346814204,0.14533319303018127,0.2229634518858849,0.8095238095238096,Qm,Qm_mean_mg_s,rheology_enhanced,LinearRegression
27,0.53312653081932,0.3657687886453045,0.4980521494088692,0.11904761904761905,Qm,Qm_mean_mg_s,rheology_enhanced,LinearRegression
28,0.8862083383287669,0.17102863474030844,0.2781472567173839,0.880952380952381,Qm,Qm_mean_mg_s,rheology_enhanced,LinearRegression
29,0.8448625374552379,0.2331700833399328,0.2733395548333291,0.9285714285714287,Qm,Qm_mean_mg_s,rheology_enhanced,LinearRegression
30,-0.02691560695242745,0.16492618489158414,0.1971540475276399,0.7619047619047621,Qm,Qm_mean_mg_s,rheology_enhanced,LinearRegression
31,0.7180902097197335,0.30499967668007094,0.43307905588237716,0.9761904761904763,Qm,Qm_mean_mg_s,rheology_enhanced,LinearRegression
32,-11.248871794977246,1.0517113721804487,1.485982929590456,-0.3333333333333334,Qm,Qm_mean_mg_s,rheology_enhanced,LinearRegression
33,0.40039058118196813,0.11840722393272429,0.1804519448154448,0.8095238095238096,Qm,Qm_mean_mg_s,rheology_enhanced,LinearRegression
34,0.49323712457561697,0.17249363756767774,0.2635657348741977,0.8571428571428572,Qm,Qm_mean_mg_s,rheology_enhanced,LinearRegression
35,0.6647363874026584,0.34457960399339255,0.5603303290313438,0.880952380952381,Qm,Qm_mean_mg_s,rheology_enhanced,LinearRegression
36,0.7922870747749658,0.12870460971719871,0.2012711921175756,0.9047619047619048,Qm,Qm_mean_mg_s,rheology_enhanced,LinearRegression
37,0.7602220124341842,0.3351858013093102,0.4364445319133537,0.9047619047619048,Qm,Qm_mean_mg_s,rheology_enhanced,LinearRegression
38,0.8587858830370358,0.09018044244424422,0.1458519917079701,0.9523809523809524,Qm,Qm_mean_mg_s,rheology_enhanced,LinearRegression
39,0.8536179079582387,0.14137290055378648,0.20199521923531114,0.9285714285714287,Qm,Qm_mean_mg_s,rheology_enhanced,LinearRegression
40,0.8995170747602819,0.15981771106541687,0.2673043551569217,0.9285714285714287,Qm,Qm_mean_mg_s,rheology_enhanced,LinearRegression
41,0.903604001554611,0.1962187118593553,0.2622462554868475,0.9047619047619048,Qm,Qm_mean_mg_s,rheology_enhanced,LinearRegression
42,0.9518657774639359,0.11756712845922332,0.1600326556636537,1.0,Qm,Qm_mean_mg_s,rheology_enhanced,LinearRegression
43,0.9404142006519888,0.09506549085076403,0.16023145677970121,0.9761904761904763,Qm,Qm_mean_mg_s,rheology_enhanced,LinearRegression
44,-1.2903824295002608,0.6188571030002652,0.9304825270305194,0.0,Qm,Qm_mean_mg_s,rheology_enhanced,LinearRegression
45,-3.8606077259204845,0.29426643264438956,0.4509361909038659,0.880952380952381,Qm,Qm_mean_mg_s,rheology_enhanced,LinearRegression
46,0.8296346564871787,0.19427986759806876,0.2528323911152042,0.880952380952381,Qm,Qm_mean_mg_s,rheology_enhanced,LinearRegression
47,0.7274308198245368,0.30107965613436855,0.5238374221446472,0.9523809523809524,Qm,Qm_mean_mg_s,rheology_enhanced,LinearRegression
48,-13647.399092527457,31.179723214187423,48.119203341772284,0.5000000000000001,Qm,Qm_mean_mg_s,rheology_enhanced,LinearRegression
49,-2.617595750511203,0.4286006680095199,0.5619377171396264,0.8333333333333335,Qm,Qm_mean_mg_s,rheology_enhanced,LinearRegression
50,0.23746134120295126,0.18417493571632623,0.2690363151094638,0.9523809523809524,Qm,Qm_mean_mg_s,rheology_enhanced,LinearRegression
51,0.8747465121631393,0.15050338619867146,0.21564507377948985,0.9523809523809524,Qm,Qm_mean_mg_s,rheology_enhanced,LinearRegression
52,0.7751409981466654,0.19797923364303976,0.27741374042057676,0.9523809523809524,Qm,Qm_mean_mg_s,rheology_enhanced,LinearRegression
53,0.7892827103782345,0.2657872708248899,0.35213803433622554,0.7857142857142858,Qm,Qm_mean_mg_s,rheology_enhanced,LinearRegression
54,0.25040195698562906,0.23931723637296265,0.36377975946564756,0.9047619047619048,Qm,Qm_mean_mg_s,rheology_enhanced,LinearRegression
55,0.9482490430730901,0.10177169787464373,0.16826182598663758,1.0,Qm,Qm_mean_mg_s,rheology_enhanced,LinearRegression
56,0.9014251364655446,0.18971136190241672,0.27573230077121724,0.9047619047619048,Qm,Qm_mean_mg_s,rheology_enhanced,LinearRegression
57,0.803200442695622,0.1323883084253514,0.20493961317059237,0.8571428571428572,Qm,Qm_mean_mg_s,rheology_enhanced,LinearRegression
58,0.9377372814245463,0.1652129704364743,0.20482998880285777,0.9761904761904763,Qm,Qm_mean_mg_s,rheology_enhanced,LinearRegression
59,0.8620374048255943,0.14308626982074274,0.21699351454499824,0.9047619047619048,Qm,Qm_mean_mg_s,rheology_enhanced,LinearRegression
60,0.657008470076772,0.15954577701470524,0.24024652947864197,0.9523809523809524,Qm,Qm_mean_mg_s,rheology_enhanced,LinearRegression
61,0.3776759668945897,0.20799849786545938,0.3449590649688762,0.9761904761904763,Qm,Qm_mean_mg_s,rheology_enhanced,LinearRegression
62,0.9607844311506003,0.1042577186906679,0.16366793725969922,0.9761904761904763,Qm,Qm_mean_mg_s,rheology_enhanced,LinearRegression
63,-0.6817369528860411,0.22343869896861224,0.29395677858990144,0.8095238095238096,Qm,Qm_mean_mg_s,rheology_enhanced,LinearRegression
64,0.8948754937089857,0.15837104379190944,0.27321101763626937,0.9523809523809524,Qm,Qm_mean_mg_s,rheology_enhanced,LinearRegression
65,0.3121261602779576,0.4687944935453795,0.554691653158109,0.8333333333333335,Qm,Qm_mean_mg_s,rheology_enhanced,LinearRegression
66,0.9328146259456777,0.180970113011616,0.2603825544358448,0.9523809523809524,Qm,Qm_mean_mg_s,rheology_enhanced,LinearRegression
67,0.9736645058799317,0.10161037472048157,0.1251199914742733,0.8571428571428572,Qm,Qm_mean_mg_s,rheology_enhanced,LinearRegression
68,-3.099561535757543,0.3831806592287469,0.5502700592361417,0.5476190476190477,Qm,Qm_mean_mg_s,rheology_enhanced,LinearRegression
69,0.7823708487851126,0.10702064078551027,0.1741428962224248,0.9523809523809524,Qm,Qm_mean_mg_s,rheology_enhanced,LinearRegression
70,0.8680462007018348,0.09637777999576227,0.15360765076775618,0.9047619047619048,Qm,Qm_mean_mg_s,rheology_enhanced,LinearRegression
71,0.03249101932796461,0.15198450572194072,0.2068603730951874,0.7380952380952381,Qm,Qm_mean_mg_s,rheology_enhanced,LinearRegression
72,-0.6514870561578074,0.209349865389984,0.3107901598402074,0.8333333333333335,Qm,Qm_mean_mg_s,rheology_enhanced,LinearRegression
73,-3.858591368574479,0.6416429944837309,0.9272195906518903,-0.11904761904761905,Qm,Qm_mean_mg_s,rheology_enhanced,LinearRegression
74,0.9399256048339382,0.1372171643303778,0.26529394036594955,0.9761904761904763,Qm,Qm_mean_mg_s,rheology_enhanced,LinearRegression
75,0.8676385809284133,0.15132167442456615,0.2194672826582387,0.9761904761904763,Qm,Qm_mean_mg_s,rheology_enhanced,LinearRegression
76,-3.6671702312614327,0.3086838699506273,0.43600020310132165,0.8095238095238096,Qm,Qm_mean_mg_s,rheology_enhanced,LinearRegression
77,0.945253036028164,0.16238468377295293,0.1980154137394682,0.9523809523809524,Qm,Qm_mean_mg_s,rheology_enhanced,LinearRegression
78,0.8979065435249882,0.1682278596962714,0.26095294127924545,0.9047619047619048,Qm,Qm_mean_mg_s,rheology_enhanced,LinearRegression
79,0.8569388756920472,0.21641774310728717,0.26906097566418113,0.9761904761904763,Qm,Qm_mean_mg_s,rheology_enhanced,LinearRegression
80,0.6479488552242554,0.167703546470909,0.24418332085973593,0.9523809523809524,Qm,Qm_mean_mg_s,rheology_enhanced,LinearRegression
81,0.8737340612552957,0.0799271219246526,0.10971546099392453,1.0,Qm,Qm_mean_mg_s,rheology_enhanced,LinearRegression
82,0.7920340823943205,0.2174681128757785,0.31740840835821493,0.9285714285714287,Qm,Qm_mean_mg_s,rheology_enhanced,LinearRegression
83,0.6201188236172323,0.35967110289517135,0.4533287498200914,0.8333333333333335,Qm,Qm_mean_mg_s,rheology_enhanced,LinearRegression
84,0.5640478755111582,0.19178684754718528,0.24197896545032083,0.9285714285714287,Qm,Qm_mean_mg_s,rheology_enhanced,LinearRegression
85,0.8968042889740091,0.13979953780326088,0.27210689072558725,0.9761904761904763,Qm,Qm_mean_mg_s,rheology_enhanced,LinearRegression
86,0.9014023967374241,0.1844411421462879,0.27819894115043703,0.8333333333333335,Qm,Qm_mean_mg_s,rheology_enhanced,LinearRegression
87,0.9389717773890524,0.16506292900634925,0.20520116896563814,0.9523809523809524,Qm,Qm_mean_mg_s,rheology_enhanced,LinearRegression
88,0.9337947061734126,0.11078843566871392,0.15766142239155112,0.9047619047619048,Qm,Qm_mean_mg_s,rheology_enhanced,LinearRegression
89,0.2713615638672564,0.2834394886177555,0.379535111042443,0.7142857142857144,Qm,Qm_mean_mg_s,rheology_enhanced,LinearRegression
90,0.027479674442057123,0.1685510797469819,0.26114532074834196,0.880952380952381,Qm,Qm_mean_mg_s,rheology_enhanced,LinearRegression
91,0.7591415935563,0.09475101383685677,0.1415366079949679,1.0,Qm,Qm_mean_mg_s,rheology_enhanced,LinearRegression
92,0.7061460105793091,0.32947302773691295,0.5418192051995852,0.880952380952381,Qm,Qm_mean_mg_s,rheology_enhanced,LinearRegression
93,0.29578052051739634,0.303428469650945,0.35159324105282075,0.9047619047619048,Qm,Qm_mean_mg_s,rheology_enhanced,LinearRegression
94,0.7817538095921076,0.11525043156437258,0.1772598490275792,0.8095238095238096,Qm,Qm_mean_mg_s,rheology_enhanced,LinearRegression
95,0.6204013843752558,0.1627877426191595,0.22721241801386127,0.9047619047619048,Qm,Qm_mean_mg_s,rheology_enhanced,LinearRegression
96,-0.8128633614668086,0.2938346791841656,0.42170898533835055,0.9523809523809524,Qm,Qm_mean_mg_s,rheology_enhanced,LinearRegression
97,0.7022084795052199,0.3098217177332232,0.5118351515266818,0.8571428571428572,Qm,Qm_mean_mg_s,rheology_enhanced,LinearRegression
98,0.9066416487922915,0.16324334910650534,0.22419120376272725,0.9761904761904763,Qm,Qm_mean_mg_s,rheology_enhanced,LinearRegression
99,0.18225742529211786,0.19354239256166028,0.27496587000100636,1.0,Qm,Qm_mean_mg_s,rheology_enhanced,LinearRegression
100,0.46702869301524763,0.20592217332525586,0.30407584438112284,0.9285714285714287,Qm,Qm_mean_mg_s,rheology_enhanced,LinearRegression
1,0.795813880829269,0.23342322769582174,0.4114480630900999,0.9047619047619048,Qm,Qm_mean_mg_s,rheology_enhanced,SVR_RBF
2,0.8930182860841728,0.15511182954328218,0.1954003684233248,0.9761904761904763,Qm,Qm_mean_mg_s,rheology_enhanced,SVR_RBF
3,0.595787808838946,0.1848185054381541,0.2388285779928166,0.9523809523809524,Qm,Qm_mean_mg_s,rheology_enhanced,SVR_RBF
4,0.9486825313235332,0.05081709882505368,0.07212253255536254,0.9761904761904763,Qm,Qm_mean_mg_s,rheology_enhanced,SVR_RBF
5,0.870863889573309,0.20038559830285857,0.29221984781609883,0.8095238095238096,Qm,Qm_mean_mg_s,rheology_enhanced,SVR_RBF
6,0.8516562303220789,0.16956227040470556,0.24332174716755076,0.9761904761904763,Qm,Qm_mean_mg_s,rheology_enhanced,SVR_RBF
7,0.8773796169993234,0.12164873712592952,0.1750034763484114,0.9523809523809524,Qm,Qm_mean_mg_s,rheology_enhanced,SVR_RBF
8,-0.5464284686174918,0.186548864602586,0.2062921592868295,0.5476190476190477,Qm,Qm_mean_mg_s,rheology_enhanced,SVR_RBF
9,0.8138803522827442,0.2351621890517869,0.4438630842588031,0.9523809523809524,Qm,Qm_mean_mg_s,rheology_enhanced,SVR_RBF
10,0.8630472981278582,0.14327633124060293,0.2021344777692185,0.9285714285714287,Qm,Qm_mean_mg_s,rheology_enhanced,SVR_RBF
11,0.9461036832556364,0.1235043301797259,0.15059181894010482,1.0,Qm,Qm_mean_mg_s,rheology_enhanced,SVR_RBF
12,0.7298441816324477,0.23166584763826256,0.4312782465483081,0.9761904761904763,Qm,Qm_mean_mg_s,rheology_enhanced,SVR_RBF
13,-0.3348594967953771,0.14692700313653073,0.2231111364541685,0.9047619047619048,Qm,Qm_mean_mg_s,rheology_enhanced,SVR_RBF
14,0.9425984788925781,0.08302752779091911,0.10672870352160092,0.9761904761904763,Qm,Qm_mean_mg_s,rheology_enhanced,SVR_RBF
15,0.7464060669882068,0.2928934775256328,0.37963762057543265,0.9523809523809524,Qm,Qm_mean_mg_s,rheology_enhanced,SVR_RBF
16,0.9428404455005119,0.07566139737928221,0.09198396222501506,0.9761904761904763,Qm,Qm_mean_mg_s,rheology_enhanced,SVR_RBF
17,0.8601634024394109,0.22573212773418333,0.31577094192795385,0.8571428571428572,Qm,Qm_mean_mg_s,rheology_enhanced,SVR_RBF
18,0.8470746565756835,0.21042723323773044,0.28773771876151627,0.9761904761904763,Qm,Qm_mean_mg_s,rheology_enhanced,SVR_RBF
19,0.8967819194573025,0.09845911513848277,0.13220973580059395,0.9761904761904763,Qm,Qm_mean_mg_s,rheology_enhanced,SVR_RBF
20,0.9400489197219255,0.10508099361515551,0.13638111184655494,0.9523809523809524,Qm,Qm_mean_mg_s,rheology_enhanced,SVR_RBF
21,0.5470846431799816,0.4153713756485671,0.514567429354429,0.8095238095238096,Qm,Qm_mean_mg_s,rheology_enhanced,SVR_RBF
22,0.8407994499226183,0.17232937770502166,0.2381823146909421,0.9523809523809524,Qm,Qm_mean_mg_s,rheology_enhanced,SVR_RBF
23,0.8808309737045279,0.10351430544309571,0.1381001276208685,0.9523809523809524,Qm,Qm_mean_mg_s,rheology_enhanced,SVR_RBF
24,0.8256095275978699,0.06361930979447289,0.07916916741510192,0.9285714285714287,Qm,Qm_mean_mg_s,rheology_enhanced,SVR_RBF
25,0.8044725488837673,0.20143954897906918,0.3944071724968065,1.0,Qm,Qm_mean_mg_s,rheology_enhanced,SVR_RBF
26,0.8349566964252798,0.16081484511628075,0.2361407826478604,0.8095238095238096,Qm,Qm_mean_mg_s,rheology_enhanced,SVR_RBF
27,0.9217798283240917,0.1528997177878989,0.2038612127738916,0.8571428571428572,Qm,Qm_mean_mg_s,rheology_enhanced,SVR_RBF
28,0.7495473413081215,0.1977374958212031,0.4126505083532462,0.9761904761904763,Qm,Qm_mean_mg_s,rheology_enhanced,SVR_RBF
29,0.8484197777789133,0.20258163041990795,0.27018759812789295,0.9761904761904763,Qm,Qm_mean_mg_s,rheology_enhanced,SVR_RBF
30,0.5515228257591831,0.11021440177682312,0.13028922247202865,0.9285714285714287,Qm,Qm_mean_mg_s,rheology_enhanced,SVR_RBF
31,0.4358400884599497,0.3995213642012726,0.6126510939937103,0.9047619047619048,Qm,Qm_mean_mg_s,rheology_enhanced,SVR_RBF
32,0.8436527662234303,0.12821654539411884,0.16788460638751457,0.9761904761904763,Qm,Qm_mean_mg_s,rheology_enhanced,SVR_RBF
33,0.6143124732002108,0.1083988682498211,0.14472552739792555,0.9285714285714287,Qm,Qm_mean_mg_s,rheology_enhanced,SVR_RBF
34,0.8622619136696211,0.1051632625775678,0.1374084925723893,0.9761904761904763,Qm,Qm_mean_mg_s,rheology_enhanced,SVR_RBF
35,0.41272114550549854,0.41831886253553197,0.7416057731192344,0.9761904761904763,Qm,Qm_mean_mg_s,rheology_enhanced,SVR_RBF
36,0.8997322177270916,0.1122569566328619,0.13983972543295606,0.9285714285714287,Qm,Qm_mean_mg_s,rheology_enhanced,SVR_RBF
37,0.7658132826718003,0.32952711095042,0.4313258936269362,0.9285714285714287,Qm,Qm_mean_mg_s,rheology_enhanced,SVR_RBF
38,0.9376384349071232,0.07812767801347349,0.0969241073289541,0.9047619047619048,Qm,Qm_mean_mg_s,rheology_enhanced,SVR_RBF
39,0.8304174311262977,0.16027174905208152,0.21741410741832495,0.9761904761904763,Qm,Qm_mean_mg_s,rheology_enhanced,SVR_RBF
40,0.7998658349883914,0.19727754584962037,0.37724241523182483,0.9285714285714287,Qm,Qm_mean_mg_s,rheology_enhanced,SVR_RBF
41,0.9009323089013666,0.15906200351520933,0.26585560041934014,0.9761904761904763,Qm,Qm_mean_mg_s,rheology_enhanced,SVR_RBF
42,0.9149369332790775,0.13617908260308997,0.21274146688998083,1.0,Qm,Qm_mean_mg_s,rheology_enhanced,SVR_RBF
43,0.9816704708289941,0.07827660178109633,0.08886935967729291,0.9761904761904763,Qm,Qm_mean_mg_s,rheology_enhanced,SVR_RBF
44,0.36223578741277696,0.39194335863701957,0.49100316696940666,0.8095238095238096,Qm,Qm_mean_mg_s,rheology_enhanced,SVR_RBF
45,0.06469065647545813,0.15438917138345779,0.1978096351852981,0.9047619047619048,Qm,Qm_mean_mg_s,rheology_enhanced,SVR_RBF
46,0.9081935750014203,0.16375313015478155,0.1856002783953408,0.9523809523809524,Qm,Qm_mean_mg_s,rheology_enhanced,SVR_RBF
47,0.5942552492006683,0.37881705924172165,0.6391232278959781,0.9761904761904763,Qm,Qm_mean_mg_s,rheology_enhanced,SVR_RBF
48,0.4343603632749674,0.2633555205201174,0.3097758014923376,0.9285714285714287,Qm,Qm_mean_mg_s,rheology_enhanced,SVR_RBF
49,-0.07737234615531463,0.24845772430666874,0.3066627863499124,0.880952380952381,Qm,Qm_mean_mg_s,rheology_enhanced,SVR_RBF
50,0.9429203767271739,0.058500204469117134,0.07360723802044997,0.9761904761904763,Qm,Qm_mean_mg_s,rheology_enhanced,SVR_RBF
51,0.8696013533153658,0.1329396214261795,0.22002963054507443,0.9761904761904763,Qm,Qm_mean_mg_s,rheology_enhanced,SVR_RBF
52,0.949212475811088,0.09412549292885454,0.13184126151651984,0.9047619047619048,Qm,Qm_mean_mg_s,rheology_enhanced,SVR_RBF
53,0.7521142383819428,0.22297260607303915,0.38193428106411986,0.9047619047619048,Qm,Qm_mean_mg_s,rheology_enhanced,SVR_RBF
54,0.6486583313694194,0.17894486857550607,0.24905148706458982,0.8571428571428572,Qm,Qm_mean_mg_s,rheology_enhanced,SVR_RBF
55,0.983055409661922,0.0779811913639924,0.09628129921678641,0.9523809523809524,Qm,Qm_mean_mg_s,rheology_enhanced,SVR_RBF
56,0.7653977147861791,0.21680658430989927,0.4253737359217864,0.9761904761904763,Qm,Qm_mean_mg_s,rheology_enhanced,SVR_RBF
57,0.8170849437780708,0.10201127208394731,0.1975779982026277,0.8571428571428572,Qm,Qm_mean_mg_s,rheology_enhanced,SVR_RBF
58,0.811686132981462,0.23414850468181547,0.35622193009511577,1.0,Qm,Qm_mean_mg_s,rheology_enhanced,SVR_RBF
59,0.842882929108063,0.1619692347389528,0.23156758336377248,0.9047619047619048,Qm,Qm_mean_mg_s,rheology_enhanced,SVR_RBF
60,0.7882746663356144,0.13697727255904146,0.18875646614752284,0.9047619047619048,Qm,Qm_mean_mg_s,rheology_enhanced,SVR_RBF
61,0.9473991081968751,0.08896094068668481,0.10028958383001109,0.9761904761904763,Qm,Qm_mean_mg_s,rheology_enhanced,SVR_RBF
62,0.8251957116067833,0.21223774780770485,0.3455495969684,1.0,Qm,Qm_mean_mg_s,rheology_enhanced,SVR_RBF
63,-0.7040302319438982,0.2318293421208254,0.2958987248539327,0.880952380952381,Qm,Qm_mean_mg_s,rheology_enhanced,SVR_RBF
64,0.7454800141687906,0.19437463481745323,0.4251157247495895,0.9761904761904763,Qm,Qm_mean_mg_s,rheology_enhanced,SVR_RBF
65,0.7931609113611325,0.21952922071963168,0.3041680138423886,0.9523809523809524,Qm,Qm_mean_mg_s,rheology_enhanced,SVR_RBF
66,0.8007789403548935,0.28635129465434594,0.4483757709367429,0.9523809523809524,Qm,Qm_mean_mg_s,rheology_enhanced,SVR_RBF
67,0.9104759184767266,0.15151101295987457,0.23068848001974235,0.9047619047619048,Qm,Qm_mean_mg_s,rheology_enhanced,SVR_RBF
68,-0.5413038660960985,0.2370296384082457,0.33740484304151264,0.7619047619047621,Qm,Qm_mean_mg_s,rheology_enhanced,SVR_RBF
69,0.877816563248915,0.08478025282219852,0.13048283898045943,0.9761904761904763,Qm,Qm_mean_mg_s,rheology_enhanced,SVR_RBF
70,0.9492605496723046,0.0901605113570084,0.09525214768776201,0.9761904761904763,Qm,Qm_mean_mg_s,rheology_enhanced,SVR_RBF
71,0.7029202914226377,0.09611319032140228,0.11462683359064002,0.9047619047619048,Qm,Qm_mean_mg_s,rheology_enhanced,SVR_RBF
72,-0.263416383198692,0.1916633740876177,0.271833467409997,0.7857142857142858,Qm,Qm_mean_mg_s,rheology_enhanced,SVR_RBF
73,-0.22934779669104732,0.3432439893349893,0.4664067160478778,0.880952380952381,Qm,Qm_mean_mg_s,rheology_enhanced,SVR_RBF
74,0.7381399450726107,0.3607940371285461,0.5538820030517227,1.0,Qm,Qm_mean_mg_s,rheology_enhanced,SVR_RBF
75,0.8523477005705722,0.15027755864928294,0.23179773421094624,0.9761904761904763,Qm,Qm_mean_mg_s,rheology_enhanced,SVR_RBF
76,-0.13190013264206546,0.162872007215699,0.21471576177024743,0.6428571428571429,Qm,Qm_mean_mg_s,rheology_enhanced,SVR_RBF
77,0.8082253442712168,0.22220359289584563,0.3706078238257914,0.9761904761904763,Qm,Qm_mean_mg_s,rheology_enhanced,SVR_RBF
78,0.8939593497979433,0.1941646423619255,0.26594965637394985,0.9047619047619048,Qm,Qm_mean_mg_s,rheology_enhanced,SVR_RBF
79,0.8697969979002343,0.19653617985849564,0.25668494347255,0.9523809523809524,Qm,Qm_mean_mg_s,rheology_enhanced,SVR_RBF
80,0.8797244337129171,0.10864495124194799,0.1427255813082507,0.9761904761904763,Qm,Qm_mean_mg_s,rheology_enhanced,SVR_RBF
81,0.9533704625436821,0.05710742164949503,0.06667381106064536,0.9761904761904763,Qm,Qm_mean_mg_s,rheology_enhanced,SVR_RBF
82,0.7509720381650691,0.2346315629128522,0.34733328279485637,0.9285714285714287,Qm,Qm_mean_mg_s,rheology_enhanced,SVR_RBF
83,0.8356781790955018,0.23161680428354892,0.29815149745949443,0.9523809523809524,Qm,Qm_mean_mg_s,rheology_enhanced,SVR_RBF
84,0.8351463729709885,0.12141503038510335,0.1488015550333198,0.9523809523809524,Qm,Qm_mean_mg_s,rheology_enhanced,SVR_RBF
85,0.7580600363914347,0.19568774191202876,0.4166414955349527,1.0,Qm,Qm_mean_mg_s,rheology_enhanced,SVR_RBF
86,0.7920957761728559,0.19863229164348833,0.40397449801214674,1.0,Qm,Qm_mean_mg_s,rheology_enhanced,SVR_RBF
87,0.7950048560915,0.25599561908032364,0.37608521142051143,0.9761904761904763,Qm,Qm_mean_mg_s,rheology_enhanced,SVR_RBF
88,0.9087853987297208,0.13394873474524843,0.18505944855195822,0.880952380952381,Qm,Qm_mean_mg_s,rheology_enhanced,SVR_RBF
89,0.5312419598242177,0.2170616083859781,0.30441796994589687,0.9285714285714287,Qm,Qm_mean_mg_s,rheology_enhanced,SVR_RBF
90,0.4068861768371964,0.14285255563901456,0.20393977132682348,0.9285714285714287,Qm,Qm_mean_mg_s,rheology_enhanced,SVR_RBF
91,0.916801732748694,0.07573690819830801,0.08318499975527967,1.0,Qm,Qm_mean_mg_s,rheology_enhanced,SVR_RBF
92,0.4801610917151635,0.49411892542702124,0.7206476757314516,0.9523809523809524,Qm,Qm_mean_mg_s,rheology_enhanced,SVR_RBF
93,0.6246085181940344,0.19644110782849084,0.25670167797828464,0.9523809523809524,Qm,Qm_mean_mg_s,rheology_enhanced,SVR_RBF
94,0.9120107000379658,0.06576638342909694,0.1125516770562651,0.7857142857142858,Qm,Qm_mean_mg_s,rheology_enhanced,SVR_RBF
95,0.6974750022725222,0.1264846376404396,0.20283849835367557,0.880952380952381,Qm,Qm_mean_mg_s,rheology_enhanced,SVR_RBF
96,0.6935427931981559,0.13583357850971392,0.1733864833013355,0.9047619047619048,Qm,Qm_mean_mg_s,rheology_enhanced,SVR_RBF
97,0.5420328698911075,0.3623665889063879,0.634733031160629,0.9047619047619048,Qm,Qm_mean_mg_s,rheology_enhanced,SVR_RBF
98,0.9328986945521173,0.15267330513657773,0.19006732697409442,0.9761904761904763,Qm,Qm_mean_mg_s,rheology_enhanced,SVR_RBF
99,0.46945465482468685,0.14876793944753414,0.22147858500363013,1.0,Qm,Qm_mean_mg_s,rheology_enhanced,SVR_RBF
100,0.9588198288449817,0.06492041846299658,0.08452283989703498,0.9047619047619048,Qm,Qm_mean_mg_s,rheology_enhanced,SVR_RBF
1,0.43972618823184106,0.5472934603174604,0.6815568332678194,0.7380952380952381,Qm,Qm_mean_mg_s,rheology_enhanced,RandomForest
2,0.6666665851413254,0.2734557541335976,0.3449133691538157,0.9285714285714287,Qm,Qm_mean_mg_s,rheology_enhanced,RandomForest
3,0.23796831089513515,0.27627700545634937,0.3279201506541546,0.5952380952380953,Qm,Qm_mean_mg_s,rheology_enhanced,RandomForest
4,0.09353930355779083,0.2926162939814817,0.30311878013756915,0.5000000000000001,Qm,Qm_mean_mg_s,rheology_enhanced,RandomForest
5,0.5825359481516048,0.4158058761574069,0.5254064519357634,0.6190476190476191,Qm,Qm_mean_mg_s,rheology_enhanced,RandomForest
6,0.5955160972307962,0.3127614027777782,0.4017879355505501,0.8095238095238096,Qm,Qm_mean_mg_s,rheology_enhanced,RandomForest
7,0.1344379838911247,0.44536748726851877,0.46495876230910915,0.4761904761904762,Qm,Qm_mean_mg_s,rheology_enhanced,RandomForest
8,-7.539822842964375,0.4296486537698413,0.4847772540376867,0.023809523809523815,Qm,Qm_mean_mg_s,rheology_enhanced,RandomForest
9,0.4836389165567547,0.5672315846560838,0.7393152547703035,0.4523809523809524,Qm,Qm_mean_mg_s,rheology_enhanced,RandomForest
10,0.4692208446416051,0.281505253306878,0.39793489478109145,0.7857142857142858,Qm,Qm_mean_mg_s,rheology_enhanced,RandomForest
11,0.6612760923972778,0.3133575147156087,0.37752416970022673,0.880952380952381,Qm,Qm_mean_mg_s,rheology_enhanced,RandomForest
12,0.15318671559780228,0.6668487329695763,0.7635618501555939,0.3333333333333334,Qm,Qm_mean_mg_s,rheology_enhanced,RandomForest
13,-0.7003406938323722,0.212826434027778,0.2518091140107451,0.7857142857142858,Qm,Qm_mean_mg_s,rheology_enhanced,RandomForest
14,-1.3002500640730723,0.5475902341269842,0.6756270967330639,0.04761904761904763,Qm,Qm_mean_mg_s,rheology_enhanced,RandomForest
15,0.17622053187935516,0.5357652638888888,0.684235014737386,0.7142857142857144,Qm,Qm_mean_mg_s,rheology_enhanced,RandomForest
16,0.49528445474155414,0.22979367019901423,0.2733323504273583,0.8571428571428572,Qm,Qm_mean_mg_s,rheology_enhanced,RandomForest
17,0.49793324654105864,0.4299539948743385,0.5983323303925148,0.8095238095238096,Qm,Qm_mean_mg_s,rheology_enhanced,RandomForest
18,0.3580401058444789,0.4329984722222221,0.5895369255786428,0.7142857142857144,Qm,Qm_mean_mg_s,rheology_enhanced,RandomForest
19,0.4348367928959961,0.23395900347222215,0.30936593336277995,0.7380952380952381,Qm,Qm_mean_mg_s,rheology_enhanced,RandomForest
20,0.413273177047059,0.3340444393187833,0.4266519074602201,0.9047619047619048,Qm,Qm_mean_mg_s,rheology_enhanced,RandomForest
21,0.16280666739977245,0.5825721741071423,0.6995949251243544,0.4285714285714286,Qm,Qm_mean_mg_s,rheology_enhanced,RandomForest
22,0.6929551744952798,0.2528684780092596,0.33077914544599674,0.7142857142857144,Qm,Qm_mean_mg_s,rheology_enhanced,RandomForest
23,-0.035196700477463816,0.34057443237433893,0.4070275670934362,0.5000000000000001,Qm,Qm_mean_mg_s,rheology_enhanced,RandomForest
24,-1.9131741284914283,0.28419744130290997,0.3235772076007941,0.5000000000000001,Qm,Qm_mean_mg_s,rheology_enhanced,RandomForest
25,0.5216559080678018,0.4124951871693121,0.6168948461350269,0.9285714285714287,Qm,Qm_mean_mg_s,rheology_enhanced,RandomForest
26,0.04994606381563238,0.42790885796957656,0.5665603465748486,0.2142857142857143,Qm,Qm_mean_mg_s,rheology_enhanced,RandomForest
27,0.6358468076424049,0.35351179166666624,0.43986284804594594,0.7857142857142858,Qm,Qm_mean_mg_s,rheology_enhanced,RandomForest
28,0.31443535353172514,0.5001383095238097,0.6827217961577414,0.7142857142857144,Qm,Qm_mean_mg_s,rheology_enhanced,RandomForest
29,0.6057292858865695,0.372064999158249,0.43575401829295435,0.880952380952381,Qm,Qm_mean_mg_s,rheology_enhanced,RandomForest
30,-0.6693559202300352,0.1973865381944443,0.2513696214777793,0.5476190476190477,Qm,Qm_mean_mg_s,rheology_enhanced,RandomForest
31,-0.318670486299659,0.7784842915013229,0.9366562711600351,-0.14285714285714288,Qm,Qm_mean_mg_s,rheology_enhanced,RandomForest
32,-1.225269049306954,0.5445952792658729,0.6333693448784659,-0.09523809523809526,Qm,Qm_mean_mg_s,rheology_enhanced,RandomForest
33,-1.13645563740543,0.2311984265873015,0.34062324621420464,0.38095238095238104,Qm,Qm_mean_mg_s,rheology_enhanced,RandomForest
34,0.5761511509787658,0.20853785598544933,0.2410416307841147,0.8333333333333335,Qm,Qm_mean_mg_s,rheology_enhanced,RandomForest
35,-0.21942532574426177,0.7653920651455026,1.0686328619654717,0.07142857142857144,Qm,Qm_mean_mg_s,rheology_enhanced,RandomForest
36,0.1510712165144552,0.3174024123677252,0.4068979364436319,0.5476190476190477,Qm,Qm_mean_mg_s,rheology_enhanced,RandomForest
37,0.6896167312095085,0.426462360119048,0.49656208114833966,0.9047619047619048,Qm,Qm_mean_mg_s,rheology_enhanced,RandomForest
38,0.4977309088798407,0.24943641832010618,0.2750689269982664,0.9047619047619048,Qm,Qm_mean_mg_s,rheology_enhanced,RandomForest
39,0.32832797869186037,0.3241432762896823,0.4326888908735254,0.5952380952380953,Qm,Qm_mean_mg_s,rheology_enhanced,RandomForest
40,0.2803240640221968,0.5045395393518517,0.7153661571853998,0.6666666666666669,Qm,Qm_mean_mg_s,rheology_enhanced,RandomForest
41,0.4911031241100965,0.4020708161375663,0.602552212072911,0.6904761904761906,Qm,Qm_mean_mg_s,rheology_enhanced,RandomForest
42,0.41285519428969264,0.44814201222041866,0.558925910606088,0.7380952380952381,Qm,Qm_mean_mg_s,rheology_enhanced,RandomForest
43,0.695640039813084,0.26004927992724863,0.3621347119924481,0.9523809523809524,Qm,Qm_mean_mg_s,rheology_enhanced,RandomForest
44,0.20198189569145175,0.47604911342592626,0.5492380196436795,0.0,Qm,Qm_mean_mg_s,rheology_enhanced,RandomForest
45,-1.5318815256865626,0.3053953710317455,0.3254554102583771,0.7619047619047621,Qm,Qm_mean_mg_s,rheology_enhanced,RandomForest
46,0.5025398229237512,0.337391416335979,0.43203730204812574,0.7380952380952381,Qm,Qm_mean_mg_s,rheology_enhanced,RandomForest
47,-0.04654416509736814,0.6897433298611112,1.02644793870682,0.8095238095238096,Qm,Qm_mean_mg_s,rheology_enhanced,RandomForest
48,-1.1624295458879517,0.5735338627645508,0.6056874224174248,0.28571428571428575,Qm,Qm_mean_mg_s,rheology_enhanced,RandomForest
49,0.09056514066837007,0.25997873726851883,0.2817500254294432,0.4523809523809524,Qm,Qm_mean_mg_s,rheology_enhanced,RandomForest
50,-0.3866792815117568,0.29851188707010645,0.36280059133616765,0.6190476190476191,Qm,Qm_mean_mg_s,rheology_enhanced,RandomForest
51,0.5785661174278636,0.30513865773809556,0.3955572528480693,0.6428571428571429,Qm,Qm_mean_mg_s,rheology_enhanced,RandomForest
52,0.5765557451911592,0.30787124768518515,0.38068954624399026,0.6904761904761906,Qm,Qm_mean_mg_s,rheology_enhanced,RandomForest
53,0.32791770794240294,0.41237018452380925,0.6288891126901037,0.6666666666666669,Qm,Qm_mean_mg_s,rheology_enhanced,RandomForest
54,0.026976222979348985,0.34685159920634945,0.4144632573524793,0.5952380952380953,Qm,Qm_mean_mg_s,rheology_enhanced,RandomForest
55,0.6103710047818243,0.3572934424603178,0.4616916705860033,0.8095238095238096,Qm,Qm_mean_mg_s,rheology_enhanced,RandomForest
56,0.5234557390521812,0.40237048412698395,0.6062561738081185,0.7857142857142858,Qm,Qm_mean_mg_s,rheology_enhanced,RandomForest
57,0.4203570417650693,0.2938425300925928,0.3517176280538894,0.7619047619047621,Qm,Qm_mean_mg_s,rheology_enhanced,RandomForest
58,0.35826962351747804,0.4794135224867726,0.6575909084203885,0.8571428571428572,Qm,Qm_mean_mg_s,rheology_enhanced,RandomForest
59,0.6609658814200574,0.24146611177248686,0.3401635530306694,0.7380952380952381,Qm,Qm_mean_mg_s,rheology_enhanced,RandomForest
60,0.32803096460056214,0.2800376569113754,0.336271495665116,0.5000000000000001,Qm,Qm_mean_mg_s,rheology_enhanced,RandomForest
61,0.3267423292632369,0.2706344377104373,0.3587979314648066,0.6428571428571429,Qm,Qm_mean_mg_s,rheology_enhanced,RandomForest
62,0.3561855736674666,0.47414360879629597,0.6631544700254293,0.8571428571428572,Qm,Qm_mean_mg_s,rheology_enhanced,RandomForest
63,-0.7837480332557698,0.2774118707010583,0.3027409709764102,0.6904761904761906,Qm,Qm_mean_mg_s,rheology_enhanced,RandomForest
64,0.5063836738634648,0.2958722609728236,0.5920262753181837,0.9523809523809524,Qm,Qm_mean_mg_s,rheology_enhanced,RandomForest
65,0.2234470886407992,0.540650524140212,0.5893628544693943,-0.09523809523809526,Qm,Qm_mean_mg_s,rheology_enhanced,RandomForest
66,0.40624667991295715,0.5485566793981476,0.7740651927840415,0.880952380952381,Qm,Qm_mean_mg_s,rheology_enhanced,RandomForest
67,0.535459359302066,0.4062307356150793,0.5254940799894668,0.9047619047619048,Qm,Qm_mean_mg_s,rheology_enhanced,RandomForest
68,-4.205566526427776,0.46864485896164065,0.6200706549867436,0.4761904761904762,Qm,Qm_mean_mg_s,rheology_enhanced,RandomForest
69,0.2175864483478407,0.2680521638558204,0.33019113637908276,0.7619047619047621,Qm,Qm_mean_mg_s,rheology_enhanced,RandomForest
70,0.4411136755403857,0.290647460813492,0.3161284915629255,0.7142857142857144,Qm,Qm_mean_mg_s,rheology_enhanced,RandomForest
71,-1.8599720511215132,0.31407620039682504,0.35565645528086764,0.6428571428571429,Qm,Qm_mean_mg_s,rheology_enhanced,RandomForest
72,-0.6470664935208428,0.2674224646164024,0.3103739325500025,0.8333333333333335,Qm,Qm_mean_mg_s,rheology_enhanced,RandomForest
73,-0.6950935769142927,0.49491249421296285,0.5476766823253538,-0.2142857142857143,Qm,Qm_mean_mg_s,rheology_enhanced,RandomForest
74,0.29547946619088417,0.6826247344576717,0.908509461479594,0.9761904761904763,Qm,Qm_mean_mg_s,rheology_enhanced,RandomForest
75,0.3723210770171812,0.3816715942460319,0.4779229125177668,0.261904761904762,Qm,Qm_mean_mg_s,rheology_enhanced,RandomForest
76,-2.142498003266077,0.32450789814814784,0.35776460825804013,0.7619047619047621,Qm,Qm_mean_mg_s,rheology_enhanced,RandomForest
77,0.3152411426408953,0.5084600864748673,0.7003059347126332,0.9523809523809524,Qm,Qm_mean_mg_s,rheology_enhanced,RandomForest
78,0.4343294846385869,0.40087798445767187,0.6142497858498429,0.8571428571428572,Qm,Qm_mean_mg_s,rheology_enhanced,RandomForest
79,0.6186738195863379,0.39994206977513214,0.4392767397518313,0.8333333333333335,Qm,Qm_mean_mg_s,rheology_enhanced,RandomForest
80,0.5270941134732268,0.19833427662037006,0.2830091489289586,0.880952380952381,Qm,Qm_mean_mg_s,rheology_enhanced,RandomForest
81,0.41749551075531044,0.20793902628968244,0.23565375514768286,0.8333333333333335,Qm,Qm_mean_mg_s,rheology_enhanced,RandomForest
82,0.48565998208506334,0.3445595491071426,0.4991688797664005,0.9285714285714287,Qm,Qm_mean_mg_s,rheology_enhanced,RandomForest
83,0.4533405166617227,0.44844918551587265,0.5438107880059695,0.5476190476190477,Qm,Qm_mean_mg_s,rheology_enhanced,RandomForest
84,0.5128544661169949,0.22789079546957658,0.2557923660308515,0.880952380952381,Qm,Qm_mean_mg_s,rheology_enhanced,RandomForest
85,0.2732617077433257,0.4526327720809282,0.7221006534022612,0.7857142857142858,Qm,Qm_mean_mg_s,rheology_enhanced,RandomForest
86,0.5186177207561495,0.4365116881613752,0.6147058455650917,0.880952380952381,Qm,Qm_mean_mg_s,rheology_enhanced,RandomForest
87,0.3253860820318313,0.480703187334656,0.6822477594040298,0.880952380952381,Qm,Qm_mean_mg_s,rheology_enhanced,RandomForest
88,0.6010106191294969,0.295285157572751,0.38704347495839647,0.5952380952380953,Qm,Qm_mean_mg_s,rheology_enhanced,RandomForest
89,-0.09626844245781574,0.4090518386243389,0.46553718569188823,0.023809523809523815,Qm,Qm_mean_mg_s,rheology_enhanced,RandomForest
90,0.1877308209698464,0.206466353339947,0.23866178932740192,0.523809523809524,Qm,Qm_mean_mg_s,rheology_enhanced,RandomForest
91,0.3623004294112466,0.17233382324735513,0.23030106229902492,0.8095238095238096,Qm,Qm_mean_mg_s,rheology_enhanced,RandomForest
92,-0.43622789489763725,0.9569390466269838,1.1978440446868106,0.5000000000000001,Qm,Qm_mean_mg_s,rheology_enhanced,RandomForest
93,0.19571103352381847,0.314590146344396,0.3757444341757052,0.4047619047619048,Qm,Qm_mean_mg_s,rheology_enhanced,RandomForest
94,0.3310379212102542,0.21526700099206336,0.31034002383641857,0.7142857142857144,Qm,Qm_mean_mg_s,rheology_enhanced,RandomForest
95,0.2586643135924751,0.284251794657889,0.31752447520130567,0.8571428571428572,Qm,Qm_mean_mg_s,rheology_enhanced,RandomForest
96,0.3946242023544584,0.2011170100859789,0.24369288297036948,0.6666666666666669,Qm,Qm_mean_mg_s,rheology_enhanced,RandomForest
97,-0.07539723305914947,0.6736509042658726,0.9726540569159722,0.7619047619047621,Qm,Qm_mean_mg_s,rheology_enhanced,RandomForest
98,0.44183825086668416,0.4197292180886238,0.5481785247858618,0.6190476190476191,Qm,Qm_mean_mg_s,rheology_enhanced,RandomForest
99,0.4178061803338734,0.19236964414983157,0.23200870572744892,0.9761904761904763,Qm,Qm_mean_mg_s,rheology_enhanced,RandomForest
100,0.043092244405523616,0.3331888118386243,0.40744129558355685,0.2380952380952381,Qm,Qm_mean_mg_s,rheology_enhanced,RandomForest
1,0.784768047043987,0.30639703518602734,0.42243052013923843,0.9523809523809524,Qm,Qm_mean_mg_s,rheology_enhanced,GradientBoosting
2,0.8272187896025677,0.22033555885893688,0.24832409342096004,0.8571428571428572,Qm,Qm_mean_mg_s,rheology_enhanced,GradientBoosting
3,0.5471717472643799,0.1994185101847338,0.25278328107880405,0.9047619047619048,Qm,Qm_mean_mg_s,rheology_enhanced,GradientBoosting
4,0.6687218224820923,0.17163868528004933,0.18324611232619697,0.9523809523809524,Qm,Qm_mean_mg_s,rheology_enhanced,GradientBoosting
5,0.7846876667376234,0.3270122713713506,0.3773291117205355,0.6428571428571429,Qm,Qm_mean_mg_s,rheology_enhanced,GradientBoosting
6,0.8112747182783216,0.23229431674594292,0.27444878464407335,0.8571428571428572,Qm,Qm_mean_mg_s,rheology_enhanced,GradientBoosting
7,0.453658646491371,0.3377309410356697,0.36940041479649466,0.8571428571428572,Qm,Qm_mean_mg_s,rheology_enhanced,GradientBoosting
8,-4.897452047465705,0.33135319331322094,0.4028561637439195,0.08383383833392813,Qm,Qm_mean_mg_s,rheology_enhanced,GradientBoosting
9,0.7525629123926234,0.4044153049791067,0.5117823607940207,0.5476190476190477,Qm,Qm_mean_mg_s,rheology_enhanced,GradientBoosting
10,0.6493199225752617,0.2500297488461979,0.3234525961782537,0.8503146459584139,Qm,Qm_mean_mg_s,rheology_enhanced,GradientBoosting
11,0.9331787995879856,0.13541753252152205,0.1676791146799084,0.9761904761904763,Qm,Qm_mean_mg_s,rheology_enhanced,GradientBoosting
12,0.5820740663165904,0.4495947724376032,0.5364139345517288,0.6904761904761906,Qm,Qm_mean_mg_s,rheology_enhanced,GradientBoosting
13,-0.11147807701649204,0.1491798421739749,0.2035888180611628,0.880952380952381,Qm,Qm_mean_mg_s,rheology_enhanced,GradientBoosting
14,-0.2600519505570058,0.3866424343369248,0.5000503767644914,0.6190476190476191,Qm,Qm_mean_mg_s,rheology_enhanced,GradientBoosting
15,0.42938250438325687,0.42247850027964473,0.5694719729819845,0.8333333333333335,Qm,Qm_mean_mg_s,rheology_enhanced,GradientBoosting
16,0.7119323301612586,0.1735638579308852,0.20649757464745463,0.9047619047619048,Qm,Qm_mean_mg_s,rheology_enhanced,GradientBoosting
17,0.6690308318080056,0.3670295242240814,0.4857977596496565,0.9047619047619048,Qm,Qm_mean_mg_s,rheology_enhanced,GradientBoosting
18,0.6067433411920253,0.37302096375040833,0.4614186098258563,0.7380952380952381,Qm,Qm_mean_mg_s,rheology_enhanced,GradientBoosting
19,0.6978323044529084,0.1876351696380965,0.22620883563330244,0.8095238095238096,Qm,Qm_mean_mg_s,rheology_enhanced,GradientBoosting
20,0.7809818321623253,0.19795381671272755,0.26067284441824123,0.9523809523809524,Qm,Qm_mean_mg_s,rheology_enhanced,GradientBoosting
21,0.5896112323774354,0.40953805061637466,0.48981434811586605,0.7380952380952381,Qm,Qm_mean_mg_s,rheology_enhanced,GradientBoosting
22,0.8514880651640958,0.1923680211484859,0.2300477063532642,0.6904761904761906,Qm,Qm_mean_mg_s,rheology_enhanced,GradientBoosting
23,0.347564860707233,0.2820718643402593,0.32313280922834015,0.6666666666666669,Qm,Qm_mean_mg_s,rheology_enhanced,GradientBoosting
24,0.4664675230839863,0.13141533265177835,0.13847619798022562,0.9221722216732094,Qm,Qm_mean_mg_s,rheology_enhanced,GradientBoosting
25,0.7960586013678396,0.24945086051796628,0.4028038672227711,0.9047619047619048,Qm,Qm_mean_mg_s,rheology_enhanced,GradientBoosting
26,0.6119252457279634,0.30125446420638846,0.36210101305231834,0.7380952380952381,Qm,Qm_mean_mg_s,rheology_enhanced,GradientBoosting
27,0.848322200760293,0.2343379227912258,0.2838809372737917,0.8095238095238096,Qm,Qm_mean_mg_s,rheology_enhanced,GradientBoosting
28,0.8021009386421999,0.2297261494772606,0.3668102209026869,0.880952380952381,Qm,Qm_mean_mg_s,rheology_enhanced,GradientBoosting
29,0.8903382750996691,0.1849695498915636,0.22981145758088117,0.9761904761904763,Qm,Qm_mean_mg_s,rheology_enhanced,GradientBoosting
30,0.3451560641923642,0.1469323961226019,0.15743715217987408,0.8263621207201486,Qm,Qm_mean_mg_s,rheology_enhanced,GradientBoosting
31,-0.08175487603511611,0.7200883895336404,0.8483528688648504,0.1666666666666667,Qm,Qm_mean_mg_s,rheology_enhanced,GradientBoosting
32,-0.08956633584691365,0.34684983022339233,0.4431927161236211,0.4431217169079058,Qm,Qm_mean_mg_s,rheology_enhanced,GradientBoosting
33,0.5004862197514559,0.12805100686339785,0.16470283731567084,0.8333333333333335,Qm,Qm_mean_mg_s,rheology_enhanced,GradientBoosting
34,0.2009769842461282,0.273958500868761,0.33095290496511487,0.880952380952381,Qm,Qm_mean_mg_s,rheology_enhanced,GradientBoosting
35,0.09190757173895214,0.6161584200393917,0.9221805268667487,0.8982196964349441,Qm,Qm_mean_mg_s,rheology_enhanced,GradientBoosting
36,0.47207991530968285,0.24953815284996955,0.3208735731224024,0.9523809523809524,Qm,Qm_mean_mg_s,rheology_enhanced,GradientBoosting
37,0.8418837096912446,0.2896577676338838,0.3544155019978043,0.8742671711966791,Qm,Qm_mean_mg_s,rheology_enhanced,GradientBoosting
38,0.8561454336682343,0.13533278616102623,0.14720926110160681,0.9761904761904763,Qm,Qm_mean_mg_s,rheology_enhanced,GradientBoosting
39,0.5807419749313725,0.26919484343245587,0.3418517504987327,0.5952380952380953,Qm,Qm_mean_mg_s,rheology_enhanced,GradientBoosting
40,0.6830466339524004,0.3244436873208879,0.47474192237953383,0.880952380952381,Qm,Qm_mean_mg_s,rheology_enhanced,GradientBoosting
41,0.6765400053461822,0.3649267764742357,0.48038571033680944,0.8095238095238096,Qm,Qm_mean_mg_s,rheology_enhanced,GradientBoosting
42,0.6789333499702486,0.31766243196998856,0.4133131564340072,0.9047619047619048,Qm,Qm_mean_mg_s,rheology_enhanced,GradientBoosting
43,0.8478681709997183,0.21676873960359677,0.2560273962707508,0.9761904761904763,Qm,Qm_mean_mg_s,rheology_enhanced,GradientBoosting
44,0.5660168351933799,0.31574745239721297,0.40503323600885544,0.5000000000000001,Qm,Qm_mean_mg_s,rheology_enhanced,GradientBoosting
45,0.48223850150510106,0.13483376443263845,0.1471752159825515,0.8333333333333335,Qm,Qm_mean_mg_s,rheology_enhanced,GradientBoosting
46,0.7707718606714972,0.23647155082818666,0.2932756796426753,0.880952380952381,Qm,Qm_mean_mg_s,rheology_enhanced,GradientBoosting
47,0.11238215414983954,0.7311120514374783,0.9453032678298418,0.28743030285918214,Qm,Qm_mean_mg_s,rheology_enhanced,GradientBoosting
48,-0.3981894098176897,0.4398343432344699,0.48703545299113077,0.3592878785739777,Qm,Qm_mean_mg_s,rheology_enhanced,GradientBoosting
49,0.5303071220753566,0.16783707070052528,0.2024814083420112,0.7857142857142858,Qm,Qm_mean_mg_s,rheology_enhanced,GradientBoosting
50,0.2235640485413407,0.22177024263943484,0.2714768435771639,0.6904761904761906,Qm,Qm_mean_mg_s,rheology_enhanced,GradientBoosting
51,0.6262896218785671,0.3010707188484657,0.37248793187260537,0.6190476190476191,Qm,Qm_mean_mg_s,rheology_enhanced,GradientBoosting
52,0.8143997279846221,0.20796223575717665,0.2520357415084909,0.7380952380952381,Qm,Qm_mean_mg_s,rheology_enhanced,GradientBoosting
53,0.6267464170319745,0.3652313980200248,0.4686675047275784,0.880952380952381,Qm,Qm_mean_mg_s,rheology_enhanced,GradientBoosting
54,0.43032500401282525,0.2415863883949217,0.31713040954652233,0.8333333333333335,Qm,Qm_mean_mg_s,rheology_enhanced,GradientBoosting
55,0.8597903678975705,0.22851323431538764,0.2769589028428259,0.7619047619047621,Qm,Qm_mean_mg_s,rheology_enhanced,GradientBoosting
56,0.682459767680164,0.32500124667722485,0.4948845909258615,0.7857142857142858,Qm,Qm_mean_mg_s,rheology_enhanced,GradientBoosting
57,0.6339914377062118,0.2002142286873598,0.27948562550660483,0.7619047619047621,Qm,Qm_mean_mg_s,rheology_enhanced,GradientBoosting
58,0.5893090562767059,0.34291956036567983,0.5260621610310169,1.0,Qm,Qm_mean_mg_s,rheology_enhanced,GradientBoosting
59,0.7891362381385033,0.24853831290599834,0.26826687573403984,0.7380952380952381,Qm,Qm_mean_mg_s,rheology_enhanced,GradientBoosting
60,0.7480126802834721,0.16345893614902746,0.20592295824536083,0.880952380952381,Qm,Qm_mean_mg_s,rheology_enhanced,GradientBoosting
61,0.6256409797208916,0.21031554646574957,0.26754905816343155,0.9047619047619048,Qm,Qm_mean_mg_s,rheology_enhanced,GradientBoosting
62,0.7164913315086394,0.3110910801552414,0.44006570083823554,0.9285714285714287,Qm,Qm_mean_mg_s,rheology_enhanced,GradientBoosting
63,-2.0337241998636157,0.2838865031426572,0.3948139541687227,0.8571428571428572,Qm,Qm_mean_mg_s,rheology_enhanced,GradientBoosting
64,0.7524570315306357,0.24779332293397413,0.4192485040328001,0.9761904761904763,Qm,Qm_mean_mg_s,rheology_enhanced,GradientBoosting
65,0.6748071530688495,0.32361698801878785,0.38138861642678784,0.6190476190476191,Qm,Qm_mean_mg_s,rheology_enhanced,GradientBoosting
66,0.6877216602468117,0.44812751294968023,0.5613651456318494,0.9047619047619048,Qm,Qm_mean_mg_s,rheology_enhanced,GradientBoosting
67,0.7461280309338252,0.2899965778153224,0.3884752423086717,0.8095238095238096,Qm,Qm_mean_mg_s,rheology_enhanced,GradientBoosting
68,-4.307364530349021,0.4477408776989536,0.6261042287255151,0.523809523809524,Qm,Qm_mean_mg_s,rheology_enhanced,GradientBoosting
69,0.6848905519405021,0.17723493889136047,0.20954530828847892,0.7619047619047621,Qm,Qm_mean_mg_s,rheology_enhanced,GradientBoosting
70,0.678051822706971,0.22633508423702883,0.2399357063900492,0.880952380952381,Qm,Qm_mean_mg_s,rheology_enhanced,GradientBoosting
71,-0.30948007867669936,0.22509833355784276,0.24065741590299375,0.8095238095238096,Qm,Qm_mean_mg_s,rheology_enhanced,GradientBoosting
72,-3.1305910534578754,0.3784329083387145,0.49151386444696626,0.5389318178609664,Qm,Qm_mean_mg_s,rheology_enhanced,GradientBoosting
73,0.04455053071609627,0.31538216440883066,0.4111793291222943,0.7857142857142858,Qm,Qm_mean_mg_s,rheology_enhanced,GradientBoosting
74,0.6947920278404816,0.46318564422340114,0.5979716073557768,0.9761904761904763,Qm,Qm_mean_mg_s,rheology_enhanced,GradientBoosting
75,0.6567224705943654,0.2876213316040848,0.3534368004821067,0.8742671711966791,Qm,Qm_mean_mg_s,rheology_enhanced,GradientBoosting
76,-0.2091489148853347,0.18962774994600712,0.22192169762719716,0.5714285714285715,Qm,Qm_mean_mg_s,rheology_enhanced,GradientBoosting
77,0.4747294290394126,0.43977771037133656,0.613353026034272,0.880952380952381,Qm,Qm_mean_mg_s,rheology_enhanced,GradientBoosting
78,0.6655519770358057,0.2860422980862356,0.472310454854792,0.9047619047619048,Qm,Qm_mean_mg_s,rheology_enhanced,GradientBoosting
79,0.8540109696144481,0.24838901148273396,0.27180034762610694,1.0,Qm,Qm_mean_mg_s,rheology_enhanced,GradientBoosting
80,0.6053245946024008,0.18923977110076412,0.2585432163305968,0.880952380952381,Qm,Qm_mean_mg_s,rheology_enhanced,GradientBoosting
81,0.6588789986660097,0.1358014984696172,0.18033455612148905,0.9285714285714287,Qm,Qm_mean_mg_s,rheology_enhanced,GradientBoosting
82,0.6949351528485301,0.3301081101933324,0.38443102291291137,0.8095238095238096,Qm,Qm_mean_mg_s,rheology_enhanced,GradientBoosting
83,0.6972267177977043,0.32345175630961154,0.40471392731486416,0.7784570702436182,Qm,Qm_mean_mg_s,rheology_enhanced,GradientBoosting
84,0.832657034917148,0.1356055443802033,0.14992081909358204,0.9047619047619048,Qm,Qm_mean_mg_s,rheology_enhanced,GradientBoosting
85,0.638332397395388,0.3455858718024716,0.5094053709170954,0.880952380952381,Qm,Qm_mean_mg_s,rheology_enhanced,GradientBoosting
86,0.8130342904844408,0.2835838747924623,0.38309216917864763,0.9461247469114746,Qm,Qm_mean_mg_s,rheology_enhanced,GradientBoosting
87,0.6962508297159611,0.30031743243062897,0.45779602747998693,0.9047619047619048,Qm,Qm_mean_mg_s,rheology_enhanced,GradientBoosting
88,0.7428888892594487,0.26793236089592176,0.31069874853869345,0.8095238095238096,Qm,Qm_mean_mg_s,rheology_enhanced,GradientBoosting
89,0.10972437958115022,0.32465199447348725,0.41952530411927336,0.4761904761904762,Qm,Qm_mean_mg_s,rheology_enhanced,GradientBoosting
90,0.4547081886066958,0.14474954923990152,0.19554530498194805,0.6666666666666669,Qm,Qm_mean_mg_s,rheology_enhanced,GradientBoosting
91,0.5333494027534368,0.1601938466366248,0.19700796816404728,0.8333333333333335,Qm,Qm_mean_mg_s,rheology_enhanced,GradientBoosting
92,-0.059346929866550546,0.7668109875680642,1.0287449242132896,0.670670706671425,Qm,Qm_mean_mg_s,rheology_enhanced,GradientBoosting
93,0.37211845204101934,0.2773763984361448,0.33199027406956444,0.523809523809524,Qm,Qm_mean_mg_s,rheology_enhanced,GradientBoosting
94,0.6805080616508858,0.13214671395187905,0.21447021708113592,0.9523809523809524,Qm,Qm_mean_mg_s,rheology_enhanced,GradientBoosting
95,0.2904552886242645,0.26945591497264365,0.3106416163148998,0.8571428571428572,Qm,Qm_mean_mg_s,rheology_enhanced,GradientBoosting
96,0.10176095151497777,0.2633237130009116,0.2968426391595042,0.34731161595484505,Qm,Qm_mean_mg_s,rheology_enhanced,GradientBoosting
97,0.24144407269694712,0.6086546235606624,0.8168978411336312,0.5952380952380953,Qm,Qm_mean_mg_s,rheology_enhanced,GradientBoosting
98,0.7866618309358109,0.27884527578843665,0.3389036639387124,0.8571428571428572,Qm,Qm_mean_mg_s,rheology_enhanced,GradientBoosting
99,0.09292631580022703,0.21640653747717847,0.2895954737016438,0.9047619047619048,Qm,Qm_mean_mg_s,rheology_enhanced,GradientBoosting
100,0.546934842517627,0.23199187618111855,0.2803563125164445,0.8333333333333335,Qm,Qm_mean_mg_s,rheology_enhanced,GradientBoosting
1,0.747983139497808,0.33317288768291475,0.45710578043331335,0.9047619047619048,Qm,Qm_mean_mg_s,rheology_enhanced,XGBoost
2,0.8570075599666946,0.18545551252365108,0.22590567505422404,0.880952380952381,Qm,Qm_mean_mg_s,rheology_enhanced,XGBoost
3,0.6517442108406734,0.16373905086517332,0.22168216855648004,0.880952380952381,Qm,Qm_mean_mg_s,rheology_enhanced,XGBoost
4,0.7019977480378141,0.15468057411909106,0.17379934222530988,0.9523809523809524,Qm,Qm_mean_mg_s,rheology_enhanced,XGBoost
5,0.8141757023476239,0.31401276981830595,0.35053961842189585,0.5714285714285715,Qm,Qm_mean_mg_s,rheology_enhanced,XGBoost
6,0.8544690320539646,0.19643496954441075,0.24100384959841759,0.9285714285714287,Qm,Qm_mean_mg_s,rheology_enhanced,XGBoost
7,0.30870499010629393,0.3812002519965172,0.41552489900980905,0.8095238095238096,Qm,Qm_mean_mg_s,rheology_enhanced,XGBoost
8,-5.609385885496707,0.3789144833683967,0.42647969405686537,0.08383383833392813,Qm,Qm_mean_mg_s,rheology_enhanced,XGBoost
9,0.7335170883515005,0.3974553427100181,0.5311138149609896,0.6428571428571429,Qm,Qm_mean_mg_s,rheology_enhanced,XGBoost
10,0.6816843748907211,0.251700159907341,0.3081655400839761,0.8503146459584139,Qm,Qm_mean_mg_s,rheology_enhanced,XGBoost
11,0.9464059037695127,0.12509303548932077,0.15016900787837306,0.9523809523809524,Qm,Qm_mean_mg_s,rheology_enhanced,XGBoost
12,0.5471054389686243,0.3823578450083732,0.5584045430696454,0.8095238095238096,Qm,Qm_mean_mg_s,rheology_enhanced,XGBoost
13,-0.47587014206235456,0.17453377553820612,0.23459974943546458,0.880952380952381,Qm,Qm_mean_mg_s,rheology_enhanced,XGBoost
14,0.005110977349452872,0.3116695139408111,0.4443312442934624,0.6190476190476191,Qm,Qm_mean_mg_s,rheology_enhanced,XGBoost
15,0.6319943769926499,0.37476788127422334,0.45732720859001874,0.9047619047619048,Qm,Qm_mean_mg_s,rheology_enhanced,XGBoost
16,0.6441147172336529,0.1961189324855804,0.22952114914848554,0.7619047619047621,Qm,Qm_mean_mg_s,rheology_enhanced,XGBoost
17,0.7373983710325113,0.3549945721030235,0.43272346526561734,0.9047619047619048,Qm,Qm_mean_mg_s,rheology_enhanced,XGBoost
18,0.764611381059633,0.28580295425653457,0.35698485717141487,0.7857142857142858,Qm,Qm_mean_mg_s,rheology_enhanced,XGBoost
19,0.7084794070699506,0.18013168507814406,0.22218777880307178,0.9761904761904763,Qm,Qm_mean_mg_s,rheology_enhanced,XGBoost
20,0.7184484312824295,0.23422164782881738,0.2955525398414537,0.9523809523809524,Qm,Qm_mean_mg_s,rheology_enhanced,XGBoost
21,0.4748452005139383,0.4587750361561775,0.5540863347425612,0.6666666666666669,Qm,Qm_mean_mg_s,rheology_enhanced,XGBoost
22,0.9256358226455481,0.12088771307468414,0.16278677466393313,0.7857142857142858,Qm,Qm_mean_mg_s,rheology_enhanced,XGBoost
23,0.3514746654186318,0.2759103320837021,0.32216314607797514,0.7380952380952381,Qm,Qm_mean_mg_s,rheology_enhanced,XGBoost
24,0.010935294898061776,0.15782666403055193,0.188541541177335,0.6190476190476191,Qm,Qm_mean_mg_s,rheology_enhanced,XGBoost
25,0.7488709833510714,0.29121357423067096,0.4469813293628475,0.9761904761904763,Qm,Qm_mean_mg_s,rheology_enhanced,XGBoost
26,0.5600437617938938,0.3388953739404678,0.3855465171563865,0.6666666666666669,Qm,Qm_mean_mg_s,rheology_enhanced,XGBoost
27,0.8636476600146672,0.21807198083400725,0.2691575204496934,0.7857142857142858,Qm,Qm_mean_mg_s,rheology_enhanced,XGBoost
28,0.7115921333355162,0.26391885310411456,0.4428158039930858,0.9047619047619048,Qm,Qm_mean_mg_s,rheology_enhanced,XGBoost
29,0.8838314529519189,0.18608524897694584,0.23653119159098226,0.9285714285714287,Qm,Qm_mean_mg_s,rheology_enhanced,XGBoost
30,0.23477289291267545,0.15543116608262061,0.17018978642582558,0.7380952380952381,Qm,Qm_mean_mg_s,rheology_enhanced,XGBoost
31,-0.027379083249807534,0.6949165704250335,0.8267562026794247,0.261904761904762,Qm,Qm_mean_mg_s,rheology_enhanced,XGBoost
32,-0.017917143215109954,0.3741931052803993,0.4283729017722653,0.730552019767088,Qm,Qm_mean_mg_s,rheology_enhanced,XGBoost
33,0.6711677494442094,0.12280393534898758,0.1336332548017075,0.7857142857142858,Qm,Qm_mean_mg_s,rheology_enhanced,XGBoost
34,0.5730181381358064,0.21833621698617933,0.24193085828912325,0.8571428571428572,Qm,Qm_mean_mg_s,rheology_enhanced,XGBoost
35,0.03952062996040229,0.6021337457895279,0.9484074145113769,0.6190476190476191,Qm,Qm_mean_mg_s,rheology_enhanced,XGBoost
36,0.6147169992186112,0.2282015115916729,0.27411940584368844,0.9285714285714287,Qm,Qm_mean_mg_s,rheology_enhanced,XGBoost
37,0.8299162105222536,0.2877770510315895,0.3675833767017186,0.880952380952381,Qm,Qm_mean_mg_s,rheology_enhanced,XGBoost
38,0.6926413622970102,0.19084401082992553,0.21517708412049444,0.9523809523809524,Qm,Qm_mean_mg_s,rheology_enhanced,XGBoost
39,0.586291813277799,0.2675028093457222,0.33958161819412347,0.8333333333333335,Qm,Qm_mean_mg_s,rheology_enhanced,XGBoost
40,0.6117920168444755,0.3317774887084961,0.5254024951094098,0.7380952380952381,Qm,Qm_mean_mg_s,rheology_enhanced,XGBoost
41,0.7127522951982106,0.3206174764335155,0.45269747942832134,0.8095238095238096,Qm,Qm_mean_mg_s,rheology_enhanced,XGBoost
42,0.7979857595235986,0.27010718983411786,0.3278480644050772,0.9523809523809524,Qm,Qm_mean_mg_s,rheology_enhanced,XGBoost
43,0.9265492826054886,0.15335678285360332,0.17789937292123523,0.9761904761904763,Qm,Qm_mean_mg_s,rheology_enhanced,XGBoost
44,0.48903603040298504,0.34745716190338133,0.43949036565255767,0.2380952380952381,Qm,Qm_mean_mg_s,rheology_enhanced,XGBoost
45,0.7100182285673138,0.10058124232292173,0.11014255706547425,0.880952380952381,Qm,Qm_mean_mg_s,rheology_enhanced,XGBoost
46,0.8300839580090136,0.20226808911561966,0.2524987758030568,0.9047619047619048,Qm,Qm_mean_mg_s,rheology_enhanced,XGBoost
47,0.14825561607312454,0.6929316185116767,0.9260038363166346,0.3333333333333334,Qm,Qm_mean_mg_s,rheology_enhanced,XGBoost
48,0.0017670953726074412,0.3625590652227402,0.4115224312069628,0.6586944440522925,Qm,Qm_mean_mg_s,rheology_enhanced,XGBoost
49,0.5746956551737668,0.15074150466918945,0.19267620116387277,0.7380952380952381,Qm,Qm_mean_mg_s,rheology_enhanced,XGBoost
50,-0.06835052166834843,0.27055325534939767,0.3184467757711539,0.6190476190476191,Qm,Qm_mean_mg_s,rheology_enhanced,XGBoost
51,0.7759301638549487,0.23112427800893784,0.288427274247017,0.6190476190476191,Qm,Qm_mean_mg_s,rheology_enhanced,XGBoost
52,0.7650750393621238,0.22538032647967338,0.28355506559800997,0.523809523809524,Qm,Qm_mean_mg_s,rheology_enhanced,XGBoost
53,0.6426846389397006,0.32399674171209336,0.4585521070787963,0.9523809523809524,Qm,Qm_mean_mg_s,rheology_enhanced,XGBoost
54,0.5053405955544747,0.21789919388294215,0.2955135809322811,0.8333333333333335,Qm,Qm_mean_mg_s,rheology_enhanced,XGBoost
55,0.832027600563408,0.21374263244867323,0.30314148114403716,0.7380952380952381,Qm,Qm_mean_mg_s,rheology_enhanced,XGBoost
56,0.6320720348238441,0.3663066539168358,0.5327039924858588,0.7619047619047621,Qm,Qm_mean_mg_s,rheology_enhanced,XGBoost
57,0.6673569401777364,0.20726756238937377,0.2664422466476137,0.8095238095238096,Qm,Qm_mean_mg_s,rheology_enhanced,XGBoost
58,0.6640366334126195,0.2931408046483993,0.47580112422661747,0.9761904761904763,Qm,Qm_mean_mg_s,rheology_enhanced,XGBoost
59,0.8655265097726019,0.1820004742741585,0.21423203582976966,0.7380952380952381,Qm,Qm_mean_mg_s,rheology_enhanced,XGBoost
60,0.6483684310351597,0.20074413722753523,0.24325364367554594,0.8571428571428572,Qm,Qm_mean_mg_s,rheology_enhanced,XGBoost
61,0.493577092169618,0.2693574075102806,0.3111830597677591,0.7142857142857144,Qm,Qm_mean_mg_s,rheology_enhanced,XGBoost
62,0.6646430664968783,0.3586155275106431,0.47861686116471025,0.9285714285714287,Qm,Qm_mean_mg_s,rheology_enhanced,XGBoost
63,-2.096925486659191,0.3212480843067169,0.39890531598883316,0.8333333333333335,Qm,Qm_mean_mg_s,rheology_enhanced,XGBoost
64,0.7504798630051748,0.25447723314166065,0.4209194792522239,0.9285714285714287,Qm,Qm_mean_mg_s,rheology_enhanced,XGBoost
65,0.6630890877774887,0.2958464165329933,0.3881993223604239,0.6666666666666669,Qm,Qm_mean_mg_s,rheology_enhanced,XGBoost
66,0.7248758569331787,0.3896449875235557,0.5269129409650196,0.9523809523809524,Qm,Qm_mean_mg_s,rheology_enhanced,XGBoost
67,0.9015830534509381,0.19865569856762888,0.24187496182934534,0.9761904761904763,Qm,Qm_mean_mg_s,rheology_enhanced,XGBoost
68,-2.249576874095674,0.39220936572551723,0.4899148298692668,0.6666666666666669,Qm,Qm_mean_mg_s,rheology_enhanced,XGBoost
69,0.7175949049623791,0.1459370914697647,0.19837342554014817,0.9047619047619048,Qm,Qm_mean_mg_s,rheology_enhanced,XGBoost
70,0.6837977584544573,0.21689670318365095,0.2377849533913492,0.9047619047619048,Qm,Qm_mean_mg_s,rheology_enhanced,XGBoost
71,-0.26361500343518296,0.21669556319713593,0.23640528871346705,0.8095238095238096,Qm,Qm_mean_mg_s,rheology_enhanced,XGBoost
72,-0.9786928612720605,0.29767051422595975,0.3401879030436253,0.5000000000000001,Qm,Qm_mean_mg_s,rheology_enhanced,XGBoost
73,-0.16372873464212678,0.35364790123701095,0.4537882963860444,0.04761904761904763,Qm,Qm_mean_mg_s,rheology_enhanced,XGBoost
74,0.630772234453014,0.49357098448276515,0.6577029697234328,1.0,Qm,Qm_mean_mg_s,rheology_enhanced,XGBoost
75,0.8008894634643542,0.20844822531938553,0.2691759165025274,0.7857142857142858,Qm,Qm_mean_mg_s,rheology_enhanced,XGBoost
76,-0.0350668255447153,0.17701718807220457,0.20532605615909788,0.523809523809524,Qm,Qm_mean_mg_s,rheology_enhanced,XGBoost
77,0.6180539725840065,0.39548563402891157,0.5230220229698737,0.9761904761904763,Qm,Qm_mean_mg_s,rheology_enhanced,XGBoost
78,0.6738576866466937,0.29401152789592744,0.46640888622427495,0.9047619047619048,Qm,Qm_mean_mg_s,rheology_enhanced,XGBoost
79,0.7981744922910904,0.2914136153459549,0.31957877126404266,0.9285714285714287,Qm,Qm_mean_mg_s,rheology_enhanced,XGBoost
80,0.6550748728020457,0.18230990719795223,0.2416993775188689,0.9523809523809524,Qm,Qm_mean_mg_s,rheology_enhanced,XGBoost
81,0.5806183496817476,0.17483186519145966,0.19995369705689578,0.880952380952381,Qm,Qm_mean_mg_s,rheology_enhanced,XGBoost
82,0.7788820349915657,0.28057030934095384,0.3272912225878262,0.9047619047619048,Qm,Qm_mean_mg_s,rheology_enhanced,XGBoost
83,0.7097647050585596,0.3342044367790222,0.39624563216750996,0.6190476190476191,Qm,Qm_mean_mg_s,rheology_enhanced,XGBoost
84,0.8322396939030035,0.13662120962142943,0.1501076484149054,0.9047619047619048,Qm,Qm_mean_mg_s,rheology_enhanced,XGBoost
85,0.6374197730191885,0.3438504473567009,0.5100476773442284,0.9047619047619048,Qm,Qm_mean_mg_s,rheology_enhanced,XGBoost
86,0.7699090620717456,0.30378985837101935,0.4249834823590851,0.880952380952381,Qm,Qm_mean_mg_s,rheology_enhanced,XGBoost
87,0.6727823137639615,0.34124091696739195,0.4751523202343967,0.9761904761904763,Qm,Qm_mean_mg_s,rheology_enhanced,XGBoost
88,0.8230794240493746,0.22878447169065474,0.25773194662148896,0.8095238095238096,Qm,Qm_mean_mg_s,rheology_enhanced,XGBoost
89,0.3935332748968403,0.2774603180885315,0.3462576755864052,0.9047619047619048,Qm,Qm_mean_mg_s,rheology_enhanced,XGBoost
90,0.47127246516441434,0.1306727761030197,0.19255237028014227,0.7380952380952381,Qm,Qm_mean_mg_s,rheology_enhanced,XGBoost
91,0.36074228539551034,0.19232188218832016,0.23058224744384415,0.7142857142857144,Qm,Qm_mean_mg_s,rheology_enhanced,XGBoost
92,0.0388466878610394,0.7051943734288215,0.9799071639161372,0.6904761904761906,Qm,Qm_mean_mg_s,rheology_enhanced,XGBoost
93,0.33148614681579003,0.2819628251194954,0.3425639883958028,0.523809523809524,Qm,Qm_mean_mg_s,rheology_enhanced,XGBoost
94,0.7740894544420758,0.1443496132493019,0.1803454922017027,0.9523809523809524,Qm,Qm_mean_mg_s,rheology_enhanced,XGBoost
95,0.4875784378080874,0.22350901705026624,0.26398755375423105,0.8571428571428572,Qm,Qm_mean_mg_s,rheology_enhanced,XGBoost
96,0.19730932538708723,0.2404160240590572,0.28061082942835625,0.5000000000000001,Qm,Qm_mean_mg_s,rheology_enhanced,XGBoost
97,0.05862695341899127,0.6575117759108544,0.910028146440403,0.5714285714285715,Qm,Qm_mean_mg_s,rheology_enhanced,XGBoost
98,0.7958337369215578,0.25804989430308345,0.33153850305464144,0.9285714285714287,Qm,Qm_mean_mg_s,rheology_enhanced,XGBoost
99,0.27561085983493816,0.1831850824356079,0.25879533965959695,0.9047619047619048,Qm,Qm_mean_mg_s,rheology_enhanced,XGBoost
100,0.48081317367903287,0.252469894438982,0.30011785861870843,0.7619047619047621,Qm,Qm_mean_mg_s,rheology_enhanced,XGBoost
1,-0.144837514508523,0.31712216525058157,0.376918896753026,-0.19932306787545462,AF,AF_mean,core,LinearRegression
2,-0.21234870375932835,0.29764937817093656,0.35570112985198665,-0.41509437958289436,AF,AF_mean,core,LinearRegression
3,-0.015801684368888846,0.2839937637534698,0.3565850540293189,0.02635048400354762,AF,AF_mean,core,LinearRegression
4,0.010196162168648715,0.2437118635157031,0.2814466438606142,0.011438681607780363,AF,AF_mean,core,LinearRegression
5,1.751530216531627e-05,0.24789775515162119,0.3258853708501273,0.0931050434792016,AF,AF_mean,core,LinearRegression
6,-0.15082599827670196,0.2710495544002225,0.34764697350782137,-0.360211922772425,AF,AF_mean,core,LinearRegression
7,-0.034339310362054176,0.3093634190281771,0.4025839461267622,-0.036028175148030445,AF,AF_mean,core,LinearRegression
8,-0.24788432197169463,0.27483354307018765,0.30903941578404887,-0.15789473684210528,AF,AF_mean,core,LinearRegression
9,-0.26697630820884033,0.28198579064002904,0.36490209047927535,-0.23100590976443416,AF,AF_mean,core,LinearRegression
10,-0.21274702014943858,0.2581138848509425,0.3027952570728197,-0.1382050821111293,AF,AF_mean,core,LinearRegression
11,-0.20307634503713667,0.29781705807802183,0.34664439529182217,-0.4314763929323895,AF,AF_mean,core,LinearRegression
12,-0.24797842574339568,0.29254306940085434,0.3750763026356079,-0.46133638909063374,AF,AF_mean,core,LinearRegression
13,-0.02299939459489786,0.22924417171884648,0.30913917202078767,0.0026373690070575825,AF,AF_mean,core,LinearRegression
14,-0.04002893897968307,0.2833720797595907,0.3572745855845523,-0.07543859649122807,AF,AF_mean,core,LinearRegression
15,-0.3038430480769039,0.30367391630206275,0.35752066437625435,-0.3064092489096022,AF,AF_mean,core,LinearRegression
16,-0.023565560528769236,0.285072,0.35962258191457763,0.08051168569626033,AF,AF_mean,core,LinearRegression
17,-0.21730122197234425,0.32846839476641243,0.4024351830196833,0.20474548315831934,AF,AF_mean,core,LinearRegression
18,-1.2633079102038476,0.2680513810053766,0.29420518907897275,0.17376043796493254,AF,AF_mean,core,LinearRegression
19,-0.1314962124776291,0.23208718637277745,0.3066644290789745,-0.27428637673398854,AF,AF_mean,core,LinearRegression
20,-0.05432304806437105,0.287135802236643,0.3364969595938515,-0.2003518032622181,AF,AF_mean,core,LinearRegression
21,-0.19123112793477137,0.3393848361588406,0.3940332145268698,-0.2907726436863635,AF,AF_mean,core,LinearRegression
22,-0.03171228316429264,0.312041866896664,0.36087736639425516,-0.030728721237352655,AF,AF_mean,core,LinearRegression
23,-0.004555180282431515,0.2946342724241699,0.388666023907139,-0.003511853855697446,AF,AF_mean,core,LinearRegression
24,-0.0255765064017337,0.2010119216823489,0.26111725073173264,0.0052677807835461695,AF,AF_mean,core,LinearRegression
25,-0.08959046369688783,0.22713731049932778,0.25823174703779084,-0.1151651133081811,AF,AF_mean,core,LinearRegression
26,-0.07400291083319677,0.24894700981736148,0.3169800209960769,0.20097867534268732,AF,AF_mean,core,LinearRegression
27,-0.3487573651630749,0.3048912034953029,0.3797388616954329,0.05797106480780477,AF,AF_mean,core,LinearRegression
28,-0.35029836459356845,0.3099820524648822,0.3601621350864872,0.0772268613177478,AF,AF_mean,core,LinearRegression
29,-0.6696673714720951,0.2547048710362909,0.30561296278219313,-0.39578766425345746,AF,AF_mean,core,LinearRegression
30,-0.030427954326248452,0.3013143261710806,0.3684535688784902,-0.19235853322589763,AF,AF_mean,core,LinearRegression
31,-0.13236363415857744,0.2934676096037882,0.33874532526021034,-0.362406015037594,AF,AF_mean,core,LinearRegression
32,-0.33646436435842886,0.24738727783697298,0.27889485780116885,0.2484636602905943,AF,AF_mean,core,LinearRegression
33,-0.08479433990819141,0.3084685322349286,0.398183929135875,-0.29212633029100615,AF,AF_mean,core,LinearRegression
34,-0.342122936337099,0.32998259927161033,0.43430582675385165,-0.2650285467949981,AF,AF_mean,core,LinearRegression
35,0.009383385450302262,0.20340292870542534,0.25168701279637323,-0.09054966924231032,AF,AF_mean,core,LinearRegression
36,-0.12015476928754443,0.26322825127381005,0.3383991116523516,-0.22213880613447626,AF,AF_mean,core,LinearRegression
37,-0.1632738068361015,0.2927048473634226,0.3494330559305644,-0.2037770762941016,AF,AF_mean,core,LinearRegression
38,-0.03778152680240421,0.3128019812025942,0.3534431583529886,0.03775242894874755,AF,AF_mean,core,LinearRegression
39,-0.07469346771608243,0.2967194027426635,0.3781650163550746,-0.08604041946458743,AF,AF_mean,core,LinearRegression
40,-0.16881442625050602,0.2196685922640939,0.29992542971840813,-0.11687188523629388,AF,AF_mean,core,LinearRegression
41,-0.005277318954479249,0.29275372475704947,0.36708171055138256,0.0902934792855256,AF,AF_mean,core,LinearRegression
42,-0.03035932926353002,0.32542683543326895,0.41886941192923705,0.19261280767031314,AF,AF_mean,core,LinearRegression
43,-0.2727245281280668,0.2646378617671199,0.32677748375346,-0.48245614035087714,AF,AF_mean,core,LinearRegression
44,-0.3504950582552988,0.22512771142806312,0.25843611653126314,-0.26075514878553535,AF,AF_mean,core,LinearRegression
45,-0.12571726771213143,0.26097111689308666,0.31485832247955314,-0.1018885381470508,AF,AF_mean,core,LinearRegression
46,-0.21777113223998046,0.28708441247835653,0.39127758630003334,-0.2387050899817931,AF,AF_mean,core,LinearRegression
47,-0.23193499324481115,0.2799637226419919,0.32729282985415714,-0.31444910910900165,AF,AF_mean,core,LinearRegression
48,-1.1500031408591527,0.25389844586312643,0.29121725488865946,-0.07553805414350319,AF,AF_mean,core,LinearRegression
49,-0.04193580585178114,0.27805422860471884,0.3326098950965043,-0.0369069111272507,AF,AF_mean,core,LinearRegression
50,-0.23956020959332558,0.3309245602438793,0.41770588906371053,-0.37576836255962676,AF,AF_mean,core,LinearRegression
51,-0.04695034596426906,0.2654250477845517,0.33328649247379316,-0.12118938850251931,AF,AF_mean,core,LinearRegression
52,-0.3159700569200323,0.27136588907528036,0.3177012408031051,-0.3168056469966699,AF,AF_mean,core,LinearRegression
53,-0.36372648826626985,0.25359496244604146,0.28960639447625824,-0.2529646464340572,AF,AF_mean,core,LinearRegression
54,0.005473104904944237,0.2873788620556723,0.35119964412434695,0.10452358654740558,AF,AF_mean,core,LinearRegression
55,-0.3310061836919078,0.3499985672041966,0.4489793915571651,-0.10364523708062066,AF,AF_mean,core,LinearRegression
56,-0.08358664547795813,0.3606114721983601,0.4162387276746491,-0.09638565147529818,AF,AF_mean,core,LinearRegression
57,-0.004399646457404094,0.2676415803619544,0.34286215722424035,0.08615405423054769,AF,AF_mean,core,LinearRegression
58,-0.1074250796329439,0.2991151238399755,0.356168304912811,-0.007023707711394892,AF,AF_mean,core,LinearRegression
59,-0.07398327029941387,0.19814678832873622,0.2408070288484828,-0.1264823232170286,AF,AF_mean,core,LinearRegression
60,-0.0016467659552183989,0.23325845004747672,0.2946445340229222,0.008771929824561405,AF,AF_mean,core,LinearRegression
61,-0.041604813162824605,0.2501052587943765,0.2900461052631598,-0.04892739287368793,AF,AF_mean,core,LinearRegression
62,-0.01369863525035564,0.22921263092558516,0.27537736251684275,-0.08527493122819516,AF,AF_mean,core,LinearRegression
63,-0.08070656652672903,0.3052352101674438,0.3895219614863769,-0.10915560625337602,AF,AF_mean,core,LinearRegression
64,-0.1217248470685861,0.2833672436332822,0.3421833380510284,-0.35004519384833166,AF,AF_mean,core,LinearRegression
65,0.016336572706763475,0.2990008006258855,0.37579916324025997,0.42493431653939095,AF,AF_mean,core,LinearRegression
66,-0.27725102420498304,0.2893693802848202,0.3576642694330805,-0.07750190305340948,AF,AF_mean,core,LinearRegression
67,-0.02677918691395398,0.2848710271092735,0.3937749184998386,0.07547170537870808,AF,AF_mean,core,LinearRegression
68,-0.21013703270538486,0.2561663105164293,0.30731901191504263,-0.47472642127036485,AF,AF_mean,core,LinearRegression
69,-0.046527641873831405,0.265904004068706,0.3206391872807914,-0.02897279430950393,AF,AF_mean,core,LinearRegression
70,-0.542830829881942,0.30819105668296726,0.3484957771628733,-0.4495172935292731,AF,AF_mean,core,LinearRegression
71,-0.10062283128194194,0.2799967453911294,0.34639281676476713,-0.35152449956941945,AF,AF_mean,core,LinearRegression
72,-0.09165439093803895,0.2861773297320933,0.348023842945247,0.17391319442341432,AF,AF_mean,core,LinearRegression
73,-0.13635000740018133,0.27865237416794075,0.33629505514098507,-0.3678666913843075,AF,AF_mean,core,LinearRegression
74,-0.1276984477109122,0.2666678225753128,0.2901746694479931,0.22553753816660435,AF,AF_mean,core,LinearRegression
75,-0.018144750767418394,0.2583728564248119,0.36322666542055926,-0.019298245614035085,AF,AF_mean,core,LinearRegression
76,-0.013207639789378112,0.29062234247873314,0.36095745526706347,-0.13769755591042654,AF,AF_mean,core,LinearRegression
77,-0.1984347025531359,0.23982243764515712,0.30459493231428947,0.05890124115761934,AF,AF_mean,core,LinearRegression
78,-0.27342040416132907,0.2658968424335876,0.30986366033189666,-0.10632705348565083,AF,AF_mean,core,LinearRegression
79,-0.02625708443301722,0.24795011384125026,0.2847486793041869,-0.08604041946458743,AF,AF_mean,core,LinearRegression
80,-0.191239278586246,0.3635500871425137,0.43861637471695275,-0.29925408760627265,AF,AF_mean,core,LinearRegression
81,-0.08198762550247851,0.2681770677968141,0.3194917610765132,0.17976684234805151,AF,AF_mean,core,LinearRegression
82,-0.1445095338304201,0.26684429226043954,0.3601527381105444,-0.3689067760496667,AF,AF_mean,core,LinearRegression
83,0.007493910979499252,0.24798187442838437,0.2880182132675032,0.0843215488113524,AF,AF_mean,core,LinearRegression
84,-0.09161333125844506,0.36293691928578503,0.4072968859551008,-0.2175438596491228,AF,AF_mean,core,LinearRegression
85,-0.027628846251354977,0.23883055421477892,0.31177512571672983,-0.10530935634238335,AF,AF_mean,core,LinearRegression
86,-0.04295249156600778,0.28857297966920203,0.37791345799976883,-0.09197167332985598,AF,AF_mean,core,LinearRegression
87,-0.006203445028569954,0.2988932209964458,0.3768700679158675,0.01318103968830382,AF,AF_mean,core,LinearRegression
88,-0.44751812582892825,0.23148058464268928,0.27053212119849984,-0.19797718167312167,AF,AF_mean,core,LinearRegression
89,-0.2691561036991379,0.262344049159157,0.2985192527620131,-0.321475904843281,AF,AF_mean,core,LinearRegression
90,-0.14640084489961724,0.2953961325382577,0.37083555443348243,-0.19859433130377757,AF,AF_mean,core,LinearRegression
91,-0.0034123786245203735,0.28705551034070215,0.374695367714398,0.025612098148539795,AF,AF_mean,core,LinearRegression
92,-0.30027337736267823,0.2677985226755311,0.3105906663313363,-0.27352777710259085,AF,AF_mean,core,LinearRegression
93,-0.2614940819765723,0.1595301340257035,0.2203730342375959,-0.0026338903917730847,AF,AF_mean,core,LinearRegression
94,-0.1446863545964887,0.3715689896840793,0.43203284819365745,-0.4848489056652762,AF,AF_mean,core,LinearRegression
95,-0.14230144179461957,0.3089401493974437,0.346427663039372,-0.3109357112418619,AF,AF_mean,core,LinearRegression
96,-0.05779721777476099,0.27519598942799445,0.35716893036273206,0.13182697576454305,AF,AF_mean,core,LinearRegression
97,-0.019372159877635964,0.3260631461564717,0.3802602743930911,0.1097936833481151,AF,AF_mean,core,LinearRegression
98,-0.0626193743828325,0.18318358624632095,0.21963742593955976,0.29174034510112457,AF,AF_mean,core,LinearRegression
99,-0.21465116061862766,0.3330904843869408,0.39373532058006877,-0.43183967381791666,AF,AF_mean,core,LinearRegression
100,-0.28882171136649615,0.28314550491547336,0.34400960710788364,-0.2678965873694008,AF,AF_mean,core,LinearRegression
1,-0.384379392558567,0.31832769179185993,0.41447997028898204,-0.22790524364627454,AF,AF_mean,core,SVR_RBF
2,-0.9607301172206277,0.38388380303238384,0.45235602416984805,-0.4537078102417683,AF,AF_mean,core,SVR_RBF
3,-0.8120736537677342,0.37257483937827485,0.4762627275669612,-0.44620152912673977,AF,AF_mean,core,SVR_RBF
4,-0.24076693857448594,0.2723325565662113,0.3151132129868164,-0.15398225241242794,AF,AF_mean,core,SVR_RBF
5,-0.4601760823969947,0.29915886063097946,0.39379598495823354,-0.3759335717839461,AF,AF_mean,core,SVR_RBF
6,-0.8731415296793537,0.355655828359073,0.4435258297825016,0.10399423711839885,AF,AF_mean,core,SVR_RBF
7,-0.29236965886956034,0.32978096843691607,0.45000601001761636,-0.27855930541282076,AF,AF_mean,core,SVR_RBF
8,-0.30785250321688307,0.261548451269565,0.31637786712453536,-0.24736842105263157,AF,AF_mean,core,SVR_RBF
9,-0.798036604463976,0.3377764279616455,0.4347017303092405,-0.1906018342923278,AF,AF_mean,core,SVR_RBF
10,-0.5055389993121915,0.28295356029612956,0.337372721916915,-0.2367972425980496,AF,AF_mean,core,SVR_RBF
11,-0.8632898993613212,0.3700629541272017,0.43139767851591726,-0.4510547283883094,AF,AF_mean,core,SVR_RBF
12,-0.7483202548176326,0.3612859578292666,0.44394235543220895,-0.40509728642053744,AF,AF_mean,core,SVR_RBF
13,-0.6063416419550258,0.27799593704665937,0.38737831880676615,-0.27164900772693096,AF,AF_mean,core,SVR_RBF
14,-0.5035244220948447,0.32368893615195293,0.42957070412156817,0.04035087719298246,AF,AF_mean,core,SVR_RBF
15,-1.2369262280325852,0.40607412184725283,0.4682893938222179,-0.3345040797551817,AF,AF_mean,core,SVR_RBF
16,-0.292208942554957,0.3053120515368642,0.404068963269794,-0.17832962158891308,AF,AF_mean,core,SVR_RBF
17,-0.7970240095009287,0.38987149180277164,0.48896058579264745,-0.030755759272708915,AF,AF_mean,core,SVR_RBF
18,-2.0399133673440266,0.3028892633539444,0.3409644584862568,0.06669592568350946,AF,AF_mean,core,SVR_RBF
19,-0.5913580669468939,0.2838937853923012,0.3636811624343049,-0.13714318836699427,AF,AF_mean,core,SVR_RBF
20,-0.3774783637276262,0.3025569784243188,0.3846242720352601,-0.23374377047258776,AF,AF_mean,core,SVR_RBF
21,-0.562314166527019,0.3757470543548872,0.4512518551746497,-0.19585722113589257,AF,AF_mean,core,SVR_RBF
22,-0.5387881450800414,0.35786107052469357,0.44072710433383183,-0.39771744915773577,AF,AF_mean,core,SVR_RBF
23,-0.14403696905783403,0.28778136477494376,0.4147722647981913,-0.001755926927848723,AF,AF_mean,core,SVR_RBF
24,-0.6341941203239356,0.2551189346553909,0.32961225808225036,-0.3459176047861985,AF,AF_mean,core,SVR_RBF
25,-0.2551908279442383,0.23891903795121097,0.2771614758161166,-0.10461563727995078,AF,AF_mean,core,SVR_RBF
26,-0.9911591502667105,0.3589718478445134,0.4316007071529873,-0.4975539490693496,AF,AF_mean,core,SVR_RBF
27,-1.074003801325015,0.3783724256488178,0.4708937254614897,-0.2775584315040349,AF,AF_mean,core,SVR_RBF
28,-0.6671715990383351,0.3229232471478344,0.40019654324130793,-0.1544537226354956,AF,AF_mean,core,SVR_RBF
29,-0.6296307199320454,0.24558528483542363,0.3019266111601638,-0.3378675182651466,AF,AF_mean,core,SVR_RBF
30,-0.5314213119775737,0.34050498596092826,0.44918091427244106,-0.2239791140301548,AF,AF_mean,core,SVR_RBF
31,-0.48519760210070406,0.3071153024429786,0.38794706760985914,-0.35639097744360904,AF,AF_mean,core,SVR_RBF
32,-0.3993435998425212,0.2476362807990335,0.28538030530640696,0.18525029088804026,AF,AF_mean,core,SVR_RBF
33,-0.23154730333876028,0.3240945937304481,0.4242634031804641,-0.06863208964668217,AF,AF_mean,core,SVR_RBF
34,-0.7559698885003954,0.372516983077162,0.4967730633996241,-0.2948661977586734,AF,AF_mean,core,SVR_RBF
35,-1.0651309381911487,0.2953424961737406,0.363397385943654,-0.1978026755293187,AF,AF_mean,core,SVR_RBF
36,-0.9028108803782224,0.3494887181893849,0.4410501876204969,-0.4013558768463588,AF,AF_mean,core,SVR_RBF
37,-0.413749268513407,0.30841197288992833,0.385220338271429,-0.29161202297259364,AF,AF_mean,core,SVR_RBF
38,-0.28293904666473946,0.3209554663559272,0.3929792533330595,-0.4591748916324411,AF,AF_mean,core,SVR_RBF
39,-0.4348763345539761,0.33763632557996565,0.4369646275520494,-0.3353820432191061,AF,AF_mean,core,SVR_RBF
40,-0.7068219885397444,0.265865848664567,0.36243874896513695,-0.31546621654007145,AF,AF_mean,core,SVR_RBF
41,-0.19425116581658797,0.32039159275697415,0.40009916193176187,-0.06621521814271879,AF,AF_mean,core,SVR_RBF
42,-0.4674166245823743,0.3862765079238271,0.49987453212230204,-0.3843461048033189,AF,AF_mean,core,SVR_RBF
43,-0.6037746270488116,0.2955859234912211,0.3668230237561809,-0.5842105263157895,AF,AF_mean,core,SVR_RBF
44,-0.6493740770570986,0.23566522195512815,0.28560531745375056,-0.22036882944501474,AF,AF_mean,core,SVR_RBF
45,-0.3812339324510754,0.2687437739739838,0.34876599387118445,-0.17391319442341432,AF,AF_mean,core,SVR_RBF
46,-0.3936744698402732,0.3001601146643892,0.4185841752501186,0.09864469018175047,AF,AF_mean,core,SVR_RBF
47,-0.7738157504240872,0.3362107059260395,0.39273250598154197,-0.4743087120638572,AF,AF_mean,core,SVR_RBF
48,-1.2297699258816457,0.261007960517321,0.29657025006114257,0.00878349466784921,AF,AF_mean,core,SVR_RBF
49,-0.6791471303686119,0.3590568365561662,0.42223969553480595,-0.32513231231149425,AF,AF_mean,core,SVR_RBF
50,-0.5758083309914899,0.3647794164030872,0.4709648345629257,-0.38279207027102163,AF,AF_mean,core,SVR_RBF
51,-0.33599637352230927,0.2957946644130199,0.37649335035676906,0.051938309358222565,AF,AF_mean,core,SVR_RBF
52,-0.6359162601484747,0.3051760837486025,0.3542227429555309,-0.5204037359252778,AF,AF_mean,core,SVR_RBF
53,-0.26192281547021934,0.23909334047438827,0.2785870374394729,-0.2125605709619508,AF,AF_mean,core,SVR_RBF
54,-0.39631679226619476,0.3221532241322301,0.4161383889279634,-0.3522181361807532,AF,AF_mean,core,SVR_RBF
55,-0.6740003816052194,0.4040774683768917,0.5035170102075035,-0.4022840557874937,AF,AF_mean,core,SVR_RBF
56,-0.42349264462968184,0.4199195720390854,0.4770767775255424,-0.2921690060344976,AF,AF_mean,core,SVR_RBF
57,-0.27859277005481675,0.2812880741519413,0.38684091324762826,0.0738463321976123,AF,AF_mean,core,SVR_RBF
58,-0.15737286877039014,0.2818715809438621,0.3641117892045206,0.11413525031016698,AF,AF_mean,core,SVR_RBF
59,-0.7246639676409798,0.24098547994425243,0.3051565147707686,-0.05270096800709524,AF,AF_mean,core,SVR_RBF
60,-0.7674458411160934,0.30802113349792337,0.39139398737642184,-0.5824561403508772,AF,AF_mean,core,SVR_RBF
61,-0.5047909671708861,0.28581215185967473,0.3486210743373252,-0.3680845402343599,AF,AF_mean,core,SVR_RBF
62,-0.3777663497990351,0.27253454804085636,0.32104180753033507,-0.02901105907763341,AF,AF_mean,core,SVR_RBF
63,-0.3368723034465255,0.3209607650310163,0.4332344825928955,-0.10387388337014815,AF,AF_mean,core,SVR_RBF
64,-0.9516527794617782,0.35728216560777415,0.4513536572626939,-0.5259473013098048,AF,AF_mean,core,SVR_RBF
65,-0.3968415953225919,0.3334316631118917,0.4478227226092921,-0.35996502020898824,AF,AF_mean,core,SVR_RBF
66,-0.5825907505563463,0.32224368054598707,0.3981270979219215,-0.0504138592677518,AF,AF_mean,core,SVR_RBF
67,-0.616201338646228,0.39569688875683645,0.4940344713335953,-0.6020184870906248,AF,AF_mean,core,SVR_RBF
68,-0.5091364421512858,0.2568896987956782,0.3431914073543852,-0.26901163871987344,AF,AF_mean,core,SVR_RBF
69,-0.6277123608298876,0.32326163599327074,0.399880363209313,-0.3309922258994843,AF,AF_mean,core,SVR_RBF
70,-0.7878371381787421,0.32522602123803573,0.3751477472799932,-0.3582090932811395,AF,AF_mean,core,SVR_RBF
71,-0.8061432744466335,0.3602599196981501,0.44373707646201044,-0.48249936664667636,AF,AF_mean,core,SVR_RBF
72,-0.632168244783508,0.3521171879492274,0.425548317040552,-0.2933687219061635,AF,AF_mean,core,SVR_RBF
73,-0.49973212254527355,0.31895971211588714,0.38634141739365685,-0.4240563530754666,AF,AF_mean,core,SVR_RBF
74,-0.33024141977648336,0.2768134964268083,0.3151579306824245,-0.1448003649707771,AF,AF_mean,core,SVR_RBF
75,-0.4056035547592789,0.29654235870862505,0.42678031916227366,-0.15614035087719297,AF,AF_mean,core,SVR_RBF
76,-0.27838148510211136,0.3262339565712443,0.40544973823857045,-0.3890144065884728,AF,AF_mean,core,SVR_RBF
77,-0.5472576653030987,0.26205111013408905,0.3460961808082728,-0.22593461160459954,AF,AF_mean,core,SVR_RBF
78,-0.4904769695533602,0.2721539535449611,0.33523347544353177,-0.4543065012568718,AF,AF_mean,core,SVR_RBF
79,-0.182323657493205,0.2664267504904268,0.30563411179824235,0.08428449253673871,AF,AF_mean,core,SVR_RBF
80,-0.5810016234009565,0.42105229570487746,0.5053025576651874,-0.20272051095908794,AF,AF_mean,core,SVR_RBF
81,-0.34406050449022874,0.2721274821994911,0.35608848180888897,-0.08950733991388339,AF,AF_mean,core,SVR_RBF
82,-0.5563850403583614,0.29961858991280965,0.41998669993037246,-0.10013183921348097,AF,AF_mean,core,SVR_RBF
83,-0.07208552683419045,0.2369912710840014,0.2993422912262945,0.015810290402128575,AF,AF_mean,core,SVR_RBF
84,-0.5365413062488922,0.4145535279287062,0.4832243316775384,-0.47543859649122805,AF,AF_mean,core,SVR_RBF
85,-0.6678551005522804,0.3185492425627848,0.3971938161171962,-0.5704256801879097,AF,AF_mean,core,SVR_RBF
86,-0.32774821504276086,0.3083142752849877,0.4264007482716357,0.045231970490093115,AF,AF_mean,core,SVR_RBF
87,-0.3548031893419539,0.33306699823931396,0.43730742488504315,-0.19068570749079528,AF,AF_mean,core,SVR_RBF
88,-0.730388559103806,0.26007815853516886,0.2957867053161253,-0.14342346938986147,AF,AF_mean,core,SVR_RBF
89,-0.5266813980519136,0.28126611062492907,0.3274078074087314,-0.1686430976227048,AF,AF_mean,core,SVR_RBF
90,-0.6691777992680332,0.3478727877441288,0.44747050829100754,-0.182777083677813,AF,AF_mean,core,SVR_RBF
91,-0.2878237270520383,0.31970180414631366,0.4244893590657676,-0.14463302483881296,AF,AF_mean,core,SVR_RBF
92,-0.3714111258177899,0.24964600901255266,0.31897371707855415,-0.15919140725263325,AF,AF_mean,core,SVR_RBF
93,-1.2994021721147142,0.22314059234351777,0.2975248954518038,-0.14486397154751965,AF,AF_mean,core,SVR_RBF
94,-0.38993839707754074,0.38382983302230306,0.4760705225675654,-0.133509118951308,AF,AF_mean,core,SVR_RBF
95,-0.4631853773234671,0.31139700853587016,0.392077461601583,-0.4409314323260302,AF,AF_mean,core,SVR_RBF
96,-0.5124617550572617,0.3545969979318737,0.4270853395856198,-0.19962370615773664,AF,AF_mean,core,SVR_RBF
97,-0.31990464896873605,0.34423816647429545,0.4326989609584002,-0.2555996948344119,AF,AF_mean,core,SVR_RBF
98,-0.5542575514361889,0.2220556353793163,0.26563113219455087,-0.13708281275835973,AF,AF_mean,core,SVR_RBF
99,-0.57159396562634,0.36427028547018453,0.44786669414508207,-0.4001772944748515,AF,AF_mean,core,SVR_RBF
100,-0.23830645422007324,0.27513861047236965,0.3372005060449862,-0.08344319934456748,AF,AF_mean,core,SVR_RBF
1,-0.3756666011178633,0.34764122741606546,0.4131736168673934,-0.3828507228249298,AF,AF_mean,core,RandomForest
2,-0.7498079720159148,0.35309827135850946,0.4273332284463447,-0.5133831121691188,AF,AF_mean,core,RandomForest
3,-0.4827937939619136,0.34242343823386684,0.4308231697080702,-0.48133550779813655,AF,AF_mean,core,RandomForest
4,-0.4995919360843928,0.3010678620436826,0.3464240667957315,-0.47778493177113357,AF,AF_mean,core,RandomForest
5,-0.2762779303322829,0.2931999985958487,0.3681639817774932,-0.411067550455343,AF,AF_mean,core,RandomForest
6,-0.401492603890816,0.31689601000416234,0.3836445435822374,-0.3918623427649812,AF,AF_mean,core,RandomForest
7,-0.3503081694210375,0.37199676903173307,0.4599825800159428,-0.49121341238412236,AF,AF_mean,core,RandomForest
8,-0.5704519261390362,0.29159101657331477,0.3466881785196943,-0.37719298245614036,AF,AF_mean,core,RandomForest
9,-0.6554508381433508,0.34540109768823285,0.41710966050521225,-0.44180978179281516,AF,AF_mean,core,RandomForest
10,-0.6590336529920457,0.2956311455840991,0.3541535160939419,-0.31074136296323984,AF,AF_mean,core,RandomForest
11,-0.8538536992965429,0.3826995166738813,0.43030393520100957,-0.6468380829475089,AF,AF_mean,core,RandomForest
12,-0.8468199196280668,0.36212418173821814,0.45627677422544766,-0.6318111690593632,AF,AF_mean,core,RandomForest
13,-0.6221426366317695,0.3020500364918169,0.38927890575444424,-0.27340725373163605,AF,AF_mean,core,RandomForest
14,-0.5066390061153501,0.33572112315978864,0.43001540653472675,-0.11578947368421051,AF,AF_mean,core,RandomForest
15,-0.7778370617932036,0.3612386843696995,0.4174788404875672,-0.4290120251480334,AF,AF_mean,core,RandomForest
16,-0.23614717722058853,0.3068140450241101,0.39520662206697293,-0.25808886162446065,AF,AF_mean,core,RandomForest
17,-0.6972142666091983,0.39389873480747367,0.4751877648839278,-0.1731109879063902,AF,AF_mean,core,RandomForest
18,-2.6155410534526933,0.33265429380625716,0.3718477485976213,-0.15796403451357505,AF,AF_mean,core,RandomForest
19,-0.31576257501879135,0.2529769660003544,0.33069346766897,-0.13011020434817405,AF,AF_mean,core,RandomForest
20,-0.5053529260680485,0.33479523291461,0.40208091522352285,-0.3884013028153526,AF,AF_mean,core,RandomForest
21,-0.7902493132624255,0.4213773920415463,0.4830494287706537,-0.40527378835042377,AF,AF_mean,core,RandomForest
22,-0.613955019835539,0.3769755189262928,0.45136310628766596,-0.4609308185602897,AF,AF_mean,core,RandomForest
23,-0.20100517466004075,0.33919701593757595,0.42497376258274117,-0.3125549931570727,AF,AF_mean,core,RandomForest
24,-0.3552995111178867,0.24783552637545198,0.3001713051195293,-0.38103614334317293,AF,AF_mean,core,RandomForest
25,-0.17815174855372518,0.23131657752091464,0.2685212144495931,-0.07120896319055474,AF,AF_mean,core,RandomForest
26,-0.9430826173037627,0.3465644490948171,0.42635837072453847,-0.5201358227033593,AF,AF_mean,core,RandomForest
27,-1.060722666787345,0.3913918219947598,0.4693835914953164,-0.41458094832248266,AF,AF_mean,core,RandomForest
28,-0.838321325842718,0.3586458992319181,0.4202366193426571,-0.20184293298956807,AF,AF_mean,core,RandomForest
29,-0.8950327691799642,0.2765400299544949,0.3255855733886906,-0.5151382681081585,AF,AF_mean,core,RandomForest
30,-0.24092440543323068,0.336254864706906,0.40433991405632286,-0.3697851255164517,AF,AF_mean,core,RandomForest
31,-0.8331728521267292,0.36320390558870785,0.43100475585251635,-0.5789473684210527,AF,AF_mean,core,RandomForest
32,-0.8484424460409998,0.2949828018719781,0.32799315600412576,0.05355577129938605,AF,AF_mean,core,RandomForest
33,-0.2005356905682656,0.3287755571936784,0.418887653860909,-0.3378810567221276,AF,AF_mean,core,RandomForest
34,-0.7270152290979834,0.3983123207707398,0.4926603266479844,-0.47915757135784426,AF,AF_mean,core,RandomForest
35,-0.5868902864129448,0.26589250123779246,0.3185528194695116,-0.37538552200452924,AF,AF_mean,core,RandomForest
36,-0.7495507696265375,0.33912930617857134,0.4229153738586391,-0.5812308207976964,AF,AF_mean,core,RandomForest
37,-0.5896411390351619,0.3332136919794436,0.4084816563028819,-0.3337727973782699,AF,AF_mean,core,RandomForest
38,-0.5778284950050161,0.37703404802448026,0.4358093153996204,-0.4363478415704077,AF,AF_mean,core,RandomForest
39,-0.534194802866391,0.35473336015710405,0.45183440711522177,-0.47058841666345774,AF,AF_mean,core,RandomForest
40,-0.4344403618432966,0.24334498933121987,0.3322628274816898,-0.35588807158420316,AF,AF_mean,core,RandomForest
41,-0.20224700964400322,0.33325755513967065,0.40143631511604055,-0.3897668522491855,AF,AF_mean,core,RandomForest
42,-0.5037605450051277,0.40278748194855846,0.5060269371266221,-0.4195265262956136,AF,AF_mean,core,RandomForest
43,-0.8553703161206181,0.32608453827479056,0.3945483389652943,-0.7298245614035088,AF,AF_mean,core,RandomForest
44,-0.6616553797106253,0.2472050812266146,0.28666665949480424,-0.3771437680092343,AF,AF_mean,core,RandomForest
45,-0.5474969269074466,0.3077348784835343,0.3691606575904611,-0.3407995931125492,AF,AF_mean,core,RandomForest
46,-0.5597786968964593,0.3262586778846804,0.44282652373207493,-0.21912675452587316,AF,AF_mean,core,RandomForest
47,-1.085987745399346,0.3661516034437101,0.4258910089511017,-0.6938960787600874,AF,AF_mean,core,RandomForest
48,-1.7373860163491788,0.2907694758947237,0.32859850161824883,-0.2055337752276715,AF,AF_mean,core,RandomForest
49,-0.5359683719945398,0.3499587067619073,0.40383673353077704,-0.25307596201543336,AF,AF_mean,core,RandomForest
50,-0.6915288671479887,0.3937267165025132,0.48795131387611773,-0.6532048171597249,AF,AF_mean,core,RandomForest
51,-0.7242096056579568,0.3533031019013952,0.4277102917427679,-0.40120462156424097,AF,AF_mean,core,RandomForest
52,-0.6733840837818781,0.3027932541763498,0.35825620749921155,-0.5941202853649461,AF,AF_mean,core,RandomForest
53,-1.4743655230026205,0.3382867508003495,0.3901004368257844,-0.6060611320815953,AF,AF_mean,core,RandomForest
54,-0.42334164082355397,0.33151156946282767,0.4201461406380816,-0.21343892042873577,AF,AF_mean,core,RandomForest
55,-0.569916208309527,0.4054025232429561,0.48761224945134013,-0.2968821197733032,AF,AF_mean,core,RandomForest
56,-0.426197679654426,0.4288270618607225,0.4775298521856031,-0.4548197928990632,AF,AF_mean,core,RandomForest
57,-0.2888491205708317,0.2975974187841446,0.3883893543448588,-0.1318684503528791,AF,AF_mean,core,RandomForest
58,-0.42686259000999627,0.33418321401608625,0.40428643326834873,-0.20193159670260313,AF,AF_mean,core,RandomForest
59,-0.8417175926660512,0.26689483055855945,0.31534207384910884,-0.4186470157583062,AF,AF_mean,core,RandomForest
60,-0.7959762710510154,0.3118221754364933,0.3945403172619657,-0.4070175438596491,AF,AF_mean,core,RandomForest
61,-0.7453687475540278,0.3208502665260017,0.37545608450091117,-0.5779969555783473,AF,AF_mean,core,RandomForest
62,-0.39126841850721394,0.268569624307929,0.3226110722367069,-0.3824185060233494,AF,AF_mean,core,RandomForest
63,-0.22770428337555826,0.3374030936957926,0.41516901996450195,-0.11795847772542246,AF,AF_mean,core,RandomForest
64,-0.7215523397714108,0.34499492717823604,0.4239120912233592,-0.5875130389213205,AF,AF_mean,core,RandomForest
65,-0.29837849378073367,0.34750259152526813,0.43175085184482487,-0.4846358320862475,AF,AF_mean,core,RandomForest
66,-0.7498746185245362,0.3448589150631315,0.41864016465210746,-0.49435679908825264,AF,AF_mean,core,RandomForest
67,-0.4015743090028083,0.3460605453729655,0.4600632954734744,-0.4001755541010567,AF,AF_mean,core,RandomForest
68,-0.6402188625099994,0.29425791574194327,0.35778576160053394,-0.3780228910115868,AF,AF_mean,core,RandomForest
69,-0.7755386545045106,0.35376375065588894,0.41764406380911745,-0.5469712380248772,AF,AF_mean,core,RandomForest
70,-1.0792287806372385,0.34663419542244783,0.40456611467654835,-0.5917473746850197,AF,AF_mean,core,RandomForest
71,-0.7934366750656405,0.36667393435700885,0.44217342943760085,-0.5728268611827155,AF,AF_mean,core,RandomForest
72,-0.543704811387761,0.34584960521399677,0.4138553217706136,-0.2705316357697556,AF,AF_mean,core,RandomForest
73,-0.5902210645206947,0.33459101417672926,0.3978260089974997,-0.4503952569931975,AF,AF_mean,core,RandomForest
74,-0.6968271541123634,0.3188816901187948,0.3559441091899669,-0.5010970205958408,AF,AF_mean,core,RandomForest
75,-0.44432109747411563,0.31731046334232055,0.4326182518053378,-0.30877192982456136,AF,AF_mean,core,RandomForest
76,-0.4498469336098987,0.3593968356243383,0.4317853126116958,-0.38148994998134567,AF,AF_mean,core,RandomForest
77,-0.8775833581342645,0.3199232231042253,0.3812546058740155,-0.39296798205157973,AF,AF_mean,core,RandomForest
78,-0.8699650233031773,0.3124980831524226,0.3754926896558324,-0.2715294175790587,AF,AF_mean,core,RandomForest
79,-0.35071570751236525,0.2856977593440673,0.32667478168352226,-0.32309055472416504,AF,AF_mean,core,RandomForest
80,-0.5442726346682216,0.40672465975190486,0.49939860669054253,-0.4080737558267355,AF,AF_mean,core,RandomForest
81,-0.519535423467544,0.3244002111707781,0.37862033090745745,-0.16021061682064844,AF,AF_mean,core,RandomForest
82,-0.6347987831253379,0.3170686355977064,0.43043657439696204,-0.4415142897282977,AF,AF_mean,core,RandomForest
83,-0.2858350943524828,0.2844991069874814,0.3278279661755421,-0.16688639868913496,AF,AF_mean,core,RandomForest
84,-0.44136686718752927,0.40839673141831834,0.4680194927429646,-0.39824561403508774,AF,AF_mean,core,RandomForest
85,-0.6110633992836847,0.30962349446866416,0.39037287693981404,-0.4896885069920826,AF,AF_mean,core,RandomForest
86,-0.19082232498624907,0.2894638652758815,0.40381605249168107,-0.06784795573513966,AF,AF_mean,core,RandomForest
87,-0.17255196255774963,0.327847979620034,0.40683170887417947,-0.3523731276673221,AF,AF_mean,core,RandomForest
88,-1.0613711895106377,0.2818326022177917,0.3228382120133381,-0.3845156817384629,AF,AF_mean,core,RandomForest
89,-0.7675184735938176,0.30466114910987674,0.35228715251743986,-0.23012756029764925,AF,AF_mean,core,RandomForest
90,-0.47953678803214306,0.3440637408443602,0.421285005125478,-0.5764508023684871,AF,AF_mean,core,RandomForest
91,-0.3099930258837218,0.32974497737960207,0.428127464269823,-0.12655389673396134,AF,AF_mean,core,RandomForest
92,-0.3937395492563409,0.27478050829168865,0.3215598942038707,-0.2506605031325993,AF,AF_mean,core,RandomForest
93,-0.985815001157899,0.21864610364535064,0.2764936974268195,-0.4503952569931975,AF,AF_mean,core,RandomForest
94,-0.3686414411472634,0.4018858715633538,0.4724092125274504,-0.46728191632957783,AF,AF_mean,core,RandomForest
95,-0.625072735487451,0.35642271248557017,0.4131983738470178,-0.4426881312596001,AF,AF_mean,core,RandomForest
96,-0.38502655686784903,0.34475064081355244,0.4086970597831386,-0.4467051235907088,AF,AF_mean,core,RandomForest
97,-0.4278977585164858,0.37878575061121617,0.4500524486772125,-0.3364078457786246,AF,AF_mean,core,RandomForest
98,-0.5376431170611453,0.22029911856754336,0.26420756869491224,-0.07732876617138242,AF,AF_mean,core,RandomForest
99,-0.5408715913265563,0.3795101038496346,0.44346751769971804,-0.47933324283251444,AF,AF_mean,core,RandomForest
100,-0.5403559740216668,0.30768470716931173,0.376083862091291,-0.4962674487334802,AF,AF_mean,core,RandomForest
1,-0.3527937817443454,0.35639374028593984,0.4097243588950736,-0.2640090446199418,AF,AF_mean,core,GradientBoosting
2,-0.6935120917114841,0.354941619291663,0.4204028188781698,-0.4969273205811886,AF,AF_mean,core,GradientBoosting
3,-0.5571487328076543,0.35226580116963274,0.44149289635431316,-0.6043044331480255,AF,AF_mean,core,GradientBoosting
4,-0.5395199978680152,0.3120038705558104,0.3510057046845018,-0.4232312194878734,AF,AF_mean,core,GradientBoosting
5,-0.22756232819294375,0.2860261520812078,0.3610692008494882,-0.33142742932698205,AF,AF_mean,core,GradientBoosting
6,-0.5303868799342517,0.3404650985403722,0.4008983211933958,-0.23059591708862356,AF,AF_mean,core,GradientBoosting
7,-0.41215870290945844,0.37588281720495254,0.47039932587975575,-0.5702996505139453,AF,AF_mean,core,GradientBoosting
8,-0.5567644829479685,0.294904109146867,0.34517407310129117,-0.48354546120544356,AF,AF_mean,core,GradientBoosting
9,-0.615109526894648,0.34919463269286133,0.4119960894833438,-0.40140570632070877,AF,AF_mean,core,GradientBoosting
10,-0.7375190606962947,0.2996640412343408,0.3624338470150852,-0.2596847084253704,AF,AF_mean,core,GradientBoosting
11,-0.9620138188918954,0.3925715537728194,0.4426786937664974,-0.7281634763797916,AF,AF_mean,core,GradientBoosting
12,-0.9578262050418536,0.3917487751154591,0.4697893378809819,-0.5508165143438852,AF,AF_mean,core,GradientBoosting
13,-0.539587648149902,0.29340294786174526,0.37924386165636076,-0.2874732217692765,AF,AF_mean,core,GradientBoosting
14,-0.597476318907588,0.3636817914501499,0.4427887994722134,-0.44863933006534873,AF,AF_mean,core,GradientBoosting
15,-0.7799745237740072,0.36903084753249943,0.41772972880487363,-0.38488635889847156,AF,AF_mean,core,GradientBoosting
16,-0.32996385067256684,0.3240772050110198,0.4099293752001264,-0.4739656387848068,AF,AF_mean,core,GradientBoosting
17,-1.0551185722289311,0.42502175898962974,0.5228960426648303,-0.34534323983356013,AF,AF_mean,core,GradientBoosting
18,-2.6445645794387413,0.32867593033502057,0.3733372574210362,-0.03159280690271501,AF,AF_mean,core,GradientBoosting
19,-0.40604579017958686,0.2637096275292603,0.3418507867392518,-0.20167485539121308,AF,AF_mean,core,GradientBoosting
20,-0.44282153177368255,0.3285449283607256,0.3936412494993557,-0.32513231231149425,AF,AF_mean,core,GradientBoosting
21,-0.8709677207386286,0.43085555304017564,0.4938191895483005,-0.4775903007698303,AF,AF_mean,core,GradientBoosting
22,-0.48672547671633937,0.364604613722226,0.433207269705793,-0.4602551205952985,AF,AF_mean,core,GradientBoosting
23,-0.14991788795139094,0.34127350775950854,0.4158369661218562,-0.22124679290893912,AF,AF_mean,core,GradientBoosting
24,-0.6720869992894507,0.2713637951715269,0.33341180122333053,-0.3899871632525048,AF,AF_mean,core,GradientBoosting
25,-0.49005191457020203,0.2602031557791324,0.3019803516858596,-0.21038862818191023,AF,AF_mean,core,GradientBoosting
26,-0.9292890215536322,0.34904720852621685,0.4248423545662761,-0.5548455046784755,AF,AF_mean,core,GradientBoosting
27,-0.9165577741245061,0.3698935380140628,0.45266726297864684,-0.46903861526314766,AF,AF_mean,core,GradientBoosting
28,-0.7555200230856689,0.35061483172309477,0.4106634723883777,-0.033377279737827,AF,AF_mean,core,GradientBoosting
29,-0.9753795908726326,0.2836442843618053,0.3324161170955494,-0.5357931747388016,AF,AF_mean,core,GradientBoosting
30,-0.6179411168321922,0.37091604048413185,0.4616951446774687,-0.43829638392567544,AF,AF_mean,core,GradientBoosting
31,-0.6862999859407779,0.3543841640574001,0.4133783924222406,-0.6227905667957601,AF,AF_mean,core,GradientBoosting
32,-0.7742323935738187,0.28815155493361017,0.32134168560480875,0.009657598103167976,AF,AF_mean,core,GradientBoosting
33,-0.21850516173285017,0.3109498175625705,0.422010939577455,-0.19181789157662452,AF,AF_mean,core,GradientBoosting
34,-0.665991603980391,0.3967598258193085,0.4838780379945397,-0.4521511839210462,AF,AF_mean,core,GradientBoosting
35,-0.7644482859441792,0.2850576844763267,0.3359019070608148,-0.3701107839904141,AF,AF_mean,core,GradientBoosting
36,-0.691293318253279,0.33498570534254746,0.4158145335110972,-0.6048974945081604,AF,AF_mean,core,GradientBoosting
37,-0.654487235042206,0.3432446731773446,0.41672995778968497,-0.2775584315040349,AF,AF_mean,core,GradientBoosting
38,-0.4689072381319812,0.35968717705695535,0.42049786680751583,-0.27480256420832516,AF,AF_mean,core,GradientBoosting
39,-0.48699348766404293,0.3579355976693472,0.44482949802373717,-0.4495172935292731,AF,AF_mean,core,GradientBoosting
40,-0.44320601368830714,0.24008455091954511,0.3332764856383288,-0.3646754313764057,AF,AF_mean,core,GradientBoosting
41,-0.15380136896975194,0.3265589014834095,0.3932650299876828,-0.2807679621828553,AF,AF_mean,core,GradientBoosting
42,-0.5330464183413965,0.4039581600389039,0.5109306375516801,-0.36075841993768837,AF,AF_mean,core,GradientBoosting
43,-0.795148932092864,0.3259719716850451,0.3880924194774298,-0.6690081595103634,AF,AF_mean,core,GradientBoosting
44,-1.0438763336701404,0.28172222725412377,0.31793183316081997,-0.4303912387246112,AF,AF_mean,core,GradientBoosting
45,-0.6440903601174788,0.3157627055993959,0.3805076168846392,-0.269130224416054,AF,AF_mean,core,GradientBoosting
46,-0.5163686265053689,0.31306606806376397,0.4366209081082787,-0.1589456679218205,AF,AF_mean,core,GradientBoosting
47,-1.1814172405625318,0.3745628338204258,0.43552387334181253,-0.7167331648964953,AF,AF_mean,core,GradientBoosting
48,-1.7487511768638369,0.2987228012449567,0.32927993755568263,-0.06200471456218762,AF,AF_mean,core,GradientBoosting
49,-0.6029212408567957,0.36579277529143933,0.41254447564757923,-0.23550124243102827,AF,AF_mean,core,GradientBoosting
50,-0.6344976308107197,0.3909333234738467,0.4796549520577825,-0.6350466644854977,AF,AF_mean,core,GradientBoosting
51,-0.5389275539005745,0.3330471472527734,0.40407665301049916,-0.3439972083580828,AF,AF_mean,core,GradientBoosting
52,-0.5581573956040129,0.28902247337897824,0.3457017435044434,-0.5750660688704567,AF,AF_mean,core,GradientBoosting
53,-1.3723797468727974,0.3446893110991229,0.3819764715344495,-0.5639003576759191,AF,AF_mean,core,GradientBoosting
54,-0.3164580426958341,0.3262213662118718,0.4040632122182873,-0.1484410598866516,AF,AF_mean,core,GradientBoosting
55,-0.5841679198556828,0.4007554717050923,0.4898205229889493,-0.19850697949339213,AF,AF_mean,core,GradientBoosting
56,-0.46864764925904656,0.4304386492207809,0.4845844464562829,-0.5326849282081901,AF,AF_mean,core,GradientBoosting
57,-0.23581085196810259,0.2987936111235082,0.38031397125844185,-0.05469873791517702,AF,AF_mean,core,GradientBoosting
58,-0.4558242424404444,0.3342972177763624,0.4083688109315087,-0.2142230851975442,AF,AF_mean,core,GradientBoosting
59,-0.7826965263103491,0.2532964774825348,0.3102480855219671,-0.41827832610884125,AF,AF_mean,core,GradientBoosting
60,-0.49986111862038984,0.29543060624891093,0.3605509263839543,-0.2844601623114931,AF,AF_mean,core,GradientBoosting
61,-0.4574904592848139,0.2955548713866086,0.34309817611501936,-0.4252919534405181,AF,AF_mean,core,GradientBoosting
62,-0.7236898775054137,0.3045633412984053,0.35909004943600614,-0.4720890522633073,AF,AF_mean,core,GradientBoosting
63,-0.21840560900888994,0.3449033953917797,0.4135937793624491,-0.09859216048692028,AF,AF_mean,core,GradientBoosting
64,-0.6364663057223059,0.34259397184476165,0.4133036327145658,-0.6365608445859386,AF,AF_mean,core,GradientBoosting
65,-0.2931818616983959,0.3463917608002749,0.4308859654344392,-0.44180978179281516,AF,AF_mean,core,GradientBoosting
66,-0.705914161733302,0.344407395425614,0.41334816489822174,-0.559067125909546,AF,AF_mean,core,GradientBoosting
67,-0.29522247470378016,0.33606701383439413,0.44226412036837576,-0.34870473831361354,AF,AF_mean,core,GradientBoosting
68,-0.9115264753261245,0.31007112024450584,0.386244502634399,-0.43077027115273847,AF,AF_mean,core,GradientBoosting
69,-1.1145745455853246,0.3669296209131967,0.45577735858689794,-0.6394384118194223,AF,AF_mean,core,GradientBoosting
70,-0.9946678560978941,0.34531922329411247,0.39625400087686397,-0.5601406899837427,AF,AF_mean,core,GradientBoosting
71,-0.7135563343146472,0.36541692900846734,0.43221398186946636,-0.555723521787266,AF,AF_mean,core,GradientBoosting
72,-0.39775780862240095,0.32340503465845166,0.3938060454527493,-0.3671500771160969,AF,AF_mean,core,GradientBoosting
73,-1.3069528700174264,0.3878474695543023,0.47916356018008505,-0.7424100571825005,AF,AF_mean,core,GradientBoosting
74,-0.7190987102590902,0.3292717776927004,0.3582724505962666,-0.5291795156204764,AF,AF_mean,core,GradientBoosting
75,-0.40940569217756617,0.32164789356172907,0.42735714666361085,-0.3380159336108792,AF,AF_mean,core,GradientBoosting
76,-0.25910007985981554,0.32042242664270887,0.4023804889801935,-0.26516054553782376,AF,AF_mean,core,GradientBoosting
77,-1.0391248794832562,0.3418711376611833,0.3973172283039495,-0.2804402377504563,AF,AF_mean,core,GradientBoosting
78,-1.269172475811827,0.34706738460373304,0.41363616043810614,-0.4270030508217044,AF,AF_mean,core,GradientBoosting
79,-0.5930768320060749,0.30010077271399,0.3547741720996791,-0.3003955176404429,AF,AF_mean,core,GradientBoosting
80,-0.5031909234802854,0.40338857178451576,0.49271117326804353,-0.466403566862793,AF,AF_mean,core,GradientBoosting
81,-0.8882848283760372,0.34740451980615716,0.42206784621646115,-0.15349891478539354,AF,AF_mean,core,GradientBoosting
82,-0.7784624305965271,0.36098429078608685,0.44895143204989263,-0.6171443476514743,AF,AF_mean,core,GradientBoosting
83,-0.3319180198821996,0.28563651593639483,0.33365075298105124,-0.35620176760948324,AF,AF_mean,core,GradientBoosting
84,-0.34357907204871463,0.39699795630490325,0.45186456915243706,-0.4280701754385965,AF,AF_mean,core,GradientBoosting
85,-0.5733738261460719,0.31431616306322746,0.3857796193696942,-0.6517353043544113,AF,AF_mean,core,GradientBoosting
86,-0.2368097683918966,0.3023913161593286,0.41153952156524776,-0.10704899682655368,AF,AF_mean,core,GradientBoosting
87,-0.3580310926839354,0.358274056069945,0.43782807109825417,-0.4367317816724666,AF,AF_mean,core,GradientBoosting
88,-1.1973804782186335,0.2933439574562357,0.33331853424585844,-0.25704384698375643,AF,AF_mean,core,GradientBoosting
89,-0.7646719014223025,0.3091417604029947,0.35200336060817294,-0.2586901840528789,AF,AF_mean,core,GradientBoosting
90,-0.4282608613789096,0.3387173687914763,0.41392045149096846,-0.5083749769784341,AF,AF_mean,core,GradientBoosting
91,-0.42457460624444665,0.36453586548095396,0.44645860312196917,-0.21108252895376786,AF,AF_mean,core,GradientBoosting
92,-0.2938109204624404,0.26141114694205525,0.30981787539205274,-0.21869794657872396,AF,AF_mean,core,GradientBoosting
93,-1.0357141273113424,0.21945028958861443,0.2799459815743725,-0.4716736636635025,AF,AF_mean,core,GradientBoosting
94,-0.5279086646133269,0.4151585098041806,0.499139813260482,-0.3980673985867754,AF,AF_mean,core,GradientBoosting
95,-0.45191744218438856,0.34582752914738174,0.3905648570092484,-0.47606541099742705,AF,AF_mean,core,GradientBoosting
96,-0.3561327135277923,0.33738982026281983,0.404411558043917,-0.3935085723881383,AF,AF_mean,core,GradientBoosting
97,-0.4433501390711241,0.3916779610921333,0.45248107779532654,-0.2028987268273167,AF,AF_mean,core,GradientBoosting
98,-0.634374307500462,0.22471128474090657,0.27239130702736836,-0.1282954529661572,AF,AF_mean,core,GradientBoosting
99,-0.6922662364507457,0.3966577829131689,0.46474308400010805,-0.5812463081144132,AF,AF_mean,core,GradientBoosting
100,-0.5425452852367667,0.3020687200466254,0.3763510315885474,-0.6245064708840787,AF,AF_mean,core,GradientBoosting
1,-0.29874713115339846,0.3403216371040344,0.4014563075688477,-0.2504701192548166,AF,AF_mean,core,XGBoost
2,-0.7037380461401586,0.3532396996809307,0.4216701702901268,-0.47125936963216547,AF,AF_mean,core,XGBoost
3,-0.4247209209976557,0.33540967238576797,0.4223024224137365,-0.5147127875359636,AF,AF_mean,core,XGBoost
4,-0.3998423617861653,0.2961673071168599,0.3347041317248053,-0.565774790292521,AF,AF_mean,core,XGBoost
5,-0.14277686624185248,0.2754783788159019,0.3483769308246208,-0.2644367787183367,AF,AF_mean,core,XGBoost
6,-0.37823902362087525,0.3199654547367097,0.3804485138058223,-0.3113467302068076,AF,AF_mean,core,XGBoost
7,-0.3583794903383306,0.36871762192776336,0.46135527982142543,-0.5615122907217428,AF,AF_mean,core,XGBoost
8,-0.5069236117124796,0.2863538434038664,0.33960363398638355,-0.3736842105263158,AF,AF_mean,core,XGBoost
9,-0.5485531939616946,0.3382430315359015,0.4034179039674936,-0.4839705561984914,AF,AF_mean,core,XGBoost
10,-0.5704395191173497,0.2906698582478574,0.3445677030501312,-0.10123302192853423,AF,AF_mean,core,XGBoost
11,-0.8623427699448161,0.3804712113971711,0.43128802264126576,-0.6679224442077303,AF,AF_mean,core,XGBoost
12,-0.9400734558046864,0.37879151512146,0.4676545609228376,-0.672233024103495,AF,AF_mean,core,XGBoost
13,-0.4536596648086315,0.2791230848111604,0.3685086793529682,-0.2821984837551613,AF,AF_mean,core,XGBoost
14,-0.5379508868233707,0.34674084016900314,0.4344608481382866,-0.28596491228070176,AF,AF_mean,core,XGBoost
15,-0.7112562216631373,0.35480093366924087,0.4095868556099642,-0.269534783424779,AF,AF_mean,core,XGBoost
16,-0.24983524043845495,0.3093687627620697,0.3973886924072954,-0.4416856028383627,AF,AF_mean,core,XGBoost
17,-0.8492084942905187,0.4005720689914101,0.4960093382117242,-0.30667885674786893,AF,AF_mean,core,XGBoost
18,-2.056183932794307,0.30851001740907374,0.34187571489937274,0.036858274719834175,AF,AF_mean,core,XGBoost
19,-0.3201600659425279,0.250246835011934,0.33124562218212616,-0.14436709214156185,AF,AF_mean,core,XGBoost
20,-0.39043564732768,0.3238646958963494,0.38642902661878537,-0.5008795081555452,AF,AF_mean,core,XGBoost
21,-0.7885414659565992,0.42469682673454284,0.4828189660345609,-0.35856937407955713,AF,AF_mean,core,XGBoost
22,-0.4467678483399873,0.36031191969821336,0.4273461232906356,-0.39244966837418965,AF,AF_mean,core,XGBoost
23,-0.16326519969969877,0.3376022950764706,0.4182433521003458,-0.21773493905324165,AF,AF_mean,core,XGBoost
24,-0.4062711199175182,0.25310635355899214,0.3057637961359448,-0.3899871632525048,AF,AF_mean,core,XGBoost
25,-0.23770525675805,0.22859356140136716,0.275224191352695,-0.07296720919525979,AF,AF_mean,core,XGBoost
26,-0.9033924803303481,0.33995310645294197,0.42198142583682025,-0.5162032784500235,AF,AF_mean,core,XGBoost
27,-1.0125036091736677,0.3784674868694105,0.463859508564097,-0.5182261854031033,AF,AF_mean,core,XGBoost
28,-0.793342173783093,0.3555297346014726,0.41506370872044007,-0.24923214334364058,AF,AF_mean,core,XGBoost
29,-0.9040254168088895,0.2784730408678556,0.32635717246837653,-0.5449759190718338,AF,AF_mean,core,XGBoost
30,-0.36141458233215973,0.335994928088941,0.4235153449962694,-0.3785686201843009,AF,AF_mean,core,XGBoost
31,-0.6023698839132361,0.33768797026443476,0.40295981714223833,-0.44360902255639095,AF,AF_mean,core,XGBoost
32,-0.7087549838695637,0.2769079850347419,0.3153564459368948,-0.05882355208293222,AF,AF_mean,core,XGBoost
33,-0.1651499602297093,0.321213563945168,0.41266813459388596,-0.2674891699050177,AF,AF_mean,core,XGBoost
34,-0.6288819765032032,0.3865409964712042,0.47845854558419215,-0.4387889847599306,AF,AF_mean,core,XGBoost
35,-0.535179532100257,0.26049072174674587,0.31331961786078905,-0.27164900772693096,AF,AF_mean,core,XGBoost
36,-0.6713871322070106,0.32856375054931636,0.4133602633803057,-0.5625006379066229,AF,AF_mean,core,XGBoost
37,-0.517943629181322,0.3279836852886802,0.39916351059723937,-0.2568170768937509,AF,AF_mean,core,XGBoost
38,-0.5126316055315361,0.36095850681706476,0.4267103694823787,-0.28182627191972004,AF,AF_mean,core,XGBoost
39,-0.4998642573536558,0.3582127484994186,0.44675047564492687,-0.5127306629318271,AF,AF_mean,core,XGBoost
40,-0.49726254541200654,0.2398322142771671,0.33946068906539617,-0.4349743097140261,AF,AF_mean,core,XGBoost
41,-0.138862476864561,0.32427334198570257,0.39071082757239134,-0.4228744613205449,AF,AF_mean,core,XGBoost
42,-0.4293602859255623,0.386167020255641,0.4933500184800794,-0.3280574304156475,AF,AF_mean,core,XGBoost
43,-0.8949425687561892,0.33963293422698976,0.39873370057082164,-0.6842105263157895,AF,AF_mean,core,XGBoost
44,-0.7308888572048187,0.25593848979347633,0.29257775134231473,-0.4170326453640717,AF,AF_mean,core,XGBoost
45,-0.5512882233419254,0.3048787722698011,0.3696125942863101,-0.30742231337472226,AF,AF_mean,core,XGBoost
46,-0.48042968842466016,0.3061420626716614,0.4314157799614784,-0.1046687933989566,AF,AF_mean,core,XGBoost
47,-1.1429039176317715,0.36741667768578784,0.43166212539265253,-0.6359250139522827,AF,AF_mean,core,XGBoost
48,-1.493638150847425,0.279844099847894,0.3136275990945417,-0.15458950615414604,AF,AF_mean,core,XGBoost
49,-0.5086878300902411,0.345339657307675,0.40023436692850406,-0.31985989643617274,AF,AF_mean,core,XGBoost
50,-0.6307618377249395,0.3884389925685682,0.47910649096665403,-0.6444251825204813,AF,AF_mean,core,XGBoost
51,-0.6228938793575647,0.34022072233581546,0.41495378619477574,-0.4147537457446469,AF,AF_mean,core,XGBoost
52,-0.6504996610391809,0.3021344813015587,0.35579810192465305,-0.5870996616087871,AF,AF_mean,core,XGBoost
53,-1.3217444678202042,0.3368633687471089,0.3778780960326901,-0.4602551205952985,AF,AF_mean,core,XGBoost
54,-0.3552707446093788,0.32469361156463633,0.4099763766050146,-0.16600804922235005,AF,AF_mean,core,XGBoost
55,-0.6054977309623972,0.40207787837781406,0.49310705774138136,-0.35309648564753815,AF,AF_mean,core,XGBoost
56,-0.4690618973283234,0.4267237528743745,0.48465278279902185,-0.4406787475557582,AF,AF_mean,core,XGBoost
57,-0.2392317390260177,0.28161182809729324,0.38083998704865074,0.00351649200941011,AF,AF_mean,core,XGBoost
58,-0.4455945792007705,0.32790910760377584,0.40693153585699327,-0.19315196206335952,AF,AF_mean,core,XGBoost
59,-0.6330244538329939,0.2491548908313952,0.2969386605776007,-0.4376105176516868,AF,AF_mean,core,XGBoost
60,-0.41827680280280055,0.27483455241153115,0.35060781492353166,-0.2694164366425974,AF,AF_mean,core,XGBoost
61,-0.38294797771095745,0.28379224224281313,0.33420925391574924,-0.39217187211063703,AF,AF_mean,core,XGBoost
62,-0.5648447707992084,0.29050162640220245,0.3421444004021474,-0.39296798205157973,AF,AF_mean,core,XGBoost
63,-0.24259544219745455,0.3475386424958079,0.41767927992357395,-0.151409389319199,AF,AF_mean,core,XGBoost
64,-0.5197336898173146,0.32441132966894853,0.3982900289983461,-0.4168879946836915,AF,AF_mean,core,XGBoost
65,-0.3159238496058072,0.3442989611856561,0.43465824837641315,-0.5068076423348994,AF,AF_mean,core,XGBoost
66,-0.5794907941782215,0.3260911270637513,0.39773698392667306,-0.40255842848130163,AF,AF_mean,core,XGBoost
67,-0.3356354973824378,0.33845843844363566,0.449110799385728,-0.37209305907642115,AF,AF_mean,core,XGBoost
68,-0.4923387858349455,0.2748581364661769,0.34127609255456987,-0.3182425268516149,AF,AF_mean,core,XGBoost
69,-0.8670219111937607,0.3522183141045821,0.428268324670269,-0.6341683150187127,AF,AF_mean,core,XGBoost
70,-0.9512608993116312,0.33979580158233647,0.39191874578997776,-0.5935033016128684,AF,AF_mean,core,XGBoost
71,-0.7402687092172131,0.3638834968242645,0.43556981380222154,-0.5457286128219038,AF,AF_mean,core,XGBoost
72,-0.3768359552272469,0.318578143477189,0.39084765865389653,-0.39174386218607465,AF,AF_mean,core,XGBoost
73,-0.903053444979919,0.3550210080056441,0.4352010299731809,-0.6488149998401032,AF,AF_mean,core,XGBoost
74,-0.6010288100768726,0.3085641895735891,0.3457503119153413,-0.5133831121691188,AF,AF_mean,core,XGBoost
75,-0.4262975392764936,0.317962124846609,0.4299104748622127,-0.28947368421052627,AF,AF_mean,core,XGBoost
76,-0.1908401576438008,0.3089073854904176,0.3913213328713366,-0.18434918687461474,AF,AF_mean,core,XGBoost
77,-0.861426758141491,0.31676497103239365,0.3796107143587778,-0.29274795978339163,AF,AF_mean,core,XGBoost
78,-0.9138448154893763,0.31665359300513024,0.37987271838264586,-0.31195127262319045,AF,AF_mean,core,XGBoost
79,-0.4475643272901555,0.2903684320831299,0.3381836214195391,-0.33011426243555997,AF,AF_mean,core,XGBoost
80,-0.5233337267437534,0.40684928511970925,0.49600136001448025,-0.5223882610349951,AF,AF_mean,core,XGBoost
81,-0.7290035662494219,0.3385073645362854,0.4038745255404897,-0.08649868983274446,AF,AF_mean,core,XGBoost
82,-0.6737651695068765,0.3302259400257312,0.43553621901046513,-0.5972776374137462,AF,AF_mean,core,XGBoost
83,-0.25747077635229143,0.27554471886082704,0.3241920139728846,-0.2143172698955207,AF,AF_mean,core,XGBoost
84,-0.3711418527326882,0.40085249730361133,0.4564759151251631,-0.46491228070175433,AF,AF_mean,core,XGBoost
85,-0.5411288015333489,0.3121879316872045,0.3818060344119152,-0.48442303917496343,AF,AF_mean,core,XGBoost
86,-0.1571724793046856,0.28746563518905643,0.3980697198994554,0.024123717594716328,AF,AF_mean,core,XGBoost
87,-0.1772984924348069,0.3303059453040675,0.40765431147112735,-0.28031677737126126,AF,AF_mean,core,XGBoost
88,-0.9549041408345724,0.2771658288152595,0.3143906095195303,-0.30708460623964207,AF,AF_mean,core,XGBoost
89,-0.6806960629770156,0.2923112271559866,0.3435258444338831,-0.21783066776266036,AF,AF_mean,core,XGBoost
90,-0.41114167966710014,0.3348284740447999,0.411432341292265,-0.5061519240308667,AF,AF_mean,core,XGBoost
91,-0.3291379618232222,0.3452767757072449,0.4312445582780306,-0.2500946054504474,AF,AF_mean,core,XGBoost
92,-0.3281479852005078,0.2606239688311125,0.3139021563095019,-0.23104379840171646,AF,AF_mean,core,XGBoost
93,-0.8949222972333066,0.21155344922718253,0.270091891094143,-0.39771744915773577,AF,AF_mean,core,XGBoost
94,-0.48989283029913566,0.4088459379979184,0.49289116146708717,-0.354853184581108,AF,AF_mean,core,XGBoost
95,-0.4683521421925414,0.34108323213075337,0.3927690987984504,-0.4901190024659858,AF,AF_mean,core,XGBoost
96,-0.36984025532681475,0.334464793914795,0.4064502783293942,-0.3950191619174594,AF,AF_mean,core,XGBoost
97,-0.2577717471731553,0.3566371006815057,0.42239181174841534,-0.16425135028878016,AF,AF_mean,core,XGBoost
98,-0.4903238503516443,0.21167131697604535,0.2601104534437098,-0.2003518032622181,AF,AF_mean,core,XGBoost
99,-0.5360976916159252,0.3813611869510852,0.44278001337498163,-0.5057185589517355,AF,AF_mean,core,XGBoost
100,-0.5163990176150761,0.2996714830519024,0.3731478096129052,-0.6104528794155198,AF,AF_mean,core,XGBoost
1,0.7849989479073449,0.11191689044307548,0.1633414015591506,0.8601503759398496,AF,AF_mean,angle_engineered,LinearRegression
2,0.6476656740474993,0.13801341457394817,0.19175599324858092,0.8543859649122807,AF,AF_mean,angle_engineered,LinearRegression
3,0.8570119701499863,0.09151265029073737,0.13378533577116122,0.9175438596491228,AF,AF_mean,angle_engineered,LinearRegression
4,0.6439143468988369,0.12464165139731319,0.16881022377056015,0.8947368421052632,AF,AF_mean,angle_engineered,LinearRegression
5,0.7065037235028417,0.13101692286795039,0.17655091251058713,0.9491228070175438,AF,AF_mean,angle_engineered,LinearRegression
6,0.7493765261389254,0.10618509347198594,0.1622349776846807,0.8781954887218045,AF,AF_mean,angle_engineered,LinearRegression
7,0.7659387960712342,0.14421741590638426,0.1915092054933123,0.943859649122807,AF,AF_mean,angle_engineered,LinearRegression
8,0.7984733384426761,0.10518280209722691,0.12419181244818824,0.8087719298245614,AF,AF_mean,angle_engineered,LinearRegression
9,0.7760051608640202,0.09951848426242094,0.15343029165187158,0.9035087719298246,AF,AF_mean,angle_engineered,LinearRegression
10,0.6948459237167103,0.10606503552405544,0.15188802951556285,0.8964912280701753,AF,AF_mean,angle_engineered,LinearRegression
11,0.8071820867296213,0.11269457742504982,0.13877501344713983,0.8917293233082706,AF,AF_mean,angle_engineered,LinearRegression
12,0.7925960077312967,0.11454653821115635,0.15290604082260933,0.9228070175438597,AF,AF_mean,angle_engineered,LinearRegression
13,0.652449076211139,0.11907279697405874,0.18018787959872698,0.8894736842105263,AF,AF_mean,angle_engineered,LinearRegression
14,0.8277770192999097,0.08948467334014595,0.14538679505247132,0.943859649122807,AF,AF_mean,angle_engineered,LinearRegression
15,0.7980157417227042,0.0992913740799743,0.14071722198078554,0.7894736842105263,AF,AF_mean,angle_engineered,LinearRegression
16,0.826081775698494,0.1093200552013029,0.14823872418608725,0.9037593984962405,AF,AF_mean,angle_engineered,LinearRegression
17,0.5961258001271312,0.16890140210134058,0.2318034889387338,0.8421052631578947,AF,AF_mean,angle_engineered,LinearRegression
18,0.8793408338786709,0.057099252114578336,0.06792953903777683,0.8298245614035088,AF,AF_mean,angle_engineered,LinearRegression
19,0.6347862531977322,0.13468793604125076,0.17422497449532193,0.8754385964912281,AF,AF_mean,angle_engineered,LinearRegression
20,0.9147080715159833,0.08020827668187025,0.09570800449275368,0.9122807017543859,AF,AF_mean,angle_engineered,LinearRegression
21,0.7566615542798564,0.11919184683366298,0.17809026487611598,0.8511278195488721,AF,AF_mean,angle_engineered,LinearRegression
22,0.8323791444443907,0.11863484404990993,0.1454602637364793,0.8140350877192982,AF,AF_mean,angle_engineered,LinearRegression
23,0.7706925524818294,0.12121643319074556,0.18569437942190092,0.9035087719298246,AF,AF_mean,angle_engineered,LinearRegression
24,0.762070899940122,0.09237963661475808,0.1257694939948276,0.9052631578947368,AF,AF_mean,angle_engineered,LinearRegression
25,0.685484850954266,0.10102497474363126,0.13873906743711242,0.9298245614035087,AF,AF_mean,angle_engineered,LinearRegression
26,0.6832784546920689,0.12842695155601191,0.17213451668705593,0.875187969924812,AF,AF_mean,angle_engineered,LinearRegression
27,0.8805454751952316,0.09335003495212525,0.11301066541544581,0.8771929824561402,AF,AF_mean,angle_engineered,LinearRegression
28,0.7935267661973302,0.09711676250361823,0.14083644734297573,0.7947368421052632,AF,AF_mean,angle_engineered,LinearRegression
29,0.7300149530152555,0.08970526670161637,0.12289285871692462,0.882456140350877,AF,AF_mean,angle_engineered,LinearRegression
30,0.8367178212945774,0.10404484780306959,0.14667069326804993,0.8614035087719297,AF,AF_mean,angle_engineered,LinearRegression
31,0.6078283865442515,0.14263136853737235,0.1993510058480147,0.8300751879699247,AF,AF_mean,angle_engineered,LinearRegression
32,0.8086285864404272,0.08385588337394835,0.1055359314965403,0.8508771929824561,AF,AF_mean,angle_engineered,LinearRegression
33,0.776502072976829,0.13007651428445138,0.18073687634676405,0.8982456140350877,AF,AF_mean,angle_engineered,LinearRegression
34,0.7059091227917118,0.14086020319526968,0.20330135968170093,0.8929824561403509,AF,AF_mean,angle_engineered,LinearRegression
35,0.8203317483258588,0.085290387981651,0.10718738439387897,0.8017543859649122,AF,AF_mean,angle_engineered,LinearRegression
36,0.7104049853725065,0.12109605058823858,0.17206230586570787,0.8526315789473683,AF,AF_mean,angle_engineered,LinearRegression
37,0.8446375417852391,0.09739960924287415,0.12770151622825834,0.8982456140350877,AF,AF_mean,angle_engineered,LinearRegression
38,0.7860642088947927,0.12033595554470577,0.16047535135620594,0.8964912280701753,AF,AF_mean,angle_engineered,LinearRegression
39,0.911897356410286,0.08302759089567942,0.1082763271629882,0.9385964912280702,AF,AF_mean,angle_engineered,LinearRegression
40,0.6232355477832003,0.1246733991135784,0.1702846371484331,0.8807017543859648,AF,AF_mean,angle_engineered,LinearRegression
41,0.7849437254123245,0.10616036352653635,0.1697836492476572,0.9218045112781955,AF,AF_mean,angle_engineered,LinearRegression
42,0.6874229605168709,0.1562297387719259,0.2307080932872622,0.7543859649122807,AF,AF_mean,angle_engineered,LinearRegression
43,0.8578675673581027,0.08876996911502741,0.10920223120629231,0.9368421052631579,AF,AF_mean,angle_engineered,LinearRegression
44,0.6625061866704641,0.09790593844873795,0.12919318788615827,0.8508771929824561,AF,AF_mean,angle_engineered,LinearRegression
45,0.8355545523299739,0.0943682974634608,0.12034039731666347,0.9140350877192982,AF,AF_mean,angle_engineered,LinearRegression
46,0.7393607717302155,0.12552237130859586,0.18101810908089574,0.9037593984962405,AF,AF_mean,angle_engineered,LinearRegression
47,0.7387247335197906,0.12232738441650017,0.1507272393983309,0.8789473684210527,AF,AF_mean,angle_engineered,LinearRegression
48,0.5175901983751575,0.10608791981321883,0.13794489031205698,0.7842105263157895,AF,AF_mean,angle_engineered,LinearRegression
49,0.8404122127491039,0.08750715410507842,0.13017108070929256,0.9421052631578948,AF,AF_mean,angle_engineered,LinearRegression
50,0.712013056145396,0.14063800034966709,0.20133681050216284,0.9210526315789472,AF,AF_mean,angle_engineered,LinearRegression
51,0.9156385153905101,0.07736116727758696,0.09460776380354993,0.8781954887218045,AF,AF_mean,angle_engineered,LinearRegression
52,0.6894779899178075,0.11531350870221939,0.15432706668840424,0.8280701754385964,AF,AF_mean,angle_engineered,LinearRegression
53,0.5903360567945175,0.12241370648646935,0.15872976718296913,0.8491228070175438,AF,AF_mean,angle_engineered,LinearRegression
54,0.7700184615990331,0.11587425740051606,0.16888547061246714,0.8771929824561402,AF,AF_mean,angle_engineered,LinearRegression
55,0.7602725940567892,0.12461856914584454,0.19054397172544454,0.9298245614035087,AF,AF_mean,angle_engineered,LinearRegression
56,0.7956872837678286,0.1309626117305132,0.1807416997314173,0.8300751879699247,AF,AF_mean,angle_engineered,LinearRegression
57,0.7522882086546046,0.10659230716359058,0.1702705809079307,0.9175438596491228,AF,AF_mean,angle_engineered,LinearRegression
58,0.8414179419205864,0.09167270945363436,0.13477989601334261,0.9087719298245613,AF,AF_mean,angle_engineered,LinearRegression
59,0.41510930854107575,0.13949422450268792,0.17770831783917845,0.8350877192982457,AF,AF_mean,angle_engineered,LinearRegression
60,0.7528034994319384,0.11225551232332713,0.14637343054622298,0.8526315789473684,AF,AF_mean,angle_engineered,LinearRegression
61,0.5945965444501984,0.14825798741308374,0.1809502853049585,0.8466165413533834,AF,AF_mean,angle_engineered,LinearRegression
62,0.9216783947695925,0.0625179068362336,0.07654460656230364,0.8982456140350877,AF,AF_mean,angle_engineered,LinearRegression
63,0.7825311201432471,0.118767733923177,0.17473367539903514,0.9052631578947368,AF,AF_mean,angle_engineered,LinearRegression
64,0.7357358097852995,0.11117699296872523,0.1660866965506786,0.8508771929824561,AF,AF_mean,angle_engineered,LinearRegression
65,0.8246548032247373,0.12109467012466152,0.1586643962024205,0.9175438596491228,AF,AF_mean,angle_engineered,LinearRegression
66,0.7682645717404305,0.12298944980049156,0.15234690790252242,0.8917293233082706,AF,AF_mean,angle_engineered,LinearRegression
67,0.7538039802486888,0.12964895218072764,0.19281909296849842,0.882456140350877,AF,AF_mean,angle_engineered,LinearRegression
68,0.7058494160414446,0.1161633293909063,0.15151548136074441,0.819298245614035,AF,AF_mean,angle_engineered,LinearRegression
69,0.7719343131376856,0.09673001427970938,0.14968256674785516,0.8736842105263157,AF,AF_mean,angle_engineered,LinearRegression
70,0.7143826022566584,0.11599515591231398,0.14994455326847927,0.5754385964912281,AF,AF_mean,angle_engineered,LinearRegression
71,0.8129828433436278,0.11200371536217708,0.1427875505358801,0.875187969924812,AF,AF_mean,angle_engineered,LinearRegression
72,0.8833932345023279,0.09390081289938061,0.11374394573702433,0.9192982456140351,AF,AF_mean,angle_engineered,LinearRegression
73,0.6035027577054979,0.14315254679895112,0.19864814206746478,0.8684210526315789,AF,AF_mean,angle_engineered,LinearRegression
74,0.8009840936597876,0.09130051894809166,0.12190089702877269,0.8912280701754386,AF,AF_mean,angle_engineered,LinearRegression
75,0.6518827679936124,0.1446863620918653,0.21239081003803512,0.8578947368421052,AF,AF_mean,angle_engineered,LinearRegression
76,0.7834414753910445,0.12930163860916943,0.16687621098702024,0.7639097744360903,AF,AF_mean,angle_engineered,LinearRegression
77,0.6418731016855986,0.10494752283959614,0.1665075597586571,0.9456140350877192,AF,AF_mean,angle_engineered,LinearRegression
78,0.5966394698058359,0.13977906532466383,0.17439396192464734,0.8473684210526315,AF,AF_mean,angle_engineered,LinearRegression
79,0.8602186967759593,0.09292929473515524,0.10508922202863867,0.8719298245614034,AF,AF_mean,angle_engineered,LinearRegression
80,0.7530712110491087,0.13526744188893558,0.19969684419275927,0.863157894736842,AF,AF_mean,angle_engineered,LinearRegression
81,0.755004434375738,0.08643546027738426,0.15202941634007816,0.9353383458646616,AF,AF_mean,angle_engineered,LinearRegression
82,0.8071261888214252,0.10055782955465833,0.14784738403151312,0.9315789473684211,AF,AF_mean,angle_engineered,LinearRegression
83,0.7072911947358553,0.1244734969355089,0.15641242722768736,0.8736842105263157,AF,AF_mean,angle_engineered,LinearRegression
84,0.8930307016615611,0.104964873443541,0.1274988441807667,0.8543859649122807,AF,AF_mean,angle_engineered,LinearRegression
85,0.5691052114859237,0.15703530704264104,0.20188727234671824,0.736842105263158,AF,AF_mean,angle_engineered,LinearRegression
86,0.7665538519485194,0.11857111219378669,0.17879421020681135,0.9127819548872179,AF,AF_mean,angle_engineered,LinearRegression
87,0.748563850036337,0.11295185696115329,0.18839206433500014,0.8982456140350877,AF,AF_mean,angle_engineered,LinearRegression
88,0.6942293442247873,0.104319588229206,0.12433824546752366,0.8052631578947368,AF,AF_mean,angle_engineered,LinearRegression
89,0.5035712697890484,0.13299760165641533,0.18669955309910227,0.8754385964912281,AF,AF_mean,angle_engineered,LinearRegression
90,0.8782366634785583,0.09998325244723784,0.12085688248512812,0.9403508771929823,AF,AF_mean,angle_engineered,LinearRegression
91,0.7514856407496496,0.1183406799307811,0.18647230558415717,0.9142857142857143,AF,AF_mean,angle_engineered,LinearRegression
92,0.8923332129983597,0.06697804371643282,0.08937415354233927,0.9333333333333333,AF,AF_mean,angle_engineered,LinearRegression
93,0.38628007562654165,0.10372515644085817,0.15370958642569882,0.8701754385964912,AF,AF_mean,angle_engineered,LinearRegression
94,0.7675886571044558,0.14541632603407992,0.19467141040431601,0.8017543859649122,AF,AF_mean,angle_engineered,LinearRegression
95,0.8536970466676965,0.10182738454963244,0.12397917674395728,0.9070175438596491,AF,AF_mean,angle_engineered,LinearRegression
96,0.681398539148737,0.12708606437784123,0.19601817632455076,0.8646616541353382,AF,AF_mean,angle_engineered,LinearRegression
97,0.7439127947759079,0.13586105892729636,0.19059368780972752,0.8859649122807017,AF,AF_mean,angle_engineered,LinearRegression
98,0.6724146372424173,0.10356183936069913,0.12194941588296238,0.7842105263157895,AF,AF_mean,angle_engineered,LinearRegression
99,0.8323516572220077,0.11787432806648819,0.1462777337087397,0.9122807017543859,AF,AF_mean,angle_engineered,LinearRegression
100,0.6293190176549961,0.12585919865350031,0.18449062498201074,0.856140350877193,AF,AF_mean,angle_engineered,LinearRegression
1,0.7927152662104292,0.10440215020003082,0.160383484322017,0.8646616541353382,AF,AF_mean,angle_engineered,SVR_RBF
2,0.6154004621566163,0.11830174566976523,0.20034377256248437,0.8894736842105263,AF,AF_mean,angle_engineered,SVR_RBF
3,0.8422016834363136,0.1055517682330681,0.1405432054994915,0.9192982456140351,AF,AF_mean,angle_engineered,SVR_RBF
4,0.644255265622405,0.12904773363247965,0.16872939441541557,0.8929824561403509,AF,AF_mean,angle_engineered,SVR_RBF
5,0.6834248721401783,0.14601336661664951,0.18336104023992886,0.9298245614035087,AF,AF_mean,angle_engineered,SVR_RBF
6,0.7026944592315048,0.08936130388686943,0.176699419285802,0.9127819548872179,AF,AF_mean,angle_engineered,SVR_RBF
7,0.7894317167825523,0.13692887099668272,0.18164414991619338,0.887719298245614,AF,AF_mean,angle_engineered,SVR_RBF
8,0.774325457269969,0.10604967378633572,0.13142197683278758,0.7929824561403509,AF,AF_mean,angle_engineered,SVR_RBF
9,0.5877632456324835,0.1470561721934116,0.2081447491905664,0.9087719298245613,AF,AF_mean,angle_engineered,SVR_RBF
10,0.18820956523408872,0.16437724392682007,0.24773417682443977,0.8333333333333334,AF,AF_mean,angle_engineered,SVR_RBF
11,0.7539743537571735,0.1300878717070423,0.15675730177537442,0.8902255639097743,AF,AF_mean,angle_engineered,SVR_RBF
12,0.8152940714596452,0.11003390184791595,0.14429673521805425,0.956140350877193,AF,AF_mean,angle_engineered,SVR_RBF
13,0.4374126176970329,0.12395095845390648,0.22925105600571674,0.8982456140350877,AF,AF_mean,angle_engineered,SVR_RBF
14,0.7798292456988537,0.11666997296878985,0.16438388014928362,0.8122807017543859,AF,AF_mean,angle_engineered,SVR_RBF
15,0.7782518373803538,0.10137376301826961,0.1474410808205641,0.7543859649122807,AF,AF_mean,angle_engineered,SVR_RBF
16,0.8019532235153245,0.1181760929577288,0.15818780915055877,0.8736842105263156,AF,AF_mean,angle_engineered,SVR_RBF
17,0.4762037005948593,0.1712118337520319,0.26398431654692456,0.8070175438596491,AF,AF_mean,angle_engineered,SVR_RBF
18,0.7000887052838884,0.08316619257506253,0.10709641137543112,0.7912280701754386,AF,AF_mean,angle_engineered,SVR_RBF
19,0.771549603853606,0.10828350435321676,0.1377947938022891,0.9280701754385964,AF,AF_mean,angle_engineered,SVR_RBF
20,0.8874520901544382,0.07657706836350149,0.1099418425761074,0.9,AF,AF_mean,angle_engineered,SVR_RBF
21,0.6384572775796945,0.12893861997144013,0.2170774078347499,0.8781954887218045,AF,AF_mean,angle_engineered,SVR_RBF
22,0.8551067928047442,0.10502686674021741,0.13523974927764634,0.8614035087719297,AF,AF_mean,angle_engineered,SVR_RBF
23,0.7307214195395395,0.14372072082634474,0.20122900663078583,0.9,AF,AF_mean,angle_engineered,SVR_RBF
24,0.6969819348493247,0.10934567691231903,0.14193378782672986,0.819298245614035,AF,AF_mean,angle_engineered,SVR_RBF
25,0.41774989493466286,0.12254207856503542,0.18876991246315056,0.8982456140350877,AF,AF_mean,angle_engineered,SVR_RBF
26,0.6738240068338719,0.12279791393566786,0.174684816233825,0.8120300751879698,AF,AF_mean,angle_engineered,SVR_RBF
27,0.8573575562189144,0.10168199535569195,0.12349304945096777,0.8947368421052632,AF,AF_mean,angle_engineered,SVR_RBF
28,0.8345630533283714,0.08316436758903782,0.12606642417847913,0.8245614035087718,AF,AF_mean,angle_engineered,SVR_RBF
29,0.7825502875295058,0.09258963835135196,0.1102900185873205,0.7929824561403509,AF,AF_mean,angle_engineered,SVR_RBF
30,0.7868909740105612,0.11445030757280311,0.16756174463164608,0.9298245614035087,AF,AF_mean,angle_engineered,SVR_RBF
31,0.6050972624973412,0.14885893352542245,0.20004395210910825,0.8045112781954886,AF,AF_mean,angle_engineered,SVR_RBF
32,0.844403683738951,0.0758517912710644,0.09516154200566687,0.8210526315789475,AF,AF_mean,angle_engineered,SVR_RBF
33,0.8032557231629692,0.12843902134698584,0.1695747074200057,0.882456140350877,AF,AF_mean,angle_engineered,SVR_RBF
34,0.7710143915251847,0.12490050699710109,0.17939221859070276,0.9263157894736841,AF,AF_mean,angle_engineered,SVR_RBF
35,0.8443362906175395,0.08026864921314464,0.09977039463740697,0.9228070175438597,AF,AF_mean,angle_engineered,SVR_RBF
36,0.6035249394135525,0.11436755658445748,0.2013251981445408,0.8511278195488721,AF,AF_mean,angle_engineered,SVR_RBF
37,0.8768091580902103,0.08956421757442026,0.11371355141524173,0.8859649122807017,AF,AF_mean,angle_engineered,SVR_RBF
38,0.7798829146037703,0.12066026378190167,0.16277716799748693,0.7824561403508771,AF,AF_mean,angle_engineered,SVR_RBF
39,0.9059069065480762,0.0714364143097636,0.11189686499550765,0.9491228070175438,AF,AF_mean,angle_engineered,SVR_RBF
40,0.5225379892749131,0.13903520505174316,0.1916946178219298,0.8105263157894737,AF,AF_mean,angle_engineered,SVR_RBF
41,0.7630893415743286,0.1282139044665221,0.17820180742852573,0.9218045112781955,AF,AF_mean,angle_engineered,SVR_RBF
42,0.6973102264285548,0.15547731407752896,0.22702995727293235,0.7964912280701755,AF,AF_mean,angle_engineered,SVR_RBF
43,0.7438714667654002,0.11548133715660425,0.14659322475116152,0.8456140350877193,AF,AF_mean,angle_engineered,SVR_RBF
44,0.758652768209478,0.09228342363746075,0.10925161551186878,0.8298245614035088,AF,AF_mean,angle_engineered,SVR_RBF
45,0.7907622333849641,0.1043711258237511,0.13574397145811928,0.8929824561403509,AF,AF_mean,angle_engineered,SVR_RBF
46,0.6692838731463198,0.1297781616600586,0.20390591301934727,0.9263157894736842,AF,AF_mean,angle_engineered,SVR_RBF
47,0.6894029566556801,0.13264369693572936,0.1643392323399116,0.8894736842105263,AF,AF_mean,angle_engineered,SVR_RBF
48,0.6848868714130366,0.08545556309913716,0.11148868816970083,0.8368421052631579,AF,AF_mean,angle_engineered,SVR_RBF
49,0.637634659259233,0.11491935065191716,0.19614986333439924,0.9192982456140351,AF,AF_mean,angle_engineered,SVR_RBF
50,0.6954774089891034,0.13827894227020146,0.2070363216215339,0.8754385964912281,AF,AF_mean,angle_engineered,SVR_RBF
51,0.8174289679948734,0.1073828680674144,0.13917800458820465,0.8466165413533834,AF,AF_mean,angle_engineered,SVR_RBF
52,0.4828721403049644,0.1420305453697638,0.19915667867401574,0.8157894736842105,AF,AF_mean,angle_engineered,SVR_RBF
53,0.6934289882685829,0.10897862674297558,0.13731249306211485,0.8771929824561402,AF,AF_mean,angle_engineered,SVR_RBF
54,0.6562481397921736,0.12066251898253305,0.20647540636549108,0.8789473684210527,AF,AF_mean,angle_engineered,SVR_RBF
55,0.7165098603408663,0.14335160580062278,0.20720744203968944,0.9315789473684211,AF,AF_mean,angle_engineered,SVR_RBF
56,0.7549872676964406,0.1366306561565775,0.19792697631877648,0.863157894736842,AF,AF_mean,angle_engineered,SVR_RBF
57,0.5187907908981131,0.12605356485672223,0.23731940058427614,0.9017543859649122,AF,AF_mean,angle_engineered,SVR_RBF
58,0.8028618383705528,0.09865807213975071,0.1502738604074099,0.7964912280701755,AF,AF_mean,angle_engineered,SVR_RBF
59,0.6037379076741645,0.11616467034630691,0.1462721568439132,0.887719298245614,AF,AF_mean,angle_engineered,SVR_RBF
60,0.8529436785074315,0.0832636507969,0.11289714031996308,0.9491228070175438,AF,AF_mean,angle_engineered,SVR_RBF
61,0.5966834957263272,0.13925186693524222,0.18048393298503115,0.8661654135338346,AF,AF_mean,angle_engineered,SVR_RBF
62,0.8661217962357165,0.07695525447140256,0.1000757246641411,0.9210526315789472,AF,AF_mean,angle_engineered,SVR_RBF
63,0.7442598234278147,0.12818999759726937,0.1894861769839992,0.9192982456140351,AF,AF_mean,angle_engineered,SVR_RBF
64,0.7080960305275075,0.11742768010938989,0.17455636481436673,0.9210526315789472,AF,AF_mean,angle_engineered,SVR_RBF
65,0.8167470429952045,0.12467787459147817,0.16220268616400718,0.8543859649122807,AF,AF_mean,angle_engineered,SVR_RBF
66,0.7434982757273529,0.131236495937964,0.16028119475577104,0.9157894736842105,AF,AF_mean,angle_engineered,SVR_RBF
67,0.6593368460328659,0.1482255250549457,0.2268151728127953,0.7947368421052632,AF,AF_mean,angle_engineered,SVR_RBF
68,0.8055867186785328,0.09749045782421786,0.12317855855836116,0.943859649122807,AF,AF_mean,angle_engineered,SVR_RBF
69,0.7126208452819194,0.11887296869999228,0.1680230557199823,0.8543859649122807,AF,AF_mean,angle_engineered,SVR_RBF
70,0.7626867192174713,0.10538733807333889,0.1366782430093539,0.5789473684210525,AF,AF_mean,angle_engineered,SVR_RBF
71,0.7464018783957422,0.12367613117779593,0.16627334538635116,0.8887218045112781,AF,AF_mean,angle_engineered,SVR_RBF
72,0.8982974351288461,0.08113540050181563,0.10622637666298108,0.9315789473684211,AF,AF_mean,angle_engineered,SVR_RBF
73,0.6187215275813724,0.12845681916313034,0.1947984803113235,0.8964912280701753,AF,AF_mean,angle_engineered,SVR_RBF
74,0.825258921302529,0.08543686046671752,0.11422482812547605,0.8421052631578947,AF,AF_mean,angle_engineered,SVR_RBF
75,0.5797816728026696,0.14533394841412173,0.23335142388711944,0.8947368421052632,AF,AF_mean,angle_engineered,SVR_RBF
76,0.8616066682716529,0.09363674273777395,0.13340262356577967,0.7954887218045112,AF,AF_mean,angle_engineered,SVR_RBF
77,0.708113391740848,0.10594604081524402,0.15032200868640058,0.8789473684210527,AF,AF_mean,angle_engineered,SVR_RBF
78,0.5728212902226488,0.1151409295346551,0.17946904195069222,0.9052631578947368,AF,AF_mean,angle_engineered,SVR_RBF
79,0.8524599331926537,0.07817417717921368,0.10796640040689684,0.9315789473684211,AF,AF_mean,angle_engineered,SVR_RBF
80,0.6855209484964847,0.15303393625567932,0.22536226508099444,0.8543859649122807,AF,AF_mean,angle_engineered,SVR_RBF
81,0.8214557524348904,0.08350628584889483,0.1297840873619249,0.8812030075187969,AF,AF_mean,angle_engineered,SVR_RBF
82,0.7341571386702634,0.12890376569825818,0.1735759356221319,0.856140350877193,AF,AF_mean,angle_engineered,SVR_RBF
83,0.7230827591255091,0.11221202999674044,0.1521347271261629,0.8807017543859648,AF,AF_mean,angle_engineered,SVR_RBF
84,0.8833784571299187,0.10822506527373084,0.13312697555078734,0.9,AF,AF_mean,angle_engineered,SVR_RBF
85,0.435865799521703,0.14626841753328002,0.23100135874737646,0.7666666666666666,AF,AF_mean,angle_engineered,SVR_RBF
86,0.5021268136603227,0.15588648294817511,0.26110757040989424,0.819548872180451,AF,AF_mean,angle_engineered,SVR_RBF
87,0.7119764915999793,0.12616768235030412,0.20163351174489746,0.8789473684210527,AF,AF_mean,angle_engineered,SVR_RBF
88,0.7051185278196266,0.09660003730286534,0.12210419238093796,0.7684210526315789,AF,AF_mean,angle_engineered,SVR_RBF
89,0.45144783481258377,0.12867551956102138,0.19625638332824666,0.887719298245614,AF,AF_mean,angle_engineered,SVR_RBF
90,0.8702711340485799,0.1001408813267393,0.12474737858311616,0.9157894736842105,AF,AF_mean,angle_engineered,SVR_RBF
91,0.6424787799244149,0.14340200586372384,0.2236606118805094,0.9293233082706768,AF,AF_mean,angle_engineered,SVR_RBF
92,0.8276272973185103,0.09326740645106799,0.11308508028628535,0.882456140350877,AF,AF_mean,angle_engineered,SVR_RBF
93,0.1770408616770769,0.11126594228650064,0.1779938425150827,0.863157894736842,AF,AF_mean,angle_engineered,SVR_RBF
94,0.6617995550153154,0.15234163646624332,0.23483379832691054,0.8350877192982457,AF,AF_mean,angle_engineered,SVR_RBF
95,0.8265085119212173,0.10073594324734929,0.1350085545888303,0.8807017543859648,AF,AF_mean,angle_engineered,SVR_RBF
96,0.41964103831474775,0.17611335909824852,0.26455794624013346,0.863157894736842,AF,AF_mean,angle_engineered,SVR_RBF
97,0.6237124724876375,0.13168177929111197,0.23103324854328908,0.9105263157894736,AF,AF_mean,angle_engineered,SVR_RBF
98,0.6614956000689934,0.08471591676918831,0.12396515831100723,0.8228070175438595,AF,AF_mean,angle_engineered,SVR_RBF
99,0.8213643163620954,0.12182928642621714,0.15099504607847244,0.8649122807017543,AF,AF_mean,angle_engineered,SVR_RBF
100,0.6442957462120773,0.1379572400372587,0.18072518536676804,0.8508771929824561,AF,AF_mean,angle_engineered,SVR_RBF
1,0.8514462544824611,0.0913791196984127,0.13577436749803545,0.8887218045112781,AF,AF_mean,angle_engineered,RandomForest
2,0.7828164224503688,0.10235556045252048,0.15055145594985508,0.8701754385964912,AF,AF_mean,angle_engineered,RandomForest
3,0.8642850968124328,0.09457553127610678,0.13033841711110933,0.9298245614035087,AF,AF_mean,angle_engineered,RandomForest
4,0.7194114135025692,0.1050768877596772,0.1498499174951726,0.9298245614035087,AF,AF_mean,angle_engineered,RandomForest
5,0.6338956701391589,0.14260412799967087,0.19718374073456965,0.9263157894736841,AF,AF_mean,angle_engineered,RandomForest
6,0.8053100253452743,0.09737597664357847,0.1429899173006775,0.9518796992481202,AF,AF_mean,angle_engineered,RandomForest
7,0.7949315703231344,0.13454932777948633,0.17925626375194376,0.8859649122807017,AF,AF_mean,angle_engineered,RandomForest
8,0.8352270118087601,0.09031183735911749,0.11229740454729725,0.8649122807017543,AF,AF_mean,angle_engineered,RandomForest
9,0.7778619409032482,0.10538113967829944,0.1527930467336217,0.9245614035087718,AF,AF_mean,angle_engineered,RandomForest
10,0.40879974588841816,0.12835625711336396,0.21141279413735592,0.8736842105263157,AF,AF_mean,angle_engineered,RandomForest
11,0.8156594957431522,0.1077628328240741,0.1356900412262923,0.8977443609022555,AF,AF_mean,angle_engineered,RandomForest
12,0.6901903856699527,0.1268562333925092,0.18688030446801834,0.8964912280701753,AF,AF_mean,angle_engineered,RandomForest
13,0.6432521294324971,0.11270055657616276,0.1825563928103719,0.8736842105263157,AF,AF_mean,angle_engineered,RandomForest
14,0.826386928602858,0.09481234263714837,0.14597235760598692,0.7140350877192982,AF,AF_mean,angle_engineered,RandomForest
15,0.8402057053758152,0.08425416122117162,0.1251610290920605,0.7842105263157895,AF,AF_mean,angle_engineered,RandomForest
16,0.8137833418019804,0.12108678506980497,0.15339047297336764,0.882706766917293,AF,AF_mean,angle_engineered,RandomForest
17,0.6917746497430606,0.1414283389776209,0.2025028269810041,0.8842105263157896,AF,AF_mean,angle_engineered,RandomForest
18,0.910703531342878,0.05016452997981075,0.058438041161704445,0.7315789473684211,AF,AF_mean,angle_engineered,RandomForest
19,0.5368486842809291,0.11842952675210747,0.1961996835542613,0.9087719298245613,AF,AF_mean,angle_engineered,RandomForest
20,0.9000365534024569,0.07199948362155424,0.10361315666040544,0.9192982456140351,AF,AF_mean,angle_engineered,RandomForest
21,0.7716783296243218,0.09780510379100556,0.172507658932261,0.8977443609022555,AF,AF_mean,angle_engineered,RandomForest
22,0.8546724576856498,0.10678616354845452,0.13544229645009292,0.8403508771929825,AF,AF_mean,angle_engineered,RandomForest
23,0.7903833134961635,0.1086226048865218,0.17754261183872425,0.9421052631578948,AF,AF_mean,angle_engineered,RandomForest
24,0.5758682322931383,0.10378527377610677,0.16791980991667163,0.8807017543859648,AF,AF_mean,angle_engineered,RandomForest
25,0.5985785488108679,0.11173257542916666,0.15673943428870188,0.8859649122807017,AF,AF_mean,angle_engineered,RandomForest
26,0.6302317314157218,0.13119964931295092,0.18599187837813333,0.8766917293233082,AF,AF_mean,angle_engineered,RandomForest
27,0.8185124188932114,0.11040371198729129,0.13929694307353613,0.8701754385964912,AF,AF_mean,angle_engineered,RandomForest
28,0.8503798026739161,0.06939286834042172,0.1198887115870478,0.8754385964912281,AF,AF_mean,angle_engineered,RandomForest
29,0.7701337695981789,0.08557321268657776,0.11339512340153492,0.8473684210526315,AF,AF_mean,angle_engineered,RandomForest
30,0.8361189040280582,0.1024296774872786,0.14693944031205547,0.9368421052631579,AF,AF_mean,angle_engineered,RandomForest
31,0.7162573199622959,0.11804572825066195,0.1695675272542071,0.8406015037593983,AF,AF_mean,angle_engineered,RandomForest
32,0.9063439492375638,0.057110017500189944,0.07382946744015705,0.9,AF,AF_mean,angle_engineered,RandomForest
33,0.8097358892965482,0.1179247893219164,0.166758684417271,0.8947368421052632,AF,AF_mean,angle_engineered,RandomForest
34,0.7394061146125462,0.13842884090991367,0.19137341967724147,0.9368421052631579,AF,AF_mean,angle_engineered,RandomForest
35,0.8334610705579304,0.08179654165692006,0.10319671829013048,0.8473684210526315,AF,AF_mean,angle_engineered,RandomForest
36,0.737905767160516,0.10428134772162101,0.16368878703537082,0.9383458646616539,AF,AF_mean,angle_engineered,RandomForest
37,0.8726420977854734,0.07314581152742963,0.11562079736953203,0.9543859649122807,AF,AF_mean,angle_engineered,RandomForest
38,0.7999469483081184,0.11343924616978056,0.15518123429177474,0.8421052631578947,AF,AF_mean,angle_engineered,RandomForest
39,0.9084021916632443,0.07333858999234204,0.11040318104460783,0.9263157894736841,AF,AF_mean,angle_engineered,RandomForest
40,0.497204994756019,0.1402522181790334,0.1967143243288356,0.7964912280701755,AF,AF_mean,angle_engineered,RandomForest
41,0.7771797555060926,0.10036694905753966,0.17282124439852875,0.9473684210526315,AF,AF_mean,angle_engineered,RandomForest
42,0.7932062419190176,0.12857908219228661,0.18765191727831118,0.8456140350877193,AF,AF_mean,angle_engineered,RandomForest
43,0.7913128113260156,0.10345901122598145,0.13232223006698396,0.9122807017543859,AF,AF_mean,angle_engineered,RandomForest
44,0.7426751762676833,0.08608297600415177,0.11280998686596456,0.856140350877193,AF,AF_mean,angle_engineered,RandomForest
45,0.8502250776501559,0.08685651274575332,0.11484710834101099,0.9350877192982456,AF,AF_mean,angle_engineered,RandomForest
46,0.7627231710960091,0.11828918080621684,0.17271489710128082,0.9293233082706768,AF,AF_mean,angle_engineered,RandomForest
47,0.6153468439448786,0.11478364692020436,0.18288464575349936,0.8964912280701753,AF,AF_mean,angle_engineered,RandomForest
48,0.7399215961835037,0.06909791470481766,0.10128606573477247,0.8614035087719297,AF,AF_mean,angle_engineered,RandomForest
49,0.7907995670961564,0.0928147470279866,0.14903764289883517,0.9210526315789472,AF,AF_mean,angle_engineered,RandomForest
50,0.7470781396578583,0.1267324102979672,0.18868178172924355,0.9052631578947368,AF,AF_mean,angle_engineered,RandomForest
51,0.9007389843826731,0.07277885190656568,0.10262283963746162,0.9127819548872179,AF,AF_mean,angle_engineered,RandomForest
52,0.7469967832648658,0.09430513741436886,0.13930250579377126,0.7824561403508771,AF,AF_mean,angle_engineered,RandomForest
53,0.46144059081738087,0.11704727404451779,0.18199577988775464,0.8842105263157896,AF,AF_mean,angle_engineered,RandomForest
54,0.7764247516437195,0.10708301160135149,0.16651664878115213,0.8912280701754386,AF,AF_mean,angle_engineered,RandomForest
55,0.7481122452548618,0.13415544995544448,0.19531693391414345,0.9157894736842105,AF,AF_mean,angle_engineered,RandomForest
56,0.8485330118739806,0.10877231203373001,0.1556215219154287,0.8466165413533834,AF,AF_mean,angle_engineered,RandomForest
57,0.7262458443087221,0.10786539363199665,0.17899736509232764,0.8807017543859648,AF,AF_mean,angle_engineered,RandomForest
58,0.8578078514039291,0.08525897050701282,0.1276250426972234,0.8912280701754386,AF,AF_mean,angle_engineered,RandomForest
59,0.622405639095609,0.10889171842187534,0.14278518580509633,0.9035087719298246,AF,AF_mean,angle_engineered,RandomForest
60,0.6212333518814568,0.11251416865427445,0.18118696804791917,0.9017543859649122,AF,AF_mean,angle_engineered,RandomForest
61,0.7416271771759991,0.1216664130853173,0.14445712397062066,0.8977443609022555,AF,AF_mean,angle_engineered,RandomForest
62,0.9471516482267991,0.050371639128376784,0.06287666937662431,0.9333333333333333,AF,AF_mean,angle_engineered,RandomForest
63,0.8208754690145026,0.10794000624199392,0.1585826191801195,0.9333333333333333,AF,AF_mean,angle_engineered,RandomForest
64,0.778230534664767,0.10071052707115002,0.15214811051586863,0.9052631578947368,AF,AF_mean,angle_engineered,RandomForest
65,0.8456883987451314,0.10888328153768229,0.14884417230939512,0.9456140350877192,AF,AF_mean,angle_engineered,RandomForest
66,0.6504042758420014,0.13087292453721738,0.1871201180189124,0.8270676691729323,AF,AF_mean,angle_engineered,RandomForest
67,0.801224256838761,0.11136937124895589,0.17325716939285482,0.9368421052631579,AF,AF_mean,angle_engineered,RandomForest
68,0.8303138342275912,0.08292823478000579,0.11507881221865117,0.9228070175438597,AF,AF_mean,angle_engineered,RandomForest
69,0.818335551311697,0.08889029707671957,0.13359069822567404,0.9052631578947368,AF,AF_mean,angle_engineered,RandomForest
70,0.9088508581169904,0.06394539066422354,0.08470609438911132,0.8456140350877193,AF,AF_mean,angle_engineered,RandomForest
71,0.6929003310534692,0.13159182092406194,0.18297396225734572,0.849624060150376,AF,AF_mean,angle_engineered,RandomForest
72,0.8909590208161557,0.08700804107111193,0.10999204754519876,0.9157894736842105,AF,AF_mean,angle_engineered,RandomForest
73,0.66468729638966,0.1254285967237538,0.18267933653784837,0.8771929824561402,AF,AF_mean,angle_engineered,RandomForest
74,0.798631106947336,0.08174814293745747,0.12261940330861797,0.8947368421052632,AF,AF_mean,angle_engineered,RandomForest
75,0.7386393189039624,0.10263341631370111,0.18403189031240152,0.9175438596491228,AF,AF_mean,angle_engineered,RandomForest
76,0.87472967426849,0.08752232215325922,0.12692024204841676,0.8451127819548873,AF,AF_mean,angle_engineered,RandomForest
77,0.6891639474919962,0.10187162918267881,0.1551247797467064,0.8771929824561402,AF,AF_mean,angle_engineered,RandomForest
78,0.6924890313185468,0.10581189560150399,0.15227024631966762,0.9315789473684211,AF,AF_mean,angle_engineered,RandomForest
79,0.942800791302871,0.05426146803859396,0.06722466469944315,0.9403508771929823,AF,AF_mean,angle_engineered,RandomForest
80,0.7860154567247741,0.12937108048454468,0.18589878042266064,0.9065380425140167,AF,AF_mean,angle_engineered,RandomForest
81,0.8643800224099942,0.06845866817989396,0.1131124346844704,0.8781954887218045,AF,AF_mean,angle_engineered,RandomForest
82,0.8343001753157274,0.09565318879167631,0.1370370616805922,0.9070175438596491,AF,AF_mean,angle_engineered,RandomForest
83,0.7868197300274785,0.10478038213095893,0.13348327881772995,0.8754385964912281,AF,AF_mean,angle_engineered,RandomForest
84,0.8553789218520224,0.11526478391604023,0.1482492386454185,0.8807017543859648,AF,AF_mean,angle_engineered,RandomForest
85,0.688662304334766,0.1079787529639757,0.17160864927656974,0.943859649122807,AF,AF_mean,angle_engineered,RandomForest
86,0.735629522609456,0.12204533169871357,0.1902683590439569,0.9248120300751879,AF,AF_mean,angle_engineered,RandomForest
87,0.769357525593802,0.10237956968532469,0.18043400552058303,0.9035087719298246,AF,AF_mean,angle_engineered,RandomForest
88,0.7886840894348819,0.08493575159774448,0.10336486248516312,0.8596491228070176,AF,AF_mean,angle_engineered,RandomForest
89,0.4976069001991933,0.12820453635059914,0.187817760331366,0.8614035087719297,AF,AF_mean,angle_engineered,RandomForest
90,0.8669324327920562,0.09328754190824222,0.12634243008228052,0.9017543859649122,AF,AF_mean,angle_engineered,RandomForest
91,0.7995042868427273,0.09692145539087302,0.1674908715586491,0.9263157894736842,AF,AF_mean,angle_engineered,RandomForest
92,0.8392111871269379,0.08755188024366496,0.10921919708327435,0.8754385964912281,AF,AF_mean,angle_engineered,RandomForest
93,0.2243839564722282,0.09929724807231737,0.17279820808313812,0.9263157894736841,AF,AF_mean,angle_engineered,RandomForest
94,0.7563141790098423,0.1368855325306317,0.19933733394087322,0.83859649122807,AF,AF_mean,angle_engineered,RandomForest
95,0.8349984872094591,0.10468952001955657,0.13166373311415155,0.8894736842105263,AF,AF_mean,angle_engineered,RandomForest
96,0.5820905315831035,0.1487844146677487,0.2244985645339743,0.8887218045112781,AF,AF_mean,angle_engineered,RandomForest
97,0.7585704048820751,0.1154696039106608,0.18505883596358727,0.9052631578947368,AF,AF_mean,angle_engineered,RandomForest
98,0.746064314639503,0.08149768963241434,0.10736910881949646,0.9228070175438597,AF,AF_mean,angle_engineered,RandomForest
99,0.8692803160935539,0.09884535344959622,0.12916626015204033,0.9631578947368421,AF,AF_mean,angle_engineered,RandomForest
100,0.7230135071314301,0.11417635128794193,0.15947897846223588,0.8508771929824561,AF,AF_mean,angle_engineered,RandomForest
1,0.7808968671370121,0.09762632634335651,0.16489226320661635,0.8917293233082706,AF,AF_mean,angle_engineered,GradientBoosting
2,0.7625323396157411,0.10073222820153598,0.1574250011621506,0.9350877192982456,AF,AF_mean,angle_engineered,GradientBoosting
3,0.8633127829465064,0.08300395819125904,0.1308044811592,0.9684210526315788,AF,AF_mean,angle_engineered,GradientBoosting
4,0.7495388680543577,0.10231570122838289,0.1415766647519037,0.9263157894736841,AF,AF_mean,angle_engineered,GradientBoosting
5,0.6818106645534358,0.13606769443680888,0.18382792221070737,0.9469066291119304,AF,AF_mean,angle_engineered,GradientBoosting
6,0.760622491179029,0.10077901730889227,0.1585533024399854,0.9447161254776266,AF,AF_mean,angle_engineered,GradientBoosting
7,0.7806231963852569,0.13879423011308276,0.18540450796053556,0.9052631578947368,AF,AF_mean,angle_engineered,GradientBoosting
8,0.8657977233203916,0.07985410064821531,0.10134600918854704,0.8684210526315789,AF,AF_mean,angle_engineered,GradientBoosting
9,0.555219354274791,0.14404734676236933,0.21620465731399083,0.9174718198009577,AF,AF_mean,angle_engineered,GradientBoosting
10,0.2956037845716417,0.1432167256884793,0.23076634261852613,0.8932814077202645,AF,AF_mean,angle_engineered,GradientBoosting
11,0.8003771808045476,0.11185681946750944,0.14120259597084767,0.9022556390977443,AF,AF_mean,angle_engineered,GradientBoosting
12,0.7158561096371734,0.11016196526795054,0.17897206480868688,0.8828434373369805,AF,AF_mean,angle_engineered,GradientBoosting
13,0.5268327059141523,0.1246356977690521,0.21024404813382447,0.9070175438596491,AF,AF_mean,angle_engineered,GradientBoosting
14,0.8118355817333354,0.09665647347970152,0.15196660572365095,0.9403508771929823,AF,AF_mean,angle_engineered,GradientBoosting
15,0.5373927480915643,0.11036865825944855,0.21295836759165246,0.8100044658668318,AF,AF_mean,angle_engineered,GradientBoosting
16,0.7807588367621267,0.12009591623255914,0.1664371119007313,0.8872180451127819,AF,AF_mean,angle_engineered,GradientBoosting
17,0.5424047582367038,0.15272619651372715,0.24673892200232622,0.8156280579857318,AF,AF_mean,angle_engineered,GradientBoosting
18,0.7769168137258343,0.07572005604590279,0.09236595548235124,0.8275560252572292,AF,AF_mean,angle_engineered,GradientBoosting
19,0.6551859291359627,0.10930663040412425,0.1692892345943084,0.9315789473684211,AF,AF_mean,angle_engineered,GradientBoosting
20,0.9004361994158654,0.0695590143995818,0.10340583060066351,0.923212023934894,AF,AF_mean,angle_engineered,GradientBoosting
21,0.6382156086051272,0.11559403814380749,0.21714994713303445,0.9473684210526315,AF,AF_mean,angle_engineered,GradientBoosting
22,0.8720088762591472,0.09157549628643973,0.12710723462630305,0.8701754385964912,AF,AF_mean,angle_engineered,GradientBoosting
23,0.7175474358476792,0.12504126739133098,0.20609261962221756,0.9245614035087718,AF,AF_mean,angle_engineered,GradientBoosting
24,0.7157174611228662,0.09772616455411588,0.1374759170463491,0.863157894736842,AF,AF_mean,angle_engineered,GradientBoosting
25,0.5176793472365167,0.1088248100289642,0.17180900232972204,0.9491228070175438,AF,AF_mean,angle_engineered,GradientBoosting
26,0.6566050576052335,0.13225824379936127,0.17923635684385555,0.9025950243416814,AF,AF_mean,angle_engineered,GradientBoosting
27,0.7735595300259929,0.12223710703034245,0.15559482675328168,0.8947368421052632,AF,AF_mean,angle_engineered,GradientBoosting
28,0.8547448443752355,0.06831550543012516,0.1181269414646919,0.9258447578434535,AF,AF_mean,angle_engineered,GradientBoosting
29,0.7604819020151479,0.09754143717351454,0.11575132156562046,0.9157894736842105,AF,AF_mean,angle_engineered,GradientBoosting
30,0.7364514207080659,0.11143934183162606,0.18633922769092423,0.9192982456140351,AF,AF_mean,angle_engineered,GradientBoosting
31,0.7292121828726195,0.11788449789805297,0.16565132516989098,0.793984962406015,AF,AF_mean,angle_engineered,GradientBoosting
32,0.879069448610011,0.056156226666823336,0.08389379333578396,0.9350877192982456,AF,AF_mean,angle_engineered,GradientBoosting
33,0.8295086311074598,0.1071480557123401,0.15785604637445907,0.9280701754385964,AF,AF_mean,angle_engineered,GradientBoosting
34,0.6633276969359555,0.13954155860770406,0.21752200704043637,0.8701754385964912,AF,AF_mean,angle_engineered,GradientBoosting
35,0.8921968352058572,0.06933711538566999,0.08302784344886173,0.8649122807017543,AF,AF_mean,angle_engineered,GradientBoosting
36,0.6732959501455718,0.1075160815264595,0.1827542381211118,0.8691729323308269,AF,AF_mean,angle_engineered,GradientBoosting
37,0.8505322128190683,0.09435890753127676,0.1252555026578907,0.9228070175438597,AF,AF_mean,angle_engineered,GradientBoosting
38,0.8020492581241367,0.110150628941216,0.15436369950617226,0.863157894736842,AF,AF_mean,angle_engineered,GradientBoosting
39,0.91032564134645,0.07656749803366043,0.10923786043648487,0.9591927206852084,AF,AF_mean,angle_engineered,GradientBoosting
40,0.46964682799780144,0.1260871529692002,0.20203336318102513,0.9170689781482549,AF,AF_mean,angle_engineered,GradientBoosting
41,0.6462033569796792,0.13430708845171813,0.21776930176124615,0.9157894736842105,AF,AF_mean,angle_engineered,GradientBoosting
42,0.7286564460231095,0.14203459701252943,0.21495326574087845,0.8491228070175438,AF,AF_mean,angle_engineered,GradientBoosting
43,0.8307177413307386,0.09988310217450388,0.11917650356726535,0.9082931984530564,AF,AF_mean,angle_engineered,GradientBoosting
44,0.7442972859545057,0.08520976403818543,0.112453862137846,0.8894736842105263,AF,AF_mean,angle_engineered,GradientBoosting
45,0.8284830039117308,0.09194281534984423,0.12290062579711633,0.9210526315789472,AF,AF_mean,angle_engineered,GradientBoosting
46,0.7028674612417398,0.10970435064665533,0.19327569349227022,0.9454682879979112,AF,AF_mean,angle_engineered,GradientBoosting
47,0.6151785873780753,0.12854870841741114,0.18292464045757664,0.882456140350877,AF,AF_mean,angle_engineered,GradientBoosting
48,0.7815624868447187,0.06582498543724341,0.09282419003698453,0.8701754385964912,AF,AF_mean,angle_engineered,GradientBoosting
49,0.7961698545593152,0.08789015417635211,0.14711226804749494,0.9350877192982456,AF,AF_mean,angle_engineered,GradientBoosting
50,0.6081048589041799,0.15208545920208558,0.23486685064969504,0.869183829285118,AF,AF_mean,angle_engineered,GradientBoosting
51,0.8353078185556281,0.09376994949286255,0.13218773510311962,0.8627304107665904,AF,AF_mean,angle_engineered,GradientBoosting
52,0.7366988369965628,0.08461570557965412,0.1421092331398823,0.8807017543859648,AF,AF_mean,angle_engineered,GradientBoosting
53,0.7081478245386998,0.08356003704772996,0.13397568191339632,0.9275999137824933,AF,AF_mean,angle_engineered,GradientBoosting
54,0.7884664058078474,0.10553291098200748,0.16197033309115824,0.8947368421052632,AF,AF_mean,angle_engineered,GradientBoosting
55,0.709240729487294,0.13781975050637363,0.2098471888868149,0.8964912280701753,AF,AF_mean,angle_engineered,GradientBoosting
56,0.7235415559280878,0.1324294194602261,0.21024495972550813,0.8908956622838525,AF,AF_mean,angle_engineered,GradientBoosting
57,0.6279248054356656,0.12459519290615255,0.20868038845780817,0.9035087719298246,AF,AF_mean,angle_engineered,GradientBoosting
58,0.8299089912275115,0.08765955904207308,0.1395850062930341,0.9210526315789472,AF,AF_mean,angle_engineered,GradientBoosting
59,0.6720163639547021,0.1069961699702361,0.13307500440003248,0.9157894736842105,AF,AF_mean,angle_engineered,GradientBoosting
60,0.7759504285216391,0.09692818813776738,0.13935198233658613,0.9105263157894736,AF,AF_mean,angle_engineered,GradientBoosting
61,0.7303905910044759,0.11813571809942787,0.14756490117255414,0.8928169115779798,AF,AF_mean,angle_engineered,GradientBoosting
62,0.9608475821613695,0.04502210987652574,0.05411941563939272,0.9648818468528733,AF,AF_mean,angle_engineered,GradientBoosting
63,0.756581848092331,0.13483116765757397,0.18486493130814366,0.9017543859649122,AF,AF_mean,angle_engineered,GradientBoosting
64,0.7469480701571742,0.1116796699840716,0.16252512752605222,0.8363318049524278,AF,AF_mean,angle_engineered,GradientBoosting
65,0.853570967881858,0.10156661641358625,0.14499270171535952,0.9381308494167316,AF,AF_mean,angle_engineered,GradientBoosting
66,0.7503050980282042,0.10218250223200079,0.1581401929402545,0.8905604240171257,AF,AF_mean,angle_engineered,GradientBoosting
67,0.7777297689132973,0.11968161419758974,0.18321042087522565,0.9350877192982456,AF,AF_mean,angle_engineered,GradientBoosting
68,0.7926719766659156,0.10072904103096922,0.12720411360700565,0.9333333333333333,AF,AF_mean,angle_engineered,GradientBoosting
69,0.609198003780304,0.09945767786750422,0.19593843451716467,0.8736842105263157,AF,AF_mean,angle_engineered,GradientBoosting
70,0.8778850796227754,0.07007862302547398,0.0980443859681138,0.8403508771929825,AF,AF_mean,angle_engineered,GradientBoosting
71,0.7480239866640362,0.13229304644442935,0.16574071910269225,0.8586466165413533,AF,AF_mean,angle_engineered,GradientBoosting
72,0.9107864370787578,0.0721065722995195,0.09949055587166436,0.9403508771929823,AF,AF_mean,angle_engineered,GradientBoosting
73,0.588711797097589,0.13405251980649646,0.20231940928243028,0.9074156204835366,AF,AF_mean,angle_engineered,GradientBoosting
74,0.8684737085570586,0.07287547948474286,0.09909900510909662,0.8951295289102585,AF,AF_mean,angle_engineered,GradientBoosting
75,0.7002771084839888,0.11497732318775575,0.19707562716295565,0.9105263157894736,AF,AF_mean,angle_engineered,GradientBoosting
76,0.8926934127697319,0.08093013605189894,0.11746810959302878,0.8431741852391875,AF,AF_mean,angle_engineered,GradientBoosting
77,0.5757064504206999,0.10595656853420028,0.18123776591613286,0.9245614035087718,AF,AF_mean,angle_engineered,GradientBoosting
78,0.6054819328135695,0.11722856841102018,0.17247183855721931,0.9118035103311359,AF,AF_mean,angle_engineered,GradientBoosting
79,0.9309917237837511,0.058120594627899126,0.07383873094746261,0.9363756934776919,AF,AF_mean,angle_engineered,GradientBoosting
80,0.7209108960012793,0.14672139333733417,0.2123033168399529,0.8542584503984038,AF,AF_mean,angle_engineered,GradientBoosting
81,0.7239622203886413,0.08053125503752837,0.16137370828931552,0.8812030075187969,AF,AF_mean,angle_engineered,GradientBoosting
82,0.7041877685579936,0.13439694456905363,0.1830986226315074,0.8894736842105263,AF,AF_mean,angle_engineered,GradientBoosting
83,0.79716415041616,0.10515868611370782,0.1302044177194557,0.8960071068797784,AF,AF_mean,angle_engineered,GradientBoosting
84,0.8555753322206732,0.11107852024293137,0.14814853554973678,0.9017543859649122,AF,AF_mean,angle_engineered,GradientBoosting
85,0.6187479226919983,0.12062931451227157,0.1899019520584324,0.9105263157894736,AF,AF_mean,angle_engineered,GradientBoosting
86,0.6617124110815306,0.12703703959772672,0.21523015942202944,0.9311772001125012,AF,AF_mean,angle_engineered,GradientBoosting
87,0.7062124717415006,0.12149790957798348,0.20364109501209413,0.9065380425140167,AF,AF_mean,angle_engineered,GradientBoosting
88,0.8090541798185499,0.07706347887191634,0.09825664036600673,0.8995174187578578,AF,AF_mean,angle_engineered,GradientBoosting
89,0.648920314075902,0.10545228095934209,0.15700651542758395,0.863157894736842,AF,AF_mean,angle_engineered,GradientBoosting
90,0.8255513317847889,0.10718523533103656,0.1446594956241915,0.8842105263157896,AF,AF_mean,angle_engineered,GradientBoosting
91,0.7032770673882491,0.1255002340549225,0.2037577579096887,0.9127819548872179,AF,AF_mean,angle_engineered,GradientBoosting
92,0.8385797450413408,0.07920561086809472,0.10943344712777732,0.9035087719298246,AF,AF_mean,angle_engineered,GradientBoosting
93,0.4618340236982049,0.09691635101045132,0.14393750201127534,0.887719298245614,AF,AF_mean,angle_engineered,GradientBoosting
94,0.6820944333705121,0.1517941879420062,0.2276787936454235,0.846862740586666,AF,AF_mean,angle_engineered,GradientBoosting
95,0.8404476342756284,0.1048958482297049,0.12947139448647807,0.9192982456140351,AF,AF_mean,angle_engineered,GradientBoosting
96,0.35121213922141337,0.16797791992461839,0.2797201939247137,0.8633803019403085,AF,AF_mean,angle_engineered,GradientBoosting
97,0.7084312786327698,0.11586298178799212,0.20336913396424994,0.9087719298245613,AF,AF_mean,angle_engineered,GradientBoosting
98,0.776985225664699,0.073358343084848,0.10061999651331448,0.9508771929824561,AF,AF_mean,angle_engineered,GradientBoosting
99,0.8785320773544492,0.09821589259645902,0.12451147929064361,0.9263157894736841,AF,AF_mean,angle_engineered,GradientBoosting
100,0.7559087935612661,0.10066511721198453,0.14970979525239986,0.9122807017543859,AF,AF_mean,angle_engineered,GradientBoosting
1,0.8186657172183066,0.08948521153831482,0.15000852634545395,0.8902255639097743,AF,AF_mean,angle_engineered,XGBoost
2,0.7456629889397007,0.1043515560250533,0.16292069349723606,0.9210526315789472,AF,AF_mean,angle_engineered,XGBoost
3,0.8653963261973394,0.08359232018922508,0.12980371689174094,0.9543859649122807,AF,AF_mean,angle_engineered,XGBoost
4,0.7160403036212293,0.1082944700421785,0.1507474099550478,0.9403508771929823,AF,AF_mean,angle_engineered,XGBoost
5,0.6579931221274009,0.14250726501264072,0.1905838467988946,0.9433963172338509,AF,AF_mean,angle_engineered,XGBoost
6,0.7133689191513976,0.10988293213653563,0.17349831501883792,0.9353383458646616,AF,AF_mean,angle_engineered,XGBoost
7,0.8014457905125293,0.13276462946841594,0.17638615233181992,0.9223344459653743,AF,AF_mean,angle_engineered,XGBoost
8,0.8816117777780478,0.07533549278058502,0.09518772767344005,0.8666666666666666,AF,AF_mean,angle_engineered,XGBoost
9,0.6362924366358051,0.1332751577417474,0.19550968259122128,0.9144362442396955,AF,AF_mean,angle_engineered,XGBoost
10,0.4791775674478631,0.12264895494561448,0.19843067096858782,0.904782886574977,AF,AF_mean,angle_engineered,XGBoost
11,0.7943641349899798,0.11071955319786071,0.14331347279266168,0.9097744360902256,AF,AF_mean,angle_engineered,XGBoost
12,0.7220710821147462,0.10738743220078319,0.17700394900322863,0.8964912280701753,AF,AF_mean,angle_engineered,XGBoost
13,0.5527106486418918,0.11900341580039575,0.2044139971402743,0.9070175438596491,AF,AF_mean,angle_engineered,XGBoost
14,0.8201104605032428,0.09474713803542287,0.148587531323587,0.9350877192982456,AF,AF_mean,angle_engineered,XGBoost
15,0.7025024680989179,0.09225654948786684,0.1707773123156074,0.8473684210526315,AF,AF_mean,angle_engineered,XGBoost
16,0.7960410109279754,0.12041670343017583,0.16053160493015925,0.8812030075187969,AF,AF_mean,angle_engineered,XGBoost
17,0.5705528175725474,0.15221631263130592,0.2390296589938085,0.8122807017543859,AF,AF_mean,angle_engineered,XGBoost
18,0.8145855615823092,0.07456146808222723,0.08420740476360779,0.83859649122807,AF,AF_mean,angle_engineered,XGBoost
19,0.6730556664281016,0.10665246954064617,0.16484423328990555,0.9368421052631579,AF,AF_mean,angle_engineered,XGBoost
20,0.8941098583862906,0.0725186248558446,0.1066404720448539,0.8964912280701753,AF,AF_mean,angle_engineered,XGBoost
21,0.7265606678794951,0.10042870411682128,0.18878405367923412,0.9578947368421054,AF,AF_mean,angle_engineered,XGBoost
22,0.8723236823863028,0.09838185071041712,0.12695082232977858,0.8684210526315789,AF,AF_mean,angle_engineered,XGBoost
23,0.7318732025481639,0.12645058074750395,0.20079818788350087,0.9175438596491228,AF,AF_mean,angle_engineered,XGBoost
24,0.6772247732838432,0.10177761243117482,0.14648785849131413,0.8701754385964912,AF,AF_mean,angle_engineered,XGBoost
25,0.5506377626071363,0.10231189131084241,0.16583502984364354,0.9421052631578948,AF,AF_mean,angle_engineered,XGBoost
26,0.6929517425663834,0.12451126158905028,0.1694854727671273,0.9116209745850982,AF,AF_mean,angle_engineered,XGBoost
27,0.8383747339320292,0.10340452601984927,0.13145368226166082,0.8859649122807017,AF,AF_mean,angle_engineered,XGBoost
28,0.8493000700540134,0.06818078062157884,0.12032052177798257,0.8789473684210527,AF,AF_mean,angle_engineered,XGBoost
29,0.7701130257062692,0.09340538029921681,0.1134002398623399,0.9105263157894736,AF,AF_mean,angle_engineered,XGBoost
30,0.7716588976826317,0.09853896354474516,0.17344668272106276,0.9210526315789472,AF,AF_mean,angle_engineered,XGBoost
31,0.7254818162449883,0.11836587096405031,0.16678842678197703,0.7909774436090224,AF,AF_mean,angle_engineered,XGBoost
32,0.9195115397010685,0.04813157223751672,0.06844293504488291,0.9192982456140351,AF,AF_mean,angle_engineered,XGBoost
33,0.8230225325316799,0.11003686368239551,0.16083072161057965,0.9298245614035087,AF,AF_mean,angle_engineered,XGBoost
34,0.6900828259094809,0.1395460752226177,0.20869994207217968,0.8701754385964912,AF,AF_mean,angle_engineered,XGBoost
35,0.8660117441498844,0.07959775370547648,0.09256384136278896,0.8596491228070176,AF,AF_mean,angle_engineered,XGBoost
36,0.6710363113494049,0.10899432876586915,0.1833851561823561,0.8436090225563909,AF,AF_mean,angle_engineered,XGBoost
37,0.8697134045080152,0.09263406782852977,0.11694263613131646,0.9210526315789472,AF,AF_mean,angle_engineered,XGBoost
38,0.8231264388994541,0.10146749819103043,0.14591437237535104,0.8929824561403509,AF,AF_mean,angle_engineered,XGBoost
39,0.9036645558044651,0.07937183623866031,0.11322233255913679,0.9491228070175438,AF,AF_mean,angle_engineered,XGBoost
40,0.5231142909411167,0.12253247314252354,0.19157889418203566,0.8807017543859648,AF,AF_mean,angle_engineered,XGBoost
41,0.6954792929190774,0.12669255849266053,0.202035747825551,0.9218045112781955,AF,AF_mean,angle_engineered,XGBoost
42,0.7496472894210116,0.13894985515594485,0.2064716565095079,0.8421052631578947,AF,AF_mean,angle_engineered,XGBoost
43,0.7934147415945544,0.10646604900159334,0.13165415839639158,0.9035087719298246,AF,AF_mean,angle_engineered,XGBoost
44,0.7349153707207162,0.08511716583452726,0.1144982845025449,0.9245614035087718,AF,AF_mean,angle_engineered,XGBoost
45,0.8375616095991755,0.09222546595924778,0.11960376528020915,0.9052631578947368,AF,AF_mean,angle_engineered,XGBoost
46,0.6970297781541631,0.1198956604423523,0.19516507636956879,0.9353383458646616,AF,AF_mean,angle_engineered,XGBoost
47,0.634645801316635,0.12322213991466324,0.17823773173799687,0.8842105263157896,AF,AF_mean,angle_engineered,XGBoost
48,0.7880290638770606,0.06331027170482435,0.09143989432012846,0.887719298245614,AF,AF_mean,angle_engineered,XGBoost
49,0.8072475732325051,0.08432999277215254,0.14305881100499868,0.9526315789473684,AF,AF_mean,angle_engineered,XGBoost
50,0.6527375676914746,0.14060387412623357,0.22108826231469747,0.887719298245614,AF,AF_mean,angle_engineered,XGBoost
51,0.8787971774721309,0.08519702966308595,0.1133994732579355,0.8646616541353382,AF,AF_mean,angle_engineered,XGBoost
52,0.7254700623730372,0.08593810176648592,0.14510780171346133,0.8964912280701753,AF,AF_mean,angle_engineered,XGBoost
53,0.6331927548456037,0.09998662224217465,0.1501977619347199,0.8789473684210527,AF,AF_mean,angle_engineered,XGBoost
54,0.7722396253572674,0.11141546883834037,0.16806794320743018,0.9,AF,AF_mean,angle_engineered,XGBoost
55,0.7065340530736182,0.13801769629428262,0.21082165945542358,0.8789473684210527,AF,AF_mean,angle_engineered,XGBoost
56,0.7939902094661027,0.11040467931175231,0.18149079108056893,0.9018428618213966,AF,AF_mean,angle_engineered,XGBoost
57,0.6424457139356745,0.11842428880189595,0.20456779872291114,0.9035087719298246,AF,AF_mean,angle_engineered,XGBoost
58,0.8580952754914066,0.08402998078998769,0.1274959882175497,0.9140350877192982,AF,AF_mean,angle_engineered,XGBoost
59,0.6528887160169154,0.10694076272261767,0.13690041578492906,0.9228070175438597,AF,AF_mean,angle_engineered,XGBoost
60,0.7668254892591219,0.09918171410410026,0.14216137959113134,0.9210526315789472,AF,AF_mean,angle_engineered,XGBoost
61,0.7310455467716124,0.11621149128150936,0.14738555422156552,0.8928169115779798,AF,AF_mean,angle_engineered,XGBoost
62,0.9590766531710483,0.04400151398307399,0.05532983528600326,0.9578947368421052,AF,AF_mean,angle_engineered,XGBoost
63,0.748911131548485,0.13269198187577103,0.18775511750664375,0.9035087719298246,AF,AF_mean,angle_engineered,XGBoost
64,0.7679212435956982,0.10066958221435547,0.15564435818466416,0.8754385964912281,AF,AF_mean,angle_engineered,XGBoost
65,0.8597419089285894,0.09930279269569801,0.14190461128451337,0.9368421052631579,AF,AF_mean,angle_engineered,XGBoost
66,0.7568735833423611,0.10198660544776916,0.15604630920606083,0.9022556390977443,AF,AF_mean,angle_engineered,XGBoost
67,0.7720454848608593,0.11219836094705683,0.18553832060099423,0.9333333333333333,AF,AF_mean,angle_engineered,XGBoost
68,0.7899913323367816,0.09575081812005296,0.12802381430596144,0.9074156204835366,AF,AF_mean,angle_engineered,XGBoost
69,0.6912898906073679,0.09013342234561318,0.1741472709164418,0.882456140350877,AF,AF_mean,angle_engineered,XGBoost
70,0.885383571270744,0.07254696281633878,0.09498648173245339,0.83859649122807,AF,AF_mean,angle_engineered,XGBoost
71,0.7686010117757254,0.12178603816604613,0.1588291992718064,0.8807823112534241,AF,AF_mean,angle_engineered,XGBoost
72,0.901007963429658,0.07489907422517472,0.10480126983377058,0.9491228070175438,AF,AF_mean,angle_engineered,XGBoost
73,0.6116302288543285,0.126271012840271,0.1966016378515484,0.9122807017543859,AF,AF_mean,angle_engineered,XGBoost
74,0.813274358192021,0.08117736889287046,0.1180769122012191,0.8912280701754386,AF,AF_mean,angle_engineered,XGBoost
75,0.7165003534312872,0.10515981430254485,0.19166782797776488,0.9245614035087718,AF,AF_mean,angle_engineered,XGBoost
76,0.9099154342253644,0.07256917838859558,0.10762966364905521,0.882706766917293,AF,AF_mean,angle_engineered,XGBoost
77,0.6236325052390357,0.1007408472964638,0.17069529068078412,0.9245614035087718,AF,AF_mean,angle_engineered,XGBoost
78,0.5597324331737434,0.12446765947442306,0.18219778434731768,0.9105263157894736,AF,AF_mean,angle_engineered,XGBoost
79,0.9212548276099867,0.057671540537382424,0.07887613169119823,0.9311102256605728,AF,AF_mean,angle_engineered,XGBoost
80,0.7473282985897902,0.14185993986430923,0.20200570782235916,0.8771929824561402,AF,AF_mean,angle_engineered,XGBoost
81,0.7239945361277466,0.08349144204711914,0.16136426200392087,0.8962406015037594,AF,AF_mean,angle_engineered,XGBoost
82,0.7488356514073002,0.12110112296054243,0.16871589899864015,0.887719298245614,AF,AF_mean,angle_engineered,XGBoost
83,0.8068566822716365,0.1006867572684037,0.12705542276357726,0.8929824561403509,AF,AF_mean,angle_engineered,XGBoost
84,0.8718461106961256,0.10505283260747005,0.1395540901831995,0.9035087719298246,AF,AF_mean,angle_engineered,XGBoost
85,0.640443984470871,0.1172628169471339,0.18441939765338866,0.9245614035087718,AF,AF_mean,angle_engineered,XGBoost
86,0.6901999274672131,0.12130737044143677,0.20596852199965807,0.9233082706766916,AF,AF_mean,angle_engineered,XGBoost
87,0.7088125264605877,0.1203176103993466,0.20273796836841987,0.9157894736842105,AF,AF_mean,angle_engineered,XGBoost
88,0.8323952809034658,0.06676872097216156,0.09205554503509576,0.9087719298245613,AF,AF_mean,angle_engineered,XGBoost
89,0.6555007187417212,0.10567705965343271,0.15552814227782072,0.8982456140350877,AF,AF_mean,angle_engineered,XGBoost
90,0.8487180887871753,0.0987461882701673,0.13471210382433224,0.8771929824561402,AF,AF_mean,angle_engineered,XGBoost
91,0.7373887996681319,0.11571094060897824,0.19168812934770718,0.9218045112781955,AF,AF_mean,angle_engineered,XGBoost
92,0.8514423671034181,0.07690618307214037,0.1049828964186935,0.9105263157894736,AF,AF_mean,angle_engineered,XGBoost
93,0.3689534343931882,0.09861062118731043,0.15586426157454142,0.8912280701754386,AF,AF_mean,angle_engineered,XGBoost
94,0.7039554078715407,0.1446751431555497,0.21971114199557015,0.8456140350877193,AF,AF_mean,angle_engineered,XGBoost
95,0.856654409348946,0.09706639673935737,0.12271972429066227,0.9140350877192982,AF,AF_mean,angle_engineered,XGBoost
96,0.47705830175173636,0.15162126824760436,0.25113029073603504,0.8928169115779798,AF,AF_mean,angle_engineered,XGBoost
97,0.7048537983244144,0.12180227023676826,0.20461297613887053,0.9192982456140351,AF,AF_mean,angle_engineered,XGBoost
98,0.7675790043483799,0.07562288686049613,0.1027200350625001,0.9192982456140351,AF,AF_mean,angle_engineered,XGBoost
99,0.8718322579521093,0.09946730660488728,0.12789923812574083,0.9403508771929823,AF,AF_mean,angle_engineered,XGBoost
100,0.759646851518493,0.09983776643050342,0.1485590307287548,0.8614035087719297,AF,AF_mean,angle_engineered,XGBoost
1,0.7859266508081565,0.10851643359630106,0.16298862164261246,0.8541353383458646,AF,AF_mean,angle_rheology_enhanced,LinearRegression
2,0.645057787607816,0.13952126357556663,0.1924643487298585,0.8543859649122807,AF,AF_mean,angle_rheology_enhanced,LinearRegression
3,0.8475812022580944,0.09421188769744623,0.1381267958840256,0.9140350877192982,AF,AF_mean,angle_rheology_enhanced,LinearRegression
4,0.5965771530075977,0.13149049258480902,0.17968083307716387,0.8473684210526315,AF,AF_mean,angle_rheology_enhanced,LinearRegression
5,0.7011527923112562,0.13207042217101791,0.17815305323414293,0.9491228070175438,AF,AF_mean,angle_rheology_enhanced,LinearRegression
6,0.7786351062829094,0.09760368592498433,0.1524712617659041,0.8992481203007519,AF,AF_mean,angle_rheology_enhanced,LinearRegression
7,0.7711215804613215,0.14388943694556533,0.1893770557182824,0.9403508771929823,AF,AF_mean,angle_rheology_enhanced,LinearRegression
8,0.772991180932005,0.11362082275744202,0.1318099133851184,0.7947368421052632,AF,AF_mean,angle_rheology_enhanced,LinearRegression
9,0.7889369967213309,0.09866947798435438,0.14893547718752576,0.9105263157894736,AF,AF_mean,angle_rheology_enhanced,LinearRegression
10,0.6881483796676225,0.11166966899468637,0.15354580743506424,0.8456140350877193,AF,AF_mean,angle_rheology_enhanced,LinearRegression
11,0.8123068556240136,0.11356985434541707,0.13691839319633786,0.8796992481203006,AF,AF_mean,angle_rheology_enhanced,LinearRegression
12,0.7779428110994787,0.12248820367682475,0.15821530990580346,0.9122807017543859,AF,AF_mean,angle_rheology_enhanced,LinearRegression
13,0.6637633021156641,0.11789097042678902,0.1772306813111725,0.8842105263157896,AF,AF_mean,angle_rheology_enhanced,LinearRegression
14,0.8032834269488025,0.10303053775108166,0.15538170666043605,0.9070175438596491,AF,AF_mean,angle_rheology_enhanced,LinearRegression
15,0.8074594903618232,0.09420282143990943,0.13738823660287577,0.8035087719298245,AF,AF_mean,angle_rheology_enhanced,LinearRegression
16,0.8007517431450251,0.11773389013515759,0.15866691859579632,0.8556390977443609,AF,AF_mean,angle_rheology_enhanced,LinearRegression
17,0.6044755138098419,0.1674190361967221,0.22939481670391706,0.843859649122807,AF,AF_mean,angle_rheology_enhanced,LinearRegression
18,0.8877169426938584,0.054678334438493195,0.06552931413351835,0.8280701754385964,AF,AF_mean,angle_rheology_enhanced,LinearRegression
19,0.656624430043011,0.13193390402395003,0.1689357437534646,0.8789473684210527,AF,AF_mean,angle_rheology_enhanced,LinearRegression
20,0.9218297772321954,0.07478846228856584,0.09162520705298254,0.9035087719298246,AF,AF_mean,angle_rheology_enhanced,LinearRegression
21,0.7659001455446941,0.11303448522673225,0.17467686418021638,0.8721804511278194,AF,AF_mean,angle_rheology_enhanced,LinearRegression
22,0.8319750848627734,0.12325991892375034,0.14563547831778628,0.8228070175438595,AF,AF_mean,angle_rheology_enhanced,LinearRegression
23,0.7801204623301811,0.11746428095241741,0.18183692823879888,0.9,AF,AF_mean,angle_rheology_enhanced,LinearRegression
24,0.7017616422750288,0.11378226713699231,0.14080992989574695,0.8280701754385964,AF,AF_mean,angle_rheology_enhanced,LinearRegression
25,0.6424904078260407,0.11033780616070862,0.14791827583805112,0.9245614035087718,AF,AF_mean,angle_rheology_enhanced,LinearRegression
26,0.6923373404205324,0.12335414103409488,0.1696549578491296,0.8616541353383457,AF,AF_mean,angle_rheology_enhanced,LinearRegression
27,0.8849445183116227,0.08991890221402872,0.11091027626637771,0.8964912280701753,AF,AF_mean,angle_rheology_enhanced,LinearRegression
28,0.7949872386994918,0.10141143507312425,0.14033746552315823,0.7473684210526316,AF,AF_mean,angle_rheology_enhanced,LinearRegression
29,0.5589689134135889,0.1311459428857641,0.15706933035805712,0.7789473684210525,AF,AF_mean,angle_rheology_enhanced,LinearRegression
30,0.8422192693583721,0.105754821663701,0.1441786427404444,0.8912280701754386,AF,AF_mean,angle_rheology_enhanced,LinearRegression
31,0.5926514895593342,0.1449373777087835,0.20317179618454725,0.8270676691729323,AF,AF_mean,angle_rheology_enhanced,LinearRegression
32,0.8322379786865609,0.07888217614003672,0.09881176126439575,0.8456140350877193,AF,AF_mean,angle_rheology_enhanced,LinearRegression
33,0.7833999333968971,0.12852755496601645,0.17792595903925665,0.9,AF,AF_mean,angle_rheology_enhanced,LinearRegression
34,0.7130256659029484,0.14218866304826708,0.20082650729938548,0.9105263157894736,AF,AF_mean,angle_rheology_enhanced,LinearRegression
35,0.8366685800036826,0.08126646743852887,0.10219811166915546,0.8421052631578947,AF,AF_mean,angle_rheology_enhanced,LinearRegression
36,0.7094020688221003,0.1200228992296661,0.17235998880048292,0.813533834586466,AF,AF_mean,angle_rheology_enhanced,LinearRegression
37,0.8535173658058104,0.09428029357101317,0.12399840027626106,0.8929824561403509,AF,AF_mean,angle_rheology_enhanced,LinearRegression
38,0.7753347382698121,0.12089297327608028,0.16445026381382669,0.9140350877192982,AF,AF_mean,angle_rheology_enhanced,LinearRegression
39,0.9045869239638398,0.08678447340775361,0.11267900267092353,0.9280701754385964,AF,AF_mean,angle_rheology_enhanced,LinearRegression
40,0.6368043197165617,0.12165220066272375,0.16719021081184582,0.8771929824561402,AF,AF_mean,angle_rheology_enhanced,LinearRegression
41,0.7919771738334114,0.10999304990042802,0.1669841694843064,0.9127819548872179,AF,AF_mean,angle_rheology_enhanced,LinearRegression
42,0.601776142613959,0.18512464981756188,0.2604041676183242,0.7245614035087719,AF,AF_mean,angle_rheology_enhanced,LinearRegression
43,0.8520052745728497,0.09281207765526195,0.11143151521189737,0.9192982456140351,AF,AF_mean,angle_rheology_enhanced,LinearRegression
44,0.686896557924952,0.09719007094857032,0.12443731384940596,0.8771929824561402,AF,AF_mean,angle_rheology_enhanced,LinearRegression
45,0.8203692093548451,0.09581966301111301,0.12577400897527755,0.9087719298245613,AF,AF_mean,angle_rheology_enhanced,LinearRegression
46,0.7471719704436506,0.12045560966637062,0.17828497455369569,0.9233082706766916,AF,AF_mean,angle_rheology_enhanced,LinearRegression
47,0.6988987151603172,0.1324146845081573,0.16180759381884563,0.8771929824561402,AF,AF_mean,angle_rheology_enhanced,LinearRegression
48,0.5373227062570078,0.10405566320263215,0.13509418321822547,0.7736842105263159,AF,AF_mean,angle_rheology_enhanced,LinearRegression
49,0.8402663150230163,0.09199921924664434,0.13023056936555655,0.9315789473684211,AF,AF_mean,angle_rheology_enhanced,LinearRegression
50,0.6995693094203626,0.14808250284768618,0.20564063341177993,0.8333333333333334,AF,AF_mean,angle_rheology_enhanced,LinearRegression
51,0.9082202250283516,0.08199859115268633,0.09867977820966717,0.863157894736842,AF,AF_mean,angle_rheology_enhanced,LinearRegression
52,0.6762435422728248,0.11745047690018752,0.15758146258548436,0.8280701754385964,AF,AF_mean,angle_rheology_enhanced,LinearRegression
53,0.5504301170577063,0.1280403978814352,0.16628118608067852,0.8614035087719297,AF,AF_mean,angle_rheology_enhanced,LinearRegression
54,0.7622816664776955,0.11547693959176301,0.1717027059740217,0.8964912280701753,AF,AF_mean,angle_rheology_enhanced,LinearRegression
55,0.7657781722388513,0.12514146806169765,0.18834324701425031,0.9315789473684211,AF,AF_mean,angle_rheology_enhanced,LinearRegression
56,0.8015304811228606,0.13105281659953388,0.1781384100764253,0.8330827067669173,AF,AF_mean,angle_rheology_enhanced,LinearRegression
57,0.7652650130461467,0.10065179558828191,0.16575063102022355,0.9140350877192982,AF,AF_mean,angle_rheology_enhanced,LinearRegression
58,0.8367022753615769,0.09555994878102779,0.13676915343077417,0.9087719298245613,AF,AF_mean,angle_rheology_enhanced,LinearRegression
59,0.3561005174259648,0.14785554694751094,0.1864573206298796,0.8736842105263157,AF,AF_mean,angle_rheology_enhanced,LinearRegression
60,0.7584068139082899,0.10940558830701042,0.14470496512950884,0.8649122807017543,AF,AF_mean,angle_rheology_enhanced,LinearRegression
61,0.6159378926051381,0.1446279567530896,0.17612308312966027,0.8766917293233082,AF,AF_mean,angle_rheology_enhanced,LinearRegression
62,0.9180537740889351,0.06488627199797072,0.07829576710724769,0.9052631578947368,AF,AF_mean,angle_rheology_enhanced,LinearRegression
63,0.7851504557002201,0.1216817478971687,0.17367818493336162,0.8929824561403509,AF,AF_mean,angle_rheology_enhanced,LinearRegression
64,0.728378229163457,0.11551954954238243,0.16838289682615604,0.8947368421052632,AF,AF_mean,angle_rheology_enhanced,LinearRegression
65,0.8230408869502644,0.12244717348759106,0.15939291491399848,0.9280701754385964,AF,AF_mean,angle_rheology_enhanced,LinearRegression
66,0.7535444793672628,0.12792811544163835,0.157111039485644,0.8977443609022555,AF,AF_mean,angle_rheology_enhanced,LinearRegression
67,0.7496900013020417,0.13474476529922477,0.19442343904849543,0.8684210526315789,AF,AF_mean,angle_rheology_enhanced,LinearRegression
68,0.7062076442488987,0.11610855276094863,0.1514231924829964,0.819298245614035,AF,AF_mean,angle_rheology_enhanced,LinearRegression
69,0.7876301559320242,0.09831499761882415,0.14444006368085055,0.8526315789473684,AF,AF_mean,angle_rheology_enhanced,LinearRegression
70,0.7476156282581513,0.11375732268032787,0.14095146530305272,0.5947368421052631,AF,AF_mean,angle_rheology_enhanced,LinearRegression
71,0.7917034990418319,0.12111870272074217,0.15069214189824462,0.8661654135338346,AF,AF_mean,angle_rheology_enhanced,LinearRegression
72,0.8632428896679742,0.1001443224013852,0.12318033279758761,0.9017543859649122,AF,AF_mean,angle_rheology_enhanced,LinearRegression
73,0.5950940321468461,0.1444591297025322,0.20074350878051775,0.8596491228070176,AF,AF_mean,angle_rheology_enhanced,LinearRegression
74,0.7786958898086604,0.09288895620101457,0.12854575726987177,0.882456140350877,AF,AF_mean,angle_rheology_enhanced,LinearRegression
75,0.6629916769396449,0.13661536406089717,0.20897448990729814,0.8649122807017543,AF,AF_mean,angle_rheology_enhanced,LinearRegression
76,0.7590582440320452,0.1305242349394881,0.17602032717185803,0.7443609022556391,AF,AF_mean,angle_rheology_enhanced,LinearRegression
77,0.6480835110080976,0.10471425061180112,0.16505751161318052,0.9385964912280702,AF,AF_mean,angle_rheology_enhanced,LinearRegression
78,0.6004058309644347,0.13951892780239467,0.17357785440107584,0.8526315789473684,AF,AF_mean,angle_rheology_enhanced,LinearRegression
79,0.8490567064610149,0.09897560803246336,0.10920450266396477,0.8491228070175438,AF,AF_mean,angle_rheology_enhanced,LinearRegression
80,0.7466291605203313,0.13975514974481804,0.20228498785171914,0.8614035087719297,AF,AF_mean,angle_rheology_enhanced,LinearRegression
81,0.7662645857822115,0.08903951804427912,0.14849463933068796,0.9353383458646616,AF,AF_mean,angle_rheology_enhanced,LinearRegression
82,0.8066209898967177,0.09918698137375943,0.14804088747316144,0.9614035087719298,AF,AF_mean,angle_rheology_enhanced,LinearRegression
83,0.7110704200473195,0.12373683023123364,0.15539940981452496,0.8736842105263157,AF,AF_mean,angle_rheology_enhanced,LinearRegression
84,0.884605958554515,0.10670873249702018,0.132424507426445,0.8701754385964912,AF,AF_mean,angle_rheology_enhanced,LinearRegression
85,0.5689245601088415,0.16023248309331678,0.20192958823556817,0.6894736842105263,AF,AF_mean,angle_rheology_enhanced,LinearRegression
86,0.7764656818052217,0.11530072443702877,0.17495735278441588,0.9203007518796992,AF,AF_mean,angle_rheology_enhanced,LinearRegression
87,0.7490085889446572,0.11726164682317801,0.18822537715898727,0.8912280701754386,AF,AF_mean,angle_rheology_enhanced,LinearRegression
88,0.7162345222599535,0.10232271049902879,0.11978063523562023,0.8368421052631579,AF,AF_mean,angle_rheology_enhanced,LinearRegression
89,0.5031388768742568,0.13817883140311507,0.18678084371357065,0.8859649122807017,AF,AF_mean,angle_rheology_enhanced,LinearRegression
90,0.8903959451415301,0.09013778353903149,0.11466382580437304,0.9473684210526316,AF,AF_mean,angle_rheology_enhanced,LinearRegression
91,0.7520802327982454,0.11571110756895146,0.18624909645160223,0.9413533834586465,AF,AF_mean,angle_rheology_enhanced,LinearRegression
92,0.8742147325121742,0.07426213733804204,0.09660196353060185,0.9228070175438597,AF,AF_mean,angle_rheology_enhanced,LinearRegression
93,0.4267103783228976,0.10515863522664516,0.14856033925725556,0.819298245614035,AF,AF_mean,angle_rheology_enhanced,LinearRegression
94,0.7750514828211398,0.14172105779669197,0.19152041877765302,0.8140350877192982,AF,AF_mean,angle_rheology_enhanced,LinearRegression
95,0.8444990912651185,0.10395767065340462,0.12781701393627207,0.9263157894736841,AF,AF_mean,angle_rheology_enhanced,LinearRegression
96,0.6905333217243967,0.1253262190090033,0.19318767225911926,0.8676691729323308,AF,AF_mean,angle_rheology_enhanced,LinearRegression
97,0.752512852789226,0.13166764498319217,0.18736604854856792,0.8894736842105263,AF,AF_mean,angle_rheology_enhanced,LinearRegression
98,0.6475535616016743,0.10290791993447905,0.12649228661291556,0.7473684210526316,AF,AF_mean,angle_rheology_enhanced,LinearRegression
99,0.8184421668624631,0.12533693812680954,0.15222503627866174,0.8912280701754386,AF,AF_mean,angle_rheology_enhanced,LinearRegression
100,0.6312900629321159,0.13708342005021612,0.18399946940281217,0.8491228070175438,AF,AF_mean,angle_rheology_enhanced,LinearRegression
1,0.7858499122365638,0.10801573855490813,0.163017832175757,0.8766917293233082,AF,AF_mean,angle_rheology_enhanced,SVR_RBF
2,0.6234359312068711,0.1148953953434892,0.1982398258018749,0.8982456140350877,AF,AF_mean,angle_rheology_enhanced,SVR_RBF
3,0.8411824006660001,0.10204866599660325,0.14099638739168177,0.943859649122807,AF,AF_mean,angle_rheology_enhanced,SVR_RBF
4,0.6522710922346177,0.12654618405814874,0.16681761422087785,0.8982456140350877,AF,AF_mean,angle_rheology_enhanced,SVR_RBF
5,0.6879867530178234,0.14538044972883127,0.18203512031101504,0.9298245614035087,AF,AF_mean,angle_rheology_enhanced,SVR_RBF
6,0.7005488982421693,0.09557134144776079,0.1773358652807775,0.9203007518796992,AF,AF_mean,angle_rheology_enhanced,SVR_RBF
7,0.7967388559787281,0.13421381640824678,0.17846461526349253,0.8807017543859648,AF,AF_mean,angle_rheology_enhanced,SVR_RBF
8,0.8001969620412029,0.10370705943134009,0.12365957614373356,0.8087719298245614,AF,AF_mean,angle_rheology_enhanced,SVR_RBF
9,0.5908429190305837,0.14714256839244308,0.20736580415843572,0.9017543859649122,AF,AF_mean,angle_rheology_enhanced,SVR_RBF
10,0.21836864868933492,0.1585678999807789,0.24308879756840793,0.8614035087719297,AF,AF_mean,angle_rheology_enhanced,SVR_RBF
11,0.79536512607742,0.11370492363182667,0.14296423771930392,0.8992481203007519,AF,AF_mean,angle_rheology_enhanced,SVR_RBF
12,0.8030148080243282,0.11106369030763313,0.14901599173219107,0.9456140350877192,AF,AF_mean,angle_rheology_enhanced,SVR_RBF
13,0.45668692530759547,0.12514244440404687,0.22528974799514442,0.8684210526315789,AF,AF_mean,angle_rheology_enhanced,SVR_RBF
14,0.7811281207387619,0.11644855283759864,0.16389827988621866,0.819298245614035,AF,AF_mean,angle_rheology_enhanced,SVR_RBF
15,0.7562293223225064,0.10498788329108737,0.1545892261438627,0.7456140350877193,AF,AF_mean,angle_rheology_enhanced,SVR_RBF
16,0.7967352032825765,0.11973475028991043,0.16025818035878556,0.882706766917293,AF,AF_mean,angle_rheology_enhanced,SVR_RBF
17,0.4660573688241956,0.1761650974143235,0.26652884156411216,0.8140350877192982,AF,AF_mean,angle_rheology_enhanced,SVR_RBF
18,0.6924951267102659,0.08282732555841081,0.10844374550765722,0.8175438596491227,AF,AF_mean,angle_rheology_enhanced,SVR_RBF
19,0.7766486682960408,0.10872200710079175,0.13624831017762576,0.9192982456140351,AF,AF_mean,angle_rheology_enhanced,SVR_RBF
20,0.8972467235381654,0.07260935984109215,0.10504905108554723,0.9122807017543859,AF,AF_mean,angle_rheology_enhanced,SVR_RBF
21,0.6452232714591066,0.12964852373163757,0.2150365963522863,0.882706766917293,AF,AF_mean,angle_rheology_enhanced,SVR_RBF
22,0.8704118209713928,0.09989724789047866,0.12789778928576492,0.8666666666666666,AF,AF_mean,angle_rheology_enhanced,SVR_RBF
23,0.7367758456571981,0.1394438406070299,0.1989539418806991,0.9070175438596491,AF,AF_mean,angle_rheology_enhanced,SVR_RBF
24,0.698459811527665,0.10828530000316279,0.14158724574677928,0.7736842105263159,AF,AF_mean,angle_rheology_enhanced,SVR_RBF
25,0.41827805464177203,0.1266448935269114,0.1886842763415636,0.8964912280701753,AF,AF_mean,angle_rheology_enhanced,SVR_RBF
26,0.6725302145267398,0.12667438475861886,0.17503092110331256,0.813533834586466,AF,AF_mean,angle_rheology_enhanced,SVR_RBF
27,0.864018255225445,0.09968432072419846,0.12057532306730456,0.9017543859649122,AF,AF_mean,angle_rheology_enhanced,SVR_RBF
28,0.8442880691511607,0.07860940361316719,0.12230497590477474,0.8684210526315789,AF,AF_mean,angle_rheology_enhanced,SVR_RBF
29,0.7758877670024591,0.09363143317255698,0.1119668789320613,0.8245614035087718,AF,AF_mean,angle_rheology_enhanced,SVR_RBF
30,0.7898160606337712,0.1138950972201092,0.1664078138667042,0.9298245614035087,AF,AF_mean,angle_rheology_enhanced,SVR_RBF
31,0.6248845602787485,0.1468350173989367,0.19496776976994218,0.8045112781954886,AF,AF_mean,angle_rheology_enhanced,SVR_RBF
32,0.8410269462650622,0.07476972037743305,0.0961885933477161,0.8421052631578947,AF,AF_mean,angle_rheology_enhanced,SVR_RBF
33,0.8012975226424435,0.12744717927242208,0.17041650856066387,0.8701754385964912,AF,AF_mean,angle_rheology_enhanced,SVR_RBF
34,0.7634642145436629,0.12782912979493863,0.1823257186413981,0.9052631578947368,AF,AF_mean,angle_rheology_enhanced,SVR_RBF
35,0.8503344503020178,0.0795356188729139,0.09782929526292523,0.9070175438596491,AF,AF_mean,angle_rheology_enhanced,SVR_RBF
36,0.5937174338117653,0.11701925345714628,0.20380005251399333,0.8421052631578947,AF,AF_mean,angle_rheology_enhanced,SVR_RBF
37,0.8816962043710083,0.08859361970117187,0.11143518822737548,0.8947368421052632,AF,AF_mean,angle_rheology_enhanced,SVR_RBF
38,0.7961584702283883,0.11516039301577735,0.15664370492953733,0.8070175438596491,AF,AF_mean,angle_rheology_enhanced,SVR_RBF
39,0.9039438923673012,0.0740532129175566,0.11305806229766302,0.9508771929824561,AF,AF_mean,angle_rheology_enhanced,SVR_RBF
40,0.46114056825765637,0.15055981575834373,0.2036471105654346,0.8070175438596491,AF,AF_mean,angle_rheology_enhanced,SVR_RBF
41,0.7535391128995118,0.13023708450656674,0.18175811432012876,0.9022556390977443,AF,AF_mean,angle_rheology_enhanced,SVR_RBF
42,0.6686782945439397,0.15620672599349233,0.23752495105212576,0.8122807017543859,AF,AF_mean,angle_rheology_enhanced,SVR_RBF
43,0.7592919374153533,0.11150699239756913,0.14211183131212918,0.8508771929824561,AF,AF_mean,angle_rheology_enhanced,SVR_RBF
44,0.7760037416570751,0.08821403784005273,0.10525120789453031,0.8122807017543859,AF,AF_mean,angle_rheology_enhanced,SVR_RBF
45,0.8028540058888907,0.10028943567098784,0.13176330867333644,0.8947368421052632,AF,AF_mean,angle_rheology_enhanced,SVR_RBF
46,0.642218405055254,0.1379038001424191,0.2120855751478127,0.9263157894736842,AF,AF_mean,angle_rheology_enhanced,SVR_RBF
47,0.6495475671572513,0.13880408251557128,0.17456498480270233,0.887719298245614,AF,AF_mean,angle_rheology_enhanced,SVR_RBF
48,0.6802660834978467,0.08547739448397638,0.11230314284239205,0.8105263157894737,AF,AF_mean,angle_rheology_enhanced,SVR_RBF
49,0.6621088522821097,0.10891156795889127,0.1894100814910763,0.9315789473684211,AF,AF_mean,angle_rheology_enhanced,SVR_RBF
50,0.6863428024792974,0.1402289145552911,0.2101185590129224,0.8701754385964912,AF,AF_mean,angle_rheology_enhanced,SVR_RBF
51,0.8151723784274096,0.11043777249992566,0.14003548758367484,0.8225563909774435,AF,AF_mean,angle_rheology_enhanced,SVR_RBF
52,0.5124336838735402,0.1389941291093464,0.1933805336644689,0.7771929824561404,AF,AF_mean,angle_rheology_enhanced,SVR_RBF
53,0.6660466912985876,0.11296307596795566,0.1433135929373297,0.856140350877193,AF,AF_mean,angle_rheology_enhanced,SVR_RBF
54,0.6851544356323933,0.11594224974858519,0.19760348087878704,0.8912280701754386,AF,AF_mean,angle_rheology_enhanced,SVR_RBF
55,0.7167258364331539,0.1417126798334708,0.207128496824095,0.9263157894736841,AF,AF_mean,angle_rheology_enhanced,SVR_RBF
56,0.7552011775598889,0.13926167286193109,0.1978405567741803,0.8706766917293233,AF,AF_mean,angle_rheology_enhanced,SVR_RBF
57,0.5712305164317095,0.11648256030951189,0.2240155736928209,0.9070175438596491,AF,AF_mean,angle_rheology_enhanced,SVR_RBF
58,0.7904337025973649,0.10452443696221021,0.15493830917347906,0.7824561403508771,AF,AF_mean,angle_rheology_enhanced,SVR_RBF
59,0.6132120464011921,0.11497430779233757,0.1445129847359937,0.8789473684210527,AF,AF_mean,angle_rheology_enhanced,SVR_RBF
60,0.8497987872237209,0.0868119741276695,0.11409794223640414,0.9526315789473684,AF,AF_mean,angle_rheology_enhanced,SVR_RBF
61,0.5745996827752575,0.1459404676506033,0.18535933121039871,0.8571428571428572,AF,AF_mean,angle_rheology_enhanced,SVR_RBF
62,0.8673610195662301,0.07473699339244867,0.09961147996445364,0.9192982456140351,AF,AF_mean,angle_rheology_enhanced,SVR_RBF
63,0.7506075828609328,0.12923607220853375,0.1871197702515179,0.9245614035087718,AF,AF_mean,angle_rheology_enhanced,SVR_RBF
64,0.7199470031607214,0.11083483791085628,0.170976255238611,0.9280701754385964,AF,AF_mean,angle_rheology_enhanced,SVR_RBF
65,0.8281886398506226,0.11966313957165386,0.15705742921325497,0.8842105263157896,AF,AF_mean,angle_rheology_enhanced,SVR_RBF
66,0.7305240841991627,0.12914561686958617,0.16428480812600887,0.8932330827067668,AF,AF_mean,angle_rheology_enhanced,SVR_RBF
67,0.6742433316251384,0.1477762020128337,0.22179726126313304,0.8035087719298245,AF,AF_mean,angle_rheology_enhanced,SVR_RBF
68,0.8287573635605514,0.09092620666011919,0.11560539588048531,0.9350877192982456,AF,AF_mean,angle_rheology_enhanced,SVR_RBF
69,0.690699119863019,0.12323310012015165,0.17431382189182162,0.8491228070175438,AF,AF_mean,angle_rheology_enhanced,SVR_RBF
70,0.7680991916692181,0.10431138055524701,0.13511062310768224,0.6403508771929824,AF,AF_mean,angle_rheology_enhanced,SVR_RBF
71,0.7642744492634165,0.12201853511929586,0.1603071702964704,0.8736842105263156,AF,AF_mean,angle_rheology_enhanced,SVR_RBF
72,0.893042745194429,0.0862857133845839,0.1089360287636074,0.9315789473684211,AF,AF_mean,angle_rheology_enhanced,SVR_RBF
73,0.606282492457036,0.1315897380870256,0.19795058316361358,0.8842105263157896,AF,AF_mean,angle_rheology_enhanced,SVR_RBF
74,0.8490987793870801,0.08219677276354924,0.10614740550354668,0.8228070175438595,AF,AF_mean,angle_rheology_enhanced,SVR_RBF
75,0.5988456827320989,0.14115195064778702,0.22799677065549587,0.9052631578947368,AF,AF_mean,angle_rheology_enhanced,SVR_RBF
76,0.8641416790902873,0.09546835402266032,0.13217517975785525,0.8105263157894737,AF,AF_mean,angle_rheology_enhanced,SVR_RBF
77,0.697980415244589,0.10573105359628236,0.1529089966039378,0.8596491228070176,AF,AF_mean,angle_rheology_enhanced,SVR_RBF
78,0.5874082193129908,0.1149199984923546,0.17637825055061992,0.9087719298245613,AF,AF_mean,angle_rheology_enhanced,SVR_RBF
79,0.8511957568581976,0.07926607822933476,0.10842796127771186,0.9105263157894736,AF,AF_mean,angle_rheology_enhanced,SVR_RBF
80,0.7003168259362935,0.14785097326035884,0.2199968783695715,0.8596491228070176,AF,AF_mean,angle_rheology_enhanced,SVR_RBF
81,0.8230568814942374,0.08097026224130235,0.12920084524959538,0.8766917293233082,AF,AF_mean,angle_rheology_enhanced,SVR_RBF
82,0.6943354497036938,0.13725252491874249,0.18612278850272818,0.8578947368421052,AF,AF_mean,angle_rheology_enhanced,SVR_RBF
83,0.7405495378942271,0.11005955579278051,0.14725857252369187,0.8789473684210527,AF,AF_mean,angle_rheology_enhanced,SVR_RBF
84,0.8816707804660138,0.10585859170740726,0.13409811536315844,0.8982456140350877,AF,AF_mean,angle_rheology_enhanced,SVR_RBF
85,0.45489734253886727,0.1465780299763115,0.22707141658199403,0.7543859649122807,AF,AF_mean,angle_rheology_enhanced,SVR_RBF
86,0.533479588807512,0.14998582441084807,0.25275247669521866,0.8556390977443609,AF,AF_mean,angle_rheology_enhanced,SVR_RBF
87,0.7063888035775444,0.12978949263758063,0.20357997295207728,0.8771929824561402,AF,AF_mean,angle_rheology_enhanced,SVR_RBF
88,0.6964872121822558,0.09877484552877251,0.12387832638216298,0.7614035087719299,AF,AF_mean,angle_rheology_enhanced,SVR_RBF
89,0.6122519086239716,0.11900718090215658,0.1650021711556896,0.8912280701754386,AF,AF_mean,angle_rheology_enhanced,SVR_RBF
90,0.8568123784535873,0.10744273248187056,0.1310586997609889,0.9192982456140351,AF,AF_mean,angle_rheology_enhanced,SVR_RBF
91,0.6410494883830817,0.1449062258046267,0.22410723901888494,0.9112781954887217,AF,AF_mean,angle_rheology_enhanced,SVR_RBF
92,0.8347466972173955,0.08830102754905633,0.11072511479462695,0.887719298245614,AF,AF_mean,angle_rheology_enhanced,SVR_RBF
93,0.4173639275317853,0.10653782070934871,0.14976644714894402,0.8017543859649122,AF,AF_mean,angle_rheology_enhanced,SVR_RBF
94,0.6820865674576373,0.14597450866296038,0.227681610347401,0.8456140350877193,AF,AF_mean,angle_rheology_enhanced,SVR_RBF
95,0.8461442560933743,0.10093958512896929,0.12713907835953608,0.8719298245614034,AF,AF_mean,angle_rheology_enhanced,SVR_RBF
96,0.4191651178102611,0.17754516137562595,0.26466639873028,0.8601503759398496,AF,AF_mean,angle_rheology_enhanced,SVR_RBF
97,0.6369346535971832,0.135720009555918,0.22693786898611598,0.9157894736842105,AF,AF_mean,angle_rheology_enhanced,SVR_RBF
98,0.6408839333476264,0.09129932791493887,0.12768353507427038,0.7754385964912281,AF,AF_mean,angle_rheology_enhanced,SVR_RBF
99,0.8434792396169084,0.11433579105873773,0.14133983022746144,0.8701754385964912,AF,AF_mean,angle_rheology_enhanced,SVR_RBF
100,0.6677079802610142,0.13020291216980578,0.17467634869723495,0.8526315789473684,AF,AF_mean,angle_rheology_enhanced,SVR_RBF
1,0.8476007205026157,0.09094975272522837,0.13752049980701966,0.8812030075187969,AF,AF_mean,angle_rheology_enhanced,RandomForest
2,0.7567497913669624,0.10294270586118101,0.15933019188639386,0.8719298245614034,AF,AF_mean,angle_rheology_enhanced,RandomForest
3,0.8726643240488798,0.088713871351991,0.1262506785132835,0.9543859649122807,AF,AF_mean,angle_rheology_enhanced,RandomForest
4,0.7134457542945196,0.10501862060985827,0.1514345360360404,0.9385964912280702,AF,AF_mean,angle_rheology_enhanced,RandomForest
5,0.624801644237728,0.14333947470880498,0.19961773887011902,0.9157894736842105,AF,AF_mean,angle_rheology_enhanced,RandomForest
6,0.788367229351813,0.0962165662453704,0.14908195508336383,0.9484769380790502,AF,AF_mean,angle_rheology_enhanced,RandomForest
7,0.7968961711775984,0.13414956122775354,0.17839554000830263,0.9070175438596491,AF,AF_mean,angle_rheology_enhanced,RandomForest
8,0.8243503151417757,0.09405089159287099,0.11594456550009373,0.8473684210526315,AF,AF_mean,angle_rheology_enhanced,RandomForest
9,0.7670622129077118,0.10834581417217315,0.15646315276818248,0.9245614035087718,AF,AF_mean,angle_rheology_enhanced,RandomForest
10,0.3838096893101536,0.12784227278657476,0.21583476190290182,0.8889864831236194,AF,AF_mean,angle_rheology_enhanced,RandomForest
11,0.8292865225829695,0.10190377862037048,0.1305784452534427,0.8962406015037594,AF,AF_mean,angle_rheology_enhanced,RandomForest
12,0.6891113063049872,0.12564840058061813,0.18720547738029167,0.8894736842105263,AF,AF_mean,angle_rheology_enhanced,RandomForest
13,0.6450731137255967,0.10445335067840054,0.18208987618263037,0.9052631578947368,AF,AF_mean,angle_rheology_enhanced,RandomForest
14,0.8300467614127423,0.0938126805569476,0.1444255847722211,0.7210526315789473,AF,AF_mean,angle_rheology_enhanced,RandomForest
15,0.8391310147155322,0.08081772968045109,0.12558120675596063,0.8263157894736841,AF,AF_mean,angle_rheology_enhanced,RandomForest
16,0.8142478508585322,0.12023447056745991,0.15319904071014817,0.8812030075187969,AF,AF_mean,angle_rheology_enhanced,RandomForest
17,0.6760069733818255,0.14673150204608765,0.2076178763513945,0.834576649013388,AF,AF_mean,angle_rheology_enhanced,RandomForest
18,0.9175922024963665,0.04926267505499869,0.056138740039871425,0.763157894736842,AF,AF_mean,angle_rheology_enhanced,RandomForest
19,0.5440574646406993,0.1146690443285613,0.19466680744147855,0.9157894736842105,AF,AF_mean,angle_rheology_enhanced,RandomForest
20,0.8954711962386545,0.0738062462037039,0.10595276247268905,0.9052631578947368,AF,AF_mean,angle_rheology_enhanced,RandomForest
21,0.7778057817311074,0.09281981633730196,0.17017712876218974,0.8977443609022555,AF,AF_mean,angle_rheology_enhanced,RandomForest
22,0.856791642676741,0.10707358679546082,0.13445115140005415,0.8491228070175438,AF,AF_mean,angle_rheology_enhanced,RandomForest
23,0.7938228470516651,0.1092729163749652,0.17607996687097274,0.9385964912280702,AF,AF_mean,angle_rheology_enhanced,RandomForest
24,0.584163044790798,0.10037342678780244,0.16626968491366073,0.9122807017543859,AF,AF_mean,angle_rheology_enhanced,RandomForest
25,0.5875137273859128,0.11333711903439167,0.1588849408492899,0.8859649122807017,AF,AF_mean,angle_rheology_enhanced,RandomForest
26,0.6032678197741039,0.13702836326202522,0.19265393104747955,0.8796992481203006,AF,AF_mean,angle_rheology_enhanced,RandomForest
27,0.8219131490080237,0.11006399377680298,0.1379856923120907,0.8736842105263157,AF,AF_mean,angle_rheology_enhanced,RandomForest
28,0.851169669225597,0.07069553356250448,0.11957183794817358,0.8508771929824561,AF,AF_mean,angle_rheology_enhanced,RandomForest
29,0.7714836121714671,0.08762998561125039,0.11306168830169035,0.8421052631578947,AF,AF_mean,angle_rheology_enhanced,RandomForest
30,0.8299047063721612,0.10032785468462835,0.1496994139297032,0.9421052631578948,AF,AF_mean,angle_rheology_enhanced,RandomForest
31,0.7145437243535294,0.11958368320899497,0.17007878763748768,0.8421052631578947,AF,AF_mean,angle_rheology_enhanced,RandomForest
32,0.9099189323558229,0.05645506065466682,0.07240667051809561,0.8982456140350877,AF,AF_mean,angle_rheology_enhanced,RandomForest
33,0.8134548353470926,0.11671591027651214,0.16512088995339883,0.9140350877192982,AF,AF_mean,angle_rheology_enhanced,RandomForest
34,0.7585153117776843,0.1344661142347662,0.18422319336766288,0.9368421052631579,AF,AF_mean,angle_rheology_enhanced,RandomForest
35,0.8470265447025714,0.0767556778752436,0.09890449747078675,0.8403508771929825,AF,AF_mean,angle_rheology_enhanced,RandomForest
36,0.7462936933279796,0.09547768789556277,0.16104818313188463,0.9383458646616539,AF,AF_mean,angle_rheology_enhanced,RandomForest
37,0.881495177208479,0.07149147958159288,0.11152982589830786,0.9543859649122807,AF,AF_mean,angle_rheology_enhanced,RandomForest
38,0.7928602240901341,0.11465762016917314,0.1579059019161054,0.8666666666666666,AF,AF_mean,angle_rheology_enhanced,RandomForest
39,0.909904585170949,0.07120093032999165,0.10949401733216291,0.9298245614035087,AF,AF_mean,angle_rheology_enhanced,RandomForest
40,0.4599811574217614,0.1436270141485657,0.2038660765751308,0.8,AF,AF_mean,angle_rheology_enhanced,RandomForest
41,0.740584102045748,0.11190623586044954,0.18647391916600448,0.9443609022556391,AF,AF_mean,angle_rheology_enhanced,RandomForest
42,0.7762758886612949,0.12817432351282274,0.19518241579496232,0.83859649122807,AF,AF_mean,angle_rheology_enhanced,RandomForest
43,0.7927040164486299,0.10275257800574662,0.13188043199773772,0.9035087719298246,AF,AF_mean,angle_rheology_enhanced,RandomForest
44,0.7506712767812229,0.0831666607490949,0.11104342873624737,0.8578947368421052,AF,AF_mean,angle_rheology_enhanced,RandomForest
45,0.8567230271993951,0.084622734262044,0.11232817729621583,0.9315789473684211,AF,AF_mean,angle_rheology_enhanced,RandomForest
46,0.757829884859274,0.11614675035545927,0.17448673152103095,0.9383458646616539,AF,AF_mean,angle_rheology_enhanced,RandomForest
47,0.6198462506184788,0.11217526641312862,0.18181187030847878,0.8912280701754386,AF,AF_mean,angle_rheology_enhanced,RandomForest
48,0.7561261596107965,0.06891231946463383,0.09807993407145064,0.8649122807017543,AF,AF_mean,angle_rheology_enhanced,RandomForest
49,0.8027338754227478,0.08786400988861028,0.1447241275806786,0.9157894736842105,AF,AF_mean,angle_rheology_enhanced,RandomForest
50,0.7500252019387882,0.12169725596839345,0.18757929444178473,0.9175438596491228,AF,AF_mean,angle_rheology_enhanced,RandomForest
51,0.9029677047069578,0.07228866715674619,0.10146419703112085,0.9022556390977443,AF,AF_mean,angle_rheology_enhanced,RandomForest
52,0.7521952179101008,0.09063972972361446,0.13786395990953995,0.8017543859649122,AF,AF_mean,angle_rheology_enhanced,RandomForest
53,0.4764101490323843,0.1157812835568086,0.17944861826435238,0.9065380425140167,AF,AF_mean,angle_rheology_enhanced,RandomForest
54,0.7570328667349935,0.11074556725855018,0.17358794657334728,0.8912280701754386,AF,AF_mean,angle_rheology_enhanced,RandomForest
55,0.7515234703154359,0.12961304905527715,0.19398987220545916,0.9157894736842105,AF,AF_mean,angle_rheology_enhanced,RandomForest
56,0.8415404230199361,0.11053819478372998,0.1591731861135993,0.8225563909774435,AF,AF_mean,angle_rheology_enhanced,RandomForest
57,0.7225789465566648,0.10161092589250913,0.1801921992927481,0.8754385964912281,AF,AF_mean,angle_rheology_enhanced,RandomForest
58,0.853060570269405,0.08464376627642353,0.12973802042188906,0.8807017543859648,AF,AF_mean,angle_rheology_enhanced,RandomForest
59,0.5866360047467909,0.11301141144217844,0.14939522757232374,0.9105263157894736,AF,AF_mean,angle_rheology_enhanced,RandomForest
60,0.6150599417126136,0.11341260290517982,0.18265755758796046,0.8982456140350877,AF,AF_mean,angle_rheology_enhanced,RandomForest
61,0.740544357902746,0.12204608014496114,0.14475951145077728,0.9052631578947368,AF,AF_mean,angle_rheology_enhanced,RandomForest
62,0.9581876908821888,0.04689800719646365,0.05592756115976687,0.9684210526315788,AF,AF_mean,angle_rheology_enhanced,RandomForest
63,0.8075238332659813,0.11133788182957409,0.16438664568913552,0.9350877192982456,AF,AF_mean,angle_rheology_enhanced,RandomForest
64,0.7774352338092517,0.09972297329523282,0.15242068012290297,0.9140350877192982,AF,AF_mean,angle_rheology_enhanced,RandomForest
65,0.8489778413706122,0.10695026061384494,0.1472491794150759,0.9368421052631579,AF,AF_mean,angle_rheology_enhanced,RandomForest
66,0.6485816442532903,0.13159690860714288,0.18760726309616868,0.8270676691729323,AF,AF_mean,angle_rheology_enhanced,RandomForest
67,0.7774546322050142,0.11215846747981058,0.1833237791108144,0.9456140350877192,AF,AF_mean,angle_rheology_enhanced,RandomForest
68,0.8308986363243436,0.08247300622003247,0.11488033871812091,0.9263157894736841,AF,AF_mean,angle_rheology_enhanced,RandomForest
69,0.7975467654811841,0.09012362136452252,0.14102743498328782,0.8736842105263157,AF,AF_mean,angle_rheology_enhanced,RandomForest
70,0.9107170439735514,0.06274608020676682,0.08383447442368859,0.8543859649122807,AF,AF_mean,angle_rheology_enhanced,RandomForest
71,0.6875535044363716,0.13319863988149355,0.18455994307118723,0.8406015037593983,AF,AF_mean,angle_rheology_enhanced,RandomForest
72,0.8965956273675284,0.08474660265316061,0.10711144230061954,0.9210526315789472,AF,AF_mean,angle_rheology_enhanced,RandomForest
73,0.6513713783849786,0.12725677974241117,0.1862712982135199,0.8456140350877193,AF,AF_mean,angle_rheology_enhanced,RandomForest
74,0.7972038026982895,0.08177252306042909,0.12305319961076018,0.9,AF,AF_mean,angle_rheology_enhanced,RandomForest
75,0.7216912312271705,0.10633873824213325,0.18990500264909432,0.9192982456140351,AF,AF_mean,angle_rheology_enhanced,RandomForest
76,0.8773386791683417,0.08696066394209995,0.12559160391015978,0.8541353383458646,AF,AF_mean,angle_rheology_enhanced,RandomForest
77,0.7044036637482571,0.09722491641534377,0.1512742501495748,0.8912280701754386,AF,AF_mean,angle_rheology_enhanced,RandomForest
78,0.6985348730119332,0.10531558021233652,0.1507659557042371,0.9421052631578948,AF,AF_mean,angle_rheology_enhanced,RandomForest
79,0.9395181496420423,0.054778663237006746,0.06912675478632992,0.9368421052631579,AF,AF_mean,angle_rheology_enhanced,RandomForest
80,0.7813963074322898,0.12789488471804514,0.18789450762693022,0.9122807017543859,AF,AF_mean,angle_rheology_enhanced,RandomForest
81,0.8578519003867836,0.0657582499398147,0.11580279598472476,0.8691729323308269,AF,AF_mean,angle_rheology_enhanced,RandomForest
82,0.8222493384006199,0.10050010888028175,0.1419327529470917,0.9070175438596491,AF,AF_mean,angle_rheology_enhanced,RandomForest
83,0.7965597140932007,0.10267347418191954,0.13039827333357562,0.8754385964912281,AF,AF_mean,angle_rheology_enhanced,RandomForest
84,0.8566985948472311,0.115769244587985,0.1475712984926914,0.8701754385964912,AF,AF_mean,angle_rheology_enhanced,RandomForest
85,0.6837924850802172,0.10800579713127481,0.1729455585131695,0.9280701754385964,AF,AF_mean,angle_rheology_enhanced,RandomForest
86,0.7287483080449764,0.12071074854593582,0.19272866934833077,0.9353383458646616,AF,AF_mean,angle_rheology_enhanced,RandomForest
87,0.7718987271094404,0.09957556983899146,0.17943724818444934,0.9070175438596491,AF,AF_mean,angle_rheology_enhanced,RandomForest
88,0.7860990761110815,0.0865419513728764,0.10399516842790088,0.8771929824561402,AF,AF_mean,angle_rheology_enhanced,RandomForest
89,0.5159093306222035,0.12444773101598727,0.1843648737888056,0.8526315789473684,AF,AF_mean,angle_rheology_enhanced,RandomForest
90,0.8710698608091362,0.09277930451197404,0.12436275751369202,0.9122807017543859,AF,AF_mean,angle_rheology_enhanced,RandomForest
91,0.7841588284163963,0.10057919353637587,0.17378238037920418,0.9203007518796992,AF,AF_mean,angle_rheology_enhanced,RandomForest
92,0.8452838871118078,0.08445401266221103,0.10713684128996896,0.8894736842105263,AF,AF_mean,angle_rheology_enhanced,RandomForest
93,0.23633148781117153,0.09587615025504673,0.17146215769434942,0.9333333333333333,AF,AF_mean,angle_rheology_enhanced,RandomForest
94,0.7556630427141776,0.13582330559663017,0.19960347413671187,0.83859649122807,AF,AF_mean,angle_rheology_enhanced,RandomForest
95,0.8350523549335062,0.10576944727519562,0.13164223935788363,0.8789473684210527,AF,AF_mean,angle_rheology_enhanced,RandomForest
96,0.5330026124059755,0.15299153783663977,0.23731745840307292,0.882706766917293,AF,AF_mean,angle_rheology_enhanced,RandomForest
97,0.7558375939161318,0.11079907352984768,0.18610325583003648,0.9035087719298246,AF,AF_mean,angle_rheology_enhanced,RandomForest
98,0.7515998941439562,0.08050532442703978,0.1061923834778329,0.9157894736842105,AF,AF_mean,angle_rheology_enhanced,RandomForest
99,0.8655640874446181,0.09934487334864922,0.1309894264548682,0.9543859649122807,AF,AF_mean,angle_rheology_enhanced,RandomForest
100,0.7248200227243643,0.11496018211292097,0.15895806397988096,0.8649122807017543,AF,AF_mean,angle_rheology_enhanced,RandomForest
1,0.7764001392470394,0.09875750717558474,0.166575739352939,0.8857142857142858,AF,AF_mean,angle_rheology_enhanced,GradientBoosting
2,0.7185407148036531,0.10600972427859229,0.1713875453050818,0.9052631578947368,AF,AF_mean,angle_rheology_enhanced,GradientBoosting
3,0.8567456920853178,0.08504152065750982,0.13390984804884626,0.9684210526315788,AF,AF_mean,angle_rheology_enhanced,GradientBoosting
4,0.727041781226468,0.10756547666311471,0.14779835326035226,0.9350877192982456,AF,AF_mean,angle_rheology_enhanced,GradientBoosting
5,0.6826982147713283,0.13496185257482116,0.18357136042584218,0.9469066291119304,AF,AF_mean,angle_rheology_enhanced,GradientBoosting
6,0.7489451948843111,0.09569087589677097,0.16237452354022766,0.9522377506804737,AF,AF_mean,angle_rheology_enhanced,GradientBoosting
7,0.7667226558654658,0.14184434567594317,0.19118825896753158,0.910925932361616,AF,AF_mean,angle_rheology_enhanced,GradientBoosting
8,0.854839733602653,0.08264943829079135,0.10540242145000163,0.8679246118551428,AF,AF_mean,angle_rheology_enhanced,GradientBoosting
9,0.539727117641803,0.14623895023580094,0.21993776058221723,0.9174718198009577,AF,AF_mean,angle_rheology_enhanced,GradientBoosting
10,0.2864778097842331,0.14267122910206162,0.232256406390027,0.9020649023881135,AF,AF_mean,angle_rheology_enhanced,GradientBoosting
11,0.8113204259553184,0.10862532120004649,0.13727771206365888,0.9203007518796992,AF,AF_mean,angle_rheology_enhanced,GradientBoosting
12,0.7170909519682043,0.11352783681468856,0.17858274988375145,0.884109208171832,AF,AF_mean,angle_rheology_enhanced,GradientBoosting
13,0.5422501370825883,0.11606275150149015,0.20679044248708758,0.9175438596491228,AF,AF_mean,angle_rheology_enhanced,GradientBoosting
14,0.8096553315085036,0.09712852189312238,0.15284448419873958,0.9491228070175438,AF,AF_mean,angle_rheology_enhanced,GradientBoosting
15,0.5435718830979372,0.10988646178256059,0.21153132308366626,0.7942080624154744,AF,AF_mean,angle_rheology_enhanced,GradientBoosting
16,0.7801176534572576,0.12060317411350603,0.16668031163795893,0.8872180451127819,AF,AF_mean,angle_rheology_enhanced,GradientBoosting
17,0.5402150613761746,0.1477760691257179,0.24732856825606062,0.8315789473684211,AF,AF_mean,angle_rheology_enhanced,GradientBoosting
18,0.7681941678068549,0.07702219677704684,0.09415441449115745,0.8398421168305072,AF,AF_mean,angle_rheology_enhanced,GradientBoosting
19,0.6628239137193225,0.11047790615051299,0.16740376997504033,0.9298245614035087,AF,AF_mean,angle_rheology_enhanced,GradientBoosting
20,0.8946364643567131,0.0709277063864497,0.10637497281006962,0.9192982456140351,AF,AF_mean,angle_rheology_enhanced,GradientBoosting
21,0.6534209537994036,0.11387319906007232,0.2125376948918709,0.932330827067669,AF,AF_mean,angle_rheology_enhanced,GradientBoosting
22,0.8644914758411848,0.09342711915937833,0.13078672108050954,0.8701754385964912,AF,AF_mean,angle_rheology_enhanced,GradientBoosting
23,0.724481287064461,0.1231530910845373,0.2035472452819394,0.9245614035087718,AF,AF_mean,angle_rheology_enhanced,GradientBoosting
24,0.7110281111717167,0.09825643327249745,0.13860513845340905,0.863157894736842,AF,AF_mean,angle_rheology_enhanced,GradientBoosting
25,0.4706028143513392,0.11114334344593628,0.1799984646774993,0.9368421052631579,AF,AF_mean,angle_rheology_enhanced,GradientBoosting
26,0.6370202702674319,0.13591333270985753,0.1842766663643456,0.8702520359694378,AF,AF_mean,angle_rheology_enhanced,GradientBoosting
27,0.7681906063658568,0.12124332551669192,0.1574286042571401,0.8810882813979407,AF,AF_mean,angle_rheology_enhanced,GradientBoosting
28,0.8556586305807958,0.06788058634242768,0.11775479264271378,0.9258447578434535,AF,AF_mean,angle_rheology_enhanced,GradientBoosting
29,0.7451317760046331,0.09807392282594345,0.11940283470663439,0.9122807017543859,AF,AF_mean,angle_rheology_enhanced,GradientBoosting
30,0.7325242847962558,0.1102642078881525,0.18772241392862588,0.9263157894736841,AF,AF_mean,angle_rheology_enhanced,GradientBoosting
31,0.7280371652693504,0.1179431209733706,0.16601033786540445,0.8198571471103606,AF,AF_mean,angle_rheology_enhanced,GradientBoosting
32,0.8791274142826302,0.055610754693804325,0.08387368450892395,0.9245614035087718,AF,AF_mean,angle_rheology_enhanced,GradientBoosting
33,0.8244841159365519,0.10985715541472503,0.16016522768417416,0.9214568679958542,AF,AF_mean,angle_rheology_enhanced,GradientBoosting
34,0.6673464333304965,0.140914193034304,0.21621986853816555,0.8842105263157896,AF,AF_mean,angle_rheology_enhanced,GradientBoosting
35,0.8910496462892031,0.0697438941026118,0.0834684453733629,0.8842105263157896,AF,AF_mean,angle_rheology_enhanced,GradientBoosting
36,0.6579240757574317,0.10829367646877816,0.1870042396179724,0.8902255639097743,AF,AF_mean,angle_rheology_enhanced,GradientBoosting
37,0.8555917898756918,0.09294403589397165,0.12311726357380058,0.9245614035087718,AF,AF_mean,angle_rheology_enhanced,GradientBoosting
38,0.8059765268016297,0.1097942942259743,0.15282476928712996,0.8508771929824561,AF,AF_mean,angle_rheology_enhanced,GradientBoosting
39,0.8955539674575116,0.08268415341970647,0.11789218569699836,0.955682408807129,AF,AF_mean,angle_rheology_enhanced,GradientBoosting
40,0.39603872898802284,0.13578058071308197,0.21559816160018558,0.904782886574977,AF,AF_mean,angle_rheology_enhanced,GradientBoosting
41,0.62261895611665,0.14195422179355693,0.2249105592495213,0.918796992481203,AF,AF_mean,angle_rheology_enhanced,GradientBoosting
42,0.6752397945010327,0.15864120581481653,0.23516121584600272,0.8210526315789475,AF,AF_mean,angle_rheology_enhanced,GradientBoosting
43,0.8347270233356853,0.09668919783259311,0.1177567583778864,0.9398860053557714,AF,AF_mean,angle_rheology_enhanced,GradientBoosting
44,0.7442972859545057,0.08520976403818543,0.112453862137846,0.8894736842105263,AF,AF_mean,angle_rheology_enhanced,GradientBoosting
45,0.8259586184388317,0.09274506858162515,0.12380174733859965,0.9210526315789472,AF,AF_mean,angle_rheology_enhanced,GradientBoosting
46,0.6996878336573207,0.11247457636052949,0.19430706723557317,0.9213990873487998,AF,AF_mean,angle_rheology_enhanced,GradientBoosting
47,0.6411117519820678,0.12417720800829345,0.17665348681479137,0.8863537492150598,AF,AF_mean,angle_rheology_enhanced,GradientBoosting
48,0.7809252434256867,0.06596652804336146,0.09295948851602334,0.8701754385964912,AF,AF_mean,angle_rheology_enhanced,GradientBoosting
49,0.8030684968477493,0.08886120016169849,0.14460132811804197,0.9350877192982456,AF,AF_mean,angle_rheology_enhanced,GradientBoosting
50,0.617430537435877,0.1505119581978641,0.23205553692486505,0.8740676576417817,AF,AF_mean,angle_rheology_enhanced,GradientBoosting
51,0.8480898417517079,0.08765831814937818,0.12695449389855257,0.8857142857142858,AF,AF_mean,angle_rheology_enhanced,GradientBoosting
52,0.7133136449919549,0.08807881193626474,0.14828575019401916,0.8771929824561402,AF,AF_mean,angle_rheology_enhanced,GradientBoosting
53,0.7012776204933155,0.0852059375238801,0.13554340418457353,0.8942519509407386,AF,AF_mean,angle_rheology_enhanced,GradientBoosting
54,0.7655462406335449,0.1094435421082753,0.1705196377796762,0.9003949967273777,AF,AF_mean,angle_rheology_enhanced,GradientBoosting
55,0.7087195257482493,0.13793908953031592,0.2100351866222914,0.8929824561403509,AF,AF_mean,angle_rheology_enhanced,GradientBoosting
56,0.7213795567448538,0.1348939130575884,0.2110654523096642,0.8908956622838525,AF,AF_mean,angle_rheology_enhanced,GradientBoosting
57,0.6519490248787199,0.11602198099902211,0.2018309224650678,0.8842105263157896,AF,AF_mean,angle_rheology_enhanced,GradientBoosting
58,0.8354671228874232,0.08668659186914077,0.13728542676256084,0.9228070175438597,AF,AF_mean,angle_rheology_enhanced,GradientBoosting
59,0.6561241426043192,0.10921566682682289,0.13626089721362514,0.9140350877192982,AF,AF_mean,angle_rheology_enhanced,GradientBoosting
60,0.7433254788506716,0.10036358614827011,0.14915316469071244,0.9052631578947368,AF,AF_mean,angle_rheology_enhanced,GradientBoosting
61,0.7236038588075075,0.12128632568555867,0.14941064371652363,0.9033471868619661,AF,AF_mean,angle_rheology_enhanced,GradientBoosting
62,0.9625122404333009,0.04349882370108529,0.05295641148610575,0.9793770139841652,AF,AF_mean,angle_rheology_enhanced,GradientBoosting
63,0.7309015983041288,0.14592259098224586,0.19437195931447648,0.9,AF,AF_mean,angle_rheology_enhanced,GradientBoosting
64,0.7480171429624904,0.10963093246621902,0.16218145282022067,0.8403508771929825,AF,AF_mean,angle_rheology_enhanced,GradientBoosting
65,0.8486463823748598,0.10435046993809717,0.1474106799354192,0.9328653815996124,AF,AF_mean,angle_rheology_enhanced,GradientBoosting
66,0.7435026830450543,0.10190630779254692,0.1602798177412825,0.8905604240171257,AF,AF_mean,angle_rheology_enhanced,GradientBoosting
67,0.7380701756003274,0.1290986845016336,0.19888498539257526,0.9267223358129735,AF,AF_mean,angle_rheology_enhanced,GradientBoosting
68,0.7899517236791285,0.09885595751480701,0.12803588669424534,0.9333333333333333,AF,AF_mean,angle_rheology_enhanced,GradientBoosting
69,0.600746575955436,0.09984371661846081,0.19804577043862143,0.8684210526315789,AF,AF_mean,angle_rheology_enhanced,GradientBoosting
70,0.879478937152288,0.0702838994194159,0.09740244128683966,0.8368421052631579,AF,AF_mean,angle_rheology_enhanced,GradientBoosting
71,0.7479327420931967,0.13309916788718584,0.1657707250778002,0.8436090225563909,AF,AF_mean,angle_rheology_enhanced,GradientBoosting
72,0.9105874778650908,0.07137573742109482,0.09960143328882307,0.9403508771929823,AF,AF_mean,angle_rheology_enhanced,GradientBoosting
73,0.595694575651367,0.13170243277033156,0.20059458538356853,0.9214568679958542,AF,AF_mean,angle_rheology_enhanced,GradientBoosting
74,0.8668262282229109,0.07373185465911654,0.0997177239325131,0.8968846848492982,AF,AF_mean,angle_rheology_enhanced,GradientBoosting
75,0.6774552114030445,0.11118018871394175,0.20444098989249704,0.9122807017543859,AF,AF_mean,angle_rheology_enhanced,GradientBoosting
76,0.8893104885948129,0.0823429722243383,0.11930537867967675,0.8431741852391875,AF,AF_mean,angle_rheology_enhanced,GradientBoosting
77,0.585446752557486,0.10527653819833467,0.17914539386366304,0.9192982456140351,AF,AF_mean,angle_rheology_enhanced,GradientBoosting
78,0.621958728524751,0.11633139845653429,0.1688318394435167,0.9,AF,AF_mean,angle_rheology_enhanced,GradientBoosting
79,0.9291362325111491,0.05730626687826551,0.07482483250806067,0.9363756934776919,AF,AF_mean,angle_rheology_enhanced,GradientBoosting
80,0.7196805321597584,0.14433876203804888,0.21277077161917654,0.8652918779465831,AF,AF_mean,angle_rheology_enhanced,GradientBoosting
81,0.71373466406333,0.08121708445746996,0.16433607020216123,0.8796992481203006,AF,AF_mean,angle_rheology_enhanced,GradientBoosting
82,0.714745982771358,0.1317578534892354,0.179801329290679,0.9052631578947368,AF,AF_mean,angle_rheology_enhanced,GradientBoosting
83,0.8008138845278159,0.10382928063177856,0.1290276813562569,0.8947368421052632,AF,AF_mean,angle_rheology_enhanced,GradientBoosting
84,0.8561594564015453,0.11120486822485033,0.1478486393465416,0.904782886574977,AF,AF_mean,angle_rheology_enhanced,GradientBoosting
85,0.597611158727676,0.12379985409658914,0.19509506505255,0.8982456140350877,AF,AF_mean,angle_rheology_enhanced,GradientBoosting
86,0.6562057731659682,0.1274185853202468,0.2169748439937125,0.9266642249907928,AF,AF_mean,angle_rheology_enhanced,GradientBoosting
87,0.7103566690370565,0.11969642754095484,0.20219970266467774,0.9065380425140167,AF,AF_mean,angle_rheology_enhanced,GradientBoosting
88,0.8108220937281934,0.07586526529679961,0.09780071722854707,0.8929824561403509,AF,AF_mean,angle_rheology_enhanced,GradientBoosting
89,0.64519388804847,0.10847403292567692,0.1578375644099503,0.8666666666666666,AF,AF_mean,angle_rheology_enhanced,GradientBoosting
90,0.8255731002283815,0.10711161012011257,0.14465046973036916,0.8842105263157896,AF,AF_mean,angle_rheology_enhanced,GradientBoosting
91,0.6758756221014064,0.12771020488132942,0.21295823805365163,0.9142857142857143,AF,AF_mean,angle_rheology_enhanced,GradientBoosting
92,0.8385556305891018,0.07920561086809472,0.10944162091329541,0.9035087719298246,AF,AF_mean,angle_rheology_enhanced,GradientBoosting
93,0.4318476122436953,0.09916442350979315,0.14789321864435445,0.8754385964912281,AF,AF_mean,angle_rheology_enhanced,GradientBoosting
94,0.6848587648526401,0.1504450517949573,0.22668674775363815,0.846862740586666,AF,AF_mean,angle_rheology_enhanced,GradientBoosting
95,0.8280096062889951,0.1084506954075015,0.134423220812012,0.8982456140350877,AF,AF_mean,angle_rheology_enhanced,GradientBoosting
96,0.3435394947149891,0.16792903137807275,0.2813693351129816,0.8678966766671105,AF,AF_mean,angle_rheology_enhanced,GradientBoosting
97,0.7190333742977951,0.11084743828705458,0.19963741646078023,0.9192982456140351,AF,AF_mean,angle_rheology_enhanced,GradientBoosting
98,0.7774254834676073,0.07342904559634937,0.10052062950258048,0.9473684210526316,AF,AF_mean,angle_rheology_enhanced,GradientBoosting
99,0.8810844719015433,0.0966045438710239,0.12319635972462638,0.9333333333333333,AF,AF_mean,angle_rheology_enhanced,GradientBoosting
100,0.7277140063731253,0.10920962649908345,0.15811999806699142,0.8995174187578578,AF,AF_mean,angle_rheology_enhanced,GradientBoosting
1,0.8049156277026069,0.09167417539978026,0.1555919864492628,0.8902255639097743,AF,AF_mean,angle_rheology_enhanced,XGBoost
2,0.7185899584194234,0.10710862219961063,0.17137255181924632,0.9140350877192982,AF,AF_mean,angle_rheology_enhanced,XGBoost
3,0.8671601953389717,0.08171269712749284,0.12895042741102175,0.9543859649122807,AF,AF_mean,angle_rheology_enhanced,XGBoost
4,0.7345668698139218,0.1077424243706151,0.14574681464363587,0.9403508771929823,AF,AF_mean,angle_rheology_enhanced,XGBoost
5,0.6704185547592706,0.13968961542229905,0.18708977192783838,0.9473684210526316,AF,AF_mean,angle_rheology_enhanced,XGBoost
6,0.6839068329697439,0.1116391603164673,0.1821969802259382,0.918796992481203,AF,AF_mean,angle_rheology_enhanced,XGBoost
7,0.8036982522541879,0.1327994448551379,0.17538280850755333,0.9245614035087718,AF,AF_mean,angle_rheology_enhanced,XGBoost
8,0.8774339753873305,0.07633184597216153,0.09685270619515612,0.8614035087719297,AF,AF_mean,angle_rheology_enhanced,XGBoost
9,0.6181793493419667,0.13263803364603144,0.20031884668981084,0.9192277467288066,AF,AF_mean,angle_rheology_enhanced,XGBoost
10,0.4633200039246125,0.1267914516689903,0.2014288457249939,0.9052631578947368,AF,AF_mean,angle_rheology_enhanced,XGBoost
11,0.8018896054618091,0.1087368166103363,0.14066667445224756,0.9248120300751879,AF,AF_mean,angle_rheology_enhanced,XGBoost
12,0.7347964577161292,0.10565958766134163,0.17290428158363302,0.9087719298245613,AF,AF_mean,angle_rheology_enhanced,XGBoost
13,0.5584981078775213,0.11760919414319489,0.2030872391355938,0.9070175438596491,AF,AF_mean,angle_rheology_enhanced,XGBoost
14,0.8239239373443699,0.09378848653893722,0.14700414189183328,0.9368421052631579,AF,AF_mean,angle_rheology_enhanced,XGBoost
15,0.6927419440884374,0.09092831958369203,0.17355619891586904,0.8052631578947368,AF,AF_mean,angle_rheology_enhanced,XGBoost
16,0.7925069069913523,0.12196917196846013,0.16191643924142698,0.8812030075187969,AF,AF_mean,angle_rheology_enhanced,XGBoost
17,0.5574346332616762,0.14789357583096155,0.24265297792280427,0.834576649013388,AF,AF_mean,angle_rheology_enhanced,XGBoost
18,0.829212857328145,0.07093451917347157,0.08081762694911843,0.8543859649122807,AF,AF_mean,angle_rheology_enhanced,XGBoost
19,0.6587638961345063,0.10736677160363445,0.1684086284301418,0.9333333333333333,AF,AF_mean,angle_rheology_enhanced,XGBoost
20,0.9016374556864359,0.07073195994326943,0.10278013203196733,0.9017543859649122,AF,AF_mean,angle_rheology_enhanced,XGBoost
21,0.7059387996160584,0.10497898188591001,0.19577339754080186,0.9398496240601503,AF,AF_mean,angle_rheology_enhanced,XGBoost
22,0.870409946658608,0.0971421117441278,0.1278987142142445,0.8719298245614034,AF,AF_mean,angle_rheology_enhanced,XGBoost
23,0.7324660084096966,0.12398357964766653,0.20057609107992816,0.9210526315789472,AF,AF_mean,angle_rheology_enhanced,XGBoost
24,0.6994194209335856,0.10014558078966641,0.14136177543486592,0.8473684210526315,AF,AF_mean,angle_rheology_enhanced,XGBoost
25,0.5505440604928289,0.10382575607902127,0.16585231910568163,0.9421052631578948,AF,AF_mean,angle_rheology_enhanced,XGBoost
26,0.693327264729144,0.1251438552207947,0.1693818001010302,0.9040993493822508,AF,AF_mean,angle_rheology_enhanced,XGBoost
27,0.8329696618211424,0.10592474215858862,0.13363364358027388,0.8771929824561402,AF,AF_mean,angle_rheology_enhanced,XGBoost
28,0.8567318895002087,0.0668414077859176,0.11731618939057797,0.8859649122807017,AF,AF_mean,angle_rheology_enhanced,XGBoost
29,0.7640587628439022,0.09338585507242303,0.1148837801457851,0.9087719298245613,AF,AF_mean,angle_rheology_enhanced,XGBoost
30,0.7670652522768642,0.10061231476030848,0.17518264964699615,0.9280701754385964,AF,AF_mean,angle_rheology_enhanced,XGBoost
31,0.7265559623624611,0.11737063823890685,0.1664617986261764,0.7834586466165413,AF,AF_mean,angle_rheology_enhanced,XGBoost
32,0.9143828188038363,0.04822777664385345,0.07058985307951718,0.9140350877192982,AF,AF_mean,angle_rheology_enhanced,XGBoost
33,0.828338774525443,0.11140211748223554,0.1583966990586545,0.9298245614035087,AF,AF_mean,angle_rheology_enhanced,XGBoost
34,0.6862817472911995,0.13818099709962542,0.20997587542188847,0.8719298245614034,AF,AF_mean,angle_rheology_enhanced,XGBoost
35,0.8811757020636587,0.07610857309040271,0.08716871240197824,0.8614035087719297,AF,AF_mean,angle_rheology_enhanced,XGBoost
36,0.6625695380237437,0.10866592505455017,0.18573012087924204,0.8842105263157894,AF,AF_mean,angle_rheology_enhanced,XGBoost
37,0.8632607418489,0.09394543555209513,0.11980353183975147,0.9280701754385964,AF,AF_mean,angle_rheology_enhanced,XGBoost
38,0.827532733131845,0.10145718972457085,0.14408539188795427,0.8894736842105263,AF,AF_mean,angle_rheology_enhanced,XGBoost
39,0.9097206906505739,0.07588652678841039,0.10960570495635147,0.9298245614035087,AF,AF_mean,angle_rheology_enhanced,XGBoost
40,0.4584956820182211,0.12422636404137864,0.2041462798235324,0.8842105263157896,AF,AF_mean,angle_rheology_enhanced,XGBoost
41,0.6735569114640065,0.13224325077056884,0.20918163047431285,0.9353383458646616,AF,AF_mean,angle_rheology_enhanced,XGBoost
42,0.7277892720823784,0.14245233701806323,0.21529647120325762,0.8421052631578947,AF,AF_mean,angle_rheology_enhanced,XGBoost
43,0.7906224648641226,0.10541505872626053,0.13254091326137277,0.9052631578947368,AF,AF_mean,angle_rheology_enhanced,XGBoost
44,0.7448618401982735,0.08143625903681705,0.112329652689787,0.9245614035087718,AF,AF_mean,angle_rheology_enhanced,XGBoost
45,0.8167443213001846,0.09748232583899247,0.1270367088688249,0.9052631578947368,AF,AF_mean,angle_rheology_enhanced,XGBoost
46,0.6969255922799423,0.11710703925514221,0.19519863032117732,0.9409553128762029,AF,AF_mean,angle_rheology_enhanced,XGBoost
47,0.6201386396615477,0.12698836076033743,0.18174193804482885,0.8771929824561402,AF,AF_mean,angle_rheology_enhanced,XGBoost
48,0.7942680036793361,0.06224741422753585,0.09008416901017753,0.8789473684210527,AF,AF_mean,angle_rheology_enhanced,XGBoost
49,0.8091838946316486,0.08495634724064877,0.14233843866434132,0.9526315789473684,AF,AF_mean,angle_rheology_enhanced,XGBoost
50,0.637757426548795,0.1442689574592992,0.225806547252493,0.887719298245614,AF,AF_mean,angle_rheology_enhanced,XGBoost
51,0.8716259056404283,0.08439048047161105,0.11670604906934712,0.8691729323308269,AF,AF_mean,angle_rheology_enhanced,XGBoost
52,0.723877805925887,0.08862847348062615,0.14552800139304028,0.8912280701754386,AF,AF_mean,angle_rheology_enhanced,XGBoost
53,0.610693501868999,0.10209584866975484,0.15473563274598082,0.8684210526315789,AF,AF_mean,angle_rheology_enhanced,XGBoost
54,0.7780079385371508,0.10986591747685485,0.16592603032462774,0.8982456140350877,AF,AF_mean,angle_rheology_enhanced,XGBoost
55,0.6995834519751973,0.13787733927676551,0.21330365450803662,0.8719298245614034,AF,AF_mean,angle_rheology_enhanced,XGBoost
56,0.7827061852011674,0.11286704619026185,0.1863950374540007,0.8796992481203006,AF,AF_mean,angle_rheology_enhanced,XGBoost
57,0.6421471460511432,0.11534699510473956,0.20465319083297265,0.9052631578947368,AF,AF_mean,angle_rheology_enhanced,XGBoost
58,0.8606555569008865,0.08215838490536341,0.12634059537474412,0.9070175438596491,AF,AF_mean,angle_rheology_enhanced,XGBoost
59,0.660934577278323,0.10646703845777007,0.1353044726183292,0.9228070175438597,AF,AF_mean,angle_rheology_enhanced,XGBoost
60,0.7773522525469337,0.09651939421804326,0.1389153524540622,0.924089601904414,AF,AF_mean,angle_rheology_enhanced,XGBoost
61,0.7204245393604547,0.11831977979660033,0.15026750434588906,0.882706766917293,AF,AF_mean,angle_rheology_enhanced,XGBoost
62,0.9598519710490397,0.04356040593799791,0.05480320018824171,0.9719298245614034,AF,AF_mean,angle_rheology_enhanced,XGBoost
63,0.7480829790835963,0.1334548460388184,0.18806449375343418,0.9140350877192982,AF,AF_mean,angle_rheology_enhanced,XGBoost
64,0.7656196656926589,0.09833183408837569,0.15641423441496108,0.8947368421052632,AF,AF_mean,angle_rheology_enhanced,XGBoost
65,0.8566006623832487,0.10092390727595281,0.14348487347597247,0.9350877192982456,AF,AF_mean,angle_rheology_enhanced,XGBoost
66,0.7555629100918679,0.10427559594726561,0.15646635985614177,0.900751879699248,AF,AF_mean,angle_rheology_enhanced,XGBoost
67,0.7574630804370075,0.11702215230038293,0.1913808374044355,0.9368421052631579,AF,AF_mean,angle_rheology_enhanced,XGBoost
68,0.7856086260197755,0.09459785096821034,0.12935279173486977,0.8947368421052632,AF,AF_mean,angle_rheology_enhanced,XGBoost
69,0.669331742801684,0.09290318744659425,0.18023432332299988,0.8912280701754386,AF,AF_mean,angle_rheology_enhanced,XGBoost
70,0.8867610782333107,0.0722375958874351,0.09441396321362176,0.8210526315789475,AF,AF_mean,angle_rheology_enhanced,XGBoost
71,0.7581384102367972,0.12585563874435426,0.16238019932439304,0.8582174356448821,AF,AF_mean,angle_rheology_enhanced,XGBoost
72,0.8998560236830065,0.07750960081200847,0.10540927615405837,0.9473684210526316,AF,AF_mean,angle_rheology_enhanced,XGBoost
73,0.6304042246471189,0.12185543447996443,0.191790866451873,0.9192982456140351,AF,AF_mean,angle_rheology_enhanced,XGBoost
74,0.8332288685200764,0.07776014751032781,0.11158952905625481,0.8982456140350877,AF,AF_mean,angle_rheology_enhanced,XGBoost
75,0.712998181532474,0.10698273138748973,0.19284806459697038,0.9035087719298246,AF,AF_mean,angle_rheology_enhanced,XGBoost
76,0.915669765963568,0.07170206844902037,0.10413541236358578,0.8812030075187969,AF,AF_mean,angle_rheology_enhanced,XGBoost
77,0.6022707949377306,0.09964896566491378,0.17547256580345436,0.9315789473684211,AF,AF_mean,angle_rheology_enhanced,XGBoost
78,0.5562120152171206,0.12593407176770663,0.18292476868979574,0.8947368421052632,AF,AF_mean,angle_rheology_enhanced,XGBoost
79,0.9226529548143838,0.05565389194086978,0.07817276944566313,0.9311102256605728,AF,AF_mean,angle_rheology_enhanced,XGBoost
80,0.7500972122716915,0.14104530749873112,0.20089581463438952,0.8807017543859648,AF,AF_mean,angle_rheology_enhanced,XGBoost
81,0.7346001526638692,0.08120196207618714,0.15823365164849001,0.8902255639097743,AF,AF_mean,angle_rheology_enhanced,XGBoost
82,0.7399927057798843,0.12138324742969718,0.17166026532238407,0.882456140350877,AF,AF_mean,angle_rheology_enhanced,XGBoost
83,0.7969020766832625,0.10363827261673778,0.13028850577091095,0.8929824561403509,AF,AF_mean,angle_rheology_enhanced,XGBoost
84,0.8736680160525812,0.10363701647105969,0.13855855083058877,0.9157894736842105,AF,AF_mean,angle_rheology_enhanced,XGBoost
85,0.615491325008704,0.12217516234146919,0.19071128433657247,0.9175438596491228,AF,AF_mean,angle_rheology_enhanced,XGBoost
86,0.6892944289346856,0.12112279273796082,0.20626930971549118,0.918796992481203,AF,AF_mean,angle_rheology_enhanced,XGBoost
87,0.7075600489576853,0.12102495691399824,0.20317351643111495,0.9070175438596491,AF,AF_mean,angle_rheology_enhanced,XGBoost
88,0.8296752041478272,0.06852190906926206,0.09279952878309844,0.9087719298245613,AF,AF_mean,angle_rheology_enhanced,XGBoost
89,0.6521204891108272,0.10883081669857625,0.15628930138247554,0.9035087719298246,AF,AF_mean,angle_rheology_enhanced,XGBoost
90,0.8559685782097037,0.09669323565232128,0.13144429496095908,0.8719298245614034,AF,AF_mean,angle_rheology_enhanced,XGBoost
91,0.6982983022329923,0.12446783448219297,0.20546008992957424,0.9203007518796992,AF,AF_mean,angle_rheology_enhanced,XGBoost
92,0.8530621773593133,0.07621589226973687,0.1044089829197131,0.9105263157894736,AF,AF_mean,angle_rheology_enhanced,XGBoost
93,0.38338736612111035,0.09887434350666242,0.15407140820844156,0.8912280701754386,AF,AF_mean,angle_rheology_enhanced,XGBoost
94,0.7011017339018595,0.14602211107755964,0.22076753737374577,0.8456140350877193,AF,AF_mean,angle_rheology_enhanced,XGBoost
95,0.8454233691752748,0.10319541060397497,0.12743658363146065,0.9070175438596491,AF,AF_mean,angle_rheology_enhanced,XGBoost
96,0.44756502598552694,0.15444388196372985,0.2581148823201742,0.8932330827067668,AF,AF_mean,angle_rheology_enhanced,XGBoost
97,0.702116643771402,0.11961443581631312,0.20555956607343434,0.9175438596491228,AF,AF_mean,angle_rheology_enhanced,XGBoost
98,0.7647579521994354,0.07805122639505488,0.10334154638732626,0.9315789473684211,AF,AF_mean,angle_rheology_enhanced,XGBoost
99,0.8798123981217283,0.09707022111390765,0.12385354042343716,0.9456140350877192,AF,AF_mean,angle_rheology_enhanced,XGBoost
100,0.7409587811241485,0.1023277930028815,0.1542263522832214,0.8802107034284209,AF,AF_mean,angle_rheology_enhanced,XGBoost
